Thread Start,main (1)
Method Call,caller=SYSTEM,target=Main#main:1
New Object,object=java.lang.String[]:1
Variable Write,context=Main#main:1,args=java.lang.String[]:1
New Object,object=Main:1
Method Call,caller=Main#main:1,target=Main:1#Main:1
Method Exit,returner=Main:1#Main:1,value=<void>
Method Call,caller=Main#main:1,target=Main:1#solve:1
Variable Write,context=Main:1#solve:1,sc=java.util.Scanner (id=48)
Variable Write,context=Main:1#solve:1,s=123+4X6=X79
New Object,object=char[]:1
Field Write,context=char[]:1,0=1
Field Write,context=char[]:1,1=2
Field Write,context=char[]:1,2=3
Field Write,context=char[]:1,3=+
Field Write,context=char[]:1,4=4
Field Write,context=char[]:1,5=X
Field Write,context=char[]:1,6=6
Field Write,context=char[]:1,7==
Field Write,context=char[]:1,8=X
Field Write,context=char[]:1,9=7
Field Write,context=char[]:1,10=9
Field Write,context=Main:1,in=char[]:1
Variable Write,context=Main:1#solve:1,ans=-1
Variable Write,context=Main:1#solve:1,num=0
Field Read,context=Main:1,in
Variable Write,context=Main:1#solve:1,i=0
Field Read,context=Main:1,in
Variable Write,context=Main:1#solve:1,i=1
Field Read,context=Main:1,in
Variable Write,context=Main:1#solve:1,i=2
Field Read,context=Main:1,in
Variable Write,context=Main:1#solve:1,i=3
Field Read,context=Main:1,in
Variable Write,context=Main:1#solve:1,i=4
Field Read,context=Main:1,in
Variable Write,context=Main:1#solve:1,i=5
Field Read,context=Main:1,in
Field Write,context=char[]:1,5=0
Field Read,context=Main:1,in
Variable Write,context=Main:1#solve:1,i=6
Field Read,context=Main:1,in
Variable Write,context=Main:1#solve:1,i=7
Field Read,context=Main:1,in
Variable Write,context=Main:1#solve:1,i=8
Field Read,context=Main:1,in
Field Write,context=char[]:1,8=0
Field Read,context=Main:1,in
Variable Write,context=Main:1#solve:1,i=9
Field Read,context=Main:1,in
Variable Write,context=Main:1#solve:1,i=10
Field Read,context=Main:1,in
Field Write,context=Main:1,p=0
Variable Delete,method=Main:1#solve:1 <name=i,type=int (id=7),value=<?>,index=4>
Method Call,caller=Main:1#solve:1,target=Main:1#digit:1
Variable Write,context=Main:1#digit:1,res=
Field Read,context=Main:1,p
Field Read,context=Main:1,in
Field Read,context=Main:1,in
Field Read,context=Main:1,p
Field Read,context=Main:1,in
Field Read,context=Main:1,p
Field Write,context=Main:1,p=1
Field Read,context=Main:1,p
Field Read,context=Main:1,in
Field Read,context=Main:1,in
Field Read,context=Main:1,p
Field Read,context=Main:1,in
Field Read,context=Main:1,p
Field Write,context=Main:1,p=2
Field Read,context=Main:1,p
Field Read,context=Main:1,in
Field Read,context=Main:1,in
Field Read,context=Main:1,p
Field Read,context=Main:1,in
Field Read,context=Main:1,p
Field Write,context=Main:1,p=3
Field Read,context=Main:1,p
Field Read,context=Main:1,in
Field Read,context=Main:1,in
Field Read,context=Main:1,p
Variable Write,context=Main:1#digit:1,res=123
Variable Write,context=Main:1#digit:1,result=123
Method Exit,returner=Main:1#digit:1,value=123
Variable Write,context=Main:1#solve:1,a=123
Field Read,context=Main:1,p
Field Write,context=Main:1,p=4
Method Call,caller=Main:1#solve:1,target=Main:1#digit:2
Variable Write,context=Main:1#digit:2,res=
Field Read,context=Main:1,p
Field Read,context=Main:1,in
Field Read,context=Main:1,in
Field Read,context=Main:1,p
Field Read,context=Main:1,in
Field Read,context=Main:1,p
Field Write,context=Main:1,p=5
Field Read,context=Main:1,p
Field Read,context=Main:1,in
Field Read,context=Main:1,in
Field Read,context=Main:1,p
Field Read,context=Main:1,in
Field Read,context=Main:1,p
Field Write,context=Main:1,p=6
Field Read,context=Main:1,p
Field Read,context=Main:1,in
Field Read,context=Main:1,in
Field Read,context=Main:1,p
Field Read,context=Main:1,in
Field Read,context=Main:1,p
Field Write,context=Main:1,p=7
Field Read,context=Main:1,p
Field Read,context=Main:1,in
Field Read,context=Main:1,in
Field Read,context=Main:1,p
Variable Write,context=Main:1#digit:2,res=406
Variable Write,context=Main:1#digit:2,result=406
Method Exit,returner=Main:1#digit:2,value=406
Variable Write,context=Main:1#solve:1,b=406
Field Read,context=Main:1,p
Field Write,context=Main:1,p=8
Method Call,caller=Main:1#solve:1,target=Main:1#digit:3
Variable Write,context=Main:1#digit:3,res=
Field Read,context=Main:1,p
Field Read,context=Main:1,in
Field Read,context=Main:1,in
Field Read,context=Main:1,p
Field Read,context=Main:1,in
Field Read,context=Main:1,p
Field Write,context=Main:1,p=9
Field Read,context=Main:1,p
Field Read,context=Main:1,in
Field Read,context=Main:1,in
Field Read,context=Main:1,p
Field Read,context=Main:1,in
Field Read,context=Main:1,p
Field Write,context=Main:1,p=10
Field Read,context=Main:1,p
Field Read,context=Main:1,in
Field Read,context=Main:1,in
Field Read,context=Main:1,p
Field Read,context=Main:1,in
Field Read,context=Main:1,p
Field Write,context=Main:1,p=11
Field Read,context=Main:1,p
Field Read,context=Main:1,in
Variable Write,context=Main:1#digit:3,res=079
Variable Write,context=Main:1#digit:3,result=079
Method Exit,returner=Main:1#digit:3,value=079
Variable Write,context=Main:1#solve:1,c=079
Variable Write,context=Main:1#solve:1,num=1
Variable Delete,method=Main:1#solve:1 <name=a,type=java.lang.String (id=25),value=<?>,index=5>
Variable Delete,method=Main:1#solve:1 <name=b,type=java.lang.String (id=25),value=<?>,index=6>
Variable Delete,method=Main:1#solve:1 <name=c,type=java.lang.String (id=25),value=<?>,index=7>
Field Read,context=Main:1,in
Variable Write,context=Main:1#solve:1,i=0
Field Read,context=Main:1,in
Variable Write,context=Main:1#solve:1,i=1
Field Read,context=Main:1,in
Variable Write,context=Main:1#solve:1,i=2
Field Read,context=Main:1,in
Variable Write,context=Main:1#solve:1,i=3
Field Read,context=Main:1,in
Variable Write,context=Main:1#solve:1,i=4
Field Read,context=Main:1,in
Variable Write,context=Main:1#solve:1,i=5
Field Read,context=Main:1,in
Field Write,context=char[]:1,5=1
Field Read,context=Main:1,in
Variable Write,context=Main:1#solve:1,i=6
Field Read,context=Main:1,in
Variable Write,context=Main:1#solve:1,i=7
Field Read,context=Main:1,in
Variable Write,context=Main:1#solve:1,i=8
Field Read,context=Main:1,in
Field Write,context=char[]:1,8=1
Field Read,context=Main:1,in
Variable Write,context=Main:1#solve:1,i=9
Field Read,context=Main:1,in
Variable Write,context=Main:1#solve:1,i=10
Field Read,context=Main:1,in
Field Write,context=Main:1,p=0
Variable Delete,method=Main:1#solve:1 <name=i,type=int (id=7),value=<?>,index=4>
Method Call,caller=Main:1#solve:1,target=Main:1#digit:4
Variable Write,context=Main:1#digit:4,res=
Field Read,context=Main:1,p
Field Read,context=Main:1,in
Field Read,context=Main:1,in
Field Read,context=Main:1,p
Field Read,context=Main:1,in
Field Read,context=Main:1,p
Field Write,context=Main:1,p=1
Field Read,context=Main:1,p
Field Read,context=Main:1,in
Field Read,context=Main:1,in
Field Read,context=Main:1,p
Field Read,context=Main:1,in
Field Read,context=Main:1,p
Field Write,context=Main:1,p=2
Field Read,context=Main:1,p
Field Read,context=Main:1,in
Field Read,context=Main:1,in
Field Read,context=Main:1,p
Field Read,context=Main:1,in
Field Read,context=Main:1,p
Field Write,context=Main:1,p=3
Field Read,context=Main:1,p
Field Read,context=Main:1,in
Field Read,context=Main:1,in
Field Read,context=Main:1,p
Variable Write,context=Main:1#digit:4,res=123
Variable Write,context=Main:1#digit:4,result=123
Method Exit,returner=Main:1#digit:4,value=123
Variable Write,context=Main:1#solve:1,a=123
Field Read,context=Main:1,p
Field Write,context=Main:1,p=4
Method Call,caller=Main:1#solve:1,target=Main:1#digit:5
Variable Write,context=Main:1#digit:5,res=
Field Read,context=Main:1,p
Field Read,context=Main:1,in
Field Read,context=Main:1,in
Field Read,context=Main:1,p
Field Read,context=Main:1,in
Field Read,context=Main:1,p
Field Write,context=Main:1,p=5
Field Read,context=Main:1,p
Field Read,context=Main:1,in
Field Read,context=Main:1,in
Field Read,context=Main:1,p
Field Read,context=Main:1,in
Field Read,context=Main:1,p
Field Write,context=Main:1,p=6
Field Read,context=Main:1,p
Field Read,context=Main:1,in
Field Read,context=Main:1,in
Field Read,context=Main:1,p
Field Read,context=Main:1,in
Field Read,context=Main:1,p
Field Write,context=Main:1,p=7
Field Read,context=Main:1,p
Field Read,context=Main:1,in
Field Read,context=Main:1,in
Field Read,context=Main:1,p
Variable Write,context=Main:1#digit:5,res=416
Variable Write,context=Main:1#digit:5,result=416
Method Exit,returner=Main:1#digit:5,value=416
Variable Write,context=Main:1#solve:1,b=416
Field Read,context=Main:1,p
Field Write,context=Main:1,p=8
Method Call,caller=Main:1#solve:1,target=Main:1#digit:6
Variable Write,context=Main:1#digit:6,res=
Field Read,context=Main:1,p
Field Read,context=Main:1,in
Field Read,context=Main:1,in
Field Read,context=Main:1,p
Field Read,context=Main:1,in
Field Read,context=Main:1,p
Field Write,context=Main:1,p=9
Field Read,context=Main:1,p
Field Read,context=Main:1,in
Field Read,context=Main:1,in
Field Read,context=Main:1,p
Field Read,context=Main:1,in
Field Read,context=Main:1,p
Field Write,context=Main:1,p=10
Field Read,context=Main:1,p
Field Read,context=Main:1,in
Field Read,context=Main:1,in
Field Read,context=Main:1,p
Field Read,context=Main:1,in
Field Read,context=Main:1,p
Field Write,context=Main:1,p=11
Field Read,context=Main:1,p
Field Read,context=Main:1,in
Variable Write,context=Main:1#digit:6,res=179
Variable Write,context=Main:1#digit:6,result=179
Method Exit,returner=Main:1#digit:6,value=179
Variable Write,context=Main:1#solve:1,c=179
Method Call,caller=Main:1#solve:1,target=Main:1#sum:1
Variable Write,context=Main:1#sum:1,a=123
Variable Write,context=Main:1#sum:1,b=416
Variable Write,context=Main:1#sum:1,n1=3
Variable Write,context=Main:1#sum:1,n2=3
New Object,object=java.lang.String[]:2
Field Write,context=java.lang.String[]:2,0=null
Field Write,context=java.lang.String[]:2,1=null
Field Write,context=java.lang.String[]:2,2=null
Field Write,context=java.lang.String[]:2,3=null
Variable Write,context=Main:1#sum:1,line=java.lang.String[]:2
Variable Write,context=Main:1#sum:1,line=java.lang.String[]:2
Variable Write,context=Main:1#sum:1,i=0
Variable Write,context=Main:1#sum:1,num=3
Variable Write,context=Main:1#sum:1,num2=6
Variable Write,context=Main:1#sum:1,num=9
Variable Write,context=Main:1#sum:1,line=java.lang.String[]:2
Variable Write,context=Main:1#sum:1,i=1
Variable Delete,method=Main:1#sum:1 <name=num,type=int (id=7),value=<?>,index=8>
Variable Delete,method=Main:1#sum:1 <name=num2,type=int (id=7),value=<?>,index=9>
Variable Write,context=Main:1#sum:1,num=2
Variable Write,context=Main:1#sum:1,num2=1
Variable Write,context=Main:1#sum:1,num=3
Variable Write,context=Main:1#sum:1,line=java.lang.String[]:2
Variable Write,context=Main:1#sum:1,i=2
Variable Delete,method=Main:1#sum:1 <name=num,type=int (id=7),value=<?>,index=8>
Variable Delete,method=Main:1#sum:1 <name=num2,type=int (id=7),value=<?>,index=9>
Variable Write,context=Main:1#sum:1,num=1
Variable Write,context=Main:1#sum:1,num2=4
Variable Write,context=Main:1#sum:1,num=5
Variable Write,context=Main:1#sum:1,line=java.lang.String[]:2
Variable Delete,method=Main:1#sum:1 <name=num,type=int (id=7),value=<?>,index=8>
Variable Delete,method=Main:1#sum:1 <name=num2,type=int (id=7),value=<?>,index=9>
Variable Delete,method=Main:1#sum:1 <name=i,type=int (id=7),value=<?>,index=7>
Variable Write,context=Main:1#sum:1,res=
Variable Write,context=Main:1#sum:1,i=3
Variable Write,context=Main:1#sum:1,i=2
Variable Write,context=Main:1#sum:1,res=5
Variable Write,context=Main:1#sum:1,i=1
Variable Write,context=Main:1#sum:1,res=53
Variable Write,context=Main:1#sum:1,i=0
Variable Write,context=Main:1#sum:1,res=539
Variable Write,context=Main:1#sum:1,result=539
Method Exit,returner=Main:1#sum:1,value=539
Variable Write,context=Main:1#solve:1,left=539
Variable Write,context=Main:1#solve:1,num=2
Variable Delete,method=Main:1#solve:1 <name=a,type=java.lang.String (id=25),value=<?>,index=5>
Variable Delete,method=Main:1#solve:1 <name=b,type=java.lang.String (id=25),value=<?>,index=6>
Variable Delete,method=Main:1#solve:1 <name=c,type=java.lang.String (id=25),value=<?>,index=7>
Variable Delete,method=Main:1#solve:1 <name=left,type=java.lang.String (id=25),value=<?>,index=8>
Field Read,context=Main:1,in
Variable Write,context=Main:1#solve:1,i=0
Field Read,context=Main:1,in
Variable Write,context=Main:1#solve:1,i=1
Field Read,context=Main:1,in
Variable Write,context=Main:1#solve:1,i=2
Field Read,context=Main:1,in
Variable Write,context=Main:1#solve:1,i=3
Field Read,context=Main:1,in
Variable Write,context=Main:1#solve:1,i=4
Field Read,context=Main:1,in
Variable Write,context=Main:1#solve:1,i=5
Field Read,context=Main:1,in
Field Write,context=char[]:1,5=2
Field Read,context=Main:1,in
Variable Write,context=Main:1#solve:1,i=6
Field Read,context=Main:1,in
Variable Write,context=Main:1#solve:1,i=7
Field Read,context=Main:1,in
Variable Write,context=Main:1#solve:1,i=8
Field Read,context=Main:1,in
Field Write,context=char[]:1,8=2
Field Read,context=Main:1,in
Variable Write,context=Main:1#solve:1,i=9
Field Read,context=Main:1,in
Variable Write,context=Main:1#solve:1,i=10
Field Read,context=Main:1,in
Field Write,context=Main:1,p=0
Variable Delete,method=Main:1#solve:1 <name=i,type=int (id=7),value=<?>,index=4>
Method Call,caller=Main:1#solve:1,target=Main:1#digit:7
Variable Write,context=Main:1#digit:7,res=
Field Read,context=Main:1,p
Field Read,context=Main:1,in
Field Read,context=Main:1,in
Field Read,context=Main:1,p
Field Read,context=Main:1,in
Field Read,context=Main:1,p
Field Write,context=Main:1,p=1
Field Read,context=Main:1,p
Field Read,context=Main:1,in
Field Read,context=Main:1,in
Field Read,context=Main:1,p
Field Read,context=Main:1,in
Field Read,context=Main:1,p
Field Write,context=Main:1,p=2
Field Read,context=Main:1,p
Field Read,context=Main:1,in
Field Read,context=Main:1,in
Field Read,context=Main:1,p
Field Read,context=Main:1,in
Field Read,context=Main:1,p
Field Write,context=Main:1,p=3
Field Read,context=Main:1,p
Field Read,context=Main:1,in
Field Read,context=Main:1,in
Field Read,context=Main:1,p
Variable Write,context=Main:1#digit:7,res=123
Variable Write,context=Main:1#digit:7,result=123
Method Exit,returner=Main:1#digit:7,value=123
Variable Write,context=Main:1#solve:1,a=123
Field Read,context=Main:1,p
Field Write,context=Main:1,p=4
Method Call,caller=Main:1#solve:1,target=Main:1#digit:8
Variable Write,context=Main:1#digit:8,res=
Field Read,context=Main:1,p
Field Read,context=Main:1,in
Field Read,context=Main:1,in
Field Read,context=Main:1,p
Field Read,context=Main:1,in
Field Read,context=Main:1,p
Field Write,context=Main:1,p=5
Field Read,context=Main:1,p
Field Read,context=Main:1,in
Field Read,context=Main:1,in
Field Read,context=Main:1,p
Field Read,context=Main:1,in
Field Read,context=Main:1,p
Field Write,context=Main:1,p=6
Field Read,context=Main:1,p
Field Read,context=Main:1,in
Field Read,context=Main:1,in
Field Read,context=Main:1,p
Field Read,context=Main:1,in
Field Read,context=Main:1,p
Field Write,context=Main:1,p=7
Field Read,context=Main:1,p
Field Read,context=Main:1,in
Field Read,context=Main:1,in
Field Read,context=Main:1,p
Variable Write,context=Main:1#digit:8,res=426
Variable Write,context=Main:1#digit:8,result=426
Method Exit,returner=Main:1#digit:8,value=426
Variable Write,context=Main:1#solve:1,b=426
Field Read,context=Main:1,p
Field Write,context=Main:1,p=8
Method Call,caller=Main:1#solve:1,target=Main:1#digit:9
Variable Write,context=Main:1#digit:9,res=
Field Read,context=Main:1,p
Field Read,context=Main:1,in
Field Read,context=Main:1,in
Field Read,context=Main:1,p
Field Read,context=Main:1,in
Field Read,context=Main:1,p
Field Write,context=Main:1,p=9
Field Read,context=Main:1,p
Field Read,context=Main:1,in
Field Read,context=Main:1,in
Field Read,context=Main:1,p
Field Read,context=Main:1,in
Field Read,context=Main:1,p
Field Write,context=Main:1,p=10
Field Read,context=Main:1,p
Field Read,context=Main:1,in
Field Read,context=Main:1,in
Field Read,context=Main:1,p
Field Read,context=Main:1,in
Field Read,context=Main:1,p
Field Write,context=Main:1,p=11
Field Read,context=Main:1,p
Field Read,context=Main:1,in
Variable Write,context=Main:1#digit:9,res=279
Variable Write,context=Main:1#digit:9,result=279
Method Exit,returner=Main:1#digit:9,value=279
Variable Write,context=Main:1#solve:1,c=279
Method Call,caller=Main:1#solve:1,target=Main:1#sum:2
Variable Write,context=Main:1#sum:2,a=123
Variable Write,context=Main:1#sum:2,b=426
Variable Write,context=Main:1#sum:2,n1=3
Variable Write,context=Main:1#sum:2,n2=3
New Object,object=java.lang.String[]:3
Field Write,context=java.lang.String[]:3,0=null
Field Write,context=java.lang.String[]:3,1=null
Field Write,context=java.lang.String[]:3,2=null
Field Write,context=java.lang.String[]:3,3=null
Variable Write,context=Main:1#sum:2,line=java.lang.String[]:3
Variable Write,context=Main:1#sum:2,line=java.lang.String[]:3
Variable Write,context=Main:1#sum:2,i=0
Variable Write,context=Main:1#sum:2,num=3
Variable Write,context=Main:1#sum:2,num2=6
Variable Write,context=Main:1#sum:2,num=9
Variable Write,context=Main:1#sum:2,line=java.lang.String[]:3
Variable Write,context=Main:1#sum:2,i=1
Variable Delete,method=Main:1#sum:2 <name=num,type=int (id=7),value=<?>,index=8>
Variable Delete,method=Main:1#sum:2 <name=num2,type=int (id=7),value=<?>,index=9>
Variable Write,context=Main:1#sum:2,num=2
Variable Write,context=Main:1#sum:2,num2=2
Variable Write,context=Main:1#sum:2,num=4
Variable Write,context=Main:1#sum:2,line=java.lang.String[]:3
Variable Write,context=Main:1#sum:2,i=2
Variable Delete,method=Main:1#sum:2 <name=num,type=int (id=7),value=<?>,index=8>
Variable Delete,method=Main:1#sum:2 <name=num2,type=int (id=7),value=<?>,index=9>
Variable Write,context=Main:1#sum:2,num=1
Variable Write,context=Main:1#sum:2,num2=4
Variable Write,context=Main:1#sum:2,num=5
Variable Write,context=Main:1#sum:2,line=java.lang.String[]:3
Variable Delete,method=Main:1#sum:2 <name=num,type=int (id=7),value=<?>,index=8>
Variable Delete,method=Main:1#sum:2 <name=num2,type=int (id=7),value=<?>,index=9>
Variable Delete,method=Main:1#sum:2 <name=i,type=int (id=7),value=<?>,index=7>
Variable Write,context=Main:1#sum:2,res=
Variable Write,context=Main:1#sum:2,i=3
Variable Write,context=Main:1#sum:2,i=2
Variable Write,context=Main:1#sum:2,res=5
Variable Write,context=Main:1#sum:2,i=1
Variable Write,context=Main:1#sum:2,res=54
Variable Write,context=Main:1#sum:2,i=0
Variable Write,context=Main:1#sum:2,res=549
Variable Write,context=Main:1#sum:2,result=549
Method Exit,returner=Main:1#sum:2,value=549
Variable Write,context=Main:1#solve:1,left=549
Variable Write,context=Main:1#solve:1,num=3
Variable Delete,method=Main:1#solve:1 <name=a,type=java.lang.String (id=25),value=<?>,index=5>
Variable Delete,method=Main:1#solve:1 <name=b,type=java.lang.String (id=25),value=<?>,index=6>
Variable Delete,method=Main:1#solve:1 <name=c,type=java.lang.String (id=25),value=<?>,index=7>
Variable Delete,method=Main:1#solve:1 <name=left,type=java.lang.String (id=25),value=<?>,index=8>
Field Read,context=Main:1,in
Variable Write,context=Main:1#solve:1,i=0
Field Read,context=Main:1,in
Variable Write,context=Main:1#solve:1,i=1
Field Read,context=Main:1,in
Variable Write,context=Main:1#solve:1,i=2
Field Read,context=Main:1,in
Variable Write,context=Main:1#solve:1,i=3
Field Read,context=Main:1,in
Variable Write,context=Main:1#solve:1,i=4
Field Read,context=Main:1,in
Variable Write,context=Main:1#solve:1,i=5
Field Read,context=Main:1,in
Field Write,context=char[]:1,5=3
Field Read,context=Main:1,in
Variable Write,context=Main:1#solve:1,i=6
Field Read,context=Main:1,in
Variable Write,context=Main:1#solve:1,i=7
Field Read,context=Main:1,in
Variable Write,context=Main:1#solve:1,i=8
Field Read,context=Main:1,in
Field Write,context=char[]:1,8=3
Field Read,context=Main:1,in
Variable Write,context=Main:1#solve:1,i=9
Field Read,context=Main:1,in
Variable Write,context=Main:1#solve:1,i=10
Field Read,context=Main:1,in
Field Write,context=Main:1,p=0
Variable Delete,method=Main:1#solve:1 <name=i,type=int (id=7),value=<?>,index=4>
Method Call,caller=Main:1#solve:1,target=Main:1#digit:10
Variable Write,context=Main:1#digit:10,res=
Field Read,context=Main:1,p
Field Read,context=Main:1,in
Field Read,context=Main:1,in
Field Read,context=Main:1,p
Field Read,context=Main:1,in
Field Read,context=Main:1,p
Field Write,context=Main:1,p=1
Field Read,context=Main:1,p
Field Read,context=Main:1,in
Field Read,context=Main:1,in
Field Read,context=Main:1,p
Field Read,context=Main:1,in
Field Read,context=Main:1,p
Field Write,context=Main:1,p=2
Field Read,context=Main:1,p
Field Read,context=Main:1,in
Field Read,context=Main:1,in
Field Read,context=Main:1,p
Field Read,context=Main:1,in
Field Read,context=Main:1,p
Field Write,context=Main:1,p=3
Field Read,context=Main:1,p
Field Read,context=Main:1,in
Field Read,context=Main:1,in
Field Read,context=Main:1,p
Variable Write,context=Main:1#digit:10,res=123
Variable Write,context=Main:1#digit:10,result=123
Method Exit,returner=Main:1#digit:10,value=123
Variable Write,context=Main:1#solve:1,a=123
Field Read,context=Main:1,p
Field Write,context=Main:1,p=4
Method Call,caller=Main:1#solve:1,target=Main:1#digit:11
Variable Write,context=Main:1#digit:11,res=
Field Read,context=Main:1,p
Field Read,context=Main:1,in
Field Read,context=Main:1,in
Field Read,context=Main:1,p
Field Read,context=Main:1,in
Field Read,context=Main:1,p
Field Write,context=Main:1,p=5
Field Read,context=Main:1,p
Field Read,context=Main:1,in
Field Read,context=Main:1,in
Field Read,context=Main:1,p
Field Read,context=Main:1,in
Field Read,context=Main:1,p
Field Write,context=Main:1,p=6
Field Read,context=Main:1,p
Field Read,context=Main:1,in
Field Read,context=Main:1,in
Field Read,context=Main:1,p
Field Read,context=Main:1,in
Field Read,context=Main:1,p
Field Write,context=Main:1,p=7
Field Read,context=Main:1,p
Field Read,context=Main:1,in
Field Read,context=Main:1,in
Field Read,context=Main:1,p
Variable Write,context=Main:1#digit:11,res=436
Variable Write,context=Main:1#digit:11,result=436
Method Exit,returner=Main:1#digit:11,value=436
Variable Write,context=Main:1#solve:1,b=436
Field Read,context=Main:1,p
Field Write,context=Main:1,p=8
Method Call,caller=Main:1#solve:1,target=Main:1#digit:12
Variable Write,context=Main:1#digit:12,res=
Field Read,context=Main:1,p
Field Read,context=Main:1,in
Field Read,context=Main:1,in
Field Read,context=Main:1,p
Field Read,context=Main:1,in
Field Read,context=Main:1,p
Field Write,context=Main:1,p=9
Field Read,context=Main:1,p
Field Read,context=Main:1,in
Field Read,context=Main:1,in
Field Read,context=Main:1,p
Field Read,context=Main:1,in
Field Read,context=Main:1,p
Field Write,context=Main:1,p=10
Field Read,context=Main:1,p
Field Read,context=Main:1,in
Field Read,context=Main:1,in
Field Read,context=Main:1,p
Field Read,context=Main:1,in
Field Read,context=Main:1,p
Field Write,context=Main:1,p=11
Field Read,context=Main:1,p
Field Read,context=Main:1,in
Variable Write,context=Main:1#digit:12,res=379
Variable Write,context=Main:1#digit:12,result=379
Method Exit,returner=Main:1#digit:12,value=379
Variable Write,context=Main:1#solve:1,c=379
Method Call,caller=Main:1#solve:1,target=Main:1#sum:3
Variable Write,context=Main:1#sum:3,a=123
Variable Write,context=Main:1#sum:3,b=436
Variable Write,context=Main:1#sum:3,n1=3
Variable Write,context=Main:1#sum:3,n2=3
New Object,object=java.lang.String[]:4
Field Write,context=java.lang.String[]:4,0=null
Field Write,context=java.lang.String[]:4,1=null
Field Write,context=java.lang.String[]:4,2=null
Field Write,context=java.lang.String[]:4,3=null
Variable Write,context=Main:1#sum:3,line=java.lang.String[]:4
Variable Write,context=Main:1#sum:3,line=java.lang.String[]:4
Variable Write,context=Main:1#sum:3,i=0
Variable Write,context=Main:1#sum:3,num=3
Variable Write,context=Main:1#sum:3,num2=6
Variable Write,context=Main:1#sum:3,num=9
Variable Write,context=Main:1#sum:3,line=java.lang.String[]:4
Variable Write,context=Main:1#sum:3,i=1
Variable Delete,method=Main:1#sum:3 <name=num,type=int (id=7),value=<?>,index=8>
Variable Delete,method=Main:1#sum:3 <name=num2,type=int (id=7),value=<?>,index=9>
Variable Write,context=Main:1#sum:3,num=2
Variable Write,context=Main:1#sum:3,num2=3
Variable Write,context=Main:1#sum:3,num=5
Variable Write,context=Main:1#sum:3,line=java.lang.String[]:4
Variable Write,context=Main:1#sum:3,i=2
Variable Delete,method=Main:1#sum:3 <name=num,type=int (id=7),value=<?>,index=8>
Variable Delete,method=Main:1#sum:3 <name=num2,type=int (id=7),value=<?>,index=9>
Variable Write,context=Main:1#sum:3,num=1
Variable Write,context=Main:1#sum:3,num2=4
Variable Write,context=Main:1#sum:3,num=5
Variable Write,context=Main:1#sum:3,line=java.lang.String[]:4
Variable Delete,method=Main:1#sum:3 <name=num,type=int (id=7),value=<?>,index=8>
Variable Delete,method=Main:1#sum:3 <name=num2,type=int (id=7),value=<?>,index=9>
Variable Delete,method=Main:1#sum:3 <name=i,type=int (id=7),value=<?>,index=7>
Variable Write,context=Main:1#sum:3,res=
Variable Write,context=Main:1#sum:3,i=3
Variable Write,context=Main:1#sum:3,i=2
Variable Write,context=Main:1#sum:3,res=5
Variable Write,context=Main:1#sum:3,i=1
Variable Write,context=Main:1#sum:3,res=55
Variable Write,context=Main:1#sum:3,i=0
Variable Write,context=Main:1#sum:3,res=559
Variable Write,context=Main:1#sum:3,result=559
Method Exit,returner=Main:1#sum:3,value=559
Variable Write,context=Main:1#solve:1,left=559
Variable Write,context=Main:1#solve:1,num=4
Variable Delete,method=Main:1#solve:1 <name=a,type=java.lang.String (id=25),value=<?>,index=5>
Variable Delete,method=Main:1#solve:1 <name=b,type=java.lang.String (id=25),value=<?>,index=6>
Variable Delete,method=Main:1#solve:1 <name=c,type=java.lang.String (id=25),value=<?>,index=7>
Variable Delete,method=Main:1#solve:1 <name=left,type=java.lang.String (id=25),value=<?>,index=8>
Field Read,context=Main:1,in
Variable Write,context=Main:1#solve:1,i=0
Field Read,context=Main:1,in
Variable Write,context=Main:1#solve:1,i=1
Field Read,context=Main:1,in
Variable Write,context=Main:1#solve:1,i=2
Field Read,context=Main:1,in
Variable Write,context=Main:1#solve:1,i=3
Field Read,context=Main:1,in
Variable Write,context=Main:1#solve:1,i=4
Field Read,context=Main:1,in
Variable Write,context=Main:1#solve:1,i=5
Field Read,context=Main:1,in
Field Write,context=char[]:1,5=4
Field Read,context=Main:1,in
Variable Write,context=Main:1#solve:1,i=6
Field Read,context=Main:1,in
Variable Write,context=Main:1#solve:1,i=7
Field Read,context=Main:1,in
Variable Write,context=Main:1#solve:1,i=8
Field Read,context=Main:1,in
Field Write,context=char[]:1,8=4
Field Read,context=Main:1,in
Variable Write,context=Main:1#solve:1,i=9
Field Read,context=Main:1,in
Variable Write,context=Main:1#solve:1,i=10
Field Read,context=Main:1,in
Field Write,context=Main:1,p=0
Variable Delete,method=Main:1#solve:1 <name=i,type=int (id=7),value=<?>,index=4>
Method Call,caller=Main:1#solve:1,target=Main:1#digit:13
Variable Write,context=Main:1#digit:13,res=
Field Read,context=Main:1,p
Field Read,context=Main:1,in
Field Read,context=Main:1,in
Field Read,context=Main:1,p
Field Read,context=Main:1,in
Field Read,context=Main:1,p
Field Write,context=Main:1,p=1
Field Read,context=Main:1,p
Field Read,context=Main:1,in
Field Read,context=Main:1,in
Field Read,context=Main:1,p
Field Read,context=Main:1,in
Field Read,context=Main:1,p
Field Write,context=Main:1,p=2
Field Read,context=Main:1,p
Field Read,context=Main:1,in
Field Read,context=Main:1,in
Field Read,context=Main:1,p
Field Read,context=Main:1,in
Field Read,context=Main:1,p
Field Write,context=Main:1,p=3
Field Read,context=Main:1,p
Field Read,context=Main:1,in
Field Read,context=Main:1,in
Field Read,context=Main:1,p
Variable Write,context=Main:1#digit:13,res=123
Variable Write,context=Main:1#digit:13,result=123
Method Exit,returner=Main:1#digit:13,value=123
Variable Write,context=Main:1#solve:1,a=123
Field Read,context=Main:1,p
Field Write,context=Main:1,p=4
Method Call,caller=Main:1#solve:1,target=Main:1#digit:14
Variable Write,context=Main:1#digit:14,res=
Field Read,context=Main:1,p
Field Read,context=Main:1,in
Field Read,context=Main:1,in
Field Read,context=Main:1,p
Field Read,context=Main:1,in
Field Read,context=Main:1,p
Field Write,context=Main:1,p=5
Field Read,context=Main:1,p
Field Read,context=Main:1,in
Field Read,context=Main:1,in
Field Read,context=Main:1,p
Field Read,context=Main:1,in
Field Read,context=Main:1,p
Field Write,context=Main:1,p=6
Field Read,context=Main:1,p
Field Read,context=Main:1,in
Field Read,context=Main:1,in
Field Read,context=Main:1,p
Field Read,context=Main:1,in
Field Read,context=Main:1,p
Field Write,context=Main:1,p=7
Field Read,context=Main:1,p
Field Read,context=Main:1,in
Field Read,context=Main:1,in
Field Read,context=Main:1,p
Variable Write,context=Main:1#digit:14,res=446
Variable Write,context=Main:1#digit:14,result=446
Method Exit,returner=Main:1#digit:14,value=446
Variable Write,context=Main:1#solve:1,b=446
Field Read,context=Main:1,p
Field Write,context=Main:1,p=8
Method Call,caller=Main:1#solve:1,target=Main:1#digit:15
Variable Write,context=Main:1#digit:15,res=
Field Read,context=Main:1,p
Field Read,context=Main:1,in
Field Read,context=Main:1,in
Field Read,context=Main:1,p
Field Read,context=Main:1,in
Field Read,context=Main:1,p
Field Write,context=Main:1,p=9
Field Read,context=Main:1,p
Field Read,context=Main:1,in
Field Read,context=Main:1,in
Field Read,context=Main:1,p
Field Read,context=Main:1,in
Field Read,context=Main:1,p
Field Write,context=Main:1,p=10
Field Read,context=Main:1,p
Field Read,context=Main:1,in
Field Read,context=Main:1,in
Field Read,context=Main:1,p
Field Read,context=Main:1,in
Field Read,context=Main:1,p
Field Write,context=Main:1,p=11
Field Read,context=Main:1,p
Field Read,context=Main:1,in
Variable Write,context=Main:1#digit:15,res=479
Variable Write,context=Main:1#digit:15,result=479
Method Exit,returner=Main:1#digit:15,value=479
Variable Write,context=Main:1#solve:1,c=479
Method Call,caller=Main:1#solve:1,target=Main:1#sum:4
Variable Write,context=Main:1#sum:4,a=123
Variable Write,context=Main:1#sum:4,b=446
Variable Write,context=Main:1#sum:4,n1=3
Variable Write,context=Main:1#sum:4,n2=3
New Object,object=java.lang.String[]:5
Field Write,context=java.lang.String[]:5,0=null
Field Write,context=java.lang.String[]:5,1=null
Field Write,context=java.lang.String[]:5,2=null
Field Write,context=java.lang.String[]:5,3=null
Variable Write,context=Main:1#sum:4,line=java.lang.String[]:5
Variable Write,context=Main:1#sum:4,line=java.lang.String[]:5
Variable Write,context=Main:1#sum:4,i=0
Variable Write,context=Main:1#sum:4,num=3
Variable Write,context=Main:1#sum:4,num2=6
Variable Write,context=Main:1#sum:4,num=9
Variable Write,context=Main:1#sum:4,line=java.lang.String[]:5
Variable Write,context=Main:1#sum:4,i=1
Variable Delete,method=Main:1#sum:4 <name=num,type=int (id=7),value=<?>,index=8>
Variable Delete,method=Main:1#sum:4 <name=num2,type=int (id=7),value=<?>,index=9>
Variable Write,context=Main:1#sum:4,num=2
Variable Write,context=Main:1#sum:4,num2=4
Variable Write,context=Main:1#sum:4,num=6
Variable Write,context=Main:1#sum:4,line=java.lang.String[]:5
Variable Write,context=Main:1#sum:4,i=2
Variable Delete,method=Main:1#sum:4 <name=num,type=int (id=7),value=<?>,index=8>
Variable Delete,method=Main:1#sum:4 <name=num2,type=int (id=7),value=<?>,index=9>
Variable Write,context=Main:1#sum:4,num=1
Variable Write,context=Main:1#sum:4,num2=4
Variable Write,context=Main:1#sum:4,num=5
Variable Write,context=Main:1#sum:4,line=java.lang.String[]:5
Variable Delete,method=Main:1#sum:4 <name=num,type=int (id=7),value=<?>,index=8>
Variable Delete,method=Main:1#sum:4 <name=num2,type=int (id=7),value=<?>,index=9>
Variable Delete,method=Main:1#sum:4 <name=i,type=int (id=7),value=<?>,index=7>
Variable Write,context=Main:1#sum:4,res=
Variable Write,context=Main:1#sum:4,i=3
Variable Write,context=Main:1#sum:4,i=2
Variable Write,context=Main:1#sum:4,res=5
Variable Write,context=Main:1#sum:4,i=1
Variable Write,context=Main:1#sum:4,res=56
Variable Write,context=Main:1#sum:4,i=0
Variable Write,context=Main:1#sum:4,res=569
Variable Write,context=Main:1#sum:4,result=569
Method Exit,returner=Main:1#sum:4,value=569
Variable Write,context=Main:1#solve:1,left=569
Variable Write,context=Main:1#solve:1,num=5
Variable Delete,method=Main:1#solve:1 <name=a,type=java.lang.String (id=25),value=<?>,index=5>
Variable Delete,method=Main:1#solve:1 <name=b,type=java.lang.String (id=25),value=<?>,index=6>
Variable Delete,method=Main:1#solve:1 <name=c,type=java.lang.String (id=25),value=<?>,index=7>
Variable Delete,method=Main:1#solve:1 <name=left,type=java.lang.String (id=25),value=<?>,index=8>
Field Read,context=Main:1,in
Variable Write,context=Main:1#solve:1,i=0
Field Read,context=Main:1,in
Variable Write,context=Main:1#solve:1,i=1
Field Read,context=Main:1,in
Variable Write,context=Main:1#solve:1,i=2
Field Read,context=Main:1,in
Variable Write,context=Main:1#solve:1,i=3
Field Read,context=Main:1,in
Variable Write,context=Main:1#solve:1,i=4
Field Read,context=Main:1,in
Variable Write,context=Main:1#solve:1,i=5
Field Read,context=Main:1,in
Field Write,context=char[]:1,5=5
Field Read,context=Main:1,in
Variable Write,context=Main:1#solve:1,i=6
Field Read,context=Main:1,in
Variable Write,context=Main:1#solve:1,i=7
Field Read,context=Main:1,in
Variable Write,context=Main:1#solve:1,i=8
Field Read,context=Main:1,in
Field Write,context=char[]:1,8=5
Field Read,context=Main:1,in
Variable Write,context=Main:1#solve:1,i=9
Field Read,context=Main:1,in
Variable Write,context=Main:1#solve:1,i=10
Field Read,context=Main:1,in
Field Write,context=Main:1,p=0
Variable Delete,method=Main:1#solve:1 <name=i,type=int (id=7),value=<?>,index=4>
Method Call,caller=Main:1#solve:1,target=Main:1#digit:16
Variable Write,context=Main:1#digit:16,res=
Field Read,context=Main:1,p
Field Read,context=Main:1,in
Field Read,context=Main:1,in
Field Read,context=Main:1,p
Field Read,context=Main:1,in
Field Read,context=Main:1,p
Field Write,context=Main:1,p=1
Field Read,context=Main:1,p
Field Read,context=Main:1,in
Field Read,context=Main:1,in
Field Read,context=Main:1,p
Field Read,context=Main:1,in
Field Read,context=Main:1,p
Field Write,context=Main:1,p=2
Field Read,context=Main:1,p
Field Read,context=Main:1,in
Field Read,context=Main:1,in
Field Read,context=Main:1,p
Field Read,context=Main:1,in
Field Read,context=Main:1,p
Field Write,context=Main:1,p=3
Field Read,context=Main:1,p
Field Read,context=Main:1,in
Field Read,context=Main:1,in
Field Read,context=Main:1,p
Variable Write,context=Main:1#digit:16,res=123
Variable Write,context=Main:1#digit:16,result=123
Method Exit,returner=Main:1#digit:16,value=123
Variable Write,context=Main:1#solve:1,a=123
Field Read,context=Main:1,p
Field Write,context=Main:1,p=4
Method Call,caller=Main:1#solve:1,target=Main:1#digit:17
Variable Write,context=Main:1#digit:17,res=
Field Read,context=Main:1,p
Field Read,context=Main:1,in
Field Read,context=Main:1,in
Field Read,context=Main:1,p
Field Read,context=Main:1,in
Field Read,context=Main:1,p
Field Write,context=Main:1,p=5
Field Read,context=Main:1,p
Field Read,context=Main:1,in
Field Read,context=Main:1,in
Field Read,context=Main:1,p
Field Read,context=Main:1,in
Field Read,context=Main:1,p
Field Write,context=Main:1,p=6
Field Read,context=Main:1,p
Field Read,context=Main:1,in
Field Read,context=Main:1,in
Field Read,context=Main:1,p
Field Read,context=Main:1,in
Field Read,context=Main:1,p
Field Write,context=Main:1,p=7
Field Read,context=Main:1,p
Field Read,context=Main:1,in
Field Read,context=Main:1,in
Field Read,context=Main:1,p
Variable Write,context=Main:1#digit:17,res=456
Variable Write,context=Main:1#digit:17,result=456
Method Exit,returner=Main:1#digit:17,value=456
Variable Write,context=Main:1#solve:1,b=456
Field Read,context=Main:1,p
Field Write,context=Main:1,p=8
Method Call,caller=Main:1#solve:1,target=Main:1#digit:18
Variable Write,context=Main:1#digit:18,res=
Field Read,context=Main:1,p
Field Read,context=Main:1,in
Field Read,context=Main:1,in
Field Read,context=Main:1,p
Field Read,context=Main:1,in
Field Read,context=Main:1,p
Field Write,context=Main:1,p=9
Field Read,context=Main:1,p
Field Read,context=Main:1,in
Field Read,context=Main:1,in
Field Read,context=Main:1,p
Field Read,context=Main:1,in
Field Read,context=Main:1,p
Field Write,context=Main:1,p=10
Field Read,context=Main:1,p
Field Read,context=Main:1,in
Field Read,context=Main:1,in
Field Read,context=Main:1,p
Field Read,context=Main:1,in
Field Read,context=Main:1,p
Field Write,context=Main:1,p=11
Field Read,context=Main:1,p
Field Read,context=Main:1,in
Variable Write,context=Main:1#digit:18,res=579
Variable Write,context=Main:1#digit:18,result=579
Method Exit,returner=Main:1#digit:18,value=579
Variable Write,context=Main:1#solve:1,c=579
Method Call,caller=Main:1#solve:1,target=Main:1#sum:5
Variable Write,context=Main:1#sum:5,a=123
Variable Write,context=Main:1#sum:5,b=456
Variable Write,context=Main:1#sum:5,n1=3
Variable Write,context=Main:1#sum:5,n2=3
New Object,object=java.lang.String[]:6
Field Write,context=java.lang.String[]:6,0=null
Field Write,context=java.lang.String[]:6,1=null
Field Write,context=java.lang.String[]:6,2=null
Field Write,context=java.lang.String[]:6,3=null
Variable Write,context=Main:1#sum:5,line=java.lang.String[]:6
Variable Write,context=Main:1#sum:5,line=java.lang.String[]:6
Variable Write,context=Main:1#sum:5,i=0
Variable Write,context=Main:1#sum:5,num=3
Variable Write,context=Main:1#sum:5,num2=6
Variable Write,context=Main:1#sum:5,num=9
Variable Write,context=Main:1#sum:5,line=java.lang.String[]:6
Variable Write,context=Main:1#sum:5,i=1
Variable Delete,method=Main:1#sum:5 <name=num,type=int (id=7),value=<?>,index=8>
Variable Delete,method=Main:1#sum:5 <name=num2,type=int (id=7),value=<?>,index=9>
Variable Write,context=Main:1#sum:5,num=2
Variable Write,context=Main:1#sum:5,num2=5
Variable Write,context=Main:1#sum:5,num=7
Variable Write,context=Main:1#sum:5,line=java.lang.String[]:6
Variable Write,context=Main:1#sum:5,i=2
Variable Delete,method=Main:1#sum:5 <name=num,type=int (id=7),value=<?>,index=8>
Variable Delete,method=Main:1#sum:5 <name=num2,type=int (id=7),value=<?>,index=9>
Variable Write,context=Main:1#sum:5,num=1
Variable Write,context=Main:1#sum:5,num2=4
Variable Write,context=Main:1#sum:5,num=5
Variable Write,context=Main:1#sum:5,line=java.lang.String[]:6
Variable Delete,method=Main:1#sum:5 <name=num,type=int (id=7),value=<?>,index=8>
Variable Delete,method=Main:1#sum:5 <name=num2,type=int (id=7),value=<?>,index=9>
Variable Delete,method=Main:1#sum:5 <name=i,type=int (id=7),value=<?>,index=7>
Variable Write,context=Main:1#sum:5,res=
Variable Write,context=Main:1#sum:5,i=3
Variable Write,context=Main:1#sum:5,i=2
Variable Write,context=Main:1#sum:5,res=5
Variable Write,context=Main:1#sum:5,i=1
Variable Write,context=Main:1#sum:5,res=57
Variable Write,context=Main:1#sum:5,i=0
Variable Write,context=Main:1#sum:5,res=579
Variable Write,context=Main:1#sum:5,result=579
Method Exit,returner=Main:1#sum:5,value=579
Variable Write,context=Main:1#solve:1,left=579
Variable Write,context=Main:1#solve:1,ans=5
Variable Delete,method=Main:1#solve:1 <name=num,type=int (id=7),value=<?>,index=3>
Variable Delete,method=Main:1#solve:1 <name=a,type=java.lang.String (id=25),value=<?>,index=5>
Variable Delete,method=Main:1#solve:1 <name=b,type=java.lang.String (id=25),value=<?>,index=6>
Variable Delete,method=Main:1#solve:1 <name=c,type=java.lang.String (id=25),value=<?>,index=7>
Variable Delete,method=Main:1#solve:1 <name=left,type=java.lang.String (id=25),value=<?>,index=8>
Variable Delete,method=Main:1#solve:1 <name=s,type=java.lang.String (id=25),value=XX22+89=X2XX,index=1>
Variable Delete,method=Main:1#solve:1 <name=ans,type=int (id=7),value=1,index=2>
Variable Write,context=Main:1#solve:1,s=12X+4X6=X79
New Object,object=char[]:2
Field Write,context=char[]:2,0=1
Field Write,context=char[]:2,1=2
Field Write,context=char[]:2,2=X
Field Write,context=char[]:2,3=+
Field Write,context=char[]:2,4=4
Field Write,context=char[]:2,5=X
Field Write,context=char[]:2,6=6
Field Write,context=char[]:2,7==
Field Write,context=char[]:2,8=X
Field Write,context=char[]:2,9=7
Field Write,context=char[]:2,10=9
Field Write,context=Main:1,in=char[]:2
Variable Write,context=Main:1#solve:1,ans=-1
Variable Write,context=Main:1#solve:1,num=0
Field Read,context=Main:1,in
Variable Write,context=Main:1#solve:1,i=0
Field Read,context=Main:1,in
Variable Write,context=Main:1#solve:1,i=1
Field Read,context=Main:1,in
Variable Write,context=Main:1#solve:1,i=2
Field Read,context=Main:1,in
Field Write,context=char[]:2,2=0
Field Read,context=Main:1,in
Variable Write,context=Main:1#solve:1,i=3
Field Read,context=Main:1,in
Variable Write,context=Main:1#solve:1,i=4
Field Read,context=Main:1,in
Variable Write,context=Main:1#solve:1,i=5
Field Read,context=Main:1,in
Field Write,context=char[]:2,5=0
Field Read,context=Main:1,in
Variable Write,context=Main:1#solve:1,i=6
Field Read,context=Main:1,in
Variable Write,context=Main:1#solve:1,i=7
Field Read,context=Main:1,in
Variable Write,context=Main:1#solve:1,i=8
Field Read,context=Main:1,in
Field Write,context=char[]:2,8=0
Field Read,context=Main:1,in
Variable Write,context=Main:1#solve:1,i=9
Field Read,context=Main:1,in
Variable Write,context=Main:1#solve:1,i=10
Field Read,context=Main:1,in
Field Write,context=Main:1,p=0
Variable Delete,method=Main:1#solve:1 <name=i,type=int (id=7),value=<?>,index=4>
Method Call,caller=Main:1#solve:1,target=Main:1#digit:19
Variable Write,context=Main:1#digit:19,res=
Field Read,context=Main:1,p
Field Read,context=Main:1,in
Field Read,context=Main:1,in
Field Read,context=Main:1,p
Field Read,context=Main:1,in
Field Read,context=Main:1,p
Field Write,context=Main:1,p=1
Field Read,context=Main:1,p
Field Read,context=Main:1,in
Field Read,context=Main:1,in
Field Read,context=Main:1,p
Field Read,context=Main:1,in
Field Read,context=Main:1,p
Field Write,context=Main:1,p=2
Field Read,context=Main:1,p
Field Read,context=Main:1,in
Field Read,context=Main:1,in
Field Read,context=Main:1,p
Field Read,context=Main:1,in
Field Read,context=Main:1,p
Field Write,context=Main:1,p=3
Field Read,context=Main:1,p
Field Read,context=Main:1,in
Field Read,context=Main:1,in
Field Read,context=Main:1,p
Variable Write,context=Main:1#digit:19,res=120
Variable Write,context=Main:1#digit:19,result=120
Method Exit,returner=Main:1#digit:19,value=120
Variable Write,context=Main:1#solve:1,a=120
Field Read,context=Main:1,p
Field Write,context=Main:1,p=4
Method Call,caller=Main:1#solve:1,target=Main:1#digit:20
Variable Write,context=Main:1#digit:20,res=
Field Read,context=Main:1,p
Field Read,context=Main:1,in
Field Read,context=Main:1,in
Field Read,context=Main:1,p
Field Read,context=Main:1,in
Field Read,context=Main:1,p
Field Write,context=Main:1,p=5
Field Read,context=Main:1,p
Field Read,context=Main:1,in
Field Read,context=Main:1,in
Field Read,context=Main:1,p
Field Read,context=Main:1,in
Field Read,context=Main:1,p
Field Write,context=Main:1,p=6
Field Read,context=Main:1,p
Field Read,context=Main:1,in
Field Read,context=Main:1,in
Field Read,context=Main:1,p
Field Read,context=Main:1,in
Field Read,context=Main:1,p
Field Write,context=Main:1,p=7
Field Read,context=Main:1,p
Field Read,context=Main:1,in
Field Read,context=Main:1,in
Field Read,context=Main:1,p
Variable Write,context=Main:1#digit:20,res=406
Variable Write,context=Main:1#digit:20,result=406
Method Exit,returner=Main:1#digit:20,value=406
Variable Write,context=Main:1#solve:1,b=406
Field Read,context=Main:1,p
Field Write,context=Main:1,p=8
Method Call,caller=Main:1#solve:1,target=Main:1#digit:21
Variable Write,context=Main:1#digit:21,res=
Field Read,context=Main:1,p
Field Read,context=Main:1,in
Field Read,context=Main:1,in
Field Read,context=Main:1,p
Field Read,context=Main:1,in
Field Read,context=Main:1,p
Field Write,context=Main:1,p=9
Field Read,context=Main:1,p
Field Read,context=Main:1,in
Field Read,context=Main:1,in
Field Read,context=Main:1,p
Field Read,context=Main:1,in
Field Read,context=Main:1,p
Field Write,context=Main:1,p=10
Field Read,context=Main:1,p
Field Read,context=Main:1,in
Field Read,context=Main:1,in
Field Read,context=Main:1,p
Field Read,context=Main:1,in
Field Read,context=Main:1,p
Field Write,context=Main:1,p=11
Field Read,context=Main:1,p
Field Read,context=Main:1,in
Variable Write,context=Main:1#digit:21,res=079
Variable Write,context=Main:1#digit:21,result=079
Method Exit,returner=Main:1#digit:21,value=079
Variable Write,context=Main:1#solve:1,c=079
Variable Write,context=Main:1#solve:1,num=1
Variable Delete,method=Main:1#solve:1 <name=a,type=java.lang.String (id=25),value=<?>,index=5>
Variable Delete,method=Main:1#solve:1 <name=b,type=java.lang.String (id=25),value=<?>,index=6>
Variable Delete,method=Main:1#solve:1 <name=c,type=java.lang.String (id=25),value=<?>,index=7>
Field Read,context=Main:1,in
Variable Write,context=Main:1#solve:1,i=0
Field Read,context=Main:1,in
Variable Write,context=Main:1#solve:1,i=1
Field Read,context=Main:1,in
Variable Write,context=Main:1#solve:1,i=2
Field Read,context=Main:1,in
Field Write,context=char[]:2,2=1
Field Read,context=Main:1,in
Variable Write,context=Main:1#solve:1,i=3
Field Read,context=Main:1,in
Variable Write,context=Main:1#solve:1,i=4
Field Read,context=Main:1,in
Variable Write,context=Main:1#solve:1,i=5
Field Read,context=Main:1,in
Field Write,context=char[]:2,5=1
Field Read,context=Main:1,in
Variable Write,context=Main:1#solve:1,i=6
Field Read,context=Main:1,in
Variable Write,context=Main:1#solve:1,i=7
Field Read,context=Main:1,in
Variable Write,context=Main:1#solve:1,i=8
Field Read,context=Main:1,in
Field Write,context=char[]:2,8=1
Field Read,context=Main:1,in
Variable Write,context=Main:1#solve:1,i=9
Field Read,context=Main:1,in
Variable Write,context=Main:1#solve:1,i=10
Field Read,context=Main:1,in
Field Write,context=Main:1,p=0
Variable Delete,method=Main:1#solve:1 <name=i,type=int (id=7),value=<?>,index=4>
Method Call,caller=Main:1#solve:1,target=Main:1#digit:22
Variable Write,context=Main:1#digit:22,res=
Field Read,context=Main:1,p
Field Read,context=Main:1,in
Field Read,context=Main:1,in
Field Read,context=Main:1,p
Field Read,context=Main:1,in
Field Read,context=Main:1,p
Field Write,context=Main:1,p=1
Field Read,context=Main:1,p
Field Read,context=Main:1,in
Field Read,context=Main:1,in
Field Read,context=Main:1,p
Field Read,context=Main:1,in
Field Read,context=Main:1,p
Field Write,context=Main:1,p=2
Field Read,context=Main:1,p
Field Read,context=Main:1,in
Field Read,context=Main:1,in
Field Read,context=Main:1,p
Field Read,context=Main:1,in
Field Read,context=Main:1,p
Field Write,context=Main:1,p=3
Field Read,context=Main:1,p
Field Read,context=Main:1,in
Field Read,context=Main:1,in
Field Read,context=Main:1,p
Variable Write,context=Main:1#digit:22,res=121
Variable Write,context=Main:1#digit:22,result=121
Method Exit,returner=Main:1#digit:22,value=121
Variable Write,context=Main:1#solve:1,a=121
Field Read,context=Main:1,p
Field Write,context=Main:1,p=4
Method Call,caller=Main:1#solve:1,target=Main:1#digit:23
Variable Write,context=Main:1#digit:23,res=
Field Read,context=Main:1,p
Field Read,context=Main:1,in
Field Read,context=Main:1,in
Field Read,context=Main:1,p
Field Read,context=Main:1,in
Field Read,context=Main:1,p
Field Write,context=Main:1,p=5
Field Read,context=Main:1,p
Field Read,context=Main:1,in
Field Read,context=Main:1,in
Field Read,context=Main:1,p
Field Read,context=Main:1,in
Field Read,context=Main:1,p
Field Write,context=Main:1,p=6
Field Read,context=Main:1,p
Field Read,context=Main:1,in
Field Read,context=Main:1,in
Field Read,context=Main:1,p
Field Read,context=Main:1,in
Field Read,context=Main:1,p
Field Write,context=Main:1,p=7
Field Read,context=Main:1,p
Field Read,context=Main:1,in
Field Read,context=Main:1,in
Field Read,context=Main:1,p
Variable Write,context=Main:1#digit:23,res=416
Variable Write,context=Main:1#digit:23,result=416
Method Exit,returner=Main:1#digit:23,value=416
Variable Write,context=Main:1#solve:1,b=416
Field Read,context=Main:1,p
Field Write,context=Main:1,p=8
Method Call,caller=Main:1#solve:1,target=Main:1#digit:24
Variable Write,context=Main:1#digit:24,res=
Field Read,context=Main:1,p
Field Read,context=Main:1,in
Field Read,context=Main:1,in
Field Read,context=Main:1,p
Field Read,context=Main:1,in
Field Read,context=Main:1,p
Field Write,context=Main:1,p=9
Field Read,context=Main:1,p
Field Read,context=Main:1,in
Field Read,context=Main:1,in
Field Read,context=Main:1,p
Field Read,context=Main:1,in
Field Read,context=Main:1,p
Field Write,context=Main:1,p=10
Field Read,context=Main:1,p
Field Read,context=Main:1,in
Field Read,context=Main:1,in
Field Read,context=Main:1,p
Field Read,context=Main:1,in
Field Read,context=Main:1,p
Field Write,context=Main:1,p=11
Field Read,context=Main:1,p
Field Read,context=Main:1,in
Variable Write,context=Main:1#digit:24,res=179
Variable Write,context=Main:1#digit:24,result=179
Method Exit,returner=Main:1#digit:24,value=179
Variable Write,context=Main:1#solve:1,c=179
Method Call,caller=Main:1#solve:1,target=Main:1#sum:6
Variable Write,context=Main:1#sum:6,a=121
Variable Write,context=Main:1#sum:6,b=416
Variable Write,context=Main:1#sum:6,n1=3
Variable Write,context=Main:1#sum:6,n2=3
New Object,object=java.lang.String[]:7
Field Write,context=java.lang.String[]:7,0=null
Field Write,context=java.lang.String[]:7,1=null
Field Write,context=java.lang.String[]:7,2=null
Field Write,context=java.lang.String[]:7,3=null
Variable Write,context=Main:1#sum:6,line=java.lang.String[]:7
Variable Write,context=Main:1#sum:6,line=java.lang.String[]:7
Variable Write,context=Main:1#sum:6,i=0
Variable Write,context=Main:1#sum:6,num=1
Variable Write,context=Main:1#sum:6,num2=6
Variable Write,context=Main:1#sum:6,num=7
Variable Write,context=Main:1#sum:6,line=java.lang.String[]:7
Variable Write,context=Main:1#sum:6,i=1
Variable Delete,method=Main:1#sum:6 <name=num,type=int (id=7),value=<?>,index=8>
Variable Delete,method=Main:1#sum:6 <name=num2,type=int (id=7),value=<?>,index=9>
Variable Write,context=Main:1#sum:6,num=2
Variable Write,context=Main:1#sum:6,num2=1
Variable Write,context=Main:1#sum:6,num=3
Variable Write,context=Main:1#sum:6,line=java.lang.String[]:7
Variable Write,context=Main:1#sum:6,i=2
Variable Delete,method=Main:1#sum:6 <name=num,type=int (id=7),value=<?>,index=8>
Variable Delete,method=Main:1#sum:6 <name=num2,type=int (id=7),value=<?>,index=9>
Variable Write,context=Main:1#sum:6,num=1
Variable Write,context=Main:1#sum:6,num2=4
Variable Write,context=Main:1#sum:6,num=5
Variable Write,context=Main:1#sum:6,line=java.lang.String[]:7
Variable Delete,method=Main:1#sum:6 <name=num,type=int (id=7),value=<?>,index=8>
Variable Delete,method=Main:1#sum:6 <name=num2,type=int (id=7),value=<?>,index=9>
Variable Delete,method=Main:1#sum:6 <name=i,type=int (id=7),value=<?>,index=7>
Variable Write,context=Main:1#sum:6,res=
Variable Write,context=Main:1#sum:6,i=3
Variable Write,context=Main:1#sum:6,i=2
Variable Write,context=Main:1#sum:6,res=5
Variable Write,context=Main:1#sum:6,i=1
Variable Write,context=Main:1#sum:6,res=53
Variable Write,context=Main:1#sum:6,i=0
Variable Write,context=Main:1#sum:6,res=537
Variable Write,context=Main:1#sum:6,result=537
Method Exit,returner=Main:1#sum:6,value=537
Variable Write,context=Main:1#solve:1,left=537
Variable Write,context=Main:1#solve:1,num=2
Variable Delete,method=Main:1#solve:1 <name=a,type=java.lang.String (id=25),value=<?>,index=5>
Variable Delete,method=Main:1#solve:1 <name=b,type=java.lang.String (id=25),value=<?>,index=6>
Variable Delete,method=Main:1#solve:1 <name=c,type=java.lang.String (id=25),value=<?>,index=7>
Variable Delete,method=Main:1#solve:1 <name=left,type=java.lang.String (id=25),value=<?>,index=8>
Field Read,context=Main:1,in
Variable Write,context=Main:1#solve:1,i=0
Field Read,context=Main:1,in
Variable Write,context=Main:1#solve:1,i=1
Field Read,context=Main:1,in
Variable Write,context=Main:1#solve:1,i=2
Field Read,context=Main:1,in
Field Write,context=char[]:2,2=2
Field Read,context=Main:1,in
Variable Write,context=Main:1#solve:1,i=3
Field Read,context=Main:1,in
Variable Write,context=Main:1#solve:1,i=4
Field Read,context=Main:1,in
Variable Write,context=Main:1#solve:1,i=5
Field Read,context=Main:1,in
Field Write,context=char[]:2,5=2
Field Read,context=Main:1,in
Variable Write,context=Main:1#solve:1,i=6
Field Read,context=Main:1,in
Variable Write,context=Main:1#solve:1,i=7
Field Read,context=Main:1,in
Variable Write,context=Main:1#solve:1,i=8
Field Read,context=Main:1,in
Field Write,context=char[]:2,8=2
Field Read,context=Main:1,in
Variable Write,context=Main:1#solve:1,i=9
Field Read,context=Main:1,in
Variable Write,context=Main:1#solve:1,i=10
Field Read,context=Main:1,in
Field Write,context=Main:1,p=0
Variable Delete,method=Main:1#solve:1 <name=i,type=int (id=7),value=<?>,index=4>
Method Call,caller=Main:1#solve:1,target=Main:1#digit:25
Variable Write,context=Main:1#digit:25,res=
Field Read,context=Main:1,p
Field Read,context=Main:1,in
Field Read,context=Main:1,in
Field Read,context=Main:1,p
Field Read,context=Main:1,in
Field Read,context=Main:1,p
Field Write,context=Main:1,p=1
Field Read,context=Main:1,p
Field Read,context=Main:1,in
Field Read,context=Main:1,in
Field Read,context=Main:1,p
Field Read,context=Main:1,in
Field Read,context=Main:1,p
Field Write,context=Main:1,p=2
Field Read,context=Main:1,p
Field Read,context=Main:1,in
Field Read,context=Main:1,in
Field Read,context=Main:1,p
Field Read,context=Main:1,in
Field Read,context=Main:1,p
Field Write,context=Main:1,p=3
Field Read,context=Main:1,p
Field Read,context=Main:1,in
Field Read,context=Main:1,in
Field Read,context=Main:1,p
Variable Write,context=Main:1#digit:25,res=122
Variable Write,context=Main:1#digit:25,result=122
Method Exit,returner=Main:1#digit:25,value=122
Variable Write,context=Main:1#solve:1,a=122
Field Read,context=Main:1,p
Field Write,context=Main:1,p=4
Method Call,caller=Main:1#solve:1,target=Main:1#digit:26
Variable Write,context=Main:1#digit:26,res=
Field Read,context=Main:1,p
Field Read,context=Main:1,in
Field Read,context=Main:1,in
Field Read,context=Main:1,p
Field Read,context=Main:1,in
Field Read,context=Main:1,p
Field Write,context=Main:1,p=5
Field Read,context=Main:1,p
Field Read,context=Main:1,in
Field Read,context=Main:1,in
Field Read,context=Main:1,p
Field Read,context=Main:1,in
Field Read,context=Main:1,p
Field Write,context=Main:1,p=6
Field Read,context=Main:1,p
Field Read,context=Main:1,in
Field Read,context=Main:1,in
Field Read,context=Main:1,p
Field Read,context=Main:1,in
Field Read,context=Main:1,p
Field Write,context=Main:1,p=7
Field Read,context=Main:1,p
Field Read,context=Main:1,in
Field Read,context=Main:1,in
Field Read,context=Main:1,p
Variable Write,context=Main:1#digit:26,res=426
Variable Write,context=Main:1#digit:26,result=426
Method Exit,returner=Main:1#digit:26,value=426
Variable Write,context=Main:1#solve:1,b=426
Field Read,context=Main:1,p
Field Write,context=Main:1,p=8
Method Call,caller=Main:1#solve:1,target=Main:1#digit:27
Variable Write,context=Main:1#digit:27,res=
Field Read,context=Main:1,p
Field Read,context=Main:1,in
Field Read,context=Main:1,in
Field Read,context=Main:1,p
Field Read,context=Main:1,in
Field Read,context=Main:1,p
Field Write,context=Main:1,p=9
Field Read,context=Main:1,p
Field Read,context=Main:1,in
Field Read,context=Main:1,in
Field Read,context=Main:1,p
Field Read,context=Main:1,in
Field Read,context=Main:1,p
Field Write,context=Main:1,p=10
Field Read,context=Main:1,p
Field Read,context=Main:1,in
Field Read,context=Main:1,in
Field Read,context=Main:1,p
Field Read,context=Main:1,in
Field Read,context=Main:1,p
Field Write,context=Main:1,p=11
Field Read,context=Main:1,p
Field Read,context=Main:1,in
Variable Write,context=Main:1#digit:27,res=279
Variable Write,context=Main:1#digit:27,result=279
Method Exit,returner=Main:1#digit:27,value=279
Variable Write,context=Main:1#solve:1,c=279
Method Call,caller=Main:1#solve:1,target=Main:1#sum:7
Variable Write,context=Main:1#sum:7,a=122
Variable Write,context=Main:1#sum:7,b=426
Variable Write,context=Main:1#sum:7,n1=3
Variable Write,context=Main:1#sum:7,n2=3
New Object,object=java.lang.String[]:8
Field Write,context=java.lang.String[]:8,0=null
Field Write,context=java.lang.String[]:8,1=null
Field Write,context=java.lang.String[]:8,2=null
Field Write,context=java.lang.String[]:8,3=null
Variable Write,context=Main:1#sum:7,line=java.lang.String[]:8
Variable Write,context=Main:1#sum:7,line=java.lang.String[]:8
Variable Write,context=Main:1#sum:7,i=0
Variable Write,context=Main:1#sum:7,num=2
Variable Write,context=Main:1#sum:7,num2=6
Variable Write,context=Main:1#sum:7,num=8
Variable Write,context=Main:1#sum:7,line=java.lang.String[]:8
Variable Write,context=Main:1#sum:7,i=1
Variable Delete,method=Main:1#sum:7 <name=num,type=int (id=7),value=<?>,index=8>
Variable Delete,method=Main:1#sum:7 <name=num2,type=int (id=7),value=<?>,index=9>
Variable Write,context=Main:1#sum:7,num=2
Variable Write,context=Main:1#sum:7,num2=2
Variable Write,context=Main:1#sum:7,num=4
Variable Write,context=Main:1#sum:7,line=java.lang.String[]:8
Variable Write,context=Main:1#sum:7,i=2
Variable Delete,method=Main:1#sum:7 <name=num,type=int (id=7),value=<?>,index=8>
Variable Delete,method=Main:1#sum:7 <name=num2,type=int (id=7),value=<?>,index=9>
Variable Write,context=Main:1#sum:7,num=1
Variable Write,context=Main:1#sum:7,num2=4
Variable Write,context=Main:1#sum:7,num=5
Variable Write,context=Main:1#sum:7,line=java.lang.String[]:8
Variable Delete,method=Main:1#sum:7 <name=num,type=int (id=7),value=<?>,index=8>
Variable Delete,method=Main:1#sum:7 <name=num2,type=int (id=7),value=<?>,index=9>
Variable Delete,method=Main:1#sum:7 <name=i,type=int (id=7),value=<?>,index=7>
Variable Write,context=Main:1#sum:7,res=
Variable Write,context=Main:1#sum:7,i=3
Variable Write,context=Main:1#sum:7,i=2
Variable Write,context=Main:1#sum:7,res=5
Variable Write,context=Main:1#sum:7,i=1
Variable Write,context=Main:1#sum:7,res=54
Variable Write,context=Main:1#sum:7,i=0
Variable Write,context=Main:1#sum:7,res=548
Variable Write,context=Main:1#sum:7,result=548
Method Exit,returner=Main:1#sum:7,value=548
Variable Write,context=Main:1#solve:1,left=548
Variable Write,context=Main:1#solve:1,num=3
Variable Delete,method=Main:1#solve:1 <name=a,type=java.lang.String (id=25),value=<?>,index=5>
Variable Delete,method=Main:1#solve:1 <name=b,type=java.lang.String (id=25),value=<?>,index=6>
Variable Delete,method=Main:1#solve:1 <name=c,type=java.lang.String (id=25),value=<?>,index=7>
Variable Delete,method=Main:1#solve:1 <name=left,type=java.lang.String (id=25),value=<?>,index=8>
Field Read,context=Main:1,in
Variable Write,context=Main:1#solve:1,i=0
Field Read,context=Main:1,in
Variable Write,context=Main:1#solve:1,i=1
Field Read,context=Main:1,in
Variable Write,context=Main:1#solve:1,i=2
Field Read,context=Main:1,in
Field Write,context=char[]:2,2=3
Field Read,context=Main:1,in
Variable Write,context=Main:1#solve:1,i=3
Field Read,context=Main:1,in
Variable Write,context=Main:1#solve:1,i=4
Field Read,context=Main:1,in
Variable Write,context=Main:1#solve:1,i=5
Field Read,context=Main:1,in
Field Write,context=char[]:2,5=3
Field Read,context=Main:1,in
Variable Write,context=Main:1#solve:1,i=6
Field Read,context=Main:1,in
Variable Write,context=Main:1#solve:1,i=7
Field Read,context=Main:1,in
Variable Write,context=Main:1#solve:1,i=8
Field Read,context=Main:1,in
Field Write,context=char[]:2,8=3
Field Read,context=Main:1,in
Variable Write,context=Main:1#solve:1,i=9
Field Read,context=Main:1,in
Variable Write,context=Main:1#solve:1,i=10
Field Read,context=Main:1,in
Field Write,context=Main:1,p=0
Variable Delete,method=Main:1#solve:1 <name=i,type=int (id=7),value=<?>,index=4>
Method Call,caller=Main:1#solve:1,target=Main:1#digit:28
Variable Write,context=Main:1#digit:28,res=
Field Read,context=Main:1,p
Field Read,context=Main:1,in
Field Read,context=Main:1,in
Field Read,context=Main:1,p
Field Read,context=Main:1,in
Field Read,context=Main:1,p
Field Write,context=Main:1,p=1
Field Read,context=Main:1,p
Field Read,context=Main:1,in
Field Read,context=Main:1,in
Field Read,context=Main:1,p
Field Read,context=Main:1,in
Field Read,context=Main:1,p
Field Write,context=Main:1,p=2
Field Read,context=Main:1,p
Field Read,context=Main:1,in
Field Read,context=Main:1,in
Field Read,context=Main:1,p
Field Read,context=Main:1,in
Field Read,context=Main:1,p
Field Write,context=Main:1,p=3
Field Read,context=Main:1,p
Field Read,context=Main:1,in
Field Read,context=Main:1,in
Field Read,context=Main:1,p
Variable Write,context=Main:1#digit:28,res=123
Variable Write,context=Main:1#digit:28,result=123
Method Exit,returner=Main:1#digit:28,value=123
Variable Write,context=Main:1#solve:1,a=123
Field Read,context=Main:1,p
Field Write,context=Main:1,p=4
Method Call,caller=Main:1#solve:1,target=Main:1#digit:29
Variable Write,context=Main:1#digit:29,res=
Field Read,context=Main:1,p
Field Read,context=Main:1,in
Field Read,context=Main:1,in
Field Read,context=Main:1,p
Field Read,context=Main:1,in
Field Read,context=Main:1,p
Field Write,context=Main:1,p=5
Field Read,context=Main:1,p
Field Read,context=Main:1,in
Field Read,context=Main:1,in
Field Read,context=Main:1,p
Field Read,context=Main:1,in
Field Read,context=Main:1,p
Field Write,context=Main:1,p=6
Field Read,context=Main:1,p
Field Read,context=Main:1,in
Field Read,context=Main:1,in
Field Read,context=Main:1,p
Field Read,context=Main:1,in
Field Read,context=Main:1,p
Field Write,context=Main:1,p=7
Field Read,context=Main:1,p
Field Read,context=Main:1,in
Field Read,context=Main:1,in
Field Read,context=Main:1,p
Variable Write,context=Main:1#digit:29,res=436
Variable Write,context=Main:1#digit:29,result=436
Method Exit,returner=Main:1#digit:29,value=436
Variable Write,context=Main:1#solve:1,b=436
Field Read,context=Main:1,p
Field Write,context=Main:1,p=8
Method Call,caller=Main:1#solve:1,target=Main:1#digit:30
Variable Write,context=Main:1#digit:30,res=
Field Read,context=Main:1,p
Field Read,context=Main:1,in
Field Read,context=Main:1,in
Field Read,context=Main:1,p
Field Read,context=Main:1,in
Field Read,context=Main:1,p
Field Write,context=Main:1,p=9
Field Read,context=Main:1,p
Field Read,context=Main:1,in
Field Read,context=Main:1,in
Field Read,context=Main:1,p
Field Read,context=Main:1,in
Field Read,context=Main:1,p
Field Write,context=Main:1,p=10
Field Read,context=Main:1,p
Field Read,context=Main:1,in
Field Read,context=Main:1,in
Field Read,context=Main:1,p
Field Read,context=Main:1,in
Field Read,context=Main:1,p
Field Write,context=Main:1,p=11
Field Read,context=Main:1,p
Field Read,context=Main:1,in
Variable Write,context=Main:1#digit:30,res=379
Variable Write,context=Main:1#digit:30,result=379
Method Exit,returner=Main:1#digit:30,value=379
Variable Write,context=Main:1#solve:1,c=379
Method Call,caller=Main:1#solve:1,target=Main:1#sum:8
Variable Write,context=Main:1#sum:8,a=123
Variable Write,context=Main:1#sum:8,b=436
Variable Write,context=Main:1#sum:8,n1=3
Variable Write,context=Main:1#sum:8,n2=3
New Object,object=java.lang.String[]:9
Field Write,context=java.lang.String[]:9,0=null
Field Write,context=java.lang.String[]:9,1=null
Field Write,context=java.lang.String[]:9,2=null
Field Write,context=java.lang.String[]:9,3=null
Variable Write,context=Main:1#sum:8,line=java.lang.String[]:9
Variable Write,context=Main:1#sum:8,line=java.lang.String[]:9
Variable Write,context=Main:1#sum:8,i=0
Variable Write,context=Main:1#sum:8,num=3
Variable Write,context=Main:1#sum:8,num2=6
Variable Write,context=Main:1#sum:8,num=9
Variable Write,context=Main:1#sum:8,line=java.lang.String[]:9
Variable Write,context=Main:1#sum:8,i=1
Variable Delete,method=Main:1#sum:8 <name=num,type=int (id=7),value=<?>,index=8>
Variable Delete,method=Main:1#sum:8 <name=num2,type=int (id=7),value=<?>,index=9>
Variable Write,context=Main:1#sum:8,num=2
Variable Write,context=Main:1#sum:8,num2=3
Variable Write,context=Main:1#sum:8,num=5
Variable Write,context=Main:1#sum:8,line=java.lang.String[]:9
Variable Write,context=Main:1#sum:8,i=2
Variable Delete,method=Main:1#sum:8 <name=num,type=int (id=7),value=<?>,index=8>
Variable Delete,method=Main:1#sum:8 <name=num2,type=int (id=7),value=<?>,index=9>
Variable Write,context=Main:1#sum:8,num=1
Variable Write,context=Main:1#sum:8,num2=4
Variable Write,context=Main:1#sum:8,num=5
Variable Write,context=Main:1#sum:8,line=java.lang.String[]:9
Variable Delete,method=Main:1#sum:8 <name=num,type=int (id=7),value=<?>,index=8>
Variable Delete,method=Main:1#sum:8 <name=num2,type=int (id=7),value=<?>,index=9>
Variable Delete,method=Main:1#sum:8 <name=i,type=int (id=7),value=<?>,index=7>
Variable Write,context=Main:1#sum:8,res=
Variable Write,context=Main:1#sum:8,i=3
Variable Write,context=Main:1#sum:8,i=2
Variable Write,context=Main:1#sum:8,res=5
Variable Write,context=Main:1#sum:8,i=1
Variable Write,context=Main:1#sum:8,res=55
Variable Write,context=Main:1#sum:8,i=0
Variable Write,context=Main:1#sum:8,res=559
Variable Write,context=Main:1#sum:8,result=559
Method Exit,returner=Main:1#sum:8,value=559
Variable Write,context=Main:1#solve:1,left=559
Variable Write,context=Main:1#solve:1,num=4
Variable Delete,method=Main:1#solve:1 <name=a,type=java.lang.String (id=25),value=<?>,index=5>
Variable Delete,method=Main:1#solve:1 <name=b,type=java.lang.String (id=25),value=<?>,index=6>
Variable Delete,method=Main:1#solve:1 <name=c,type=java.lang.String (id=25),value=<?>,index=7>
Variable Delete,method=Main:1#solve:1 <name=left,type=java.lang.String (id=25),value=<?>,index=8>
Field Read,context=Main:1,in
Variable Write,context=Main:1#solve:1,i=0
Field Read,context=Main:1,in
Variable Write,context=Main:1#solve:1,i=1
Field Read,context=Main:1,in
Variable Write,context=Main:1#solve:1,i=2
Field Read,context=Main:1,in
Field Write,context=char[]:2,2=4
Field Read,context=Main:1,in
Variable Write,context=Main:1#solve:1,i=3
Field Read,context=Main:1,in
Variable Write,context=Main:1#solve:1,i=4
Field Read,context=Main:1,in
Variable Write,context=Main:1#solve:1,i=5
Field Read,context=Main:1,in
Field Write,context=char[]:2,5=4
Field Read,context=Main:1,in
Variable Write,context=Main:1#solve:1,i=6
Field Read,context=Main:1,in
Variable Write,context=Main:1#solve:1,i=7
Field Read,context=Main:1,in
Variable Write,context=Main:1#solve:1,i=8
Field Read,context=Main:1,in
Field Write,context=char[]:2,8=4
Field Read,context=Main:1,in
Variable Write,context=Main:1#solve:1,i=9
Field Read,context=Main:1,in
Variable Write,context=Main:1#solve:1,i=10
Field Read,context=Main:1,in
Field Write,context=Main:1,p=0
Variable Delete,method=Main:1#solve:1 <name=i,type=int (id=7),value=<?>,index=4>
Method Call,caller=Main:1#solve:1,target=Main:1#digit:31
Variable Write,context=Main:1#digit:31,res=
Field Read,context=Main:1,p
Field Read,context=Main:1,in
Field Read,context=Main:1,in
Field Read,context=Main:1,p
Field Read,context=Main:1,in
Field Read,context=Main:1,p
Field Write,context=Main:1,p=1
Field Read,context=Main:1,p
Field Read,context=Main:1,in
Field Read,context=Main:1,in
Field Read,context=Main:1,p
Field Read,context=Main:1,in
Field Read,context=Main:1,p
Field Write,context=Main:1,p=2
Field Read,context=Main:1,p
Field Read,context=Main:1,in
Field Read,context=Main:1,in
Field Read,context=Main:1,p
Field Read,context=Main:1,in
Field Read,context=Main:1,p
Field Write,context=Main:1,p=3
Field Read,context=Main:1,p
Field Read,context=Main:1,in
Field Read,context=Main:1,in
Field Read,context=Main:1,p
Variable Write,context=Main:1#digit:31,res=124
Variable Write,context=Main:1#digit:31,result=124
Method Exit,returner=Main:1#digit:31,value=124
Variable Write,context=Main:1#solve:1,a=124
Field Read,context=Main:1,p
Field Write,context=Main:1,p=4
Method Call,caller=Main:1#solve:1,target=Main:1#digit:32
Variable Write,context=Main:1#digit:32,res=
Field Read,context=Main:1,p
Field Read,context=Main:1,in
Field Read,context=Main:1,in
Field Read,context=Main:1,p
Field Read,context=Main:1,in
Field Read,context=Main:1,p
Field Write,context=Main:1,p=5
Field Read,context=Main:1,p
Field Read,context=Main:1,in
Field Read,context=Main:1,in
Field Read,context=Main:1,p
Field Read,context=Main:1,in
Field Read,context=Main:1,p
Field Write,context=Main:1,p=6
Field Read,context=Main:1,p
Field Read,context=Main:1,in
Field Read,context=Main:1,in
Field Read,context=Main:1,p
Field Read,context=Main:1,in
Field Read,context=Main:1,p
Field Write,context=Main:1,p=7
Field Read,context=Main:1,p
Field Read,context=Main:1,in
Field Read,context=Main:1,in
Field Read,context=Main:1,p
Variable Write,context=Main:1#digit:32,res=446
Variable Write,context=Main:1#digit:32,result=446
Method Exit,returner=Main:1#digit:32,value=446
Variable Write,context=Main:1#solve:1,b=446
Field Read,context=Main:1,p
Field Write,context=Main:1,p=8
Method Call,caller=Main:1#solve:1,target=Main:1#digit:33
Variable Write,context=Main:1#digit:33,res=
Field Read,context=Main:1,p
Field Read,context=Main:1,in
Field Read,context=Main:1,in
Field Read,context=Main:1,p
Field Read,context=Main:1,in
Field Read,context=Main:1,p
Field Write,context=Main:1,p=9
Field Read,context=Main:1,p
Field Read,context=Main:1,in
Field Read,context=Main:1,in
Field Read,context=Main:1,p
Field Read,context=Main:1,in
Field Read,context=Main:1,p
Field Write,context=Main:1,p=10
Field Read,context=Main:1,p
Field Read,context=Main:1,in
Field Read,context=Main:1,in
Field Read,context=Main:1,p
Field Read,context=Main:1,in
Field Read,context=Main:1,p
Field Write,context=Main:1,p=11
Field Read,context=Main:1,p
Field Read,context=Main:1,in
Variable Write,context=Main:1#digit:33,res=479
Variable Write,context=Main:1#digit:33,result=479
Method Exit,returner=Main:1#digit:33,value=479
Variable Write,context=Main:1#solve:1,c=479
Method Call,caller=Main:1#solve:1,target=Main:1#sum:9
Variable Write,context=Main:1#sum:9,a=124
Variable Write,context=Main:1#sum:9,b=446
Variable Write,context=Main:1#sum:9,n1=3
Variable Write,context=Main:1#sum:9,n2=3
New Object,object=java.lang.String[]:10
Field Write,context=java.lang.String[]:10,0=null
Field Write,context=java.lang.String[]:10,1=null
Field Write,context=java.lang.String[]:10,2=null
Field Write,context=java.lang.String[]:10,3=null
Variable Write,context=Main:1#sum:9,line=java.lang.String[]:10
Variable Write,context=Main:1#sum:9,line=java.lang.String[]:10
Variable Write,context=Main:1#sum:9,i=0
Variable Write,context=Main:1#sum:9,num=4
Variable Write,context=Main:1#sum:9,num2=6
Variable Write,context=Main:1#sum:9,num=10
Variable Write,context=Main:1#sum:9,line=java.lang.String[]:10
Field Write,context=java.lang.String[]:10,0=0
Field Write,context=java.lang.String[]:10,1=2
Field Write,context=java.lang.String[]:10,2=1
Variable Write,context=Main:1#sum:9,line=java.lang.String[]:10
Variable Write,context=Main:1#sum:9,num3=0
Variable Write,context=Main:1#sum:9,num3=2
Field Write,context=java.lang.String[]:10,1=3
Variable Write,context=Main:1#sum:9,line=java.lang.String[]:10
Variable Write,context=Main:1#sum:9,i=1
Variable Delete,method=Main:1#sum:9 <name=num,type=int (id=7),value=<?>,index=8>
Variable Delete,method=Main:1#sum:9 <name=num2,type=int (id=7),value=<?>,index=9>
Variable Delete,method=Main:1#sum:9 <name=num3,type=int (id=7),value=<?>,index=10>
Variable Write,context=Main:1#sum:9,num=3
Variable Write,context=Main:1#sum:9,num2=4
Variable Write,context=Main:1#sum:9,num=7
Variable Write,context=Main:1#sum:9,line=java.lang.String[]:10
Variable Write,context=Main:1#sum:9,i=2
Variable Delete,method=Main:1#sum:9 <name=num,type=int (id=7),value=<?>,index=8>
Variable Delete,method=Main:1#sum:9 <name=num2,type=int (id=7),value=<?>,index=9>
Variable Write,context=Main:1#sum:9,num=1
Variable Write,context=Main:1#sum:9,num2=4
Variable Write,context=Main:1#sum:9,num=5
Variable Write,context=Main:1#sum:9,line=java.lang.String[]:10
Variable Delete,method=Main:1#sum:9 <name=num,type=int (id=7),value=<?>,index=8>
Variable Delete,method=Main:1#sum:9 <name=num2,type=int (id=7),value=<?>,index=9>
Variable Delete,method=Main:1#sum:9 <name=i,type=int (id=7),value=<?>,index=7>
Variable Write,context=Main:1#sum:9,res=
Variable Write,context=Main:1#sum:9,i=3
Variable Write,context=Main:1#sum:9,i=2
Variable Write,context=Main:1#sum:9,res=5
Variable Write,context=Main:1#sum:9,i=1
Variable Write,context=Main:1#sum:9,res=57
Variable Write,context=Main:1#sum:9,i=0
Variable Write,context=Main:1#sum:9,res=570
Variable Write,context=Main:1#sum:9,result=570
Method Exit,returner=Main:1#sum:9,value=570
Variable Write,context=Main:1#solve:1,left=570
Variable Write,context=Main:1#solve:1,num=5
Variable Delete,method=Main:1#solve:1 <name=a,type=java.lang.String (id=25),value=<?>,index=5>
Variable Delete,method=Main:1#solve:1 <name=b,type=java.lang.String (id=25),value=<?>,index=6>
Variable Delete,method=Main:1#solve:1 <name=c,type=java.lang.String (id=25),value=<?>,index=7>
Variable Delete,method=Main:1#solve:1 <name=left,type=java.lang.String (id=25),value=<?>,index=8>
Field Read,context=Main:1,in
Variable Write,context=Main:1#solve:1,i=0
Field Read,context=Main:1,in
Variable Write,context=Main:1#solve:1,i=1
Field Read,context=Main:1,in
Variable Write,context=Main:1#solve:1,i=2
Field Read,context=Main:1,in
Field Write,context=char[]:2,2=5
Field Read,context=Main:1,in
Variable Write,context=Main:1#solve:1,i=3
Field Read,context=Main:1,in
Variable Write,context=Main:1#solve:1,i=4
Field Read,context=Main:1,in
Variable Write,context=Main:1#solve:1,i=5
Field Read,context=Main:1,in
Field Write,context=char[]:2,5=5
Field Read,context=Main:1,in
Variable Write,context=Main:1#solve:1,i=6
Field Read,context=Main:1,in
Variable Write,context=Main:1#solve:1,i=7
Field Read,context=Main:1,in
Variable Write,context=Main:1#solve:1,i=8
Field Read,context=Main:1,in
Field Write,context=char[]:2,8=5
Field Read,context=Main:1,in
Variable Write,context=Main:1#solve:1,i=9
Field Read,context=Main:1,in
Variable Write,context=Main:1#solve:1,i=10
Field Read,context=Main:1,in
Field Write,context=Main:1,p=0
Variable Delete,method=Main:1#solve:1 <name=i,type=int (id=7),value=<?>,index=4>
Method Call,caller=Main:1#solve:1,target=Main:1#digit:34
Variable Write,context=Main:1#digit:34,res=
Field Read,context=Main:1,p
Field Read,context=Main:1,in
Field Read,context=Main:1,in
Field Read,context=Main:1,p
Field Read,context=Main:1,in
Field Read,context=Main:1,p
Field Write,context=Main:1,p=1
Field Read,context=Main:1,p
Field Read,context=Main:1,in
Field Read,context=Main:1,in
Field Read,context=Main:1,p
Field Read,context=Main:1,in
Field Read,context=Main:1,p
Field Write,context=Main:1,p=2
Field Read,context=Main:1,p
Field Read,context=Main:1,in
Field Read,context=Main:1,in
Field Read,context=Main:1,p
Field Read,context=Main:1,in
Field Read,context=Main:1,p
Field Write,context=Main:1,p=3
Field Read,context=Main:1,p
Field Read,context=Main:1,in
Field Read,context=Main:1,in
Field Read,context=Main:1,p
Variable Write,context=Main:1#digit:34,res=125
Variable Write,context=Main:1#digit:34,result=125
Method Exit,returner=Main:1#digit:34,value=125
Variable Write,context=Main:1#solve:1,a=125
Field Read,context=Main:1,p
Field Write,context=Main:1,p=4
Method Call,caller=Main:1#solve:1,target=Main:1#digit:35
Variable Write,context=Main:1#digit:35,res=
Field Read,context=Main:1,p
Field Read,context=Main:1,in
Field Read,context=Main:1,in
Field Read,context=Main:1,p
Field Read,context=Main:1,in
Field Read,context=Main:1,p
Field Write,context=Main:1,p=5
Field Read,context=Main:1,p
Field Read,context=Main:1,in
Field Read,context=Main:1,in
Field Read,context=Main:1,p
Field Read,context=Main:1,in
Field Read,context=Main:1,p
Field Write,context=Main:1,p=6
Field Read,context=Main:1,p
Field Read,context=Main:1,in
Field Read,context=Main:1,in
Field Read,context=Main:1,p
Field Read,context=Main:1,in
Field Read,context=Main:1,p
Field Write,context=Main:1,p=7
Field Read,context=Main:1,p
Field Read,context=Main:1,in
Field Read,context=Main:1,in
Field Read,context=Main:1,p
Variable Write,context=Main:1#digit:35,res=456
Variable Write,context=Main:1#digit:35,result=456
Method Exit,returner=Main:1#digit:35,value=456
Variable Write,context=Main:1#solve:1,b=456
Field Read,context=Main:1,p
Field Write,context=Main:1,p=8
Method Call,caller=Main:1#solve:1,target=Main:1#digit:36
Variable Write,context=Main:1#digit:36,res=
Field Read,context=Main:1,p
Field Read,context=Main:1,in
Field Read,context=Main:1,in
Field Read,context=Main:1,p
Field Read,context=Main:1,in
Field Read,context=Main:1,p
Field Write,context=Main:1,p=9
Field Read,context=Main:1,p
Field Read,context=Main:1,in
Field Read,context=Main:1,in
Field Read,context=Main:1,p
Field Read,context=Main:1,in
Field Read,context=Main:1,p
Field Write,context=Main:1,p=10
Field Read,context=Main:1,p
Field Read,context=Main:1,in
Field Read,context=Main:1,in
Field Read,context=Main:1,p
Field Read,context=Main:1,in
Field Read,context=Main:1,p
Field Write,context=Main:1,p=11
Field Read,context=Main:1,p
Field Read,context=Main:1,in
Variable Write,context=Main:1#digit:36,res=579
Variable Write,context=Main:1#digit:36,result=579
Method Exit,returner=Main:1#digit:36,value=579
Variable Write,context=Main:1#solve:1,c=579
Method Call,caller=Main:1#solve:1,target=Main:1#sum:10
Variable Write,context=Main:1#sum:10,a=125
Variable Write,context=Main:1#sum:10,b=456
Variable Write,context=Main:1#sum:10,n1=3
Variable Write,context=Main:1#sum:10,n2=3
New Object,object=java.lang.String[]:11
Field Write,context=java.lang.String[]:11,0=null
Field Write,context=java.lang.String[]:11,1=null
Field Write,context=java.lang.String[]:11,2=null
Field Write,context=java.lang.String[]:11,3=null
Variable Write,context=Main:1#sum:10,line=java.lang.String[]:11
Variable Write,context=Main:1#sum:10,line=java.lang.String[]:11
Variable Write,context=Main:1#sum:10,i=0
Variable Write,context=Main:1#sum:10,num=5
Variable Write,context=Main:1#sum:10,num2=6
Variable Write,context=Main:1#sum:10,num=11
Variable Write,context=Main:1#sum:10,line=java.lang.String[]:11
Field Write,context=java.lang.String[]:11,0=1
Field Write,context=java.lang.String[]:11,1=2
Field Write,context=java.lang.String[]:11,2=1
Variable Write,context=Main:1#sum:10,line=java.lang.String[]:11
Variable Write,context=Main:1#sum:10,num3=0
Variable Write,context=Main:1#sum:10,num3=2
Field Write,context=java.lang.String[]:11,1=3
Variable Write,context=Main:1#sum:10,line=java.lang.String[]:11
Variable Write,context=Main:1#sum:10,i=1
Variable Delete,method=Main:1#sum:10 <name=num,type=int (id=7),value=<?>,index=8>
Variable Delete,method=Main:1#sum:10 <name=num2,type=int (id=7),value=<?>,index=9>
Variable Delete,method=Main:1#sum:10 <name=num3,type=int (id=7),value=<?>,index=10>
Variable Write,context=Main:1#sum:10,num=3
Variable Write,context=Main:1#sum:10,num2=5
Variable Write,context=Main:1#sum:10,num=8
Variable Write,context=Main:1#sum:10,line=java.lang.String[]:11
Variable Write,context=Main:1#sum:10,i=2
Variable Delete,method=Main:1#sum:10 <name=num,type=int (id=7),value=<?>,index=8>
Variable Delete,method=Main:1#sum:10 <name=num2,type=int (id=7),value=<?>,index=9>
Variable Write,context=Main:1#sum:10,num=1
Variable Write,context=Main:1#sum:10,num2=4
Variable Write,context=Main:1#sum:10,num=5
Variable Write,context=Main:1#sum:10,line=java.lang.String[]:11
Variable Delete,method=Main:1#sum:10 <name=num,type=int (id=7),value=<?>,index=8>
Variable Delete,method=Main:1#sum:10 <name=num2,type=int (id=7),value=<?>,index=9>
Variable Delete,method=Main:1#sum:10 <name=i,type=int (id=7),value=<?>,index=7>
Variable Write,context=Main:1#sum:10,res=
Variable Write,context=Main:1#sum:10,i=3
Variable Write,context=Main:1#sum:10,i=2
Variable Write,context=Main:1#sum:10,res=5
Variable Write,context=Main:1#sum:10,i=1
Variable Write,context=Main:1#sum:10,res=58
Variable Write,context=Main:1#sum:10,i=0
Variable Write,context=Main:1#sum:10,res=581
Variable Write,context=Main:1#sum:10,result=581
Method Exit,returner=Main:1#sum:10,value=581
Variable Write,context=Main:1#solve:1,left=581
Variable Write,context=Main:1#solve:1,num=6
Variable Delete,method=Main:1#solve:1 <name=a,type=java.lang.String (id=25),value=<?>,index=5>
Variable Delete,method=Main:1#solve:1 <name=b,type=java.lang.String (id=25),value=<?>,index=6>
Variable Delete,method=Main:1#solve:1 <name=c,type=java.lang.String (id=25),value=<?>,index=7>
Variable Delete,method=Main:1#solve:1 <name=left,type=java.lang.String (id=25),value=<?>,index=8>
Field Read,context=Main:1,in
Variable Write,context=Main:1#solve:1,i=0
Field Read,context=Main:1,in
Variable Write,context=Main:1#solve:1,i=1
Field Read,context=Main:1,in
Variable Write,context=Main:1#solve:1,i=2
Field Read,context=Main:1,in
Field Write,context=char[]:2,2=6
Field Read,context=Main:1,in
Variable Write,context=Main:1#solve:1,i=3
Field Read,context=Main:1,in
Variable Write,context=Main:1#solve:1,i=4
Field Read,context=Main:1,in
Variable Write,context=Main:1#solve:1,i=5
Field Read,context=Main:1,in
Field Write,context=char[]:2,5=6
Field Read,context=Main:1,in
Variable Write,context=Main:1#solve:1,i=6
Field Read,context=Main:1,in
Variable Write,context=Main:1#solve:1,i=7
Field Read,context=Main:1,in
Variable Write,context=Main:1#solve:1,i=8
Field Read,context=Main:1,in
Field Write,context=char[]:2,8=6
Field Read,context=Main:1,in
Variable Write,context=Main:1#solve:1,i=9
Field Read,context=Main:1,in
Variable Write,context=Main:1#solve:1,i=10
Field Read,context=Main:1,in
Field Write,context=Main:1,p=0
Variable Delete,method=Main:1#solve:1 <name=i,type=int (id=7),value=<?>,index=4>
Method Call,caller=Main:1#solve:1,target=Main:1#digit:37
Variable Write,context=Main:1#digit:37,res=
Field Read,context=Main:1,p
Field Read,context=Main:1,in
Field Read,context=Main:1,in
Field Read,context=Main:1,p
Field Read,context=Main:1,in
Field Read,context=Main:1,p
Field Write,context=Main:1,p=1
Field Read,context=Main:1,p
Field Read,context=Main:1,in
Field Read,context=Main:1,in
Field Read,context=Main:1,p
Field Read,context=Main:1,in
Field Read,context=Main:1,p
Field Write,context=Main:1,p=2
Field Read,context=Main:1,p
Field Read,context=Main:1,in
Field Read,context=Main:1,in
Field Read,context=Main:1,p
Field Read,context=Main:1,in
Field Read,context=Main:1,p
Field Write,context=Main:1,p=3
Field Read,context=Main:1,p
Field Read,context=Main:1,in
Field Read,context=Main:1,in
Field Read,context=Main:1,p
Variable Write,context=Main:1#digit:37,res=126
Variable Write,context=Main:1#digit:37,result=126
Method Exit,returner=Main:1#digit:37,value=126
Variable Write,context=Main:1#solve:1,a=126
Field Read,context=Main:1,p
Field Write,context=Main:1,p=4
Method Call,caller=Main:1#solve:1,target=Main:1#digit:38
Variable Write,context=Main:1#digit:38,res=
Field Read,context=Main:1,p
Field Read,context=Main:1,in
Field Read,context=Main:1,in
Field Read,context=Main:1,p
Field Read,context=Main:1,in
Field Read,context=Main:1,p
Field Write,context=Main:1,p=5
Field Read,context=Main:1,p
Field Read,context=Main:1,in
Field Read,context=Main:1,in
Field Read,context=Main:1,p
Field Read,context=Main:1,in
Field Read,context=Main:1,p
Field Write,context=Main:1,p=6
Field Read,context=Main:1,p
Field Read,context=Main:1,in
Field Read,context=Main:1,in
Field Read,context=Main:1,p
Field Read,context=Main:1,in
Field Read,context=Main:1,p
Field Write,context=Main:1,p=7
Field Read,context=Main:1,p
Field Read,context=Main:1,in
Field Read,context=Main:1,in
Field Read,context=Main:1,p
Variable Write,context=Main:1#digit:38,res=466
Variable Write,context=Main:1#digit:38,result=466
Method Exit,returner=Main:1#digit:38,value=466
Variable Write,context=Main:1#solve:1,b=466
Field Read,context=Main:1,p
Field Write,context=Main:1,p=8
Method Call,caller=Main:1#solve:1,target=Main:1#digit:39
Variable Write,context=Main:1#digit:39,res=
Field Read,context=Main:1,p
Field Read,context=Main:1,in
Field Read,context=Main:1,in
Field Read,context=Main:1,p
Field Read,context=Main:1,in
Field Read,context=Main:1,p
Field Write,context=Main:1,p=9
Field Read,context=Main:1,p
Field Read,context=Main:1,in
Field Read,context=Main:1,in
Field Read,context=Main:1,p
Field Read,context=Main:1,in
Field Read,context=Main:1,p
Field Write,context=Main:1,p=10
Field Read,context=Main:1,p
Field Read,context=Main:1,in
Field Read,context=Main:1,in
Field Read,context=Main:1,p
Field Read,context=Main:1,in
Field Read,context=Main:1,p
Field Write,context=Main:1,p=11
Field Read,context=Main:1,p
Field Read,context=Main:1,in
Variable Write,context=Main:1#digit:39,res=679
Variable Write,context=Main:1#digit:39,result=679
Method Exit,returner=Main:1#digit:39,value=679
Variable Write,context=Main:1#solve:1,c=679
Method Call,caller=Main:1#solve:1,target=Main:1#sum:11
Variable Write,context=Main:1#sum:11,a=126
Variable Write,context=Main:1#sum:11,b=466
Variable Write,context=Main:1#sum:11,n1=3
Variable Write,context=Main:1#sum:11,n2=3
New Object,object=java.lang.String[]:12
Field Write,context=java.lang.String[]:12,0=null
Field Write,context=java.lang.String[]:12,1=null
Field Write,context=java.lang.String[]:12,2=null
Field Write,context=java.lang.String[]:12,3=null
Variable Write,context=Main:1#sum:11,line=java.lang.String[]:12
Variable Write,context=Main:1#sum:11,line=java.lang.String[]:12
Variable Write,context=Main:1#sum:11,i=0
Variable Write,context=Main:1#sum:11,num=6
Variable Write,context=Main:1#sum:11,num2=6
Variable Write,context=Main:1#sum:11,num=12
Variable Write,context=Main:1#sum:11,line=java.lang.String[]:12
Field Write,context=java.lang.String[]:12,0=2
Field Write,context=java.lang.String[]:12,1=2
Field Write,context=java.lang.String[]:12,2=1
Variable Write,context=Main:1#sum:11,line=java.lang.String[]:12
Variable Write,context=Main:1#sum:11,num3=0
Variable Write,context=Main:1#sum:11,num3=2
Field Write,context=java.lang.String[]:12,1=3
Variable Write,context=Main:1#sum:11,line=java.lang.String[]:12
Variable Write,context=Main:1#sum:11,i=1
Variable Delete,method=Main:1#sum:11 <name=num,type=int (id=7),value=<?>,index=8>
Variable Delete,method=Main:1#sum:11 <name=num2,type=int (id=7),value=<?>,index=9>
Variable Delete,method=Main:1#sum:11 <name=num3,type=int (id=7),value=<?>,index=10>
Variable Write,context=Main:1#sum:11,num=3
Variable Write,context=Main:1#sum:11,num2=6
Variable Write,context=Main:1#sum:11,num=9
Variable Write,context=Main:1#sum:11,line=java.lang.String[]:12
Variable Write,context=Main:1#sum:11,i=2
Variable Delete,method=Main:1#sum:11 <name=num,type=int (id=7),value=<?>,index=8>
Variable Delete,method=Main:1#sum:11 <name=num2,type=int (id=7),value=<?>,index=9>
Variable Write,context=Main:1#sum:11,num=1
Variable Write,context=Main:1#sum:11,num2=4
Variable Write,context=Main:1#sum:11,num=5
Variable Write,context=Main:1#sum:11,line=java.lang.String[]:12
Variable Delete,method=Main:1#sum:11 <name=num,type=int (id=7),value=<?>,index=8>
Variable Delete,method=Main:1#sum:11 <name=num2,type=int (id=7),value=<?>,index=9>
Variable Delete,method=Main:1#sum:11 <name=i,type=int (id=7),value=<?>,index=7>
Variable Write,context=Main:1#sum:11,res=
Variable Write,context=Main:1#sum:11,i=3
Variable Write,context=Main:1#sum:11,i=2
Variable Write,context=Main:1#sum:11,res=5
Variable Write,context=Main:1#sum:11,i=1
Variable Write,context=Main:1#sum:11,res=59
Variable Write,context=Main:1#sum:11,i=0
Variable Write,context=Main:1#sum:11,res=592
Variable Write,context=Main:1#sum:11,result=592
Method Exit,returner=Main:1#sum:11,value=592
Variable Write,context=Main:1#solve:1,left=592
Variable Write,context=Main:1#solve:1,num=7
Variable Delete,method=Main:1#solve:1 <name=a,type=java.lang.String (id=25),value=<?>,index=5>
Variable Delete,method=Main:1#solve:1 <name=b,type=java.lang.String (id=25),value=<?>,index=6>
Variable Delete,method=Main:1#solve:1 <name=c,type=java.lang.String (id=25),value=<?>,index=7>
Variable Delete,method=Main:1#solve:1 <name=left,type=java.lang.String (id=25),value=<?>,index=8>
Field Read,context=Main:1,in
Variable Write,context=Main:1#solve:1,i=0
Field Read,context=Main:1,in
Variable Write,context=Main:1#solve:1,i=1
Field Read,context=Main:1,in
Variable Write,context=Main:1#solve:1,i=2
Field Read,context=Main:1,in
Field Write,context=char[]:2,2=7
Field Read,context=Main:1,in
Variable Write,context=Main:1#solve:1,i=3
Field Read,context=Main:1,in
Variable Write,context=Main:1#solve:1,i=4
Field Read,context=Main:1,in
Variable Write,context=Main:1#solve:1,i=5
Field Read,context=Main:1,in
Field Write,context=char[]:2,5=7
Field Read,context=Main:1,in
Variable Write,context=Main:1#solve:1,i=6
Field Read,context=Main:1,in
Variable Write,context=Main:1#solve:1,i=7
Field Read,context=Main:1,in
Variable Write,context=Main:1#solve:1,i=8
Field Read,context=Main:1,in
Field Write,context=char[]:2,8=7
Field Read,context=Main:1,in
Variable Write,context=Main:1#solve:1,i=9
Field Read,context=Main:1,in
Variable Write,context=Main:1#solve:1,i=10
Field Read,context=Main:1,in
Field Write,context=Main:1,p=0
Variable Delete,method=Main:1#solve:1 <name=i,type=int (id=7),value=<?>,index=4>
Method Call,caller=Main:1#solve:1,target=Main:1#digit:40
Variable Write,context=Main:1#digit:40,res=
Field Read,context=Main:1,p
Field Read,context=Main:1,in
Field Read,context=Main:1,in
Field Read,context=Main:1,p
Field Read,context=Main:1,in
Field Read,context=Main:1,p
Field Write,context=Main:1,p=1
Field Read,context=Main:1,p
Field Read,context=Main:1,in
Field Read,context=Main:1,in
Field Read,context=Main:1,p
Field Read,context=Main:1,in
Field Read,context=Main:1,p
Field Write,context=Main:1,p=2
Field Read,context=Main:1,p
Field Read,context=Main:1,in
Field Read,context=Main:1,in
Field Read,context=Main:1,p
Field Read,context=Main:1,in
Field Read,context=Main:1,p
Field Write,context=Main:1,p=3
Field Read,context=Main:1,p
Field Read,context=Main:1,in
Field Read,context=Main:1,in
Field Read,context=Main:1,p
Variable Write,context=Main:1#digit:40,res=127
Variable Write,context=Main:1#digit:40,result=127
Method Exit,returner=Main:1#digit:40,value=127
Variable Write,context=Main:1#solve:1,a=127
Field Read,context=Main:1,p
Field Write,context=Main:1,p=4
Method Call,caller=Main:1#solve:1,target=Main:1#digit:41
Variable Write,context=Main:1#digit:41,res=
Field Read,context=Main:1,p
Field Read,context=Main:1,in
Field Read,context=Main:1,in
Field Read,context=Main:1,p
Field Read,context=Main:1,in
Field Read,context=Main:1,p
Field Write,context=Main:1,p=5
Field Read,context=Main:1,p
Field Read,context=Main:1,in
Field Read,context=Main:1,in
Field Read,context=Main:1,p
Field Read,context=Main:1,in
Field Read,context=Main:1,p
Field Write,context=Main:1,p=6
Field Read,context=Main:1,p
Field Read,context=Main:1,in
Field Read,context=Main:1,in
Field Read,context=Main:1,p
Field Read,context=Main:1,in
Field Read,context=Main:1,p
Field Write,context=Main:1,p=7
Field Read,context=Main:1,p
Field Read,context=Main:1,in
Field Read,context=Main:1,in
Field Read,context=Main:1,p
Variable Write,context=Main:1#digit:41,res=476
Variable Write,context=Main:1#digit:41,result=476
Method Exit,returner=Main:1#digit:41,value=476
Variable Write,context=Main:1#solve:1,b=476
Field Read,context=Main:1,p
Field Write,context=Main:1,p=8
Method Call,caller=Main:1#solve:1,target=Main:1#digit:42
Variable Write,context=Main:1#digit:42,res=
Field Read,context=Main:1,p
Field Read,context=Main:1,in
Field Read,context=Main:1,in
Field Read,context=Main:1,p
Field Read,context=Main:1,in
Field Read,context=Main:1,p
Field Write,context=Main:1,p=9
Field Read,context=Main:1,p
Field Read,context=Main:1,in
Field Read,context=Main:1,in
Field Read,context=Main:1,p
Field Read,context=Main:1,in
Field Read,context=Main:1,p
Field Write,context=Main:1,p=10
Field Read,context=Main:1,p
Field Read,context=Main:1,in
Field Read,context=Main:1,in
Field Read,context=Main:1,p
Field Read,context=Main:1,in
Field Read,context=Main:1,p
Field Write,context=Main:1,p=11
Field Read,context=Main:1,p
Field Read,context=Main:1,in
Variable Write,context=Main:1#digit:42,res=779
Variable Write,context=Main:1#digit:42,result=779
Method Exit,returner=Main:1#digit:42,value=779
Variable Write,context=Main:1#solve:1,c=779
Method Call,caller=Main:1#solve:1,target=Main:1#sum:12
Variable Write,context=Main:1#sum:12,a=127
Variable Write,context=Main:1#sum:12,b=476
Variable Write,context=Main:1#sum:12,n1=3
Variable Write,context=Main:1#sum:12,n2=3
New Object,object=java.lang.String[]:13
Field Write,context=java.lang.String[]:13,0=null
Field Write,context=java.lang.String[]:13,1=null
Field Write,context=java.lang.String[]:13,2=null
Field Write,context=java.lang.String[]:13,3=null
Variable Write,context=Main:1#sum:12,line=java.lang.String[]:13
Variable Write,context=Main:1#sum:12,line=java.lang.String[]:13
Variable Write,context=Main:1#sum:12,i=0
Variable Write,context=Main:1#sum:12,num=7
Variable Write,context=Main:1#sum:12,num2=6
Variable Write,context=Main:1#sum:12,num=13
Variable Write,context=Main:1#sum:12,line=java.lang.String[]:13
Field Write,context=java.lang.String[]:13,0=3
Field Write,context=java.lang.String[]:13,1=2
Field Write,context=java.lang.String[]:13,2=1
Variable Write,context=Main:1#sum:12,line=java.lang.String[]:13
Variable Write,context=Main:1#sum:12,num3=0
Variable Write,context=Main:1#sum:12,num3=2
Field Write,context=java.lang.String[]:13,1=3
Variable Write,context=Main:1#sum:12,line=java.lang.String[]:13
Variable Write,context=Main:1#sum:12,i=1
Variable Delete,method=Main:1#sum:12 <name=num,type=int (id=7),value=<?>,index=8>
Variable Delete,method=Main:1#sum:12 <name=num2,type=int (id=7),value=<?>,index=9>
Variable Delete,method=Main:1#sum:12 <name=num3,type=int (id=7),value=<?>,index=10>
Variable Write,context=Main:1#sum:12,num=3
Variable Write,context=Main:1#sum:12,num2=7
Variable Write,context=Main:1#sum:12,num=10
Variable Write,context=Main:1#sum:12,line=java.lang.String[]:13
Field Write,context=java.lang.String[]:13,1=0
Variable Write,context=Main:1#sum:12,line=java.lang.String[]:13
Variable Write,context=Main:1#sum:12,num3=0
Variable Write,context=Main:1#sum:12,num3=1
Field Write,context=java.lang.String[]:13,2=2
Variable Write,context=Main:1#sum:12,line=java.lang.String[]:13
Variable Write,context=Main:1#sum:12,i=2
Variable Delete,method=Main:1#sum:12 <name=num,type=int (id=7),value=<?>,index=8>
Variable Delete,method=Main:1#sum:12 <name=num2,type=int (id=7),value=<?>,index=9>
Variable Delete,method=Main:1#sum:12 <name=num3,type=int (id=7),value=<?>,index=10>
Variable Write,context=Main:1#sum:12,num=2
Variable Write,context=Main:1#sum:12,num2=4
Variable Write,context=Main:1#sum:12,num=6
Variable Write,context=Main:1#sum:12,line=java.lang.String[]:13
Variable Delete,method=Main:1#sum:12 <name=num,type=int (id=7),value=<?>,index=8>
Variable Delete,method=Main:1#sum:12 <name=num2,type=int (id=7),value=<?>,index=9>
Variable Delete,method=Main:1#sum:12 <name=i,type=int (id=7),value=<?>,index=7>
Variable Write,context=Main:1#sum:12,res=
Variable Write,context=Main:1#sum:12,i=3
Variable Write,context=Main:1#sum:12,i=2
Variable Write,context=Main:1#sum:12,res=6
Variable Write,context=Main:1#sum:12,i=1
Variable Write,context=Main:1#sum:12,res=60
Variable Write,context=Main:1#sum:12,i=0
Variable Write,context=Main:1#sum:12,res=603
Variable Write,context=Main:1#sum:12,result=603
Method Exit,returner=Main:1#sum:12,value=603
Variable Write,context=Main:1#solve:1,left=603
Variable Write,context=Main:1#solve:1,num=8
Variable Delete,method=Main:1#solve:1 <name=a,type=java.lang.String (id=25),value=<?>,index=5>
Variable Delete,method=Main:1#solve:1 <name=b,type=java.lang.String (id=25),value=<?>,index=6>
Variable Delete,method=Main:1#solve:1 <name=c,type=java.lang.String (id=25),value=<?>,index=7>
Variable Delete,method=Main:1#solve:1 <name=left,type=java.lang.String (id=25),value=<?>,index=8>
Field Read,context=Main:1,in
Variable Write,context=Main:1#solve:1,i=0
Field Read,context=Main:1,in
Variable Write,context=Main:1#solve:1,i=1
Field Read,context=Main:1,in
Variable Write,context=Main:1#solve:1,i=2
Field Read,context=Main:1,in
Field Write,context=char[]:2,2=8
Field Read,context=Main:1,in
Variable Write,context=Main:1#solve:1,i=3
Field Read,context=Main:1,in
Variable Write,context=Main:1#solve:1,i=4
Field Read,context=Main:1,in
Variable Write,context=Main:1#solve:1,i=5
Field Read,context=Main:1,in
Field Write,context=char[]:2,5=8
Field Read,context=Main:1,in
Variable Write,context=Main:1#solve:1,i=6
Field Read,context=Main:1,in
Variable Write,context=Main:1#solve:1,i=7
Field Read,context=Main:1,in
Variable Write,context=Main:1#solve:1,i=8
Field Read,context=Main:1,in
Field Write,context=char[]:2,8=8
Field Read,context=Main:1,in
Variable Write,context=Main:1#solve:1,i=9
Field Read,context=Main:1,in
Variable Write,context=Main:1#solve:1,i=10
Field Read,context=Main:1,in
Field Write,context=Main:1,p=0
Variable Delete,method=Main:1#solve:1 <name=i,type=int (id=7),value=<?>,index=4>
Method Call,caller=Main:1#solve:1,target=Main:1#digit:43
Variable Write,context=Main:1#digit:43,res=
Field Read,context=Main:1,p
Field Read,context=Main:1,in
Field Read,context=Main:1,in
Field Read,context=Main:1,p
Field Read,context=Main:1,in
Field Read,context=Main:1,p
Field Write,context=Main:1,p=1
Field Read,context=Main:1,p
Field Read,context=Main:1,in
Field Read,context=Main:1,in
Field Read,context=Main:1,p
Field Read,context=Main:1,in
Field Read,context=Main:1,p
Field Write,context=Main:1,p=2
Field Read,context=Main:1,p
Field Read,context=Main:1,in
Field Read,context=Main:1,in
Field Read,context=Main:1,p
Field Read,context=Main:1,in
Field Read,context=Main:1,p
Field Write,context=Main:1,p=3
Field Read,context=Main:1,p
Field Read,context=Main:1,in
Field Read,context=Main:1,in
Field Read,context=Main:1,p
Variable Write,context=Main:1#digit:43,res=128
Variable Write,context=Main:1#digit:43,result=128
Method Exit,returner=Main:1#digit:43,value=128
Variable Write,context=Main:1#solve:1,a=128
Field Read,context=Main:1,p
Field Write,context=Main:1,p=4
Method Call,caller=Main:1#solve:1,target=Main:1#digit:44
Variable Write,context=Main:1#digit:44,res=
Field Read,context=Main:1,p
Field Read,context=Main:1,in
Field Read,context=Main:1,in
Field Read,context=Main:1,p
Field Read,context=Main:1,in
Field Read,context=Main:1,p
Field Write,context=Main:1,p=5
Field Read,context=Main:1,p
Field Read,context=Main:1,in
Field Read,context=Main:1,in
Field Read,context=Main:1,p
Field Read,context=Main:1,in
Field Read,context=Main:1,p
Field Write,context=Main:1,p=6
Field Read,context=Main:1,p
Field Read,context=Main:1,in
Field Read,context=Main:1,in
Field Read,context=Main:1,p
Field Read,context=Main:1,in
Field Read,context=Main:1,p
Field Write,context=Main:1,p=7
Field Read,context=Main:1,p
Field Read,context=Main:1,in
Field Read,context=Main:1,in
Field Read,context=Main:1,p
Variable Write,context=Main:1#digit:44,res=486
Variable Write,context=Main:1#digit:44,result=486
Method Exit,returner=Main:1#digit:44,value=486
Variable Write,context=Main:1#solve:1,b=486
Field Read,context=Main:1,p
Field Write,context=Main:1,p=8
Method Call,caller=Main:1#solve:1,target=Main:1#digit:45
Variable Write,context=Main:1#digit:45,res=
Field Read,context=Main:1,p
Field Read,context=Main:1,in
Field Read,context=Main:1,in
Field Read,context=Main:1,p
Field Read,context=Main:1,in
Field Read,context=Main:1,p
Field Write,context=Main:1,p=9
Field Read,context=Main:1,p
Field Read,context=Main:1,in
Field Read,context=Main:1,in
Field Read,context=Main:1,p
Field Read,context=Main:1,in
Field Read,context=Main:1,p
Field Write,context=Main:1,p=10
Field Read,context=Main:1,p
Field Read,context=Main:1,in
Field Read,context=Main:1,in
Field Read,context=Main:1,p
Field Read,context=Main:1,in
Field Read,context=Main:1,p
Field Write,context=Main:1,p=11
Field Read,context=Main:1,p
Field Read,context=Main:1,in
Variable Write,context=Main:1#digit:45,res=879
Variable Write,context=Main:1#digit:45,result=879
Method Exit,returner=Main:1#digit:45,value=879
Variable Write,context=Main:1#solve:1,c=879
Method Call,caller=Main:1#solve:1,target=Main:1#sum:13
Variable Write,context=Main:1#sum:13,a=128
Variable Write,context=Main:1#sum:13,b=486
Variable Write,context=Main:1#sum:13,n1=3
Variable Write,context=Main:1#sum:13,n2=3
New Object,object=java.lang.String[]:14
Field Write,context=java.lang.String[]:14,0=null
Field Write,context=java.lang.String[]:14,1=null
Field Write,context=java.lang.String[]:14,2=null
Field Write,context=java.lang.String[]:14,3=null
Variable Write,context=Main:1#sum:13,line=java.lang.String[]:14
Variable Write,context=Main:1#sum:13,line=java.lang.String[]:14
Variable Write,context=Main:1#sum:13,i=0
Variable Write,context=Main:1#sum:13,num=8
Variable Write,context=Main:1#sum:13,num2=6
Variable Write,context=Main:1#sum:13,num=14
Variable Write,context=Main:1#sum:13,line=java.lang.String[]:14
Field Write,context=java.lang.String[]:14,0=4
Field Write,context=java.lang.String[]:14,1=2
Field Write,context=java.lang.String[]:14,2=1
Variable Write,context=Main:1#sum:13,line=java.lang.String[]:14
Variable Write,context=Main:1#sum:13,num3=0
Variable Write,context=Main:1#sum:13,num3=2
Field Write,context=java.lang.String[]:14,1=3
Variable Write,context=Main:1#sum:13,line=java.lang.String[]:14
Variable Write,context=Main:1#sum:13,i=1
Variable Delete,method=Main:1#sum:13 <name=num,type=int (id=7),value=<?>,index=8>
Variable Delete,method=Main:1#sum:13 <name=num2,type=int (id=7),value=<?>,index=9>
Variable Delete,method=Main:1#sum:13 <name=num3,type=int (id=7),value=<?>,index=10>
Variable Write,context=Main:1#sum:13,num=3
Variable Write,context=Main:1#sum:13,num2=8
Variable Write,context=Main:1#sum:13,num=11
Variable Write,context=Main:1#sum:13,line=java.lang.String[]:14
Field Write,context=java.lang.String[]:14,1=1
Variable Write,context=Main:1#sum:13,line=java.lang.String[]:14
Variable Write,context=Main:1#sum:13,num3=0
Variable Write,context=Main:1#sum:13,num3=1
Field Write,context=java.lang.String[]:14,2=2
Variable Write,context=Main:1#sum:13,line=java.lang.String[]:14
Variable Write,context=Main:1#sum:13,i=2
Variable Delete,method=Main:1#sum:13 <name=num,type=int (id=7),value=<?>,index=8>
Variable Delete,method=Main:1#sum:13 <name=num2,type=int (id=7),value=<?>,index=9>
Variable Delete,method=Main:1#sum:13 <name=num3,type=int (id=7),value=<?>,index=10>
Variable Write,context=Main:1#sum:13,num=2
Variable Write,context=Main:1#sum:13,num2=4
Variable Write,context=Main:1#sum:13,num=6
Variable Write,context=Main:1#sum:13,line=java.lang.String[]:14
Variable Delete,method=Main:1#sum:13 <name=num,type=int (id=7),value=<?>,index=8>
Variable Delete,method=Main:1#sum:13 <name=num2,type=int (id=7),value=<?>,index=9>
Variable Delete,method=Main:1#sum:13 <name=i,type=int (id=7),value=<?>,index=7>
Variable Write,context=Main:1#sum:13,res=
Variable Write,context=Main:1#sum:13,i=3
Variable Write,context=Main:1#sum:13,i=2
Variable Write,context=Main:1#sum:13,res=6
Variable Write,context=Main:1#sum:13,i=1
Variable Write,context=Main:1#sum:13,res=61
Variable Write,context=Main:1#sum:13,i=0
Variable Write,context=Main:1#sum:13,res=614
Variable Write,context=Main:1#sum:13,result=614
Method Exit,returner=Main:1#sum:13,value=614
Variable Write,context=Main:1#solve:1,left=614
Variable Write,context=Main:1#solve:1,num=9
Variable Delete,method=Main:1#solve:1 <name=a,type=java.lang.String (id=25),value=<?>,index=5>
Variable Delete,method=Main:1#solve:1 <name=b,type=java.lang.String (id=25),value=<?>,index=6>
Variable Delete,method=Main:1#solve:1 <name=c,type=java.lang.String (id=25),value=<?>,index=7>
Variable Delete,method=Main:1#solve:1 <name=left,type=java.lang.String (id=25),value=<?>,index=8>
Field Read,context=Main:1,in
Variable Write,context=Main:1#solve:1,i=0
Field Read,context=Main:1,in
Variable Write,context=Main:1#solve:1,i=1
Field Read,context=Main:1,in
Variable Write,context=Main:1#solve:1,i=2
Field Read,context=Main:1,in
Field Write,context=char[]:2,2=9
Field Read,context=Main:1,in
Variable Write,context=Main:1#solve:1,i=3
Field Read,context=Main:1,in
Variable Write,context=Main:1#solve:1,i=4
Field Read,context=Main:1,in
Variable Write,context=Main:1#solve:1,i=5
Field Read,context=Main:1,in
Field Write,context=char[]:2,5=9
Field Read,context=Main:1,in
Variable Write,context=Main:1#solve:1,i=6
Field Read,context=Main:1,in
Variable Write,context=Main:1#solve:1,i=7
Field Read,context=Main:1,in
Variable Write,context=Main:1#solve:1,i=8
Field Read,context=Main:1,in
Field Write,context=char[]:2,8=9
Field Read,context=Main:1,in
Variable Write,context=Main:1#solve:1,i=9
Field Read,context=Main:1,in
Variable Write,context=Main:1#solve:1,i=10
Field Read,context=Main:1,in
Field Write,context=Main:1,p=0
Variable Delete,method=Main:1#solve:1 <name=i,type=int (id=7),value=<?>,index=4>
Method Call,caller=Main:1#solve:1,target=Main:1#digit:46
Variable Write,context=Main:1#digit:46,res=
Field Read,context=Main:1,p
Field Read,context=Main:1,in
Field Read,context=Main:1,in
Field Read,context=Main:1,p
Field Read,context=Main:1,in
Field Read,context=Main:1,p
Field Write,context=Main:1,p=1
Field Read,context=Main:1,p
Field Read,context=Main:1,in
Field Read,context=Main:1,in
Field Read,context=Main:1,p
Field Read,context=Main:1,in
Field Read,context=Main:1,p
Field Write,context=Main:1,p=2
Field Read,context=Main:1,p
Field Read,context=Main:1,in
Field Read,context=Main:1,in
Field Read,context=Main:1,p
Field Read,context=Main:1,in
Field Read,context=Main:1,p
Field Write,context=Main:1,p=3
Field Read,context=Main:1,p
Field Read,context=Main:1,in
Field Read,context=Main:1,in
Field Read,context=Main:1,p
Variable Write,context=Main:1#digit:46,res=129
Variable Write,context=Main:1#digit:46,result=129
Method Exit,returner=Main:1#digit:46,value=129
Variable Write,context=Main:1#solve:1,a=129
Field Read,context=Main:1,p
Field Write,context=Main:1,p=4
Method Call,caller=Main:1#solve:1,target=Main:1#digit:47
Variable Write,context=Main:1#digit:47,res=
Field Read,context=Main:1,p
Field Read,context=Main:1,in
Field Read,context=Main:1,in
Field Read,context=Main:1,p
Field Read,context=Main:1,in
Field Read,context=Main:1,p
Field Write,context=Main:1,p=5
Field Read,context=Main:1,p
Field Read,context=Main:1,in
Field Read,context=Main:1,in
Field Read,context=Main:1,p
Field Read,context=Main:1,in
Field Read,context=Main:1,p
Field Write,context=Main:1,p=6
Field Read,context=Main:1,p
Field Read,context=Main:1,in
Field Read,context=Main:1,in
Field Read,context=Main:1,p
Field Read,context=Main:1,in
Field Read,context=Main:1,p
Field Write,context=Main:1,p=7
Field Read,context=Main:1,p
Field Read,context=Main:1,in
Field Read,context=Main:1,in
Field Read,context=Main:1,p
Variable Write,context=Main:1#digit:47,res=496
Variable Write,context=Main:1#digit:47,result=496
Method Exit,returner=Main:1#digit:47,value=496
Variable Write,context=Main:1#solve:1,b=496
Field Read,context=Main:1,p
Field Write,context=Main:1,p=8
Method Call,caller=Main:1#solve:1,target=Main:1#digit:48
Variable Write,context=Main:1#digit:48,res=
Field Read,context=Main:1,p
Field Read,context=Main:1,in
Field Read,context=Main:1,in
Field Read,context=Main:1,p
Field Read,context=Main:1,in
Field Read,context=Main:1,p
Field Write,context=Main:1,p=9
Field Read,context=Main:1,p
Field Read,context=Main:1,in
Field Read,context=Main:1,in
Field Read,context=Main:1,p
Field Read,context=Main:1,in
Field Read,context=Main:1,p
Field Write,context=Main:1,p=10
Field Read,context=Main:1,p
Field Read,context=Main:1,in
Field Read,context=Main:1,in
Field Read,context=Main:1,p
Field Read,context=Main:1,in
Field Read,context=Main:1,p
Field Write,context=Main:1,p=11
Field Read,context=Main:1,p
Field Read,context=Main:1,in
Variable Write,context=Main:1#digit:48,res=979
Variable Write,context=Main:1#digit:48,result=979
Method Exit,returner=Main:1#digit:48,value=979
Variable Write,context=Main:1#solve:1,c=979
Method Call,caller=Main:1#solve:1,target=Main:1#sum:14
Variable Write,context=Main:1#sum:14,a=129
Variable Write,context=Main:1#sum:14,b=496
Variable Write,context=Main:1#sum:14,n1=3
Variable Write,context=Main:1#sum:14,n2=3
New Object,object=java.lang.String[]:15
Field Write,context=java.lang.String[]:15,0=null
Field Write,context=java.lang.String[]:15,1=null
Field Write,context=java.lang.String[]:15,2=null
Field Write,context=java.lang.String[]:15,3=null
Variable Write,context=Main:1#sum:14,line=java.lang.String[]:15
Variable Write,context=Main:1#sum:14,line=java.lang.String[]:15
Variable Write,context=Main:1#sum:14,i=0
Variable Write,context=Main:1#sum:14,num=9
Variable Write,context=Main:1#sum:14,num2=6
Variable Write,context=Main:1#sum:14,num=15
Variable Write,context=Main:1#sum:14,line=java.lang.String[]:15
Field Write,context=java.lang.String[]:15,0=5
Field Write,context=java.lang.String[]:15,1=2
Field Write,context=java.lang.String[]:15,2=1
Variable Write,context=Main:1#sum:14,line=java.lang.String[]:15
Variable Write,context=Main:1#sum:14,num3=0
Variable Write,context=Main:1#sum:14,num3=2
Field Write,context=java.lang.String[]:15,1=3
Variable Write,context=Main:1#sum:14,line=java.lang.String[]:15
Variable Write,context=Main:1#sum:14,i=1
Variable Delete,method=Main:1#sum:14 <name=num,type=int (id=7),value=<?>,index=8>
Variable Delete,method=Main:1#sum:14 <name=num2,type=int (id=7),value=<?>,index=9>
Variable Delete,method=Main:1#sum:14 <name=num3,type=int (id=7),value=<?>,index=10>
Variable Write,context=Main:1#sum:14,num=3
Variable Write,context=Main:1#sum:14,num2=9
Variable Write,context=Main:1#sum:14,num=12
Variable Write,context=Main:1#sum:14,line=java.lang.String[]:15
Field Write,context=java.lang.String[]:15,1=2
Variable Write,context=Main:1#sum:14,line=java.lang.String[]:15
Variable Write,context=Main:1#sum:14,num3=0
Variable Write,context=Main:1#sum:14,num3=1
Field Write,context=java.lang.String[]:15,2=2
Variable Write,context=Main:1#sum:14,line=java.lang.String[]:15
Variable Write,context=Main:1#sum:14,i=2
Variable Delete,method=Main:1#sum:14 <name=num,type=int (id=7),value=<?>,index=8>
Variable Delete,method=Main:1#sum:14 <name=num2,type=int (id=7),value=<?>,index=9>
Variable Delete,method=Main:1#sum:14 <name=num3,type=int (id=7),value=<?>,index=10>
Variable Write,context=Main:1#sum:14,num=2
Variable Write,context=Main:1#sum:14,num2=4
Variable Write,context=Main:1#sum:14,num=6
Variable Write,context=Main:1#sum:14,line=java.lang.String[]:15
Variable Delete,method=Main:1#sum:14 <name=num,type=int (id=7),value=<?>,index=8>
Variable Delete,method=Main:1#sum:14 <name=num2,type=int (id=7),value=<?>,index=9>
Variable Delete,method=Main:1#sum:14 <name=i,type=int (id=7),value=<?>,index=7>
Variable Write,context=Main:1#sum:14,res=
Variable Write,context=Main:1#sum:14,i=3
Variable Write,context=Main:1#sum:14,i=2
Variable Write,context=Main:1#sum:14,res=6
Variable Write,context=Main:1#sum:14,i=1
Variable Write,context=Main:1#sum:14,res=62
Variable Write,context=Main:1#sum:14,i=0
Variable Write,context=Main:1#sum:14,res=625
Variable Write,context=Main:1#sum:14,result=625
Method Exit,returner=Main:1#sum:14,value=625
Variable Write,context=Main:1#solve:1,left=625
Variable Delete,method=Main:1#solve:1 <name=a,type=java.lang.String (id=25),value=<?>,index=5>
Variable Delete,method=Main:1#solve:1 <name=b,type=java.lang.String (id=25),value=<?>,index=6>
Variable Delete,method=Main:1#solve:1 <name=c,type=java.lang.String (id=25),value=<?>,index=7>
Variable Delete,method=Main:1#solve:1 <name=left,type=java.lang.String (id=25),value=<?>,index=8>
Variable Delete,method=Main:1#solve:1 <name=num,type=int (id=7),value=<?>,index=3>
Variable Delete,method=Main:1#solve:1 <name=s,type=java.lang.String (id=25),value=XX22+89=X2XX,index=1>
Variable Delete,method=Main:1#solve:1 <name=ans,type=int (id=7),value=1,index=2>
Variable Write,context=Main:1#solve:1,s=XX22+89=X2XX
New Object,object=char[]:3
Field Write,context=char[]:3,0=X
Field Write,context=char[]:3,1=X
Field Write,context=char[]:3,2=2
Field Write,context=char[]:3,3=2
Field Write,context=char[]:3,4=+
Field Write,context=char[]:3,5=8
Field Write,context=char[]:3,6=9
Field Write,context=char[]:3,7==
Field Write,context=char[]:3,8=X
Field Write,context=char[]:3,9=2
Field Write,context=char[]:3,10=X
Field Write,context=char[]:3,11=X
Field Write,context=Main:1,in=char[]:3
Variable Write,context=Main:1#solve:1,ans=-1
Variable Write,context=Main:1#solve:1,num=0
Field Read,context=Main:1,in
Variable Write,context=Main:1#solve:1,i=0
Field Read,context=Main:1,in
Field Write,context=char[]:3,0=0
Field Read,context=Main:1,in
Variable Write,context=Main:1#solve:1,i=1
Field Read,context=Main:1,in
Field Write,context=char[]:3,1=0
Field Read,context=Main:1,in
Variable Write,context=Main:1#solve:1,i=2
Field Read,context=Main:1,in
Variable Write,context=Main:1#solve:1,i=3
Field Read,context=Main:1,in
Variable Write,context=Main:1#solve:1,i=4
Field Read,context=Main:1,in
Variable Write,context=Main:1#solve:1,i=5
Field Read,context=Main:1,in
Variable Write,context=Main:1#solve:1,i=6
Field Read,context=Main:1,in
Variable Write,context=Main:1#solve:1,i=7
Field Read,context=Main:1,in
Variable Write,context=Main:1#solve:1,i=8
Field Read,context=Main:1,in
Field Write,context=char[]:3,8=0
Field Read,context=Main:1,in
Variable Write,context=Main:1#solve:1,i=9
Field Read,context=Main:1,in
Variable Write,context=Main:1#solve:1,i=10
Field Read,context=Main:1,in
Field Write,context=char[]:3,10=0
Field Read,context=Main:1,in
Variable Write,context=Main:1#solve:1,i=11
Field Read,context=Main:1,in
Field Write,context=char[]:3,11=0
Field Read,context=Main:1,in
Field Write,context=Main:1,p=0
Variable Delete,method=Main:1#solve:1 <name=i,type=int (id=7),value=<?>,index=4>
Method Call,caller=Main:1#solve:1,target=Main:1#digit:49
Variable Write,context=Main:1#digit:49,res=
Field Read,context=Main:1,p
Field Read,context=Main:1,in
Field Read,context=Main:1,in
Field Read,context=Main:1,p
Field Read,context=Main:1,in
Field Read,context=Main:1,p
Field Write,context=Main:1,p=1
Field Read,context=Main:1,p
Field Read,context=Main:1,in
Field Read,context=Main:1,in
Field Read,context=Main:1,p
Field Read,context=Main:1,in
Field Read,context=Main:1,p
Field Write,context=Main:1,p=2
Field Read,context=Main:1,p
Field Read,context=Main:1,in
Field Read,context=Main:1,in
Field Read,context=Main:1,p
Field Read,context=Main:1,in
Field Read,context=Main:1,p
Field Write,context=Main:1,p=3
Field Read,context=Main:1,p
Field Read,context=Main:1,in
Field Read,context=Main:1,in
Field Read,context=Main:1,p
Field Read,context=Main:1,in
Field Read,context=Main:1,p
Field Write,context=Main:1,p=4
Field Read,context=Main:1,p
Field Read,context=Main:1,in
Field Read,context=Main:1,in
Field Read,context=Main:1,p
Variable Write,context=Main:1#digit:49,res=0022
Variable Write,context=Main:1#digit:49,result=0022
Method Exit,returner=Main:1#digit:49,value=0022
Variable Write,context=Main:1#solve:1,a=0022
Field Read,context=Main:1,p
Field Write,context=Main:1,p=5
Method Call,caller=Main:1#solve:1,target=Main:1#digit:50
Variable Write,context=Main:1#digit:50,res=
Field Read,context=Main:1,p
Field Read,context=Main:1,in
Field Read,context=Main:1,in
Field Read,context=Main:1,p
Field Read,context=Main:1,in
Field Read,context=Main:1,p
Field Write,context=Main:1,p=6
Field Read,context=Main:1,p
Field Read,context=Main:1,in
Field Read,context=Main:1,in
Field Read,context=Main:1,p
Field Read,context=Main:1,in
Field Read,context=Main:1,p
Field Write,context=Main:1,p=7
Field Read,context=Main:1,p
Field Read,context=Main:1,in
Field Read,context=Main:1,in
Field Read,context=Main:1,p
Variable Write,context=Main:1#digit:50,res=89
Variable Write,context=Main:1#digit:50,result=89
Method Exit,returner=Main:1#digit:50,value=89
Variable Write,context=Main:1#solve:1,b=89
Field Read,context=Main:1,p
Field Write,context=Main:1,p=8
Method Call,caller=Main:1#solve:1,target=Main:1#digit:51
Variable Write,context=Main:1#digit:51,res=
Field Read,context=Main:1,p
Field Read,context=Main:1,in
Field Read,context=Main:1,in
Field Read,context=Main:1,p
Field Read,context=Main:1,in
Field Read,context=Main:1,p
Field Write,context=Main:1,p=9
Field Read,context=Main:1,p
Field Read,context=Main:1,in
Field Read,context=Main:1,in
Field Read,context=Main:1,p
Field Read,context=Main:1,in
Field Read,context=Main:1,p
Field Write,context=Main:1,p=10
Field Read,context=Main:1,p
Field Read,context=Main:1,in
Field Read,context=Main:1,in
Field Read,context=Main:1,p
Field Read,context=Main:1,in
Field Read,context=Main:1,p
Field Write,context=Main:1,p=11
Field Read,context=Main:1,p
Field Read,context=Main:1,in
Field Read,context=Main:1,in
Field Read,context=Main:1,p
Field Read,context=Main:1,in
Field Read,context=Main:1,p
Field Write,context=Main:1,p=12
Field Read,context=Main:1,p
Field Read,context=Main:1,in
Variable Write,context=Main:1#digit:51,res=0200
Variable Write,context=Main:1#digit:51,result=0200
Method Exit,returner=Main:1#digit:51,value=0200
Variable Write,context=Main:1#solve:1,c=0200
Variable Write,context=Main:1#solve:1,num=1
Variable Delete,method=Main:1#solve:1 <name=a,type=java.lang.String (id=25),value=<?>,index=5>
Variable Delete,method=Main:1#solve:1 <name=b,type=java.lang.String (id=25),value=<?>,index=6>
Variable Delete,method=Main:1#solve:1 <name=c,type=java.lang.String (id=25),value=<?>,index=7>
Field Read,context=Main:1,in
Variable Write,context=Main:1#solve:1,i=0
Field Read,context=Main:1,in
Field Write,context=char[]:3,0=1
Field Read,context=Main:1,in
Variable Write,context=Main:1#solve:1,i=1
Field Read,context=Main:1,in
Field Write,context=char[]:3,1=1
Field Read,context=Main:1,in
Variable Write,context=Main:1#solve:1,i=2
Field Read,context=Main:1,in
Variable Write,context=Main:1#solve:1,i=3
Field Read,context=Main:1,in
Variable Write,context=Main:1#solve:1,i=4
Field Read,context=Main:1,in
Variable Write,context=Main:1#solve:1,i=5
Field Read,context=Main:1,in
Variable Write,context=Main:1#solve:1,i=6
Field Read,context=Main:1,in
Variable Write,context=Main:1#solve:1,i=7
Field Read,context=Main:1,in
Variable Write,context=Main:1#solve:1,i=8
Field Read,context=Main:1,in
Field Write,context=char[]:3,8=1
Field Read,context=Main:1,in
Variable Write,context=Main:1#solve:1,i=9
Field Read,context=Main:1,in
Variable Write,context=Main:1#solve:1,i=10
Field Read,context=Main:1,in
Field Write,context=char[]:3,10=1
Field Read,context=Main:1,in
Variable Write,context=Main:1#solve:1,i=11
Field Read,context=Main:1,in
Field Write,context=char[]:3,11=1
Field Read,context=Main:1,in
Field Write,context=Main:1,p=0
Variable Delete,method=Main:1#solve:1 <name=i,type=int (id=7),value=<?>,index=4>
Method Call,caller=Main:1#solve:1,target=Main:1#digit:52
Variable Write,context=Main:1#digit:52,res=
Field Read,context=Main:1,p
Field Read,context=Main:1,in
Field Read,context=Main:1,in
Field Read,context=Main:1,p
Field Read,context=Main:1,in
Field Read,context=Main:1,p
Field Write,context=Main:1,p=1
Field Read,context=Main:1,p
Field Read,context=Main:1,in
Field Read,context=Main:1,in
Field Read,context=Main:1,p
Field Read,context=Main:1,in
Field Read,context=Main:1,p
Field Write,context=Main:1,p=2
Field Read,context=Main:1,p
Field Read,context=Main:1,in
Field Read,context=Main:1,in
Field Read,context=Main:1,p
Field Read,context=Main:1,in
Field Read,context=Main:1,p
Field Write,context=Main:1,p=3
Field Read,context=Main:1,p
Field Read,context=Main:1,in
Field Read,context=Main:1,in
Field Read,context=Main:1,p
Field Read,context=Main:1,in
Field Read,context=Main:1,p
Field Write,context=Main:1,p=4
Field Read,context=Main:1,p
Field Read,context=Main:1,in
Field Read,context=Main:1,in
Field Read,context=Main:1,p
Variable Write,context=Main:1#digit:52,res=1122
Variable Write,context=Main:1#digit:52,result=1122
Method Exit,returner=Main:1#digit:52,value=1122
Variable Write,context=Main:1#solve:1,a=1122
Field Read,context=Main:1,p
Field Write,context=Main:1,p=5
Method Call,caller=Main:1#solve:1,target=Main:1#digit:53
Variable Write,context=Main:1#digit:53,res=
Field Read,context=Main:1,p
Field Read,context=Main:1,in
Field Read,context=Main:1,in
Field Read,context=Main:1,p
Field Read,context=Main:1,in
Field Read,context=Main:1,p
Field Write,context=Main:1,p=6
Field Read,context=Main:1,p
Field Read,context=Main:1,in
Field Read,context=Main:1,in
Field Read,context=Main:1,p
Field Read,context=Main:1,in
Field Read,context=Main:1,p
Field Write,context=Main:1,p=7
Field Read,context=Main:1,p
Field Read,context=Main:1,in
Field Read,context=Main:1,in
Field Read,context=Main:1,p
Variable Write,context=Main:1#digit:53,res=89
Variable Write,context=Main:1#digit:53,result=89
Method Exit,returner=Main:1#digit:53,value=89
Variable Write,context=Main:1#solve:1,b=89
Field Read,context=Main:1,p
Field Write,context=Main:1,p=8
Method Call,caller=Main:1#solve:1,target=Main:1#digit:54
Variable Write,context=Main:1#digit:54,res=
Field Read,context=Main:1,p
Field Read,context=Main:1,in
Field Read,context=Main:1,in
Field Read,context=Main:1,p
Field Read,context=Main:1,in
Field Read,context=Main:1,p
Field Write,context=Main:1,p=9
Field Read,context=Main:1,p
Field Read,context=Main:1,in
Field Read,context=Main:1,in
Field Read,context=Main:1,p
Field Read,context=Main:1,in
Field Read,context=Main:1,p
Field Write,context=Main:1,p=10
Field Read,context=Main:1,p
Field Read,context=Main:1,in
Field Read,context=Main:1,in
Field Read,context=Main:1,p
Field Read,context=Main:1,in
Field Read,context=Main:1,p
Field Write,context=Main:1,p=11
Field Read,context=Main:1,p
Field Read,context=Main:1,in
Field Read,context=Main:1,in
Field Read,context=Main:1,p
Field Read,context=Main:1,in
Field Read,context=Main:1,p
Field Write,context=Main:1,p=12
Field Read,context=Main:1,p
Field Read,context=Main:1,in
Variable Write,context=Main:1#digit:54,res=1211
Variable Write,context=Main:1#digit:54,result=1211
Method Exit,returner=Main:1#digit:54,value=1211
Variable Write,context=Main:1#solve:1,c=1211
Method Call,caller=Main:1#solve:1,target=Main:1#sum:15
Variable Write,context=Main:1#sum:15,a=1122
Variable Write,context=Main:1#sum:15,b=89
Variable Write,context=Main:1#sum:15,n1=4
Variable Write,context=Main:1#sum:15,n2=2
New Object,object=java.lang.String[]:16
Field Write,context=java.lang.String[]:16,0=null
Field Write,context=java.lang.String[]:16,1=null
Field Write,context=java.lang.String[]:16,2=null
Field Write,context=java.lang.String[]:16,3=null
Field Write,context=java.lang.String[]:16,4=null
Variable Write,context=Main:1#sum:15,line=java.lang.String[]:16
Variable Write,context=Main:1#sum:15,line=java.lang.String[]:16
Variable Write,context=Main:1#sum:15,i=0
Variable Write,context=Main:1#sum:15,num=2
Variable Write,context=Main:1#sum:15,num2=9
Variable Write,context=Main:1#sum:15,num=11
Variable Write,context=Main:1#sum:15,line=java.lang.String[]:16
Field Write,context=java.lang.String[]:16,0=1
Field Write,context=java.lang.String[]:16,1=2
Field Write,context=java.lang.String[]:16,2=1
Field Write,context=java.lang.String[]:16,3=1
Variable Write,context=Main:1#sum:15,line=java.lang.String[]:16
Variable Write,context=Main:1#sum:15,num3=0
Variable Write,context=Main:1#sum:15,num3=2
Field Write,context=java.lang.String[]:16,1=3
Variable Write,context=Main:1#sum:15,line=java.lang.String[]:16
Variable Write,context=Main:1#sum:15,i=1
Variable Delete,method=Main:1#sum:15 <name=num,type=int (id=7),value=<?>,index=8>
Variable Delete,method=Main:1#sum:15 <name=num2,type=int (id=7),value=<?>,index=9>
Variable Delete,method=Main:1#sum:15 <name=num3,type=int (id=7),value=<?>,index=10>
Variable Write,context=Main:1#sum:15,num=3
Variable Write,context=Main:1#sum:15,num2=8
Variable Write,context=Main:1#sum:15,num=11
Variable Write,context=Main:1#sum:15,line=java.lang.String[]:16
Field Write,context=java.lang.String[]:16,1=1
Variable Write,context=Main:1#sum:15,line=java.lang.String[]:16
Variable Write,context=Main:1#sum:15,num3=0
Variable Write,context=Main:1#sum:15,num3=1
Field Write,context=java.lang.String[]:16,2=2
Variable Write,context=Main:1#sum:15,line=java.lang.String[]:16
Variable Delete,method=Main:1#sum:15 <name=num,type=int (id=7),value=<?>,index=8>
Variable Delete,method=Main:1#sum:15 <name=num2,type=int (id=7),value=<?>,index=9>
Variable Delete,method=Main:1#sum:15 <name=num3,type=int (id=7),value=<?>,index=10>
Variable Delete,method=Main:1#sum:15 <name=i,type=int (id=7),value=<?>,index=7>
Variable Write,context=Main:1#sum:15,res=
Variable Write,context=Main:1#sum:15,i=4
Variable Write,context=Main:1#sum:15,i=3
Variable Write,context=Main:1#sum:15,res=1
Variable Write,context=Main:1#sum:15,i=2
Variable Write,context=Main:1#sum:15,res=12
Variable Write,context=Main:1#sum:15,i=1
Variable Write,context=Main:1#sum:15,res=121
Variable Write,context=Main:1#sum:15,i=0
Variable Write,context=Main:1#sum:15,res=1211
Variable Write,context=Main:1#sum:15,result=1211
Method Exit,returner=Main:1#sum:15,value=1211
Variable Write,context=Main:1#solve:1,left=1211
Variable Write,context=Main:1#solve:1,ans=1
Variable Delete,method=Main:1#solve:1 <name=num,type=int (id=7),value=<?>,index=3>
Variable Delete,method=Main:1#solve:1 <name=a,type=java.lang.String (id=25),value=<?>,index=5>
Variable Delete,method=Main:1#solve:1 <name=b,type=java.lang.String (id=25),value=<?>,index=6>
Variable Delete,method=Main:1#solve:1 <name=c,type=java.lang.String (id=25),value=<?>,index=7>
Variable Delete,method=Main:1#solve:1 <name=left,type=java.lang.String (id=25),value=<?>,index=8>
Method Exit,returner=Main:1#solve:1,value=<void>
Method Exit,returner=Main#main:1,value=<void>
Thread End,
