Thread Start,main (1)
Method Call,caller=SYSTEM,target=Main#main:1
New Object,object=java.lang.String[]:1
Variable Write,context=Main#main:1,args=java.lang.String[]:1
Variable Write,context=Main#main:1,scan=java.util.Scanner (id=363)
Variable Write,context=Main#main:1,n=7
New Object,object=Ring:1
Method Call,caller=Main#main:1,target=Ring:1#Ring:1
Variable Write,context=Ring:1#Ring:1,n=7
Field Write,context=Ring:1,used=boolean[101] (id=367)
Field Write,context=Ring:1,elemP=0
Field Write,context=Ring:1,elemV=-1
New Object,object=int[]:1
Field Write,context=int[]:1,0=0
Field Write,context=int[]:1,1=0
Field Write,context=int[]:1,2=0
Field Write,context=int[]:1,3=0
Field Write,context=int[]:1,4=0
Field Write,context=int[]:1,5=0
Field Write,context=int[]:1,6=0
Field Write,context=int[]:1,7=0
Field Write,context=int[]:1,8=0
Field Write,context=int[]:1,9=0
Field Write,context=int[]:1,10=0
Field Write,context=int[]:1,11=0
Field Write,context=int[]:1,12=0
Field Write,context=int[]:1,13=0
Field Write,context=Ring:1,st=int[]:1
New Object,object=int[]:2
Field Write,context=int[]:2,0=0
Field Write,context=int[]:2,1=0
Field Write,context=int[]:2,2=0
Field Write,context=int[]:2,3=0
Field Write,context=int[]:2,4=0
Field Write,context=int[]:2,5=0
Field Write,context=int[]:2,6=0
Field Write,context=int[]:2,7=0
Field Write,context=int[]:2,8=0
Field Write,context=int[]:2,9=0
Field Write,context=int[]:2,10=0
Field Write,context=int[]:2,11=0
Field Write,context=int[]:2,12=0
Field Write,context=int[]:2,13=0
Field Write,context=Ring:1,ed=int[]:2
Method Exit,returner=Ring:1#Ring:1,value=<void>
Variable Write,context=Main#main:1,r=Ring:1
Variable Write,context=Main#main:1,i=0
Variable Write,context=Main#main:1,x=1
Variable Write,context=Main#main:1,y=3
Method Call,caller=Main#main:1,target=Ring:1#add:1
Variable Write,context=Ring:1#add:1,y=3
Variable Write,context=Ring:1#add:1,i=0
Variable Write,context=Ring:1#add:1,x=1
Field Read,context=Ring:1,st
Field Write,context=int[]:1,0=1
Field Read,context=Ring:1,ed
Field Write,context=int[]:2,0=3
Field Read,context=Ring:1,st
Field Write,context=int[]:1,1=3
Field Read,context=Ring:1,ed
Field Write,context=int[]:2,1=1
Method Exit,returner=Ring:1#add:1,value=<void>
Variable Write,context=Main#main:1,i=1
Variable Delete,method=Main#main:1 <name=x,type=int (id=7),value=<?>,index=5>
Variable Delete,method=Main#main:1 <name=y,type=int (id=7),value=<?>,index=6>
Variable Write,context=Main#main:1,x=3
Variable Write,context=Main#main:1,y=4
Method Call,caller=Main#main:1,target=Ring:1#add:2
Variable Write,context=Ring:1#add:2,y=4
Variable Write,context=Ring:1#add:2,i=1
Variable Write,context=Ring:1#add:2,x=3
Field Read,context=Ring:1,st
Field Write,context=int[]:1,2=3
Field Read,context=Ring:1,ed
Field Write,context=int[]:2,2=4
Field Read,context=Ring:1,st
Field Write,context=int[]:1,3=4
Field Read,context=Ring:1,ed
Field Write,context=int[]:2,3=3
Method Exit,returner=Ring:1#add:2,value=<void>
Variable Write,context=Main#main:1,i=2
Variable Delete,method=Main#main:1 <name=x,type=int (id=7),value=<?>,index=5>
Variable Delete,method=Main#main:1 <name=y,type=int (id=7),value=<?>,index=6>
Variable Write,context=Main#main:1,x=1
Variable Write,context=Main#main:1,y=4
Method Call,caller=Main#main:1,target=Ring:1#add:3
Variable Write,context=Ring:1#add:3,y=4
Variable Write,context=Ring:1#add:3,i=2
Variable Write,context=Ring:1#add:3,x=1
Field Read,context=Ring:1,st
Field Write,context=int[]:1,4=1
Field Read,context=Ring:1,ed
Field Write,context=int[]:2,4=4
Field Read,context=Ring:1,st
Field Write,context=int[]:1,5=4
Field Read,context=Ring:1,ed
Field Write,context=int[]:2,5=1
Method Exit,returner=Ring:1#add:3,value=<void>
Variable Write,context=Main#main:1,i=3
Variable Delete,method=Main#main:1 <name=x,type=int (id=7),value=<?>,index=5>
Variable Delete,method=Main#main:1 <name=y,type=int (id=7),value=<?>,index=6>
Variable Write,context=Main#main:1,x=2
Variable Write,context=Main#main:1,y=7
Method Call,caller=Main#main:1,target=Ring:1#add:4
Variable Write,context=Ring:1#add:4,y=7
Variable Write,context=Ring:1#add:4,i=3
Variable Write,context=Ring:1#add:4,x=2
Field Read,context=Ring:1,st
Field Write,context=int[]:1,6=2
Field Read,context=Ring:1,ed
Field Write,context=int[]:2,6=7
Field Read,context=Ring:1,st
Field Write,context=int[]:1,7=7
Field Read,context=Ring:1,ed
Field Write,context=int[]:2,7=2
Method Exit,returner=Ring:1#add:4,value=<void>
Variable Write,context=Main#main:1,i=4
Variable Delete,method=Main#main:1 <name=x,type=int (id=7),value=<?>,index=5>
Variable Delete,method=Main#main:1 <name=y,type=int (id=7),value=<?>,index=6>
Variable Write,context=Main#main:1,x=5
Variable Write,context=Main#main:1,y=7
Method Call,caller=Main#main:1,target=Ring:1#add:5
Variable Write,context=Ring:1#add:5,y=7
Variable Write,context=Ring:1#add:5,i=4
Variable Write,context=Ring:1#add:5,x=5
Field Read,context=Ring:1,st
Field Write,context=int[]:1,8=5
Field Read,context=Ring:1,ed
Field Write,context=int[]:2,8=7
Field Read,context=Ring:1,st
Field Write,context=int[]:1,9=7
Field Read,context=Ring:1,ed
Field Write,context=int[]:2,9=5
Method Exit,returner=Ring:1#add:5,value=<void>
Variable Write,context=Main#main:1,i=5
Variable Delete,method=Main#main:1 <name=x,type=int (id=7),value=<?>,index=5>
Variable Delete,method=Main#main:1 <name=y,type=int (id=7),value=<?>,index=6>
Variable Write,context=Main#main:1,x=6
Variable Write,context=Main#main:1,y=7
Method Call,caller=Main#main:1,target=Ring:1#add:6
Variable Write,context=Ring:1#add:6,y=7
Variable Write,context=Ring:1#add:6,i=5
Variable Write,context=Ring:1#add:6,x=6
Field Read,context=Ring:1,st
Field Write,context=int[]:1,10=6
Field Read,context=Ring:1,ed
Field Write,context=int[]:2,10=7
Field Read,context=Ring:1,st
Field Write,context=int[]:1,11=7
Field Read,context=Ring:1,ed
Field Write,context=int[]:2,11=6
Method Exit,returner=Ring:1#add:6,value=<void>
Variable Write,context=Main#main:1,i=6
Variable Delete,method=Main#main:1 <name=x,type=int (id=7),value=<?>,index=5>
Variable Delete,method=Main#main:1 <name=y,type=int (id=7),value=<?>,index=6>
Variable Write,context=Main#main:1,x=1
Variable Write,context=Main#main:1,y=7
Method Call,caller=Main#main:1,target=Ring:1#add:7
Variable Write,context=Ring:1#add:7,y=7
Variable Write,context=Ring:1#add:7,i=6
Variable Write,context=Ring:1#add:7,x=1
Field Read,context=Ring:1,st
Field Write,context=int[]:1,12=1
Field Read,context=Ring:1,ed
Field Write,context=int[]:2,12=7
Field Read,context=Ring:1,st
Field Write,context=int[]:1,13=7
Field Read,context=Ring:1,ed
Field Write,context=int[]:2,13=1
Method Exit,returner=Ring:1#add:7,value=<void>
Variable Delete,method=Main#main:1 <name=x,type=int (id=7),value=<?>,index=5>
Variable Delete,method=Main#main:1 <name=y,type=int (id=7),value=<?>,index=6>
Method Call,caller=Main#main:1,target=Ring:1#sort:1
Field Read,context=Ring:1,st
Variable Write,context=Ring:1#sort:1,i=0
Field Read,context=Ring:1,st
Variable Write,context=Ring:1#sort:1,j=13
Field Read,context=Ring:1,st
Field Read,context=Ring:1,st
Field Read,context=Ring:1,st
Field Read,context=Ring:1,st
Variable Write,context=Ring:1#sort:1,j=12
Field Read,context=Ring:1,st
Field Read,context=Ring:1,st
Field Read,context=Ring:1,st
Variable Write,context=Ring:1#sort:1,tmp=1
Field Read,context=Ring:1,st
Field Read,context=Ring:1,st
Field Write,context=int[]:1,12=7
Field Read,context=Ring:1,st
Field Write,context=int[]:1,11=1
Field Read,context=Ring:1,ed
Variable Write,context=Ring:1#sort:1,tmp=7
Field Read,context=Ring:1,ed
Field Read,context=Ring:1,ed
Field Write,context=int[]:2,12=6
Field Read,context=Ring:1,ed
Field Write,context=int[]:2,11=7
Variable Write,context=Ring:1#sort:1,j=11
Variable Delete,method=Ring:1#sort:1 <name=tmp,type=int (id=7),value=<?>,index=2>
Field Read,context=Ring:1,st
Field Read,context=Ring:1,st
Field Read,context=Ring:1,st
Variable Write,context=Ring:1#sort:1,tmp=1
Field Read,context=Ring:1,st
Field Read,context=Ring:1,st
Field Write,context=int[]:1,11=6
Field Read,context=Ring:1,st
Field Write,context=int[]:1,10=1
Field Read,context=Ring:1,ed
Variable Write,context=Ring:1#sort:1,tmp=7
Field Read,context=Ring:1,ed
Field Read,context=Ring:1,ed
Field Read,context=Ring:1,ed
Variable Write,context=Ring:1#sort:1,j=10
Variable Delete,method=Ring:1#sort:1 <name=tmp,type=int (id=7),value=<?>,index=2>
Field Read,context=Ring:1,st
Field Read,context=Ring:1,st
Field Read,context=Ring:1,st
Variable Write,context=Ring:1#sort:1,tmp=1
Field Read,context=Ring:1,st
Field Read,context=Ring:1,st
Field Write,context=int[]:1,10=7
Field Read,context=Ring:1,st
Field Write,context=int[]:1,9=1
Field Read,context=Ring:1,ed
Variable Write,context=Ring:1#sort:1,tmp=7
Field Read,context=Ring:1,ed
Field Read,context=Ring:1,ed
Field Write,context=int[]:2,10=5
Field Read,context=Ring:1,ed
Field Write,context=int[]:2,9=7
Variable Write,context=Ring:1#sort:1,j=9
Variable Delete,method=Ring:1#sort:1 <name=tmp,type=int (id=7),value=<?>,index=2>
Field Read,context=Ring:1,st
Field Read,context=Ring:1,st
Field Read,context=Ring:1,st
Variable Write,context=Ring:1#sort:1,tmp=1
Field Read,context=Ring:1,st
Field Read,context=Ring:1,st
Field Write,context=int[]:1,9=5
Field Read,context=Ring:1,st
Field Write,context=int[]:1,8=1
Field Read,context=Ring:1,ed
Variable Write,context=Ring:1#sort:1,tmp=7
Field Read,context=Ring:1,ed
Field Read,context=Ring:1,ed
Field Read,context=Ring:1,ed
Variable Write,context=Ring:1#sort:1,j=8
Variable Delete,method=Ring:1#sort:1 <name=tmp,type=int (id=7),value=<?>,index=2>
Field Read,context=Ring:1,st
Field Read,context=Ring:1,st
Field Read,context=Ring:1,st
Variable Write,context=Ring:1#sort:1,tmp=1
Field Read,context=Ring:1,st
Field Read,context=Ring:1,st
Field Write,context=int[]:1,8=7
Field Read,context=Ring:1,st
Field Write,context=int[]:1,7=1
Field Read,context=Ring:1,ed
Variable Write,context=Ring:1#sort:1,tmp=7
Field Read,context=Ring:1,ed
Field Read,context=Ring:1,ed
Field Write,context=int[]:2,8=2
Field Read,context=Ring:1,ed
Field Write,context=int[]:2,7=7
Variable Write,context=Ring:1#sort:1,j=7
Variable Delete,method=Ring:1#sort:1 <name=tmp,type=int (id=7),value=<?>,index=2>
Field Read,context=Ring:1,st
Field Read,context=Ring:1,st
Field Read,context=Ring:1,st
Variable Write,context=Ring:1#sort:1,tmp=1
Field Read,context=Ring:1,st
Field Read,context=Ring:1,st
Field Write,context=int[]:1,7=2
Field Read,context=Ring:1,st
Field Write,context=int[]:1,6=1
Field Read,context=Ring:1,ed
Variable Write,context=Ring:1#sort:1,tmp=7
Field Read,context=Ring:1,ed
Field Read,context=Ring:1,ed
Field Read,context=Ring:1,ed
Variable Write,context=Ring:1#sort:1,j=6
Variable Delete,method=Ring:1#sort:1 <name=tmp,type=int (id=7),value=<?>,index=2>
Field Read,context=Ring:1,st
Field Read,context=Ring:1,st
Field Read,context=Ring:1,st
Variable Write,context=Ring:1#sort:1,tmp=1
Field Read,context=Ring:1,st
Field Read,context=Ring:1,st
Field Write,context=int[]:1,6=4
Field Read,context=Ring:1,st
Field Write,context=int[]:1,5=1
Field Read,context=Ring:1,ed
Variable Write,context=Ring:1#sort:1,tmp=7
Field Read,context=Ring:1,ed
Field Read,context=Ring:1,ed
Field Write,context=int[]:2,6=1
Field Read,context=Ring:1,ed
Field Write,context=int[]:2,5=7
Variable Write,context=Ring:1#sort:1,j=5
Variable Delete,method=Ring:1#sort:1 <name=tmp,type=int (id=7),value=<?>,index=2>
Field Read,context=Ring:1,st
Field Read,context=Ring:1,st
Field Read,context=Ring:1,st
Field Read,context=Ring:1,st
Field Read,context=Ring:1,ed
Field Read,context=Ring:1,ed
Variable Write,context=Ring:1#sort:1,j=4
Field Read,context=Ring:1,st
Field Read,context=Ring:1,st
Field Read,context=Ring:1,st
Variable Write,context=Ring:1#sort:1,tmp=1
Field Read,context=Ring:1,st
Field Read,context=Ring:1,st
Field Write,context=int[]:1,4=4
Field Read,context=Ring:1,st
Field Write,context=int[]:1,3=1
Field Read,context=Ring:1,ed
Variable Write,context=Ring:1#sort:1,tmp=4
Field Read,context=Ring:1,ed
Field Read,context=Ring:1,ed
Field Write,context=int[]:2,4=3
Field Read,context=Ring:1,ed
Field Write,context=int[]:2,3=4
Variable Write,context=Ring:1#sort:1,j=3
Variable Delete,method=Ring:1#sort:1 <name=tmp,type=int (id=7),value=<?>,index=2>
Field Read,context=Ring:1,st
Field Read,context=Ring:1,st
Field Read,context=Ring:1,st
Variable Write,context=Ring:1#sort:1,tmp=1
Field Read,context=Ring:1,st
Field Read,context=Ring:1,st
Field Write,context=int[]:1,3=3
Field Read,context=Ring:1,st
Field Write,context=int[]:1,2=1
Field Read,context=Ring:1,ed
Variable Write,context=Ring:1#sort:1,tmp=4
Field Read,context=Ring:1,ed
Field Read,context=Ring:1,ed
Field Read,context=Ring:1,ed
Variable Write,context=Ring:1#sort:1,j=2
Variable Delete,method=Ring:1#sort:1 <name=tmp,type=int (id=7),value=<?>,index=2>
Field Read,context=Ring:1,st
Field Read,context=Ring:1,st
Field Read,context=Ring:1,st
Variable Write,context=Ring:1#sort:1,tmp=1
Field Read,context=Ring:1,st
Field Read,context=Ring:1,st
Field Write,context=int[]:1,2=3
Field Read,context=Ring:1,st
Field Write,context=int[]:1,1=1
Field Read,context=Ring:1,ed
Variable Write,context=Ring:1#sort:1,tmp=4
Field Read,context=Ring:1,ed
Field Read,context=Ring:1,ed
Field Write,context=int[]:2,2=1
Field Read,context=Ring:1,ed
Field Write,context=int[]:2,1=4
Variable Write,context=Ring:1#sort:1,j=1
Variable Delete,method=Ring:1#sort:1 <name=tmp,type=int (id=7),value=<?>,index=2>
Field Read,context=Ring:1,st
Field Read,context=Ring:1,st
Field Read,context=Ring:1,st
Field Read,context=Ring:1,st
Field Read,context=Ring:1,ed
Field Read,context=Ring:1,ed
Field Read,context=Ring:1,st
Variable Write,context=Ring:1#sort:1,i=1
Variable Delete,method=Ring:1#sort:1 <name=j,type=int (id=7),value=<?>,index=1>
Field Read,context=Ring:1,st
Variable Write,context=Ring:1#sort:1,j=13
Field Read,context=Ring:1,st
Field Read,context=Ring:1,st
Field Read,context=Ring:1,st
Field Read,context=Ring:1,st
Field Read,context=Ring:1,ed
Field Read,context=Ring:1,ed
Field Read,context=Ring:1,st
Variable Write,context=Ring:1#sort:1,tmp=7
Field Read,context=Ring:1,st
Field Read,context=Ring:1,st
Field Read,context=Ring:1,st
Field Read,context=Ring:1,ed
Variable Write,context=Ring:1#sort:1,tmp=1
Field Read,context=Ring:1,ed
Field Read,context=Ring:1,ed
Field Write,context=int[]:2,13=6
Field Read,context=Ring:1,ed
Field Write,context=int[]:2,12=1
Variable Write,context=Ring:1#sort:1,j=12
Variable Delete,method=Ring:1#sort:1 <name=tmp,type=int (id=7),value=<?>,index=2>
Field Read,context=Ring:1,st
Field Read,context=Ring:1,st
Field Read,context=Ring:1,st
Field Read,context=Ring:1,st
Variable Write,context=Ring:1#sort:1,j=11
Field Read,context=Ring:1,st
Field Read,context=Ring:1,st
Field Read,context=Ring:1,st
Variable Write,context=Ring:1#sort:1,tmp=6
Field Read,context=Ring:1,st
Field Read,context=Ring:1,st
Field Write,context=int[]:1,11=7
Field Read,context=Ring:1,st
Field Write,context=int[]:1,10=6
Field Read,context=Ring:1,ed
Variable Write,context=Ring:1#sort:1,tmp=7
Field Read,context=Ring:1,ed
Field Read,context=Ring:1,ed
Field Write,context=int[]:2,11=5
Field Read,context=Ring:1,ed
Field Write,context=int[]:2,10=7
Variable Write,context=Ring:1#sort:1,j=10
Variable Delete,method=Ring:1#sort:1 <name=tmp,type=int (id=7),value=<?>,index=2>
Field Read,context=Ring:1,st
Field Read,context=Ring:1,st
Field Read,context=Ring:1,st
Field Read,context=Ring:1,st
Variable Write,context=Ring:1#sort:1,j=9
Field Read,context=Ring:1,st
Field Read,context=Ring:1,st
Field Read,context=Ring:1,st
Variable Write,context=Ring:1#sort:1,tmp=5
Field Read,context=Ring:1,st
Field Read,context=Ring:1,st
Field Write,context=int[]:1,9=7
Field Read,context=Ring:1,st
Field Write,context=int[]:1,8=5
Field Read,context=Ring:1,ed
Variable Write,context=Ring:1#sort:1,tmp=7
Field Read,context=Ring:1,ed
Field Read,context=Ring:1,ed
Field Write,context=int[]:2,9=2
Field Read,context=Ring:1,ed
Field Write,context=int[]:2,8=7
Variable Write,context=Ring:1#sort:1,j=8
Variable Delete,method=Ring:1#sort:1 <name=tmp,type=int (id=7),value=<?>,index=2>
Field Read,context=Ring:1,st
Field Read,context=Ring:1,st
Field Read,context=Ring:1,st
Field Read,context=Ring:1,st
Variable Write,context=Ring:1#sort:1,j=7
Field Read,context=Ring:1,st
Field Read,context=Ring:1,st
Field Read,context=Ring:1,st
Variable Write,context=Ring:1#sort:1,tmp=2
Field Read,context=Ring:1,st
Field Read,context=Ring:1,st
Field Write,context=int[]:1,7=4
Field Read,context=Ring:1,st
Field Write,context=int[]:1,6=2
Field Read,context=Ring:1,ed
Variable Write,context=Ring:1#sort:1,tmp=7
Field Read,context=Ring:1,ed
Field Read,context=Ring:1,ed
Field Write,context=int[]:2,7=1
Field Read,context=Ring:1,ed
Field Write,context=int[]:2,6=7
Variable Write,context=Ring:1#sort:1,j=6
Variable Delete,method=Ring:1#sort:1 <name=tmp,type=int (id=7),value=<?>,index=2>
Field Read,context=Ring:1,st
Field Read,context=Ring:1,st
Field Read,context=Ring:1,st
Field Read,context=Ring:1,st
Variable Write,context=Ring:1#sort:1,j=5
Field Read,context=Ring:1,st
Field Read,context=Ring:1,st
Field Read,context=Ring:1,st
Variable Write,context=Ring:1#sort:1,tmp=1
Field Read,context=Ring:1,st
Field Read,context=Ring:1,st
Field Write,context=int[]:1,5=4
Field Read,context=Ring:1,st
Field Write,context=int[]:1,4=1
Field Read,context=Ring:1,ed
Variable Write,context=Ring:1#sort:1,tmp=7
Field Read,context=Ring:1,ed
Field Read,context=Ring:1,ed
Field Write,context=int[]:2,5=3
Field Read,context=Ring:1,ed
Field Write,context=int[]:2,4=7
Variable Write,context=Ring:1#sort:1,j=4
Variable Delete,method=Ring:1#sort:1 <name=tmp,type=int (id=7),value=<?>,index=2>
Field Read,context=Ring:1,st
Field Read,context=Ring:1,st
Field Read,context=Ring:1,st
Variable Write,context=Ring:1#sort:1,tmp=1
Field Read,context=Ring:1,st
Field Read,context=Ring:1,st
Field Write,context=int[]:1,4=3
Field Read,context=Ring:1,st
Field Write,context=int[]:1,3=1
Field Read,context=Ring:1,ed
Variable Write,context=Ring:1#sort:1,tmp=7
Field Read,context=Ring:1,ed
Field Read,context=Ring:1,ed
Field Write,context=int[]:2,4=4
Field Read,context=Ring:1,ed
Field Write,context=int[]:2,3=7
Variable Write,context=Ring:1#sort:1,j=3
Variable Delete,method=Ring:1#sort:1 <name=tmp,type=int (id=7),value=<?>,index=2>
Field Read,context=Ring:1,st
Field Read,context=Ring:1,st
Field Read,context=Ring:1,st
Variable Write,context=Ring:1#sort:1,tmp=1
Field Read,context=Ring:1,st
Field Read,context=Ring:1,st
Field Write,context=int[]:1,3=3
Field Read,context=Ring:1,st
Field Write,context=int[]:1,2=1
Field Read,context=Ring:1,ed
Variable Write,context=Ring:1#sort:1,tmp=7
Field Read,context=Ring:1,ed
Field Read,context=Ring:1,ed
Field Write,context=int[]:2,3=1
Field Read,context=Ring:1,ed
Field Write,context=int[]:2,2=7
Variable Write,context=Ring:1#sort:1,j=2
Variable Delete,method=Ring:1#sort:1 <name=tmp,type=int (id=7),value=<?>,index=2>
Field Read,context=Ring:1,st
Field Read,context=Ring:1,st
Field Read,context=Ring:1,st
Field Read,context=Ring:1,st
Field Read,context=Ring:1,ed
Field Read,context=Ring:1,ed
Field Read,context=Ring:1,st
Variable Write,context=Ring:1#sort:1,i=2
Variable Delete,method=Ring:1#sort:1 <name=j,type=int (id=7),value=<?>,index=1>
Field Read,context=Ring:1,st
Variable Write,context=Ring:1#sort:1,j=13
Field Read,context=Ring:1,st
Field Read,context=Ring:1,st
Field Read,context=Ring:1,st
Field Read,context=Ring:1,st
Field Read,context=Ring:1,ed
Field Read,context=Ring:1,ed
Variable Write,context=Ring:1#sort:1,j=12
Field Read,context=Ring:1,st
Field Read,context=Ring:1,st
Field Read,context=Ring:1,st
Field Read,context=Ring:1,st
Field Read,context=Ring:1,ed
Field Read,context=Ring:1,ed
Field Read,context=Ring:1,st
Variable Write,context=Ring:1#sort:1,tmp=7
Field Read,context=Ring:1,st
Field Read,context=Ring:1,st
Field Read,context=Ring:1,st
Field Read,context=Ring:1,ed
Variable Write,context=Ring:1#sort:1,tmp=1
Field Read,context=Ring:1,ed
Field Read,context=Ring:1,ed
Field Write,context=int[]:2,12=5
Field Read,context=Ring:1,ed
Field Write,context=int[]:2,11=1
Variable Write,context=Ring:1#sort:1,j=11
Variable Delete,method=Ring:1#sort:1 <name=tmp,type=int (id=7),value=<?>,index=2>
Field Read,context=Ring:1,st
Field Read,context=Ring:1,st
Field Read,context=Ring:1,st
Field Read,context=Ring:1,st
Variable Write,context=Ring:1#sort:1,j=10
Field Read,context=Ring:1,st
Field Read,context=Ring:1,st
Field Read,context=Ring:1,st
Variable Write,context=Ring:1#sort:1,tmp=6
Field Read,context=Ring:1,st
Field Read,context=Ring:1,st
Field Write,context=int[]:1,10=7
Field Read,context=Ring:1,st
Field Write,context=int[]:1,9=6
Field Read,context=Ring:1,ed
Variable Write,context=Ring:1#sort:1,tmp=7
Field Read,context=Ring:1,ed
Field Read,context=Ring:1,ed
Field Write,context=int[]:2,10=2
Field Read,context=Ring:1,ed
Field Write,context=int[]:2,9=7
Variable Write,context=Ring:1#sort:1,j=9
Variable Delete,method=Ring:1#sort:1 <name=tmp,type=int (id=7),value=<?>,index=2>
Field Read,context=Ring:1,st
Field Read,context=Ring:1,st
Field Read,context=Ring:1,st
Field Read,context=Ring:1,st
Variable Write,context=Ring:1#sort:1,j=8
Field Read,context=Ring:1,st
Field Read,context=Ring:1,st
Field Read,context=Ring:1,st
Field Read,context=Ring:1,st
Variable Write,context=Ring:1#sort:1,j=7
Field Read,context=Ring:1,st
Field Read,context=Ring:1,st
Field Read,context=Ring:1,st
Field Read,context=Ring:1,st
Variable Write,context=Ring:1#sort:1,j=6
Field Read,context=Ring:1,st
Field Read,context=Ring:1,st
Field Read,context=Ring:1,st
Variable Write,context=Ring:1#sort:1,tmp=2
Field Read,context=Ring:1,st
Field Read,context=Ring:1,st
Field Write,context=int[]:1,6=4
Field Read,context=Ring:1,st
Field Write,context=int[]:1,5=2
Field Read,context=Ring:1,ed
Variable Write,context=Ring:1#sort:1,tmp=7
Field Read,context=Ring:1,ed
Field Read,context=Ring:1,ed
Field Write,context=int[]:2,6=3
Field Read,context=Ring:1,ed
Field Write,context=int[]:2,5=7
Variable Write,context=Ring:1#sort:1,j=5
Variable Delete,method=Ring:1#sort:1 <name=tmp,type=int (id=7),value=<?>,index=2>
Field Read,context=Ring:1,st
Field Read,context=Ring:1,st
Field Read,context=Ring:1,st
Variable Write,context=Ring:1#sort:1,tmp=2
Field Read,context=Ring:1,st
Field Read,context=Ring:1,st
Field Write,context=int[]:1,5=3
Field Read,context=Ring:1,st
Field Write,context=int[]:1,4=2
Field Read,context=Ring:1,ed
Variable Write,context=Ring:1#sort:1,tmp=7
Field Read,context=Ring:1,ed
Field Read,context=Ring:1,ed
Field Write,context=int[]:2,5=4
Field Read,context=Ring:1,ed
Field Write,context=int[]:2,4=7
Variable Write,context=Ring:1#sort:1,j=4
Variable Delete,method=Ring:1#sort:1 <name=tmp,type=int (id=7),value=<?>,index=2>
Field Read,context=Ring:1,st
Field Read,context=Ring:1,st
Field Read,context=Ring:1,st
Variable Write,context=Ring:1#sort:1,tmp=2
Field Read,context=Ring:1,st
Field Read,context=Ring:1,st
Field Write,context=int[]:1,4=3
Field Read,context=Ring:1,st
Field Write,context=int[]:1,3=2
Field Read,context=Ring:1,ed
Variable Write,context=Ring:1#sort:1,tmp=7
Field Read,context=Ring:1,ed
Field Read,context=Ring:1,ed
Field Write,context=int[]:2,4=1
Field Read,context=Ring:1,ed
Field Write,context=int[]:2,3=7
Variable Write,context=Ring:1#sort:1,j=3
Variable Delete,method=Ring:1#sort:1 <name=tmp,type=int (id=7),value=<?>,index=2>
Field Read,context=Ring:1,st
Field Read,context=Ring:1,st
Field Read,context=Ring:1,st
Field Read,context=Ring:1,st
Field Read,context=Ring:1,st
Variable Write,context=Ring:1#sort:1,i=3
Variable Delete,method=Ring:1#sort:1 <name=j,type=int (id=7),value=<?>,index=1>
Field Read,context=Ring:1,st
Variable Write,context=Ring:1#sort:1,j=13
Field Read,context=Ring:1,st
Field Read,context=Ring:1,st
Field Read,context=Ring:1,st
Field Read,context=Ring:1,st
Field Read,context=Ring:1,ed
Field Read,context=Ring:1,ed
Variable Write,context=Ring:1#sort:1,j=12
Field Read,context=Ring:1,st
Field Read,context=Ring:1,st
Field Read,context=Ring:1,st
Field Read,context=Ring:1,st
Field Read,context=Ring:1,ed
Field Read,context=Ring:1,ed
Variable Write,context=Ring:1#sort:1,j=11
Field Read,context=Ring:1,st
Field Read,context=Ring:1,st
Field Read,context=Ring:1,st
Field Read,context=Ring:1,st
Field Read,context=Ring:1,ed
Field Read,context=Ring:1,ed
Field Read,context=Ring:1,st
Variable Write,context=Ring:1#sort:1,tmp=7
Field Read,context=Ring:1,st
Field Read,context=Ring:1,st
Field Read,context=Ring:1,st
Field Read,context=Ring:1,ed
Variable Write,context=Ring:1#sort:1,tmp=1
Field Read,context=Ring:1,ed
Field Read,context=Ring:1,ed
Field Write,context=int[]:2,11=2
Field Read,context=Ring:1,ed
Field Write,context=int[]:2,10=1
Variable Write,context=Ring:1#sort:1,j=10
Variable Delete,method=Ring:1#sort:1 <name=tmp,type=int (id=7),value=<?>,index=2>
Field Read,context=Ring:1,st
Field Read,context=Ring:1,st
Field Read,context=Ring:1,st
Field Read,context=Ring:1,st
Variable Write,context=Ring:1#sort:1,j=9
Field Read,context=Ring:1,st
Field Read,context=Ring:1,st
Field Read,context=Ring:1,st
Field Read,context=Ring:1,st
Variable Write,context=Ring:1#sort:1,j=8
Field Read,context=Ring:1,st
Field Read,context=Ring:1,st
Field Read,context=Ring:1,st
Field Read,context=Ring:1,st
Variable Write,context=Ring:1#sort:1,j=7
Field Read,context=Ring:1,st
Field Read,context=Ring:1,st
Field Read,context=Ring:1,st
Field Read,context=Ring:1,st
Field Read,context=Ring:1,ed
Field Read,context=Ring:1,ed
Field Read,context=Ring:1,st
Variable Write,context=Ring:1#sort:1,tmp=4
Field Read,context=Ring:1,st
Field Read,context=Ring:1,st
Field Read,context=Ring:1,st
Field Read,context=Ring:1,ed
Variable Write,context=Ring:1#sort:1,tmp=1
Field Read,context=Ring:1,ed
Field Read,context=Ring:1,ed
Field Write,context=int[]:2,7=3
Field Read,context=Ring:1,ed
Field Write,context=int[]:2,6=1
Variable Write,context=Ring:1#sort:1,j=6
Variable Delete,method=Ring:1#sort:1 <name=tmp,type=int (id=7),value=<?>,index=2>
Field Read,context=Ring:1,st
Field Read,context=Ring:1,st
Field Read,context=Ring:1,st
Field Read,context=Ring:1,st
Variable Write,context=Ring:1#sort:1,j=5
Field Read,context=Ring:1,st
Field Read,context=Ring:1,st
Field Read,context=Ring:1,st
Field Read,context=Ring:1,st
Field Read,context=Ring:1,ed
Field Read,context=Ring:1,ed
Variable Write,context=Ring:1#sort:1,j=4
Field Read,context=Ring:1,st
Field Read,context=Ring:1,st
Field Read,context=Ring:1,st
Field Read,context=Ring:1,st
Field Read,context=Ring:1,st
Variable Write,context=Ring:1#sort:1,i=4
Variable Delete,method=Ring:1#sort:1 <name=j,type=int (id=7),value=<?>,index=1>
Field Read,context=Ring:1,st
Variable Write,context=Ring:1#sort:1,j=13
Field Read,context=Ring:1,st
Field Read,context=Ring:1,st
Field Read,context=Ring:1,st
Field Read,context=Ring:1,st
Field Read,context=Ring:1,ed
Field Read,context=Ring:1,ed
Variable Write,context=Ring:1#sort:1,j=12
Field Read,context=Ring:1,st
Field Read,context=Ring:1,st
Field Read,context=Ring:1,st
Field Read,context=Ring:1,st
Field Read,context=Ring:1,ed
Field Read,context=Ring:1,ed
Variable Write,context=Ring:1#sort:1,j=11
Field Read,context=Ring:1,st
Field Read,context=Ring:1,st
Field Read,context=Ring:1,st
Field Read,context=Ring:1,st
Field Read,context=Ring:1,ed
Field Read,context=Ring:1,ed
Variable Write,context=Ring:1#sort:1,j=10
Field Read,context=Ring:1,st
Field Read,context=Ring:1,st
Field Read,context=Ring:1,st
Field Read,context=Ring:1,st
Variable Write,context=Ring:1#sort:1,j=9
Field Read,context=Ring:1,st
Field Read,context=Ring:1,st
Field Read,context=Ring:1,st
Field Read,context=Ring:1,st
Variable Write,context=Ring:1#sort:1,j=8
Field Read,context=Ring:1,st
Field Read,context=Ring:1,st
Field Read,context=Ring:1,st
Field Read,context=Ring:1,st
Variable Write,context=Ring:1#sort:1,j=7
Field Read,context=Ring:1,st
Field Read,context=Ring:1,st
Field Read,context=Ring:1,st
Field Read,context=Ring:1,st
Field Read,context=Ring:1,ed
Field Read,context=Ring:1,ed
Variable Write,context=Ring:1#sort:1,j=6
Field Read,context=Ring:1,st
Field Read,context=Ring:1,st
Field Read,context=Ring:1,st
Field Read,context=Ring:1,st
Variable Write,context=Ring:1#sort:1,j=5
Field Read,context=Ring:1,st
Field Read,context=Ring:1,st
Field Read,context=Ring:1,st
Field Read,context=Ring:1,st
Field Read,context=Ring:1,ed
Field Read,context=Ring:1,ed
Field Read,context=Ring:1,st
Variable Write,context=Ring:1#sort:1,i=5
Variable Delete,method=Ring:1#sort:1 <name=j,type=int (id=7),value=<?>,index=1>
Field Read,context=Ring:1,st
Variable Write,context=Ring:1#sort:1,j=13
Field Read,context=Ring:1,st
Field Read,context=Ring:1,st
Field Read,context=Ring:1,st
Field Read,context=Ring:1,st
Field Read,context=Ring:1,ed
Field Read,context=Ring:1,ed
Variable Write,context=Ring:1#sort:1,j=12
Field Read,context=Ring:1,st
Field Read,context=Ring:1,st
Field Read,context=Ring:1,st
Field Read,context=Ring:1,st
Field Read,context=Ring:1,ed
Field Read,context=Ring:1,ed
Variable Write,context=Ring:1#sort:1,j=11
Field Read,context=Ring:1,st
Field Read,context=Ring:1,st
Field Read,context=Ring:1,st
Field Read,context=Ring:1,st
Field Read,context=Ring:1,ed
Field Read,context=Ring:1,ed
Variable Write,context=Ring:1#sort:1,j=10
Field Read,context=Ring:1,st
Field Read,context=Ring:1,st
Field Read,context=Ring:1,st
Field Read,context=Ring:1,st
Variable Write,context=Ring:1#sort:1,j=9
Field Read,context=Ring:1,st
Field Read,context=Ring:1,st
Field Read,context=Ring:1,st
Field Read,context=Ring:1,st
Variable Write,context=Ring:1#sort:1,j=8
Field Read,context=Ring:1,st
Field Read,context=Ring:1,st
Field Read,context=Ring:1,st
Field Read,context=Ring:1,st
Variable Write,context=Ring:1#sort:1,j=7
Field Read,context=Ring:1,st
Field Read,context=Ring:1,st
Field Read,context=Ring:1,st
Field Read,context=Ring:1,st
Field Read,context=Ring:1,ed
Field Read,context=Ring:1,ed
Variable Write,context=Ring:1#sort:1,j=6
Field Read,context=Ring:1,st
Field Read,context=Ring:1,st
Field Read,context=Ring:1,st
Field Read,context=Ring:1,st
Field Read,context=Ring:1,st
Variable Write,context=Ring:1#sort:1,i=6
Variable Delete,method=Ring:1#sort:1 <name=j,type=int (id=7),value=<?>,index=1>
Field Read,context=Ring:1,st
Variable Write,context=Ring:1#sort:1,j=13
Field Read,context=Ring:1,st
Field Read,context=Ring:1,st
Field Read,context=Ring:1,st
Field Read,context=Ring:1,st
Field Read,context=Ring:1,ed
Field Read,context=Ring:1,ed
Variable Write,context=Ring:1#sort:1,j=12
Field Read,context=Ring:1,st
Field Read,context=Ring:1,st
Field Read,context=Ring:1,st
Field Read,context=Ring:1,st
Field Read,context=Ring:1,ed
Field Read,context=Ring:1,ed
Variable Write,context=Ring:1#sort:1,j=11
Field Read,context=Ring:1,st
Field Read,context=Ring:1,st
Field Read,context=Ring:1,st
Field Read,context=Ring:1,st
Field Read,context=Ring:1,ed
Field Read,context=Ring:1,ed
Variable Write,context=Ring:1#sort:1,j=10
Field Read,context=Ring:1,st
Field Read,context=Ring:1,st
Field Read,context=Ring:1,st
Field Read,context=Ring:1,st
Variable Write,context=Ring:1#sort:1,j=9
Field Read,context=Ring:1,st
Field Read,context=Ring:1,st
Field Read,context=Ring:1,st
Field Read,context=Ring:1,st
Variable Write,context=Ring:1#sort:1,j=8
Field Read,context=Ring:1,st
Field Read,context=Ring:1,st
Field Read,context=Ring:1,st
Field Read,context=Ring:1,st
Variable Write,context=Ring:1#sort:1,j=7
Field Read,context=Ring:1,st
Field Read,context=Ring:1,st
Field Read,context=Ring:1,st
Field Read,context=Ring:1,st
Field Read,context=Ring:1,ed
Field Read,context=Ring:1,ed
Field Read,context=Ring:1,st
Variable Write,context=Ring:1#sort:1,i=7
Variable Delete,method=Ring:1#sort:1 <name=j,type=int (id=7),value=<?>,index=1>
Field Read,context=Ring:1,st
Variable Write,context=Ring:1#sort:1,j=13
Field Read,context=Ring:1,st
Field Read,context=Ring:1,st
Field Read,context=Ring:1,st
Field Read,context=Ring:1,st
Field Read,context=Ring:1,ed
Field Read,context=Ring:1,ed
Variable Write,context=Ring:1#sort:1,j=12
Field Read,context=Ring:1,st
Field Read,context=Ring:1,st
Field Read,context=Ring:1,st
Field Read,context=Ring:1,st
Field Read,context=Ring:1,ed
Field Read,context=Ring:1,ed
Variable Write,context=Ring:1#sort:1,j=11
Field Read,context=Ring:1,st
Field Read,context=Ring:1,st
Field Read,context=Ring:1,st
Field Read,context=Ring:1,st
Field Read,context=Ring:1,ed
Field Read,context=Ring:1,ed
Variable Write,context=Ring:1#sort:1,j=10
Field Read,context=Ring:1,st
Field Read,context=Ring:1,st
Field Read,context=Ring:1,st
Field Read,context=Ring:1,st
Variable Write,context=Ring:1#sort:1,j=9
Field Read,context=Ring:1,st
Field Read,context=Ring:1,st
Field Read,context=Ring:1,st
Field Read,context=Ring:1,st
Variable Write,context=Ring:1#sort:1,j=8
Field Read,context=Ring:1,st
Field Read,context=Ring:1,st
Field Read,context=Ring:1,st
Field Read,context=Ring:1,st
Field Read,context=Ring:1,st
Variable Write,context=Ring:1#sort:1,i=8
Variable Delete,method=Ring:1#sort:1 <name=j,type=int (id=7),value=<?>,index=1>
Field Read,context=Ring:1,st
Variable Write,context=Ring:1#sort:1,j=13
Field Read,context=Ring:1,st
Field Read,context=Ring:1,st
Field Read,context=Ring:1,st
Field Read,context=Ring:1,st
Field Read,context=Ring:1,ed
Field Read,context=Ring:1,ed
Variable Write,context=Ring:1#sort:1,j=12
Field Read,context=Ring:1,st
Field Read,context=Ring:1,st
Field Read,context=Ring:1,st
Field Read,context=Ring:1,st
Field Read,context=Ring:1,ed
Field Read,context=Ring:1,ed
Variable Write,context=Ring:1#sort:1,j=11
Field Read,context=Ring:1,st
Field Read,context=Ring:1,st
Field Read,context=Ring:1,st
Field Read,context=Ring:1,st
Field Read,context=Ring:1,ed
Field Read,context=Ring:1,ed
Variable Write,context=Ring:1#sort:1,j=10
Field Read,context=Ring:1,st
Field Read,context=Ring:1,st
Field Read,context=Ring:1,st
Field Read,context=Ring:1,st
Variable Write,context=Ring:1#sort:1,j=9
Field Read,context=Ring:1,st
Field Read,context=Ring:1,st
Field Read,context=Ring:1,st
Field Read,context=Ring:1,st
Field Read,context=Ring:1,st
Variable Write,context=Ring:1#sort:1,i=9
Variable Delete,method=Ring:1#sort:1 <name=j,type=int (id=7),value=<?>,index=1>
Field Read,context=Ring:1,st
Variable Write,context=Ring:1#sort:1,j=13
Field Read,context=Ring:1,st
Field Read,context=Ring:1,st
Field Read,context=Ring:1,st
Field Read,context=Ring:1,st
Field Read,context=Ring:1,ed
Field Read,context=Ring:1,ed
Variable Write,context=Ring:1#sort:1,j=12
Field Read,context=Ring:1,st
Field Read,context=Ring:1,st
Field Read,context=Ring:1,st
Field Read,context=Ring:1,st
Field Read,context=Ring:1,ed
Field Read,context=Ring:1,ed
Variable Write,context=Ring:1#sort:1,j=11
Field Read,context=Ring:1,st
Field Read,context=Ring:1,st
Field Read,context=Ring:1,st
Field Read,context=Ring:1,st
Field Read,context=Ring:1,ed
Field Read,context=Ring:1,ed
Variable Write,context=Ring:1#sort:1,j=10
Field Read,context=Ring:1,st
Field Read,context=Ring:1,st
Field Read,context=Ring:1,st
Field Read,context=Ring:1,st
Field Read,context=Ring:1,st
Variable Write,context=Ring:1#sort:1,i=10
Variable Delete,method=Ring:1#sort:1 <name=j,type=int (id=7),value=<?>,index=1>
Field Read,context=Ring:1,st
Variable Write,context=Ring:1#sort:1,j=13
Field Read,context=Ring:1,st
Field Read,context=Ring:1,st
Field Read,context=Ring:1,st
Field Read,context=Ring:1,st
Field Read,context=Ring:1,ed
Field Read,context=Ring:1,ed
Variable Write,context=Ring:1#sort:1,j=12
Field Read,context=Ring:1,st
Field Read,context=Ring:1,st
Field Read,context=Ring:1,st
Field Read,context=Ring:1,st
Field Read,context=Ring:1,ed
Field Read,context=Ring:1,ed
Variable Write,context=Ring:1#sort:1,j=11
Field Read,context=Ring:1,st
Field Read,context=Ring:1,st
Field Read,context=Ring:1,st
Field Read,context=Ring:1,st
Field Read,context=Ring:1,ed
Field Read,context=Ring:1,ed
Field Read,context=Ring:1,st
Variable Write,context=Ring:1#sort:1,i=11
Variable Delete,method=Ring:1#sort:1 <name=j,type=int (id=7),value=<?>,index=1>
Field Read,context=Ring:1,st
Variable Write,context=Ring:1#sort:1,j=13
Field Read,context=Ring:1,st
Field Read,context=Ring:1,st
Field Read,context=Ring:1,st
Field Read,context=Ring:1,st
Field Read,context=Ring:1,ed
Field Read,context=Ring:1,ed
Variable Write,context=Ring:1#sort:1,j=12
Field Read,context=Ring:1,st
Field Read,context=Ring:1,st
Field Read,context=Ring:1,st
Field Read,context=Ring:1,st
Field Read,context=Ring:1,ed
Field Read,context=Ring:1,ed
Field Read,context=Ring:1,st
Variable Write,context=Ring:1#sort:1,i=12
Variable Delete,method=Ring:1#sort:1 <name=j,type=int (id=7),value=<?>,index=1>
Field Read,context=Ring:1,st
Variable Write,context=Ring:1#sort:1,j=13
Field Read,context=Ring:1,st
Field Read,context=Ring:1,st
Field Read,context=Ring:1,st
Field Read,context=Ring:1,st
Field Read,context=Ring:1,ed
Field Read,context=Ring:1,ed
Field Read,context=Ring:1,st
Variable Write,context=Ring:1#sort:1,i=13
Variable Delete,method=Ring:1#sort:1 <name=j,type=int (id=7),value=<?>,index=1>
Field Read,context=Ring:1,st
Field Read,context=Ring:1,st
Method Exit,returner=Ring:1#sort:1,value=<void>
Variable Delete,method=Main#main:1 <name=i,type=int (id=7),value=<?>,index=4>
Variable Write,context=Main#main:1,max=0
Method Call,caller=Main#main:1,target=Ring:1#elem:1
Field Read,context=Ring:1,elemP
Field Read,context=Ring:1,st
Field Read,context=Ring:1,st
Field Read,context=Ring:1,elemP
Field Read,context=Ring:1,elemV
Field Read,context=Ring:1,st
Field Read,context=Ring:1,elemP
Field Write,context=Ring:1,elemV=1
Field Read,context=Ring:1,elemV
Variable Write,context=Ring:1#elem:1,result=1
Method Exit,returner=Ring:1#elem:1,value=1
Variable Write,context=Main#main:1,x=1
Method Call,caller=Main#main:1,target=Ring:1#maxRing:1
Variable Write,context=Ring:1#maxRing:1,r=1
Field Read,context=Ring:1,used
Variable Write,context=Ring:1#maxRing:1,len=0
Method Call,caller=Ring:1#maxRing:1,target=Ring:1#startPos:1
Variable Write,context=Ring:1#startPos:1,r=1
Field Read,context=Ring:1,st
Variable Write,context=Ring:1#startPos:1,i=7
Field Read,context=Ring:1,st
Variable Write,context=Ring:1#startPos:1,m=3
Field Read,context=Ring:1,st
Variable Write,context=Ring:1#startPos:1,i=4
Variable Delete,method=Ring:1#startPos:1 <name=m,type=int (id=7),value=<?>,index=2>
Variable Write,context=Ring:1#startPos:1,j=4
Field Read,context=Ring:1,st
Field Read,context=Ring:1,st
Field Read,context=Ring:1,st
Field Read,context=Ring:1,st
Variable Write,context=Ring:1#startPos:1,j=0
Variable Write,context=Ring:1#startPos:1,result=0
Method Exit,returner=Ring:1#startPos:1,value=0
Field Read,context=Ring:1,st
Variable Write,context=Ring:1#maxRing:1,i=0
Field Read,context=Ring:1,st
Field Read,context=Ring:1,st
Field Read,context=Ring:1,used
Field Read,context=Ring:1,ed
Field Read,context=Ring:1,ed
Method Call,caller=Ring:1#maxRing:1,target=Ring:1#maxRing:2
Variable Write,context=Ring:1#maxRing:2,r=3
Field Read,context=Ring:1,used
Variable Write,context=Ring:1#maxRing:2,len=0
Method Call,caller=Ring:1#maxRing:2,target=Ring:1#startPos:2
Variable Write,context=Ring:1#startPos:2,r=3
Field Read,context=Ring:1,st
Variable Write,context=Ring:1#startPos:2,i=7
Field Read,context=Ring:1,st
Variable Write,context=Ring:1#startPos:2,m=3
Field Read,context=Ring:1,st
Variable Write,context=Ring:1#startPos:2,i=4
Variable Delete,method=Ring:1#startPos:2 <name=m,type=int (id=7),value=<?>,index=2>
Variable Write,context=Ring:1#startPos:2,j=4
Field Read,context=Ring:1,st
Field Read,context=Ring:1,st
Variable Write,context=Ring:1#startPos:2,j=3
Variable Write,context=Ring:1#startPos:2,result=3
Method Exit,returner=Ring:1#startPos:2,value=3
Field Read,context=Ring:1,st
Variable Write,context=Ring:1#maxRing:2,i=3
Field Read,context=Ring:1,st
Field Read,context=Ring:1,st
Field Read,context=Ring:1,st
Variable Write,context=Ring:1#maxRing:2,i=4
Field Read,context=Ring:1,st
Field Read,context=Ring:1,st
Field Read,context=Ring:1,used
Field Read,context=Ring:1,ed
Field Read,context=Ring:1,st
Variable Write,context=Ring:1#maxRing:2,i=5
Field Read,context=Ring:1,st
Field Read,context=Ring:1,st
Field Read,context=Ring:1,used
Field Read,context=Ring:1,ed
Field Read,context=Ring:1,ed
Method Call,caller=Ring:1#maxRing:2,target=Ring:1#maxRing:3
Variable Write,context=Ring:1#maxRing:3,r=4
Field Read,context=Ring:1,used
Variable Write,context=Ring:1#maxRing:3,len=0
Method Call,caller=Ring:1#maxRing:3,target=Ring:1#startPos:3
Variable Write,context=Ring:1#startPos:3,r=4
Field Read,context=Ring:1,st
Variable Write,context=Ring:1#startPos:3,i=7
Field Read,context=Ring:1,st
Variable Write,context=Ring:1#startPos:3,j=7
Field Read,context=Ring:1,st
Field Read,context=Ring:1,st
Field Read,context=Ring:1,st
Variable Write,context=Ring:1#startPos:3,j=5
Variable Write,context=Ring:1#startPos:3,result=5
Method Exit,returner=Ring:1#startPos:3,value=5
Field Read,context=Ring:1,st
Variable Write,context=Ring:1#maxRing:3,i=5
Field Read,context=Ring:1,st
Field Read,context=Ring:1,st
Field Read,context=Ring:1,st
Variable Write,context=Ring:1#maxRing:3,i=6
Field Read,context=Ring:1,st
Field Read,context=Ring:1,st
Field Read,context=Ring:1,used
Field Read,context=Ring:1,ed
Field Read,context=Ring:1,st
Variable Write,context=Ring:1#maxRing:3,i=7
Field Read,context=Ring:1,st
Field Read,context=Ring:1,st
Field Read,context=Ring:1,used
Field Read,context=Ring:1,ed
Field Read,context=Ring:1,st
Variable Write,context=Ring:1#maxRing:3,i=8
Field Read,context=Ring:1,st
Field Read,context=Ring:1,used
Variable Delete,method=Ring:1#maxRing:3 <name=i,type=int (id=7),value=<?>,index=2>
Variable Write,context=Ring:1#maxRing:3,result=1
Method Exit,returner=Ring:1#maxRing:3,value=1
Variable Write,context=Ring:1#maxRing:2,le=1
Variable Write,context=Ring:1#maxRing:2,len=1
Field Read,context=Ring:1,st
Variable Write,context=Ring:1#maxRing:2,i=6
Variable Delete,method=Ring:1#maxRing:2 <name=le,type=int (id=7),value=<?>,index=3>
Field Read,context=Ring:1,st
Field Read,context=Ring:1,used
Variable Delete,method=Ring:1#maxRing:2 <name=i,type=int (id=7),value=<?>,index=2>
Variable Write,context=Ring:1#maxRing:2,result=2
Method Exit,returner=Ring:1#maxRing:2,value=2
Variable Write,context=Ring:1#maxRing:1,le=2
Variable Write,context=Ring:1#maxRing:1,len=2
Field Read,context=Ring:1,st
Variable Write,context=Ring:1#maxRing:1,i=1
Variable Delete,method=Ring:1#maxRing:1 <name=le,type=int (id=7),value=<?>,index=3>
Field Read,context=Ring:1,st
Field Read,context=Ring:1,st
Field Read,context=Ring:1,used
Field Read,context=Ring:1,ed
Field Read,context=Ring:1,ed
Method Call,caller=Ring:1#maxRing:1,target=Ring:1#maxRing:4
Variable Write,context=Ring:1#maxRing:4,r=4
Field Read,context=Ring:1,used
Variable Write,context=Ring:1#maxRing:4,len=0
Method Call,caller=Ring:1#maxRing:4,target=Ring:1#startPos:4
Variable Write,context=Ring:1#startPos:4,r=4
Field Read,context=Ring:1,st
Variable Write,context=Ring:1#startPos:4,i=7
Field Read,context=Ring:1,st
Variable Write,context=Ring:1#startPos:4,j=7
Field Read,context=Ring:1,st
Field Read,context=Ring:1,st
Field Read,context=Ring:1,st
Variable Write,context=Ring:1#startPos:4,j=5
Variable Write,context=Ring:1#startPos:4,result=5
Method Exit,returner=Ring:1#startPos:4,value=5
Field Read,context=Ring:1,st
Variable Write,context=Ring:1#maxRing:4,i=5
Field Read,context=Ring:1,st
Field Read,context=Ring:1,st
Field Read,context=Ring:1,st
Variable Write,context=Ring:1#maxRing:4,i=6
Field Read,context=Ring:1,st
Field Read,context=Ring:1,st
Field Read,context=Ring:1,used
Field Read,context=Ring:1,ed
Field Read,context=Ring:1,st
Variable Write,context=Ring:1#maxRing:4,i=7
Field Read,context=Ring:1,st
Field Read,context=Ring:1,st
Field Read,context=Ring:1,used
Field Read,context=Ring:1,ed
Field Read,context=Ring:1,ed
Method Call,caller=Ring:1#maxRing:4,target=Ring:1#maxRing:5
Variable Write,context=Ring:1#maxRing:5,r=3
Field Read,context=Ring:1,used
Variable Write,context=Ring:1#maxRing:5,len=0
Method Call,caller=Ring:1#maxRing:5,target=Ring:1#startPos:5
Variable Write,context=Ring:1#startPos:5,r=3
Field Read,context=Ring:1,st
Variable Write,context=Ring:1#startPos:5,i=7
Field Read,context=Ring:1,st
Variable Write,context=Ring:1#startPos:5,m=3
Field Read,context=Ring:1,st
Variable Write,context=Ring:1#startPos:5,i=4
Variable Delete,method=Ring:1#startPos:5 <name=m,type=int (id=7),value=<?>,index=2>
Variable Write,context=Ring:1#startPos:5,j=4
Field Read,context=Ring:1,st
Field Read,context=Ring:1,st
Variable Write,context=Ring:1#startPos:5,j=3
Variable Write,context=Ring:1#startPos:5,result=3
Method Exit,returner=Ring:1#startPos:5,value=3
Field Read,context=Ring:1,st
Variable Write,context=Ring:1#maxRing:5,i=3
Field Read,context=Ring:1,st
Field Read,context=Ring:1,st
Field Read,context=Ring:1,st
Variable Write,context=Ring:1#maxRing:5,i=4
Field Read,context=Ring:1,st
Field Read,context=Ring:1,st
Field Read,context=Ring:1,used
Field Read,context=Ring:1,ed
Field Read,context=Ring:1,st
Variable Write,context=Ring:1#maxRing:5,i=5
Field Read,context=Ring:1,st
Field Read,context=Ring:1,st
Field Read,context=Ring:1,used
Field Read,context=Ring:1,ed
Field Read,context=Ring:1,st
Variable Write,context=Ring:1#maxRing:5,i=6
Field Read,context=Ring:1,st
Field Read,context=Ring:1,used
Variable Delete,method=Ring:1#maxRing:5 <name=i,type=int (id=7),value=<?>,index=2>
Variable Write,context=Ring:1#maxRing:5,result=1
Method Exit,returner=Ring:1#maxRing:5,value=1
Variable Write,context=Ring:1#maxRing:4,le=1
Variable Write,context=Ring:1#maxRing:4,len=1
Field Read,context=Ring:1,st
Variable Write,context=Ring:1#maxRing:4,i=8
Variable Delete,method=Ring:1#maxRing:4 <name=le,type=int (id=7),value=<?>,index=3>
Field Read,context=Ring:1,st
Field Read,context=Ring:1,used
Variable Delete,method=Ring:1#maxRing:4 <name=i,type=int (id=7),value=<?>,index=2>
Variable Write,context=Ring:1#maxRing:4,result=2
Method Exit,returner=Ring:1#maxRing:4,value=2
Variable Write,context=Ring:1#maxRing:1,le=2
Field Read,context=Ring:1,st
Variable Write,context=Ring:1#maxRing:1,i=2
Variable Delete,method=Ring:1#maxRing:1 <name=le,type=int (id=7),value=<?>,index=3>
Field Read,context=Ring:1,st
Field Read,context=Ring:1,st
Field Read,context=Ring:1,used
Field Read,context=Ring:1,ed
Field Read,context=Ring:1,ed
Method Call,caller=Ring:1#maxRing:1,target=Ring:1#maxRing:6
Variable Write,context=Ring:1#maxRing:6,r=7
Field Read,context=Ring:1,used
Variable Write,context=Ring:1#maxRing:6,len=0
Method Call,caller=Ring:1#maxRing:6,target=Ring:1#startPos:6
Variable Write,context=Ring:1#startPos:6,r=7
Field Read,context=Ring:1,st
Variable Write,context=Ring:1#startPos:6,i=7
Field Read,context=Ring:1,st
Variable Write,context=Ring:1#startPos:6,m=3
Field Read,context=Ring:1,st
Variable Write,context=Ring:1#startPos:6,i=10
Variable Delete,method=Ring:1#startPos:6 <name=m,type=int (id=7),value=<?>,index=2>
Variable Write,context=Ring:1#startPos:6,j=10
Field Read,context=Ring:1,st
Field Read,context=Ring:1,st
Variable Write,context=Ring:1#startPos:6,j=9
Variable Write,context=Ring:1#startPos:6,result=9
Method Exit,returner=Ring:1#startPos:6,value=9
Field Read,context=Ring:1,st
Variable Write,context=Ring:1#maxRing:6,i=9
Field Read,context=Ring:1,st
Field Read,context=Ring:1,st
Field Read,context=Ring:1,st
Variable Write,context=Ring:1#maxRing:6,i=10
Field Read,context=Ring:1,st
Field Read,context=Ring:1,st
Field Read,context=Ring:1,used
Field Read,context=Ring:1,ed
Field Read,context=Ring:1,st
Variable Write,context=Ring:1#maxRing:6,i=11
Field Read,context=Ring:1,st
Field Read,context=Ring:1,st
Field Read,context=Ring:1,used
Field Read,context=Ring:1,ed
Field Read,context=Ring:1,ed
Method Call,caller=Ring:1#maxRing:6,target=Ring:1#maxRing:7
Variable Write,context=Ring:1#maxRing:7,r=2
Field Read,context=Ring:1,used
Variable Write,context=Ring:1#maxRing:7,len=0
Method Call,caller=Ring:1#maxRing:7,target=Ring:1#startPos:7
Variable Write,context=Ring:1#startPos:7,r=2
Field Read,context=Ring:1,st
Variable Write,context=Ring:1#startPos:7,i=7
Field Read,context=Ring:1,st
Variable Write,context=Ring:1#startPos:7,m=3
Field Read,context=Ring:1,st
Variable Write,context=Ring:1#startPos:7,i=4
Variable Delete,method=Ring:1#startPos:7 <name=m,type=int (id=7),value=<?>,index=2>
Variable Write,context=Ring:1#startPos:7,j=4
Field Read,context=Ring:1,st
Field Read,context=Ring:1,st
Field Read,context=Ring:1,st
Variable Write,context=Ring:1#startPos:7,j=2
Variable Write,context=Ring:1#startPos:7,result=2
Method Exit,returner=Ring:1#startPos:7,value=2
Field Read,context=Ring:1,st
Variable Write,context=Ring:1#maxRing:7,i=2
Field Read,context=Ring:1,st
Field Read,context=Ring:1,st
Field Read,context=Ring:1,st
Variable Write,context=Ring:1#maxRing:7,i=3
Field Read,context=Ring:1,st
Field Read,context=Ring:1,st
Field Read,context=Ring:1,used
Field Read,context=Ring:1,ed
Field Read,context=Ring:1,st
Variable Write,context=Ring:1#maxRing:7,i=4
Field Read,context=Ring:1,st
Field Read,context=Ring:1,used
Variable Delete,method=Ring:1#maxRing:7 <name=i,type=int (id=7),value=<?>,index=2>
Variable Write,context=Ring:1#maxRing:7,result=1
Method Exit,returner=Ring:1#maxRing:7,value=1
Variable Write,context=Ring:1#maxRing:6,le=1
Variable Write,context=Ring:1#maxRing:6,len=1
Field Read,context=Ring:1,st
Variable Write,context=Ring:1#maxRing:6,i=12
Variable Delete,method=Ring:1#maxRing:6 <name=le,type=int (id=7),value=<?>,index=3>
Field Read,context=Ring:1,st
Field Read,context=Ring:1,st
Field Read,context=Ring:1,used
Field Read,context=Ring:1,ed
Field Read,context=Ring:1,ed
Method Call,caller=Ring:1#maxRing:6,target=Ring:1#maxRing:8
Variable Write,context=Ring:1#maxRing:8,r=5
Field Read,context=Ring:1,used
Variable Write,context=Ring:1#maxRing:8,len=0
Method Call,caller=Ring:1#maxRing:8,target=Ring:1#startPos:8
Variable Write,context=Ring:1#startPos:8,r=5
Field Read,context=Ring:1,st
Variable Write,context=Ring:1#startPos:8,i=7
Field Read,context=Ring:1,st
Variable Write,context=Ring:1#startPos:8,m=3
Field Read,context=Ring:1,st
Variable Write,context=Ring:1#startPos:8,i=10
Variable Delete,method=Ring:1#startPos:8 <name=m,type=int (id=7),value=<?>,index=2>
Variable Write,context=Ring:1#startPos:8,j=10
Field Read,context=Ring:1,st
Field Read,context=Ring:1,st
Field Read,context=Ring:1,st
Field Read,context=Ring:1,st
Variable Write,context=Ring:1#startPos:8,j=7
Variable Write,context=Ring:1#startPos:8,result=7
Method Exit,returner=Ring:1#startPos:8,value=7
Field Read,context=Ring:1,st
Variable Write,context=Ring:1#maxRing:8,i=7
Field Read,context=Ring:1,st
Field Read,context=Ring:1,st
Field Read,context=Ring:1,st
Variable Write,context=Ring:1#maxRing:8,i=8
Field Read,context=Ring:1,st
Field Read,context=Ring:1,st
Field Read,context=Ring:1,used
Field Read,context=Ring:1,ed
Field Read,context=Ring:1,st
Variable Write,context=Ring:1#maxRing:8,i=9
Field Read,context=Ring:1,st
Field Read,context=Ring:1,used
Variable Delete,method=Ring:1#maxRing:8 <name=i,type=int (id=7),value=<?>,index=2>
Variable Write,context=Ring:1#maxRing:8,result=1
Method Exit,returner=Ring:1#maxRing:8,value=1
Variable Write,context=Ring:1#maxRing:6,le=1
Field Read,context=Ring:1,st
Variable Write,context=Ring:1#maxRing:6,i=13
Variable Delete,method=Ring:1#maxRing:6 <name=le,type=int (id=7),value=<?>,index=3>
Field Read,context=Ring:1,st
Field Read,context=Ring:1,st
Field Read,context=Ring:1,used
Field Read,context=Ring:1,ed
Field Read,context=Ring:1,ed
Method Call,caller=Ring:1#maxRing:6,target=Ring:1#maxRing:9
Variable Write,context=Ring:1#maxRing:9,r=6
Field Read,context=Ring:1,used
Variable Write,context=Ring:1#maxRing:9,len=0
Method Call,caller=Ring:1#maxRing:9,target=Ring:1#startPos:9
Variable Write,context=Ring:1#startPos:9,r=6
Field Read,context=Ring:1,st
Variable Write,context=Ring:1#startPos:9,i=7
Field Read,context=Ring:1,st
Variable Write,context=Ring:1#startPos:9,m=3
Field Read,context=Ring:1,st
Variable Write,context=Ring:1#startPos:9,i=10
Variable Delete,method=Ring:1#startPos:9 <name=m,type=int (id=7),value=<?>,index=2>
Variable Write,context=Ring:1#startPos:9,j=10
Field Read,context=Ring:1,st
Field Read,context=Ring:1,st
Field Read,context=Ring:1,st
Variable Write,context=Ring:1#startPos:9,j=8
Variable Write,context=Ring:1#startPos:9,result=8
Method Exit,returner=Ring:1#startPos:9,value=8
Field Read,context=Ring:1,st
Variable Write,context=Ring:1#maxRing:9,i=8
Field Read,context=Ring:1,st
Field Read,context=Ring:1,st
Field Read,context=Ring:1,st
Variable Write,context=Ring:1#maxRing:9,i=9
Field Read,context=Ring:1,st
Field Read,context=Ring:1,st
Field Read,context=Ring:1,used
Field Read,context=Ring:1,ed
Field Read,context=Ring:1,st
Variable Write,context=Ring:1#maxRing:9,i=10
Field Read,context=Ring:1,st
Field Read,context=Ring:1,used
Variable Delete,method=Ring:1#maxRing:9 <name=i,type=int (id=7),value=<?>,index=2>
Variable Write,context=Ring:1#maxRing:9,result=1
Method Exit,returner=Ring:1#maxRing:9,value=1
Variable Write,context=Ring:1#maxRing:6,le=1
Field Read,context=Ring:1,st
Variable Delete,method=Ring:1#maxRing:6 <name=le,type=int (id=7),value=<?>,index=3>
Field Read,context=Ring:1,used
Variable Delete,method=Ring:1#maxRing:6 <name=i,type=int (id=7),value=<?>,index=2>
Variable Write,context=Ring:1#maxRing:6,result=2
Method Exit,returner=Ring:1#maxRing:6,value=2
Variable Write,context=Ring:1#maxRing:1,le=2
Field Read,context=Ring:1,st
Variable Write,context=Ring:1#maxRing:1,i=3
Variable Delete,method=Ring:1#maxRing:1 <name=le,type=int (id=7),value=<?>,index=3>
Field Read,context=Ring:1,st
Field Read,context=Ring:1,used
Variable Delete,method=Ring:1#maxRing:1 <name=i,type=int (id=7),value=<?>,index=2>
Variable Write,context=Ring:1#maxRing:1,result=3
Method Exit,returner=Ring:1#maxRing:1,value=3
Variable Write,context=Main#main:1,mm=3
Variable Write,context=Main#main:1,max=3
Method Call,caller=Main#main:1,target=Ring:1#elem:2
Field Read,context=Ring:1,elemP
Field Read,context=Ring:1,st
Field Read,context=Ring:1,st
Field Read,context=Ring:1,elemP
Field Read,context=Ring:1,elemV
Field Read,context=Ring:1,elemP
Field Write,context=Ring:1,elemP=1
Field Read,context=Ring:1,elemP
Field Read,context=Ring:1,st
Field Read,context=Ring:1,st
Field Read,context=Ring:1,elemP
Field Read,context=Ring:1,elemV
Field Read,context=Ring:1,elemP
Field Write,context=Ring:1,elemP=2
Field Read,context=Ring:1,elemP
Field Read,context=Ring:1,st
Field Read,context=Ring:1,st
Field Read,context=Ring:1,elemP
Field Read,context=Ring:1,elemV
Field Read,context=Ring:1,elemP
Field Write,context=Ring:1,elemP=3
Field Read,context=Ring:1,elemP
Field Read,context=Ring:1,st
Field Read,context=Ring:1,st
Field Read,context=Ring:1,elemP
Field Read,context=Ring:1,elemV
Field Read,context=Ring:1,st
Field Read,context=Ring:1,elemP
Field Write,context=Ring:1,elemV=2
Field Read,context=Ring:1,elemV
Variable Write,context=Ring:1#elem:2,result=2
Method Exit,returner=Ring:1#elem:2,value=2
Variable Write,context=Main#main:1,x=2
Variable Delete,method=Main#main:1 <name=mm,type=int (id=7),value=<?>,index=9>
Method Call,caller=Main#main:1,target=Ring:1#maxRing:10
Variable Write,context=Ring:1#maxRing:10,r=2
Field Read,context=Ring:1,used
Variable Write,context=Ring:1#maxRing:10,len=0
Method Call,caller=Ring:1#maxRing:10,target=Ring:1#startPos:10
Variable Write,context=Ring:1#startPos:10,r=2
Field Read,context=Ring:1,st
Variable Write,context=Ring:1#startPos:10,i=7
Field Read,context=Ring:1,st
Variable Write,context=Ring:1#startPos:10,m=3
Field Read,context=Ring:1,st
Variable Write,context=Ring:1#startPos:10,i=4
Variable Delete,method=Ring:1#startPos:10 <name=m,type=int (id=7),value=<?>,index=2>
Variable Write,context=Ring:1#startPos:10,j=4
Field Read,context=Ring:1,st
Field Read,context=Ring:1,st
Field Read,context=Ring:1,st
Variable Write,context=Ring:1#startPos:10,j=2
Variable Write,context=Ring:1#startPos:10,result=2
Method Exit,returner=Ring:1#startPos:10,value=2
Field Read,context=Ring:1,st
Variable Write,context=Ring:1#maxRing:10,i=2
Field Read,context=Ring:1,st
Field Read,context=Ring:1,st
Field Read,context=Ring:1,st
Variable Write,context=Ring:1#maxRing:10,i=3
Field Read,context=Ring:1,st
Field Read,context=Ring:1,st
Field Read,context=Ring:1,used
Field Read,context=Ring:1,ed
Field Read,context=Ring:1,ed
Method Call,caller=Ring:1#maxRing:10,target=Ring:1#maxRing:11
Variable Write,context=Ring:1#maxRing:11,r=7
Field Read,context=Ring:1,used
Variable Write,context=Ring:1#maxRing:11,len=0
Method Call,caller=Ring:1#maxRing:11,target=Ring:1#startPos:11
Variable Write,context=Ring:1#startPos:11,r=7
Field Read,context=Ring:1,st
Variable Write,context=Ring:1#startPos:11,i=7
Field Read,context=Ring:1,st
Variable Write,context=Ring:1#startPos:11,m=3
Field Read,context=Ring:1,st
Variable Write,context=Ring:1#startPos:11,i=10
Variable Delete,method=Ring:1#startPos:11 <name=m,type=int (id=7),value=<?>,index=2>
Variable Write,context=Ring:1#startPos:11,j=10
Field Read,context=Ring:1,st
Field Read,context=Ring:1,st
Variable Write,context=Ring:1#startPos:11,j=9
Variable Write,context=Ring:1#startPos:11,result=9
Method Exit,returner=Ring:1#startPos:11,value=9
Field Read,context=Ring:1,st
Variable Write,context=Ring:1#maxRing:11,i=9
Field Read,context=Ring:1,st
Field Read,context=Ring:1,st
Field Read,context=Ring:1,st
Variable Write,context=Ring:1#maxRing:11,i=10
Field Read,context=Ring:1,st
Field Read,context=Ring:1,st
Field Read,context=Ring:1,used
Field Read,context=Ring:1,ed
Field Read,context=Ring:1,ed
Method Call,caller=Ring:1#maxRing:11,target=Ring:1#maxRing:12
Variable Write,context=Ring:1#maxRing:12,r=1
Field Read,context=Ring:1,used
Variable Write,context=Ring:1#maxRing:12,len=0
Method Call,caller=Ring:1#maxRing:12,target=Ring:1#startPos:12
Variable Write,context=Ring:1#startPos:12,r=1
Field Read,context=Ring:1,st
Variable Write,context=Ring:1#startPos:12,i=7
Field Read,context=Ring:1,st
Variable Write,context=Ring:1#startPos:12,m=3
Field Read,context=Ring:1,st
Variable Write,context=Ring:1#startPos:12,i=4
Variable Delete,method=Ring:1#startPos:12 <name=m,type=int (id=7),value=<?>,index=2>
Variable Write,context=Ring:1#startPos:12,j=4
Field Read,context=Ring:1,st
Field Read,context=Ring:1,st
Field Read,context=Ring:1,st
Field Read,context=Ring:1,st
Variable Write,context=Ring:1#startPos:12,j=0
Variable Write,context=Ring:1#startPos:12,result=0
Method Exit,returner=Ring:1#startPos:12,value=0
Field Read,context=Ring:1,st
Variable Write,context=Ring:1#maxRing:12,i=0
Field Read,context=Ring:1,st
Field Read,context=Ring:1,st
Field Read,context=Ring:1,used
Field Read,context=Ring:1,ed
Field Read,context=Ring:1,ed
Method Call,caller=Ring:1#maxRing:12,target=Ring:1#maxRing:13
Variable Write,context=Ring:1#maxRing:13,r=3
Field Read,context=Ring:1,used
Variable Write,context=Ring:1#maxRing:13,len=0
Method Call,caller=Ring:1#maxRing:13,target=Ring:1#startPos:13
Variable Write,context=Ring:1#startPos:13,r=3
Field Read,context=Ring:1,st
Variable Write,context=Ring:1#startPos:13,i=7
Field Read,context=Ring:1,st
Variable Write,context=Ring:1#startPos:13,m=3
Field Read,context=Ring:1,st
Variable Write,context=Ring:1#startPos:13,i=4
Variable Delete,method=Ring:1#startPos:13 <name=m,type=int (id=7),value=<?>,index=2>
Variable Write,context=Ring:1#startPos:13,j=4
Field Read,context=Ring:1,st
Field Read,context=Ring:1,st
Variable Write,context=Ring:1#startPos:13,j=3
Variable Write,context=Ring:1#startPos:13,result=3
Method Exit,returner=Ring:1#startPos:13,value=3
Field Read,context=Ring:1,st
Variable Write,context=Ring:1#maxRing:13,i=3
Field Read,context=Ring:1,st
Field Read,context=Ring:1,st
Field Read,context=Ring:1,st
Variable Write,context=Ring:1#maxRing:13,i=4
Field Read,context=Ring:1,st
Field Read,context=Ring:1,st
Field Read,context=Ring:1,used
Field Read,context=Ring:1,ed
Field Read,context=Ring:1,st
Variable Write,context=Ring:1#maxRing:13,i=5
Field Read,context=Ring:1,st
Field Read,context=Ring:1,st
Field Read,context=Ring:1,used
Field Read,context=Ring:1,ed
Field Read,context=Ring:1,ed
Method Call,caller=Ring:1#maxRing:13,target=Ring:1#maxRing:14
Variable Write,context=Ring:1#maxRing:14,r=4
Field Read,context=Ring:1,used
Variable Write,context=Ring:1#maxRing:14,len=0
Method Call,caller=Ring:1#maxRing:14,target=Ring:1#startPos:14
Variable Write,context=Ring:1#startPos:14,r=4
Field Read,context=Ring:1,st
Variable Write,context=Ring:1#startPos:14,i=7
Field Read,context=Ring:1,st
Variable Write,context=Ring:1#startPos:14,j=7
Field Read,context=Ring:1,st
Field Read,context=Ring:1,st
Field Read,context=Ring:1,st
Variable Write,context=Ring:1#startPos:14,j=5
Variable Write,context=Ring:1#startPos:14,result=5
Method Exit,returner=Ring:1#startPos:14,value=5
Field Read,context=Ring:1,st
Variable Write,context=Ring:1#maxRing:14,i=5
Field Read,context=Ring:1,st
Field Read,context=Ring:1,st
Field Read,context=Ring:1,st
Variable Write,context=Ring:1#maxRing:14,i=6
Field Read,context=Ring:1,st
Field Read,context=Ring:1,st
Field Read,context=Ring:1,used
Field Read,context=Ring:1,ed
Field Read,context=Ring:1,st
Variable Write,context=Ring:1#maxRing:14,i=7
Field Read,context=Ring:1,st
Field Read,context=Ring:1,st
Field Read,context=Ring:1,used
Field Read,context=Ring:1,ed
Field Read,context=Ring:1,st
Variable Write,context=Ring:1#maxRing:14,i=8
Field Read,context=Ring:1,st
Field Read,context=Ring:1,used
Variable Delete,method=Ring:1#maxRing:14 <name=i,type=int (id=7),value=<?>,index=2>
Variable Write,context=Ring:1#maxRing:14,result=1
Method Exit,returner=Ring:1#maxRing:14,value=1
Variable Write,context=Ring:1#maxRing:13,le=1
Variable Write,context=Ring:1#maxRing:13,len=1
Field Read,context=Ring:1,st
Variable Write,context=Ring:1#maxRing:13,i=6
Variable Delete,method=Ring:1#maxRing:13 <name=le,type=int (id=7),value=<?>,index=3>
Field Read,context=Ring:1,st
Field Read,context=Ring:1,used
Variable Delete,method=Ring:1#maxRing:13 <name=i,type=int (id=7),value=<?>,index=2>
Variable Write,context=Ring:1#maxRing:13,result=2
Method Exit,returner=Ring:1#maxRing:13,value=2
Variable Write,context=Ring:1#maxRing:12,le=2
Variable Write,context=Ring:1#maxRing:12,len=2
Field Read,context=Ring:1,st
Variable Write,context=Ring:1#maxRing:12,i=1
Variable Delete,method=Ring:1#maxRing:12 <name=le,type=int (id=7),value=<?>,index=3>
Field Read,context=Ring:1,st
Field Read,context=Ring:1,st
Field Read,context=Ring:1,used
Field Read,context=Ring:1,ed
Field Read,context=Ring:1,ed
Method Call,caller=Ring:1#maxRing:12,target=Ring:1#maxRing:15
Variable Write,context=Ring:1#maxRing:15,r=4
Field Read,context=Ring:1,used
Variable Write,context=Ring:1#maxRing:15,len=0
Method Call,caller=Ring:1#maxRing:15,target=Ring:1#startPos:15
Variable Write,context=Ring:1#startPos:15,r=4
Field Read,context=Ring:1,st
Variable Write,context=Ring:1#startPos:15,i=7
Field Read,context=Ring:1,st
Variable Write,context=Ring:1#startPos:15,j=7
Field Read,context=Ring:1,st
Field Read,context=Ring:1,st
Field Read,context=Ring:1,st
Variable Write,context=Ring:1#startPos:15,j=5
Variable Write,context=Ring:1#startPos:15,result=5
Method Exit,returner=Ring:1#startPos:15,value=5
Field Read,context=Ring:1,st
Variable Write,context=Ring:1#maxRing:15,i=5
Field Read,context=Ring:1,st
Field Read,context=Ring:1,st
Field Read,context=Ring:1,st
Variable Write,context=Ring:1#maxRing:15,i=6
Field Read,context=Ring:1,st
Field Read,context=Ring:1,st
Field Read,context=Ring:1,used
Field Read,context=Ring:1,ed
Field Read,context=Ring:1,st
Variable Write,context=Ring:1#maxRing:15,i=7
Field Read,context=Ring:1,st
Field Read,context=Ring:1,st
Field Read,context=Ring:1,used
Field Read,context=Ring:1,ed
Field Read,context=Ring:1,ed
Method Call,caller=Ring:1#maxRing:15,target=Ring:1#maxRing:16
Variable Write,context=Ring:1#maxRing:16,r=3
Field Read,context=Ring:1,used
Variable Write,context=Ring:1#maxRing:16,len=0
Method Call,caller=Ring:1#maxRing:16,target=Ring:1#startPos:16
Variable Write,context=Ring:1#startPos:16,r=3
Field Read,context=Ring:1,st
Variable Write,context=Ring:1#startPos:16,i=7
Field Read,context=Ring:1,st
Variable Write,context=Ring:1#startPos:16,m=3
Field Read,context=Ring:1,st
Variable Write,context=Ring:1#startPos:16,i=4
Variable Delete,method=Ring:1#startPos:16 <name=m,type=int (id=7),value=<?>,index=2>
Variable Write,context=Ring:1#startPos:16,j=4
Field Read,context=Ring:1,st
Field Read,context=Ring:1,st
Variable Write,context=Ring:1#startPos:16,j=3
Variable Write,context=Ring:1#startPos:16,result=3
Method Exit,returner=Ring:1#startPos:16,value=3
Field Read,context=Ring:1,st
Variable Write,context=Ring:1#maxRing:16,i=3
Field Read,context=Ring:1,st
Field Read,context=Ring:1,st
Field Read,context=Ring:1,st
Variable Write,context=Ring:1#maxRing:16,i=4
Field Read,context=Ring:1,st
Field Read,context=Ring:1,st
Field Read,context=Ring:1,used
Field Read,context=Ring:1,ed
Field Read,context=Ring:1,st
Variable Write,context=Ring:1#maxRing:16,i=5
Field Read,context=Ring:1,st
Field Read,context=Ring:1,st
Field Read,context=Ring:1,used
Field Read,context=Ring:1,ed
Field Read,context=Ring:1,st
Variable Write,context=Ring:1#maxRing:16,i=6
Field Read,context=Ring:1,st
Field Read,context=Ring:1,used
Variable Delete,method=Ring:1#maxRing:16 <name=i,type=int (id=7),value=<?>,index=2>
Variable Write,context=Ring:1#maxRing:16,result=1
Method Exit,returner=Ring:1#maxRing:16,value=1
Variable Write,context=Ring:1#maxRing:15,le=1
Variable Write,context=Ring:1#maxRing:15,len=1
Field Read,context=Ring:1,st
Variable Write,context=Ring:1#maxRing:15,i=8
Variable Delete,method=Ring:1#maxRing:15 <name=le,type=int (id=7),value=<?>,index=3>
Field Read,context=Ring:1,st
Field Read,context=Ring:1,used
Variable Delete,method=Ring:1#maxRing:15 <name=i,type=int (id=7),value=<?>,index=2>
Variable Write,context=Ring:1#maxRing:15,result=2
Method Exit,returner=Ring:1#maxRing:15,value=2
Variable Write,context=Ring:1#maxRing:12,le=2
Field Read,context=Ring:1,st
Variable Write,context=Ring:1#maxRing:12,i=2
Variable Delete,method=Ring:1#maxRing:12 <name=le,type=int (id=7),value=<?>,index=3>
Field Read,context=Ring:1,st
Field Read,context=Ring:1,st
Field Read,context=Ring:1,used
Field Read,context=Ring:1,ed
Field Read,context=Ring:1,st
Variable Write,context=Ring:1#maxRing:12,i=3
Field Read,context=Ring:1,st
Field Read,context=Ring:1,used
Variable Delete,method=Ring:1#maxRing:12 <name=i,type=int (id=7),value=<?>,index=2>
Variable Write,context=Ring:1#maxRing:12,result=3
Method Exit,returner=Ring:1#maxRing:12,value=3
Variable Write,context=Ring:1#maxRing:11,le=3
Variable Write,context=Ring:1#maxRing:11,len=3
Field Read,context=Ring:1,st
Variable Write,context=Ring:1#maxRing:11,i=11
Variable Delete,method=Ring:1#maxRing:11 <name=le,type=int (id=7),value=<?>,index=3>
Field Read,context=Ring:1,st
Field Read,context=Ring:1,st
Field Read,context=Ring:1,used
Field Read,context=Ring:1,ed
Field Read,context=Ring:1,st
Variable Write,context=Ring:1#maxRing:11,i=12
Field Read,context=Ring:1,st
Field Read,context=Ring:1,st
Field Read,context=Ring:1,used
Field Read,context=Ring:1,ed
Field Read,context=Ring:1,ed
Method Call,caller=Ring:1#maxRing:11,target=Ring:1#maxRing:17
Variable Write,context=Ring:1#maxRing:17,r=5
Field Read,context=Ring:1,used
Variable Write,context=Ring:1#maxRing:17,len=0
Method Call,caller=Ring:1#maxRing:17,target=Ring:1#startPos:17
Variable Write,context=Ring:1#startPos:17,r=5
Field Read,context=Ring:1,st
Variable Write,context=Ring:1#startPos:17,i=7
Field Read,context=Ring:1,st
Variable Write,context=Ring:1#startPos:17,m=3
Field Read,context=Ring:1,st
Variable Write,context=Ring:1#startPos:17,i=10
Variable Delete,method=Ring:1#startPos:17 <name=m,type=int (id=7),value=<?>,index=2>
Variable Write,context=Ring:1#startPos:17,j=10
Field Read,context=Ring:1,st
Field Read,context=Ring:1,st
Field Read,context=Ring:1,st
Field Read,context=Ring:1,st
Variable Write,context=Ring:1#startPos:17,j=7
Variable Write,context=Ring:1#startPos:17,result=7
Method Exit,returner=Ring:1#startPos:17,value=7
Field Read,context=Ring:1,st
Variable Write,context=Ring:1#maxRing:17,i=7
Field Read,context=Ring:1,st
Field Read,context=Ring:1,st
Field Read,context=Ring:1,st
Variable Write,context=Ring:1#maxRing:17,i=8
Field Read,context=Ring:1,st
Field Read,context=Ring:1,st
Field Read,context=Ring:1,used
Field Read,context=Ring:1,ed
Field Read,context=Ring:1,st
Variable Write,context=Ring:1#maxRing:17,i=9
Field Read,context=Ring:1,st
Field Read,context=Ring:1,used
Variable Delete,method=Ring:1#maxRing:17 <name=i,type=int (id=7),value=<?>,index=2>
Variable Write,context=Ring:1#maxRing:17,result=1
Method Exit,returner=Ring:1#maxRing:17,value=1
Variable Write,context=Ring:1#maxRing:11,le=1
Field Read,context=Ring:1,st
Variable Write,context=Ring:1#maxRing:11,i=13
Variable Delete,method=Ring:1#maxRing:11 <name=le,type=int (id=7),value=<?>,index=3>
Field Read,context=Ring:1,st
Field Read,context=Ring:1,st
Field Read,context=Ring:1,used
Field Read,context=Ring:1,ed
Field Read,context=Ring:1,ed
Method Call,caller=Ring:1#maxRing:11,target=Ring:1#maxRing:18
Variable Write,context=Ring:1#maxRing:18,r=6
Field Read,context=Ring:1,used
Variable Write,context=Ring:1#maxRing:18,len=0
Method Call,caller=Ring:1#maxRing:18,target=Ring:1#startPos:18
Variable Write,context=Ring:1#startPos:18,r=6
Field Read,context=Ring:1,st
Variable Write,context=Ring:1#startPos:18,i=7
Field Read,context=Ring:1,st
Variable Write,context=Ring:1#startPos:18,m=3
Field Read,context=Ring:1,st
Variable Write,context=Ring:1#startPos:18,i=10
Variable Delete,method=Ring:1#startPos:18 <name=m,type=int (id=7),value=<?>,index=2>
Variable Write,context=Ring:1#startPos:18,j=10
Field Read,context=Ring:1,st
Field Read,context=Ring:1,st
Field Read,context=Ring:1,st
Variable Write,context=Ring:1#startPos:18,j=8
Variable Write,context=Ring:1#startPos:18,result=8
Method Exit,returner=Ring:1#startPos:18,value=8
Field Read,context=Ring:1,st
Variable Write,context=Ring:1#maxRing:18,i=8
Field Read,context=Ring:1,st
Field Read,context=Ring:1,st
Field Read,context=Ring:1,st
Variable Write,context=Ring:1#maxRing:18,i=9
Field Read,context=Ring:1,st
Field Read,context=Ring:1,st
Field Read,context=Ring:1,used
Field Read,context=Ring:1,ed
Field Read,context=Ring:1,st
Variable Write,context=Ring:1#maxRing:18,i=10
Field Read,context=Ring:1,st
Field Read,context=Ring:1,used
Variable Delete,method=Ring:1#maxRing:18 <name=i,type=int (id=7),value=<?>,index=2>
Variable Write,context=Ring:1#maxRing:18,result=1
Method Exit,returner=Ring:1#maxRing:18,value=1
Variable Write,context=Ring:1#maxRing:11,le=1
Field Read,context=Ring:1,st
Variable Delete,method=Ring:1#maxRing:11 <name=le,type=int (id=7),value=<?>,index=3>
Field Read,context=Ring:1,used
Variable Delete,method=Ring:1#maxRing:11 <name=i,type=int (id=7),value=<?>,index=2>
Variable Write,context=Ring:1#maxRing:11,result=4
Method Exit,returner=Ring:1#maxRing:11,value=4
Variable Write,context=Ring:1#maxRing:10,le=4
Variable Write,context=Ring:1#maxRing:10,len=4
Field Read,context=Ring:1,st
Variable Write,context=Ring:1#maxRing:10,i=4
Variable Delete,method=Ring:1#maxRing:10 <name=le,type=int (id=7),value=<?>,index=3>
Field Read,context=Ring:1,st
Field Read,context=Ring:1,used
Variable Delete,method=Ring:1#maxRing:10 <name=i,type=int (id=7),value=<?>,index=2>
Variable Write,context=Ring:1#maxRing:10,result=5
Method Exit,returner=Ring:1#maxRing:10,value=5
Variable Write,context=Main#main:1,mm=5
Variable Write,context=Main#main:1,max=5
Method Call,caller=Main#main:1,target=Ring:1#elem:3
Field Read,context=Ring:1,elemP
Field Read,context=Ring:1,st
Field Read,context=Ring:1,st
Field Read,context=Ring:1,elemP
Field Read,context=Ring:1,elemV
Field Read,context=Ring:1,elemP
Field Write,context=Ring:1,elemP=4
Field Read,context=Ring:1,elemP
Field Read,context=Ring:1,st
Field Read,context=Ring:1,st
Field Read,context=Ring:1,elemP
Field Read,context=Ring:1,elemV
Field Read,context=Ring:1,st
Field Read,context=Ring:1,elemP
Field Write,context=Ring:1,elemV=3
Field Read,context=Ring:1,elemV
Variable Write,context=Ring:1#elem:3,result=3
Method Exit,returner=Ring:1#elem:3,value=3
Variable Write,context=Main#main:1,x=3
Variable Delete,method=Main#main:1 <name=mm,type=int (id=7),value=<?>,index=9>
Method Call,caller=Main#main:1,target=Ring:1#maxRing:19
Variable Write,context=Ring:1#maxRing:19,r=3
Field Read,context=Ring:1,used
Variable Write,context=Ring:1#maxRing:19,len=0
Method Call,caller=Ring:1#maxRing:19,target=Ring:1#startPos:19
Variable Write,context=Ring:1#startPos:19,r=3
Field Read,context=Ring:1,st
Variable Write,context=Ring:1#startPos:19,i=7
Field Read,context=Ring:1,st
Variable Write,context=Ring:1#startPos:19,m=3
Field Read,context=Ring:1,st
Variable Write,context=Ring:1#startPos:19,i=4
Variable Delete,method=Ring:1#startPos:19 <name=m,type=int (id=7),value=<?>,index=2>
Variable Write,context=Ring:1#startPos:19,j=4
Field Read,context=Ring:1,st
Field Read,context=Ring:1,st
Variable Write,context=Ring:1#startPos:19,j=3
Variable Write,context=Ring:1#startPos:19,result=3
Method Exit,returner=Ring:1#startPos:19,value=3
Field Read,context=Ring:1,st
Variable Write,context=Ring:1#maxRing:19,i=3
Field Read,context=Ring:1,st
Field Read,context=Ring:1,st
Field Read,context=Ring:1,st
Variable Write,context=Ring:1#maxRing:19,i=4
Field Read,context=Ring:1,st
Field Read,context=Ring:1,st
Field Read,context=Ring:1,used
Field Read,context=Ring:1,ed
Field Read,context=Ring:1,ed
Method Call,caller=Ring:1#maxRing:19,target=Ring:1#maxRing:20
Variable Write,context=Ring:1#maxRing:20,r=1
Field Read,context=Ring:1,used
Variable Write,context=Ring:1#maxRing:20,len=0
Method Call,caller=Ring:1#maxRing:20,target=Ring:1#startPos:20
Variable Write,context=Ring:1#startPos:20,r=1
Field Read,context=Ring:1,st
Variable Write,context=Ring:1#startPos:20,i=7
Field Read,context=Ring:1,st
Variable Write,context=Ring:1#startPos:20,m=3
Field Read,context=Ring:1,st
Variable Write,context=Ring:1#startPos:20,i=4
Variable Delete,method=Ring:1#startPos:20 <name=m,type=int (id=7),value=<?>,index=2>
Variable Write,context=Ring:1#startPos:20,j=4
Field Read,context=Ring:1,st
Field Read,context=Ring:1,st
Field Read,context=Ring:1,st
Field Read,context=Ring:1,st
Variable Write,context=Ring:1#startPos:20,j=0
Variable Write,context=Ring:1#startPos:20,result=0
Method Exit,returner=Ring:1#startPos:20,value=0
Field Read,context=Ring:1,st
Variable Write,context=Ring:1#maxRing:20,i=0
Field Read,context=Ring:1,st
Field Read,context=Ring:1,st
Field Read,context=Ring:1,used
Field Read,context=Ring:1,ed
Field Read,context=Ring:1,st
Variable Write,context=Ring:1#maxRing:20,i=1
Field Read,context=Ring:1,st
Field Read,context=Ring:1,st
Field Read,context=Ring:1,used
Field Read,context=Ring:1,ed
Field Read,context=Ring:1,ed
Method Call,caller=Ring:1#maxRing:20,target=Ring:1#maxRing:21
Variable Write,context=Ring:1#maxRing:21,r=4
Field Read,context=Ring:1,used
Variable Write,context=Ring:1#maxRing:21,len=0
Method Call,caller=Ring:1#maxRing:21,target=Ring:1#startPos:21
Variable Write,context=Ring:1#startPos:21,r=4
Field Read,context=Ring:1,st
Variable Write,context=Ring:1#startPos:21,i=7
Field Read,context=Ring:1,st
Variable Write,context=Ring:1#startPos:21,j=7
Field Read,context=Ring:1,st
Field Read,context=Ring:1,st
Field Read,context=Ring:1,st
Variable Write,context=Ring:1#startPos:21,j=5
Variable Write,context=Ring:1#startPos:21,result=5
Method Exit,returner=Ring:1#startPos:21,value=5
Field Read,context=Ring:1,st
Variable Write,context=Ring:1#maxRing:21,i=5
Field Read,context=Ring:1,st
Field Read,context=Ring:1,st
Field Read,context=Ring:1,st
Variable Write,context=Ring:1#maxRing:21,i=6
Field Read,context=Ring:1,st
Field Read,context=Ring:1,st
Field Read,context=Ring:1,used
Field Read,context=Ring:1,ed
Field Read,context=Ring:1,st
Variable Write,context=Ring:1#maxRing:21,i=7
Field Read,context=Ring:1,st
Field Read,context=Ring:1,st
Field Read,context=Ring:1,used
Field Read,context=Ring:1,ed
Field Read,context=Ring:1,st
Variable Write,context=Ring:1#maxRing:21,i=8
Field Read,context=Ring:1,st
Field Read,context=Ring:1,used
Variable Delete,method=Ring:1#maxRing:21 <name=i,type=int (id=7),value=<?>,index=2>
Variable Write,context=Ring:1#maxRing:21,result=1
Method Exit,returner=Ring:1#maxRing:21,value=1
Variable Write,context=Ring:1#maxRing:20,le=1
Variable Write,context=Ring:1#maxRing:20,len=1
Field Read,context=Ring:1,st
Variable Write,context=Ring:1#maxRing:20,i=2
Variable Delete,method=Ring:1#maxRing:20 <name=le,type=int (id=7),value=<?>,index=3>
Field Read,context=Ring:1,st
Field Read,context=Ring:1,st
Field Read,context=Ring:1,used
Field Read,context=Ring:1,ed
Field Read,context=Ring:1,ed
Method Call,caller=Ring:1#maxRing:20,target=Ring:1#maxRing:22
Variable Write,context=Ring:1#maxRing:22,r=7
Field Read,context=Ring:1,used
Variable Write,context=Ring:1#maxRing:22,len=0
Method Call,caller=Ring:1#maxRing:22,target=Ring:1#startPos:22
Variable Write,context=Ring:1#startPos:22,r=7
Field Read,context=Ring:1,st
Variable Write,context=Ring:1#startPos:22,i=7
Field Read,context=Ring:1,st
Variable Write,context=Ring:1#startPos:22,m=3
Field Read,context=Ring:1,st
Variable Write,context=Ring:1#startPos:22,i=10
Variable Delete,method=Ring:1#startPos:22 <name=m,type=int (id=7),value=<?>,index=2>
Variable Write,context=Ring:1#startPos:22,j=10
Field Read,context=Ring:1,st
Field Read,context=Ring:1,st
Variable Write,context=Ring:1#startPos:22,j=9
Variable Write,context=Ring:1#startPos:22,result=9
Method Exit,returner=Ring:1#startPos:22,value=9
Field Read,context=Ring:1,st
Variable Write,context=Ring:1#maxRing:22,i=9
Field Read,context=Ring:1,st
Field Read,context=Ring:1,st
Field Read,context=Ring:1,st
Variable Write,context=Ring:1#maxRing:22,i=10
Field Read,context=Ring:1,st
Field Read,context=Ring:1,st
Field Read,context=Ring:1,used
Field Read,context=Ring:1,ed
Field Read,context=Ring:1,st
Variable Write,context=Ring:1#maxRing:22,i=11
Field Read,context=Ring:1,st
Field Read,context=Ring:1,st
Field Read,context=Ring:1,used
Field Read,context=Ring:1,ed
Field Read,context=Ring:1,ed
Method Call,caller=Ring:1#maxRing:22,target=Ring:1#maxRing:23
Variable Write,context=Ring:1#maxRing:23,r=2
Field Read,context=Ring:1,used
Variable Write,context=Ring:1#maxRing:23,len=0
Method Call,caller=Ring:1#maxRing:23,target=Ring:1#startPos:23
Variable Write,context=Ring:1#startPos:23,r=2
Field Read,context=Ring:1,st
Variable Write,context=Ring:1#startPos:23,i=7
Field Read,context=Ring:1,st
Variable Write,context=Ring:1#startPos:23,m=3
Field Read,context=Ring:1,st
Variable Write,context=Ring:1#startPos:23,i=4
Variable Delete,method=Ring:1#startPos:23 <name=m,type=int (id=7),value=<?>,index=2>
Variable Write,context=Ring:1#startPos:23,j=4
Field Read,context=Ring:1,st
Field Read,context=Ring:1,st
Field Read,context=Ring:1,st
Variable Write,context=Ring:1#startPos:23,j=2
Variable Write,context=Ring:1#startPos:23,result=2
Method Exit,returner=Ring:1#startPos:23,value=2
Field Read,context=Ring:1,st
Variable Write,context=Ring:1#maxRing:23,i=2
Field Read,context=Ring:1,st
Field Read,context=Ring:1,st
Field Read,context=Ring:1,st
Variable Write,context=Ring:1#maxRing:23,i=3
Field Read,context=Ring:1,st
Field Read,context=Ring:1,st
Field Read,context=Ring:1,used
Field Read,context=Ring:1,ed
Field Read,context=Ring:1,st
Variable Write,context=Ring:1#maxRing:23,i=4
Field Read,context=Ring:1,st
Field Read,context=Ring:1,used
Variable Delete,method=Ring:1#maxRing:23 <name=i,type=int (id=7),value=<?>,index=2>
Variable Write,context=Ring:1#maxRing:23,result=1
Method Exit,returner=Ring:1#maxRing:23,value=1
Variable Write,context=Ring:1#maxRing:22,le=1
Variable Write,context=Ring:1#maxRing:22,len=1
Field Read,context=Ring:1,st
Variable Write,context=Ring:1#maxRing:22,i=12
Variable Delete,method=Ring:1#maxRing:22 <name=le,type=int (id=7),value=<?>,index=3>
Field Read,context=Ring:1,st
Field Read,context=Ring:1,st
Field Read,context=Ring:1,used
Field Read,context=Ring:1,ed
Field Read,context=Ring:1,ed
Method Call,caller=Ring:1#maxRing:22,target=Ring:1#maxRing:24
Variable Write,context=Ring:1#maxRing:24,r=5
Field Read,context=Ring:1,used
Variable Write,context=Ring:1#maxRing:24,len=0
Method Call,caller=Ring:1#maxRing:24,target=Ring:1#startPos:24
Variable Write,context=Ring:1#startPos:24,r=5
Field Read,context=Ring:1,st
Variable Write,context=Ring:1#startPos:24,i=7
Field Read,context=Ring:1,st
Variable Write,context=Ring:1#startPos:24,m=3
Field Read,context=Ring:1,st
Variable Write,context=Ring:1#startPos:24,i=10
Variable Delete,method=Ring:1#startPos:24 <name=m,type=int (id=7),value=<?>,index=2>
Variable Write,context=Ring:1#startPos:24,j=10
Field Read,context=Ring:1,st
Field Read,context=Ring:1,st
Field Read,context=Ring:1,st
Field Read,context=Ring:1,st
Variable Write,context=Ring:1#startPos:24,j=7
Variable Write,context=Ring:1#startPos:24,result=7
Method Exit,returner=Ring:1#startPos:24,value=7
Field Read,context=Ring:1,st
Variable Write,context=Ring:1#maxRing:24,i=7
Field Read,context=Ring:1,st
Field Read,context=Ring:1,st
Field Read,context=Ring:1,st
Variable Write,context=Ring:1#maxRing:24,i=8
Field Read,context=Ring:1,st
Field Read,context=Ring:1,st
Field Read,context=Ring:1,used
Field Read,context=Ring:1,ed
Field Read,context=Ring:1,st
Variable Write,context=Ring:1#maxRing:24,i=9
Field Read,context=Ring:1,st
Field Read,context=Ring:1,used
Variable Delete,method=Ring:1#maxRing:24 <name=i,type=int (id=7),value=<?>,index=2>
Variable Write,context=Ring:1#maxRing:24,result=1
Method Exit,returner=Ring:1#maxRing:24,value=1
Variable Write,context=Ring:1#maxRing:22,le=1
Field Read,context=Ring:1,st
Variable Write,context=Ring:1#maxRing:22,i=13
Variable Delete,method=Ring:1#maxRing:22 <name=le,type=int (id=7),value=<?>,index=3>
Field Read,context=Ring:1,st
Field Read,context=Ring:1,st
Field Read,context=Ring:1,used
Field Read,context=Ring:1,ed
Field Read,context=Ring:1,ed
Method Call,caller=Ring:1#maxRing:22,target=Ring:1#maxRing:25
Variable Write,context=Ring:1#maxRing:25,r=6
Field Read,context=Ring:1,used
Variable Write,context=Ring:1#maxRing:25,len=0
Method Call,caller=Ring:1#maxRing:25,target=Ring:1#startPos:25
Variable Write,context=Ring:1#startPos:25,r=6
Field Read,context=Ring:1,st
Variable Write,context=Ring:1#startPos:25,i=7
Field Read,context=Ring:1,st
Variable Write,context=Ring:1#startPos:25,m=3
Field Read,context=Ring:1,st
Variable Write,context=Ring:1#startPos:25,i=10
Variable Delete,method=Ring:1#startPos:25 <name=m,type=int (id=7),value=<?>,index=2>
Variable Write,context=Ring:1#startPos:25,j=10
Field Read,context=Ring:1,st
Field Read,context=Ring:1,st
Field Read,context=Ring:1,st
Variable Write,context=Ring:1#startPos:25,j=8
Variable Write,context=Ring:1#startPos:25,result=8
Method Exit,returner=Ring:1#startPos:25,value=8
Field Read,context=Ring:1,st
Variable Write,context=Ring:1#maxRing:25,i=8
Field Read,context=Ring:1,st
Field Read,context=Ring:1,st
Field Read,context=Ring:1,st
Variable Write,context=Ring:1#maxRing:25,i=9
Field Read,context=Ring:1,st
Field Read,context=Ring:1,st
Field Read,context=Ring:1,used
Field Read,context=Ring:1,ed
Field Read,context=Ring:1,st
Variable Write,context=Ring:1#maxRing:25,i=10
Field Read,context=Ring:1,st
Field Read,context=Ring:1,used
Variable Delete,method=Ring:1#maxRing:25 <name=i,type=int (id=7),value=<?>,index=2>
Variable Write,context=Ring:1#maxRing:25,result=1
Method Exit,returner=Ring:1#maxRing:25,value=1
Variable Write,context=Ring:1#maxRing:22,le=1
Field Read,context=Ring:1,st
Variable Delete,method=Ring:1#maxRing:22 <name=le,type=int (id=7),value=<?>,index=3>
Field Read,context=Ring:1,used
Variable Delete,method=Ring:1#maxRing:22 <name=i,type=int (id=7),value=<?>,index=2>
Variable Write,context=Ring:1#maxRing:22,result=2
Method Exit,returner=Ring:1#maxRing:22,value=2
Variable Write,context=Ring:1#maxRing:20,le=2
Variable Write,context=Ring:1#maxRing:20,len=2
Field Read,context=Ring:1,st
Variable Write,context=Ring:1#maxRing:20,i=3
Variable Delete,method=Ring:1#maxRing:20 <name=le,type=int (id=7),value=<?>,index=3>
Field Read,context=Ring:1,st
Field Read,context=Ring:1,used
Variable Delete,method=Ring:1#maxRing:20 <name=i,type=int (id=7),value=<?>,index=2>
Variable Write,context=Ring:1#maxRing:20,result=3
Method Exit,returner=Ring:1#maxRing:20,value=3
Variable Write,context=Ring:1#maxRing:19,le=3
Variable Write,context=Ring:1#maxRing:19,len=3
Field Read,context=Ring:1,st
Variable Write,context=Ring:1#maxRing:19,i=5
Variable Delete,method=Ring:1#maxRing:19 <name=le,type=int (id=7),value=<?>,index=3>
Field Read,context=Ring:1,st
Field Read,context=Ring:1,st
Field Read,context=Ring:1,used
Field Read,context=Ring:1,ed
Field Read,context=Ring:1,ed
Method Call,caller=Ring:1#maxRing:19,target=Ring:1#maxRing:26
Variable Write,context=Ring:1#maxRing:26,r=4
Field Read,context=Ring:1,used
Variable Write,context=Ring:1#maxRing:26,len=0
Method Call,caller=Ring:1#maxRing:26,target=Ring:1#startPos:26
Variable Write,context=Ring:1#startPos:26,r=4
Field Read,context=Ring:1,st
Variable Write,context=Ring:1#startPos:26,i=7
Field Read,context=Ring:1,st
Variable Write,context=Ring:1#startPos:26,j=7
Field Read,context=Ring:1,st
Field Read,context=Ring:1,st
Field Read,context=Ring:1,st
Variable Write,context=Ring:1#startPos:26,j=5
Variable Write,context=Ring:1#startPos:26,result=5
Method Exit,returner=Ring:1#startPos:26,value=5
Field Read,context=Ring:1,st
Variable Write,context=Ring:1#maxRing:26,i=5
Field Read,context=Ring:1,st
Field Read,context=Ring:1,st
Field Read,context=Ring:1,st
Variable Write,context=Ring:1#maxRing:26,i=6
Field Read,context=Ring:1,st
Field Read,context=Ring:1,st
Field Read,context=Ring:1,used
Field Read,context=Ring:1,ed
Field Read,context=Ring:1,ed
Method Call,caller=Ring:1#maxRing:26,target=Ring:1#maxRing:27
Variable Write,context=Ring:1#maxRing:27,r=1
Field Read,context=Ring:1,used
Variable Write,context=Ring:1#maxRing:27,len=0
Method Call,caller=Ring:1#maxRing:27,target=Ring:1#startPos:27
Variable Write,context=Ring:1#startPos:27,r=1
Field Read,context=Ring:1,st
Variable Write,context=Ring:1#startPos:27,i=7
Field Read,context=Ring:1,st
Variable Write,context=Ring:1#startPos:27,m=3
Field Read,context=Ring:1,st
Variable Write,context=Ring:1#startPos:27,i=4
Variable Delete,method=Ring:1#startPos:27 <name=m,type=int (id=7),value=<?>,index=2>
Variable Write,context=Ring:1#startPos:27,j=4
Field Read,context=Ring:1,st
Field Read,context=Ring:1,st
Field Read,context=Ring:1,st
Field Read,context=Ring:1,st
Variable Write,context=Ring:1#startPos:27,j=0
Variable Write,context=Ring:1#startPos:27,result=0
Method Exit,returner=Ring:1#startPos:27,value=0
Field Read,context=Ring:1,st
Variable Write,context=Ring:1#maxRing:27,i=0
Field Read,context=Ring:1,st
Field Read,context=Ring:1,st
Field Read,context=Ring:1,used
Field Read,context=Ring:1,ed
Field Read,context=Ring:1,st
Variable Write,context=Ring:1#maxRing:27,i=1
Field Read,context=Ring:1,st
Field Read,context=Ring:1,st
Field Read,context=Ring:1,used
Field Read,context=Ring:1,ed
Field Read,context=Ring:1,st
Variable Write,context=Ring:1#maxRing:27,i=2
Field Read,context=Ring:1,st
Field Read,context=Ring:1,st
Field Read,context=Ring:1,used
Field Read,context=Ring:1,ed
Field Read,context=Ring:1,ed
Method Call,caller=Ring:1#maxRing:27,target=Ring:1#maxRing:28
Variable Write,context=Ring:1#maxRing:28,r=7
Field Read,context=Ring:1,used
Variable Write,context=Ring:1#maxRing:28,len=0
Method Call,caller=Ring:1#maxRing:28,target=Ring:1#startPos:28
Variable Write,context=Ring:1#startPos:28,r=7
Field Read,context=Ring:1,st
Variable Write,context=Ring:1#startPos:28,i=7
Field Read,context=Ring:1,st
Variable Write,context=Ring:1#startPos:28,m=3
Field Read,context=Ring:1,st
Variable Write,context=Ring:1#startPos:28,i=10
Variable Delete,method=Ring:1#startPos:28 <name=m,type=int (id=7),value=<?>,index=2>
Variable Write,context=Ring:1#startPos:28,j=10
Field Read,context=Ring:1,st
Field Read,context=Ring:1,st
Variable Write,context=Ring:1#startPos:28,j=9
Variable Write,context=Ring:1#startPos:28,result=9
Method Exit,returner=Ring:1#startPos:28,value=9
Field Read,context=Ring:1,st
Variable Write,context=Ring:1#maxRing:28,i=9
Field Read,context=Ring:1,st
Field Read,context=Ring:1,st
Field Read,context=Ring:1,st
Variable Write,context=Ring:1#maxRing:28,i=10
Field Read,context=Ring:1,st
Field Read,context=Ring:1,st
Field Read,context=Ring:1,used
Field Read,context=Ring:1,ed
Field Read,context=Ring:1,st
Variable Write,context=Ring:1#maxRing:28,i=11
Field Read,context=Ring:1,st
Field Read,context=Ring:1,st
Field Read,context=Ring:1,used
Field Read,context=Ring:1,ed
Field Read,context=Ring:1,ed
Method Call,caller=Ring:1#maxRing:28,target=Ring:1#maxRing:29
Variable Write,context=Ring:1#maxRing:29,r=2
Field Read,context=Ring:1,used
Variable Write,context=Ring:1#maxRing:29,len=0
Method Call,caller=Ring:1#maxRing:29,target=Ring:1#startPos:29
Variable Write,context=Ring:1#startPos:29,r=2
Field Read,context=Ring:1,st
Variable Write,context=Ring:1#startPos:29,i=7
Field Read,context=Ring:1,st
Variable Write,context=Ring:1#startPos:29,m=3
Field Read,context=Ring:1,st
Variable Write,context=Ring:1#startPos:29,i=4
Variable Delete,method=Ring:1#startPos:29 <name=m,type=int (id=7),value=<?>,index=2>
Variable Write,context=Ring:1#startPos:29,j=4
Field Read,context=Ring:1,st
Field Read,context=Ring:1,st
Field Read,context=Ring:1,st
Variable Write,context=Ring:1#startPos:29,j=2
Variable Write,context=Ring:1#startPos:29,result=2
Method Exit,returner=Ring:1#startPos:29,value=2
Field Read,context=Ring:1,st
Variable Write,context=Ring:1#maxRing:29,i=2
Field Read,context=Ring:1,st
Field Read,context=Ring:1,st
Field Read,context=Ring:1,st
Variable Write,context=Ring:1#maxRing:29,i=3
Field Read,context=Ring:1,st
Field Read,context=Ring:1,st
Field Read,context=Ring:1,used
Field Read,context=Ring:1,ed
Field Read,context=Ring:1,st
Variable Write,context=Ring:1#maxRing:29,i=4
Field Read,context=Ring:1,st
Field Read,context=Ring:1,used
Variable Delete,method=Ring:1#maxRing:29 <name=i,type=int (id=7),value=<?>,index=2>
Variable Write,context=Ring:1#maxRing:29,result=1
Method Exit,returner=Ring:1#maxRing:29,value=1
Variable Write,context=Ring:1#maxRing:28,le=1
Variable Write,context=Ring:1#maxRing:28,len=1
Field Read,context=Ring:1,st
Variable Write,context=Ring:1#maxRing:28,i=12
Variable Delete,method=Ring:1#maxRing:28 <name=le,type=int (id=7),value=<?>,index=3>
Field Read,context=Ring:1,st
Field Read,context=Ring:1,st
Field Read,context=Ring:1,used
Field Read,context=Ring:1,ed
Field Read,context=Ring:1,ed
Method Call,caller=Ring:1#maxRing:28,target=Ring:1#maxRing:30
Variable Write,context=Ring:1#maxRing:30,r=5
Field Read,context=Ring:1,used
Variable Write,context=Ring:1#maxRing:30,len=0
Method Call,caller=Ring:1#maxRing:30,target=Ring:1#startPos:30
Variable Write,context=Ring:1#startPos:30,r=5
Field Read,context=Ring:1,st
Variable Write,context=Ring:1#startPos:30,i=7
Field Read,context=Ring:1,st
Variable Write,context=Ring:1#startPos:30,m=3
Field Read,context=Ring:1,st
Variable Write,context=Ring:1#startPos:30,i=10
Variable Delete,method=Ring:1#startPos:30 <name=m,type=int (id=7),value=<?>,index=2>
Variable Write,context=Ring:1#startPos:30,j=10
Field Read,context=Ring:1,st
Field Read,context=Ring:1,st
Field Read,context=Ring:1,st
Field Read,context=Ring:1,st
Variable Write,context=Ring:1#startPos:30,j=7
Variable Write,context=Ring:1#startPos:30,result=7
Method Exit,returner=Ring:1#startPos:30,value=7
Field Read,context=Ring:1,st
Variable Write,context=Ring:1#maxRing:30,i=7
Field Read,context=Ring:1,st
Field Read,context=Ring:1,st
Field Read,context=Ring:1,st
Variable Write,context=Ring:1#maxRing:30,i=8
Field Read,context=Ring:1,st
Field Read,context=Ring:1,st
Field Read,context=Ring:1,used
Field Read,context=Ring:1,ed
Field Read,context=Ring:1,st
Variable Write,context=Ring:1#maxRing:30,i=9
Field Read,context=Ring:1,st
Field Read,context=Ring:1,used
Variable Delete,method=Ring:1#maxRing:30 <name=i,type=int (id=7),value=<?>,index=2>
Variable Write,context=Ring:1#maxRing:30,result=1
Method Exit,returner=Ring:1#maxRing:30,value=1
Variable Write,context=Ring:1#maxRing:28,le=1
Field Read,context=Ring:1,st
Variable Write,context=Ring:1#maxRing:28,i=13
Variable Delete,method=Ring:1#maxRing:28 <name=le,type=int (id=7),value=<?>,index=3>
Field Read,context=Ring:1,st
Field Read,context=Ring:1,st
Field Read,context=Ring:1,used
Field Read,context=Ring:1,ed
Field Read,context=Ring:1,ed
Method Call,caller=Ring:1#maxRing:28,target=Ring:1#maxRing:31
Variable Write,context=Ring:1#maxRing:31,r=6
Field Read,context=Ring:1,used
Variable Write,context=Ring:1#maxRing:31,len=0
Method Call,caller=Ring:1#maxRing:31,target=Ring:1#startPos:31
Variable Write,context=Ring:1#startPos:31,r=6
Field Read,context=Ring:1,st
Variable Write,context=Ring:1#startPos:31,i=7
Field Read,context=Ring:1,st
Variable Write,context=Ring:1#startPos:31,m=3
Field Read,context=Ring:1,st
Variable Write,context=Ring:1#startPos:31,i=10
Variable Delete,method=Ring:1#startPos:31 <name=m,type=int (id=7),value=<?>,index=2>
Variable Write,context=Ring:1#startPos:31,j=10
Field Read,context=Ring:1,st
Field Read,context=Ring:1,st
Field Read,context=Ring:1,st
Variable Write,context=Ring:1#startPos:31,j=8
Variable Write,context=Ring:1#startPos:31,result=8
Method Exit,returner=Ring:1#startPos:31,value=8
Field Read,context=Ring:1,st
Variable Write,context=Ring:1#maxRing:31,i=8
Field Read,context=Ring:1,st
Field Read,context=Ring:1,st
Field Read,context=Ring:1,st
Variable Write,context=Ring:1#maxRing:31,i=9
Field Read,context=Ring:1,st
Field Read,context=Ring:1,st
Field Read,context=Ring:1,used
Field Read,context=Ring:1,ed
Field Read,context=Ring:1,st
Variable Write,context=Ring:1#maxRing:31,i=10
Field Read,context=Ring:1,st
Field Read,context=Ring:1,used
Variable Delete,method=Ring:1#maxRing:31 <name=i,type=int (id=7),value=<?>,index=2>
Variable Write,context=Ring:1#maxRing:31,result=1
Method Exit,returner=Ring:1#maxRing:31,value=1
Variable Write,context=Ring:1#maxRing:28,le=1
Field Read,context=Ring:1,st
Variable Delete,method=Ring:1#maxRing:28 <name=le,type=int (id=7),value=<?>,index=3>
Field Read,context=Ring:1,used
Variable Delete,method=Ring:1#maxRing:28 <name=i,type=int (id=7),value=<?>,index=2>
Variable Write,context=Ring:1#maxRing:28,result=2
Method Exit,returner=Ring:1#maxRing:28,value=2
Variable Write,context=Ring:1#maxRing:27,le=2
Variable Write,context=Ring:1#maxRing:27,len=2
Field Read,context=Ring:1,st
Variable Write,context=Ring:1#maxRing:27,i=3
Variable Delete,method=Ring:1#maxRing:27 <name=le,type=int (id=7),value=<?>,index=3>
Field Read,context=Ring:1,st
Field Read,context=Ring:1,used
Variable Delete,method=Ring:1#maxRing:27 <name=i,type=int (id=7),value=<?>,index=2>
Variable Write,context=Ring:1#maxRing:27,result=3
Method Exit,returner=Ring:1#maxRing:27,value=3
Variable Write,context=Ring:1#maxRing:26,le=3
Variable Write,context=Ring:1#maxRing:26,len=3
Field Read,context=Ring:1,st
Variable Write,context=Ring:1#maxRing:26,i=7
Variable Delete,method=Ring:1#maxRing:26 <name=le,type=int (id=7),value=<?>,index=3>
Field Read,context=Ring:1,st
Field Read,context=Ring:1,st
Field Read,context=Ring:1,used
Field Read,context=Ring:1,ed
Field Read,context=Ring:1,st
Variable Write,context=Ring:1#maxRing:26,i=8
Field Read,context=Ring:1,st
Field Read,context=Ring:1,used
Variable Delete,method=Ring:1#maxRing:26 <name=i,type=int (id=7),value=<?>,index=2>
Variable Write,context=Ring:1#maxRing:26,result=4
Method Exit,returner=Ring:1#maxRing:26,value=4
Variable Write,context=Ring:1#maxRing:19,le=4
Variable Write,context=Ring:1#maxRing:19,len=4
Field Read,context=Ring:1,st
Variable Write,context=Ring:1#maxRing:19,i=6
Variable Delete,method=Ring:1#maxRing:19 <name=le,type=int (id=7),value=<?>,index=3>
Field Read,context=Ring:1,st
Field Read,context=Ring:1,used
Variable Delete,method=Ring:1#maxRing:19 <name=i,type=int (id=7),value=<?>,index=2>
Variable Write,context=Ring:1#maxRing:19,result=5
Method Exit,returner=Ring:1#maxRing:19,value=5
Variable Write,context=Main#main:1,mm=5
Method Call,caller=Main#main:1,target=Ring:1#elem:4
Field Read,context=Ring:1,elemP
Field Read,context=Ring:1,st
Field Read,context=Ring:1,st
Field Read,context=Ring:1,elemP
Field Read,context=Ring:1,elemV
Field Read,context=Ring:1,elemP
Field Write,context=Ring:1,elemP=5
Field Read,context=Ring:1,elemP
Field Read,context=Ring:1,st
Field Read,context=Ring:1,st
Field Read,context=Ring:1,elemP
Field Read,context=Ring:1,elemV
Field Read,context=Ring:1,elemP
Field Write,context=Ring:1,elemP=6
Field Read,context=Ring:1,elemP
Field Read,context=Ring:1,st
Field Read,context=Ring:1,st
Field Read,context=Ring:1,elemP
Field Read,context=Ring:1,elemV
Field Read,context=Ring:1,st
Field Read,context=Ring:1,elemP
Field Write,context=Ring:1,elemV=4
Field Read,context=Ring:1,elemV
Variable Write,context=Ring:1#elem:4,result=4
Method Exit,returner=Ring:1#elem:4,value=4
Variable Write,context=Main#main:1,x=4
Variable Delete,method=Main#main:1 <name=mm,type=int (id=7),value=<?>,index=9>
Method Call,caller=Main#main:1,target=Ring:1#maxRing:32
Variable Write,context=Ring:1#maxRing:32,r=4
Field Read,context=Ring:1,used
Variable Write,context=Ring:1#maxRing:32,len=0
Method Call,caller=Ring:1#maxRing:32,target=Ring:1#startPos:32
Variable Write,context=Ring:1#startPos:32,r=4
Field Read,context=Ring:1,st
Variable Write,context=Ring:1#startPos:32,i=7
Field Read,context=Ring:1,st
Variable Write,context=Ring:1#startPos:32,j=7
Field Read,context=Ring:1,st
Field Read,context=Ring:1,st
Field Read,context=Ring:1,st
Variable Write,context=Ring:1#startPos:32,j=5
Variable Write,context=Ring:1#startPos:32,result=5
Method Exit,returner=Ring:1#startPos:32,value=5
Field Read,context=Ring:1,st
Variable Write,context=Ring:1#maxRing:32,i=5
Field Read,context=Ring:1,st
Field Read,context=Ring:1,st
Field Read,context=Ring:1,st
Variable Write,context=Ring:1#maxRing:32,i=6
Field Read,context=Ring:1,st
Field Read,context=Ring:1,st
Field Read,context=Ring:1,used
Field Read,context=Ring:1,ed
Field Read,context=Ring:1,ed
Method Call,caller=Ring:1#maxRing:32,target=Ring:1#maxRing:33
Variable Write,context=Ring:1#maxRing:33,r=1
Field Read,context=Ring:1,used
Variable Write,context=Ring:1#maxRing:33,len=0
Method Call,caller=Ring:1#maxRing:33,target=Ring:1#startPos:33
Variable Write,context=Ring:1#startPos:33,r=1
Field Read,context=Ring:1,st
Variable Write,context=Ring:1#startPos:33,i=7
Field Read,context=Ring:1,st
Variable Write,context=Ring:1#startPos:33,m=3
Field Read,context=Ring:1,st
Variable Write,context=Ring:1#startPos:33,i=4
Variable Delete,method=Ring:1#startPos:33 <name=m,type=int (id=7),value=<?>,index=2>
Variable Write,context=Ring:1#startPos:33,j=4
Field Read,context=Ring:1,st
Field Read,context=Ring:1,st
Field Read,context=Ring:1,st
Field Read,context=Ring:1,st
Variable Write,context=Ring:1#startPos:33,j=0
Variable Write,context=Ring:1#startPos:33,result=0
Method Exit,returner=Ring:1#startPos:33,value=0
Field Read,context=Ring:1,st
Variable Write,context=Ring:1#maxRing:33,i=0
Field Read,context=Ring:1,st
Field Read,context=Ring:1,st
Field Read,context=Ring:1,used
Field Read,context=Ring:1,ed
Field Read,context=Ring:1,ed
Method Call,caller=Ring:1#maxRing:33,target=Ring:1#maxRing:34
Variable Write,context=Ring:1#maxRing:34,r=3
Field Read,context=Ring:1,used
Variable Write,context=Ring:1#maxRing:34,len=0
Method Call,caller=Ring:1#maxRing:34,target=Ring:1#startPos:34
Variable Write,context=Ring:1#startPos:34,r=3
Field Read,context=Ring:1,st
Variable Write,context=Ring:1#startPos:34,i=7
Field Read,context=Ring:1,st
Variable Write,context=Ring:1#startPos:34,m=3
Field Read,context=Ring:1,st
Variable Write,context=Ring:1#startPos:34,i=4
Variable Delete,method=Ring:1#startPos:34 <name=m,type=int (id=7),value=<?>,index=2>
Variable Write,context=Ring:1#startPos:34,j=4
Field Read,context=Ring:1,st
Field Read,context=Ring:1,st
Variable Write,context=Ring:1#startPos:34,j=3
Variable Write,context=Ring:1#startPos:34,result=3
Method Exit,returner=Ring:1#startPos:34,value=3
Field Read,context=Ring:1,st
Variable Write,context=Ring:1#maxRing:34,i=3
Field Read,context=Ring:1,st
Field Read,context=Ring:1,st
Field Read,context=Ring:1,st
Variable Write,context=Ring:1#maxRing:34,i=4
Field Read,context=Ring:1,st
Field Read,context=Ring:1,st
Field Read,context=Ring:1,used
Field Read,context=Ring:1,ed
Field Read,context=Ring:1,st
Variable Write,context=Ring:1#maxRing:34,i=5
Field Read,context=Ring:1,st
Field Read,context=Ring:1,st
Field Read,context=Ring:1,used
Field Read,context=Ring:1,ed
Field Read,context=Ring:1,st
Variable Write,context=Ring:1#maxRing:34,i=6
Field Read,context=Ring:1,st
Field Read,context=Ring:1,used
Variable Delete,method=Ring:1#maxRing:34 <name=i,type=int (id=7),value=<?>,index=2>
Variable Write,context=Ring:1#maxRing:34,result=1
Method Exit,returner=Ring:1#maxRing:34,value=1
Variable Write,context=Ring:1#maxRing:33,le=1
Variable Write,context=Ring:1#maxRing:33,len=1
Field Read,context=Ring:1,st
Variable Write,context=Ring:1#maxRing:33,i=1
Variable Delete,method=Ring:1#maxRing:33 <name=le,type=int (id=7),value=<?>,index=3>
Field Read,context=Ring:1,st
Field Read,context=Ring:1,st
Field Read,context=Ring:1,used
Field Read,context=Ring:1,ed
Field Read,context=Ring:1,st
Variable Write,context=Ring:1#maxRing:33,i=2
Field Read,context=Ring:1,st
Field Read,context=Ring:1,st
Field Read,context=Ring:1,used
Field Read,context=Ring:1,ed
Field Read,context=Ring:1,ed
Method Call,caller=Ring:1#maxRing:33,target=Ring:1#maxRing:35
Variable Write,context=Ring:1#maxRing:35,r=7
Field Read,context=Ring:1,used
Variable Write,context=Ring:1#maxRing:35,len=0
Method Call,caller=Ring:1#maxRing:35,target=Ring:1#startPos:35
Variable Write,context=Ring:1#startPos:35,r=7
Field Read,context=Ring:1,st
Variable Write,context=Ring:1#startPos:35,i=7
Field Read,context=Ring:1,st
Variable Write,context=Ring:1#startPos:35,m=3
Field Read,context=Ring:1,st
Variable Write,context=Ring:1#startPos:35,i=10
Variable Delete,method=Ring:1#startPos:35 <name=m,type=int (id=7),value=<?>,index=2>
Variable Write,context=Ring:1#startPos:35,j=10
Field Read,context=Ring:1,st
Field Read,context=Ring:1,st
Variable Write,context=Ring:1#startPos:35,j=9
Variable Write,context=Ring:1#startPos:35,result=9
Method Exit,returner=Ring:1#startPos:35,value=9
Field Read,context=Ring:1,st
Variable Write,context=Ring:1#maxRing:35,i=9
Field Read,context=Ring:1,st
Field Read,context=Ring:1,st
Field Read,context=Ring:1,st
Variable Write,context=Ring:1#maxRing:35,i=10
Field Read,context=Ring:1,st
Field Read,context=Ring:1,st
Field Read,context=Ring:1,used
Field Read,context=Ring:1,ed
Field Read,context=Ring:1,st
Variable Write,context=Ring:1#maxRing:35,i=11
Field Read,context=Ring:1,st
Field Read,context=Ring:1,st
Field Read,context=Ring:1,used
Field Read,context=Ring:1,ed
Field Read,context=Ring:1,ed
Method Call,caller=Ring:1#maxRing:35,target=Ring:1#maxRing:36
Variable Write,context=Ring:1#maxRing:36,r=2
Field Read,context=Ring:1,used
Variable Write,context=Ring:1#maxRing:36,len=0
Method Call,caller=Ring:1#maxRing:36,target=Ring:1#startPos:36
Variable Write,context=Ring:1#startPos:36,r=2
Field Read,context=Ring:1,st
Variable Write,context=Ring:1#startPos:36,i=7
Field Read,context=Ring:1,st
Variable Write,context=Ring:1#startPos:36,m=3
Field Read,context=Ring:1,st
Variable Write,context=Ring:1#startPos:36,i=4
Variable Delete,method=Ring:1#startPos:36 <name=m,type=int (id=7),value=<?>,index=2>
Variable Write,context=Ring:1#startPos:36,j=4
Field Read,context=Ring:1,st
Field Read,context=Ring:1,st
Field Read,context=Ring:1,st
Variable Write,context=Ring:1#startPos:36,j=2
Variable Write,context=Ring:1#startPos:36,result=2
Method Exit,returner=Ring:1#startPos:36,value=2
Field Read,context=Ring:1,st
Variable Write,context=Ring:1#maxRing:36,i=2
Field Read,context=Ring:1,st
Field Read,context=Ring:1,st
Field Read,context=Ring:1,st
Variable Write,context=Ring:1#maxRing:36,i=3
Field Read,context=Ring:1,st
Field Read,context=Ring:1,st
Field Read,context=Ring:1,used
Field Read,context=Ring:1,ed
Field Read,context=Ring:1,st
Variable Write,context=Ring:1#maxRing:36,i=4
Field Read,context=Ring:1,st
Field Read,context=Ring:1,used
Variable Delete,method=Ring:1#maxRing:36 <name=i,type=int (id=7),value=<?>,index=2>
Variable Write,context=Ring:1#maxRing:36,result=1
Method Exit,returner=Ring:1#maxRing:36,value=1
Variable Write,context=Ring:1#maxRing:35,le=1
Variable Write,context=Ring:1#maxRing:35,len=1
Field Read,context=Ring:1,st
Variable Write,context=Ring:1#maxRing:35,i=12
Variable Delete,method=Ring:1#maxRing:35 <name=le,type=int (id=7),value=<?>,index=3>
Field Read,context=Ring:1,st
Field Read,context=Ring:1,st
Field Read,context=Ring:1,used
Field Read,context=Ring:1,ed
Field Read,context=Ring:1,ed
Method Call,caller=Ring:1#maxRing:35,target=Ring:1#maxRing:37
Variable Write,context=Ring:1#maxRing:37,r=5
Field Read,context=Ring:1,used
Variable Write,context=Ring:1#maxRing:37,len=0
Method Call,caller=Ring:1#maxRing:37,target=Ring:1#startPos:37
Variable Write,context=Ring:1#startPos:37,r=5
Field Read,context=Ring:1,st
Variable Write,context=Ring:1#startPos:37,i=7
Field Read,context=Ring:1,st
Variable Write,context=Ring:1#startPos:37,m=3
Field Read,context=Ring:1,st
Variable Write,context=Ring:1#startPos:37,i=10
Variable Delete,method=Ring:1#startPos:37 <name=m,type=int (id=7),value=<?>,index=2>
Variable Write,context=Ring:1#startPos:37,j=10
Field Read,context=Ring:1,st
Field Read,context=Ring:1,st
Field Read,context=Ring:1,st
Field Read,context=Ring:1,st
Variable Write,context=Ring:1#startPos:37,j=7
Variable Write,context=Ring:1#startPos:37,result=7
Method Exit,returner=Ring:1#startPos:37,value=7
Field Read,context=Ring:1,st
Variable Write,context=Ring:1#maxRing:37,i=7
Field Read,context=Ring:1,st
Field Read,context=Ring:1,st
Field Read,context=Ring:1,st
Variable Write,context=Ring:1#maxRing:37,i=8
Field Read,context=Ring:1,st
Field Read,context=Ring:1,st
Field Read,context=Ring:1,used
Field Read,context=Ring:1,ed
Field Read,context=Ring:1,st
Variable Write,context=Ring:1#maxRing:37,i=9
Field Read,context=Ring:1,st
Field Read,context=Ring:1,used
Variable Delete,method=Ring:1#maxRing:37 <name=i,type=int (id=7),value=<?>,index=2>
Variable Write,context=Ring:1#maxRing:37,result=1
Method Exit,returner=Ring:1#maxRing:37,value=1
Variable Write,context=Ring:1#maxRing:35,le=1
Field Read,context=Ring:1,st
Variable Write,context=Ring:1#maxRing:35,i=13
Variable Delete,method=Ring:1#maxRing:35 <name=le,type=int (id=7),value=<?>,index=3>
Field Read,context=Ring:1,st
Field Read,context=Ring:1,st
Field Read,context=Ring:1,used
Field Read,context=Ring:1,ed
Field Read,context=Ring:1,ed
Method Call,caller=Ring:1#maxRing:35,target=Ring:1#maxRing:38
Variable Write,context=Ring:1#maxRing:38,r=6
Field Read,context=Ring:1,used
Variable Write,context=Ring:1#maxRing:38,len=0
Method Call,caller=Ring:1#maxRing:38,target=Ring:1#startPos:38
Variable Write,context=Ring:1#startPos:38,r=6
Field Read,context=Ring:1,st
Variable Write,context=Ring:1#startPos:38,i=7
Field Read,context=Ring:1,st
Variable Write,context=Ring:1#startPos:38,m=3
Field Read,context=Ring:1,st
Variable Write,context=Ring:1#startPos:38,i=10
Variable Delete,method=Ring:1#startPos:38 <name=m,type=int (id=7),value=<?>,index=2>
Variable Write,context=Ring:1#startPos:38,j=10
Field Read,context=Ring:1,st
Field Read,context=Ring:1,st
Field Read,context=Ring:1,st
Variable Write,context=Ring:1#startPos:38,j=8
Variable Write,context=Ring:1#startPos:38,result=8
Method Exit,returner=Ring:1#startPos:38,value=8
Field Read,context=Ring:1,st
Variable Write,context=Ring:1#maxRing:38,i=8
Field Read,context=Ring:1,st
Field Read,context=Ring:1,st
Field Read,context=Ring:1,st
Variable Write,context=Ring:1#maxRing:38,i=9
Field Read,context=Ring:1,st
Field Read,context=Ring:1,st
Field Read,context=Ring:1,used
Field Read,context=Ring:1,ed
Field Read,context=Ring:1,st
Variable Write,context=Ring:1#maxRing:38,i=10
Field Read,context=Ring:1,st
Field Read,context=Ring:1,used
Variable Delete,method=Ring:1#maxRing:38 <name=i,type=int (id=7),value=<?>,index=2>
Variable Write,context=Ring:1#maxRing:38,result=1
Method Exit,returner=Ring:1#maxRing:38,value=1
Variable Write,context=Ring:1#maxRing:35,le=1
Field Read,context=Ring:1,st
Variable Delete,method=Ring:1#maxRing:35 <name=le,type=int (id=7),value=<?>,index=3>
Field Read,context=Ring:1,used
Variable Delete,method=Ring:1#maxRing:35 <name=i,type=int (id=7),value=<?>,index=2>
Variable Write,context=Ring:1#maxRing:35,result=2
Method Exit,returner=Ring:1#maxRing:35,value=2
Variable Write,context=Ring:1#maxRing:33,le=2
Variable Write,context=Ring:1#maxRing:33,len=2
Field Read,context=Ring:1,st
Variable Write,context=Ring:1#maxRing:33,i=3
Variable Delete,method=Ring:1#maxRing:33 <name=le,type=int (id=7),value=<?>,index=3>
Field Read,context=Ring:1,st
Field Read,context=Ring:1,used
Variable Delete,method=Ring:1#maxRing:33 <name=i,type=int (id=7),value=<?>,index=2>
Variable Write,context=Ring:1#maxRing:33,result=3
Method Exit,returner=Ring:1#maxRing:33,value=3
Variable Write,context=Ring:1#maxRing:32,le=3
Variable Write,context=Ring:1#maxRing:32,len=3
Field Read,context=Ring:1,st
Variable Write,context=Ring:1#maxRing:32,i=7
Variable Delete,method=Ring:1#maxRing:32 <name=le,type=int (id=7),value=<?>,index=3>
Field Read,context=Ring:1,st
Field Read,context=Ring:1,st
Field Read,context=Ring:1,used
Field Read,context=Ring:1,ed
Field Read,context=Ring:1,ed
Method Call,caller=Ring:1#maxRing:32,target=Ring:1#maxRing:39
Variable Write,context=Ring:1#maxRing:39,r=3
Field Read,context=Ring:1,used
Variable Write,context=Ring:1#maxRing:39,len=0
Method Call,caller=Ring:1#maxRing:39,target=Ring:1#startPos:39
Variable Write,context=Ring:1#startPos:39,r=3
Field Read,context=Ring:1,st
Variable Write,context=Ring:1#startPos:39,i=7
Field Read,context=Ring:1,st
Variable Write,context=Ring:1#startPos:39,m=3
Field Read,context=Ring:1,st
Variable Write,context=Ring:1#startPos:39,i=4
Variable Delete,method=Ring:1#startPos:39 <name=m,type=int (id=7),value=<?>,index=2>
Variable Write,context=Ring:1#startPos:39,j=4
Field Read,context=Ring:1,st
Field Read,context=Ring:1,st
Variable Write,context=Ring:1#startPos:39,j=3
Variable Write,context=Ring:1#startPos:39,result=3
Method Exit,returner=Ring:1#startPos:39,value=3
Field Read,context=Ring:1,st
Variable Write,context=Ring:1#maxRing:39,i=3
Field Read,context=Ring:1,st
Field Read,context=Ring:1,st
Field Read,context=Ring:1,st
Variable Write,context=Ring:1#maxRing:39,i=4
Field Read,context=Ring:1,st
Field Read,context=Ring:1,st
Field Read,context=Ring:1,used
Field Read,context=Ring:1,ed
Field Read,context=Ring:1,ed
Method Call,caller=Ring:1#maxRing:39,target=Ring:1#maxRing:40
Variable Write,context=Ring:1#maxRing:40,r=1
Field Read,context=Ring:1,used
Variable Write,context=Ring:1#maxRing:40,len=0
Method Call,caller=Ring:1#maxRing:40,target=Ring:1#startPos:40
Variable Write,context=Ring:1#startPos:40,r=1
Field Read,context=Ring:1,st
Variable Write,context=Ring:1#startPos:40,i=7
Field Read,context=Ring:1,st
Variable Write,context=Ring:1#startPos:40,m=3
Field Read,context=Ring:1,st
Variable Write,context=Ring:1#startPos:40,i=4
Variable Delete,method=Ring:1#startPos:40 <name=m,type=int (id=7),value=<?>,index=2>
Variable Write,context=Ring:1#startPos:40,j=4
Field Read,context=Ring:1,st
Field Read,context=Ring:1,st
Field Read,context=Ring:1,st
Field Read,context=Ring:1,st
Variable Write,context=Ring:1#startPos:40,j=0
Variable Write,context=Ring:1#startPos:40,result=0
Method Exit,returner=Ring:1#startPos:40,value=0
Field Read,context=Ring:1,st
Variable Write,context=Ring:1#maxRing:40,i=0
Field Read,context=Ring:1,st
Field Read,context=Ring:1,st
Field Read,context=Ring:1,used
Field Read,context=Ring:1,ed
Field Read,context=Ring:1,st
Variable Write,context=Ring:1#maxRing:40,i=1
Field Read,context=Ring:1,st
Field Read,context=Ring:1,st
Field Read,context=Ring:1,used
Field Read,context=Ring:1,ed
Field Read,context=Ring:1,st
Variable Write,context=Ring:1#maxRing:40,i=2
Field Read,context=Ring:1,st
Field Read,context=Ring:1,st
Field Read,context=Ring:1,used
Field Read,context=Ring:1,ed
Field Read,context=Ring:1,ed
Method Call,caller=Ring:1#maxRing:40,target=Ring:1#maxRing:41
Variable Write,context=Ring:1#maxRing:41,r=7
Field Read,context=Ring:1,used
Variable Write,context=Ring:1#maxRing:41,len=0
Method Call,caller=Ring:1#maxRing:41,target=Ring:1#startPos:41
Variable Write,context=Ring:1#startPos:41,r=7
Field Read,context=Ring:1,st
Variable Write,context=Ring:1#startPos:41,i=7
Field Read,context=Ring:1,st
Variable Write,context=Ring:1#startPos:41,m=3
Field Read,context=Ring:1,st
Variable Write,context=Ring:1#startPos:41,i=10
Variable Delete,method=Ring:1#startPos:41 <name=m,type=int (id=7),value=<?>,index=2>
Variable Write,context=Ring:1#startPos:41,j=10
Field Read,context=Ring:1,st
Field Read,context=Ring:1,st
Variable Write,context=Ring:1#startPos:41,j=9
Variable Write,context=Ring:1#startPos:41,result=9
Method Exit,returner=Ring:1#startPos:41,value=9
Field Read,context=Ring:1,st
Variable Write,context=Ring:1#maxRing:41,i=9
Field Read,context=Ring:1,st
Field Read,context=Ring:1,st
Field Read,context=Ring:1,st
Variable Write,context=Ring:1#maxRing:41,i=10
Field Read,context=Ring:1,st
Field Read,context=Ring:1,st
Field Read,context=Ring:1,used
Field Read,context=Ring:1,ed
Field Read,context=Ring:1,st
Variable Write,context=Ring:1#maxRing:41,i=11
Field Read,context=Ring:1,st
Field Read,context=Ring:1,st
Field Read,context=Ring:1,used
Field Read,context=Ring:1,ed
Field Read,context=Ring:1,ed
Method Call,caller=Ring:1#maxRing:41,target=Ring:1#maxRing:42
Variable Write,context=Ring:1#maxRing:42,r=2
Field Read,context=Ring:1,used
Variable Write,context=Ring:1#maxRing:42,len=0
Method Call,caller=Ring:1#maxRing:42,target=Ring:1#startPos:42
Variable Write,context=Ring:1#startPos:42,r=2
Field Read,context=Ring:1,st
Variable Write,context=Ring:1#startPos:42,i=7
Field Read,context=Ring:1,st
Variable Write,context=Ring:1#startPos:42,m=3
Field Read,context=Ring:1,st
Variable Write,context=Ring:1#startPos:42,i=4
Variable Delete,method=Ring:1#startPos:42 <name=m,type=int (id=7),value=<?>,index=2>
Variable Write,context=Ring:1#startPos:42,j=4
Field Read,context=Ring:1,st
Field Read,context=Ring:1,st
Field Read,context=Ring:1,st
Variable Write,context=Ring:1#startPos:42,j=2
Variable Write,context=Ring:1#startPos:42,result=2
Method Exit,returner=Ring:1#startPos:42,value=2
Field Read,context=Ring:1,st
Variable Write,context=Ring:1#maxRing:42,i=2
Field Read,context=Ring:1,st
Field Read,context=Ring:1,st
Field Read,context=Ring:1,st
Variable Write,context=Ring:1#maxRing:42,i=3
Field Read,context=Ring:1,st
Field Read,context=Ring:1,st
Field Read,context=Ring:1,used
Field Read,context=Ring:1,ed
Field Read,context=Ring:1,st
Variable Write,context=Ring:1#maxRing:42,i=4
Field Read,context=Ring:1,st
Field Read,context=Ring:1,used
Variable Delete,method=Ring:1#maxRing:42 <name=i,type=int (id=7),value=<?>,index=2>
Variable Write,context=Ring:1#maxRing:42,result=1
Method Exit,returner=Ring:1#maxRing:42,value=1
Variable Write,context=Ring:1#maxRing:41,le=1
Variable Write,context=Ring:1#maxRing:41,len=1
Field Read,context=Ring:1,st
Variable Write,context=Ring:1#maxRing:41,i=12
Variable Delete,method=Ring:1#maxRing:41 <name=le,type=int (id=7),value=<?>,index=3>
Field Read,context=Ring:1,st
Field Read,context=Ring:1,st
Field Read,context=Ring:1,used
Field Read,context=Ring:1,ed
Field Read,context=Ring:1,ed
Method Call,caller=Ring:1#maxRing:41,target=Ring:1#maxRing:43
Variable Write,context=Ring:1#maxRing:43,r=5
Field Read,context=Ring:1,used
Variable Write,context=Ring:1#maxRing:43,len=0
Method Call,caller=Ring:1#maxRing:43,target=Ring:1#startPos:43
Variable Write,context=Ring:1#startPos:43,r=5
Field Read,context=Ring:1,st
Variable Write,context=Ring:1#startPos:43,i=7
Field Read,context=Ring:1,st
Variable Write,context=Ring:1#startPos:43,m=3
Field Read,context=Ring:1,st
Variable Write,context=Ring:1#startPos:43,i=10
Variable Delete,method=Ring:1#startPos:43 <name=m,type=int (id=7),value=<?>,index=2>
Variable Write,context=Ring:1#startPos:43,j=10
Field Read,context=Ring:1,st
Field Read,context=Ring:1,st
Field Read,context=Ring:1,st
Field Read,context=Ring:1,st
Variable Write,context=Ring:1#startPos:43,j=7
Variable Write,context=Ring:1#startPos:43,result=7
Method Exit,returner=Ring:1#startPos:43,value=7
Field Read,context=Ring:1,st
Variable Write,context=Ring:1#maxRing:43,i=7
Field Read,context=Ring:1,st
Field Read,context=Ring:1,st
Field Read,context=Ring:1,st
Variable Write,context=Ring:1#maxRing:43,i=8
Field Read,context=Ring:1,st
Field Read,context=Ring:1,st
Field Read,context=Ring:1,used
Field Read,context=Ring:1,ed
Field Read,context=Ring:1,st
Variable Write,context=Ring:1#maxRing:43,i=9
Field Read,context=Ring:1,st
Field Read,context=Ring:1,used
Variable Delete,method=Ring:1#maxRing:43 <name=i,type=int (id=7),value=<?>,index=2>
Variable Write,context=Ring:1#maxRing:43,result=1
Method Exit,returner=Ring:1#maxRing:43,value=1
Variable Write,context=Ring:1#maxRing:41,le=1
Field Read,context=Ring:1,st
Variable Write,context=Ring:1#maxRing:41,i=13
Variable Delete,method=Ring:1#maxRing:41 <name=le,type=int (id=7),value=<?>,index=3>
Field Read,context=Ring:1,st
Field Read,context=Ring:1,st
Field Read,context=Ring:1,used
Field Read,context=Ring:1,ed
Field Read,context=Ring:1,ed
Method Call,caller=Ring:1#maxRing:41,target=Ring:1#maxRing:44
Variable Write,context=Ring:1#maxRing:44,r=6
Field Read,context=Ring:1,used
Variable Write,context=Ring:1#maxRing:44,len=0
Method Call,caller=Ring:1#maxRing:44,target=Ring:1#startPos:44
Variable Write,context=Ring:1#startPos:44,r=6
Field Read,context=Ring:1,st
Variable Write,context=Ring:1#startPos:44,i=7
Field Read,context=Ring:1,st
Variable Write,context=Ring:1#startPos:44,m=3
Field Read,context=Ring:1,st
Variable Write,context=Ring:1#startPos:44,i=10
Variable Delete,method=Ring:1#startPos:44 <name=m,type=int (id=7),value=<?>,index=2>
Variable Write,context=Ring:1#startPos:44,j=10
Field Read,context=Ring:1,st
Field Read,context=Ring:1,st
Field Read,context=Ring:1,st
Variable Write,context=Ring:1#startPos:44,j=8
Variable Write,context=Ring:1#startPos:44,result=8
Method Exit,returner=Ring:1#startPos:44,value=8
Field Read,context=Ring:1,st
Variable Write,context=Ring:1#maxRing:44,i=8
Field Read,context=Ring:1,st
Field Read,context=Ring:1,st
Field Read,context=Ring:1,st
Variable Write,context=Ring:1#maxRing:44,i=9
Field Read,context=Ring:1,st
Field Read,context=Ring:1,st
Field Read,context=Ring:1,used
Field Read,context=Ring:1,ed
Field Read,context=Ring:1,st
Variable Write,context=Ring:1#maxRing:44,i=10
Field Read,context=Ring:1,st
Field Read,context=Ring:1,used
Variable Delete,method=Ring:1#maxRing:44 <name=i,type=int (id=7),value=<?>,index=2>
Variable Write,context=Ring:1#maxRing:44,result=1
Method Exit,returner=Ring:1#maxRing:44,value=1
Variable Write,context=Ring:1#maxRing:41,le=1
Field Read,context=Ring:1,st
Variable Delete,method=Ring:1#maxRing:41 <name=le,type=int (id=7),value=<?>,index=3>
Field Read,context=Ring:1,used
Variable Delete,method=Ring:1#maxRing:41 <name=i,type=int (id=7),value=<?>,index=2>
Variable Write,context=Ring:1#maxRing:41,result=2
Method Exit,returner=Ring:1#maxRing:41,value=2
Variable Write,context=Ring:1#maxRing:40,le=2
Variable Write,context=Ring:1#maxRing:40,len=2
Field Read,context=Ring:1,st
Variable Write,context=Ring:1#maxRing:40,i=3
Variable Delete,method=Ring:1#maxRing:40 <name=le,type=int (id=7),value=<?>,index=3>
Field Read,context=Ring:1,st
Field Read,context=Ring:1,used
Variable Delete,method=Ring:1#maxRing:40 <name=i,type=int (id=7),value=<?>,index=2>
Variable Write,context=Ring:1#maxRing:40,result=3
Method Exit,returner=Ring:1#maxRing:40,value=3
Variable Write,context=Ring:1#maxRing:39,le=3
Variable Write,context=Ring:1#maxRing:39,len=3
Field Read,context=Ring:1,st
Variable Write,context=Ring:1#maxRing:39,i=5
Variable Delete,method=Ring:1#maxRing:39 <name=le,type=int (id=7),value=<?>,index=3>
Field Read,context=Ring:1,st
Field Read,context=Ring:1,st
Field Read,context=Ring:1,used
Field Read,context=Ring:1,ed
Field Read,context=Ring:1,st
Variable Write,context=Ring:1#maxRing:39,i=6
Field Read,context=Ring:1,st
Field Read,context=Ring:1,used
Variable Delete,method=Ring:1#maxRing:39 <name=i,type=int (id=7),value=<?>,index=2>
Variable Write,context=Ring:1#maxRing:39,result=4
Method Exit,returner=Ring:1#maxRing:39,value=4
Variable Write,context=Ring:1#maxRing:32,le=4
Variable Write,context=Ring:1#maxRing:32,len=4
Field Read,context=Ring:1,st
Variable Write,context=Ring:1#maxRing:32,i=8
Variable Delete,method=Ring:1#maxRing:32 <name=le,type=int (id=7),value=<?>,index=3>
Field Read,context=Ring:1,st
Field Read,context=Ring:1,used
Variable Delete,method=Ring:1#maxRing:32 <name=i,type=int (id=7),value=<?>,index=2>
Variable Write,context=Ring:1#maxRing:32,result=5
Method Exit,returner=Ring:1#maxRing:32,value=5
Variable Write,context=Main#main:1,mm=5
Method Call,caller=Main#main:1,target=Ring:1#elem:5
Field Read,context=Ring:1,elemP
Field Read,context=Ring:1,st
Field Read,context=Ring:1,st
Field Read,context=Ring:1,elemP
Field Read,context=Ring:1,elemV
Field Read,context=Ring:1,elemP
Field Write,context=Ring:1,elemP=7
Field Read,context=Ring:1,elemP
Field Read,context=Ring:1,st
Field Read,context=Ring:1,st
Field Read,context=Ring:1,elemP
Field Read,context=Ring:1,elemV
Field Read,context=Ring:1,elemP
Field Write,context=Ring:1,elemP=8
Field Read,context=Ring:1,elemP
Field Read,context=Ring:1,st
Field Read,context=Ring:1,st
Field Read,context=Ring:1,elemP
Field Read,context=Ring:1,elemV
Field Read,context=Ring:1,st
Field Read,context=Ring:1,elemP
Field Write,context=Ring:1,elemV=5
Field Read,context=Ring:1,elemV
Variable Write,context=Ring:1#elem:5,result=5
Method Exit,returner=Ring:1#elem:5,value=5
Variable Write,context=Main#main:1,x=5
Variable Delete,method=Main#main:1 <name=mm,type=int (id=7),value=<?>,index=9>
Method Call,caller=Main#main:1,target=Ring:1#maxRing:45
Variable Write,context=Ring:1#maxRing:45,r=5
Field Read,context=Ring:1,used
Variable Write,context=Ring:1#maxRing:45,len=0
Method Call,caller=Ring:1#maxRing:45,target=Ring:1#startPos:45
Variable Write,context=Ring:1#startPos:45,r=5
Field Read,context=Ring:1,st
Variable Write,context=Ring:1#startPos:45,i=7
Field Read,context=Ring:1,st
Variable Write,context=Ring:1#startPos:45,m=3
Field Read,context=Ring:1,st
Variable Write,context=Ring:1#startPos:45,i=10
Variable Delete,method=Ring:1#startPos:45 <name=m,type=int (id=7),value=<?>,index=2>
Variable Write,context=Ring:1#startPos:45,j=10
Field Read,context=Ring:1,st
Field Read,context=Ring:1,st
Field Read,context=Ring:1,st
Field Read,context=Ring:1,st
Variable Write,context=Ring:1#startPos:45,j=7
Variable Write,context=Ring:1#startPos:45,result=7
Method Exit,returner=Ring:1#startPos:45,value=7
Field Read,context=Ring:1,st
Variable Write,context=Ring:1#maxRing:45,i=7
Field Read,context=Ring:1,st
Field Read,context=Ring:1,st
Field Read,context=Ring:1,st
Variable Write,context=Ring:1#maxRing:45,i=8
Field Read,context=Ring:1,st
Field Read,context=Ring:1,st
Field Read,context=Ring:1,used
Field Read,context=Ring:1,ed
Field Read,context=Ring:1,ed
Method Call,caller=Ring:1#maxRing:45,target=Ring:1#maxRing:46
Variable Write,context=Ring:1#maxRing:46,r=7
Field Read,context=Ring:1,used
Variable Write,context=Ring:1#maxRing:46,len=0
Method Call,caller=Ring:1#maxRing:46,target=Ring:1#startPos:46
Variable Write,context=Ring:1#startPos:46,r=7
Field Read,context=Ring:1,st
Variable Write,context=Ring:1#startPos:46,i=7
Field Read,context=Ring:1,st
Variable Write,context=Ring:1#startPos:46,m=3
Field Read,context=Ring:1,st
Variable Write,context=Ring:1#startPos:46,i=10
Variable Delete,method=Ring:1#startPos:46 <name=m,type=int (id=7),value=<?>,index=2>
Variable Write,context=Ring:1#startPos:46,j=10
Field Read,context=Ring:1,st
Field Read,context=Ring:1,st
Variable Write,context=Ring:1#startPos:46,j=9
Variable Write,context=Ring:1#startPos:46,result=9
Method Exit,returner=Ring:1#startPos:46,value=9
Field Read,context=Ring:1,st
Variable Write,context=Ring:1#maxRing:46,i=9
Field Read,context=Ring:1,st
Field Read,context=Ring:1,st
Field Read,context=Ring:1,st
Variable Write,context=Ring:1#maxRing:46,i=10
Field Read,context=Ring:1,st
Field Read,context=Ring:1,st
Field Read,context=Ring:1,used
Field Read,context=Ring:1,ed
Field Read,context=Ring:1,ed
Method Call,caller=Ring:1#maxRing:46,target=Ring:1#maxRing:47
Variable Write,context=Ring:1#maxRing:47,r=1
Field Read,context=Ring:1,used
Variable Write,context=Ring:1#maxRing:47,len=0
Method Call,caller=Ring:1#maxRing:47,target=Ring:1#startPos:47
Variable Write,context=Ring:1#startPos:47,r=1
Field Read,context=Ring:1,st
Variable Write,context=Ring:1#startPos:47,i=7
Field Read,context=Ring:1,st
Variable Write,context=Ring:1#startPos:47,m=3
Field Read,context=Ring:1,st
Variable Write,context=Ring:1#startPos:47,i=4
Variable Delete,method=Ring:1#startPos:47 <name=m,type=int (id=7),value=<?>,index=2>
Variable Write,context=Ring:1#startPos:47,j=4
Field Read,context=Ring:1,st
Field Read,context=Ring:1,st
Field Read,context=Ring:1,st
Field Read,context=Ring:1,st
Variable Write,context=Ring:1#startPos:47,j=0
Variable Write,context=Ring:1#startPos:47,result=0
Method Exit,returner=Ring:1#startPos:47,value=0
Field Read,context=Ring:1,st
Variable Write,context=Ring:1#maxRing:47,i=0
Field Read,context=Ring:1,st
Field Read,context=Ring:1,st
Field Read,context=Ring:1,used
Field Read,context=Ring:1,ed
Field Read,context=Ring:1,ed
Method Call,caller=Ring:1#maxRing:47,target=Ring:1#maxRing:48
Variable Write,context=Ring:1#maxRing:48,r=3
Field Read,context=Ring:1,used
Variable Write,context=Ring:1#maxRing:48,len=0
Method Call,caller=Ring:1#maxRing:48,target=Ring:1#startPos:48
Variable Write,context=Ring:1#startPos:48,r=3
Field Read,context=Ring:1,st
Variable Write,context=Ring:1#startPos:48,i=7
Field Read,context=Ring:1,st
Variable Write,context=Ring:1#startPos:48,m=3
Field Read,context=Ring:1,st
Variable Write,context=Ring:1#startPos:48,i=4
Variable Delete,method=Ring:1#startPos:48 <name=m,type=int (id=7),value=<?>,index=2>
Variable Write,context=Ring:1#startPos:48,j=4
Field Read,context=Ring:1,st
Field Read,context=Ring:1,st
Variable Write,context=Ring:1#startPos:48,j=3
Variable Write,context=Ring:1#startPos:48,result=3
Method Exit,returner=Ring:1#startPos:48,value=3
Field Read,context=Ring:1,st
Variable Write,context=Ring:1#maxRing:48,i=3
Field Read,context=Ring:1,st
Field Read,context=Ring:1,st
Field Read,context=Ring:1,st
Variable Write,context=Ring:1#maxRing:48,i=4
Field Read,context=Ring:1,st
Field Read,context=Ring:1,st
Field Read,context=Ring:1,used
Field Read,context=Ring:1,ed
Field Read,context=Ring:1,st
Variable Write,context=Ring:1#maxRing:48,i=5
Field Read,context=Ring:1,st
Field Read,context=Ring:1,st
Field Read,context=Ring:1,used
Field Read,context=Ring:1,ed
Field Read,context=Ring:1,ed
Method Call,caller=Ring:1#maxRing:48,target=Ring:1#maxRing:49
Variable Write,context=Ring:1#maxRing:49,r=4
Field Read,context=Ring:1,used
Variable Write,context=Ring:1#maxRing:49,len=0
Method Call,caller=Ring:1#maxRing:49,target=Ring:1#startPos:49
Variable Write,context=Ring:1#startPos:49,r=4
Field Read,context=Ring:1,st
Variable Write,context=Ring:1#startPos:49,i=7
Field Read,context=Ring:1,st
Variable Write,context=Ring:1#startPos:49,j=7
Field Read,context=Ring:1,st
Field Read,context=Ring:1,st
Field Read,context=Ring:1,st
Variable Write,context=Ring:1#startPos:49,j=5
Variable Write,context=Ring:1#startPos:49,result=5
Method Exit,returner=Ring:1#startPos:49,value=5
Field Read,context=Ring:1,st
Variable Write,context=Ring:1#maxRing:49,i=5
Field Read,context=Ring:1,st
Field Read,context=Ring:1,st
Field Read,context=Ring:1,st
Variable Write,context=Ring:1#maxRing:49,i=6
Field Read,context=Ring:1,st
Field Read,context=Ring:1,st
Field Read,context=Ring:1,used
Field Read,context=Ring:1,ed
Field Read,context=Ring:1,st
Variable Write,context=Ring:1#maxRing:49,i=7
Field Read,context=Ring:1,st
Field Read,context=Ring:1,st
Field Read,context=Ring:1,used
Field Read,context=Ring:1,ed
Field Read,context=Ring:1,st
Variable Write,context=Ring:1#maxRing:49,i=8
Field Read,context=Ring:1,st
Field Read,context=Ring:1,used
Variable Delete,method=Ring:1#maxRing:49 <name=i,type=int (id=7),value=<?>,index=2>
Variable Write,context=Ring:1#maxRing:49,result=1
Method Exit,returner=Ring:1#maxRing:49,value=1
Variable Write,context=Ring:1#maxRing:48,le=1
Variable Write,context=Ring:1#maxRing:48,len=1
Field Read,context=Ring:1,st
Variable Write,context=Ring:1#maxRing:48,i=6
Variable Delete,method=Ring:1#maxRing:48 <name=le,type=int (id=7),value=<?>,index=3>
Field Read,context=Ring:1,st
Field Read,context=Ring:1,used
Variable Delete,method=Ring:1#maxRing:48 <name=i,type=int (id=7),value=<?>,index=2>
Variable Write,context=Ring:1#maxRing:48,result=2
Method Exit,returner=Ring:1#maxRing:48,value=2
Variable Write,context=Ring:1#maxRing:47,le=2
Variable Write,context=Ring:1#maxRing:47,len=2
Field Read,context=Ring:1,st
Variable Write,context=Ring:1#maxRing:47,i=1
Variable Delete,method=Ring:1#maxRing:47 <name=le,type=int (id=7),value=<?>,index=3>
Field Read,context=Ring:1,st
Field Read,context=Ring:1,st
Field Read,context=Ring:1,used
Field Read,context=Ring:1,ed
Field Read,context=Ring:1,ed
Method Call,caller=Ring:1#maxRing:47,target=Ring:1#maxRing:50
Variable Write,context=Ring:1#maxRing:50,r=4
Field Read,context=Ring:1,used
Variable Write,context=Ring:1#maxRing:50,len=0
Method Call,caller=Ring:1#maxRing:50,target=Ring:1#startPos:50
Variable Write,context=Ring:1#startPos:50,r=4
Field Read,context=Ring:1,st
Variable Write,context=Ring:1#startPos:50,i=7
Field Read,context=Ring:1,st
Variable Write,context=Ring:1#startPos:50,j=7
Field Read,context=Ring:1,st
Field Read,context=Ring:1,st
Field Read,context=Ring:1,st
Variable Write,context=Ring:1#startPos:50,j=5
Variable Write,context=Ring:1#startPos:50,result=5
Method Exit,returner=Ring:1#startPos:50,value=5
Field Read,context=Ring:1,st
Variable Write,context=Ring:1#maxRing:50,i=5
Field Read,context=Ring:1,st
Field Read,context=Ring:1,st
Field Read,context=Ring:1,st
Variable Write,context=Ring:1#maxRing:50,i=6
Field Read,context=Ring:1,st
Field Read,context=Ring:1,st
Field Read,context=Ring:1,used
Field Read,context=Ring:1,ed
Field Read,context=Ring:1,st
Variable Write,context=Ring:1#maxRing:50,i=7
Field Read,context=Ring:1,st
Field Read,context=Ring:1,st
Field Read,context=Ring:1,used
Field Read,context=Ring:1,ed
Field Read,context=Ring:1,ed
Method Call,caller=Ring:1#maxRing:50,target=Ring:1#maxRing:51
Variable Write,context=Ring:1#maxRing:51,r=3
Field Read,context=Ring:1,used
Variable Write,context=Ring:1#maxRing:51,len=0
Method Call,caller=Ring:1#maxRing:51,target=Ring:1#startPos:51
Variable Write,context=Ring:1#startPos:51,r=3
Field Read,context=Ring:1,st
Variable Write,context=Ring:1#startPos:51,i=7
Field Read,context=Ring:1,st
Variable Write,context=Ring:1#startPos:51,m=3
Field Read,context=Ring:1,st
Variable Write,context=Ring:1#startPos:51,i=4
Variable Delete,method=Ring:1#startPos:51 <name=m,type=int (id=7),value=<?>,index=2>
Variable Write,context=Ring:1#startPos:51,j=4
Field Read,context=Ring:1,st
Field Read,context=Ring:1,st
Variable Write,context=Ring:1#startPos:51,j=3
Variable Write,context=Ring:1#startPos:51,result=3
Method Exit,returner=Ring:1#startPos:51,value=3
Field Read,context=Ring:1,st
Variable Write,context=Ring:1#maxRing:51,i=3
Field Read,context=Ring:1,st
Field Read,context=Ring:1,st
Field Read,context=Ring:1,st
Variable Write,context=Ring:1#maxRing:51,i=4
Field Read,context=Ring:1,st
Field Read,context=Ring:1,st
Field Read,context=Ring:1,used
Field Read,context=Ring:1,ed
Field Read,context=Ring:1,st
Variable Write,context=Ring:1#maxRing:51,i=5
Field Read,context=Ring:1,st
Field Read,context=Ring:1,st
Field Read,context=Ring:1,used
Field Read,context=Ring:1,ed
Field Read,context=Ring:1,st
Variable Write,context=Ring:1#maxRing:51,i=6
Field Read,context=Ring:1,st
Field Read,context=Ring:1,used
Variable Delete,method=Ring:1#maxRing:51 <name=i,type=int (id=7),value=<?>,index=2>
Variable Write,context=Ring:1#maxRing:51,result=1
Method Exit,returner=Ring:1#maxRing:51,value=1
Variable Write,context=Ring:1#maxRing:50,le=1
Variable Write,context=Ring:1#maxRing:50,len=1
Field Read,context=Ring:1,st
Variable Write,context=Ring:1#maxRing:50,i=8
Variable Delete,method=Ring:1#maxRing:50 <name=le,type=int (id=7),value=<?>,index=3>
Field Read,context=Ring:1,st
Field Read,context=Ring:1,used
Variable Delete,method=Ring:1#maxRing:50 <name=i,type=int (id=7),value=<?>,index=2>
Variable Write,context=Ring:1#maxRing:50,result=2
Method Exit,returner=Ring:1#maxRing:50,value=2
Variable Write,context=Ring:1#maxRing:47,le=2
Field Read,context=Ring:1,st
Variable Write,context=Ring:1#maxRing:47,i=2
Variable Delete,method=Ring:1#maxRing:47 <name=le,type=int (id=7),value=<?>,index=3>
Field Read,context=Ring:1,st
Field Read,context=Ring:1,st
Field Read,context=Ring:1,used
Field Read,context=Ring:1,ed
Field Read,context=Ring:1,st
Variable Write,context=Ring:1#maxRing:47,i=3
Field Read,context=Ring:1,st
Field Read,context=Ring:1,used
Variable Delete,method=Ring:1#maxRing:47 <name=i,type=int (id=7),value=<?>,index=2>
Variable Write,context=Ring:1#maxRing:47,result=3
Method Exit,returner=Ring:1#maxRing:47,value=3
Variable Write,context=Ring:1#maxRing:46,le=3
Variable Write,context=Ring:1#maxRing:46,len=3
Field Read,context=Ring:1,st
Variable Write,context=Ring:1#maxRing:46,i=11
Variable Delete,method=Ring:1#maxRing:46 <name=le,type=int (id=7),value=<?>,index=3>
Field Read,context=Ring:1,st
Field Read,context=Ring:1,st
Field Read,context=Ring:1,used
Field Read,context=Ring:1,ed
Field Read,context=Ring:1,ed
Method Call,caller=Ring:1#maxRing:46,target=Ring:1#maxRing:52
Variable Write,context=Ring:1#maxRing:52,r=2
Field Read,context=Ring:1,used
Variable Write,context=Ring:1#maxRing:52,len=0
Method Call,caller=Ring:1#maxRing:52,target=Ring:1#startPos:52
Variable Write,context=Ring:1#startPos:52,r=2
Field Read,context=Ring:1,st
Variable Write,context=Ring:1#startPos:52,i=7
Field Read,context=Ring:1,st
Variable Write,context=Ring:1#startPos:52,m=3
Field Read,context=Ring:1,st
Variable Write,context=Ring:1#startPos:52,i=4
Variable Delete,method=Ring:1#startPos:52 <name=m,type=int (id=7),value=<?>,index=2>
Variable Write,context=Ring:1#startPos:52,j=4
Field Read,context=Ring:1,st
Field Read,context=Ring:1,st
Field Read,context=Ring:1,st
Variable Write,context=Ring:1#startPos:52,j=2
Variable Write,context=Ring:1#startPos:52,result=2
Method Exit,returner=Ring:1#startPos:52,value=2
Field Read,context=Ring:1,st
Variable Write,context=Ring:1#maxRing:52,i=2
Field Read,context=Ring:1,st
Field Read,context=Ring:1,st
Field Read,context=Ring:1,st
Variable Write,context=Ring:1#maxRing:52,i=3
Field Read,context=Ring:1,st
Field Read,context=Ring:1,st
Field Read,context=Ring:1,used
Field Read,context=Ring:1,ed
Field Read,context=Ring:1,st
Variable Write,context=Ring:1#maxRing:52,i=4
Field Read,context=Ring:1,st
Field Read,context=Ring:1,used
Variable Delete,method=Ring:1#maxRing:52 <name=i,type=int (id=7),value=<?>,index=2>
Variable Write,context=Ring:1#maxRing:52,result=1
Method Exit,returner=Ring:1#maxRing:52,value=1
Variable Write,context=Ring:1#maxRing:46,le=1
Field Read,context=Ring:1,st
Variable Write,context=Ring:1#maxRing:46,i=12
Variable Delete,method=Ring:1#maxRing:46 <name=le,type=int (id=7),value=<?>,index=3>
Field Read,context=Ring:1,st
Field Read,context=Ring:1,st
Field Read,context=Ring:1,used
Field Read,context=Ring:1,ed
Field Read,context=Ring:1,st
Variable Write,context=Ring:1#maxRing:46,i=13
Field Read,context=Ring:1,st
Field Read,context=Ring:1,st
Field Read,context=Ring:1,used
Field Read,context=Ring:1,ed
Field Read,context=Ring:1,ed
Method Call,caller=Ring:1#maxRing:46,target=Ring:1#maxRing:53
Variable Write,context=Ring:1#maxRing:53,r=6
Field Read,context=Ring:1,used
Variable Write,context=Ring:1#maxRing:53,len=0
Method Call,caller=Ring:1#maxRing:53,target=Ring:1#startPos:53
Variable Write,context=Ring:1#startPos:53,r=6
Field Read,context=Ring:1,st
Variable Write,context=Ring:1#startPos:53,i=7
Field Read,context=Ring:1,st
Variable Write,context=Ring:1#startPos:53,m=3
Field Read,context=Ring:1,st
Variable Write,context=Ring:1#startPos:53,i=10
Variable Delete,method=Ring:1#startPos:53 <name=m,type=int (id=7),value=<?>,index=2>
Variable Write,context=Ring:1#startPos:53,j=10
Field Read,context=Ring:1,st
Field Read,context=Ring:1,st
Field Read,context=Ring:1,st
Variable Write,context=Ring:1#startPos:53,j=8
Variable Write,context=Ring:1#startPos:53,result=8
Method Exit,returner=Ring:1#startPos:53,value=8
Field Read,context=Ring:1,st
Variable Write,context=Ring:1#maxRing:53,i=8
Field Read,context=Ring:1,st
Field Read,context=Ring:1,st
Field Read,context=Ring:1,st
Variable Write,context=Ring:1#maxRing:53,i=9
Field Read,context=Ring:1,st
Field Read,context=Ring:1,st
Field Read,context=Ring:1,used
Field Read,context=Ring:1,ed
Field Read,context=Ring:1,st
Variable Write,context=Ring:1#maxRing:53,i=10
Field Read,context=Ring:1,st
Field Read,context=Ring:1,used
Variable Delete,method=Ring:1#maxRing:53 <name=i,type=int (id=7),value=<?>,index=2>
Variable Write,context=Ring:1#maxRing:53,result=1
Method Exit,returner=Ring:1#maxRing:53,value=1
Variable Write,context=Ring:1#maxRing:46,le=1
Field Read,context=Ring:1,st
Variable Delete,method=Ring:1#maxRing:46 <name=le,type=int (id=7),value=<?>,index=3>
Field Read,context=Ring:1,used
Variable Delete,method=Ring:1#maxRing:46 <name=i,type=int (id=7),value=<?>,index=2>
Variable Write,context=Ring:1#maxRing:46,result=4
Method Exit,returner=Ring:1#maxRing:46,value=4
Variable Write,context=Ring:1#maxRing:45,le=4
Variable Write,context=Ring:1#maxRing:45,len=4
Field Read,context=Ring:1,st
Variable Write,context=Ring:1#maxRing:45,i=9
Variable Delete,method=Ring:1#maxRing:45 <name=le,type=int (id=7),value=<?>,index=3>
Field Read,context=Ring:1,st
Field Read,context=Ring:1,used
Variable Delete,method=Ring:1#maxRing:45 <name=i,type=int (id=7),value=<?>,index=2>
Variable Write,context=Ring:1#maxRing:45,result=5
Method Exit,returner=Ring:1#maxRing:45,value=5
Variable Write,context=Main#main:1,mm=5
Method Call,caller=Main#main:1,target=Ring:1#elem:6
Field Read,context=Ring:1,elemP
Field Read,context=Ring:1,st
Field Read,context=Ring:1,st
Field Read,context=Ring:1,elemP
Field Read,context=Ring:1,elemV
Field Read,context=Ring:1,elemP
Field Write,context=Ring:1,elemP=9
Field Read,context=Ring:1,elemP
Field Read,context=Ring:1,st
Field Read,context=Ring:1,st
Field Read,context=Ring:1,elemP
Field Read,context=Ring:1,elemV
Field Read,context=Ring:1,st
Field Read,context=Ring:1,elemP
Field Write,context=Ring:1,elemV=6
Field Read,context=Ring:1,elemV
Variable Write,context=Ring:1#elem:6,result=6
Method Exit,returner=Ring:1#elem:6,value=6
Variable Write,context=Main#main:1,x=6
Variable Delete,method=Main#main:1 <name=mm,type=int (id=7),value=<?>,index=9>
Method Call,caller=Main#main:1,target=Ring:1#maxRing:54
Variable Write,context=Ring:1#maxRing:54,r=6
Field Read,context=Ring:1,used
Variable Write,context=Ring:1#maxRing:54,len=0
Method Call,caller=Ring:1#maxRing:54,target=Ring:1#startPos:54
Variable Write,context=Ring:1#startPos:54,r=6
Field Read,context=Ring:1,st
Variable Write,context=Ring:1#startPos:54,i=7
Field Read,context=Ring:1,st
Variable Write,context=Ring:1#startPos:54,m=3
Field Read,context=Ring:1,st
Variable Write,context=Ring:1#startPos:54,i=10
Variable Delete,method=Ring:1#startPos:54 <name=m,type=int (id=7),value=<?>,index=2>
Variable Write,context=Ring:1#startPos:54,j=10
Field Read,context=Ring:1,st
Field Read,context=Ring:1,st
Field Read,context=Ring:1,st
Variable Write,context=Ring:1#startPos:54,j=8
Variable Write,context=Ring:1#startPos:54,result=8
Method Exit,returner=Ring:1#startPos:54,value=8
Field Read,context=Ring:1,st
Variable Write,context=Ring:1#maxRing:54,i=8
Field Read,context=Ring:1,st
Field Read,context=Ring:1,st
Field Read,context=Ring:1,st
Variable Write,context=Ring:1#maxRing:54,i=9
Field Read,context=Ring:1,st
Field Read,context=Ring:1,st
Field Read,context=Ring:1,used
Field Read,context=Ring:1,ed
Field Read,context=Ring:1,ed
Method Call,caller=Ring:1#maxRing:54,target=Ring:1#maxRing:55
Variable Write,context=Ring:1#maxRing:55,r=7
Field Read,context=Ring:1,used
Variable Write,context=Ring:1#maxRing:55,len=0
Method Call,caller=Ring:1#maxRing:55,target=Ring:1#startPos:55
Variable Write,context=Ring:1#startPos:55,r=7
Field Read,context=Ring:1,st
Variable Write,context=Ring:1#startPos:55,i=7
Field Read,context=Ring:1,st
Variable Write,context=Ring:1#startPos:55,m=3
Field Read,context=Ring:1,st
Variable Write,context=Ring:1#startPos:55,i=10
Variable Delete,method=Ring:1#startPos:55 <name=m,type=int (id=7),value=<?>,index=2>
Variable Write,context=Ring:1#startPos:55,j=10
Field Read,context=Ring:1,st
Field Read,context=Ring:1,st
Variable Write,context=Ring:1#startPos:55,j=9
Variable Write,context=Ring:1#startPos:55,result=9
Method Exit,returner=Ring:1#startPos:55,value=9
Field Read,context=Ring:1,st
Variable Write,context=Ring:1#maxRing:55,i=9
Field Read,context=Ring:1,st
Field Read,context=Ring:1,st
Field Read,context=Ring:1,st
Variable Write,context=Ring:1#maxRing:55,i=10
Field Read,context=Ring:1,st
Field Read,context=Ring:1,st
Field Read,context=Ring:1,used
Field Read,context=Ring:1,ed
Field Read,context=Ring:1,ed
Method Call,caller=Ring:1#maxRing:55,target=Ring:1#maxRing:56
Variable Write,context=Ring:1#maxRing:56,r=1
Field Read,context=Ring:1,used
Variable Write,context=Ring:1#maxRing:56,len=0
Method Call,caller=Ring:1#maxRing:56,target=Ring:1#startPos:56
Variable Write,context=Ring:1#startPos:56,r=1
Field Read,context=Ring:1,st
Variable Write,context=Ring:1#startPos:56,i=7
Field Read,context=Ring:1,st
Variable Write,context=Ring:1#startPos:56,m=3
Field Read,context=Ring:1,st
Variable Write,context=Ring:1#startPos:56,i=4
Variable Delete,method=Ring:1#startPos:56 <name=m,type=int (id=7),value=<?>,index=2>
Variable Write,context=Ring:1#startPos:56,j=4
Field Read,context=Ring:1,st
Field Read,context=Ring:1,st
Field Read,context=Ring:1,st
Field Read,context=Ring:1,st
Variable Write,context=Ring:1#startPos:56,j=0
Variable Write,context=Ring:1#startPos:56,result=0
Method Exit,returner=Ring:1#startPos:56,value=0
Field Read,context=Ring:1,st
Variable Write,context=Ring:1#maxRing:56,i=0
Field Read,context=Ring:1,st
Field Read,context=Ring:1,st
Field Read,context=Ring:1,used
Field Read,context=Ring:1,ed
Field Read,context=Ring:1,ed
Method Call,caller=Ring:1#maxRing:56,target=Ring:1#maxRing:57
Variable Write,context=Ring:1#maxRing:57,r=3
Field Read,context=Ring:1,used
Variable Write,context=Ring:1#maxRing:57,len=0
Method Call,caller=Ring:1#maxRing:57,target=Ring:1#startPos:57
Variable Write,context=Ring:1#startPos:57,r=3
Field Read,context=Ring:1,st
Variable Write,context=Ring:1#startPos:57,i=7
Field Read,context=Ring:1,st
Variable Write,context=Ring:1#startPos:57,m=3
Field Read,context=Ring:1,st
Variable Write,context=Ring:1#startPos:57,i=4
Variable Delete,method=Ring:1#startPos:57 <name=m,type=int (id=7),value=<?>,index=2>
Variable Write,context=Ring:1#startPos:57,j=4
Field Read,context=Ring:1,st
Field Read,context=Ring:1,st
Variable Write,context=Ring:1#startPos:57,j=3
Variable Write,context=Ring:1#startPos:57,result=3
Method Exit,returner=Ring:1#startPos:57,value=3
Field Read,context=Ring:1,st
Variable Write,context=Ring:1#maxRing:57,i=3
Field Read,context=Ring:1,st
Field Read,context=Ring:1,st
Field Read,context=Ring:1,st
Variable Write,context=Ring:1#maxRing:57,i=4
Field Read,context=Ring:1,st
Field Read,context=Ring:1,st
Field Read,context=Ring:1,used
Field Read,context=Ring:1,ed
Field Read,context=Ring:1,st
Variable Write,context=Ring:1#maxRing:57,i=5
Field Read,context=Ring:1,st
Field Read,context=Ring:1,st
Field Read,context=Ring:1,used
Field Read,context=Ring:1,ed
Field Read,context=Ring:1,ed
Method Call,caller=Ring:1#maxRing:57,target=Ring:1#maxRing:58
Variable Write,context=Ring:1#maxRing:58,r=4
Field Read,context=Ring:1,used
Variable Write,context=Ring:1#maxRing:58,len=0
Method Call,caller=Ring:1#maxRing:58,target=Ring:1#startPos:58
Variable Write,context=Ring:1#startPos:58,r=4
Field Read,context=Ring:1,st
Variable Write,context=Ring:1#startPos:58,i=7
Field Read,context=Ring:1,st
Variable Write,context=Ring:1#startPos:58,j=7
Field Read,context=Ring:1,st
Field Read,context=Ring:1,st
Field Read,context=Ring:1,st
Variable Write,context=Ring:1#startPos:58,j=5
Variable Write,context=Ring:1#startPos:58,result=5
Method Exit,returner=Ring:1#startPos:58,value=5
Field Read,context=Ring:1,st
Variable Write,context=Ring:1#maxRing:58,i=5
Field Read,context=Ring:1,st
Field Read,context=Ring:1,st
Field Read,context=Ring:1,st
Variable Write,context=Ring:1#maxRing:58,i=6
Field Read,context=Ring:1,st
Field Read,context=Ring:1,st
Field Read,context=Ring:1,used
Field Read,context=Ring:1,ed
Field Read,context=Ring:1,st
Variable Write,context=Ring:1#maxRing:58,i=7
Field Read,context=Ring:1,st
Field Read,context=Ring:1,st
Field Read,context=Ring:1,used
Field Read,context=Ring:1,ed
Field Read,context=Ring:1,st
Variable Write,context=Ring:1#maxRing:58,i=8
Field Read,context=Ring:1,st
Field Read,context=Ring:1,used
Variable Delete,method=Ring:1#maxRing:58 <name=i,type=int (id=7),value=<?>,index=2>
Variable Write,context=Ring:1#maxRing:58,result=1
Method Exit,returner=Ring:1#maxRing:58,value=1
Variable Write,context=Ring:1#maxRing:57,le=1
Variable Write,context=Ring:1#maxRing:57,len=1
Field Read,context=Ring:1,st
Variable Write,context=Ring:1#maxRing:57,i=6
Variable Delete,method=Ring:1#maxRing:57 <name=le,type=int (id=7),value=<?>,index=3>
Field Read,context=Ring:1,st
Field Read,context=Ring:1,used
Variable Delete,method=Ring:1#maxRing:57 <name=i,type=int (id=7),value=<?>,index=2>
Variable Write,context=Ring:1#maxRing:57,result=2
Method Exit,returner=Ring:1#maxRing:57,value=2
Variable Write,context=Ring:1#maxRing:56,le=2
Variable Write,context=Ring:1#maxRing:56,len=2
Field Read,context=Ring:1,st
Variable Write,context=Ring:1#maxRing:56,i=1
Variable Delete,method=Ring:1#maxRing:56 <name=le,type=int (id=7),value=<?>,index=3>
Field Read,context=Ring:1,st
Field Read,context=Ring:1,st
Field Read,context=Ring:1,used
Field Read,context=Ring:1,ed
Field Read,context=Ring:1,ed
Method Call,caller=Ring:1#maxRing:56,target=Ring:1#maxRing:59
Variable Write,context=Ring:1#maxRing:59,r=4
Field Read,context=Ring:1,used
Variable Write,context=Ring:1#maxRing:59,len=0
Method Call,caller=Ring:1#maxRing:59,target=Ring:1#startPos:59
Variable Write,context=Ring:1#startPos:59,r=4
Field Read,context=Ring:1,st
Variable Write,context=Ring:1#startPos:59,i=7
Field Read,context=Ring:1,st
Variable Write,context=Ring:1#startPos:59,j=7
Field Read,context=Ring:1,st
Field Read,context=Ring:1,st
Field Read,context=Ring:1,st
Variable Write,context=Ring:1#startPos:59,j=5
Variable Write,context=Ring:1#startPos:59,result=5
Method Exit,returner=Ring:1#startPos:59,value=5
Field Read,context=Ring:1,st
Variable Write,context=Ring:1#maxRing:59,i=5
Field Read,context=Ring:1,st
Field Read,context=Ring:1,st
Field Read,context=Ring:1,st
Variable Write,context=Ring:1#maxRing:59,i=6
Field Read,context=Ring:1,st
Field Read,context=Ring:1,st
Field Read,context=Ring:1,used
Field Read,context=Ring:1,ed
Field Read,context=Ring:1,st
Variable Write,context=Ring:1#maxRing:59,i=7
Field Read,context=Ring:1,st
Field Read,context=Ring:1,st
Field Read,context=Ring:1,used
Field Read,context=Ring:1,ed
Field Read,context=Ring:1,ed
Method Call,caller=Ring:1#maxRing:59,target=Ring:1#maxRing:60
Variable Write,context=Ring:1#maxRing:60,r=3
Field Read,context=Ring:1,used
Variable Write,context=Ring:1#maxRing:60,len=0
Method Call,caller=Ring:1#maxRing:60,target=Ring:1#startPos:60
Variable Write,context=Ring:1#startPos:60,r=3
Field Read,context=Ring:1,st
Variable Write,context=Ring:1#startPos:60,i=7
Field Read,context=Ring:1,st
Variable Write,context=Ring:1#startPos:60,m=3
Field Read,context=Ring:1,st
Variable Write,context=Ring:1#startPos:60,i=4
Variable Delete,method=Ring:1#startPos:60 <name=m,type=int (id=7),value=<?>,index=2>
Variable Write,context=Ring:1#startPos:60,j=4
Field Read,context=Ring:1,st
Field Read,context=Ring:1,st
Variable Write,context=Ring:1#startPos:60,j=3
Variable Write,context=Ring:1#startPos:60,result=3
Method Exit,returner=Ring:1#startPos:60,value=3
Field Read,context=Ring:1,st
Variable Write,context=Ring:1#maxRing:60,i=3
Field Read,context=Ring:1,st
Field Read,context=Ring:1,st
Field Read,context=Ring:1,st
Variable Write,context=Ring:1#maxRing:60,i=4
Field Read,context=Ring:1,st
Field Read,context=Ring:1,st
Field Read,context=Ring:1,used
Field Read,context=Ring:1,ed
Field Read,context=Ring:1,st
Variable Write,context=Ring:1#maxRing:60,i=5
Field Read,context=Ring:1,st
Field Read,context=Ring:1,st
Field Read,context=Ring:1,used
Field Read,context=Ring:1,ed
Field Read,context=Ring:1,st
Variable Write,context=Ring:1#maxRing:60,i=6
Field Read,context=Ring:1,st
Field Read,context=Ring:1,used
Variable Delete,method=Ring:1#maxRing:60 <name=i,type=int (id=7),value=<?>,index=2>
Variable Write,context=Ring:1#maxRing:60,result=1
Method Exit,returner=Ring:1#maxRing:60,value=1
Variable Write,context=Ring:1#maxRing:59,le=1
Variable Write,context=Ring:1#maxRing:59,len=1
Field Read,context=Ring:1,st
Variable Write,context=Ring:1#maxRing:59,i=8
Variable Delete,method=Ring:1#maxRing:59 <name=le,type=int (id=7),value=<?>,index=3>
Field Read,context=Ring:1,st
Field Read,context=Ring:1,used
Variable Delete,method=Ring:1#maxRing:59 <name=i,type=int (id=7),value=<?>,index=2>
Variable Write,context=Ring:1#maxRing:59,result=2
Method Exit,returner=Ring:1#maxRing:59,value=2
Variable Write,context=Ring:1#maxRing:56,le=2
Field Read,context=Ring:1,st
Variable Write,context=Ring:1#maxRing:56,i=2
Variable Delete,method=Ring:1#maxRing:56 <name=le,type=int (id=7),value=<?>,index=3>
Field Read,context=Ring:1,st
Field Read,context=Ring:1,st
Field Read,context=Ring:1,used
Field Read,context=Ring:1,ed
Field Read,context=Ring:1,st
Variable Write,context=Ring:1#maxRing:56,i=3
Field Read,context=Ring:1,st
Field Read,context=Ring:1,used
Variable Delete,method=Ring:1#maxRing:56 <name=i,type=int (id=7),value=<?>,index=2>
Variable Write,context=Ring:1#maxRing:56,result=3
Method Exit,returner=Ring:1#maxRing:56,value=3
Variable Write,context=Ring:1#maxRing:55,le=3
Variable Write,context=Ring:1#maxRing:55,len=3
Field Read,context=Ring:1,st
Variable Write,context=Ring:1#maxRing:55,i=11
Variable Delete,method=Ring:1#maxRing:55 <name=le,type=int (id=7),value=<?>,index=3>
Field Read,context=Ring:1,st
Field Read,context=Ring:1,st
Field Read,context=Ring:1,used
Field Read,context=Ring:1,ed
Field Read,context=Ring:1,ed
Method Call,caller=Ring:1#maxRing:55,target=Ring:1#maxRing:61
Variable Write,context=Ring:1#maxRing:61,r=2
Field Read,context=Ring:1,used
Variable Write,context=Ring:1#maxRing:61,len=0
Method Call,caller=Ring:1#maxRing:61,target=Ring:1#startPos:61
Variable Write,context=Ring:1#startPos:61,r=2
Field Read,context=Ring:1,st
Variable Write,context=Ring:1#startPos:61,i=7
Field Read,context=Ring:1,st
Variable Write,context=Ring:1#startPos:61,m=3
Field Read,context=Ring:1,st
Variable Write,context=Ring:1#startPos:61,i=4
Variable Delete,method=Ring:1#startPos:61 <name=m,type=int (id=7),value=<?>,index=2>
Variable Write,context=Ring:1#startPos:61,j=4
Field Read,context=Ring:1,st
Field Read,context=Ring:1,st
Field Read,context=Ring:1,st
Variable Write,context=Ring:1#startPos:61,j=2
Variable Write,context=Ring:1#startPos:61,result=2
Method Exit,returner=Ring:1#startPos:61,value=2
Field Read,context=Ring:1,st
Variable Write,context=Ring:1#maxRing:61,i=2
Field Read,context=Ring:1,st
Field Read,context=Ring:1,st
Field Read,context=Ring:1,st
Variable Write,context=Ring:1#maxRing:61,i=3
Field Read,context=Ring:1,st
Field Read,context=Ring:1,st
Field Read,context=Ring:1,used
Field Read,context=Ring:1,ed
Field Read,context=Ring:1,st
Variable Write,context=Ring:1#maxRing:61,i=4
Field Read,context=Ring:1,st
Field Read,context=Ring:1,used
Variable Delete,method=Ring:1#maxRing:61 <name=i,type=int (id=7),value=<?>,index=2>
Variable Write,context=Ring:1#maxRing:61,result=1
Method Exit,returner=Ring:1#maxRing:61,value=1
Variable Write,context=Ring:1#maxRing:55,le=1
Field Read,context=Ring:1,st
Variable Write,context=Ring:1#maxRing:55,i=12
Variable Delete,method=Ring:1#maxRing:55 <name=le,type=int (id=7),value=<?>,index=3>
Field Read,context=Ring:1,st
Field Read,context=Ring:1,st
Field Read,context=Ring:1,used
Field Read,context=Ring:1,ed
Field Read,context=Ring:1,ed
Method Call,caller=Ring:1#maxRing:55,target=Ring:1#maxRing:62
Variable Write,context=Ring:1#maxRing:62,r=5
Field Read,context=Ring:1,used
Variable Write,context=Ring:1#maxRing:62,len=0
Method Call,caller=Ring:1#maxRing:62,target=Ring:1#startPos:62
Variable Write,context=Ring:1#startPos:62,r=5
Field Read,context=Ring:1,st
Variable Write,context=Ring:1#startPos:62,i=7
Field Read,context=Ring:1,st
Variable Write,context=Ring:1#startPos:62,m=3
Field Read,context=Ring:1,st
Variable Write,context=Ring:1#startPos:62,i=10
Variable Delete,method=Ring:1#startPos:62 <name=m,type=int (id=7),value=<?>,index=2>
Variable Write,context=Ring:1#startPos:62,j=10
Field Read,context=Ring:1,st
Field Read,context=Ring:1,st
Field Read,context=Ring:1,st
Field Read,context=Ring:1,st
Variable Write,context=Ring:1#startPos:62,j=7
Variable Write,context=Ring:1#startPos:62,result=7
Method Exit,returner=Ring:1#startPos:62,value=7
Field Read,context=Ring:1,st
Variable Write,context=Ring:1#maxRing:62,i=7
Field Read,context=Ring:1,st
Field Read,context=Ring:1,st
Field Read,context=Ring:1,st
Variable Write,context=Ring:1#maxRing:62,i=8
Field Read,context=Ring:1,st
Field Read,context=Ring:1,st
Field Read,context=Ring:1,used
Field Read,context=Ring:1,ed
Field Read,context=Ring:1,st
Variable Write,context=Ring:1#maxRing:62,i=9
Field Read,context=Ring:1,st
Field Read,context=Ring:1,used
Variable Delete,method=Ring:1#maxRing:62 <name=i,type=int (id=7),value=<?>,index=2>
Variable Write,context=Ring:1#maxRing:62,result=1
Method Exit,returner=Ring:1#maxRing:62,value=1
Variable Write,context=Ring:1#maxRing:55,le=1
Field Read,context=Ring:1,st
Variable Write,context=Ring:1#maxRing:55,i=13
Variable Delete,method=Ring:1#maxRing:55 <name=le,type=int (id=7),value=<?>,index=3>
Field Read,context=Ring:1,st
Field Read,context=Ring:1,st
Field Read,context=Ring:1,used
Field Read,context=Ring:1,ed
Field Read,context=Ring:1,st
Field Read,context=Ring:1,used
Variable Delete,method=Ring:1#maxRing:55 <name=i,type=int (id=7),value=<?>,index=2>
Variable Write,context=Ring:1#maxRing:55,result=4
Method Exit,returner=Ring:1#maxRing:55,value=4
Variable Write,context=Ring:1#maxRing:54,le=4
Variable Write,context=Ring:1#maxRing:54,len=4
Field Read,context=Ring:1,st
Variable Write,context=Ring:1#maxRing:54,i=10
Variable Delete,method=Ring:1#maxRing:54 <name=le,type=int (id=7),value=<?>,index=3>
Field Read,context=Ring:1,st
Field Read,context=Ring:1,used
Variable Delete,method=Ring:1#maxRing:54 <name=i,type=int (id=7),value=<?>,index=2>
Variable Write,context=Ring:1#maxRing:54,result=5
Method Exit,returner=Ring:1#maxRing:54,value=5
Variable Write,context=Main#main:1,mm=5
Method Call,caller=Main#main:1,target=Ring:1#elem:7
Field Read,context=Ring:1,elemP
Field Read,context=Ring:1,st
Field Read,context=Ring:1,st
Field Read,context=Ring:1,elemP
Field Read,context=Ring:1,elemV
Field Read,context=Ring:1,elemP
Field Write,context=Ring:1,elemP=10
Field Read,context=Ring:1,elemP
Field Read,context=Ring:1,st
Field Read,context=Ring:1,st
Field Read,context=Ring:1,elemP
Field Read,context=Ring:1,elemV
Field Read,context=Ring:1,st
Field Read,context=Ring:1,elemP
Field Write,context=Ring:1,elemV=7
Field Read,context=Ring:1,elemV
Variable Write,context=Ring:1#elem:7,result=7
Method Exit,returner=Ring:1#elem:7,value=7
Variable Write,context=Main#main:1,x=7
Variable Delete,method=Main#main:1 <name=mm,type=int (id=7),value=<?>,index=9>
Method Call,caller=Main#main:1,target=Ring:1#maxRing:63
Variable Write,context=Ring:1#maxRing:63,r=7
Field Read,context=Ring:1,used
Variable Write,context=Ring:1#maxRing:63,len=0
Method Call,caller=Ring:1#maxRing:63,target=Ring:1#startPos:63
Variable Write,context=Ring:1#startPos:63,r=7
Field Read,context=Ring:1,st
Variable Write,context=Ring:1#startPos:63,i=7
Field Read,context=Ring:1,st
Variable Write,context=Ring:1#startPos:63,m=3
Field Read,context=Ring:1,st
Variable Write,context=Ring:1#startPos:63,i=10
Variable Delete,method=Ring:1#startPos:63 <name=m,type=int (id=7),value=<?>,index=2>
Variable Write,context=Ring:1#startPos:63,j=10
Field Read,context=Ring:1,st
Field Read,context=Ring:1,st
Variable Write,context=Ring:1#startPos:63,j=9
Variable Write,context=Ring:1#startPos:63,result=9
Method Exit,returner=Ring:1#startPos:63,value=9
Field Read,context=Ring:1,st
Variable Write,context=Ring:1#maxRing:63,i=9
Field Read,context=Ring:1,st
Field Read,context=Ring:1,st
Field Read,context=Ring:1,st
Variable Write,context=Ring:1#maxRing:63,i=10
Field Read,context=Ring:1,st
Field Read,context=Ring:1,st
Field Read,context=Ring:1,used
Field Read,context=Ring:1,ed
Field Read,context=Ring:1,ed
Method Call,caller=Ring:1#maxRing:63,target=Ring:1#maxRing:64
Variable Write,context=Ring:1#maxRing:64,r=1
Field Read,context=Ring:1,used
Variable Write,context=Ring:1#maxRing:64,len=0
Method Call,caller=Ring:1#maxRing:64,target=Ring:1#startPos:64
Variable Write,context=Ring:1#startPos:64,r=1
Field Read,context=Ring:1,st
Variable Write,context=Ring:1#startPos:64,i=7
Field Read,context=Ring:1,st
Variable Write,context=Ring:1#startPos:64,m=3
Field Read,context=Ring:1,st
Variable Write,context=Ring:1#startPos:64,i=4
Variable Delete,method=Ring:1#startPos:64 <name=m,type=int (id=7),value=<?>,index=2>
Variable Write,context=Ring:1#startPos:64,j=4
Field Read,context=Ring:1,st
Field Read,context=Ring:1,st
Field Read,context=Ring:1,st
Field Read,context=Ring:1,st
Variable Write,context=Ring:1#startPos:64,j=0
Variable Write,context=Ring:1#startPos:64,result=0
Method Exit,returner=Ring:1#startPos:64,value=0
Field Read,context=Ring:1,st
Variable Write,context=Ring:1#maxRing:64,i=0
Field Read,context=Ring:1,st
Field Read,context=Ring:1,st
Field Read,context=Ring:1,used
Field Read,context=Ring:1,ed
Field Read,context=Ring:1,ed
Method Call,caller=Ring:1#maxRing:64,target=Ring:1#maxRing:65
Variable Write,context=Ring:1#maxRing:65,r=3
Field Read,context=Ring:1,used
Variable Write,context=Ring:1#maxRing:65,len=0
Method Call,caller=Ring:1#maxRing:65,target=Ring:1#startPos:65
Variable Write,context=Ring:1#startPos:65,r=3
Field Read,context=Ring:1,st
Variable Write,context=Ring:1#startPos:65,i=7
Field Read,context=Ring:1,st
Variable Write,context=Ring:1#startPos:65,m=3
Field Read,context=Ring:1,st
Variable Write,context=Ring:1#startPos:65,i=4
Variable Delete,method=Ring:1#startPos:65 <name=m,type=int (id=7),value=<?>,index=2>
Variable Write,context=Ring:1#startPos:65,j=4
Field Read,context=Ring:1,st
Field Read,context=Ring:1,st
Variable Write,context=Ring:1#startPos:65,j=3
Variable Write,context=Ring:1#startPos:65,result=3
Method Exit,returner=Ring:1#startPos:65,value=3
Field Read,context=Ring:1,st
Variable Write,context=Ring:1#maxRing:65,i=3
Field Read,context=Ring:1,st
Field Read,context=Ring:1,st
Field Read,context=Ring:1,st
Variable Write,context=Ring:1#maxRing:65,i=4
Field Read,context=Ring:1,st
Field Read,context=Ring:1,st
Field Read,context=Ring:1,used
Field Read,context=Ring:1,ed
Field Read,context=Ring:1,st
Variable Write,context=Ring:1#maxRing:65,i=5
Field Read,context=Ring:1,st
Field Read,context=Ring:1,st
Field Read,context=Ring:1,used
Field Read,context=Ring:1,ed
Field Read,context=Ring:1,ed
Method Call,caller=Ring:1#maxRing:65,target=Ring:1#maxRing:66
Variable Write,context=Ring:1#maxRing:66,r=4
Field Read,context=Ring:1,used
Variable Write,context=Ring:1#maxRing:66,len=0
Method Call,caller=Ring:1#maxRing:66,target=Ring:1#startPos:66
Variable Write,context=Ring:1#startPos:66,r=4
Field Read,context=Ring:1,st
Variable Write,context=Ring:1#startPos:66,i=7
Field Read,context=Ring:1,st
Variable Write,context=Ring:1#startPos:66,j=7
Field Read,context=Ring:1,st
Field Read,context=Ring:1,st
Field Read,context=Ring:1,st
Variable Write,context=Ring:1#startPos:66,j=5
Variable Write,context=Ring:1#startPos:66,result=5
Method Exit,returner=Ring:1#startPos:66,value=5
Field Read,context=Ring:1,st
Variable Write,context=Ring:1#maxRing:66,i=5
Field Read,context=Ring:1,st
Field Read,context=Ring:1,st
Field Read,context=Ring:1,st
Variable Write,context=Ring:1#maxRing:66,i=6
Field Read,context=Ring:1,st
Field Read,context=Ring:1,st
Field Read,context=Ring:1,used
Field Read,context=Ring:1,ed
Field Read,context=Ring:1,st
Variable Write,context=Ring:1#maxRing:66,i=7
Field Read,context=Ring:1,st
Field Read,context=Ring:1,st
Field Read,context=Ring:1,used
Field Read,context=Ring:1,ed
Field Read,context=Ring:1,st
Variable Write,context=Ring:1#maxRing:66,i=8
Field Read,context=Ring:1,st
Field Read,context=Ring:1,used
Variable Delete,method=Ring:1#maxRing:66 <name=i,type=int (id=7),value=<?>,index=2>
Variable Write,context=Ring:1#maxRing:66,result=1
Method Exit,returner=Ring:1#maxRing:66,value=1
Variable Write,context=Ring:1#maxRing:65,le=1
Variable Write,context=Ring:1#maxRing:65,len=1
Field Read,context=Ring:1,st
Variable Write,context=Ring:1#maxRing:65,i=6
Variable Delete,method=Ring:1#maxRing:65 <name=le,type=int (id=7),value=<?>,index=3>
Field Read,context=Ring:1,st
Field Read,context=Ring:1,used
Variable Delete,method=Ring:1#maxRing:65 <name=i,type=int (id=7),value=<?>,index=2>
Variable Write,context=Ring:1#maxRing:65,result=2
Method Exit,returner=Ring:1#maxRing:65,value=2
Variable Write,context=Ring:1#maxRing:64,le=2
Variable Write,context=Ring:1#maxRing:64,len=2
Field Read,context=Ring:1,st
Variable Write,context=Ring:1#maxRing:64,i=1
Variable Delete,method=Ring:1#maxRing:64 <name=le,type=int (id=7),value=<?>,index=3>
Field Read,context=Ring:1,st
Field Read,context=Ring:1,st
Field Read,context=Ring:1,used
Field Read,context=Ring:1,ed
Field Read,context=Ring:1,ed
Method Call,caller=Ring:1#maxRing:64,target=Ring:1#maxRing:67
Variable Write,context=Ring:1#maxRing:67,r=4
Field Read,context=Ring:1,used
Variable Write,context=Ring:1#maxRing:67,len=0
Method Call,caller=Ring:1#maxRing:67,target=Ring:1#startPos:67
Variable Write,context=Ring:1#startPos:67,r=4
Field Read,context=Ring:1,st
Variable Write,context=Ring:1#startPos:67,i=7
Field Read,context=Ring:1,st
Variable Write,context=Ring:1#startPos:67,j=7
Field Read,context=Ring:1,st
Field Read,context=Ring:1,st
Field Read,context=Ring:1,st
Variable Write,context=Ring:1#startPos:67,j=5
Variable Write,context=Ring:1#startPos:67,result=5
Method Exit,returner=Ring:1#startPos:67,value=5
Field Read,context=Ring:1,st
Variable Write,context=Ring:1#maxRing:67,i=5
Field Read,context=Ring:1,st
Field Read,context=Ring:1,st
Field Read,context=Ring:1,st
Variable Write,context=Ring:1#maxRing:67,i=6
Field Read,context=Ring:1,st
Field Read,context=Ring:1,st
Field Read,context=Ring:1,used
Field Read,context=Ring:1,ed
Field Read,context=Ring:1,st
Variable Write,context=Ring:1#maxRing:67,i=7
Field Read,context=Ring:1,st
Field Read,context=Ring:1,st
Field Read,context=Ring:1,used
Field Read,context=Ring:1,ed
Field Read,context=Ring:1,ed
Method Call,caller=Ring:1#maxRing:67,target=Ring:1#maxRing:68
Variable Write,context=Ring:1#maxRing:68,r=3
Field Read,context=Ring:1,used
Variable Write,context=Ring:1#maxRing:68,len=0
Method Call,caller=Ring:1#maxRing:68,target=Ring:1#startPos:68
Variable Write,context=Ring:1#startPos:68,r=3
Field Read,context=Ring:1,st
Variable Write,context=Ring:1#startPos:68,i=7
Field Read,context=Ring:1,st
Variable Write,context=Ring:1#startPos:68,m=3
Field Read,context=Ring:1,st
Variable Write,context=Ring:1#startPos:68,i=4
Variable Delete,method=Ring:1#startPos:68 <name=m,type=int (id=7),value=<?>,index=2>
Variable Write,context=Ring:1#startPos:68,j=4
Field Read,context=Ring:1,st
Field Read,context=Ring:1,st
Variable Write,context=Ring:1#startPos:68,j=3
Variable Write,context=Ring:1#startPos:68,result=3
Method Exit,returner=Ring:1#startPos:68,value=3
Field Read,context=Ring:1,st
Variable Write,context=Ring:1#maxRing:68,i=3
Field Read,context=Ring:1,st
Field Read,context=Ring:1,st
Field Read,context=Ring:1,st
Variable Write,context=Ring:1#maxRing:68,i=4
Field Read,context=Ring:1,st
Field Read,context=Ring:1,st
Field Read,context=Ring:1,used
Field Read,context=Ring:1,ed
Field Read,context=Ring:1,st
Variable Write,context=Ring:1#maxRing:68,i=5
Field Read,context=Ring:1,st
Field Read,context=Ring:1,st
Field Read,context=Ring:1,used
Field Read,context=Ring:1,ed
Field Read,context=Ring:1,st
Variable Write,context=Ring:1#maxRing:68,i=6
Field Read,context=Ring:1,st
Field Read,context=Ring:1,used
Variable Delete,method=Ring:1#maxRing:68 <name=i,type=int (id=7),value=<?>,index=2>
Variable Write,context=Ring:1#maxRing:68,result=1
Method Exit,returner=Ring:1#maxRing:68,value=1
Variable Write,context=Ring:1#maxRing:67,le=1
Variable Write,context=Ring:1#maxRing:67,len=1
Field Read,context=Ring:1,st
Variable Write,context=Ring:1#maxRing:67,i=8
Variable Delete,method=Ring:1#maxRing:67 <name=le,type=int (id=7),value=<?>,index=3>
Field Read,context=Ring:1,st
Field Read,context=Ring:1,used
Variable Delete,method=Ring:1#maxRing:67 <name=i,type=int (id=7),value=<?>,index=2>
Variable Write,context=Ring:1#maxRing:67,result=2
Method Exit,returner=Ring:1#maxRing:67,value=2
Variable Write,context=Ring:1#maxRing:64,le=2
Field Read,context=Ring:1,st
Variable Write,context=Ring:1#maxRing:64,i=2
Variable Delete,method=Ring:1#maxRing:64 <name=le,type=int (id=7),value=<?>,index=3>
Field Read,context=Ring:1,st
Field Read,context=Ring:1,st
Field Read,context=Ring:1,used
Field Read,context=Ring:1,ed
Field Read,context=Ring:1,st
Variable Write,context=Ring:1#maxRing:64,i=3
Field Read,context=Ring:1,st
Field Read,context=Ring:1,used
Variable Delete,method=Ring:1#maxRing:64 <name=i,type=int (id=7),value=<?>,index=2>
Variable Write,context=Ring:1#maxRing:64,result=3
Method Exit,returner=Ring:1#maxRing:64,value=3
Variable Write,context=Ring:1#maxRing:63,le=3
Variable Write,context=Ring:1#maxRing:63,len=3
Field Read,context=Ring:1,st
Variable Write,context=Ring:1#maxRing:63,i=11
Variable Delete,method=Ring:1#maxRing:63 <name=le,type=int (id=7),value=<?>,index=3>
Field Read,context=Ring:1,st
Field Read,context=Ring:1,st
Field Read,context=Ring:1,used
Field Read,context=Ring:1,ed
Field Read,context=Ring:1,ed
Method Call,caller=Ring:1#maxRing:63,target=Ring:1#maxRing:69
Variable Write,context=Ring:1#maxRing:69,r=2
Field Read,context=Ring:1,used
Variable Write,context=Ring:1#maxRing:69,len=0
Method Call,caller=Ring:1#maxRing:69,target=Ring:1#startPos:69
Variable Write,context=Ring:1#startPos:69,r=2
Field Read,context=Ring:1,st
Variable Write,context=Ring:1#startPos:69,i=7
Field Read,context=Ring:1,st
Variable Write,context=Ring:1#startPos:69,m=3
Field Read,context=Ring:1,st
Variable Write,context=Ring:1#startPos:69,i=4
Variable Delete,method=Ring:1#startPos:69 <name=m,type=int (id=7),value=<?>,index=2>
Variable Write,context=Ring:1#startPos:69,j=4
Field Read,context=Ring:1,st
Field Read,context=Ring:1,st
Field Read,context=Ring:1,st
Variable Write,context=Ring:1#startPos:69,j=2
Variable Write,context=Ring:1#startPos:69,result=2
Method Exit,returner=Ring:1#startPos:69,value=2
Field Read,context=Ring:1,st
Variable Write,context=Ring:1#maxRing:69,i=2
Field Read,context=Ring:1,st
Field Read,context=Ring:1,st
Field Read,context=Ring:1,st
Variable Write,context=Ring:1#maxRing:69,i=3
Field Read,context=Ring:1,st
Field Read,context=Ring:1,st
Field Read,context=Ring:1,used
Field Read,context=Ring:1,ed
Field Read,context=Ring:1,st
Variable Write,context=Ring:1#maxRing:69,i=4
Field Read,context=Ring:1,st
Field Read,context=Ring:1,used
Variable Delete,method=Ring:1#maxRing:69 <name=i,type=int (id=7),value=<?>,index=2>
Variable Write,context=Ring:1#maxRing:69,result=1
Method Exit,returner=Ring:1#maxRing:69,value=1
Variable Write,context=Ring:1#maxRing:63,le=1
Field Read,context=Ring:1,st
Variable Write,context=Ring:1#maxRing:63,i=12
Variable Delete,method=Ring:1#maxRing:63 <name=le,type=int (id=7),value=<?>,index=3>
Field Read,context=Ring:1,st
Field Read,context=Ring:1,st
Field Read,context=Ring:1,used
Field Read,context=Ring:1,ed
Field Read,context=Ring:1,ed
Method Call,caller=Ring:1#maxRing:63,target=Ring:1#maxRing:70
Variable Write,context=Ring:1#maxRing:70,r=5
Field Read,context=Ring:1,used
Variable Write,context=Ring:1#maxRing:70,len=0
Method Call,caller=Ring:1#maxRing:70,target=Ring:1#startPos:70
Variable Write,context=Ring:1#startPos:70,r=5
Field Read,context=Ring:1,st
Variable Write,context=Ring:1#startPos:70,i=7
Field Read,context=Ring:1,st
Variable Write,context=Ring:1#startPos:70,m=3
Field Read,context=Ring:1,st
Variable Write,context=Ring:1#startPos:70,i=10
Variable Delete,method=Ring:1#startPos:70 <name=m,type=int (id=7),value=<?>,index=2>
Variable Write,context=Ring:1#startPos:70,j=10
Field Read,context=Ring:1,st
Field Read,context=Ring:1,st
Field Read,context=Ring:1,st
Field Read,context=Ring:1,st
Variable Write,context=Ring:1#startPos:70,j=7
Variable Write,context=Ring:1#startPos:70,result=7
Method Exit,returner=Ring:1#startPos:70,value=7
Field Read,context=Ring:1,st
Variable Write,context=Ring:1#maxRing:70,i=7
Field Read,context=Ring:1,st
Field Read,context=Ring:1,st
Field Read,context=Ring:1,st
Variable Write,context=Ring:1#maxRing:70,i=8
Field Read,context=Ring:1,st
Field Read,context=Ring:1,st
Field Read,context=Ring:1,used
Field Read,context=Ring:1,ed
Field Read,context=Ring:1,st
Variable Write,context=Ring:1#maxRing:70,i=9
Field Read,context=Ring:1,st
Field Read,context=Ring:1,used
Variable Delete,method=Ring:1#maxRing:70 <name=i,type=int (id=7),value=<?>,index=2>
Variable Write,context=Ring:1#maxRing:70,result=1
Method Exit,returner=Ring:1#maxRing:70,value=1
Variable Write,context=Ring:1#maxRing:63,le=1
Field Read,context=Ring:1,st
Variable Write,context=Ring:1#maxRing:63,i=13
Variable Delete,method=Ring:1#maxRing:63 <name=le,type=int (id=7),value=<?>,index=3>
Field Read,context=Ring:1,st
Field Read,context=Ring:1,st
Field Read,context=Ring:1,used
Field Read,context=Ring:1,ed
Field Read,context=Ring:1,ed
Method Call,caller=Ring:1#maxRing:63,target=Ring:1#maxRing:71
Variable Write,context=Ring:1#maxRing:71,r=6
Field Read,context=Ring:1,used
Variable Write,context=Ring:1#maxRing:71,len=0
Method Call,caller=Ring:1#maxRing:71,target=Ring:1#startPos:71
Variable Write,context=Ring:1#startPos:71,r=6
Field Read,context=Ring:1,st
Variable Write,context=Ring:1#startPos:71,i=7
Field Read,context=Ring:1,st
Variable Write,context=Ring:1#startPos:71,m=3
Field Read,context=Ring:1,st
Variable Write,context=Ring:1#startPos:71,i=10
Variable Delete,method=Ring:1#startPos:71 <name=m,type=int (id=7),value=<?>,index=2>
Variable Write,context=Ring:1#startPos:71,j=10
Field Read,context=Ring:1,st
Field Read,context=Ring:1,st
Field Read,context=Ring:1,st
Variable Write,context=Ring:1#startPos:71,j=8
Variable Write,context=Ring:1#startPos:71,result=8
Method Exit,returner=Ring:1#startPos:71,value=8
Field Read,context=Ring:1,st
Variable Write,context=Ring:1#maxRing:71,i=8
Field Read,context=Ring:1,st
Field Read,context=Ring:1,st
Field Read,context=Ring:1,st
Variable Write,context=Ring:1#maxRing:71,i=9
Field Read,context=Ring:1,st
Field Read,context=Ring:1,st
Field Read,context=Ring:1,used
Field Read,context=Ring:1,ed
Field Read,context=Ring:1,st
Variable Write,context=Ring:1#maxRing:71,i=10
Field Read,context=Ring:1,st
Field Read,context=Ring:1,used
Variable Delete,method=Ring:1#maxRing:71 <name=i,type=int (id=7),value=<?>,index=2>
Variable Write,context=Ring:1#maxRing:71,result=1
Method Exit,returner=Ring:1#maxRing:71,value=1
Variable Write,context=Ring:1#maxRing:63,le=1
Field Read,context=Ring:1,st
Variable Delete,method=Ring:1#maxRing:63 <name=le,type=int (id=7),value=<?>,index=3>
Field Read,context=Ring:1,used
Variable Delete,method=Ring:1#maxRing:63 <name=i,type=int (id=7),value=<?>,index=2>
Variable Write,context=Ring:1#maxRing:63,result=4
Method Exit,returner=Ring:1#maxRing:63,value=4
Variable Write,context=Main#main:1,mm=4
Method Call,caller=Main#main:1,target=Ring:1#elem:8
Field Read,context=Ring:1,elemP
Field Read,context=Ring:1,st
Field Read,context=Ring:1,st
Field Read,context=Ring:1,elemP
Field Read,context=Ring:1,elemV
Field Read,context=Ring:1,elemP
Field Write,context=Ring:1,elemP=11
Field Read,context=Ring:1,elemP
Field Read,context=Ring:1,st
Field Read,context=Ring:1,st
Field Read,context=Ring:1,elemP
Field Read,context=Ring:1,elemV
Field Read,context=Ring:1,elemP
Field Write,context=Ring:1,elemP=12
Field Read,context=Ring:1,elemP
Field Read,context=Ring:1,st
Field Read,context=Ring:1,st
Field Read,context=Ring:1,elemP
Field Read,context=Ring:1,elemV
Field Read,context=Ring:1,elemP
Field Write,context=Ring:1,elemP=13
Field Read,context=Ring:1,elemP
Field Read,context=Ring:1,st
Field Read,context=Ring:1,st
Field Read,context=Ring:1,elemP
Field Read,context=Ring:1,elemV
Field Read,context=Ring:1,elemP
Field Write,context=Ring:1,elemP=14
Field Read,context=Ring:1,elemP
Field Read,context=Ring:1,st
Variable Write,context=Ring:1#elem:8,result=-1
Method Exit,returner=Ring:1#elem:8,value=-1
Variable Delete,method=Main#main:1 <name=mm,type=int (id=7),value=<?>,index=9>
Variable Delete,method=Main#main:1 <name=x,type=int (id=7),value=<?>,index=8>
Variable Delete,method=Main#main:1 <name=n,type=int (id=7),value=<?>,index=2>
Variable Delete,method=Main#main:1 <name=r,type=Ring (id=95),value=<?>,index=3>
Variable Delete,method=Main#main:1 <name=max,type=int (id=7),value=<?>,index=7>
Variable Write,context=Main#main:1,n=6
New Object,object=Ring:2
Method Call,caller=Main#main:1,target=Ring:2#Ring:2
Variable Write,context=Ring:2#Ring:2,n=6
Field Write,context=Ring:2,used=boolean[101] (id=371)
Field Write,context=Ring:2,elemP=0
Field Write,context=Ring:2,elemV=-1
New Object,object=int[]:3
Field Write,context=int[]:3,0=0
Field Write,context=int[]:3,1=0
Field Write,context=int[]:3,2=0
Field Write,context=int[]:3,3=0
Field Write,context=int[]:3,4=0
Field Write,context=int[]:3,5=0
Field Write,context=int[]:3,6=0
Field Write,context=int[]:3,7=0
Field Write,context=int[]:3,8=0
Field Write,context=int[]:3,9=0
Field Write,context=int[]:3,10=0
Field Write,context=int[]:3,11=0
Field Write,context=Ring:2,st=int[]:3
New Object,object=int[]:4
Field Write,context=int[]:4,0=0
Field Write,context=int[]:4,1=0
Field Write,context=int[]:4,2=0
Field Write,context=int[]:4,3=0
Field Write,context=int[]:4,4=0
Field Write,context=int[]:4,5=0
Field Write,context=int[]:4,6=0
Field Write,context=int[]:4,7=0
Field Write,context=int[]:4,8=0
Field Write,context=int[]:4,9=0
Field Write,context=int[]:4,10=0
Field Write,context=int[]:4,11=0
Field Write,context=Ring:2,ed=int[]:4
Method Exit,returner=Ring:2#Ring:2,value=<void>
Variable Write,context=Main#main:1,r=Ring:2
Variable Write,context=Main#main:1,i=0
Variable Write,context=Main#main:1,x=1
Variable Write,context=Main#main:1,y=2
Method Call,caller=Main#main:1,target=Ring:2#add:8
Variable Write,context=Ring:2#add:8,y=2
Variable Write,context=Ring:2#add:8,i=0
Variable Write,context=Ring:2#add:8,x=1
Field Read,context=Ring:2,st
Field Write,context=int[]:3,0=1
Field Read,context=Ring:2,ed
Field Write,context=int[]:4,0=2
Field Read,context=Ring:2,st
Field Write,context=int[]:3,1=2
Field Read,context=Ring:2,ed
Field Write,context=int[]:4,1=1
Method Exit,returner=Ring:2#add:8,value=<void>
Variable Write,context=Main#main:1,i=1
Variable Delete,method=Main#main:1 <name=x,type=int (id=7),value=<?>,index=5>
Variable Delete,method=Main#main:1 <name=y,type=int (id=7),value=<?>,index=6>
Variable Write,context=Main#main:1,x=2
Variable Write,context=Main#main:1,y=3
Method Call,caller=Main#main:1,target=Ring:2#add:9
Variable Write,context=Ring:2#add:9,y=3
Variable Write,context=Ring:2#add:9,i=1
Variable Write,context=Ring:2#add:9,x=2
Field Read,context=Ring:2,st
Field Write,context=int[]:3,2=2
Field Read,context=Ring:2,ed
Field Write,context=int[]:4,2=3
Field Read,context=Ring:2,st
Field Write,context=int[]:3,3=3
Field Read,context=Ring:2,ed
Field Write,context=int[]:4,3=2
Method Exit,returner=Ring:2#add:9,value=<void>
Variable Write,context=Main#main:1,i=2
Variable Delete,method=Main#main:1 <name=x,type=int (id=7),value=<?>,index=5>
Variable Delete,method=Main#main:1 <name=y,type=int (id=7),value=<?>,index=6>
Variable Write,context=Main#main:1,x=3
Variable Write,context=Main#main:1,y=4
Method Call,caller=Main#main:1,target=Ring:2#add:10
Variable Write,context=Ring:2#add:10,y=4
Variable Write,context=Ring:2#add:10,i=2
Variable Write,context=Ring:2#add:10,x=3
Field Read,context=Ring:2,st
Field Write,context=int[]:3,4=3
Field Read,context=Ring:2,ed
Field Write,context=int[]:4,4=4
Field Read,context=Ring:2,st
Field Write,context=int[]:3,5=4
Field Read,context=Ring:2,ed
Field Write,context=int[]:4,5=3
Method Exit,returner=Ring:2#add:10,value=<void>
Variable Write,context=Main#main:1,i=3
Variable Delete,method=Main#main:1 <name=x,type=int (id=7),value=<?>,index=5>
Variable Delete,method=Main#main:1 <name=y,type=int (id=7),value=<?>,index=6>
Variable Write,context=Main#main:1,x=4
Variable Write,context=Main#main:1,y=5
Method Call,caller=Main#main:1,target=Ring:2#add:11
Variable Write,context=Ring:2#add:11,y=5
Variable Write,context=Ring:2#add:11,i=3
Variable Write,context=Ring:2#add:11,x=4
Field Read,context=Ring:2,st
Field Write,context=int[]:3,6=4
Field Read,context=Ring:2,ed
Field Write,context=int[]:4,6=5
Field Read,context=Ring:2,st
Field Write,context=int[]:3,7=5
Field Read,context=Ring:2,ed
Field Write,context=int[]:4,7=4
Method Exit,returner=Ring:2#add:11,value=<void>
Variable Write,context=Main#main:1,i=4
Variable Delete,method=Main#main:1 <name=x,type=int (id=7),value=<?>,index=5>
Variable Delete,method=Main#main:1 <name=y,type=int (id=7),value=<?>,index=6>
Variable Write,context=Main#main:1,x=1
Variable Write,context=Main#main:1,y=5
Method Call,caller=Main#main:1,target=Ring:2#add:12
Variable Write,context=Ring:2#add:12,y=5
Variable Write,context=Ring:2#add:12,i=4
Variable Write,context=Ring:2#add:12,x=1
Field Read,context=Ring:2,st
Field Write,context=int[]:3,8=1
Field Read,context=Ring:2,ed
Field Write,context=int[]:4,8=5
Field Read,context=Ring:2,st
Field Write,context=int[]:3,9=5
Field Read,context=Ring:2,ed
Field Write,context=int[]:4,9=1
Method Exit,returner=Ring:2#add:12,value=<void>
Variable Write,context=Main#main:1,i=5
Variable Delete,method=Main#main:1 <name=x,type=int (id=7),value=<?>,index=5>
Variable Delete,method=Main#main:1 <name=y,type=int (id=7),value=<?>,index=6>
Variable Write,context=Main#main:1,x=2
Variable Write,context=Main#main:1,y=6
Method Call,caller=Main#main:1,target=Ring:2#add:13
Variable Write,context=Ring:2#add:13,y=6
Variable Write,context=Ring:2#add:13,i=5
Variable Write,context=Ring:2#add:13,x=2
Field Read,context=Ring:2,st
Field Write,context=int[]:3,10=2
Field Read,context=Ring:2,ed
Field Write,context=int[]:4,10=6
Field Read,context=Ring:2,st
Field Write,context=int[]:3,11=6
Field Read,context=Ring:2,ed
Field Write,context=int[]:4,11=2
Method Exit,returner=Ring:2#add:13,value=<void>
Variable Delete,method=Main#main:1 <name=x,type=int (id=7),value=<?>,index=5>
Variable Delete,method=Main#main:1 <name=y,type=int (id=7),value=<?>,index=6>
Method Call,caller=Main#main:1,target=Ring:2#sort:2
Field Read,context=Ring:2,st
Variable Write,context=Ring:2#sort:2,i=0
Field Read,context=Ring:2,st
Variable Write,context=Ring:2#sort:2,j=11
Field Read,context=Ring:2,st
Field Read,context=Ring:2,st
Field Read,context=Ring:2,st
Field Read,context=Ring:2,st
Variable Write,context=Ring:2#sort:2,j=10
Field Read,context=Ring:2,st
Field Read,context=Ring:2,st
Field Read,context=Ring:2,st
Variable Write,context=Ring:2#sort:2,tmp=2
Field Read,context=Ring:2,st
Field Read,context=Ring:2,st
Field Write,context=int[]:3,10=5
Field Read,context=Ring:2,st
Field Write,context=int[]:3,9=2
Field Read,context=Ring:2,ed
Variable Write,context=Ring:2#sort:2,tmp=6
Field Read,context=Ring:2,ed
Field Read,context=Ring:2,ed
Field Write,context=int[]:4,10=1
Field Read,context=Ring:2,ed
Field Write,context=int[]:4,9=6
Variable Write,context=Ring:2#sort:2,j=9
Variable Delete,method=Ring:2#sort:2 <name=tmp,type=int (id=7),value=<?>,index=2>
Field Read,context=Ring:2,st
Field Read,context=Ring:2,st
Field Read,context=Ring:2,st
Field Read,context=Ring:2,st
Variable Write,context=Ring:2#sort:2,j=8
Field Read,context=Ring:2,st
Field Read,context=Ring:2,st
Field Read,context=Ring:2,st
Variable Write,context=Ring:2#sort:2,tmp=1
Field Read,context=Ring:2,st
Field Read,context=Ring:2,st
Field Write,context=int[]:3,8=5
Field Read,context=Ring:2,st
Field Write,context=int[]:3,7=1
Field Read,context=Ring:2,ed
Variable Write,context=Ring:2#sort:2,tmp=5
Field Read,context=Ring:2,ed
Field Read,context=Ring:2,ed
Field Write,context=int[]:4,8=4
Field Read,context=Ring:2,ed
Field Write,context=int[]:4,7=5
Variable Write,context=Ring:2#sort:2,j=7
Variable Delete,method=Ring:2#sort:2 <name=tmp,type=int (id=7),value=<?>,index=2>
Field Read,context=Ring:2,st
Field Read,context=Ring:2,st
Field Read,context=Ring:2,st
Variable Write,context=Ring:2#sort:2,tmp=1
Field Read,context=Ring:2,st
Field Read,context=Ring:2,st
Field Write,context=int[]:3,7=4
Field Read,context=Ring:2,st
Field Write,context=int[]:3,6=1
Field Read,context=Ring:2,ed
Variable Write,context=Ring:2#sort:2,tmp=5
Field Read,context=Ring:2,ed
Field Read,context=Ring:2,ed
Field Read,context=Ring:2,ed
Variable Write,context=Ring:2#sort:2,j=6
Variable Delete,method=Ring:2#sort:2 <name=tmp,type=int (id=7),value=<?>,index=2>
Field Read,context=Ring:2,st
Field Read,context=Ring:2,st
Field Read,context=Ring:2,st
Variable Write,context=Ring:2#sort:2,tmp=1
Field Read,context=Ring:2,st
Field Read,context=Ring:2,st
Field Write,context=int[]:3,6=4
Field Read,context=Ring:2,st
Field Write,context=int[]:3,5=1
Field Read,context=Ring:2,ed
Variable Write,context=Ring:2#sort:2,tmp=5
Field Read,context=Ring:2,ed
Field Read,context=Ring:2,ed
Field Write,context=int[]:4,6=3
Field Read,context=Ring:2,ed
Field Write,context=int[]:4,5=5
Variable Write,context=Ring:2#sort:2,j=5
Variable Delete,method=Ring:2#sort:2 <name=tmp,type=int (id=7),value=<?>,index=2>
Field Read,context=Ring:2,st
Field Read,context=Ring:2,st
Field Read,context=Ring:2,st
Variable Write,context=Ring:2#sort:2,tmp=1
Field Read,context=Ring:2,st
Field Read,context=Ring:2,st
Field Write,context=int[]:3,5=3
Field Read,context=Ring:2,st
Field Write,context=int[]:3,4=1
Field Read,context=Ring:2,ed
Variable Write,context=Ring:2#sort:2,tmp=5
Field Read,context=Ring:2,ed
Field Read,context=Ring:2,ed
Field Write,context=int[]:4,5=4
Field Read,context=Ring:2,ed
Field Write,context=int[]:4,4=5
Variable Write,context=Ring:2#sort:2,j=4
Variable Delete,method=Ring:2#sort:2 <name=tmp,type=int (id=7),value=<?>,index=2>
Field Read,context=Ring:2,st
Field Read,context=Ring:2,st
Field Read,context=Ring:2,st
Variable Write,context=Ring:2#sort:2,tmp=1
Field Read,context=Ring:2,st
Field Read,context=Ring:2,st
Field Write,context=int[]:3,4=3
Field Read,context=Ring:2,st
Field Write,context=int[]:3,3=1
Field Read,context=Ring:2,ed
Variable Write,context=Ring:2#sort:2,tmp=5
Field Read,context=Ring:2,ed
Field Read,context=Ring:2,ed
Field Write,context=int[]:4,4=2
Field Read,context=Ring:2,ed
Field Write,context=int[]:4,3=5
Variable Write,context=Ring:2#sort:2,j=3
Variable Delete,method=Ring:2#sort:2 <name=tmp,type=int (id=7),value=<?>,index=2>
Field Read,context=Ring:2,st
Field Read,context=Ring:2,st
Field Read,context=Ring:2,st
Variable Write,context=Ring:2#sort:2,tmp=1
Field Read,context=Ring:2,st
Field Read,context=Ring:2,st
Field Write,context=int[]:3,3=2
Field Read,context=Ring:2,st
Field Write,context=int[]:3,2=1
Field Read,context=Ring:2,ed
Variable Write,context=Ring:2#sort:2,tmp=5
Field Read,context=Ring:2,ed
Field Read,context=Ring:2,ed
Field Write,context=int[]:4,3=3
Field Read,context=Ring:2,ed
Field Write,context=int[]:4,2=5
Variable Write,context=Ring:2#sort:2,j=2
Variable Delete,method=Ring:2#sort:2 <name=tmp,type=int (id=7),value=<?>,index=2>
Field Read,context=Ring:2,st
Field Read,context=Ring:2,st
Field Read,context=Ring:2,st
Variable Write,context=Ring:2#sort:2,tmp=1
Field Read,context=Ring:2,st
Field Read,context=Ring:2,st
Field Write,context=int[]:3,2=2
Field Read,context=Ring:2,st
Field Write,context=int[]:3,1=1
Field Read,context=Ring:2,ed
Variable Write,context=Ring:2#sort:2,tmp=5
Field Read,context=Ring:2,ed
Field Read,context=Ring:2,ed
Field Write,context=int[]:4,2=1
Field Read,context=Ring:2,ed
Field Write,context=int[]:4,1=5
Variable Write,context=Ring:2#sort:2,j=1
Variable Delete,method=Ring:2#sort:2 <name=tmp,type=int (id=7),value=<?>,index=2>
Field Read,context=Ring:2,st
Field Read,context=Ring:2,st
Field Read,context=Ring:2,st
Field Read,context=Ring:2,st
Field Read,context=Ring:2,ed
Field Read,context=Ring:2,ed
Field Read,context=Ring:2,st
Variable Write,context=Ring:2#sort:2,i=1
Variable Delete,method=Ring:2#sort:2 <name=j,type=int (id=7),value=<?>,index=1>
Field Read,context=Ring:2,st
Variable Write,context=Ring:2#sort:2,j=11
Field Read,context=Ring:2,st
Field Read,context=Ring:2,st
Field Read,context=Ring:2,st
Field Read,context=Ring:2,st
Variable Write,context=Ring:2#sort:2,j=10
Field Read,context=Ring:2,st
Field Read,context=Ring:2,st
Field Read,context=Ring:2,st
Field Read,context=Ring:2,st
Variable Write,context=Ring:2#sort:2,j=9
Field Read,context=Ring:2,st
Field Read,context=Ring:2,st
Field Read,context=Ring:2,st
Variable Write,context=Ring:2#sort:2,tmp=2
Field Read,context=Ring:2,st
Field Read,context=Ring:2,st
Field Write,context=int[]:3,9=5
Field Read,context=Ring:2,st
Field Write,context=int[]:3,8=2
Field Read,context=Ring:2,ed
Variable Write,context=Ring:2#sort:2,tmp=6
Field Read,context=Ring:2,ed
Field Read,context=Ring:2,ed
Field Write,context=int[]:4,9=4
Field Read,context=Ring:2,ed
Field Write,context=int[]:4,8=6
Variable Write,context=Ring:2#sort:2,j=8
Variable Delete,method=Ring:2#sort:2 <name=tmp,type=int (id=7),value=<?>,index=2>
Field Read,context=Ring:2,st
Field Read,context=Ring:2,st
Field Read,context=Ring:2,st
Variable Write,context=Ring:2#sort:2,tmp=2
Field Read,context=Ring:2,st
Field Read,context=Ring:2,st
Field Write,context=int[]:3,8=4
Field Read,context=Ring:2,st
Field Write,context=int[]:3,7=2
Field Read,context=Ring:2,ed
Variable Write,context=Ring:2#sort:2,tmp=6
Field Read,context=Ring:2,ed
Field Read,context=Ring:2,ed
Field Write,context=int[]:4,8=5
Field Read,context=Ring:2,ed
Field Write,context=int[]:4,7=6
Variable Write,context=Ring:2#sort:2,j=7
Variable Delete,method=Ring:2#sort:2 <name=tmp,type=int (id=7),value=<?>,index=2>
Field Read,context=Ring:2,st
Field Read,context=Ring:2,st
Field Read,context=Ring:2,st
Variable Write,context=Ring:2#sort:2,tmp=2
Field Read,context=Ring:2,st
Field Read,context=Ring:2,st
Field Write,context=int[]:3,7=4
Field Read,context=Ring:2,st
Field Write,context=int[]:3,6=2
Field Read,context=Ring:2,ed
Variable Write,context=Ring:2#sort:2,tmp=6
Field Read,context=Ring:2,ed
Field Read,context=Ring:2,ed
Field Write,context=int[]:4,7=3
Field Read,context=Ring:2,ed
Field Write,context=int[]:4,6=6
Variable Write,context=Ring:2#sort:2,j=6
Variable Delete,method=Ring:2#sort:2 <name=tmp,type=int (id=7),value=<?>,index=2>
Field Read,context=Ring:2,st
Field Read,context=Ring:2,st
Field Read,context=Ring:2,st
Variable Write,context=Ring:2#sort:2,tmp=2
Field Read,context=Ring:2,st
Field Read,context=Ring:2,st
Field Write,context=int[]:3,6=3
Field Read,context=Ring:2,st
Field Write,context=int[]:3,5=2
Field Read,context=Ring:2,ed
Variable Write,context=Ring:2#sort:2,tmp=6
Field Read,context=Ring:2,ed
Field Read,context=Ring:2,ed
Field Write,context=int[]:4,6=4
Field Read,context=Ring:2,ed
Field Write,context=int[]:4,5=6
Variable Write,context=Ring:2#sort:2,j=5
Variable Delete,method=Ring:2#sort:2 <name=tmp,type=int (id=7),value=<?>,index=2>
Field Read,context=Ring:2,st
Field Read,context=Ring:2,st
Field Read,context=Ring:2,st
Variable Write,context=Ring:2#sort:2,tmp=2
Field Read,context=Ring:2,st
Field Read,context=Ring:2,st
Field Write,context=int[]:3,5=3
Field Read,context=Ring:2,st
Field Write,context=int[]:3,4=2
Field Read,context=Ring:2,ed
Variable Write,context=Ring:2#sort:2,tmp=6
Field Read,context=Ring:2,ed
Field Read,context=Ring:2,ed
Field Write,context=int[]:4,5=2
Field Read,context=Ring:2,ed
Field Write,context=int[]:4,4=6
Variable Write,context=Ring:2#sort:2,j=4
Variable Delete,method=Ring:2#sort:2 <name=tmp,type=int (id=7),value=<?>,index=2>
Field Read,context=Ring:2,st
Field Read,context=Ring:2,st
Field Read,context=Ring:2,st
Field Read,context=Ring:2,st
Field Read,context=Ring:2,ed
Field Read,context=Ring:2,ed
Variable Write,context=Ring:2#sort:2,j=3
Field Read,context=Ring:2,st
Field Read,context=Ring:2,st
Field Read,context=Ring:2,st
Field Read,context=Ring:2,st
Field Read,context=Ring:2,ed
Field Read,context=Ring:2,ed
Variable Write,context=Ring:2#sort:2,j=2
Field Read,context=Ring:2,st
Field Read,context=Ring:2,st
Field Read,context=Ring:2,st
Field Read,context=Ring:2,st
Field Read,context=Ring:2,st
Variable Write,context=Ring:2#sort:2,i=2
Variable Delete,method=Ring:2#sort:2 <name=j,type=int (id=7),value=<?>,index=1>
Field Read,context=Ring:2,st
Variable Write,context=Ring:2#sort:2,j=11
Field Read,context=Ring:2,st
Field Read,context=Ring:2,st
Field Read,context=Ring:2,st
Field Read,context=Ring:2,st
Variable Write,context=Ring:2#sort:2,j=10
Field Read,context=Ring:2,st
Field Read,context=Ring:2,st
Field Read,context=Ring:2,st
Field Read,context=Ring:2,st
Field Read,context=Ring:2,ed
Field Read,context=Ring:2,ed
Field Read,context=Ring:2,st
Variable Write,context=Ring:2#sort:2,tmp=5
Field Read,context=Ring:2,st
Field Read,context=Ring:2,st
Field Read,context=Ring:2,st
Field Read,context=Ring:2,ed
Variable Write,context=Ring:2#sort:2,tmp=1
Field Read,context=Ring:2,ed
Field Read,context=Ring:2,ed
Field Write,context=int[]:4,10=4
Field Read,context=Ring:2,ed
Field Write,context=int[]:4,9=1
Variable Write,context=Ring:2#sort:2,j=9
Variable Delete,method=Ring:2#sort:2 <name=tmp,type=int (id=7),value=<?>,index=2>
Field Read,context=Ring:2,st
Field Read,context=Ring:2,st
Field Read,context=Ring:2,st
Field Read,context=Ring:2,st
Variable Write,context=Ring:2#sort:2,j=8
Field Read,context=Ring:2,st
Field Read,context=Ring:2,st
Field Read,context=Ring:2,st
Field Read,context=Ring:2,st
Field Read,context=Ring:2,ed
Field Read,context=Ring:2,ed
Variable Write,context=Ring:2#sort:2,j=7
Field Read,context=Ring:2,st
Field Read,context=Ring:2,st
Field Read,context=Ring:2,st
Field Read,context=Ring:2,st
Variable Write,context=Ring:2#sort:2,j=6
Field Read,context=Ring:2,st
Field Read,context=Ring:2,st
Field Read,context=Ring:2,st
Field Read,context=Ring:2,st
Field Read,context=Ring:2,ed
Field Read,context=Ring:2,ed
Variable Write,context=Ring:2#sort:2,j=5
Field Read,context=Ring:2,st
Field Read,context=Ring:2,st
Field Read,context=Ring:2,st
Field Read,context=Ring:2,st
Variable Write,context=Ring:2#sort:2,j=4
Field Read,context=Ring:2,st
Field Read,context=Ring:2,st
Field Read,context=Ring:2,st
Field Read,context=Ring:2,st
Field Read,context=Ring:2,ed
Field Read,context=Ring:2,ed
Variable Write,context=Ring:2#sort:2,j=3
Field Read,context=Ring:2,st
Field Read,context=Ring:2,st
Field Read,context=Ring:2,st
Field Read,context=Ring:2,st
Field Read,context=Ring:2,ed
Field Read,context=Ring:2,ed
Field Read,context=Ring:2,st
Variable Write,context=Ring:2#sort:2,i=3
Variable Delete,method=Ring:2#sort:2 <name=j,type=int (id=7),value=<?>,index=1>
Field Read,context=Ring:2,st
Variable Write,context=Ring:2#sort:2,j=11
Field Read,context=Ring:2,st
Field Read,context=Ring:2,st
Field Read,context=Ring:2,st
Field Read,context=Ring:2,st
Variable Write,context=Ring:2#sort:2,j=10
Field Read,context=Ring:2,st
Field Read,context=Ring:2,st
Field Read,context=Ring:2,st
Field Read,context=Ring:2,st
Field Read,context=Ring:2,ed
Field Read,context=Ring:2,ed
Variable Write,context=Ring:2#sort:2,j=9
Field Read,context=Ring:2,st
Field Read,context=Ring:2,st
Field Read,context=Ring:2,st
Field Read,context=Ring:2,st
Variable Write,context=Ring:2#sort:2,j=8
Field Read,context=Ring:2,st
Field Read,context=Ring:2,st
Field Read,context=Ring:2,st
Field Read,context=Ring:2,st
Field Read,context=Ring:2,ed
Field Read,context=Ring:2,ed
Variable Write,context=Ring:2#sort:2,j=7
Field Read,context=Ring:2,st
Field Read,context=Ring:2,st
Field Read,context=Ring:2,st
Field Read,context=Ring:2,st
Variable Write,context=Ring:2#sort:2,j=6
Field Read,context=Ring:2,st
Field Read,context=Ring:2,st
Field Read,context=Ring:2,st
Field Read,context=Ring:2,st
Field Read,context=Ring:2,ed
Field Read,context=Ring:2,ed
Variable Write,context=Ring:2#sort:2,j=5
Field Read,context=Ring:2,st
Field Read,context=Ring:2,st
Field Read,context=Ring:2,st
Field Read,context=Ring:2,st
Variable Write,context=Ring:2#sort:2,j=4
Field Read,context=Ring:2,st
Field Read,context=Ring:2,st
Field Read,context=Ring:2,st
Field Read,context=Ring:2,st
Field Read,context=Ring:2,ed
Field Read,context=Ring:2,ed
Field Read,context=Ring:2,st
Variable Write,context=Ring:2#sort:2,i=4
Variable Delete,method=Ring:2#sort:2 <name=j,type=int (id=7),value=<?>,index=1>
Field Read,context=Ring:2,st
Variable Write,context=Ring:2#sort:2,j=11
Field Read,context=Ring:2,st
Field Read,context=Ring:2,st
Field Read,context=Ring:2,st
Field Read,context=Ring:2,st
Variable Write,context=Ring:2#sort:2,j=10
Field Read,context=Ring:2,st
Field Read,context=Ring:2,st
Field Read,context=Ring:2,st
Field Read,context=Ring:2,st
Field Read,context=Ring:2,ed
Field Read,context=Ring:2,ed
Variable Write,context=Ring:2#sort:2,j=9
Field Read,context=Ring:2,st
Field Read,context=Ring:2,st
Field Read,context=Ring:2,st
Field Read,context=Ring:2,st
Variable Write,context=Ring:2#sort:2,j=8
Field Read,context=Ring:2,st
Field Read,context=Ring:2,st
Field Read,context=Ring:2,st
Field Read,context=Ring:2,st
Field Read,context=Ring:2,ed
Field Read,context=Ring:2,ed
Variable Write,context=Ring:2#sort:2,j=7
Field Read,context=Ring:2,st
Field Read,context=Ring:2,st
Field Read,context=Ring:2,st
Field Read,context=Ring:2,st
Variable Write,context=Ring:2#sort:2,j=6
Field Read,context=Ring:2,st
Field Read,context=Ring:2,st
Field Read,context=Ring:2,st
Field Read,context=Ring:2,st
Field Read,context=Ring:2,ed
Field Read,context=Ring:2,ed
Variable Write,context=Ring:2#sort:2,j=5
Field Read,context=Ring:2,st
Field Read,context=Ring:2,st
Field Read,context=Ring:2,st
Field Read,context=Ring:2,st
Field Read,context=Ring:2,st
Variable Write,context=Ring:2#sort:2,i=5
Variable Delete,method=Ring:2#sort:2 <name=j,type=int (id=7),value=<?>,index=1>
Field Read,context=Ring:2,st
Variable Write,context=Ring:2#sort:2,j=11
Field Read,context=Ring:2,st
Field Read,context=Ring:2,st
Field Read,context=Ring:2,st
Field Read,context=Ring:2,st
Variable Write,context=Ring:2#sort:2,j=10
Field Read,context=Ring:2,st
Field Read,context=Ring:2,st
Field Read,context=Ring:2,st
Field Read,context=Ring:2,st
Field Read,context=Ring:2,ed
Field Read,context=Ring:2,ed
Variable Write,context=Ring:2#sort:2,j=9
Field Read,context=Ring:2,st
Field Read,context=Ring:2,st
Field Read,context=Ring:2,st
Field Read,context=Ring:2,st
Variable Write,context=Ring:2#sort:2,j=8
Field Read,context=Ring:2,st
Field Read,context=Ring:2,st
Field Read,context=Ring:2,st
Field Read,context=Ring:2,st
Field Read,context=Ring:2,ed
Field Read,context=Ring:2,ed
Variable Write,context=Ring:2#sort:2,j=7
Field Read,context=Ring:2,st
Field Read,context=Ring:2,st
Field Read,context=Ring:2,st
Field Read,context=Ring:2,st
Variable Write,context=Ring:2#sort:2,j=6
Field Read,context=Ring:2,st
Field Read,context=Ring:2,st
Field Read,context=Ring:2,st
Field Read,context=Ring:2,st
Field Read,context=Ring:2,ed
Field Read,context=Ring:2,ed
Field Read,context=Ring:2,st
Variable Write,context=Ring:2#sort:2,i=6
Variable Delete,method=Ring:2#sort:2 <name=j,type=int (id=7),value=<?>,index=1>
Field Read,context=Ring:2,st
Variable Write,context=Ring:2#sort:2,j=11
Field Read,context=Ring:2,st
Field Read,context=Ring:2,st
Field Read,context=Ring:2,st
Field Read,context=Ring:2,st
Variable Write,context=Ring:2#sort:2,j=10
Field Read,context=Ring:2,st
Field Read,context=Ring:2,st
Field Read,context=Ring:2,st
Field Read,context=Ring:2,st
Field Read,context=Ring:2,ed
Field Read,context=Ring:2,ed
Variable Write,context=Ring:2#sort:2,j=9
Field Read,context=Ring:2,st
Field Read,context=Ring:2,st
Field Read,context=Ring:2,st
Field Read,context=Ring:2,st
Variable Write,context=Ring:2#sort:2,j=8
Field Read,context=Ring:2,st
Field Read,context=Ring:2,st
Field Read,context=Ring:2,st
Field Read,context=Ring:2,st
Field Read,context=Ring:2,ed
Field Read,context=Ring:2,ed
Variable Write,context=Ring:2#sort:2,j=7
Field Read,context=Ring:2,st
Field Read,context=Ring:2,st
Field Read,context=Ring:2,st
Field Read,context=Ring:2,st
Field Read,context=Ring:2,st
Variable Write,context=Ring:2#sort:2,i=7
Variable Delete,method=Ring:2#sort:2 <name=j,type=int (id=7),value=<?>,index=1>
Field Read,context=Ring:2,st
Variable Write,context=Ring:2#sort:2,j=11
Field Read,context=Ring:2,st
Field Read,context=Ring:2,st
Field Read,context=Ring:2,st
Field Read,context=Ring:2,st
Variable Write,context=Ring:2#sort:2,j=10
Field Read,context=Ring:2,st
Field Read,context=Ring:2,st
Field Read,context=Ring:2,st
Field Read,context=Ring:2,st
Field Read,context=Ring:2,ed
Field Read,context=Ring:2,ed
Variable Write,context=Ring:2#sort:2,j=9
Field Read,context=Ring:2,st
Field Read,context=Ring:2,st
Field Read,context=Ring:2,st
Field Read,context=Ring:2,st
Variable Write,context=Ring:2#sort:2,j=8
Field Read,context=Ring:2,st
Field Read,context=Ring:2,st
Field Read,context=Ring:2,st
Field Read,context=Ring:2,st
Field Read,context=Ring:2,ed
Field Read,context=Ring:2,ed
Field Read,context=Ring:2,st
Variable Write,context=Ring:2#sort:2,i=8
Variable Delete,method=Ring:2#sort:2 <name=j,type=int (id=7),value=<?>,index=1>
Field Read,context=Ring:2,st
Variable Write,context=Ring:2#sort:2,j=11
Field Read,context=Ring:2,st
Field Read,context=Ring:2,st
Field Read,context=Ring:2,st
Field Read,context=Ring:2,st
Variable Write,context=Ring:2#sort:2,j=10
Field Read,context=Ring:2,st
Field Read,context=Ring:2,st
Field Read,context=Ring:2,st
Field Read,context=Ring:2,st
Field Read,context=Ring:2,ed
Field Read,context=Ring:2,ed
Variable Write,context=Ring:2#sort:2,j=9
Field Read,context=Ring:2,st
Field Read,context=Ring:2,st
Field Read,context=Ring:2,st
Field Read,context=Ring:2,st
Field Read,context=Ring:2,st
Variable Write,context=Ring:2#sort:2,i=9
Variable Delete,method=Ring:2#sort:2 <name=j,type=int (id=7),value=<?>,index=1>
Field Read,context=Ring:2,st
Variable Write,context=Ring:2#sort:2,j=11
Field Read,context=Ring:2,st
Field Read,context=Ring:2,st
Field Read,context=Ring:2,st
Field Read,context=Ring:2,st
Variable Write,context=Ring:2#sort:2,j=10
Field Read,context=Ring:2,st
Field Read,context=Ring:2,st
Field Read,context=Ring:2,st
Field Read,context=Ring:2,st
Field Read,context=Ring:2,ed
Field Read,context=Ring:2,ed
Field Read,context=Ring:2,st
Variable Write,context=Ring:2#sort:2,i=10
Variable Delete,method=Ring:2#sort:2 <name=j,type=int (id=7),value=<?>,index=1>
Field Read,context=Ring:2,st
Variable Write,context=Ring:2#sort:2,j=11
Field Read,context=Ring:2,st
Field Read,context=Ring:2,st
Field Read,context=Ring:2,st
Field Read,context=Ring:2,st
Field Read,context=Ring:2,st
Variable Write,context=Ring:2#sort:2,i=11
Variable Delete,method=Ring:2#sort:2 <name=j,type=int (id=7),value=<?>,index=1>
Field Read,context=Ring:2,st
Field Read,context=Ring:2,st
Method Exit,returner=Ring:2#sort:2,value=<void>
Variable Delete,method=Main#main:1 <name=i,type=int (id=7),value=<?>,index=4>
Variable Write,context=Main#main:1,max=0
Method Call,caller=Main#main:1,target=Ring:2#elem:9
Field Read,context=Ring:2,elemP
Field Read,context=Ring:2,st
Field Read,context=Ring:2,st
Field Read,context=Ring:2,elemP
Field Read,context=Ring:2,elemV
Field Read,context=Ring:2,st
Field Read,context=Ring:2,elemP
Field Write,context=Ring:2,elemV=1
Field Read,context=Ring:2,elemV
Variable Write,context=Ring:2#elem:9,result=1
Method Exit,returner=Ring:2#elem:9,value=1
Variable Write,context=Main#main:1,x=1
Method Call,caller=Main#main:1,target=Ring:2#maxRing:72
Variable Write,context=Ring:2#maxRing:72,r=1
Field Read,context=Ring:2,used
Variable Write,context=Ring:2#maxRing:72,len=0
Method Call,caller=Ring:2#maxRing:72,target=Ring:2#startPos:72
Variable Write,context=Ring:2#startPos:72,r=1
Field Read,context=Ring:2,st
Variable Write,context=Ring:2#startPos:72,i=6
Field Read,context=Ring:2,st
Variable Write,context=Ring:2#startPos:72,m=3
Field Read,context=Ring:2,st
Variable Write,context=Ring:2#startPos:72,i=3
Variable Delete,method=Ring:2#startPos:72 <name=m,type=int (id=7),value=<?>,index=2>
Variable Write,context=Ring:2#startPos:72,j=3
Field Read,context=Ring:2,st
Field Read,context=Ring:2,st
Field Read,context=Ring:2,st
Variable Write,context=Ring:2#startPos:72,j=0
Variable Write,context=Ring:2#startPos:72,result=0
Method Exit,returner=Ring:2#startPos:72,value=0
Field Read,context=Ring:2,st
Variable Write,context=Ring:2#maxRing:72,i=0
Field Read,context=Ring:2,st
Field Read,context=Ring:2,st
Field Read,context=Ring:2,used
Field Read,context=Ring:2,ed
Field Read,context=Ring:2,ed
Method Call,caller=Ring:2#maxRing:72,target=Ring:2#maxRing:73
Variable Write,context=Ring:2#maxRing:73,r=2
Field Read,context=Ring:2,used
Variable Write,context=Ring:2#maxRing:73,len=0
Method Call,caller=Ring:2#maxRing:73,target=Ring:2#startPos:73
Variable Write,context=Ring:2#startPos:73,r=2
Field Read,context=Ring:2,st
Variable Write,context=Ring:2#startPos:73,i=6
Field Read,context=Ring:2,st
Variable Write,context=Ring:2#startPos:73,m=3
Field Read,context=Ring:2,st
Variable Write,context=Ring:2#startPos:73,i=3
Variable Delete,method=Ring:2#startPos:73 <name=m,type=int (id=7),value=<?>,index=2>
Variable Write,context=Ring:2#startPos:73,j=3
Field Read,context=Ring:2,st
Field Read,context=Ring:2,st
Field Read,context=Ring:2,st
Variable Write,context=Ring:2#startPos:73,j=1
Variable Write,context=Ring:2#startPos:73,result=1
Method Exit,returner=Ring:2#startPos:73,value=1
Field Read,context=Ring:2,st
Variable Write,context=Ring:2#maxRing:73,i=1
Field Read,context=Ring:2,st
Field Read,context=Ring:2,st
Field Read,context=Ring:2,st
Variable Write,context=Ring:2#maxRing:73,i=2
Field Read,context=Ring:2,st
Field Read,context=Ring:2,st
Field Read,context=Ring:2,used
Field Read,context=Ring:2,ed
Field Read,context=Ring:2,st
Variable Write,context=Ring:2#maxRing:73,i=3
Field Read,context=Ring:2,st
Field Read,context=Ring:2,st
Field Read,context=Ring:2,used
Field Read,context=Ring:2,ed
Field Read,context=Ring:2,ed
Method Call,caller=Ring:2#maxRing:73,target=Ring:2#maxRing:74
Variable Write,context=Ring:2#maxRing:74,r=3
Field Read,context=Ring:2,used
Variable Write,context=Ring:2#maxRing:74,len=0
Method Call,caller=Ring:2#maxRing:74,target=Ring:2#startPos:74
Variable Write,context=Ring:2#startPos:74,r=3
Field Read,context=Ring:2,st
Variable Write,context=Ring:2#startPos:74,i=6
Field Read,context=Ring:2,st
Variable Write,context=Ring:2#startPos:74,j=6
Field Read,context=Ring:2,st
Field Read,context=Ring:2,st
Field Read,context=Ring:2,st
Variable Write,context=Ring:2#startPos:74,j=4
Variable Write,context=Ring:2#startPos:74,result=4
Method Exit,returner=Ring:2#startPos:74,value=4
Field Read,context=Ring:2,st
Variable Write,context=Ring:2#maxRing:74,i=4
Field Read,context=Ring:2,st
Field Read,context=Ring:2,st
Field Read,context=Ring:2,st
Variable Write,context=Ring:2#maxRing:74,i=5
Field Read,context=Ring:2,st
Field Read,context=Ring:2,st
Field Read,context=Ring:2,used
Field Read,context=Ring:2,ed
Field Read,context=Ring:2,st
Variable Write,context=Ring:2#maxRing:74,i=6
Field Read,context=Ring:2,st
Field Read,context=Ring:2,st
Field Read,context=Ring:2,used
Field Read,context=Ring:2,ed
Field Read,context=Ring:2,ed
Method Call,caller=Ring:2#maxRing:74,target=Ring:2#maxRing:75
Variable Write,context=Ring:2#maxRing:75,r=4
Field Read,context=Ring:2,used
Variable Write,context=Ring:2#maxRing:75,len=0
Method Call,caller=Ring:2#maxRing:75,target=Ring:2#startPos:75
Variable Write,context=Ring:2#startPos:75,r=4
Field Read,context=Ring:2,st
Variable Write,context=Ring:2#startPos:75,i=6
Field Read,context=Ring:2,st
Variable Write,context=Ring:2#startPos:75,m=3
Field Read,context=Ring:2,st
Variable Write,context=Ring:2#startPos:75,i=9
Variable Delete,method=Ring:2#startPos:75 <name=m,type=int (id=7),value=<?>,index=2>
Variable Write,context=Ring:2#startPos:75,j=9
Field Read,context=Ring:2,st
Field Read,context=Ring:2,st
Field Read,context=Ring:2,st
Field Read,context=Ring:2,st
Variable Write,context=Ring:2#startPos:75,j=6
Variable Write,context=Ring:2#startPos:75,result=6
Method Exit,returner=Ring:2#startPos:75,value=6
Field Read,context=Ring:2,st
Variable Write,context=Ring:2#maxRing:75,i=6
Field Read,context=Ring:2,st
Field Read,context=Ring:2,st
Field Read,context=Ring:2,st
Variable Write,context=Ring:2#maxRing:75,i=7
Field Read,context=Ring:2,st
Field Read,context=Ring:2,st
Field Read,context=Ring:2,used
Field Read,context=Ring:2,ed
Field Read,context=Ring:2,st
Variable Write,context=Ring:2#maxRing:75,i=8
Field Read,context=Ring:2,st
Field Read,context=Ring:2,st
Field Read,context=Ring:2,used
Field Read,context=Ring:2,ed
Field Read,context=Ring:2,ed
Method Call,caller=Ring:2#maxRing:75,target=Ring:2#maxRing:76
Variable Write,context=Ring:2#maxRing:76,r=5
Field Read,context=Ring:2,used
Variable Write,context=Ring:2#maxRing:76,len=0
Method Call,caller=Ring:2#maxRing:76,target=Ring:2#startPos:76
Variable Write,context=Ring:2#startPos:76,r=5
Field Read,context=Ring:2,st
Variable Write,context=Ring:2#startPos:76,i=6
Field Read,context=Ring:2,st
Variable Write,context=Ring:2#startPos:76,m=3
Field Read,context=Ring:2,st
Variable Write,context=Ring:2#startPos:76,i=9
Variable Delete,method=Ring:2#startPos:76 <name=m,type=int (id=7),value=<?>,index=2>
Variable Write,context=Ring:2#startPos:76,j=9
Field Read,context=Ring:2,st
Field Read,context=Ring:2,st
Variable Write,context=Ring:2#startPos:76,j=8
Variable Write,context=Ring:2#startPos:76,result=8
Method Exit,returner=Ring:2#startPos:76,value=8
Field Read,context=Ring:2,st
Variable Write,context=Ring:2#maxRing:76,i=8
Field Read,context=Ring:2,st
Field Read,context=Ring:2,st
Field Read,context=Ring:2,st
Variable Write,context=Ring:2#maxRing:76,i=9
Field Read,context=Ring:2,st
Field Read,context=Ring:2,st
Field Read,context=Ring:2,used
Field Read,context=Ring:2,ed
Field Read,context=Ring:2,st
Variable Write,context=Ring:2#maxRing:76,i=10
Field Read,context=Ring:2,st
Field Read,context=Ring:2,st
Field Read,context=Ring:2,used
Field Read,context=Ring:2,ed
Field Read,context=Ring:2,st
Variable Write,context=Ring:2#maxRing:76,i=11
Field Read,context=Ring:2,st
Field Read,context=Ring:2,used
Variable Delete,method=Ring:2#maxRing:76 <name=i,type=int (id=7),value=<?>,index=2>
Variable Write,context=Ring:2#maxRing:76,result=1
Method Exit,returner=Ring:2#maxRing:76,value=1
Variable Write,context=Ring:2#maxRing:75,le=1
Variable Write,context=Ring:2#maxRing:75,len=1
Field Read,context=Ring:2,st
Variable Write,context=Ring:2#maxRing:75,i=9
Variable Delete,method=Ring:2#maxRing:75 <name=le,type=int (id=7),value=<?>,index=3>
Field Read,context=Ring:2,st
Field Read,context=Ring:2,used
Variable Delete,method=Ring:2#maxRing:75 <name=i,type=int (id=7),value=<?>,index=2>
Variable Write,context=Ring:2#maxRing:75,result=2
Method Exit,returner=Ring:2#maxRing:75,value=2
Variable Write,context=Ring:2#maxRing:74,le=2
Variable Write,context=Ring:2#maxRing:74,len=2
Field Read,context=Ring:2,st
Variable Write,context=Ring:2#maxRing:74,i=7
Variable Delete,method=Ring:2#maxRing:74 <name=le,type=int (id=7),value=<?>,index=3>
Field Read,context=Ring:2,st
Field Read,context=Ring:2,used
Variable Delete,method=Ring:2#maxRing:74 <name=i,type=int (id=7),value=<?>,index=2>
Variable Write,context=Ring:2#maxRing:74,result=3
Method Exit,returner=Ring:2#maxRing:74,value=3
Variable Write,context=Ring:2#maxRing:73,le=3
Variable Write,context=Ring:2#maxRing:73,len=3
Field Read,context=Ring:2,st
Variable Write,context=Ring:2#maxRing:73,i=4
Variable Delete,method=Ring:2#maxRing:73 <name=le,type=int (id=7),value=<?>,index=3>
Field Read,context=Ring:2,st
Field Read,context=Ring:2,st
Field Read,context=Ring:2,used
Field Read,context=Ring:2,ed
Field Read,context=Ring:2,ed
Method Call,caller=Ring:2#maxRing:73,target=Ring:2#maxRing:77
Variable Write,context=Ring:2#maxRing:77,r=6
Field Read,context=Ring:2,used
Variable Write,context=Ring:2#maxRing:77,len=0
Method Call,caller=Ring:2#maxRing:77,target=Ring:2#startPos:77
Variable Write,context=Ring:2#startPos:77,r=6
Field Read,context=Ring:2,st
Variable Write,context=Ring:2#startPos:77,i=6
Field Read,context=Ring:2,st
Variable Write,context=Ring:2#startPos:77,m=3
Field Read,context=Ring:2,st
Variable Write,context=Ring:2#startPos:77,i=9
Variable Delete,method=Ring:2#startPos:77 <name=m,type=int (id=7),value=<?>,index=2>
Variable Write,context=Ring:2#startPos:77,j=9
Field Read,context=Ring:2,st
Variable Write,context=Ring:2#startPos:77,result=9
Method Exit,returner=Ring:2#startPos:77,value=9
Field Read,context=Ring:2,st
Variable Write,context=Ring:2#maxRing:77,i=9
Field Read,context=Ring:2,st
Field Read,context=Ring:2,st
Field Read,context=Ring:2,st
Variable Write,context=Ring:2#maxRing:77,i=10
Field Read,context=Ring:2,st
Field Read,context=Ring:2,st
Field Read,context=Ring:2,st
Variable Write,context=Ring:2#maxRing:77,i=11
Field Read,context=Ring:2,st
Field Read,context=Ring:2,st
Field Read,context=Ring:2,used
Field Read,context=Ring:2,ed
Field Read,context=Ring:2,st
Field Read,context=Ring:2,used
Variable Delete,method=Ring:2#maxRing:77 <name=i,type=int (id=7),value=<?>,index=2>
Variable Write,context=Ring:2#maxRing:77,result=1
Method Exit,returner=Ring:2#maxRing:77,value=1
Variable Write,context=Ring:2#maxRing:73,le=1
Field Read,context=Ring:2,st
Variable Write,context=Ring:2#maxRing:73,i=5
Variable Delete,method=Ring:2#maxRing:73 <name=le,type=int (id=7),value=<?>,index=3>
Field Read,context=Ring:2,st
Field Read,context=Ring:2,used
Variable Delete,method=Ring:2#maxRing:73 <name=i,type=int (id=7),value=<?>,index=2>
Variable Write,context=Ring:2#maxRing:73,result=4
Method Exit,returner=Ring:2#maxRing:73,value=4
Variable Write,context=Ring:2#maxRing:72,le=4
Variable Write,context=Ring:2#maxRing:72,len=4
Field Read,context=Ring:2,st
Variable Write,context=Ring:2#maxRing:72,i=1
Variable Delete,method=Ring:2#maxRing:72 <name=le,type=int (id=7),value=<?>,index=3>
Field Read,context=Ring:2,st
Field Read,context=Ring:2,st
Field Read,context=Ring:2,used
Field Read,context=Ring:2,ed
Field Read,context=Ring:2,ed
Method Call,caller=Ring:2#maxRing:72,target=Ring:2#maxRing:78
Variable Write,context=Ring:2#maxRing:78,r=5
Field Read,context=Ring:2,used
Variable Write,context=Ring:2#maxRing:78,len=0
Method Call,caller=Ring:2#maxRing:78,target=Ring:2#startPos:78
Variable Write,context=Ring:2#startPos:78,r=5
Field Read,context=Ring:2,st
Variable Write,context=Ring:2#startPos:78,i=6
Field Read,context=Ring:2,st
Variable Write,context=Ring:2#startPos:78,m=3
Field Read,context=Ring:2,st
Variable Write,context=Ring:2#startPos:78,i=9
Variable Delete,method=Ring:2#startPos:78 <name=m,type=int (id=7),value=<?>,index=2>
Variable Write,context=Ring:2#startPos:78,j=9
Field Read,context=Ring:2,st
Field Read,context=Ring:2,st
Variable Write,context=Ring:2#startPos:78,j=8
Variable Write,context=Ring:2#startPos:78,result=8
Method Exit,returner=Ring:2#startPos:78,value=8
Field Read,context=Ring:2,st
Variable Write,context=Ring:2#maxRing:78,i=8
Field Read,context=Ring:2,st
Field Read,context=Ring:2,st
Field Read,context=Ring:2,st
Variable Write,context=Ring:2#maxRing:78,i=9
Field Read,context=Ring:2,st
Field Read,context=Ring:2,st
Field Read,context=Ring:2,used
Field Read,context=Ring:2,ed
Field Read,context=Ring:2,st
Variable Write,context=Ring:2#maxRing:78,i=10
Field Read,context=Ring:2,st
Field Read,context=Ring:2,st
Field Read,context=Ring:2,used
Field Read,context=Ring:2,ed
Field Read,context=Ring:2,ed
Method Call,caller=Ring:2#maxRing:78,target=Ring:2#maxRing:79
Variable Write,context=Ring:2#maxRing:79,r=4
Field Read,context=Ring:2,used
Variable Write,context=Ring:2#maxRing:79,len=0
Method Call,caller=Ring:2#maxRing:79,target=Ring:2#startPos:79
Variable Write,context=Ring:2#startPos:79,r=4
Field Read,context=Ring:2,st
Variable Write,context=Ring:2#startPos:79,i=6
Field Read,context=Ring:2,st
Variable Write,context=Ring:2#startPos:79,m=3
Field Read,context=Ring:2,st
Variable Write,context=Ring:2#startPos:79,i=9
Variable Delete,method=Ring:2#startPos:79 <name=m,type=int (id=7),value=<?>,index=2>
Variable Write,context=Ring:2#startPos:79,j=9
Field Read,context=Ring:2,st
Field Read,context=Ring:2,st
Field Read,context=Ring:2,st
Field Read,context=Ring:2,st
Variable Write,context=Ring:2#startPos:79,j=6
Variable Write,context=Ring:2#startPos:79,result=6
Method Exit,returner=Ring:2#startPos:79,value=6
Field Read,context=Ring:2,st
Variable Write,context=Ring:2#maxRing:79,i=6
Field Read,context=Ring:2,st
Field Read,context=Ring:2,st
Field Read,context=Ring:2,st
Variable Write,context=Ring:2#maxRing:79,i=7
Field Read,context=Ring:2,st
Field Read,context=Ring:2,st
Field Read,context=Ring:2,used
Field Read,context=Ring:2,ed
Field Read,context=Ring:2,ed
Method Call,caller=Ring:2#maxRing:79,target=Ring:2#maxRing:80
Variable Write,context=Ring:2#maxRing:80,r=3
Field Read,context=Ring:2,used
Variable Write,context=Ring:2#maxRing:80,len=0
Method Call,caller=Ring:2#maxRing:80,target=Ring:2#startPos:80
Variable Write,context=Ring:2#startPos:80,r=3
Field Read,context=Ring:2,st
Variable Write,context=Ring:2#startPos:80,i=6
Field Read,context=Ring:2,st
Variable Write,context=Ring:2#startPos:80,j=6
Field Read,context=Ring:2,st
Field Read,context=Ring:2,st
Field Read,context=Ring:2,st
Variable Write,context=Ring:2#startPos:80,j=4
Variable Write,context=Ring:2#startPos:80,result=4
Method Exit,returner=Ring:2#startPos:80,value=4
Field Read,context=Ring:2,st
Variable Write,context=Ring:2#maxRing:80,i=4
Field Read,context=Ring:2,st
Field Read,context=Ring:2,st
Field Read,context=Ring:2,st
Variable Write,context=Ring:2#maxRing:80,i=5
Field Read,context=Ring:2,st
Field Read,context=Ring:2,st
Field Read,context=Ring:2,used
Field Read,context=Ring:2,ed
Field Read,context=Ring:2,ed
Method Call,caller=Ring:2#maxRing:80,target=Ring:2#maxRing:81
Variable Write,context=Ring:2#maxRing:81,r=2
Field Read,context=Ring:2,used
Variable Write,context=Ring:2#maxRing:81,len=0
Method Call,caller=Ring:2#maxRing:81,target=Ring:2#startPos:81
Variable Write,context=Ring:2#startPos:81,r=2
Field Read,context=Ring:2,st
Variable Write,context=Ring:2#startPos:81,i=6
Field Read,context=Ring:2,st
Variable Write,context=Ring:2#startPos:81,m=3
Field Read,context=Ring:2,st
Variable Write,context=Ring:2#startPos:81,i=3
Variable Delete,method=Ring:2#startPos:81 <name=m,type=int (id=7),value=<?>,index=2>
Variable Write,context=Ring:2#startPos:81,j=3
Field Read,context=Ring:2,st
Field Read,context=Ring:2,st
Field Read,context=Ring:2,st
Variable Write,context=Ring:2#startPos:81,j=1
Variable Write,context=Ring:2#startPos:81,result=1
Method Exit,returner=Ring:2#startPos:81,value=1
Field Read,context=Ring:2,st
Variable Write,context=Ring:2#maxRing:81,i=1
Field Read,context=Ring:2,st
Field Read,context=Ring:2,st
Field Read,context=Ring:2,st
Variable Write,context=Ring:2#maxRing:81,i=2
Field Read,context=Ring:2,st
Field Read,context=Ring:2,st
Field Read,context=Ring:2,used
Field Read,context=Ring:2,ed
Field Read,context=Ring:2,st
Variable Write,context=Ring:2#maxRing:81,i=3
Field Read,context=Ring:2,st
Field Read,context=Ring:2,st
Field Read,context=Ring:2,used
Field Read,context=Ring:2,ed
Field Read,context=Ring:2,st
Variable Write,context=Ring:2#maxRing:81,i=4
Field Read,context=Ring:2,st
Field Read,context=Ring:2,st
Field Read,context=Ring:2,used
Field Read,context=Ring:2,ed
Field Read,context=Ring:2,ed
Method Call,caller=Ring:2#maxRing:81,target=Ring:2#maxRing:82
Variable Write,context=Ring:2#maxRing:82,r=6
Field Read,context=Ring:2,used
Variable Write,context=Ring:2#maxRing:82,len=0
Method Call,caller=Ring:2#maxRing:82,target=Ring:2#startPos:82
Variable Write,context=Ring:2#startPos:82,r=6
Field Read,context=Ring:2,st
Variable Write,context=Ring:2#startPos:82,i=6
Field Read,context=Ring:2,st
Variable Write,context=Ring:2#startPos:82,m=3
Field Read,context=Ring:2,st
Variable Write,context=Ring:2#startPos:82,i=9
Variable Delete,method=Ring:2#startPos:82 <name=m,type=int (id=7),value=<?>,index=2>
Variable Write,context=Ring:2#startPos:82,j=9
Field Read,context=Ring:2,st
Variable Write,context=Ring:2#startPos:82,result=9
Method Exit,returner=Ring:2#startPos:82,value=9
Field Read,context=Ring:2,st
Variable Write,context=Ring:2#maxRing:82,i=9
Field Read,context=Ring:2,st
Field Read,context=Ring:2,st
Field Read,context=Ring:2,st
Variable Write,context=Ring:2#maxRing:82,i=10
Field Read,context=Ring:2,st
Field Read,context=Ring:2,st
Field Read,context=Ring:2,st
Variable Write,context=Ring:2#maxRing:82,i=11
Field Read,context=Ring:2,st
Field Read,context=Ring:2,st
Field Read,context=Ring:2,used
Field Read,context=Ring:2,ed
Field Read,context=Ring:2,st
Field Read,context=Ring:2,used
Variable Delete,method=Ring:2#maxRing:82 <name=i,type=int (id=7),value=<?>,index=2>
Variable Write,context=Ring:2#maxRing:82,result=1
Method Exit,returner=Ring:2#maxRing:82,value=1
Variable Write,context=Ring:2#maxRing:81,le=1
Variable Write,context=Ring:2#maxRing:81,len=1
Field Read,context=Ring:2,st
Variable Write,context=Ring:2#maxRing:81,i=5
Variable Delete,method=Ring:2#maxRing:81 <name=le,type=int (id=7),value=<?>,index=3>
Field Read,context=Ring:2,st
Field Read,context=Ring:2,used
Variable Delete,method=Ring:2#maxRing:81 <name=i,type=int (id=7),value=<?>,index=2>
Variable Write,context=Ring:2#maxRing:81,result=2
Method Exit,returner=Ring:2#maxRing:81,value=2
Variable Write,context=Ring:2#maxRing:80,le=2
Variable Write,context=Ring:2#maxRing:80,len=2
Field Read,context=Ring:2,st
Variable Write,context=Ring:2#maxRing:80,i=6
Variable Delete,method=Ring:2#maxRing:80 <name=le,type=int (id=7),value=<?>,index=3>
Field Read,context=Ring:2,st
Field Read,context=Ring:2,st
Field Read,context=Ring:2,used
Field Read,context=Ring:2,ed
Field Read,context=Ring:2,st
Variable Write,context=Ring:2#maxRing:80,i=7
Field Read,context=Ring:2,st
Field Read,context=Ring:2,used
Variable Delete,method=Ring:2#maxRing:80 <name=i,type=int (id=7),value=<?>,index=2>
Variable Write,context=Ring:2#maxRing:80,result=3
Method Exit,returner=Ring:2#maxRing:80,value=3
Variable Write,context=Ring:2#maxRing:79,le=3
Variable Write,context=Ring:2#maxRing:79,len=3
Field Read,context=Ring:2,st
Variable Write,context=Ring:2#maxRing:79,i=8
Variable Delete,method=Ring:2#maxRing:79 <name=le,type=int (id=7),value=<?>,index=3>
Field Read,context=Ring:2,st
Field Read,context=Ring:2,st
Field Read,context=Ring:2,used
Field Read,context=Ring:2,ed
Field Read,context=Ring:2,st
Variable Write,context=Ring:2#maxRing:79,i=9
Field Read,context=Ring:2,st
Field Read,context=Ring:2,used
Variable Delete,method=Ring:2#maxRing:79 <name=i,type=int (id=7),value=<?>,index=2>
Variable Write,context=Ring:2#maxRing:79,result=4
Method Exit,returner=Ring:2#maxRing:79,value=4
Variable Write,context=Ring:2#maxRing:78,le=4
Variable Write,context=Ring:2#maxRing:78,len=4
Field Read,context=Ring:2,st
Variable Write,context=Ring:2#maxRing:78,i=11
Variable Delete,method=Ring:2#maxRing:78 <name=le,type=int (id=7),value=<?>,index=3>
Field Read,context=Ring:2,st
Field Read,context=Ring:2,used
Variable Delete,method=Ring:2#maxRing:78 <name=i,type=int (id=7),value=<?>,index=2>
Variable Write,context=Ring:2#maxRing:78,result=5
Method Exit,returner=Ring:2#maxRing:78,value=5
Variable Write,context=Ring:2#maxRing:72,le=5
Variable Write,context=Ring:2#maxRing:72,len=5
Field Read,context=Ring:2,st
Variable Write,context=Ring:2#maxRing:72,i=2
Variable Delete,method=Ring:2#maxRing:72 <name=le,type=int (id=7),value=<?>,index=3>
Field Read,context=Ring:2,st
Field Read,context=Ring:2,used
Variable Delete,method=Ring:2#maxRing:72 <name=i,type=int (id=7),value=<?>,index=2>
Variable Write,context=Ring:2#maxRing:72,result=6
Method Exit,returner=Ring:2#maxRing:72,value=6
Variable Write,context=Main#main:1,mm=6
Variable Write,context=Main#main:1,max=6
Method Call,caller=Main#main:1,target=Ring:2#elem:10
Field Read,context=Ring:2,elemP
Field Read,context=Ring:2,st
Field Read,context=Ring:2,st
Field Read,context=Ring:2,elemP
Field Read,context=Ring:2,elemV
Field Read,context=Ring:2,elemP
Field Write,context=Ring:2,elemP=1
Field Read,context=Ring:2,elemP
Field Read,context=Ring:2,st
Field Read,context=Ring:2,st
Field Read,context=Ring:2,elemP
Field Read,context=Ring:2,elemV
Field Read,context=Ring:2,elemP
Field Write,context=Ring:2,elemP=2
Field Read,context=Ring:2,elemP
Field Read,context=Ring:2,st
Field Read,context=Ring:2,st
Field Read,context=Ring:2,elemP
Field Read,context=Ring:2,elemV
Field Read,context=Ring:2,st
Field Read,context=Ring:2,elemP
Field Write,context=Ring:2,elemV=2
Field Read,context=Ring:2,elemV
Variable Write,context=Ring:2#elem:10,result=2
Method Exit,returner=Ring:2#elem:10,value=2
Variable Write,context=Main#main:1,x=2
Variable Delete,method=Main#main:1 <name=mm,type=int (id=7),value=<?>,index=9>
Method Call,caller=Main#main:1,target=Ring:2#maxRing:83
Variable Write,context=Ring:2#maxRing:83,r=2
Field Read,context=Ring:2,used
Variable Write,context=Ring:2#maxRing:83,len=0
Method Call,caller=Ring:2#maxRing:83,target=Ring:2#startPos:83
Variable Write,context=Ring:2#startPos:83,r=2
Field Read,context=Ring:2,st
Variable Write,context=Ring:2#startPos:83,i=6
Field Read,context=Ring:2,st
Variable Write,context=Ring:2#startPos:83,m=3
Field Read,context=Ring:2,st
Variable Write,context=Ring:2#startPos:83,i=3
Variable Delete,method=Ring:2#startPos:83 <name=m,type=int (id=7),value=<?>,index=2>
Variable Write,context=Ring:2#startPos:83,j=3
Field Read,context=Ring:2,st
Field Read,context=Ring:2,st
Field Read,context=Ring:2,st
Variable Write,context=Ring:2#startPos:83,j=1
Variable Write,context=Ring:2#startPos:83,result=1
Method Exit,returner=Ring:2#startPos:83,value=1
Field Read,context=Ring:2,st
Variable Write,context=Ring:2#maxRing:83,i=1
Field Read,context=Ring:2,st
Field Read,context=Ring:2,st
Field Read,context=Ring:2,st
Variable Write,context=Ring:2#maxRing:83,i=2
Field Read,context=Ring:2,st
Field Read,context=Ring:2,st
Field Read,context=Ring:2,used
Field Read,context=Ring:2,ed
Field Read,context=Ring:2,ed
Method Call,caller=Ring:2#maxRing:83,target=Ring:2#maxRing:84
Variable Write,context=Ring:2#maxRing:84,r=1
Field Read,context=Ring:2,used
Variable Write,context=Ring:2#maxRing:84,len=0
Method Call,caller=Ring:2#maxRing:84,target=Ring:2#startPos:84
Variable Write,context=Ring:2#startPos:84,r=1
Field Read,context=Ring:2,st
Variable Write,context=Ring:2#startPos:84,i=6
Field Read,context=Ring:2,st
Variable Write,context=Ring:2#startPos:84,m=3
Field Read,context=Ring:2,st
Variable Write,context=Ring:2#startPos:84,i=3
Variable Delete,method=Ring:2#startPos:84 <name=m,type=int (id=7),value=<?>,index=2>
Variable Write,context=Ring:2#startPos:84,j=3
Field Read,context=Ring:2,st
Field Read,context=Ring:2,st
Field Read,context=Ring:2,st
Variable Write,context=Ring:2#startPos:84,j=0
Variable Write,context=Ring:2#startPos:84,result=0
Method Exit,returner=Ring:2#startPos:84,value=0
Field Read,context=Ring:2,st
Variable Write,context=Ring:2#maxRing:84,i=0
Field Read,context=Ring:2,st
Field Read,context=Ring:2,st
Field Read,context=Ring:2,used
Field Read,context=Ring:2,ed
Field Read,context=Ring:2,st
Variable Write,context=Ring:2#maxRing:84,i=1
Field Read,context=Ring:2,st
Field Read,context=Ring:2,st
Field Read,context=Ring:2,used
Field Read,context=Ring:2,ed
Field Read,context=Ring:2,ed
Method Call,caller=Ring:2#maxRing:84,target=Ring:2#maxRing:85
Variable Write,context=Ring:2#maxRing:85,r=5
Field Read,context=Ring:2,used
Variable Write,context=Ring:2#maxRing:85,len=0
Method Call,caller=Ring:2#maxRing:85,target=Ring:2#startPos:85
Variable Write,context=Ring:2#startPos:85,r=5
Field Read,context=Ring:2,st
Variable Write,context=Ring:2#startPos:85,i=6
Field Read,context=Ring:2,st
Variable Write,context=Ring:2#startPos:85,m=3
Field Read,context=Ring:2,st
Variable Write,context=Ring:2#startPos:85,i=9
Variable Delete,method=Ring:2#startPos:85 <name=m,type=int (id=7),value=<?>,index=2>
Variable Write,context=Ring:2#startPos:85,j=9
Field Read,context=Ring:2,st
Field Read,context=Ring:2,st
Variable Write,context=Ring:2#startPos:85,j=8
Variable Write,context=Ring:2#startPos:85,result=8
Method Exit,returner=Ring:2#startPos:85,value=8
Field Read,context=Ring:2,st
Variable Write,context=Ring:2#maxRing:85,i=8
Field Read,context=Ring:2,st
Field Read,context=Ring:2,st
Field Read,context=Ring:2,st
Variable Write,context=Ring:2#maxRing:85,i=9
Field Read,context=Ring:2,st
Field Read,context=Ring:2,st
Field Read,context=Ring:2,used
Field Read,context=Ring:2,ed
Field Read,context=Ring:2,st
Variable Write,context=Ring:2#maxRing:85,i=10
Field Read,context=Ring:2,st
Field Read,context=Ring:2,st
Field Read,context=Ring:2,used
Field Read,context=Ring:2,ed
Field Read,context=Ring:2,ed
Method Call,caller=Ring:2#maxRing:85,target=Ring:2#maxRing:86
Variable Write,context=Ring:2#maxRing:86,r=4
Field Read,context=Ring:2,used
Variable Write,context=Ring:2#maxRing:86,len=0
Method Call,caller=Ring:2#maxRing:86,target=Ring:2#startPos:86
Variable Write,context=Ring:2#startPos:86,r=4
Field Read,context=Ring:2,st
Variable Write,context=Ring:2#startPos:86,i=6
Field Read,context=Ring:2,st
Variable Write,context=Ring:2#startPos:86,m=3
Field Read,context=Ring:2,st
Variable Write,context=Ring:2#startPos:86,i=9
Variable Delete,method=Ring:2#startPos:86 <name=m,type=int (id=7),value=<?>,index=2>
Variable Write,context=Ring:2#startPos:86,j=9
Field Read,context=Ring:2,st
Field Read,context=Ring:2,st
Field Read,context=Ring:2,st
Field Read,context=Ring:2,st
Variable Write,context=Ring:2#startPos:86,j=6
Variable Write,context=Ring:2#startPos:86,result=6
Method Exit,returner=Ring:2#startPos:86,value=6
Field Read,context=Ring:2,st
Variable Write,context=Ring:2#maxRing:86,i=6
Field Read,context=Ring:2,st
Field Read,context=Ring:2,st
Field Read,context=Ring:2,st
Variable Write,context=Ring:2#maxRing:86,i=7
Field Read,context=Ring:2,st
Field Read,context=Ring:2,st
Field Read,context=Ring:2,used
Field Read,context=Ring:2,ed
Field Read,context=Ring:2,ed
Method Call,caller=Ring:2#maxRing:86,target=Ring:2#maxRing:87
Variable Write,context=Ring:2#maxRing:87,r=3
Field Read,context=Ring:2,used
Variable Write,context=Ring:2#maxRing:87,len=0
Method Call,caller=Ring:2#maxRing:87,target=Ring:2#startPos:87
Variable Write,context=Ring:2#startPos:87,r=3
Field Read,context=Ring:2,st
Variable Write,context=Ring:2#startPos:87,i=6
Field Read,context=Ring:2,st
Variable Write,context=Ring:2#startPos:87,j=6
Field Read,context=Ring:2,st
Field Read,context=Ring:2,st
Field Read,context=Ring:2,st
Variable Write,context=Ring:2#startPos:87,j=4
Variable Write,context=Ring:2#startPos:87,result=4
Method Exit,returner=Ring:2#startPos:87,value=4
Field Read,context=Ring:2,st
Variable Write,context=Ring:2#maxRing:87,i=4
Field Read,context=Ring:2,st
Field Read,context=Ring:2,st
Field Read,context=Ring:2,st
Variable Write,context=Ring:2#maxRing:87,i=5
Field Read,context=Ring:2,st
Field Read,context=Ring:2,st
Field Read,context=Ring:2,used
Field Read,context=Ring:2,ed
Field Read,context=Ring:2,st
Variable Write,context=Ring:2#maxRing:87,i=6
Field Read,context=Ring:2,st
Field Read,context=Ring:2,st
Field Read,context=Ring:2,used
Field Read,context=Ring:2,ed
Field Read,context=Ring:2,st
Variable Write,context=Ring:2#maxRing:87,i=7
Field Read,context=Ring:2,st
Field Read,context=Ring:2,used
Variable Delete,method=Ring:2#maxRing:87 <name=i,type=int (id=7),value=<?>,index=2>
Variable Write,context=Ring:2#maxRing:87,result=1
Method Exit,returner=Ring:2#maxRing:87,value=1
Variable Write,context=Ring:2#maxRing:86,le=1
Variable Write,context=Ring:2#maxRing:86,len=1
Field Read,context=Ring:2,st
Variable Write,context=Ring:2#maxRing:86,i=8
Variable Delete,method=Ring:2#maxRing:86 <name=le,type=int (id=7),value=<?>,index=3>
Field Read,context=Ring:2,st
Field Read,context=Ring:2,st
Field Read,context=Ring:2,used
Field Read,context=Ring:2,ed
Field Read,context=Ring:2,st
Variable Write,context=Ring:2#maxRing:86,i=9
Field Read,context=Ring:2,st
Field Read,context=Ring:2,used
Variable Delete,method=Ring:2#maxRing:86 <name=i,type=int (id=7),value=<?>,index=2>
Variable Write,context=Ring:2#maxRing:86,result=2
Method Exit,returner=Ring:2#maxRing:86,value=2
Variable Write,context=Ring:2#maxRing:85,le=2
Variable Write,context=Ring:2#maxRing:85,len=2
Field Read,context=Ring:2,st
Variable Write,context=Ring:2#maxRing:85,i=11
Variable Delete,method=Ring:2#maxRing:85 <name=le,type=int (id=7),value=<?>,index=3>
Field Read,context=Ring:2,st
Field Read,context=Ring:2,used
Variable Delete,method=Ring:2#maxRing:85 <name=i,type=int (id=7),value=<?>,index=2>
Variable Write,context=Ring:2#maxRing:85,result=3
Method Exit,returner=Ring:2#maxRing:85,value=3
Variable Write,context=Ring:2#maxRing:84,le=3
Variable Write,context=Ring:2#maxRing:84,len=3
Field Read,context=Ring:2,st
Variable Write,context=Ring:2#maxRing:84,i=2
Variable Delete,method=Ring:2#maxRing:84 <name=le,type=int (id=7),value=<?>,index=3>
Field Read,context=Ring:2,st
Field Read,context=Ring:2,used
Variable Delete,method=Ring:2#maxRing:84 <name=i,type=int (id=7),value=<?>,index=2>
Variable Write,context=Ring:2#maxRing:84,result=4
Method Exit,returner=Ring:2#maxRing:84,value=4
Variable Write,context=Ring:2#maxRing:83,le=4
Variable Write,context=Ring:2#maxRing:83,len=4
Field Read,context=Ring:2,st
Variable Write,context=Ring:2#maxRing:83,i=3
Variable Delete,method=Ring:2#maxRing:83 <name=le,type=int (id=7),value=<?>,index=3>
Field Read,context=Ring:2,st
Field Read,context=Ring:2,st
Field Read,context=Ring:2,used
Field Read,context=Ring:2,ed
Field Read,context=Ring:2,ed
Method Call,caller=Ring:2#maxRing:83,target=Ring:2#maxRing:88
Variable Write,context=Ring:2#maxRing:88,r=3
Field Read,context=Ring:2,used
Variable Write,context=Ring:2#maxRing:88,len=0
Method Call,caller=Ring:2#maxRing:88,target=Ring:2#startPos:88
Variable Write,context=Ring:2#startPos:88,r=3
Field Read,context=Ring:2,st
Variable Write,context=Ring:2#startPos:88,i=6
Field Read,context=Ring:2,st
Variable Write,context=Ring:2#startPos:88,j=6
Field Read,context=Ring:2,st
Field Read,context=Ring:2,st
Field Read,context=Ring:2,st
Variable Write,context=Ring:2#startPos:88,j=4
Variable Write,context=Ring:2#startPos:88,result=4
Method Exit,returner=Ring:2#startPos:88,value=4
Field Read,context=Ring:2,st
Variable Write,context=Ring:2#maxRing:88,i=4
Field Read,context=Ring:2,st
Field Read,context=Ring:2,st
Field Read,context=Ring:2,st
Variable Write,context=Ring:2#maxRing:88,i=5
Field Read,context=Ring:2,st
Field Read,context=Ring:2,st
Field Read,context=Ring:2,used
Field Read,context=Ring:2,ed
Field Read,context=Ring:2,st
Variable Write,context=Ring:2#maxRing:88,i=6
Field Read,context=Ring:2,st
Field Read,context=Ring:2,st
Field Read,context=Ring:2,used
Field Read,context=Ring:2,ed
Field Read,context=Ring:2,ed
Method Call,caller=Ring:2#maxRing:88,target=Ring:2#maxRing:89
Variable Write,context=Ring:2#maxRing:89,r=4
Field Read,context=Ring:2,used
Variable Write,context=Ring:2#maxRing:89,len=0
Method Call,caller=Ring:2#maxRing:89,target=Ring:2#startPos:89
Variable Write,context=Ring:2#startPos:89,r=4
Field Read,context=Ring:2,st
Variable Write,context=Ring:2#startPos:89,i=6
Field Read,context=Ring:2,st
Variable Write,context=Ring:2#startPos:89,m=3
Field Read,context=Ring:2,st
Variable Write,context=Ring:2#startPos:89,i=9
Variable Delete,method=Ring:2#startPos:89 <name=m,type=int (id=7),value=<?>,index=2>
Variable Write,context=Ring:2#startPos:89,j=9
Field Read,context=Ring:2,st
Field Read,context=Ring:2,st
Field Read,context=Ring:2,st
Field Read,context=Ring:2,st
Variable Write,context=Ring:2#startPos:89,j=6
Variable Write,context=Ring:2#startPos:89,result=6
Method Exit,returner=Ring:2#startPos:89,value=6
Field Read,context=Ring:2,st
Variable Write,context=Ring:2#maxRing:89,i=6
Field Read,context=Ring:2,st
Field Read,context=Ring:2,st
Field Read,context=Ring:2,st
Variable Write,context=Ring:2#maxRing:89,i=7
Field Read,context=Ring:2,st
Field Read,context=Ring:2,st
Field Read,context=Ring:2,used
Field Read,context=Ring:2,ed
Field Read,context=Ring:2,st
Variable Write,context=Ring:2#maxRing:89,i=8
Field Read,context=Ring:2,st
Field Read,context=Ring:2,st
Field Read,context=Ring:2,used
Field Read,context=Ring:2,ed
Field Read,context=Ring:2,ed
Method Call,caller=Ring:2#maxRing:89,target=Ring:2#maxRing:90
Variable Write,context=Ring:2#maxRing:90,r=5
Field Read,context=Ring:2,used
Variable Write,context=Ring:2#maxRing:90,len=0
Method Call,caller=Ring:2#maxRing:90,target=Ring:2#startPos:90
Variable Write,context=Ring:2#startPos:90,r=5
Field Read,context=Ring:2,st
Variable Write,context=Ring:2#startPos:90,i=6
Field Read,context=Ring:2,st
Variable Write,context=Ring:2#startPos:90,m=3
Field Read,context=Ring:2,st
Variable Write,context=Ring:2#startPos:90,i=9
Variable Delete,method=Ring:2#startPos:90 <name=m,type=int (id=7),value=<?>,index=2>
Variable Write,context=Ring:2#startPos:90,j=9
Field Read,context=Ring:2,st
Field Read,context=Ring:2,st
Variable Write,context=Ring:2#startPos:90,j=8
Variable Write,context=Ring:2#startPos:90,result=8
Method Exit,returner=Ring:2#startPos:90,value=8
Field Read,context=Ring:2,st
Variable Write,context=Ring:2#maxRing:90,i=8
Field Read,context=Ring:2,st
Field Read,context=Ring:2,st
Field Read,context=Ring:2,st
Variable Write,context=Ring:2#maxRing:90,i=9
Field Read,context=Ring:2,st
Field Read,context=Ring:2,st
Field Read,context=Ring:2,used
Field Read,context=Ring:2,ed
Field Read,context=Ring:2,ed
Method Call,caller=Ring:2#maxRing:90,target=Ring:2#maxRing:91
Variable Write,context=Ring:2#maxRing:91,r=1
Field Read,context=Ring:2,used
Variable Write,context=Ring:2#maxRing:91,len=0
Method Call,caller=Ring:2#maxRing:91,target=Ring:2#startPos:91
Variable Write,context=Ring:2#startPos:91,r=1
Field Read,context=Ring:2,st
Variable Write,context=Ring:2#startPos:91,i=6
Field Read,context=Ring:2,st
Variable Write,context=Ring:2#startPos:91,m=3
Field Read,context=Ring:2,st
Variable Write,context=Ring:2#startPos:91,i=3
Variable Delete,method=Ring:2#startPos:91 <name=m,type=int (id=7),value=<?>,index=2>
Variable Write,context=Ring:2#startPos:91,j=3
Field Read,context=Ring:2,st
Field Read,context=Ring:2,st
Field Read,context=Ring:2,st
Variable Write,context=Ring:2#startPos:91,j=0
Variable Write,context=Ring:2#startPos:91,result=0
Method Exit,returner=Ring:2#startPos:91,value=0
Field Read,context=Ring:2,st
Variable Write,context=Ring:2#maxRing:91,i=0
Field Read,context=Ring:2,st
Field Read,context=Ring:2,st
Field Read,context=Ring:2,used
Field Read,context=Ring:2,ed
Field Read,context=Ring:2,st
Variable Write,context=Ring:2#maxRing:91,i=1
Field Read,context=Ring:2,st
Field Read,context=Ring:2,st
Field Read,context=Ring:2,used
Field Read,context=Ring:2,ed
Field Read,context=Ring:2,st
Variable Write,context=Ring:2#maxRing:91,i=2
Field Read,context=Ring:2,st
Field Read,context=Ring:2,used
Variable Delete,method=Ring:2#maxRing:91 <name=i,type=int (id=7),value=<?>,index=2>
Variable Write,context=Ring:2#maxRing:91,result=1
Method Exit,returner=Ring:2#maxRing:91,value=1
Variable Write,context=Ring:2#maxRing:90,le=1
Variable Write,context=Ring:2#maxRing:90,len=1
Field Read,context=Ring:2,st
Variable Write,context=Ring:2#maxRing:90,i=10
Variable Delete,method=Ring:2#maxRing:90 <name=le,type=int (id=7),value=<?>,index=3>
Field Read,context=Ring:2,st
Field Read,context=Ring:2,st
Field Read,context=Ring:2,used
Field Read,context=Ring:2,ed
Field Read,context=Ring:2,st
Variable Write,context=Ring:2#maxRing:90,i=11
Field Read,context=Ring:2,st
Field Read,context=Ring:2,used
Variable Delete,method=Ring:2#maxRing:90 <name=i,type=int (id=7),value=<?>,index=2>
Variable Write,context=Ring:2#maxRing:90,result=2
Method Exit,returner=Ring:2#maxRing:90,value=2
Variable Write,context=Ring:2#maxRing:89,le=2
Variable Write,context=Ring:2#maxRing:89,len=2
Field Read,context=Ring:2,st
Variable Write,context=Ring:2#maxRing:89,i=9
Variable Delete,method=Ring:2#maxRing:89 <name=le,type=int (id=7),value=<?>,index=3>
Field Read,context=Ring:2,st
Field Read,context=Ring:2,used
Variable Delete,method=Ring:2#maxRing:89 <name=i,type=int (id=7),value=<?>,index=2>
Variable Write,context=Ring:2#maxRing:89,result=3
Method Exit,returner=Ring:2#maxRing:89,value=3
Variable Write,context=Ring:2#maxRing:88,le=3
Variable Write,context=Ring:2#maxRing:88,len=3
Field Read,context=Ring:2,st
Variable Write,context=Ring:2#maxRing:88,i=7
Variable Delete,method=Ring:2#maxRing:88 <name=le,type=int (id=7),value=<?>,index=3>
Field Read,context=Ring:2,st
Field Read,context=Ring:2,used
Variable Delete,method=Ring:2#maxRing:88 <name=i,type=int (id=7),value=<?>,index=2>
Variable Write,context=Ring:2#maxRing:88,result=4
Method Exit,returner=Ring:2#maxRing:88,value=4
Variable Write,context=Ring:2#maxRing:83,le=4
Field Read,context=Ring:2,st
Variable Write,context=Ring:2#maxRing:83,i=4
Variable Delete,method=Ring:2#maxRing:83 <name=le,type=int (id=7),value=<?>,index=3>
Field Read,context=Ring:2,st
Field Read,context=Ring:2,st
Field Read,context=Ring:2,used
Field Read,context=Ring:2,ed
Field Read,context=Ring:2,ed
Method Call,caller=Ring:2#maxRing:83,target=Ring:2#maxRing:92
Variable Write,context=Ring:2#maxRing:92,r=6
Field Read,context=Ring:2,used
Variable Write,context=Ring:2#maxRing:92,len=0
Method Call,caller=Ring:2#maxRing:92,target=Ring:2#startPos:92
Variable Write,context=Ring:2#startPos:92,r=6
Field Read,context=Ring:2,st
Variable Write,context=Ring:2#startPos:92,i=6
Field Read,context=Ring:2,st
Variable Write,context=Ring:2#startPos:92,m=3
Field Read,context=Ring:2,st
Variable Write,context=Ring:2#startPos:92,i=9
Variable Delete,method=Ring:2#startPos:92 <name=m,type=int (id=7),value=<?>,index=2>
Variable Write,context=Ring:2#startPos:92,j=9
Field Read,context=Ring:2,st
Variable Write,context=Ring:2#startPos:92,result=9
Method Exit,returner=Ring:2#startPos:92,value=9
Field Read,context=Ring:2,st
Variable Write,context=Ring:2#maxRing:92,i=9
Field Read,context=Ring:2,st
Field Read,context=Ring:2,st
Field Read,context=Ring:2,st
Variable Write,context=Ring:2#maxRing:92,i=10
Field Read,context=Ring:2,st
Field Read,context=Ring:2,st
Field Read,context=Ring:2,st
Variable Write,context=Ring:2#maxRing:92,i=11
Field Read,context=Ring:2,st
Field Read,context=Ring:2,st
Field Read,context=Ring:2,used
Field Read,context=Ring:2,ed
Field Read,context=Ring:2,st
Field Read,context=Ring:2,used
Variable Delete,method=Ring:2#maxRing:92 <name=i,type=int (id=7),value=<?>,index=2>
Variable Write,context=Ring:2#maxRing:92,result=1
Method Exit,returner=Ring:2#maxRing:92,value=1
Variable Write,context=Ring:2#maxRing:83,le=1
Field Read,context=Ring:2,st
Variable Write,context=Ring:2#maxRing:83,i=5
Variable Delete,method=Ring:2#maxRing:83 <name=le,type=int (id=7),value=<?>,index=3>
Field Read,context=Ring:2,st
Field Read,context=Ring:2,used
Variable Delete,method=Ring:2#maxRing:83 <name=i,type=int (id=7),value=<?>,index=2>
Variable Write,context=Ring:2#maxRing:83,result=5
Method Exit,returner=Ring:2#maxRing:83,value=5
Variable Write,context=Main#main:1,mm=5
Method Call,caller=Main#main:1,target=Ring:2#elem:11
Field Read,context=Ring:2,elemP
Field Read,context=Ring:2,st
Field Read,context=Ring:2,st
Field Read,context=Ring:2,elemP
Field Read,context=Ring:2,elemV
Field Read,context=Ring:2,elemP
Field Write,context=Ring:2,elemP=3
Field Read,context=Ring:2,elemP
Field Read,context=Ring:2,st
Field Read,context=Ring:2,st
Field Read,context=Ring:2,elemP
Field Read,context=Ring:2,elemV
Field Read,context=Ring:2,elemP
Field Write,context=Ring:2,elemP=4
Field Read,context=Ring:2,elemP
Field Read,context=Ring:2,st
Field Read,context=Ring:2,st
Field Read,context=Ring:2,elemP
Field Read,context=Ring:2,elemV
Field Read,context=Ring:2,elemP
Field Write,context=Ring:2,elemP=5
Field Read,context=Ring:2,elemP
Field Read,context=Ring:2,st
Field Read,context=Ring:2,st
Field Read,context=Ring:2,elemP
Field Read,context=Ring:2,elemV
Field Read,context=Ring:2,st
Field Read,context=Ring:2,elemP
Field Write,context=Ring:2,elemV=3
Field Read,context=Ring:2,elemV
Variable Write,context=Ring:2#elem:11,result=3
Method Exit,returner=Ring:2#elem:11,value=3
Variable Write,context=Main#main:1,x=3
Variable Delete,method=Main#main:1 <name=mm,type=int (id=7),value=<?>,index=9>
Method Call,caller=Main#main:1,target=Ring:2#maxRing:93
Variable Write,context=Ring:2#maxRing:93,r=3
Field Read,context=Ring:2,used
Variable Write,context=Ring:2#maxRing:93,len=0
Method Call,caller=Ring:2#maxRing:93,target=Ring:2#startPos:93
Variable Write,context=Ring:2#startPos:93,r=3
Field Read,context=Ring:2,st
Variable Write,context=Ring:2#startPos:93,i=6
Field Read,context=Ring:2,st
Variable Write,context=Ring:2#startPos:93,j=6
Field Read,context=Ring:2,st
Field Read,context=Ring:2,st
Field Read,context=Ring:2,st
Variable Write,context=Ring:2#startPos:93,j=4
Variable Write,context=Ring:2#startPos:93,result=4
Method Exit,returner=Ring:2#startPos:93,value=4
Field Read,context=Ring:2,st
Variable Write,context=Ring:2#maxRing:93,i=4
Field Read,context=Ring:2,st
Field Read,context=Ring:2,st
Field Read,context=Ring:2,st
Variable Write,context=Ring:2#maxRing:93,i=5
Field Read,context=Ring:2,st
Field Read,context=Ring:2,st
Field Read,context=Ring:2,used
Field Read,context=Ring:2,ed
Field Read,context=Ring:2,ed
Method Call,caller=Ring:2#maxRing:93,target=Ring:2#maxRing:94
Variable Write,context=Ring:2#maxRing:94,r=2
Field Read,context=Ring:2,used
Variable Write,context=Ring:2#maxRing:94,len=0
Method Call,caller=Ring:2#maxRing:94,target=Ring:2#startPos:94
Variable Write,context=Ring:2#startPos:94,r=2
Field Read,context=Ring:2,st
Variable Write,context=Ring:2#startPos:94,i=6
Field Read,context=Ring:2,st
Variable Write,context=Ring:2#startPos:94,m=3
Field Read,context=Ring:2,st
Variable Write,context=Ring:2#startPos:94,i=3
Variable Delete,method=Ring:2#startPos:94 <name=m,type=int (id=7),value=<?>,index=2>
Variable Write,context=Ring:2#startPos:94,j=3
Field Read,context=Ring:2,st
Field Read,context=Ring:2,st
Field Read,context=Ring:2,st
Variable Write,context=Ring:2#startPos:94,j=1
Variable Write,context=Ring:2#startPos:94,result=1
Method Exit,returner=Ring:2#startPos:94,value=1
Field Read,context=Ring:2,st
Variable Write,context=Ring:2#maxRing:94,i=1
Field Read,context=Ring:2,st
Field Read,context=Ring:2,st
Field Read,context=Ring:2,st
Variable Write,context=Ring:2#maxRing:94,i=2
Field Read,context=Ring:2,st
Field Read,context=Ring:2,st
Field Read,context=Ring:2,used
Field Read,context=Ring:2,ed
Field Read,context=Ring:2,ed
Method Call,caller=Ring:2#maxRing:94,target=Ring:2#maxRing:95
Variable Write,context=Ring:2#maxRing:95,r=1
Field Read,context=Ring:2,used
Variable Write,context=Ring:2#maxRing:95,len=0
Method Call,caller=Ring:2#maxRing:95,target=Ring:2#startPos:95
Variable Write,context=Ring:2#startPos:95,r=1
Field Read,context=Ring:2,st
Variable Write,context=Ring:2#startPos:95,i=6
Field Read,context=Ring:2,st
Variable Write,context=Ring:2#startPos:95,m=3
Field Read,context=Ring:2,st
Variable Write,context=Ring:2#startPos:95,i=3
Variable Delete,method=Ring:2#startPos:95 <name=m,type=int (id=7),value=<?>,index=2>
Variable Write,context=Ring:2#startPos:95,j=3
Field Read,context=Ring:2,st
Field Read,context=Ring:2,st
Field Read,context=Ring:2,st
Variable Write,context=Ring:2#startPos:95,j=0
Variable Write,context=Ring:2#startPos:95,result=0
Method Exit,returner=Ring:2#startPos:95,value=0
Field Read,context=Ring:2,st
Variable Write,context=Ring:2#maxRing:95,i=0
Field Read,context=Ring:2,st
Field Read,context=Ring:2,st
Field Read,context=Ring:2,used
Field Read,context=Ring:2,ed
Field Read,context=Ring:2,st
Variable Write,context=Ring:2#maxRing:95,i=1
Field Read,context=Ring:2,st
Field Read,context=Ring:2,st
Field Read,context=Ring:2,used
Field Read,context=Ring:2,ed
Field Read,context=Ring:2,ed
Method Call,caller=Ring:2#maxRing:95,target=Ring:2#maxRing:96
Variable Write,context=Ring:2#maxRing:96,r=5
Field Read,context=Ring:2,used
Variable Write,context=Ring:2#maxRing:96,len=0
Method Call,caller=Ring:2#maxRing:96,target=Ring:2#startPos:96
Variable Write,context=Ring:2#startPos:96,r=5
Field Read,context=Ring:2,st
Variable Write,context=Ring:2#startPos:96,i=6
Field Read,context=Ring:2,st
Variable Write,context=Ring:2#startPos:96,m=3
Field Read,context=Ring:2,st
Variable Write,context=Ring:2#startPos:96,i=9
Variable Delete,method=Ring:2#startPos:96 <name=m,type=int (id=7),value=<?>,index=2>
Variable Write,context=Ring:2#startPos:96,j=9
Field Read,context=Ring:2,st
Field Read,context=Ring:2,st
Variable Write,context=Ring:2#startPos:96,j=8
Variable Write,context=Ring:2#startPos:96,result=8
Method Exit,returner=Ring:2#startPos:96,value=8
Field Read,context=Ring:2,st
Variable Write,context=Ring:2#maxRing:96,i=8
Field Read,context=Ring:2,st
Field Read,context=Ring:2,st
Field Read,context=Ring:2,st
Variable Write,context=Ring:2#maxRing:96,i=9
Field Read,context=Ring:2,st
Field Read,context=Ring:2,st
Field Read,context=Ring:2,used
Field Read,context=Ring:2,ed
Field Read,context=Ring:2,st
Variable Write,context=Ring:2#maxRing:96,i=10
Field Read,context=Ring:2,st
Field Read,context=Ring:2,st
Field Read,context=Ring:2,used
Field Read,context=Ring:2,ed
Field Read,context=Ring:2,ed
Method Call,caller=Ring:2#maxRing:96,target=Ring:2#maxRing:97
Variable Write,context=Ring:2#maxRing:97,r=4
Field Read,context=Ring:2,used
Variable Write,context=Ring:2#maxRing:97,len=0
Method Call,caller=Ring:2#maxRing:97,target=Ring:2#startPos:97
Variable Write,context=Ring:2#startPos:97,r=4
Field Read,context=Ring:2,st
Variable Write,context=Ring:2#startPos:97,i=6
Field Read,context=Ring:2,st
Variable Write,context=Ring:2#startPos:97,m=3
Field Read,context=Ring:2,st
Variable Write,context=Ring:2#startPos:97,i=9
Variable Delete,method=Ring:2#startPos:97 <name=m,type=int (id=7),value=<?>,index=2>
Variable Write,context=Ring:2#startPos:97,j=9
Field Read,context=Ring:2,st
Field Read,context=Ring:2,st
Field Read,context=Ring:2,st
Field Read,context=Ring:2,st
Variable Write,context=Ring:2#startPos:97,j=6
Variable Write,context=Ring:2#startPos:97,result=6
Method Exit,returner=Ring:2#startPos:97,value=6
Field Read,context=Ring:2,st
Variable Write,context=Ring:2#maxRing:97,i=6
Field Read,context=Ring:2,st
Field Read,context=Ring:2,st
Field Read,context=Ring:2,st
Variable Write,context=Ring:2#maxRing:97,i=7
Field Read,context=Ring:2,st
Field Read,context=Ring:2,st
Field Read,context=Ring:2,used
Field Read,context=Ring:2,ed
Field Read,context=Ring:2,st
Variable Write,context=Ring:2#maxRing:97,i=8
Field Read,context=Ring:2,st
Field Read,context=Ring:2,st
Field Read,context=Ring:2,used
Field Read,context=Ring:2,ed
Field Read,context=Ring:2,st
Variable Write,context=Ring:2#maxRing:97,i=9
Field Read,context=Ring:2,st
Field Read,context=Ring:2,used
Variable Delete,method=Ring:2#maxRing:97 <name=i,type=int (id=7),value=<?>,index=2>
Variable Write,context=Ring:2#maxRing:97,result=1
Method Exit,returner=Ring:2#maxRing:97,value=1
Variable Write,context=Ring:2#maxRing:96,le=1
Variable Write,context=Ring:2#maxRing:96,len=1
Field Read,context=Ring:2,st
Variable Write,context=Ring:2#maxRing:96,i=11
Variable Delete,method=Ring:2#maxRing:96 <name=le,type=int (id=7),value=<?>,index=3>
Field Read,context=Ring:2,st
Field Read,context=Ring:2,used
Variable Delete,method=Ring:2#maxRing:96 <name=i,type=int (id=7),value=<?>,index=2>
Variable Write,context=Ring:2#maxRing:96,result=2
Method Exit,returner=Ring:2#maxRing:96,value=2
Variable Write,context=Ring:2#maxRing:95,le=2
Variable Write,context=Ring:2#maxRing:95,len=2
Field Read,context=Ring:2,st
Variable Write,context=Ring:2#maxRing:95,i=2
Variable Delete,method=Ring:2#maxRing:95 <name=le,type=int (id=7),value=<?>,index=3>
Field Read,context=Ring:2,st
Field Read,context=Ring:2,used
Variable Delete,method=Ring:2#maxRing:95 <name=i,type=int (id=7),value=<?>,index=2>
Variable Write,context=Ring:2#maxRing:95,result=3
Method Exit,returner=Ring:2#maxRing:95,value=3
Variable Write,context=Ring:2#maxRing:94,le=3
Variable Write,context=Ring:2#maxRing:94,len=3
Field Read,context=Ring:2,st
Variable Write,context=Ring:2#maxRing:94,i=3
Variable Delete,method=Ring:2#maxRing:94 <name=le,type=int (id=7),value=<?>,index=3>
Field Read,context=Ring:2,st
Field Read,context=Ring:2,st
Field Read,context=Ring:2,used
Field Read,context=Ring:2,ed
Field Read,context=Ring:2,st
Variable Write,context=Ring:2#maxRing:94,i=4
Field Read,context=Ring:2,st
Field Read,context=Ring:2,st
Field Read,context=Ring:2,used
Field Read,context=Ring:2,ed
Field Read,context=Ring:2,ed
Method Call,caller=Ring:2#maxRing:94,target=Ring:2#maxRing:98
Variable Write,context=Ring:2#maxRing:98,r=6
Field Read,context=Ring:2,used
Variable Write,context=Ring:2#maxRing:98,len=0
Method Call,caller=Ring:2#maxRing:98,target=Ring:2#startPos:98
Variable Write,context=Ring:2#startPos:98,r=6
Field Read,context=Ring:2,st
Variable Write,context=Ring:2#startPos:98,i=6
Field Read,context=Ring:2,st
Variable Write,context=Ring:2#startPos:98,m=3
Field Read,context=Ring:2,st
Variable Write,context=Ring:2#startPos:98,i=9
Variable Delete,method=Ring:2#startPos:98 <name=m,type=int (id=7),value=<?>,index=2>
Variable Write,context=Ring:2#startPos:98,j=9
Field Read,context=Ring:2,st
Variable Write,context=Ring:2#startPos:98,result=9
Method Exit,returner=Ring:2#startPos:98,value=9
Field Read,context=Ring:2,st
Variable Write,context=Ring:2#maxRing:98,i=9
Field Read,context=Ring:2,st
Field Read,context=Ring:2,st
Field Read,context=Ring:2,st
Variable Write,context=Ring:2#maxRing:98,i=10
Field Read,context=Ring:2,st
Field Read,context=Ring:2,st
Field Read,context=Ring:2,st
Variable Write,context=Ring:2#maxRing:98,i=11
Field Read,context=Ring:2,st
Field Read,context=Ring:2,st
Field Read,context=Ring:2,used
Field Read,context=Ring:2,ed
Field Read,context=Ring:2,st
Field Read,context=Ring:2,used
Variable Delete,method=Ring:2#maxRing:98 <name=i,type=int (id=7),value=<?>,index=2>
Variable Write,context=Ring:2#maxRing:98,result=1
Method Exit,returner=Ring:2#maxRing:98,value=1
Variable Write,context=Ring:2#maxRing:94,le=1
Field Read,context=Ring:2,st
Variable Write,context=Ring:2#maxRing:94,i=5
Variable Delete,method=Ring:2#maxRing:94 <name=le,type=int (id=7),value=<?>,index=3>
Field Read,context=Ring:2,st
Field Read,context=Ring:2,used
Variable Delete,method=Ring:2#maxRing:94 <name=i,type=int (id=7),value=<?>,index=2>
Variable Write,context=Ring:2#maxRing:94,result=4
Method Exit,returner=Ring:2#maxRing:94,value=4
Variable Write,context=Ring:2#maxRing:93,le=4
Variable Write,context=Ring:2#maxRing:93,len=4
Field Read,context=Ring:2,st
Variable Write,context=Ring:2#maxRing:93,i=6
Variable Delete,method=Ring:2#maxRing:93 <name=le,type=int (id=7),value=<?>,index=3>
Field Read,context=Ring:2,st
Field Read,context=Ring:2,st
Field Read,context=Ring:2,used
Field Read,context=Ring:2,ed
Field Read,context=Ring:2,ed
Method Call,caller=Ring:2#maxRing:93,target=Ring:2#maxRing:99
Variable Write,context=Ring:2#maxRing:99,r=4
Field Read,context=Ring:2,used
Variable Write,context=Ring:2#maxRing:99,len=0
Method Call,caller=Ring:2#maxRing:99,target=Ring:2#startPos:99
Variable Write,context=Ring:2#startPos:99,r=4
Field Read,context=Ring:2,st
Variable Write,context=Ring:2#startPos:99,i=6
Field Read,context=Ring:2,st
Variable Write,context=Ring:2#startPos:99,m=3
Field Read,context=Ring:2,st
Variable Write,context=Ring:2#startPos:99,i=9
Variable Delete,method=Ring:2#startPos:99 <name=m,type=int (id=7),value=<?>,index=2>
Variable Write,context=Ring:2#startPos:99,j=9
Field Read,context=Ring:2,st
Field Read,context=Ring:2,st
Field Read,context=Ring:2,st
Field Read,context=Ring:2,st
Variable Write,context=Ring:2#startPos:99,j=6
Variable Write,context=Ring:2#startPos:99,result=6
Method Exit,returner=Ring:2#startPos:99,value=6
Field Read,context=Ring:2,st
Variable Write,context=Ring:2#maxRing:99,i=6
Field Read,context=Ring:2,st
Field Read,context=Ring:2,st
Field Read,context=Ring:2,st
Variable Write,context=Ring:2#maxRing:99,i=7
Field Read,context=Ring:2,st
Field Read,context=Ring:2,st
Field Read,context=Ring:2,used
Field Read,context=Ring:2,ed
Field Read,context=Ring:2,st
Variable Write,context=Ring:2#maxRing:99,i=8
Field Read,context=Ring:2,st
Field Read,context=Ring:2,st
Field Read,context=Ring:2,used
Field Read,context=Ring:2,ed
Field Read,context=Ring:2,ed
Method Call,caller=Ring:2#maxRing:99,target=Ring:2#maxRing:100
Variable Write,context=Ring:2#maxRing:100,r=5
Field Read,context=Ring:2,used
Variable Write,context=Ring:2#maxRing:100,len=0
Method Call,caller=Ring:2#maxRing:100,target=Ring:2#startPos:100
Variable Write,context=Ring:2#startPos:100,r=5
Field Read,context=Ring:2,st
Variable Write,context=Ring:2#startPos:100,i=6
Field Read,context=Ring:2,st
Variable Write,context=Ring:2#startPos:100,m=3
Field Read,context=Ring:2,st
Variable Write,context=Ring:2#startPos:100,i=9
Variable Delete,method=Ring:2#startPos:100 <name=m,type=int (id=7),value=<?>,index=2>
Variable Write,context=Ring:2#startPos:100,j=9
Field Read,context=Ring:2,st
Field Read,context=Ring:2,st
Variable Write,context=Ring:2#startPos:100,j=8
Variable Write,context=Ring:2#startPos:100,result=8
Method Exit,returner=Ring:2#startPos:100,value=8
Field Read,context=Ring:2,st
Variable Write,context=Ring:2#maxRing:100,i=8
Field Read,context=Ring:2,st
Field Read,context=Ring:2,st
Field Read,context=Ring:2,st
Variable Write,context=Ring:2#maxRing:100,i=9
Field Read,context=Ring:2,st
Field Read,context=Ring:2,st
Field Read,context=Ring:2,used
Field Read,context=Ring:2,ed
Field Read,context=Ring:2,ed
Method Call,caller=Ring:2#maxRing:100,target=Ring:2#maxRing:101
Variable Write,context=Ring:2#maxRing:101,r=1
Field Read,context=Ring:2,used
Variable Write,context=Ring:2#maxRing:101,len=0
Method Call,caller=Ring:2#maxRing:101,target=Ring:2#startPos:101
Variable Write,context=Ring:2#startPos:101,r=1
Field Read,context=Ring:2,st
Variable Write,context=Ring:2#startPos:101,i=6
Field Read,context=Ring:2,st
Variable Write,context=Ring:2#startPos:101,m=3
Field Read,context=Ring:2,st
Variable Write,context=Ring:2#startPos:101,i=3
Variable Delete,method=Ring:2#startPos:101 <name=m,type=int (id=7),value=<?>,index=2>
Variable Write,context=Ring:2#startPos:101,j=3
Field Read,context=Ring:2,st
Field Read,context=Ring:2,st
Field Read,context=Ring:2,st
Variable Write,context=Ring:2#startPos:101,j=0
Variable Write,context=Ring:2#startPos:101,result=0
Method Exit,returner=Ring:2#startPos:101,value=0
Field Read,context=Ring:2,st
Variable Write,context=Ring:2#maxRing:101,i=0
Field Read,context=Ring:2,st
Field Read,context=Ring:2,st
Field Read,context=Ring:2,used
Field Read,context=Ring:2,ed
Field Read,context=Ring:2,ed
Method Call,caller=Ring:2#maxRing:101,target=Ring:2#maxRing:102
Variable Write,context=Ring:2#maxRing:102,r=2
Field Read,context=Ring:2,used
Variable Write,context=Ring:2#maxRing:102,len=0
Method Call,caller=Ring:2#maxRing:102,target=Ring:2#startPos:102
Variable Write,context=Ring:2#startPos:102,r=2
Field Read,context=Ring:2,st
Variable Write,context=Ring:2#startPos:102,i=6
Field Read,context=Ring:2,st
Variable Write,context=Ring:2#startPos:102,m=3
Field Read,context=Ring:2,st
Variable Write,context=Ring:2#startPos:102,i=3
Variable Delete,method=Ring:2#startPos:102 <name=m,type=int (id=7),value=<?>,index=2>
Variable Write,context=Ring:2#startPos:102,j=3
Field Read,context=Ring:2,st
Field Read,context=Ring:2,st
Field Read,context=Ring:2,st
Variable Write,context=Ring:2#startPos:102,j=1
Variable Write,context=Ring:2#startPos:102,result=1
Method Exit,returner=Ring:2#startPos:102,value=1
Field Read,context=Ring:2,st
Variable Write,context=Ring:2#maxRing:102,i=1
Field Read,context=Ring:2,st
Field Read,context=Ring:2,st
Field Read,context=Ring:2,st
Variable Write,context=Ring:2#maxRing:102,i=2
Field Read,context=Ring:2,st
Field Read,context=Ring:2,st
Field Read,context=Ring:2,used
Field Read,context=Ring:2,ed
Field Read,context=Ring:2,st
Variable Write,context=Ring:2#maxRing:102,i=3
Field Read,context=Ring:2,st
Field Read,context=Ring:2,st
Field Read,context=Ring:2,used
Field Read,context=Ring:2,ed
Field Read,context=Ring:2,st
Variable Write,context=Ring:2#maxRing:102,i=4
Field Read,context=Ring:2,st
Field Read,context=Ring:2,st
Field Read,context=Ring:2,used
Field Read,context=Ring:2,ed
Field Read,context=Ring:2,ed
Method Call,caller=Ring:2#maxRing:102,target=Ring:2#maxRing:103
Variable Write,context=Ring:2#maxRing:103,r=6
Field Read,context=Ring:2,used
Variable Write,context=Ring:2#maxRing:103,len=0
Method Call,caller=Ring:2#maxRing:103,target=Ring:2#startPos:103
Variable Write,context=Ring:2#startPos:103,r=6
Field Read,context=Ring:2,st
Variable Write,context=Ring:2#startPos:103,i=6
Field Read,context=Ring:2,st
Variable Write,context=Ring:2#startPos:103,m=3
Field Read,context=Ring:2,st
Variable Write,context=Ring:2#startPos:103,i=9
Variable Delete,method=Ring:2#startPos:103 <name=m,type=int (id=7),value=<?>,index=2>
Variable Write,context=Ring:2#startPos:103,j=9
Field Read,context=Ring:2,st
Variable Write,context=Ring:2#startPos:103,result=9
Method Exit,returner=Ring:2#startPos:103,value=9
Field Read,context=Ring:2,st
Variable Write,context=Ring:2#maxRing:103,i=9
Field Read,context=Ring:2,st
Field Read,context=Ring:2,st
Field Read,context=Ring:2,st
Variable Write,context=Ring:2#maxRing:103,i=10
Field Read,context=Ring:2,st
Field Read,context=Ring:2,st
Field Read,context=Ring:2,st
Variable Write,context=Ring:2#maxRing:103,i=11
Field Read,context=Ring:2,st
Field Read,context=Ring:2,st
Field Read,context=Ring:2,used
Field Read,context=Ring:2,ed
Field Read,context=Ring:2,st
Field Read,context=Ring:2,used
Variable Delete,method=Ring:2#maxRing:103 <name=i,type=int (id=7),value=<?>,index=2>
Variable Write,context=Ring:2#maxRing:103,result=1
Method Exit,returner=Ring:2#maxRing:103,value=1
Variable Write,context=Ring:2#maxRing:102,le=1
Variable Write,context=Ring:2#maxRing:102,len=1
Field Read,context=Ring:2,st
Variable Write,context=Ring:2#maxRing:102,i=5
Variable Delete,method=Ring:2#maxRing:102 <name=le,type=int (id=7),value=<?>,index=3>
Field Read,context=Ring:2,st
Field Read,context=Ring:2,used
Variable Delete,method=Ring:2#maxRing:102 <name=i,type=int (id=7),value=<?>,index=2>
Variable Write,context=Ring:2#maxRing:102,result=2
Method Exit,returner=Ring:2#maxRing:102,value=2
Variable Write,context=Ring:2#maxRing:101,le=2
Variable Write,context=Ring:2#maxRing:101,len=2
Field Read,context=Ring:2,st
Variable Write,context=Ring:2#maxRing:101,i=1
Variable Delete,method=Ring:2#maxRing:101 <name=le,type=int (id=7),value=<?>,index=3>
Field Read,context=Ring:2,st
Field Read,context=Ring:2,st
Field Read,context=Ring:2,used
Field Read,context=Ring:2,ed
Field Read,context=Ring:2,st
Variable Write,context=Ring:2#maxRing:101,i=2
Field Read,context=Ring:2,st
Field Read,context=Ring:2,used
Variable Delete,method=Ring:2#maxRing:101 <name=i,type=int (id=7),value=<?>,index=2>
Variable Write,context=Ring:2#maxRing:101,result=3
Method Exit,returner=Ring:2#maxRing:101,value=3
Variable Write,context=Ring:2#maxRing:100,le=3
Variable Write,context=Ring:2#maxRing:100,len=3
Field Read,context=Ring:2,st
Variable Write,context=Ring:2#maxRing:100,i=10
Variable Delete,method=Ring:2#maxRing:100 <name=le,type=int (id=7),value=<?>,index=3>
Field Read,context=Ring:2,st
Field Read,context=Ring:2,st
Field Read,context=Ring:2,used
Field Read,context=Ring:2,ed
Field Read,context=Ring:2,st
Variable Write,context=Ring:2#maxRing:100,i=11
Field Read,context=Ring:2,st
Field Read,context=Ring:2,used
Variable Delete,method=Ring:2#maxRing:100 <name=i,type=int (id=7),value=<?>,index=2>
Variable Write,context=Ring:2#maxRing:100,result=4
Method Exit,returner=Ring:2#maxRing:100,value=4
Variable Write,context=Ring:2#maxRing:99,le=4
Variable Write,context=Ring:2#maxRing:99,len=4
Field Read,context=Ring:2,st
Variable Write,context=Ring:2#maxRing:99,i=9
Variable Delete,method=Ring:2#maxRing:99 <name=le,type=int (id=7),value=<?>,index=3>
Field Read,context=Ring:2,st
Field Read,context=Ring:2,used
Variable Delete,method=Ring:2#maxRing:99 <name=i,type=int (id=7),value=<?>,index=2>
Variable Write,context=Ring:2#maxRing:99,result=5
Method Exit,returner=Ring:2#maxRing:99,value=5
Variable Write,context=Ring:2#maxRing:93,le=5
Variable Write,context=Ring:2#maxRing:93,len=5
Field Read,context=Ring:2,st
Variable Write,context=Ring:2#maxRing:93,i=7
Variable Delete,method=Ring:2#maxRing:93 <name=le,type=int (id=7),value=<?>,index=3>
Field Read,context=Ring:2,st
Field Read,context=Ring:2,used
Variable Delete,method=Ring:2#maxRing:93 <name=i,type=int (id=7),value=<?>,index=2>
Variable Write,context=Ring:2#maxRing:93,result=6
Method Exit,returner=Ring:2#maxRing:93,value=6
Variable Write,context=Main#main:1,mm=6
Method Call,caller=Main#main:1,target=Ring:2#elem:12
Field Read,context=Ring:2,elemP
Field Read,context=Ring:2,st
Field Read,context=Ring:2,st
Field Read,context=Ring:2,elemP
Field Read,context=Ring:2,elemV
Field Read,context=Ring:2,elemP
Field Write,context=Ring:2,elemP=6
Field Read,context=Ring:2,elemP
Field Read,context=Ring:2,st
Field Read,context=Ring:2,st
Field Read,context=Ring:2,elemP
Field Read,context=Ring:2,elemV
Field Read,context=Ring:2,elemP
Field Write,context=Ring:2,elemP=7
Field Read,context=Ring:2,elemP
Field Read,context=Ring:2,st
Field Read,context=Ring:2,st
Field Read,context=Ring:2,elemP
Field Read,context=Ring:2,elemV
Field Read,context=Ring:2,st
Field Read,context=Ring:2,elemP
Field Write,context=Ring:2,elemV=4
Field Read,context=Ring:2,elemV
Variable Write,context=Ring:2#elem:12,result=4
Method Exit,returner=Ring:2#elem:12,value=4
Variable Write,context=Main#main:1,x=4
Variable Delete,method=Main#main:1 <name=mm,type=int (id=7),value=<?>,index=9>
Method Call,caller=Main#main:1,target=Ring:2#maxRing:104
Variable Write,context=Ring:2#maxRing:104,r=4
Field Read,context=Ring:2,used
Variable Write,context=Ring:2#maxRing:104,len=0
Method Call,caller=Ring:2#maxRing:104,target=Ring:2#startPos:104
Variable Write,context=Ring:2#startPos:104,r=4
Field Read,context=Ring:2,st
Variable Write,context=Ring:2#startPos:104,i=6
Field Read,context=Ring:2,st
Variable Write,context=Ring:2#startPos:104,m=3
Field Read,context=Ring:2,st
Variable Write,context=Ring:2#startPos:104,i=9
Variable Delete,method=Ring:2#startPos:104 <name=m,type=int (id=7),value=<?>,index=2>
Variable Write,context=Ring:2#startPos:104,j=9
Field Read,context=Ring:2,st
Field Read,context=Ring:2,st
Field Read,context=Ring:2,st
Field Read,context=Ring:2,st
Variable Write,context=Ring:2#startPos:104,j=6
Variable Write,context=Ring:2#startPos:104,result=6
Method Exit,returner=Ring:2#startPos:104,value=6
Field Read,context=Ring:2,st
Variable Write,context=Ring:2#maxRing:104,i=6
Field Read,context=Ring:2,st
Field Read,context=Ring:2,st
Field Read,context=Ring:2,st
Variable Write,context=Ring:2#maxRing:104,i=7
Field Read,context=Ring:2,st
Field Read,context=Ring:2,st
Field Read,context=Ring:2,used
Field Read,context=Ring:2,ed
Field Read,context=Ring:2,ed
Method Call,caller=Ring:2#maxRing:104,target=Ring:2#maxRing:105
Variable Write,context=Ring:2#maxRing:105,r=3
Field Read,context=Ring:2,used
Variable Write,context=Ring:2#maxRing:105,len=0
Method Call,caller=Ring:2#maxRing:105,target=Ring:2#startPos:105
Variable Write,context=Ring:2#startPos:105,r=3
Field Read,context=Ring:2,st
Variable Write,context=Ring:2#startPos:105,i=6
Field Read,context=Ring:2,st
Variable Write,context=Ring:2#startPos:105,j=6
Field Read,context=Ring:2,st
Field Read,context=Ring:2,st
Field Read,context=Ring:2,st
Variable Write,context=Ring:2#startPos:105,j=4
Variable Write,context=Ring:2#startPos:105,result=4
Method Exit,returner=Ring:2#startPos:105,value=4
Field Read,context=Ring:2,st
Variable Write,context=Ring:2#maxRing:105,i=4
Field Read,context=Ring:2,st
Field Read,context=Ring:2,st
Field Read,context=Ring:2,st
Variable Write,context=Ring:2#maxRing:105,i=5
Field Read,context=Ring:2,st
Field Read,context=Ring:2,st
Field Read,context=Ring:2,used
Field Read,context=Ring:2,ed
Field Read,context=Ring:2,ed
Method Call,caller=Ring:2#maxRing:105,target=Ring:2#maxRing:106
Variable Write,context=Ring:2#maxRing:106,r=2
Field Read,context=Ring:2,used
Variable Write,context=Ring:2#maxRing:106,len=0
Method Call,caller=Ring:2#maxRing:106,target=Ring:2#startPos:106
Variable Write,context=Ring:2#startPos:106,r=2
Field Read,context=Ring:2,st
Variable Write,context=Ring:2#startPos:106,i=6
Field Read,context=Ring:2,st
Variable Write,context=Ring:2#startPos:106,m=3
Field Read,context=Ring:2,st
Variable Write,context=Ring:2#startPos:106,i=3
Variable Delete,method=Ring:2#startPos:106 <name=m,type=int (id=7),value=<?>,index=2>
Variable Write,context=Ring:2#startPos:106,j=3
Field Read,context=Ring:2,st
Field Read,context=Ring:2,st
Field Read,context=Ring:2,st
Variable Write,context=Ring:2#startPos:106,j=1
Variable Write,context=Ring:2#startPos:106,result=1
Method Exit,returner=Ring:2#startPos:106,value=1
Field Read,context=Ring:2,st
Variable Write,context=Ring:2#maxRing:106,i=1
Field Read,context=Ring:2,st
Field Read,context=Ring:2,st
Field Read,context=Ring:2,st
Variable Write,context=Ring:2#maxRing:106,i=2
Field Read,context=Ring:2,st
Field Read,context=Ring:2,st
Field Read,context=Ring:2,used
Field Read,context=Ring:2,ed
Field Read,context=Ring:2,ed
Method Call,caller=Ring:2#maxRing:106,target=Ring:2#maxRing:107
Variable Write,context=Ring:2#maxRing:107,r=1
Field Read,context=Ring:2,used
Variable Write,context=Ring:2#maxRing:107,len=0
Method Call,caller=Ring:2#maxRing:107,target=Ring:2#startPos:107
Variable Write,context=Ring:2#startPos:107,r=1
Field Read,context=Ring:2,st
Variable Write,context=Ring:2#startPos:107,i=6
Field Read,context=Ring:2,st
Variable Write,context=Ring:2#startPos:107,m=3
Field Read,context=Ring:2,st
Variable Write,context=Ring:2#startPos:107,i=3
Variable Delete,method=Ring:2#startPos:107 <name=m,type=int (id=7),value=<?>,index=2>
Variable Write,context=Ring:2#startPos:107,j=3
Field Read,context=Ring:2,st
Field Read,context=Ring:2,st
Field Read,context=Ring:2,st
Variable Write,context=Ring:2#startPos:107,j=0
Variable Write,context=Ring:2#startPos:107,result=0
Method Exit,returner=Ring:2#startPos:107,value=0
Field Read,context=Ring:2,st
Variable Write,context=Ring:2#maxRing:107,i=0
Field Read,context=Ring:2,st
Field Read,context=Ring:2,st
Field Read,context=Ring:2,used
Field Read,context=Ring:2,ed
Field Read,context=Ring:2,st
Variable Write,context=Ring:2#maxRing:107,i=1
Field Read,context=Ring:2,st
Field Read,context=Ring:2,st
Field Read,context=Ring:2,used
Field Read,context=Ring:2,ed
Field Read,context=Ring:2,ed
Method Call,caller=Ring:2#maxRing:107,target=Ring:2#maxRing:108
Variable Write,context=Ring:2#maxRing:108,r=5
Field Read,context=Ring:2,used
Variable Write,context=Ring:2#maxRing:108,len=0
Method Call,caller=Ring:2#maxRing:108,target=Ring:2#startPos:108
Variable Write,context=Ring:2#startPos:108,r=5
Field Read,context=Ring:2,st
Variable Write,context=Ring:2#startPos:108,i=6
Field Read,context=Ring:2,st
Variable Write,context=Ring:2#startPos:108,m=3
Field Read,context=Ring:2,st
Variable Write,context=Ring:2#startPos:108,i=9
Variable Delete,method=Ring:2#startPos:108 <name=m,type=int (id=7),value=<?>,index=2>
Variable Write,context=Ring:2#startPos:108,j=9
Field Read,context=Ring:2,st
Field Read,context=Ring:2,st
Variable Write,context=Ring:2#startPos:108,j=8
Variable Write,context=Ring:2#startPos:108,result=8
Method Exit,returner=Ring:2#startPos:108,value=8
Field Read,context=Ring:2,st
Variable Write,context=Ring:2#maxRing:108,i=8
Field Read,context=Ring:2,st
Field Read,context=Ring:2,st
Field Read,context=Ring:2,st
Variable Write,context=Ring:2#maxRing:108,i=9
Field Read,context=Ring:2,st
Field Read,context=Ring:2,st
Field Read,context=Ring:2,used
Field Read,context=Ring:2,ed
Field Read,context=Ring:2,st
Variable Write,context=Ring:2#maxRing:108,i=10
Field Read,context=Ring:2,st
Field Read,context=Ring:2,st
Field Read,context=Ring:2,used
Field Read,context=Ring:2,ed
Field Read,context=Ring:2,st
Variable Write,context=Ring:2#maxRing:108,i=11
Field Read,context=Ring:2,st
Field Read,context=Ring:2,used
Variable Delete,method=Ring:2#maxRing:108 <name=i,type=int (id=7),value=<?>,index=2>
Variable Write,context=Ring:2#maxRing:108,result=1
Method Exit,returner=Ring:2#maxRing:108,value=1
Variable Write,context=Ring:2#maxRing:107,le=1
Variable Write,context=Ring:2#maxRing:107,len=1
Field Read,context=Ring:2,st
Variable Write,context=Ring:2#maxRing:107,i=2
Variable Delete,method=Ring:2#maxRing:107 <name=le,type=int (id=7),value=<?>,index=3>
Field Read,context=Ring:2,st
Field Read,context=Ring:2,used
Variable Delete,method=Ring:2#maxRing:107 <name=i,type=int (id=7),value=<?>,index=2>
Variable Write,context=Ring:2#maxRing:107,result=2
Method Exit,returner=Ring:2#maxRing:107,value=2
Variable Write,context=Ring:2#maxRing:106,le=2
Variable Write,context=Ring:2#maxRing:106,len=2
Field Read,context=Ring:2,st
Variable Write,context=Ring:2#maxRing:106,i=3
Variable Delete,method=Ring:2#maxRing:106 <name=le,type=int (id=7),value=<?>,index=3>
Field Read,context=Ring:2,st
Field Read,context=Ring:2,st
Field Read,context=Ring:2,used
Field Read,context=Ring:2,ed
Field Read,context=Ring:2,st
Variable Write,context=Ring:2#maxRing:106,i=4
Field Read,context=Ring:2,st
Field Read,context=Ring:2,st
Field Read,context=Ring:2,used
Field Read,context=Ring:2,ed
Field Read,context=Ring:2,ed
Method Call,caller=Ring:2#maxRing:106,target=Ring:2#maxRing:109
Variable Write,context=Ring:2#maxRing:109,r=6
Field Read,context=Ring:2,used
Variable Write,context=Ring:2#maxRing:109,len=0
Method Call,caller=Ring:2#maxRing:109,target=Ring:2#startPos:109
Variable Write,context=Ring:2#startPos:109,r=6
Field Read,context=Ring:2,st
Variable Write,context=Ring:2#startPos:109,i=6
Field Read,context=Ring:2,st
Variable Write,context=Ring:2#startPos:109,m=3
Field Read,context=Ring:2,st
Variable Write,context=Ring:2#startPos:109,i=9
Variable Delete,method=Ring:2#startPos:109 <name=m,type=int (id=7),value=<?>,index=2>
Variable Write,context=Ring:2#startPos:109,j=9
Field Read,context=Ring:2,st
Variable Write,context=Ring:2#startPos:109,result=9
Method Exit,returner=Ring:2#startPos:109,value=9
Field Read,context=Ring:2,st
Variable Write,context=Ring:2#maxRing:109,i=9
Field Read,context=Ring:2,st
Field Read,context=Ring:2,st
Field Read,context=Ring:2,st
Variable Write,context=Ring:2#maxRing:109,i=10
Field Read,context=Ring:2,st
Field Read,context=Ring:2,st
Field Read,context=Ring:2,st
Variable Write,context=Ring:2#maxRing:109,i=11
Field Read,context=Ring:2,st
Field Read,context=Ring:2,st
Field Read,context=Ring:2,used
Field Read,context=Ring:2,ed
Field Read,context=Ring:2,st
Field Read,context=Ring:2,used
Variable Delete,method=Ring:2#maxRing:109 <name=i,type=int (id=7),value=<?>,index=2>
Variable Write,context=Ring:2#maxRing:109,result=1
Method Exit,returner=Ring:2#maxRing:109,value=1
Variable Write,context=Ring:2#maxRing:106,le=1
Field Read,context=Ring:2,st
Variable Write,context=Ring:2#maxRing:106,i=5
Variable Delete,method=Ring:2#maxRing:106 <name=le,type=int (id=7),value=<?>,index=3>
Field Read,context=Ring:2,st
Field Read,context=Ring:2,used
Variable Delete,method=Ring:2#maxRing:106 <name=i,type=int (id=7),value=<?>,index=2>
Variable Write,context=Ring:2#maxRing:106,result=3
Method Exit,returner=Ring:2#maxRing:106,value=3
Variable Write,context=Ring:2#maxRing:105,le=3
Variable Write,context=Ring:2#maxRing:105,len=3
Field Read,context=Ring:2,st
Variable Write,context=Ring:2#maxRing:105,i=6
Variable Delete,method=Ring:2#maxRing:105 <name=le,type=int (id=7),value=<?>,index=3>
Field Read,context=Ring:2,st
Field Read,context=Ring:2,st
Field Read,context=Ring:2,used
Field Read,context=Ring:2,ed
Field Read,context=Ring:2,st
Variable Write,context=Ring:2#maxRing:105,i=7
Field Read,context=Ring:2,st
Field Read,context=Ring:2,used
Variable Delete,method=Ring:2#maxRing:105 <name=i,type=int (id=7),value=<?>,index=2>
Variable Write,context=Ring:2#maxRing:105,result=4
Method Exit,returner=Ring:2#maxRing:105,value=4
Variable Write,context=Ring:2#maxRing:104,le=4
Variable Write,context=Ring:2#maxRing:104,len=4
Field Read,context=Ring:2,st
Variable Write,context=Ring:2#maxRing:104,i=8
Variable Delete,method=Ring:2#maxRing:104 <name=le,type=int (id=7),value=<?>,index=3>
Field Read,context=Ring:2,st
Field Read,context=Ring:2,st
Field Read,context=Ring:2,used
Field Read,context=Ring:2,ed
Field Read,context=Ring:2,ed
Method Call,caller=Ring:2#maxRing:104,target=Ring:2#maxRing:110
Variable Write,context=Ring:2#maxRing:110,r=5
Field Read,context=Ring:2,used
Variable Write,context=Ring:2#maxRing:110,len=0
Method Call,caller=Ring:2#maxRing:110,target=Ring:2#startPos:110
Variable Write,context=Ring:2#startPos:110,r=5
Field Read,context=Ring:2,st
Variable Write,context=Ring:2#startPos:110,i=6
Field Read,context=Ring:2,st
Variable Write,context=Ring:2#startPos:110,m=3
Field Read,context=Ring:2,st
Variable Write,context=Ring:2#startPos:110,i=9
Variable Delete,method=Ring:2#startPos:110 <name=m,type=int (id=7),value=<?>,index=2>
Variable Write,context=Ring:2#startPos:110,j=9
Field Read,context=Ring:2,st
Field Read,context=Ring:2,st
Variable Write,context=Ring:2#startPos:110,j=8
Variable Write,context=Ring:2#startPos:110,result=8
Method Exit,returner=Ring:2#startPos:110,value=8
Field Read,context=Ring:2,st
Variable Write,context=Ring:2#maxRing:110,i=8
Field Read,context=Ring:2,st
Field Read,context=Ring:2,st
Field Read,context=Ring:2,st
Variable Write,context=Ring:2#maxRing:110,i=9
Field Read,context=Ring:2,st
Field Read,context=Ring:2,st
Field Read,context=Ring:2,used
Field Read,context=Ring:2,ed
Field Read,context=Ring:2,ed
Method Call,caller=Ring:2#maxRing:110,target=Ring:2#maxRing:111
Variable Write,context=Ring:2#maxRing:111,r=1
Field Read,context=Ring:2,used
Variable Write,context=Ring:2#maxRing:111,len=0
Method Call,caller=Ring:2#maxRing:111,target=Ring:2#startPos:111
Variable Write,context=Ring:2#startPos:111,r=1
Field Read,context=Ring:2,st
Variable Write,context=Ring:2#startPos:111,i=6
Field Read,context=Ring:2,st
Variable Write,context=Ring:2#startPos:111,m=3
Field Read,context=Ring:2,st
Variable Write,context=Ring:2#startPos:111,i=3
Variable Delete,method=Ring:2#startPos:111 <name=m,type=int (id=7),value=<?>,index=2>
Variable Write,context=Ring:2#startPos:111,j=3
Field Read,context=Ring:2,st
Field Read,context=Ring:2,st
Field Read,context=Ring:2,st
Variable Write,context=Ring:2#startPos:111,j=0
Variable Write,context=Ring:2#startPos:111,result=0
Method Exit,returner=Ring:2#startPos:111,value=0
Field Read,context=Ring:2,st
Variable Write,context=Ring:2#maxRing:111,i=0
Field Read,context=Ring:2,st
Field Read,context=Ring:2,st
Field Read,context=Ring:2,used
Field Read,context=Ring:2,ed
Field Read,context=Ring:2,ed
Method Call,caller=Ring:2#maxRing:111,target=Ring:2#maxRing:112
Variable Write,context=Ring:2#maxRing:112,r=2
Field Read,context=Ring:2,used
Variable Write,context=Ring:2#maxRing:112,len=0
Method Call,caller=Ring:2#maxRing:112,target=Ring:2#startPos:112
Variable Write,context=Ring:2#startPos:112,r=2
Field Read,context=Ring:2,st
Variable Write,context=Ring:2#startPos:112,i=6
Field Read,context=Ring:2,st
Variable Write,context=Ring:2#startPos:112,m=3
Field Read,context=Ring:2,st
Variable Write,context=Ring:2#startPos:112,i=3
Variable Delete,method=Ring:2#startPos:112 <name=m,type=int (id=7),value=<?>,index=2>
Variable Write,context=Ring:2#startPos:112,j=3
Field Read,context=Ring:2,st
Field Read,context=Ring:2,st
Field Read,context=Ring:2,st
Variable Write,context=Ring:2#startPos:112,j=1
Variable Write,context=Ring:2#startPos:112,result=1
Method Exit,returner=Ring:2#startPos:112,value=1
Field Read,context=Ring:2,st
Variable Write,context=Ring:2#maxRing:112,i=1
Field Read,context=Ring:2,st
Field Read,context=Ring:2,st
Field Read,context=Ring:2,st
Variable Write,context=Ring:2#maxRing:112,i=2
Field Read,context=Ring:2,st
Field Read,context=Ring:2,st
Field Read,context=Ring:2,used
Field Read,context=Ring:2,ed
Field Read,context=Ring:2,st
Variable Write,context=Ring:2#maxRing:112,i=3
Field Read,context=Ring:2,st
Field Read,context=Ring:2,st
Field Read,context=Ring:2,used
Field Read,context=Ring:2,ed
Field Read,context=Ring:2,ed
Method Call,caller=Ring:2#maxRing:112,target=Ring:2#maxRing:113
Variable Write,context=Ring:2#maxRing:113,r=3
Field Read,context=Ring:2,used
Variable Write,context=Ring:2#maxRing:113,len=0
Method Call,caller=Ring:2#maxRing:113,target=Ring:2#startPos:113
Variable Write,context=Ring:2#startPos:113,r=3
Field Read,context=Ring:2,st
Variable Write,context=Ring:2#startPos:113,i=6
Field Read,context=Ring:2,st
Variable Write,context=Ring:2#startPos:113,j=6
Field Read,context=Ring:2,st
Field Read,context=Ring:2,st
Field Read,context=Ring:2,st
Variable Write,context=Ring:2#startPos:113,j=4
Variable Write,context=Ring:2#startPos:113,result=4
Method Exit,returner=Ring:2#startPos:113,value=4
Field Read,context=Ring:2,st
Variable Write,context=Ring:2#maxRing:113,i=4
Field Read,context=Ring:2,st
Field Read,context=Ring:2,st
Field Read,context=Ring:2,st
Variable Write,context=Ring:2#maxRing:113,i=5
Field Read,context=Ring:2,st
Field Read,context=Ring:2,st
Field Read,context=Ring:2,used
Field Read,context=Ring:2,ed
Field Read,context=Ring:2,st
Variable Write,context=Ring:2#maxRing:113,i=6
Field Read,context=Ring:2,st
Field Read,context=Ring:2,st
Field Read,context=Ring:2,used
Field Read,context=Ring:2,ed
Field Read,context=Ring:2,st
Variable Write,context=Ring:2#maxRing:113,i=7
Field Read,context=Ring:2,st
Field Read,context=Ring:2,used
Variable Delete,method=Ring:2#maxRing:113 <name=i,type=int (id=7),value=<?>,index=2>
Variable Write,context=Ring:2#maxRing:113,result=1
Method Exit,returner=Ring:2#maxRing:113,value=1
Variable Write,context=Ring:2#maxRing:112,le=1
Variable Write,context=Ring:2#maxRing:112,len=1
Field Read,context=Ring:2,st
Variable Write,context=Ring:2#maxRing:112,i=4
Variable Delete,method=Ring:2#maxRing:112 <name=le,type=int (id=7),value=<?>,index=3>
Field Read,context=Ring:2,st
Field Read,context=Ring:2,st
Field Read,context=Ring:2,used
Field Read,context=Ring:2,ed
Field Read,context=Ring:2,ed
Method Call,caller=Ring:2#maxRing:112,target=Ring:2#maxRing:114
Variable Write,context=Ring:2#maxRing:114,r=6
Field Read,context=Ring:2,used
Variable Write,context=Ring:2#maxRing:114,len=0
Method Call,caller=Ring:2#maxRing:114,target=Ring:2#startPos:114
Variable Write,context=Ring:2#startPos:114,r=6
Field Read,context=Ring:2,st
Variable Write,context=Ring:2#startPos:114,i=6
Field Read,context=Ring:2,st
Variable Write,context=Ring:2#startPos:114,m=3
Field Read,context=Ring:2,st
Variable Write,context=Ring:2#startPos:114,i=9
Variable Delete,method=Ring:2#startPos:114 <name=m,type=int (id=7),value=<?>,index=2>
Variable Write,context=Ring:2#startPos:114,j=9
Field Read,context=Ring:2,st
Variable Write,context=Ring:2#startPos:114,result=9
Method Exit,returner=Ring:2#startPos:114,value=9
Field Read,context=Ring:2,st
Variable Write,context=Ring:2#maxRing:114,i=9
Field Read,context=Ring:2,st
Field Read,context=Ring:2,st
Field Read,context=Ring:2,st
Variable Write,context=Ring:2#maxRing:114,i=10
Field Read,context=Ring:2,st
Field Read,context=Ring:2,st
Field Read,context=Ring:2,st
Variable Write,context=Ring:2#maxRing:114,i=11
Field Read,context=Ring:2,st
Field Read,context=Ring:2,st
Field Read,context=Ring:2,used
Field Read,context=Ring:2,ed
Field Read,context=Ring:2,st
Field Read,context=Ring:2,used
Variable Delete,method=Ring:2#maxRing:114 <name=i,type=int (id=7),value=<?>,index=2>
Variable Write,context=Ring:2#maxRing:114,result=1
Method Exit,returner=Ring:2#maxRing:114,value=1
Variable Write,context=Ring:2#maxRing:112,le=1
Field Read,context=Ring:2,st
Variable Write,context=Ring:2#maxRing:112,i=5
Variable Delete,method=Ring:2#maxRing:112 <name=le,type=int (id=7),value=<?>,index=3>
Field Read,context=Ring:2,st
Field Read,context=Ring:2,used
Variable Delete,method=Ring:2#maxRing:112 <name=i,type=int (id=7),value=<?>,index=2>
Variable Write,context=Ring:2#maxRing:112,result=2
Method Exit,returner=Ring:2#maxRing:112,value=2
Variable Write,context=Ring:2#maxRing:111,le=2
Variable Write,context=Ring:2#maxRing:111,len=2
Field Read,context=Ring:2,st
Variable Write,context=Ring:2#maxRing:111,i=1
Variable Delete,method=Ring:2#maxRing:111 <name=le,type=int (id=7),value=<?>,index=3>
Field Read,context=Ring:2,st
Field Read,context=Ring:2,st
Field Read,context=Ring:2,used
Field Read,context=Ring:2,ed
Field Read,context=Ring:2,st
Variable Write,context=Ring:2#maxRing:111,i=2
Field Read,context=Ring:2,st
Field Read,context=Ring:2,used
Variable Delete,method=Ring:2#maxRing:111 <name=i,type=int (id=7),value=<?>,index=2>
Variable Write,context=Ring:2#maxRing:111,result=3
Method Exit,returner=Ring:2#maxRing:111,value=3
Variable Write,context=Ring:2#maxRing:110,le=3
Variable Write,context=Ring:2#maxRing:110,len=3
Field Read,context=Ring:2,st
Variable Write,context=Ring:2#maxRing:110,i=10
Variable Delete,method=Ring:2#maxRing:110 <name=le,type=int (id=7),value=<?>,index=3>
Field Read,context=Ring:2,st
Field Read,context=Ring:2,st
Field Read,context=Ring:2,used
Field Read,context=Ring:2,ed
Field Read,context=Ring:2,st
Variable Write,context=Ring:2#maxRing:110,i=11
Field Read,context=Ring:2,st
Field Read,context=Ring:2,used
Variable Delete,method=Ring:2#maxRing:110 <name=i,type=int (id=7),value=<?>,index=2>
Variable Write,context=Ring:2#maxRing:110,result=4
Method Exit,returner=Ring:2#maxRing:110,value=4
Variable Write,context=Ring:2#maxRing:104,le=4
Field Read,context=Ring:2,st
Variable Write,context=Ring:2#maxRing:104,i=9
Variable Delete,method=Ring:2#maxRing:104 <name=le,type=int (id=7),value=<?>,index=3>
Field Read,context=Ring:2,st
Field Read,context=Ring:2,used
Variable Delete,method=Ring:2#maxRing:104 <name=i,type=int (id=7),value=<?>,index=2>
Variable Write,context=Ring:2#maxRing:104,result=5
Method Exit,returner=Ring:2#maxRing:104,value=5
Variable Write,context=Main#main:1,mm=5
Method Call,caller=Main#main:1,target=Ring:2#elem:13
Field Read,context=Ring:2,elemP
Field Read,context=Ring:2,st
Field Read,context=Ring:2,st
Field Read,context=Ring:2,elemP
Field Read,context=Ring:2,elemV
Field Read,context=Ring:2,elemP
Field Write,context=Ring:2,elemP=8
Field Read,context=Ring:2,elemP
Field Read,context=Ring:2,st
Field Read,context=Ring:2,st
Field Read,context=Ring:2,elemP
Field Read,context=Ring:2,elemV
Field Read,context=Ring:2,elemP
Field Write,context=Ring:2,elemP=9
Field Read,context=Ring:2,elemP
Field Read,context=Ring:2,st
Field Read,context=Ring:2,st
Field Read,context=Ring:2,elemP
Field Read,context=Ring:2,elemV
Field Read,context=Ring:2,st
Field Read,context=Ring:2,elemP
Field Write,context=Ring:2,elemV=5
Field Read,context=Ring:2,elemV
Variable Write,context=Ring:2#elem:13,result=5
Method Exit,returner=Ring:2#elem:13,value=5
Variable Write,context=Main#main:1,x=5
Variable Delete,method=Main#main:1 <name=mm,type=int (id=7),value=<?>,index=9>
Method Call,caller=Main#main:1,target=Ring:2#maxRing:115
Variable Write,context=Ring:2#maxRing:115,r=5
Field Read,context=Ring:2,used
Variable Write,context=Ring:2#maxRing:115,len=0
Method Call,caller=Ring:2#maxRing:115,target=Ring:2#startPos:115
Variable Write,context=Ring:2#startPos:115,r=5
Field Read,context=Ring:2,st
Variable Write,context=Ring:2#startPos:115,i=6
Field Read,context=Ring:2,st
Variable Write,context=Ring:2#startPos:115,m=3
Field Read,context=Ring:2,st
Variable Write,context=Ring:2#startPos:115,i=9
Variable Delete,method=Ring:2#startPos:115 <name=m,type=int (id=7),value=<?>,index=2>
Variable Write,context=Ring:2#startPos:115,j=9
Field Read,context=Ring:2,st
Field Read,context=Ring:2,st
Variable Write,context=Ring:2#startPos:115,j=8
Variable Write,context=Ring:2#startPos:115,result=8
Method Exit,returner=Ring:2#startPos:115,value=8
Field Read,context=Ring:2,st
Variable Write,context=Ring:2#maxRing:115,i=8
Field Read,context=Ring:2,st
Field Read,context=Ring:2,st
Field Read,context=Ring:2,st
Variable Write,context=Ring:2#maxRing:115,i=9
Field Read,context=Ring:2,st
Field Read,context=Ring:2,st
Field Read,context=Ring:2,used
Field Read,context=Ring:2,ed
Field Read,context=Ring:2,ed
Method Call,caller=Ring:2#maxRing:115,target=Ring:2#maxRing:116
Variable Write,context=Ring:2#maxRing:116,r=1
Field Read,context=Ring:2,used
Variable Write,context=Ring:2#maxRing:116,len=0
Method Call,caller=Ring:2#maxRing:116,target=Ring:2#startPos:116
Variable Write,context=Ring:2#startPos:116,r=1
Field Read,context=Ring:2,st
Variable Write,context=Ring:2#startPos:116,i=6
Field Read,context=Ring:2,st
Variable Write,context=Ring:2#startPos:116,m=3
Field Read,context=Ring:2,st
Variable Write,context=Ring:2#startPos:116,i=3
Variable Delete,method=Ring:2#startPos:116 <name=m,type=int (id=7),value=<?>,index=2>
Variable Write,context=Ring:2#startPos:116,j=3
Field Read,context=Ring:2,st
Field Read,context=Ring:2,st
Field Read,context=Ring:2,st
Variable Write,context=Ring:2#startPos:116,j=0
Variable Write,context=Ring:2#startPos:116,result=0
Method Exit,returner=Ring:2#startPos:116,value=0
Field Read,context=Ring:2,st
Variable Write,context=Ring:2#maxRing:116,i=0
Field Read,context=Ring:2,st
Field Read,context=Ring:2,st
Field Read,context=Ring:2,used
Field Read,context=Ring:2,ed
Field Read,context=Ring:2,ed
Method Call,caller=Ring:2#maxRing:116,target=Ring:2#maxRing:117
Variable Write,context=Ring:2#maxRing:117,r=2
Field Read,context=Ring:2,used
Variable Write,context=Ring:2#maxRing:117,len=0
Method Call,caller=Ring:2#maxRing:117,target=Ring:2#startPos:117
Variable Write,context=Ring:2#startPos:117,r=2
Field Read,context=Ring:2,st
Variable Write,context=Ring:2#startPos:117,i=6
Field Read,context=Ring:2,st
Variable Write,context=Ring:2#startPos:117,m=3
Field Read,context=Ring:2,st
Variable Write,context=Ring:2#startPos:117,i=3
Variable Delete,method=Ring:2#startPos:117 <name=m,type=int (id=7),value=<?>,index=2>
Variable Write,context=Ring:2#startPos:117,j=3
Field Read,context=Ring:2,st
Field Read,context=Ring:2,st
Field Read,context=Ring:2,st
Variable Write,context=Ring:2#startPos:117,j=1
Variable Write,context=Ring:2#startPos:117,result=1
Method Exit,returner=Ring:2#startPos:117,value=1
Field Read,context=Ring:2,st
Variable Write,context=Ring:2#maxRing:117,i=1
Field Read,context=Ring:2,st
Field Read,context=Ring:2,st
Field Read,context=Ring:2,st
Variable Write,context=Ring:2#maxRing:117,i=2
Field Read,context=Ring:2,st
Field Read,context=Ring:2,st
Field Read,context=Ring:2,used
Field Read,context=Ring:2,ed
Field Read,context=Ring:2,st
Variable Write,context=Ring:2#maxRing:117,i=3
Field Read,context=Ring:2,st
Field Read,context=Ring:2,st
Field Read,context=Ring:2,used
Field Read,context=Ring:2,ed
Field Read,context=Ring:2,ed
Method Call,caller=Ring:2#maxRing:117,target=Ring:2#maxRing:118
Variable Write,context=Ring:2#maxRing:118,r=3
Field Read,context=Ring:2,used
Variable Write,context=Ring:2#maxRing:118,len=0
Method Call,caller=Ring:2#maxRing:118,target=Ring:2#startPos:118
Variable Write,context=Ring:2#startPos:118,r=3
Field Read,context=Ring:2,st
Variable Write,context=Ring:2#startPos:118,i=6
Field Read,context=Ring:2,st
Variable Write,context=Ring:2#startPos:118,j=6
Field Read,context=Ring:2,st
Field Read,context=Ring:2,st
Field Read,context=Ring:2,st
Variable Write,context=Ring:2#startPos:118,j=4
Variable Write,context=Ring:2#startPos:118,result=4
Method Exit,returner=Ring:2#startPos:118,value=4
Field Read,context=Ring:2,st
Variable Write,context=Ring:2#maxRing:118,i=4
Field Read,context=Ring:2,st
Field Read,context=Ring:2,st
Field Read,context=Ring:2,st
Variable Write,context=Ring:2#maxRing:118,i=5
Field Read,context=Ring:2,st
Field Read,context=Ring:2,st
Field Read,context=Ring:2,used
Field Read,context=Ring:2,ed
Field Read,context=Ring:2,st
Variable Write,context=Ring:2#maxRing:118,i=6
Field Read,context=Ring:2,st
Field Read,context=Ring:2,st
Field Read,context=Ring:2,used
Field Read,context=Ring:2,ed
Field Read,context=Ring:2,ed
Method Call,caller=Ring:2#maxRing:118,target=Ring:2#maxRing:119
Variable Write,context=Ring:2#maxRing:119,r=4
Field Read,context=Ring:2,used
Variable Write,context=Ring:2#maxRing:119,len=0
Method Call,caller=Ring:2#maxRing:119,target=Ring:2#startPos:119
Variable Write,context=Ring:2#startPos:119,r=4
Field Read,context=Ring:2,st
Variable Write,context=Ring:2#startPos:119,i=6
Field Read,context=Ring:2,st
Variable Write,context=Ring:2#startPos:119,m=3
Field Read,context=Ring:2,st
Variable Write,context=Ring:2#startPos:119,i=9
Variable Delete,method=Ring:2#startPos:119 <name=m,type=int (id=7),value=<?>,index=2>
Variable Write,context=Ring:2#startPos:119,j=9
Field Read,context=Ring:2,st
Field Read,context=Ring:2,st
Field Read,context=Ring:2,st
Field Read,context=Ring:2,st
Variable Write,context=Ring:2#startPos:119,j=6
Variable Write,context=Ring:2#startPos:119,result=6
Method Exit,returner=Ring:2#startPos:119,value=6
Field Read,context=Ring:2,st
Variable Write,context=Ring:2#maxRing:119,i=6
Field Read,context=Ring:2,st
Field Read,context=Ring:2,st
Field Read,context=Ring:2,st
Variable Write,context=Ring:2#maxRing:119,i=7
Field Read,context=Ring:2,st
Field Read,context=Ring:2,st
Field Read,context=Ring:2,used
Field Read,context=Ring:2,ed
Field Read,context=Ring:2,st
Variable Write,context=Ring:2#maxRing:119,i=8
Field Read,context=Ring:2,st
Field Read,context=Ring:2,st
Field Read,context=Ring:2,used
Field Read,context=Ring:2,ed
Field Read,context=Ring:2,st
Variable Write,context=Ring:2#maxRing:119,i=9
Field Read,context=Ring:2,st
Field Read,context=Ring:2,used
Variable Delete,method=Ring:2#maxRing:119 <name=i,type=int (id=7),value=<?>,index=2>
Variable Write,context=Ring:2#maxRing:119,result=1
Method Exit,returner=Ring:2#maxRing:119,value=1
Variable Write,context=Ring:2#maxRing:118,le=1
Variable Write,context=Ring:2#maxRing:118,len=1
Field Read,context=Ring:2,st
Variable Write,context=Ring:2#maxRing:118,i=7
Variable Delete,method=Ring:2#maxRing:118 <name=le,type=int (id=7),value=<?>,index=3>
Field Read,context=Ring:2,st
Field Read,context=Ring:2,used
Variable Delete,method=Ring:2#maxRing:118 <name=i,type=int (id=7),value=<?>,index=2>
Variable Write,context=Ring:2#maxRing:118,result=2
Method Exit,returner=Ring:2#maxRing:118,value=2
Variable Write,context=Ring:2#maxRing:117,le=2
Variable Write,context=Ring:2#maxRing:117,len=2
Field Read,context=Ring:2,st
Variable Write,context=Ring:2#maxRing:117,i=4
Variable Delete,method=Ring:2#maxRing:117 <name=le,type=int (id=7),value=<?>,index=3>
Field Read,context=Ring:2,st
Field Read,context=Ring:2,st
Field Read,context=Ring:2,used
Field Read,context=Ring:2,ed
Field Read,context=Ring:2,ed
Method Call,caller=Ring:2#maxRing:117,target=Ring:2#maxRing:120
Variable Write,context=Ring:2#maxRing:120,r=6
Field Read,context=Ring:2,used
Variable Write,context=Ring:2#maxRing:120,len=0
Method Call,caller=Ring:2#maxRing:120,target=Ring:2#startPos:120
Variable Write,context=Ring:2#startPos:120,r=6
Field Read,context=Ring:2,st
Variable Write,context=Ring:2#startPos:120,i=6
Field Read,context=Ring:2,st
Variable Write,context=Ring:2#startPos:120,m=3
Field Read,context=Ring:2,st
Variable Write,context=Ring:2#startPos:120,i=9
Variable Delete,method=Ring:2#startPos:120 <name=m,type=int (id=7),value=<?>,index=2>
Variable Write,context=Ring:2#startPos:120,j=9
Field Read,context=Ring:2,st
Variable Write,context=Ring:2#startPos:120,result=9
Method Exit,returner=Ring:2#startPos:120,value=9
Field Read,context=Ring:2,st
Variable Write,context=Ring:2#maxRing:120,i=9
Field Read,context=Ring:2,st
Field Read,context=Ring:2,st
Field Read,context=Ring:2,st
Variable Write,context=Ring:2#maxRing:120,i=10
Field Read,context=Ring:2,st
Field Read,context=Ring:2,st
Field Read,context=Ring:2,st
Variable Write,context=Ring:2#maxRing:120,i=11
Field Read,context=Ring:2,st
Field Read,context=Ring:2,st
Field Read,context=Ring:2,used
Field Read,context=Ring:2,ed
Field Read,context=Ring:2,st
Field Read,context=Ring:2,used
Variable Delete,method=Ring:2#maxRing:120 <name=i,type=int (id=7),value=<?>,index=2>
Variable Write,context=Ring:2#maxRing:120,result=1
Method Exit,returner=Ring:2#maxRing:120,value=1
Variable Write,context=Ring:2#maxRing:117,le=1
Field Read,context=Ring:2,st
Variable Write,context=Ring:2#maxRing:117,i=5
Variable Delete,method=Ring:2#maxRing:117 <name=le,type=int (id=7),value=<?>,index=3>
Field Read,context=Ring:2,st
Field Read,context=Ring:2,used
Variable Delete,method=Ring:2#maxRing:117 <name=i,type=int (id=7),value=<?>,index=2>
Variable Write,context=Ring:2#maxRing:117,result=3
Method Exit,returner=Ring:2#maxRing:117,value=3
Variable Write,context=Ring:2#maxRing:116,le=3
Variable Write,context=Ring:2#maxRing:116,len=3
Field Read,context=Ring:2,st
Variable Write,context=Ring:2#maxRing:116,i=1
Variable Delete,method=Ring:2#maxRing:116 <name=le,type=int (id=7),value=<?>,index=3>
Field Read,context=Ring:2,st
Field Read,context=Ring:2,st
Field Read,context=Ring:2,used
Field Read,context=Ring:2,ed
Field Read,context=Ring:2,st
Variable Write,context=Ring:2#maxRing:116,i=2
Field Read,context=Ring:2,st
Field Read,context=Ring:2,used
Variable Delete,method=Ring:2#maxRing:116 <name=i,type=int (id=7),value=<?>,index=2>
Variable Write,context=Ring:2#maxRing:116,result=4
Method Exit,returner=Ring:2#maxRing:116,value=4
Variable Write,context=Ring:2#maxRing:115,le=4
Variable Write,context=Ring:2#maxRing:115,len=4
Field Read,context=Ring:2,st
Variable Write,context=Ring:2#maxRing:115,i=10
Variable Delete,method=Ring:2#maxRing:115 <name=le,type=int (id=7),value=<?>,index=3>
Field Read,context=Ring:2,st
Field Read,context=Ring:2,st
Field Read,context=Ring:2,used
Field Read,context=Ring:2,ed
Field Read,context=Ring:2,ed
Method Call,caller=Ring:2#maxRing:115,target=Ring:2#maxRing:121
Variable Write,context=Ring:2#maxRing:121,r=4
Field Read,context=Ring:2,used
Variable Write,context=Ring:2#maxRing:121,len=0
Method Call,caller=Ring:2#maxRing:121,target=Ring:2#startPos:121
Variable Write,context=Ring:2#startPos:121,r=4
Field Read,context=Ring:2,st
Variable Write,context=Ring:2#startPos:121,i=6
Field Read,context=Ring:2,st
Variable Write,context=Ring:2#startPos:121,m=3
Field Read,context=Ring:2,st
Variable Write,context=Ring:2#startPos:121,i=9
Variable Delete,method=Ring:2#startPos:121 <name=m,type=int (id=7),value=<?>,index=2>
Variable Write,context=Ring:2#startPos:121,j=9
Field Read,context=Ring:2,st
Field Read,context=Ring:2,st
Field Read,context=Ring:2,st
Field Read,context=Ring:2,st
Variable Write,context=Ring:2#startPos:121,j=6
Variable Write,context=Ring:2#startPos:121,result=6
Method Exit,returner=Ring:2#startPos:121,value=6
Field Read,context=Ring:2,st
Variable Write,context=Ring:2#maxRing:121,i=6
Field Read,context=Ring:2,st
Field Read,context=Ring:2,st
Field Read,context=Ring:2,st
Variable Write,context=Ring:2#maxRing:121,i=7
Field Read,context=Ring:2,st
Field Read,context=Ring:2,st
Field Read,context=Ring:2,used
Field Read,context=Ring:2,ed
Field Read,context=Ring:2,ed
Method Call,caller=Ring:2#maxRing:121,target=Ring:2#maxRing:122
Variable Write,context=Ring:2#maxRing:122,r=3
Field Read,context=Ring:2,used
Variable Write,context=Ring:2#maxRing:122,len=0
Method Call,caller=Ring:2#maxRing:122,target=Ring:2#startPos:122
Variable Write,context=Ring:2#startPos:122,r=3
Field Read,context=Ring:2,st
Variable Write,context=Ring:2#startPos:122,i=6
Field Read,context=Ring:2,st
Variable Write,context=Ring:2#startPos:122,j=6
Field Read,context=Ring:2,st
Field Read,context=Ring:2,st
Field Read,context=Ring:2,st
Variable Write,context=Ring:2#startPos:122,j=4
Variable Write,context=Ring:2#startPos:122,result=4
Method Exit,returner=Ring:2#startPos:122,value=4
Field Read,context=Ring:2,st
Variable Write,context=Ring:2#maxRing:122,i=4
Field Read,context=Ring:2,st
Field Read,context=Ring:2,st
Field Read,context=Ring:2,st
Variable Write,context=Ring:2#maxRing:122,i=5
Field Read,context=Ring:2,st
Field Read,context=Ring:2,st
Field Read,context=Ring:2,used
Field Read,context=Ring:2,ed
Field Read,context=Ring:2,ed
Method Call,caller=Ring:2#maxRing:122,target=Ring:2#maxRing:123
Variable Write,context=Ring:2#maxRing:123,r=2
Field Read,context=Ring:2,used
Variable Write,context=Ring:2#maxRing:123,len=0
Method Call,caller=Ring:2#maxRing:123,target=Ring:2#startPos:123
Variable Write,context=Ring:2#startPos:123,r=2
Field Read,context=Ring:2,st
Variable Write,context=Ring:2#startPos:123,i=6
Field Read,context=Ring:2,st
Variable Write,context=Ring:2#startPos:123,m=3
Field Read,context=Ring:2,st
Variable Write,context=Ring:2#startPos:123,i=3
Variable Delete,method=Ring:2#startPos:123 <name=m,type=int (id=7),value=<?>,index=2>
Variable Write,context=Ring:2#startPos:123,j=3
Field Read,context=Ring:2,st
Field Read,context=Ring:2,st
Field Read,context=Ring:2,st
Variable Write,context=Ring:2#startPos:123,j=1
Variable Write,context=Ring:2#startPos:123,result=1
Method Exit,returner=Ring:2#startPos:123,value=1
Field Read,context=Ring:2,st
Variable Write,context=Ring:2#maxRing:123,i=1
Field Read,context=Ring:2,st
Field Read,context=Ring:2,st
Field Read,context=Ring:2,st
Variable Write,context=Ring:2#maxRing:123,i=2
Field Read,context=Ring:2,st
Field Read,context=Ring:2,st
Field Read,context=Ring:2,used
Field Read,context=Ring:2,ed
Field Read,context=Ring:2,ed
Method Call,caller=Ring:2#maxRing:123,target=Ring:2#maxRing:124
Variable Write,context=Ring:2#maxRing:124,r=1
Field Read,context=Ring:2,used
Variable Write,context=Ring:2#maxRing:124,len=0
Method Call,caller=Ring:2#maxRing:124,target=Ring:2#startPos:124
Variable Write,context=Ring:2#startPos:124,r=1
Field Read,context=Ring:2,st
Variable Write,context=Ring:2#startPos:124,i=6
Field Read,context=Ring:2,st
Variable Write,context=Ring:2#startPos:124,m=3
Field Read,context=Ring:2,st
Variable Write,context=Ring:2#startPos:124,i=3
Variable Delete,method=Ring:2#startPos:124 <name=m,type=int (id=7),value=<?>,index=2>
Variable Write,context=Ring:2#startPos:124,j=3
Field Read,context=Ring:2,st
Field Read,context=Ring:2,st
Field Read,context=Ring:2,st
Variable Write,context=Ring:2#startPos:124,j=0
Variable Write,context=Ring:2#startPos:124,result=0
Method Exit,returner=Ring:2#startPos:124,value=0
Field Read,context=Ring:2,st
Variable Write,context=Ring:2#maxRing:124,i=0
Field Read,context=Ring:2,st
Field Read,context=Ring:2,st
Field Read,context=Ring:2,used
Field Read,context=Ring:2,ed
Field Read,context=Ring:2,st
Variable Write,context=Ring:2#maxRing:124,i=1
Field Read,context=Ring:2,st
Field Read,context=Ring:2,st
Field Read,context=Ring:2,used
Field Read,context=Ring:2,ed
Field Read,context=Ring:2,st
Variable Write,context=Ring:2#maxRing:124,i=2
Field Read,context=Ring:2,st
Field Read,context=Ring:2,used
Variable Delete,method=Ring:2#maxRing:124 <name=i,type=int (id=7),value=<?>,index=2>
Variable Write,context=Ring:2#maxRing:124,result=1
Method Exit,returner=Ring:2#maxRing:124,value=1
Variable Write,context=Ring:2#maxRing:123,le=1
Variable Write,context=Ring:2#maxRing:123,len=1
Field Read,context=Ring:2,st
Variable Write,context=Ring:2#maxRing:123,i=3
Variable Delete,method=Ring:2#maxRing:123 <name=le,type=int (id=7),value=<?>,index=3>
Field Read,context=Ring:2,st
Field Read,context=Ring:2,st
Field Read,context=Ring:2,used
Field Read,context=Ring:2,ed
Field Read,context=Ring:2,st
Variable Write,context=Ring:2#maxRing:123,i=4
Field Read,context=Ring:2,st
Field Read,context=Ring:2,st
Field Read,context=Ring:2,used
Field Read,context=Ring:2,ed
Field Read,context=Ring:2,ed
Method Call,caller=Ring:2#maxRing:123,target=Ring:2#maxRing:125
Variable Write,context=Ring:2#maxRing:125,r=6
Field Read,context=Ring:2,used
Variable Write,context=Ring:2#maxRing:125,len=0
Method Call,caller=Ring:2#maxRing:125,target=Ring:2#startPos:125
Variable Write,context=Ring:2#startPos:125,r=6
Field Read,context=Ring:2,st
Variable Write,context=Ring:2#startPos:125,i=6
Field Read,context=Ring:2,st
Variable Write,context=Ring:2#startPos:125,m=3
Field Read,context=Ring:2,st
Variable Write,context=Ring:2#startPos:125,i=9
Variable Delete,method=Ring:2#startPos:125 <name=m,type=int (id=7),value=<?>,index=2>
Variable Write,context=Ring:2#startPos:125,j=9
Field Read,context=Ring:2,st
Variable Write,context=Ring:2#startPos:125,result=9
Method Exit,returner=Ring:2#startPos:125,value=9
Field Read,context=Ring:2,st
Variable Write,context=Ring:2#maxRing:125,i=9
Field Read,context=Ring:2,st
Field Read,context=Ring:2,st
Field Read,context=Ring:2,st
Variable Write,context=Ring:2#maxRing:125,i=10
Field Read,context=Ring:2,st
Field Read,context=Ring:2,st
Field Read,context=Ring:2,st
Variable Write,context=Ring:2#maxRing:125,i=11
Field Read,context=Ring:2,st
Field Read,context=Ring:2,st
Field Read,context=Ring:2,used
Field Read,context=Ring:2,ed
Field Read,context=Ring:2,st
Field Read,context=Ring:2,used
Variable Delete,method=Ring:2#maxRing:125 <name=i,type=int (id=7),value=<?>,index=2>
Variable Write,context=Ring:2#maxRing:125,result=1
Method Exit,returner=Ring:2#maxRing:125,value=1
Variable Write,context=Ring:2#maxRing:123,le=1
Field Read,context=Ring:2,st
Variable Write,context=Ring:2#maxRing:123,i=5
Variable Delete,method=Ring:2#maxRing:123 <name=le,type=int (id=7),value=<?>,index=3>
Field Read,context=Ring:2,st
Field Read,context=Ring:2,used
Variable Delete,method=Ring:2#maxRing:123 <name=i,type=int (id=7),value=<?>,index=2>
Variable Write,context=Ring:2#maxRing:123,result=2
Method Exit,returner=Ring:2#maxRing:123,value=2
Variable Write,context=Ring:2#maxRing:122,le=2
Variable Write,context=Ring:2#maxRing:122,len=2
Field Read,context=Ring:2,st
Variable Write,context=Ring:2#maxRing:122,i=6
Variable Delete,method=Ring:2#maxRing:122 <name=le,type=int (id=7),value=<?>,index=3>
Field Read,context=Ring:2,st
Field Read,context=Ring:2,st
Field Read,context=Ring:2,used
Field Read,context=Ring:2,ed
Field Read,context=Ring:2,st
Variable Write,context=Ring:2#maxRing:122,i=7
Field Read,context=Ring:2,st
Field Read,context=Ring:2,used
Variable Delete,method=Ring:2#maxRing:122 <name=i,type=int (id=7),value=<?>,index=2>
Variable Write,context=Ring:2#maxRing:122,result=3
Method Exit,returner=Ring:2#maxRing:122,value=3
Variable Write,context=Ring:2#maxRing:121,le=3
Variable Write,context=Ring:2#maxRing:121,len=3
Field Read,context=Ring:2,st
Variable Write,context=Ring:2#maxRing:121,i=8
Variable Delete,method=Ring:2#maxRing:121 <name=le,type=int (id=7),value=<?>,index=3>
Field Read,context=Ring:2,st
Field Read,context=Ring:2,st
Field Read,context=Ring:2,used
Field Read,context=Ring:2,ed
Field Read,context=Ring:2,st
Variable Write,context=Ring:2#maxRing:121,i=9
Field Read,context=Ring:2,st
Field Read,context=Ring:2,used
Variable Delete,method=Ring:2#maxRing:121 <name=i,type=int (id=7),value=<?>,index=2>
Variable Write,context=Ring:2#maxRing:121,result=4
Method Exit,returner=Ring:2#maxRing:121,value=4
Variable Write,context=Ring:2#maxRing:115,le=4
Field Read,context=Ring:2,st
Variable Write,context=Ring:2#maxRing:115,i=11
Variable Delete,method=Ring:2#maxRing:115 <name=le,type=int (id=7),value=<?>,index=3>
Field Read,context=Ring:2,st
Field Read,context=Ring:2,used
Variable Delete,method=Ring:2#maxRing:115 <name=i,type=int (id=7),value=<?>,index=2>
Variable Write,context=Ring:2#maxRing:115,result=5
Method Exit,returner=Ring:2#maxRing:115,value=5
Variable Write,context=Main#main:1,mm=5
Method Call,caller=Main#main:1,target=Ring:2#elem:14
Field Read,context=Ring:2,elemP
Field Read,context=Ring:2,st
Field Read,context=Ring:2,st
Field Read,context=Ring:2,elemP
Field Read,context=Ring:2,elemV
Field Read,context=Ring:2,elemP
Field Write,context=Ring:2,elemP=10
Field Read,context=Ring:2,elemP
Field Read,context=Ring:2,st
Field Read,context=Ring:2,st
Field Read,context=Ring:2,elemP
Field Read,context=Ring:2,elemV
Field Read,context=Ring:2,elemP
Field Write,context=Ring:2,elemP=11
Field Read,context=Ring:2,elemP
Field Read,context=Ring:2,st
Field Read,context=Ring:2,st
Field Read,context=Ring:2,elemP
Field Read,context=Ring:2,elemV
Field Read,context=Ring:2,st
Field Read,context=Ring:2,elemP
Field Write,context=Ring:2,elemV=6
Field Read,context=Ring:2,elemV
Variable Write,context=Ring:2#elem:14,result=6
Method Exit,returner=Ring:2#elem:14,value=6
Variable Write,context=Main#main:1,x=6
Variable Delete,method=Main#main:1 <name=mm,type=int (id=7),value=<?>,index=9>
Method Call,caller=Main#main:1,target=Ring:2#maxRing:126
Variable Write,context=Ring:2#maxRing:126,r=6
Field Read,context=Ring:2,used
Variable Write,context=Ring:2#maxRing:126,len=0
Method Call,caller=Ring:2#maxRing:126,target=Ring:2#startPos:126
Variable Write,context=Ring:2#startPos:126,r=6
Field Read,context=Ring:2,st
Variable Write,context=Ring:2#startPos:126,i=6
Field Read,context=Ring:2,st
Variable Write,context=Ring:2#startPos:126,m=3
Field Read,context=Ring:2,st
Variable Write,context=Ring:2#startPos:126,i=9
Variable Delete,method=Ring:2#startPos:126 <name=m,type=int (id=7),value=<?>,index=2>
Variable Write,context=Ring:2#startPos:126,j=9
Field Read,context=Ring:2,st
Variable Write,context=Ring:2#startPos:126,result=9
Method Exit,returner=Ring:2#startPos:126,value=9
Field Read,context=Ring:2,st
Variable Write,context=Ring:2#maxRing:126,i=9
Field Read,context=Ring:2,st
Field Read,context=Ring:2,st
Field Read,context=Ring:2,st
Variable Write,context=Ring:2#maxRing:126,i=10
Field Read,context=Ring:2,st
Field Read,context=Ring:2,st
Field Read,context=Ring:2,st
Variable Write,context=Ring:2#maxRing:126,i=11
Field Read,context=Ring:2,st
Field Read,context=Ring:2,st
Field Read,context=Ring:2,used
Field Read,context=Ring:2,ed
Field Read,context=Ring:2,ed
Method Call,caller=Ring:2#maxRing:126,target=Ring:2#maxRing:127
Variable Write,context=Ring:2#maxRing:127,r=2
Field Read,context=Ring:2,used
Variable Write,context=Ring:2#maxRing:127,len=0
Method Call,caller=Ring:2#maxRing:127,target=Ring:2#startPos:127
Variable Write,context=Ring:2#startPos:127,r=2
Field Read,context=Ring:2,st
Variable Write,context=Ring:2#startPos:127,i=6
Field Read,context=Ring:2,st
Variable Write,context=Ring:2#startPos:127,m=3
Field Read,context=Ring:2,st
Variable Write,context=Ring:2#startPos:127,i=3
Variable Delete,method=Ring:2#startPos:127 <name=m,type=int (id=7),value=<?>,index=2>
Variable Write,context=Ring:2#startPos:127,j=3
Field Read,context=Ring:2,st
Field Read,context=Ring:2,st
Field Read,context=Ring:2,st
Variable Write,context=Ring:2#startPos:127,j=1
Variable Write,context=Ring:2#startPos:127,result=1
Method Exit,returner=Ring:2#startPos:127,value=1
Field Read,context=Ring:2,st
Variable Write,context=Ring:2#maxRing:127,i=1
Field Read,context=Ring:2,st
Field Read,context=Ring:2,st
Field Read,context=Ring:2,st
Variable Write,context=Ring:2#maxRing:127,i=2
Field Read,context=Ring:2,st
Field Read,context=Ring:2,st
Field Read,context=Ring:2,used
Field Read,context=Ring:2,ed
Field Read,context=Ring:2,ed
Method Call,caller=Ring:2#maxRing:127,target=Ring:2#maxRing:128
Variable Write,context=Ring:2#maxRing:128,r=1
Field Read,context=Ring:2,used
Variable Write,context=Ring:2#maxRing:128,len=0
Method Call,caller=Ring:2#maxRing:128,target=Ring:2#startPos:128
Variable Write,context=Ring:2#startPos:128,r=1
Field Read,context=Ring:2,st
Variable Write,context=Ring:2#startPos:128,i=6
Field Read,context=Ring:2,st
Variable Write,context=Ring:2#startPos:128,m=3
Field Read,context=Ring:2,st
Variable Write,context=Ring:2#startPos:128,i=3
Variable Delete,method=Ring:2#startPos:128 <name=m,type=int (id=7),value=<?>,index=2>
Variable Write,context=Ring:2#startPos:128,j=3
Field Read,context=Ring:2,st
Field Read,context=Ring:2,st
Field Read,context=Ring:2,st
Variable Write,context=Ring:2#startPos:128,j=0
Variable Write,context=Ring:2#startPos:128,result=0
Method Exit,returner=Ring:2#startPos:128,value=0
Field Read,context=Ring:2,st
Variable Write,context=Ring:2#maxRing:128,i=0
Field Read,context=Ring:2,st
Field Read,context=Ring:2,st
Field Read,context=Ring:2,used
Field Read,context=Ring:2,ed
Field Read,context=Ring:2,st
Variable Write,context=Ring:2#maxRing:128,i=1
Field Read,context=Ring:2,st
Field Read,context=Ring:2,st
Field Read,context=Ring:2,used
Field Read,context=Ring:2,ed
Field Read,context=Ring:2,ed
Method Call,caller=Ring:2#maxRing:128,target=Ring:2#maxRing:129
Variable Write,context=Ring:2#maxRing:129,r=5
Field Read,context=Ring:2,used
Variable Write,context=Ring:2#maxRing:129,len=0
Method Call,caller=Ring:2#maxRing:129,target=Ring:2#startPos:129
Variable Write,context=Ring:2#startPos:129,r=5
Field Read,context=Ring:2,st
Variable Write,context=Ring:2#startPos:129,i=6
Field Read,context=Ring:2,st
Variable Write,context=Ring:2#startPos:129,m=3
Field Read,context=Ring:2,st
Variable Write,context=Ring:2#startPos:129,i=9
Variable Delete,method=Ring:2#startPos:129 <name=m,type=int (id=7),value=<?>,index=2>
Variable Write,context=Ring:2#startPos:129,j=9
Field Read,context=Ring:2,st
Field Read,context=Ring:2,st
Variable Write,context=Ring:2#startPos:129,j=8
Variable Write,context=Ring:2#startPos:129,result=8
Method Exit,returner=Ring:2#startPos:129,value=8
Field Read,context=Ring:2,st
Variable Write,context=Ring:2#maxRing:129,i=8
Field Read,context=Ring:2,st
Field Read,context=Ring:2,st
Field Read,context=Ring:2,st
Variable Write,context=Ring:2#maxRing:129,i=9
Field Read,context=Ring:2,st
Field Read,context=Ring:2,st
Field Read,context=Ring:2,used
Field Read,context=Ring:2,ed
Field Read,context=Ring:2,st
Variable Write,context=Ring:2#maxRing:129,i=10
Field Read,context=Ring:2,st
Field Read,context=Ring:2,st
Field Read,context=Ring:2,used
Field Read,context=Ring:2,ed
Field Read,context=Ring:2,ed
Method Call,caller=Ring:2#maxRing:129,target=Ring:2#maxRing:130
Variable Write,context=Ring:2#maxRing:130,r=4
Field Read,context=Ring:2,used
Variable Write,context=Ring:2#maxRing:130,len=0
Method Call,caller=Ring:2#maxRing:130,target=Ring:2#startPos:130
Variable Write,context=Ring:2#startPos:130,r=4
Field Read,context=Ring:2,st
Variable Write,context=Ring:2#startPos:130,i=6
Field Read,context=Ring:2,st
Variable Write,context=Ring:2#startPos:130,m=3
Field Read,context=Ring:2,st
Variable Write,context=Ring:2#startPos:130,i=9
Variable Delete,method=Ring:2#startPos:130 <name=m,type=int (id=7),value=<?>,index=2>
Variable Write,context=Ring:2#startPos:130,j=9
Field Read,context=Ring:2,st
Field Read,context=Ring:2,st
Field Read,context=Ring:2,st
Field Read,context=Ring:2,st
Variable Write,context=Ring:2#startPos:130,j=6
Variable Write,context=Ring:2#startPos:130,result=6
Method Exit,returner=Ring:2#startPos:130,value=6
Field Read,context=Ring:2,st
Variable Write,context=Ring:2#maxRing:130,i=6
Field Read,context=Ring:2,st
Field Read,context=Ring:2,st
Field Read,context=Ring:2,st
Variable Write,context=Ring:2#maxRing:130,i=7
Field Read,context=Ring:2,st
Field Read,context=Ring:2,st
Field Read,context=Ring:2,used
Field Read,context=Ring:2,ed
Field Read,context=Ring:2,ed
Method Call,caller=Ring:2#maxRing:130,target=Ring:2#maxRing:131
Variable Write,context=Ring:2#maxRing:131,r=3
Field Read,context=Ring:2,used
Variable Write,context=Ring:2#maxRing:131,len=0
Method Call,caller=Ring:2#maxRing:131,target=Ring:2#startPos:131
Variable Write,context=Ring:2#startPos:131,r=3
Field Read,context=Ring:2,st
Variable Write,context=Ring:2#startPos:131,i=6
Field Read,context=Ring:2,st
Variable Write,context=Ring:2#startPos:131,j=6
Field Read,context=Ring:2,st
Field Read,context=Ring:2,st
Field Read,context=Ring:2,st
Variable Write,context=Ring:2#startPos:131,j=4
Variable Write,context=Ring:2#startPos:131,result=4
Method Exit,returner=Ring:2#startPos:131,value=4
Field Read,context=Ring:2,st
Variable Write,context=Ring:2#maxRing:131,i=4
Field Read,context=Ring:2,st
Field Read,context=Ring:2,st
Field Read,context=Ring:2,st
Variable Write,context=Ring:2#maxRing:131,i=5
Field Read,context=Ring:2,st
Field Read,context=Ring:2,st
Field Read,context=Ring:2,used
Field Read,context=Ring:2,ed
Field Read,context=Ring:2,st
Variable Write,context=Ring:2#maxRing:131,i=6
Field Read,context=Ring:2,st
Field Read,context=Ring:2,st
Field Read,context=Ring:2,used
Field Read,context=Ring:2,ed
Field Read,context=Ring:2,st
Variable Write,context=Ring:2#maxRing:131,i=7
Field Read,context=Ring:2,st
Field Read,context=Ring:2,used
Variable Delete,method=Ring:2#maxRing:131 <name=i,type=int (id=7),value=<?>,index=2>
Variable Write,context=Ring:2#maxRing:131,result=1
Method Exit,returner=Ring:2#maxRing:131,value=1
Variable Write,context=Ring:2#maxRing:130,le=1
Variable Write,context=Ring:2#maxRing:130,len=1
Field Read,context=Ring:2,st
Variable Write,context=Ring:2#maxRing:130,i=8
Variable Delete,method=Ring:2#maxRing:130 <name=le,type=int (id=7),value=<?>,index=3>
Field Read,context=Ring:2,st
Field Read,context=Ring:2,st
Field Read,context=Ring:2,used
Field Read,context=Ring:2,ed
Field Read,context=Ring:2,st
Variable Write,context=Ring:2#maxRing:130,i=9
Field Read,context=Ring:2,st
Field Read,context=Ring:2,used
Variable Delete,method=Ring:2#maxRing:130 <name=i,type=int (id=7),value=<?>,index=2>
Variable Write,context=Ring:2#maxRing:130,result=2
Method Exit,returner=Ring:2#maxRing:130,value=2
Variable Write,context=Ring:2#maxRing:129,le=2
Variable Write,context=Ring:2#maxRing:129,len=2
Field Read,context=Ring:2,st
Variable Write,context=Ring:2#maxRing:129,i=11
Variable Delete,method=Ring:2#maxRing:129 <name=le,type=int (id=7),value=<?>,index=3>
Field Read,context=Ring:2,st
Field Read,context=Ring:2,used
Variable Delete,method=Ring:2#maxRing:129 <name=i,type=int (id=7),value=<?>,index=2>
Variable Write,context=Ring:2#maxRing:129,result=3
Method Exit,returner=Ring:2#maxRing:129,value=3
Variable Write,context=Ring:2#maxRing:128,le=3
Variable Write,context=Ring:2#maxRing:128,len=3
Field Read,context=Ring:2,st
Variable Write,context=Ring:2#maxRing:128,i=2
Variable Delete,method=Ring:2#maxRing:128 <name=le,type=int (id=7),value=<?>,index=3>
Field Read,context=Ring:2,st
Field Read,context=Ring:2,used
Variable Delete,method=Ring:2#maxRing:128 <name=i,type=int (id=7),value=<?>,index=2>
Variable Write,context=Ring:2#maxRing:128,result=4
Method Exit,returner=Ring:2#maxRing:128,value=4
Variable Write,context=Ring:2#maxRing:127,le=4
Variable Write,context=Ring:2#maxRing:127,len=4
Field Read,context=Ring:2,st
Variable Write,context=Ring:2#maxRing:127,i=3
Variable Delete,method=Ring:2#maxRing:127 <name=le,type=int (id=7),value=<?>,index=3>
Field Read,context=Ring:2,st
Field Read,context=Ring:2,st
Field Read,context=Ring:2,used
Field Read,context=Ring:2,ed
Field Read,context=Ring:2,ed
Method Call,caller=Ring:2#maxRing:127,target=Ring:2#maxRing:132
Variable Write,context=Ring:2#maxRing:132,r=3
Field Read,context=Ring:2,used
Variable Write,context=Ring:2#maxRing:132,len=0
Method Call,caller=Ring:2#maxRing:132,target=Ring:2#startPos:132
Variable Write,context=Ring:2#startPos:132,r=3
Field Read,context=Ring:2,st
Variable Write,context=Ring:2#startPos:132,i=6
Field Read,context=Ring:2,st
Variable Write,context=Ring:2#startPos:132,j=6
Field Read,context=Ring:2,st
Field Read,context=Ring:2,st
Field Read,context=Ring:2,st
Variable Write,context=Ring:2#startPos:132,j=4
Variable Write,context=Ring:2#startPos:132,result=4
Method Exit,returner=Ring:2#startPos:132,value=4
Field Read,context=Ring:2,st
Variable Write,context=Ring:2#maxRing:132,i=4
Field Read,context=Ring:2,st
Field Read,context=Ring:2,st
Field Read,context=Ring:2,st
Variable Write,context=Ring:2#maxRing:132,i=5
Field Read,context=Ring:2,st
Field Read,context=Ring:2,st
Field Read,context=Ring:2,used
Field Read,context=Ring:2,ed
Field Read,context=Ring:2,st
Variable Write,context=Ring:2#maxRing:132,i=6
Field Read,context=Ring:2,st
Field Read,context=Ring:2,st
Field Read,context=Ring:2,used
Field Read,context=Ring:2,ed
Field Read,context=Ring:2,ed
Method Call,caller=Ring:2#maxRing:132,target=Ring:2#maxRing:133
Variable Write,context=Ring:2#maxRing:133,r=4
Field Read,context=Ring:2,used
Variable Write,context=Ring:2#maxRing:133,len=0
Method Call,caller=Ring:2#maxRing:133,target=Ring:2#startPos:133
Variable Write,context=Ring:2#startPos:133,r=4
Field Read,context=Ring:2,st
Variable Write,context=Ring:2#startPos:133,i=6
Field Read,context=Ring:2,st
Variable Write,context=Ring:2#startPos:133,m=3
Field Read,context=Ring:2,st
Variable Write,context=Ring:2#startPos:133,i=9
Variable Delete,method=Ring:2#startPos:133 <name=m,type=int (id=7),value=<?>,index=2>
Variable Write,context=Ring:2#startPos:133,j=9
Field Read,context=Ring:2,st
Field Read,context=Ring:2,st
Field Read,context=Ring:2,st
Field Read,context=Ring:2,st
Variable Write,context=Ring:2#startPos:133,j=6
Variable Write,context=Ring:2#startPos:133,result=6
Method Exit,returner=Ring:2#startPos:133,value=6
Field Read,context=Ring:2,st
Variable Write,context=Ring:2#maxRing:133,i=6
Field Read,context=Ring:2,st
Field Read,context=Ring:2,st
Field Read,context=Ring:2,st
Variable Write,context=Ring:2#maxRing:133,i=7
Field Read,context=Ring:2,st
Field Read,context=Ring:2,st
Field Read,context=Ring:2,used
Field Read,context=Ring:2,ed
Field Read,context=Ring:2,st
Variable Write,context=Ring:2#maxRing:133,i=8
Field Read,context=Ring:2,st
Field Read,context=Ring:2,st
Field Read,context=Ring:2,used
Field Read,context=Ring:2,ed
Field Read,context=Ring:2,ed
Method Call,caller=Ring:2#maxRing:133,target=Ring:2#maxRing:134
Variable Write,context=Ring:2#maxRing:134,r=5
Field Read,context=Ring:2,used
Variable Write,context=Ring:2#maxRing:134,len=0
Method Call,caller=Ring:2#maxRing:134,target=Ring:2#startPos:134
Variable Write,context=Ring:2#startPos:134,r=5
Field Read,context=Ring:2,st
Variable Write,context=Ring:2#startPos:134,i=6
Field Read,context=Ring:2,st
Variable Write,context=Ring:2#startPos:134,m=3
Field Read,context=Ring:2,st
Variable Write,context=Ring:2#startPos:134,i=9
Variable Delete,method=Ring:2#startPos:134 <name=m,type=int (id=7),value=<?>,index=2>
Variable Write,context=Ring:2#startPos:134,j=9
Field Read,context=Ring:2,st
Field Read,context=Ring:2,st
Variable Write,context=Ring:2#startPos:134,j=8
Variable Write,context=Ring:2#startPos:134,result=8
Method Exit,returner=Ring:2#startPos:134,value=8
Field Read,context=Ring:2,st
Variable Write,context=Ring:2#maxRing:134,i=8
Field Read,context=Ring:2,st
Field Read,context=Ring:2,st
Field Read,context=Ring:2,st
Variable Write,context=Ring:2#maxRing:134,i=9
Field Read,context=Ring:2,st
Field Read,context=Ring:2,st
Field Read,context=Ring:2,used
Field Read,context=Ring:2,ed
Field Read,context=Ring:2,ed
Method Call,caller=Ring:2#maxRing:134,target=Ring:2#maxRing:135
Variable Write,context=Ring:2#maxRing:135,r=1
Field Read,context=Ring:2,used
Variable Write,context=Ring:2#maxRing:135,len=0
Method Call,caller=Ring:2#maxRing:135,target=Ring:2#startPos:135
Variable Write,context=Ring:2#startPos:135,r=1
Field Read,context=Ring:2,st
Variable Write,context=Ring:2#startPos:135,i=6
Field Read,context=Ring:2,st
Variable Write,context=Ring:2#startPos:135,m=3
Field Read,context=Ring:2,st
Variable Write,context=Ring:2#startPos:135,i=3
Variable Delete,method=Ring:2#startPos:135 <name=m,type=int (id=7),value=<?>,index=2>
Variable Write,context=Ring:2#startPos:135,j=3
Field Read,context=Ring:2,st
Field Read,context=Ring:2,st
Field Read,context=Ring:2,st
Variable Write,context=Ring:2#startPos:135,j=0
Variable Write,context=Ring:2#startPos:135,result=0
Method Exit,returner=Ring:2#startPos:135,value=0
Field Read,context=Ring:2,st
Variable Write,context=Ring:2#maxRing:135,i=0
Field Read,context=Ring:2,st
Field Read,context=Ring:2,st
Field Read,context=Ring:2,used
Field Read,context=Ring:2,ed
Field Read,context=Ring:2,st
Variable Write,context=Ring:2#maxRing:135,i=1
Field Read,context=Ring:2,st
Field Read,context=Ring:2,st
Field Read,context=Ring:2,used
Field Read,context=Ring:2,ed
Field Read,context=Ring:2,st
Variable Write,context=Ring:2#maxRing:135,i=2
Field Read,context=Ring:2,st
Field Read,context=Ring:2,used
Variable Delete,method=Ring:2#maxRing:135 <name=i,type=int (id=7),value=<?>,index=2>
Variable Write,context=Ring:2#maxRing:135,result=1
Method Exit,returner=Ring:2#maxRing:135,value=1
Variable Write,context=Ring:2#maxRing:134,le=1
Variable Write,context=Ring:2#maxRing:134,len=1
Field Read,context=Ring:2,st
Variable Write,context=Ring:2#maxRing:134,i=10
Variable Delete,method=Ring:2#maxRing:134 <name=le,type=int (id=7),value=<?>,index=3>
Field Read,context=Ring:2,st
Field Read,context=Ring:2,st
Field Read,context=Ring:2,used
Field Read,context=Ring:2,ed
Field Read,context=Ring:2,st
Variable Write,context=Ring:2#maxRing:134,i=11
Field Read,context=Ring:2,st
Field Read,context=Ring:2,used
Variable Delete,method=Ring:2#maxRing:134 <name=i,type=int (id=7),value=<?>,index=2>
Variable Write,context=Ring:2#maxRing:134,result=2
Method Exit,returner=Ring:2#maxRing:134,value=2
Variable Write,context=Ring:2#maxRing:133,le=2
Variable Write,context=Ring:2#maxRing:133,len=2
Field Read,context=Ring:2,st
Variable Write,context=Ring:2#maxRing:133,i=9
Variable Delete,method=Ring:2#maxRing:133 <name=le,type=int (id=7),value=<?>,index=3>
Field Read,context=Ring:2,st
Field Read,context=Ring:2,used
Variable Delete,method=Ring:2#maxRing:133 <name=i,type=int (id=7),value=<?>,index=2>
Variable Write,context=Ring:2#maxRing:133,result=3
Method Exit,returner=Ring:2#maxRing:133,value=3
Variable Write,context=Ring:2#maxRing:132,le=3
Variable Write,context=Ring:2#maxRing:132,len=3
Field Read,context=Ring:2,st
Variable Write,context=Ring:2#maxRing:132,i=7
Variable Delete,method=Ring:2#maxRing:132 <name=le,type=int (id=7),value=<?>,index=3>
Field Read,context=Ring:2,st
Field Read,context=Ring:2,used
Variable Delete,method=Ring:2#maxRing:132 <name=i,type=int (id=7),value=<?>,index=2>
Variable Write,context=Ring:2#maxRing:132,result=4
Method Exit,returner=Ring:2#maxRing:132,value=4
Variable Write,context=Ring:2#maxRing:127,le=4
Field Read,context=Ring:2,st
Variable Write,context=Ring:2#maxRing:127,i=4
Variable Delete,method=Ring:2#maxRing:127 <name=le,type=int (id=7),value=<?>,index=3>
Field Read,context=Ring:2,st
Field Read,context=Ring:2,st
Field Read,context=Ring:2,used
Field Read,context=Ring:2,ed
Field Read,context=Ring:2,st
Variable Write,context=Ring:2#maxRing:127,i=5
Field Read,context=Ring:2,st
Field Read,context=Ring:2,used
Variable Delete,method=Ring:2#maxRing:127 <name=i,type=int (id=7),value=<?>,index=2>
Variable Write,context=Ring:2#maxRing:127,result=5
Method Exit,returner=Ring:2#maxRing:127,value=5
Variable Write,context=Ring:2#maxRing:126,le=5
Variable Write,context=Ring:2#maxRing:126,len=5
Field Read,context=Ring:2,st
Variable Delete,method=Ring:2#maxRing:126 <name=le,type=int (id=7),value=<?>,index=3>
Field Read,context=Ring:2,used
Variable Delete,method=Ring:2#maxRing:126 <name=i,type=int (id=7),value=<?>,index=2>
Variable Write,context=Ring:2#maxRing:126,result=6
Method Exit,returner=Ring:2#maxRing:126,value=6
Variable Write,context=Main#main:1,mm=6
Method Call,caller=Main#main:1,target=Ring:2#elem:15
Field Read,context=Ring:2,elemP
Field Read,context=Ring:2,st
Field Read,context=Ring:2,st
Field Read,context=Ring:2,elemP
Field Read,context=Ring:2,elemV
Field Read,context=Ring:2,elemP
Field Write,context=Ring:2,elemP=12
Field Read,context=Ring:2,elemP
Field Read,context=Ring:2,st
Variable Write,context=Ring:2#elem:15,result=-1
Method Exit,returner=Ring:2#elem:15,value=-1
Variable Delete,method=Main#main:1 <name=mm,type=int (id=7),value=<?>,index=9>
Variable Delete,method=Main#main:1 <name=x,type=int (id=7),value=<?>,index=8>
Variable Delete,method=Main#main:1 <name=n,type=int (id=7),value=<?>,index=2>
Variable Delete,method=Main#main:1 <name=r,type=Ring (id=95),value=<?>,index=3>
Variable Delete,method=Main#main:1 <name=max,type=int (id=7),value=<?>,index=7>
Variable Write,context=Main#main:1,n=7
New Object,object=Ring:3
Method Call,caller=Main#main:1,target=Ring:3#Ring:3
Variable Write,context=Ring:3#Ring:3,n=7
Field Write,context=Ring:3,used=boolean[101] (id=375)
Field Write,context=Ring:3,elemP=0
Field Write,context=Ring:3,elemV=-1
New Object,object=int[]:5
Field Write,context=int[]:5,0=0
Field Write,context=int[]:5,1=0
Field Write,context=int[]:5,2=0
Field Write,context=int[]:5,3=0
Field Write,context=int[]:5,4=0
Field Write,context=int[]:5,5=0
Field Write,context=int[]:5,6=0
Field Write,context=int[]:5,7=0
Field Write,context=int[]:5,8=0
Field Write,context=int[]:5,9=0
Field Write,context=int[]:5,10=0
Field Write,context=int[]:5,11=0
Field Write,context=int[]:5,12=0
Field Write,context=int[]:5,13=0
Field Write,context=Ring:3,st=int[]:5
New Object,object=int[]:6
Field Write,context=int[]:6,0=0
Field Write,context=int[]:6,1=0
Field Write,context=int[]:6,2=0
Field Write,context=int[]:6,3=0
Field Write,context=int[]:6,4=0
Field Write,context=int[]:6,5=0
Field Write,context=int[]:6,6=0
Field Write,context=int[]:6,7=0
Field Write,context=int[]:6,8=0
Field Write,context=int[]:6,9=0
Field Write,context=int[]:6,10=0
Field Write,context=int[]:6,11=0
Field Write,context=int[]:6,12=0
Field Write,context=int[]:6,13=0
Field Write,context=Ring:3,ed=int[]:6
Method Exit,returner=Ring:3#Ring:3,value=<void>
Variable Write,context=Main#main:1,r=Ring:3
Variable Write,context=Main#main:1,i=0
Variable Write,context=Main#main:1,x=1
Variable Write,context=Main#main:1,y=3
Method Call,caller=Main#main:1,target=Ring:3#add:14
Variable Write,context=Ring:3#add:14,y=3
Variable Write,context=Ring:3#add:14,i=0
Variable Write,context=Ring:3#add:14,x=1
Field Read,context=Ring:3,st
Field Write,context=int[]:5,0=1
Field Read,context=Ring:3,ed
Field Write,context=int[]:6,0=3
Field Read,context=Ring:3,st
Field Write,context=int[]:5,1=3
Field Read,context=Ring:3,ed
Field Write,context=int[]:6,1=1
Method Exit,returner=Ring:3#add:14,value=<void>
Variable Write,context=Main#main:1,i=1
Variable Delete,method=Main#main:1 <name=x,type=int (id=7),value=<?>,index=5>
Variable Delete,method=Main#main:1 <name=y,type=int (id=7),value=<?>,index=6>
Variable Write,context=Main#main:1,x=2
Variable Write,context=Main#main:1,y=4
Method Call,caller=Main#main:1,target=Ring:3#add:15
Variable Write,context=Ring:3#add:15,y=4
Variable Write,context=Ring:3#add:15,i=1
Variable Write,context=Ring:3#add:15,x=2
Field Read,context=Ring:3,st
Field Write,context=int[]:5,2=2
Field Read,context=Ring:3,ed
Field Write,context=int[]:6,2=4
Field Read,context=Ring:3,st
Field Write,context=int[]:5,3=4
Field Read,context=Ring:3,ed
Field Write,context=int[]:6,3=2
Method Exit,returner=Ring:3#add:15,value=<void>
Variable Write,context=Main#main:1,i=2
Variable Delete,method=Main#main:1 <name=x,type=int (id=7),value=<?>,index=5>
Variable Delete,method=Main#main:1 <name=y,type=int (id=7),value=<?>,index=6>
Variable Write,context=Main#main:1,x=3
Variable Write,context=Main#main:1,y=5
Method Call,caller=Main#main:1,target=Ring:3#add:16
Variable Write,context=Ring:3#add:16,y=5
Variable Write,context=Ring:3#add:16,i=2
Variable Write,context=Ring:3#add:16,x=3
Field Read,context=Ring:3,st
Field Write,context=int[]:5,4=3
Field Read,context=Ring:3,ed
Field Write,context=int[]:6,4=5
Field Read,context=Ring:3,st
Field Write,context=int[]:5,5=5
Field Read,context=Ring:3,ed
Field Write,context=int[]:6,5=3
Method Exit,returner=Ring:3#add:16,value=<void>
Variable Write,context=Main#main:1,i=3
Variable Delete,method=Main#main:1 <name=x,type=int (id=7),value=<?>,index=5>
Variable Delete,method=Main#main:1 <name=y,type=int (id=7),value=<?>,index=6>
Variable Write,context=Main#main:1,x=4
Variable Write,context=Main#main:1,y=6
Method Call,caller=Main#main:1,target=Ring:3#add:17
Variable Write,context=Ring:3#add:17,y=6
Variable Write,context=Ring:3#add:17,i=3
Variable Write,context=Ring:3#add:17,x=4
Field Read,context=Ring:3,st
Field Write,context=int[]:5,6=4
Field Read,context=Ring:3,ed
Field Write,context=int[]:6,6=6
Field Read,context=Ring:3,st
Field Write,context=int[]:5,7=6
Field Read,context=Ring:3,ed
Field Write,context=int[]:6,7=4
Method Exit,returner=Ring:3#add:17,value=<void>
Variable Write,context=Main#main:1,i=4
Variable Delete,method=Main#main:1 <name=x,type=int (id=7),value=<?>,index=5>
Variable Delete,method=Main#main:1 <name=y,type=int (id=7),value=<?>,index=6>
Variable Write,context=Main#main:1,x=6
Variable Write,context=Main#main:1,y=7
Method Call,caller=Main#main:1,target=Ring:3#add:18
Variable Write,context=Ring:3#add:18,y=7
Variable Write,context=Ring:3#add:18,i=4
Variable Write,context=Ring:3#add:18,x=6
Field Read,context=Ring:3,st
Field Write,context=int[]:5,8=6
Field Read,context=Ring:3,ed
Field Write,context=int[]:6,8=7
Field Read,context=Ring:3,st
Field Write,context=int[]:5,9=7
Field Read,context=Ring:3,ed
Field Write,context=int[]:6,9=6
Method Exit,returner=Ring:3#add:18,value=<void>
Variable Write,context=Main#main:1,i=5
Variable Delete,method=Main#main:1 <name=x,type=int (id=7),value=<?>,index=5>
Variable Delete,method=Main#main:1 <name=y,type=int (id=7),value=<?>,index=6>
Variable Write,context=Main#main:1,x=2
Variable Write,context=Main#main:1,y=6
Method Call,caller=Main#main:1,target=Ring:3#add:19
Variable Write,context=Ring:3#add:19,y=6
Variable Write,context=Ring:3#add:19,i=5
Variable Write,context=Ring:3#add:19,x=2
Field Read,context=Ring:3,st
Field Write,context=int[]:5,10=2
Field Read,context=Ring:3,ed
Field Write,context=int[]:6,10=6
Field Read,context=Ring:3,st
Field Write,context=int[]:5,11=6
Field Read,context=Ring:3,ed
Field Write,context=int[]:6,11=2
Method Exit,returner=Ring:3#add:19,value=<void>
Variable Write,context=Main#main:1,i=6
Variable Delete,method=Main#main:1 <name=x,type=int (id=7),value=<?>,index=5>
Variable Delete,method=Main#main:1 <name=y,type=int (id=7),value=<?>,index=6>
Variable Write,context=Main#main:1,x=4
Variable Write,context=Main#main:1,y=7
Method Call,caller=Main#main:1,target=Ring:3#add:20
Variable Write,context=Ring:3#add:20,y=7
Variable Write,context=Ring:3#add:20,i=6
Variable Write,context=Ring:3#add:20,x=4
Field Read,context=Ring:3,st
Field Write,context=int[]:5,12=4
Field Read,context=Ring:3,ed
Field Write,context=int[]:6,12=7
Field Read,context=Ring:3,st
Field Write,context=int[]:5,13=7
Field Read,context=Ring:3,ed
Field Write,context=int[]:6,13=4
Method Exit,returner=Ring:3#add:20,value=<void>
Variable Delete,method=Main#main:1 <name=x,type=int (id=7),value=<?>,index=5>
Variable Delete,method=Main#main:1 <name=y,type=int (id=7),value=<?>,index=6>
Method Call,caller=Main#main:1,target=Ring:3#sort:3
Field Read,context=Ring:3,st
Variable Write,context=Ring:3#sort:3,i=0
Field Read,context=Ring:3,st
Variable Write,context=Ring:3#sort:3,j=13
Field Read,context=Ring:3,st
Field Read,context=Ring:3,st
Field Read,context=Ring:3,st
Field Read,context=Ring:3,st
Variable Write,context=Ring:3#sort:3,j=12
Field Read,context=Ring:3,st
Field Read,context=Ring:3,st
Field Read,context=Ring:3,st
Variable Write,context=Ring:3#sort:3,tmp=4
Field Read,context=Ring:3,st
Field Read,context=Ring:3,st
Field Write,context=int[]:5,12=6
Field Read,context=Ring:3,st
Field Write,context=int[]:5,11=4
Field Read,context=Ring:3,ed
Variable Write,context=Ring:3#sort:3,tmp=7
Field Read,context=Ring:3,ed
Field Read,context=Ring:3,ed
Field Write,context=int[]:6,12=2
Field Read,context=Ring:3,ed
Field Write,context=int[]:6,11=7
Variable Write,context=Ring:3#sort:3,j=11
Variable Delete,method=Ring:3#sort:3 <name=tmp,type=int (id=7),value=<?>,index=2>
Field Read,context=Ring:3,st
Field Read,context=Ring:3,st
Field Read,context=Ring:3,st
Field Read,context=Ring:3,st
Variable Write,context=Ring:3#sort:3,j=10
Field Read,context=Ring:3,st
Field Read,context=Ring:3,st
Field Read,context=Ring:3,st
Variable Write,context=Ring:3#sort:3,tmp=2
Field Read,context=Ring:3,st
Field Read,context=Ring:3,st
Field Write,context=int[]:5,10=7
Field Read,context=Ring:3,st
Field Write,context=int[]:5,9=2
Field Read,context=Ring:3,ed
Variable Write,context=Ring:3#sort:3,tmp=6
Field Read,context=Ring:3,ed
Field Read,context=Ring:3,ed
Field Read,context=Ring:3,ed
Variable Write,context=Ring:3#sort:3,j=9
Variable Delete,method=Ring:3#sort:3 <name=tmp,type=int (id=7),value=<?>,index=2>
Field Read,context=Ring:3,st
Field Read,context=Ring:3,st
Field Read,context=Ring:3,st
Variable Write,context=Ring:3#sort:3,tmp=2
Field Read,context=Ring:3,st
Field Read,context=Ring:3,st
Field Write,context=int[]:5,9=6
Field Read,context=Ring:3,st
Field Write,context=int[]:5,8=2
Field Read,context=Ring:3,ed
Variable Write,context=Ring:3#sort:3,tmp=6
Field Read,context=Ring:3,ed
Field Read,context=Ring:3,ed
Field Write,context=int[]:6,9=7
Field Read,context=Ring:3,ed
Field Write,context=int[]:6,8=6
Variable Write,context=Ring:3#sort:3,j=8
Variable Delete,method=Ring:3#sort:3 <name=tmp,type=int (id=7),value=<?>,index=2>
Field Read,context=Ring:3,st
Field Read,context=Ring:3,st
Field Read,context=Ring:3,st
Variable Write,context=Ring:3#sort:3,tmp=2
Field Read,context=Ring:3,st
Field Read,context=Ring:3,st
Field Write,context=int[]:5,8=6
Field Read,context=Ring:3,st
Field Write,context=int[]:5,7=2
Field Read,context=Ring:3,ed
Variable Write,context=Ring:3#sort:3,tmp=6
Field Read,context=Ring:3,ed
Field Read,context=Ring:3,ed
Field Write,context=int[]:6,8=4
Field Read,context=Ring:3,ed
Field Write,context=int[]:6,7=6
Variable Write,context=Ring:3#sort:3,j=7
Variable Delete,method=Ring:3#sort:3 <name=tmp,type=int (id=7),value=<?>,index=2>
Field Read,context=Ring:3,st
Field Read,context=Ring:3,st
Field Read,context=Ring:3,st
Variable Write,context=Ring:3#sort:3,tmp=2
Field Read,context=Ring:3,st
Field Read,context=Ring:3,st
Field Write,context=int[]:5,7=4
Field Read,context=Ring:3,st
Field Write,context=int[]:5,6=2
Field Read,context=Ring:3,ed
Variable Write,context=Ring:3#sort:3,tmp=6
Field Read,context=Ring:3,ed
Field Read,context=Ring:3,ed
Field Read,context=Ring:3,ed
Variable Write,context=Ring:3#sort:3,j=6
Variable Delete,method=Ring:3#sort:3 <name=tmp,type=int (id=7),value=<?>,index=2>
Field Read,context=Ring:3,st
Field Read,context=Ring:3,st
Field Read,context=Ring:3,st
Variable Write,context=Ring:3#sort:3,tmp=2
Field Read,context=Ring:3,st
Field Read,context=Ring:3,st
Field Write,context=int[]:5,6=5
Field Read,context=Ring:3,st
Field Write,context=int[]:5,5=2
Field Read,context=Ring:3,ed
Variable Write,context=Ring:3#sort:3,tmp=6
Field Read,context=Ring:3,ed
Field Read,context=Ring:3,ed
Field Write,context=int[]:6,6=3
Field Read,context=Ring:3,ed
Field Write,context=int[]:6,5=6
Variable Write,context=Ring:3#sort:3,j=5
Variable Delete,method=Ring:3#sort:3 <name=tmp,type=int (id=7),value=<?>,index=2>
Field Read,context=Ring:3,st
Field Read,context=Ring:3,st
Field Read,context=Ring:3,st
Variable Write,context=Ring:3#sort:3,tmp=2
Field Read,context=Ring:3,st
Field Read,context=Ring:3,st
Field Write,context=int[]:5,5=3
Field Read,context=Ring:3,st
Field Write,context=int[]:5,4=2
Field Read,context=Ring:3,ed
Variable Write,context=Ring:3#sort:3,tmp=6
Field Read,context=Ring:3,ed
Field Read,context=Ring:3,ed
Field Write,context=int[]:6,5=5
Field Read,context=Ring:3,ed
Field Write,context=int[]:6,4=6
Variable Write,context=Ring:3#sort:3,j=4
Variable Delete,method=Ring:3#sort:3 <name=tmp,type=int (id=7),value=<?>,index=2>
Field Read,context=Ring:3,st
Field Read,context=Ring:3,st
Field Read,context=Ring:3,st
Variable Write,context=Ring:3#sort:3,tmp=2
Field Read,context=Ring:3,st
Field Read,context=Ring:3,st
Field Write,context=int[]:5,4=4
Field Read,context=Ring:3,st
Field Write,context=int[]:5,3=2
Field Read,context=Ring:3,ed
Variable Write,context=Ring:3#sort:3,tmp=6
Field Read,context=Ring:3,ed
Field Read,context=Ring:3,ed
Field Write,context=int[]:6,4=2
Field Read,context=Ring:3,ed
Field Write,context=int[]:6,3=6
Variable Write,context=Ring:3#sort:3,j=3
Variable Delete,method=Ring:3#sort:3 <name=tmp,type=int (id=7),value=<?>,index=2>
Field Read,context=Ring:3,st
Field Read,context=Ring:3,st
Field Read,context=Ring:3,st
Field Read,context=Ring:3,st
Field Read,context=Ring:3,ed
Field Read,context=Ring:3,ed
Variable Write,context=Ring:3#sort:3,j=2
Field Read,context=Ring:3,st
Field Read,context=Ring:3,st
Field Read,context=Ring:3,st
Variable Write,context=Ring:3#sort:3,tmp=2
Field Read,context=Ring:3,st
Field Read,context=Ring:3,st
Field Write,context=int[]:5,2=3
Field Read,context=Ring:3,st
Field Write,context=int[]:5,1=2
Field Read,context=Ring:3,ed
Variable Write,context=Ring:3#sort:3,tmp=4
Field Read,context=Ring:3,ed
Field Read,context=Ring:3,ed
Field Write,context=int[]:6,2=1
Field Read,context=Ring:3,ed
Field Write,context=int[]:6,1=4
Variable Write,context=Ring:3#sort:3,j=1
Variable Delete,method=Ring:3#sort:3 <name=tmp,type=int (id=7),value=<?>,index=2>
Field Read,context=Ring:3,st
Field Read,context=Ring:3,st
Field Read,context=Ring:3,st
Field Read,context=Ring:3,st
Field Read,context=Ring:3,st
Variable Write,context=Ring:3#sort:3,i=1
Variable Delete,method=Ring:3#sort:3 <name=j,type=int (id=7),value=<?>,index=1>
Field Read,context=Ring:3,st
Variable Write,context=Ring:3#sort:3,j=13
Field Read,context=Ring:3,st
Field Read,context=Ring:3,st
Field Read,context=Ring:3,st
Field Read,context=Ring:3,st
Variable Write,context=Ring:3#sort:3,j=12
Field Read,context=Ring:3,st
Field Read,context=Ring:3,st
Field Read,context=Ring:3,st
Field Read,context=Ring:3,st
Variable Write,context=Ring:3#sort:3,j=11
Field Read,context=Ring:3,st
Field Read,context=Ring:3,st
Field Read,context=Ring:3,st
Variable Write,context=Ring:3#sort:3,tmp=4
Field Read,context=Ring:3,st
Field Read,context=Ring:3,st
Field Write,context=int[]:5,11=7
Field Read,context=Ring:3,st
Field Write,context=int[]:5,10=4
Field Read,context=Ring:3,ed
Variable Write,context=Ring:3#sort:3,tmp=7
Field Read,context=Ring:3,ed
Field Read,context=Ring:3,ed
Field Write,context=int[]:6,11=6
Field Read,context=Ring:3,ed
Field Write,context=int[]:6,10=7
Variable Write,context=Ring:3#sort:3,j=10
Variable Delete,method=Ring:3#sort:3 <name=tmp,type=int (id=7),value=<?>,index=2>
Field Read,context=Ring:3,st
Field Read,context=Ring:3,st
Field Read,context=Ring:3,st
Variable Write,context=Ring:3#sort:3,tmp=4
Field Read,context=Ring:3,st
Field Read,context=Ring:3,st
Field Write,context=int[]:5,10=6
Field Read,context=Ring:3,st
Field Write,context=int[]:5,9=4
Field Read,context=Ring:3,ed
Variable Write,context=Ring:3#sort:3,tmp=7
Field Read,context=Ring:3,ed
Field Read,context=Ring:3,ed
Field Read,context=Ring:3,ed
Variable Write,context=Ring:3#sort:3,j=9
Variable Delete,method=Ring:3#sort:3 <name=tmp,type=int (id=7),value=<?>,index=2>
Field Read,context=Ring:3,st
Field Read,context=Ring:3,st
Field Read,context=Ring:3,st
Variable Write,context=Ring:3#sort:3,tmp=4
Field Read,context=Ring:3,st
Field Read,context=Ring:3,st
Field Write,context=int[]:5,9=6
Field Read,context=Ring:3,st
Field Write,context=int[]:5,8=4
Field Read,context=Ring:3,ed
Variable Write,context=Ring:3#sort:3,tmp=7
Field Read,context=Ring:3,ed
Field Read,context=Ring:3,ed
Field Write,context=int[]:6,9=4
Field Read,context=Ring:3,ed
Field Write,context=int[]:6,8=7
Variable Write,context=Ring:3#sort:3,j=8
Variable Delete,method=Ring:3#sort:3 <name=tmp,type=int (id=7),value=<?>,index=2>
Field Read,context=Ring:3,st
Field Read,context=Ring:3,st
Field Read,context=Ring:3,st
Field Read,context=Ring:3,st
Field Read,context=Ring:3,ed
Field Read,context=Ring:3,ed
Variable Write,context=Ring:3#sort:3,j=7
Field Read,context=Ring:3,st
Field Read,context=Ring:3,st
Field Read,context=Ring:3,st
Variable Write,context=Ring:3#sort:3,tmp=4
Field Read,context=Ring:3,st
Field Read,context=Ring:3,st
Field Write,context=int[]:5,7=5
Field Read,context=Ring:3,st
Field Write,context=int[]:5,6=4
Field Read,context=Ring:3,ed
Variable Write,context=Ring:3#sort:3,tmp=6
Field Read,context=Ring:3,ed
Field Read,context=Ring:3,ed
Field Write,context=int[]:6,7=3
Field Read,context=Ring:3,ed
Field Write,context=int[]:6,6=6
Variable Write,context=Ring:3#sort:3,j=6
Variable Delete,method=Ring:3#sort:3 <name=tmp,type=int (id=7),value=<?>,index=2>
Field Read,context=Ring:3,st
Field Read,context=Ring:3,st
Field Read,context=Ring:3,st
Field Read,context=Ring:3,st
Variable Write,context=Ring:3#sort:3,j=5
Field Read,context=Ring:3,st
Field Read,context=Ring:3,st
Field Read,context=Ring:3,st
Variable Write,context=Ring:3#sort:3,tmp=3
Field Read,context=Ring:3,st
Field Read,context=Ring:3,st
Field Write,context=int[]:5,5=4
Field Read,context=Ring:3,st
Field Write,context=int[]:5,4=3
Field Read,context=Ring:3,ed
Variable Write,context=Ring:3#sort:3,tmp=5
Field Read,context=Ring:3,ed
Field Read,context=Ring:3,ed
Field Write,context=int[]:6,5=2
Field Read,context=Ring:3,ed
Field Write,context=int[]:6,4=5
Variable Write,context=Ring:3#sort:3,j=4
Variable Delete,method=Ring:3#sort:3 <name=tmp,type=int (id=7),value=<?>,index=2>
Field Read,context=Ring:3,st
Field Read,context=Ring:3,st
Field Read,context=Ring:3,st
Field Read,context=Ring:3,st
Variable Write,context=Ring:3#sort:3,j=3
Field Read,context=Ring:3,st
Field Read,context=Ring:3,st
Field Read,context=Ring:3,st
Variable Write,context=Ring:3#sort:3,tmp=2
Field Read,context=Ring:3,st
Field Read,context=Ring:3,st
Field Write,context=int[]:5,3=3
Field Read,context=Ring:3,st
Field Write,context=int[]:5,2=2
Field Read,context=Ring:3,ed
Variable Write,context=Ring:3#sort:3,tmp=6
Field Read,context=Ring:3,ed
Field Read,context=Ring:3,ed
Field Write,context=int[]:6,3=1
Field Read,context=Ring:3,ed
Field Write,context=int[]:6,2=6
Variable Write,context=Ring:3#sort:3,j=2
Variable Delete,method=Ring:3#sort:3 <name=tmp,type=int (id=7),value=<?>,index=2>
Field Read,context=Ring:3,st
Field Read,context=Ring:3,st
Field Read,context=Ring:3,st
Field Read,context=Ring:3,st
Field Read,context=Ring:3,ed
Field Read,context=Ring:3,ed
Field Read,context=Ring:3,st
Variable Write,context=Ring:3#sort:3,i=2
Variable Delete,method=Ring:3#sort:3 <name=j,type=int (id=7),value=<?>,index=1>
Field Read,context=Ring:3,st
Variable Write,context=Ring:3#sort:3,j=13
Field Read,context=Ring:3,st
Field Read,context=Ring:3,st
Field Read,context=Ring:3,st
Field Read,context=Ring:3,st
Variable Write,context=Ring:3#sort:3,j=12
Field Read,context=Ring:3,st
Field Read,context=Ring:3,st
Field Read,context=Ring:3,st
Variable Write,context=Ring:3#sort:3,tmp=6
Field Read,context=Ring:3,st
Field Read,context=Ring:3,st
Field Write,context=int[]:5,12=7
Field Read,context=Ring:3,st
Field Write,context=int[]:5,11=6
Field Read,context=Ring:3,ed
Variable Write,context=Ring:3#sort:3,tmp=2
Field Read,context=Ring:3,ed
Field Read,context=Ring:3,ed
Field Write,context=int[]:6,12=6
Field Read,context=Ring:3,ed
Field Write,context=int[]:6,11=2
Variable Write,context=Ring:3#sort:3,j=11
Variable Delete,method=Ring:3#sort:3 <name=tmp,type=int (id=7),value=<?>,index=2>
Field Read,context=Ring:3,st
Field Read,context=Ring:3,st
Field Read,context=Ring:3,st
Field Read,context=Ring:3,st
Field Read,context=Ring:3,ed
Field Read,context=Ring:3,ed
Field Read,context=Ring:3,st
Variable Write,context=Ring:3#sort:3,tmp=6
Field Read,context=Ring:3,st
Field Read,context=Ring:3,st
Field Read,context=Ring:3,st
Field Read,context=Ring:3,ed
Variable Write,context=Ring:3#sort:3,tmp=2
Field Read,context=Ring:3,ed
Field Read,context=Ring:3,ed
Field Write,context=int[]:6,11=7
Field Read,context=Ring:3,ed
Field Write,context=int[]:6,10=2
Variable Write,context=Ring:3#sort:3,j=10
Variable Delete,method=Ring:3#sort:3 <name=tmp,type=int (id=7),value=<?>,index=2>
Field Read,context=Ring:3,st
Field Read,context=Ring:3,st
Field Read,context=Ring:3,st
Field Read,context=Ring:3,st
Field Read,context=Ring:3,ed
Field Read,context=Ring:3,ed
Field Read,context=Ring:3,st
Variable Write,context=Ring:3#sort:3,tmp=6
Field Read,context=Ring:3,st
Field Read,context=Ring:3,st
Field Read,context=Ring:3,st
Field Read,context=Ring:3,ed
Variable Write,context=Ring:3#sort:3,tmp=2
Field Read,context=Ring:3,ed
Field Read,context=Ring:3,ed
Field Write,context=int[]:6,10=4
Field Read,context=Ring:3,ed
Field Write,context=int[]:6,9=2
Variable Write,context=Ring:3#sort:3,j=9
Variable Delete,method=Ring:3#sort:3 <name=tmp,type=int (id=7),value=<?>,index=2>
Field Read,context=Ring:3,st
Field Read,context=Ring:3,st
Field Read,context=Ring:3,st
Field Read,context=Ring:3,st
Variable Write,context=Ring:3#sort:3,j=8
Field Read,context=Ring:3,st
Field Read,context=Ring:3,st
Field Read,context=Ring:3,st
Variable Write,context=Ring:3#sort:3,tmp=4
Field Read,context=Ring:3,st
Field Read,context=Ring:3,st
Field Write,context=int[]:5,8=5
Field Read,context=Ring:3,st
Field Write,context=int[]:5,7=4
Field Read,context=Ring:3,ed
Variable Write,context=Ring:3#sort:3,tmp=7
Field Read,context=Ring:3,ed
Field Read,context=Ring:3,ed
Field Write,context=int[]:6,8=3
Field Read,context=Ring:3,ed
Field Write,context=int[]:6,7=7
Variable Write,context=Ring:3#sort:3,j=7
Variable Delete,method=Ring:3#sort:3 <name=tmp,type=int (id=7),value=<?>,index=2>
Field Read,context=Ring:3,st
Field Read,context=Ring:3,st
Field Read,context=Ring:3,st
Field Read,context=Ring:3,st
Field Read,context=Ring:3,ed
Field Read,context=Ring:3,ed
Variable Write,context=Ring:3#sort:3,j=6
Field Read,context=Ring:3,st
Field Read,context=Ring:3,st
Field Read,context=Ring:3,st
Field Read,context=Ring:3,st
Field Read,context=Ring:3,ed
Field Read,context=Ring:3,ed
Variable Write,context=Ring:3#sort:3,j=5
Field Read,context=Ring:3,st
Field Read,context=Ring:3,st
Field Read,context=Ring:3,st
Field Read,context=Ring:3,st
Variable Write,context=Ring:3#sort:3,j=4
Field Read,context=Ring:3,st
Field Read,context=Ring:3,st
Field Read,context=Ring:3,st
Field Read,context=Ring:3,st
Field Read,context=Ring:3,ed
Field Read,context=Ring:3,ed
Variable Write,context=Ring:3#sort:3,j=3
Field Read,context=Ring:3,st
Field Read,context=Ring:3,st
Field Read,context=Ring:3,st
Field Read,context=Ring:3,st
Field Read,context=Ring:3,st
Variable Write,context=Ring:3#sort:3,i=3
Variable Delete,method=Ring:3#sort:3 <name=j,type=int (id=7),value=<?>,index=1>
Field Read,context=Ring:3,st
Variable Write,context=Ring:3#sort:3,j=13
Field Read,context=Ring:3,st
Field Read,context=Ring:3,st
Field Read,context=Ring:3,st
Field Read,context=Ring:3,st
Field Read,context=Ring:3,ed
Field Read,context=Ring:3,ed
Field Read,context=Ring:3,st
Variable Write,context=Ring:3#sort:3,tmp=7
Field Read,context=Ring:3,st
Field Read,context=Ring:3,st
Field Read,context=Ring:3,st
Field Read,context=Ring:3,ed
Variable Write,context=Ring:3#sort:3,tmp=4
Field Read,context=Ring:3,ed
Field Read,context=Ring:3,ed
Field Write,context=int[]:6,13=6
Field Read,context=Ring:3,ed
Field Write,context=int[]:6,12=4
Variable Write,context=Ring:3#sort:3,j=12
Variable Delete,method=Ring:3#sort:3 <name=tmp,type=int (id=7),value=<?>,index=2>
Field Read,context=Ring:3,st
Field Read,context=Ring:3,st
Field Read,context=Ring:3,st
Field Read,context=Ring:3,st
Variable Write,context=Ring:3#sort:3,j=11
Field Read,context=Ring:3,st
Field Read,context=Ring:3,st
Field Read,context=Ring:3,st
Field Read,context=Ring:3,st
Field Read,context=Ring:3,ed
Field Read,context=Ring:3,ed
Variable Write,context=Ring:3#sort:3,j=10
Field Read,context=Ring:3,st
Field Read,context=Ring:3,st
Field Read,context=Ring:3,st
Field Read,context=Ring:3,st
Field Read,context=Ring:3,ed
Field Read,context=Ring:3,ed
Variable Write,context=Ring:3#sort:3,j=9
Field Read,context=Ring:3,st
Field Read,context=Ring:3,st
Field Read,context=Ring:3,st
Field Read,context=Ring:3,st
Variable Write,context=Ring:3#sort:3,j=8
Field Read,context=Ring:3,st
Field Read,context=Ring:3,st
Field Read,context=Ring:3,st
Field Read,context=Ring:3,st
Variable Write,context=Ring:3#sort:3,j=7
Field Read,context=Ring:3,st
Field Read,context=Ring:3,st
Field Read,context=Ring:3,st
Field Read,context=Ring:3,st
Field Read,context=Ring:3,ed
Field Read,context=Ring:3,ed
Variable Write,context=Ring:3#sort:3,j=6
Field Read,context=Ring:3,st
Field Read,context=Ring:3,st
Field Read,context=Ring:3,st
Field Read,context=Ring:3,st
Field Read,context=Ring:3,ed
Field Read,context=Ring:3,ed
Variable Write,context=Ring:3#sort:3,j=5
Field Read,context=Ring:3,st
Field Read,context=Ring:3,st
Field Read,context=Ring:3,st
Field Read,context=Ring:3,st
Variable Write,context=Ring:3#sort:3,j=4
Field Read,context=Ring:3,st
Field Read,context=Ring:3,st
Field Read,context=Ring:3,st
Field Read,context=Ring:3,st
Field Read,context=Ring:3,ed
Field Read,context=Ring:3,ed
Field Read,context=Ring:3,st
Variable Write,context=Ring:3#sort:3,i=4
Variable Delete,method=Ring:3#sort:3 <name=j,type=int (id=7),value=<?>,index=1>
Field Read,context=Ring:3,st
Variable Write,context=Ring:3#sort:3,j=13
Field Read,context=Ring:3,st
Field Read,context=Ring:3,st
Field Read,context=Ring:3,st
Field Read,context=Ring:3,st
Field Read,context=Ring:3,ed
Field Read,context=Ring:3,ed
Variable Write,context=Ring:3#sort:3,j=12
Field Read,context=Ring:3,st
Field Read,context=Ring:3,st
Field Read,context=Ring:3,st
Field Read,context=Ring:3,st
Variable Write,context=Ring:3#sort:3,j=11
Field Read,context=Ring:3,st
Field Read,context=Ring:3,st
Field Read,context=Ring:3,st
Field Read,context=Ring:3,st
Field Read,context=Ring:3,ed
Field Read,context=Ring:3,ed
Variable Write,context=Ring:3#sort:3,j=10
Field Read,context=Ring:3,st
Field Read,context=Ring:3,st
Field Read,context=Ring:3,st
Field Read,context=Ring:3,st
Field Read,context=Ring:3,ed
Field Read,context=Ring:3,ed
Variable Write,context=Ring:3#sort:3,j=9
Field Read,context=Ring:3,st
Field Read,context=Ring:3,st
Field Read,context=Ring:3,st
Field Read,context=Ring:3,st
Variable Write,context=Ring:3#sort:3,j=8
Field Read,context=Ring:3,st
Field Read,context=Ring:3,st
Field Read,context=Ring:3,st
Field Read,context=Ring:3,st
Variable Write,context=Ring:3#sort:3,j=7
Field Read,context=Ring:3,st
Field Read,context=Ring:3,st
Field Read,context=Ring:3,st
Field Read,context=Ring:3,st
Field Read,context=Ring:3,ed
Field Read,context=Ring:3,ed
Variable Write,context=Ring:3#sort:3,j=6
Field Read,context=Ring:3,st
Field Read,context=Ring:3,st
Field Read,context=Ring:3,st
Field Read,context=Ring:3,st
Field Read,context=Ring:3,ed
Field Read,context=Ring:3,ed
Variable Write,context=Ring:3#sort:3,j=5
Field Read,context=Ring:3,st
Field Read,context=Ring:3,st
Field Read,context=Ring:3,st
Field Read,context=Ring:3,st
Field Read,context=Ring:3,st
Variable Write,context=Ring:3#sort:3,i=5
Variable Delete,method=Ring:3#sort:3 <name=j,type=int (id=7),value=<?>,index=1>
Field Read,context=Ring:3,st
Variable Write,context=Ring:3#sort:3,j=13
Field Read,context=Ring:3,st
Field Read,context=Ring:3,st
Field Read,context=Ring:3,st
Field Read,context=Ring:3,st
Field Read,context=Ring:3,ed
Field Read,context=Ring:3,ed
Variable Write,context=Ring:3#sort:3,j=12
Field Read,context=Ring:3,st
Field Read,context=Ring:3,st
Field Read,context=Ring:3,st
Field Read,context=Ring:3,st
Variable Write,context=Ring:3#sort:3,j=11
Field Read,context=Ring:3,st
Field Read,context=Ring:3,st
Field Read,context=Ring:3,st
Field Read,context=Ring:3,st
Field Read,context=Ring:3,ed
Field Read,context=Ring:3,ed
Variable Write,context=Ring:3#sort:3,j=10
Field Read,context=Ring:3,st
Field Read,context=Ring:3,st
Field Read,context=Ring:3,st
Field Read,context=Ring:3,st
Field Read,context=Ring:3,ed
Field Read,context=Ring:3,ed
Variable Write,context=Ring:3#sort:3,j=9
Field Read,context=Ring:3,st
Field Read,context=Ring:3,st
Field Read,context=Ring:3,st
Field Read,context=Ring:3,st
Variable Write,context=Ring:3#sort:3,j=8
Field Read,context=Ring:3,st
Field Read,context=Ring:3,st
Field Read,context=Ring:3,st
Field Read,context=Ring:3,st
Variable Write,context=Ring:3#sort:3,j=7
Field Read,context=Ring:3,st
Field Read,context=Ring:3,st
Field Read,context=Ring:3,st
Field Read,context=Ring:3,st
Field Read,context=Ring:3,ed
Field Read,context=Ring:3,ed
Variable Write,context=Ring:3#sort:3,j=6
Field Read,context=Ring:3,st
Field Read,context=Ring:3,st
Field Read,context=Ring:3,st
Field Read,context=Ring:3,st
Field Read,context=Ring:3,ed
Field Read,context=Ring:3,ed
Field Read,context=Ring:3,st
Variable Write,context=Ring:3#sort:3,i=6
Variable Delete,method=Ring:3#sort:3 <name=j,type=int (id=7),value=<?>,index=1>
Field Read,context=Ring:3,st
Variable Write,context=Ring:3#sort:3,j=13
Field Read,context=Ring:3,st
Field Read,context=Ring:3,st
Field Read,context=Ring:3,st
Field Read,context=Ring:3,st
Field Read,context=Ring:3,ed
Field Read,context=Ring:3,ed
Variable Write,context=Ring:3#sort:3,j=12
Field Read,context=Ring:3,st
Field Read,context=Ring:3,st
Field Read,context=Ring:3,st
Field Read,context=Ring:3,st
Variable Write,context=Ring:3#sort:3,j=11
Field Read,context=Ring:3,st
Field Read,context=Ring:3,st
Field Read,context=Ring:3,st
Field Read,context=Ring:3,st
Field Read,context=Ring:3,ed
Field Read,context=Ring:3,ed
Variable Write,context=Ring:3#sort:3,j=10
Field Read,context=Ring:3,st
Field Read,context=Ring:3,st
Field Read,context=Ring:3,st
Field Read,context=Ring:3,st
Field Read,context=Ring:3,ed
Field Read,context=Ring:3,ed
Variable Write,context=Ring:3#sort:3,j=9
Field Read,context=Ring:3,st
Field Read,context=Ring:3,st
Field Read,context=Ring:3,st
Field Read,context=Ring:3,st
Variable Write,context=Ring:3#sort:3,j=8
Field Read,context=Ring:3,st
Field Read,context=Ring:3,st
Field Read,context=Ring:3,st
Field Read,context=Ring:3,st
Variable Write,context=Ring:3#sort:3,j=7
Field Read,context=Ring:3,st
Field Read,context=Ring:3,st
Field Read,context=Ring:3,st
Field Read,context=Ring:3,st
Field Read,context=Ring:3,ed
Field Read,context=Ring:3,ed
Field Read,context=Ring:3,st
Variable Write,context=Ring:3#sort:3,i=7
Variable Delete,method=Ring:3#sort:3 <name=j,type=int (id=7),value=<?>,index=1>
Field Read,context=Ring:3,st
Variable Write,context=Ring:3#sort:3,j=13
Field Read,context=Ring:3,st
Field Read,context=Ring:3,st
Field Read,context=Ring:3,st
Field Read,context=Ring:3,st
Field Read,context=Ring:3,ed
Field Read,context=Ring:3,ed
Variable Write,context=Ring:3#sort:3,j=12
Field Read,context=Ring:3,st
Field Read,context=Ring:3,st
Field Read,context=Ring:3,st
Field Read,context=Ring:3,st
Variable Write,context=Ring:3#sort:3,j=11
Field Read,context=Ring:3,st
Field Read,context=Ring:3,st
Field Read,context=Ring:3,st
Field Read,context=Ring:3,st
Field Read,context=Ring:3,ed
Field Read,context=Ring:3,ed
Variable Write,context=Ring:3#sort:3,j=10
Field Read,context=Ring:3,st
Field Read,context=Ring:3,st
Field Read,context=Ring:3,st
Field Read,context=Ring:3,st
Field Read,context=Ring:3,ed
Field Read,context=Ring:3,ed
Variable Write,context=Ring:3#sort:3,j=9
Field Read,context=Ring:3,st
Field Read,context=Ring:3,st
Field Read,context=Ring:3,st
Field Read,context=Ring:3,st
Variable Write,context=Ring:3#sort:3,j=8
Field Read,context=Ring:3,st
Field Read,context=Ring:3,st
Field Read,context=Ring:3,st
Field Read,context=Ring:3,st
Field Read,context=Ring:3,st
Variable Write,context=Ring:3#sort:3,i=8
Variable Delete,method=Ring:3#sort:3 <name=j,type=int (id=7),value=<?>,index=1>
Field Read,context=Ring:3,st
Variable Write,context=Ring:3#sort:3,j=13
Field Read,context=Ring:3,st
Field Read,context=Ring:3,st
Field Read,context=Ring:3,st
Field Read,context=Ring:3,st
Field Read,context=Ring:3,ed
Field Read,context=Ring:3,ed
Variable Write,context=Ring:3#sort:3,j=12
Field Read,context=Ring:3,st
Field Read,context=Ring:3,st
Field Read,context=Ring:3,st
Field Read,context=Ring:3,st
Variable Write,context=Ring:3#sort:3,j=11
Field Read,context=Ring:3,st
Field Read,context=Ring:3,st
Field Read,context=Ring:3,st
Field Read,context=Ring:3,st
Field Read,context=Ring:3,ed
Field Read,context=Ring:3,ed
Variable Write,context=Ring:3#sort:3,j=10
Field Read,context=Ring:3,st
Field Read,context=Ring:3,st
Field Read,context=Ring:3,st
Field Read,context=Ring:3,st
Field Read,context=Ring:3,ed
Field Read,context=Ring:3,ed
Variable Write,context=Ring:3#sort:3,j=9
Field Read,context=Ring:3,st
Field Read,context=Ring:3,st
Field Read,context=Ring:3,st
Field Read,context=Ring:3,st
Field Read,context=Ring:3,st
Variable Write,context=Ring:3#sort:3,i=9
Variable Delete,method=Ring:3#sort:3 <name=j,type=int (id=7),value=<?>,index=1>
Field Read,context=Ring:3,st
Variable Write,context=Ring:3#sort:3,j=13
Field Read,context=Ring:3,st
Field Read,context=Ring:3,st
Field Read,context=Ring:3,st
Field Read,context=Ring:3,st
Field Read,context=Ring:3,ed
Field Read,context=Ring:3,ed
Variable Write,context=Ring:3#sort:3,j=12
Field Read,context=Ring:3,st
Field Read,context=Ring:3,st
Field Read,context=Ring:3,st
Field Read,context=Ring:3,st
Variable Write,context=Ring:3#sort:3,j=11
Field Read,context=Ring:3,st
Field Read,context=Ring:3,st
Field Read,context=Ring:3,st
Field Read,context=Ring:3,st
Field Read,context=Ring:3,ed
Field Read,context=Ring:3,ed
Variable Write,context=Ring:3#sort:3,j=10
Field Read,context=Ring:3,st
Field Read,context=Ring:3,st
Field Read,context=Ring:3,st
Field Read,context=Ring:3,st
Field Read,context=Ring:3,ed
Field Read,context=Ring:3,ed
Field Read,context=Ring:3,st
Variable Write,context=Ring:3#sort:3,i=10
Variable Delete,method=Ring:3#sort:3 <name=j,type=int (id=7),value=<?>,index=1>
Field Read,context=Ring:3,st
Variable Write,context=Ring:3#sort:3,j=13
Field Read,context=Ring:3,st
Field Read,context=Ring:3,st
Field Read,context=Ring:3,st
Field Read,context=Ring:3,st
Field Read,context=Ring:3,ed
Field Read,context=Ring:3,ed
Variable Write,context=Ring:3#sort:3,j=12
Field Read,context=Ring:3,st
Field Read,context=Ring:3,st
Field Read,context=Ring:3,st
Field Read,context=Ring:3,st
Variable Write,context=Ring:3#sort:3,j=11
Field Read,context=Ring:3,st
Field Read,context=Ring:3,st
Field Read,context=Ring:3,st
Field Read,context=Ring:3,st
Field Read,context=Ring:3,ed
Field Read,context=Ring:3,ed
Field Read,context=Ring:3,st
Variable Write,context=Ring:3#sort:3,i=11
Variable Delete,method=Ring:3#sort:3 <name=j,type=int (id=7),value=<?>,index=1>
Field Read,context=Ring:3,st
Variable Write,context=Ring:3#sort:3,j=13
Field Read,context=Ring:3,st
Field Read,context=Ring:3,st
Field Read,context=Ring:3,st
Field Read,context=Ring:3,st
Field Read,context=Ring:3,ed
Field Read,context=Ring:3,ed
Variable Write,context=Ring:3#sort:3,j=12
Field Read,context=Ring:3,st
Field Read,context=Ring:3,st
Field Read,context=Ring:3,st
Field Read,context=Ring:3,st
Field Read,context=Ring:3,st
Variable Write,context=Ring:3#sort:3,i=12
Variable Delete,method=Ring:3#sort:3 <name=j,type=int (id=7),value=<?>,index=1>
Field Read,context=Ring:3,st
Variable Write,context=Ring:3#sort:3,j=13
Field Read,context=Ring:3,st
Field Read,context=Ring:3,st
Field Read,context=Ring:3,st
Field Read,context=Ring:3,st
Field Read,context=Ring:3,ed
Field Read,context=Ring:3,ed
Field Read,context=Ring:3,st
Variable Write,context=Ring:3#sort:3,i=13
Variable Delete,method=Ring:3#sort:3 <name=j,type=int (id=7),value=<?>,index=1>
Field Read,context=Ring:3,st
Field Read,context=Ring:3,st
Method Exit,returner=Ring:3#sort:3,value=<void>
Variable Delete,method=Main#main:1 <name=i,type=int (id=7),value=<?>,index=4>
Variable Write,context=Main#main:1,max=0
Method Call,caller=Main#main:1,target=Ring:3#elem:16
Field Read,context=Ring:3,elemP
Field Read,context=Ring:3,st
Field Read,context=Ring:3,st
Field Read,context=Ring:3,elemP
Field Read,context=Ring:3,elemV
Field Read,context=Ring:3,st
Field Read,context=Ring:3,elemP
Field Write,context=Ring:3,elemV=1
Field Read,context=Ring:3,elemV
Variable Write,context=Ring:3#elem:16,result=1
Method Exit,returner=Ring:3#elem:16,value=1
Variable Write,context=Main#main:1,x=1
Method Call,caller=Main#main:1,target=Ring:3#maxRing:136
Variable Write,context=Ring:3#maxRing:136,r=1
Field Read,context=Ring:3,used
Variable Write,context=Ring:3#maxRing:136,len=0
Method Call,caller=Ring:3#maxRing:136,target=Ring:3#startPos:136
Variable Write,context=Ring:3#startPos:136,r=1
Field Read,context=Ring:3,st
Variable Write,context=Ring:3#startPos:136,i=7
Field Read,context=Ring:3,st
Variable Write,context=Ring:3#startPos:136,m=3
Field Read,context=Ring:3,st
Variable Write,context=Ring:3#startPos:136,i=4
Variable Delete,method=Ring:3#startPos:136 <name=m,type=int (id=7),value=<?>,index=2>
Variable Write,context=Ring:3#startPos:136,j=4
Field Read,context=Ring:3,st
Field Read,context=Ring:3,st
Field Read,context=Ring:3,st
Field Read,context=Ring:3,st
Variable Write,context=Ring:3#startPos:136,j=0
Variable Write,context=Ring:3#startPos:136,result=0
Method Exit,returner=Ring:3#startPos:136,value=0
Field Read,context=Ring:3,st
Variable Write,context=Ring:3#maxRing:136,i=0
Field Read,context=Ring:3,st
Field Read,context=Ring:3,st
Field Read,context=Ring:3,used
Field Read,context=Ring:3,ed
Field Read,context=Ring:3,ed
Method Call,caller=Ring:3#maxRing:136,target=Ring:3#maxRing:137
Variable Write,context=Ring:3#maxRing:137,r=3
Field Read,context=Ring:3,used
Variable Write,context=Ring:3#maxRing:137,len=0
Method Call,caller=Ring:3#maxRing:137,target=Ring:3#startPos:137
Variable Write,context=Ring:3#startPos:137,r=3
Field Read,context=Ring:3,st
Variable Write,context=Ring:3#startPos:137,i=7
Field Read,context=Ring:3,st
Variable Write,context=Ring:3#startPos:137,m=3
Field Read,context=Ring:3,st
Variable Write,context=Ring:3#startPos:137,i=4
Variable Delete,method=Ring:3#startPos:137 <name=m,type=int (id=7),value=<?>,index=2>
Variable Write,context=Ring:3#startPos:137,j=4
Field Read,context=Ring:3,st
Field Read,context=Ring:3,st
Field Read,context=Ring:3,st
Variable Write,context=Ring:3#startPos:137,j=2
Variable Write,context=Ring:3#startPos:137,result=2
Method Exit,returner=Ring:3#startPos:137,value=2
Field Read,context=Ring:3,st
Variable Write,context=Ring:3#maxRing:137,i=2
Field Read,context=Ring:3,st
Field Read,context=Ring:3,st
Field Read,context=Ring:3,st
Variable Write,context=Ring:3#maxRing:137,i=3
Field Read,context=Ring:3,st
Field Read,context=Ring:3,st
Field Read,context=Ring:3,used
Field Read,context=Ring:3,ed
Field Read,context=Ring:3,st
Variable Write,context=Ring:3#maxRing:137,i=4
Field Read,context=Ring:3,st
Field Read,context=Ring:3,st
Field Read,context=Ring:3,used
Field Read,context=Ring:3,ed
Field Read,context=Ring:3,ed
Method Call,caller=Ring:3#maxRing:137,target=Ring:3#maxRing:138
Variable Write,context=Ring:3#maxRing:138,r=5
Field Read,context=Ring:3,used
Variable Write,context=Ring:3#maxRing:138,len=0
Method Call,caller=Ring:3#maxRing:138,target=Ring:3#startPos:138
Variable Write,context=Ring:3#startPos:138,r=5
Field Read,context=Ring:3,st
Variable Write,context=Ring:3#startPos:138,i=7
Field Read,context=Ring:3,st
Variable Write,context=Ring:3#startPos:138,m=3
Field Read,context=Ring:3,st
Variable Write,context=Ring:3#startPos:138,i=10
Variable Delete,method=Ring:3#startPos:138 <name=m,type=int (id=7),value=<?>,index=2>
Variable Write,context=Ring:3#startPos:138,j=10
Field Read,context=Ring:3,st
Field Read,context=Ring:3,st
Field Read,context=Ring:3,st
Field Read,context=Ring:3,st
Variable Write,context=Ring:3#startPos:138,j=7
Variable Write,context=Ring:3#startPos:138,result=7
Method Exit,returner=Ring:3#startPos:138,value=7
Field Read,context=Ring:3,st
Variable Write,context=Ring:3#maxRing:138,i=7
Field Read,context=Ring:3,st
Field Read,context=Ring:3,st
Field Read,context=Ring:3,st
Variable Write,context=Ring:3#maxRing:138,i=8
Field Read,context=Ring:3,st
Field Read,context=Ring:3,st
Field Read,context=Ring:3,used
Field Read,context=Ring:3,ed
Field Read,context=Ring:3,st
Variable Write,context=Ring:3#maxRing:138,i=9
Field Read,context=Ring:3,st
Field Read,context=Ring:3,used
Variable Delete,method=Ring:3#maxRing:138 <name=i,type=int (id=7),value=<?>,index=2>
Variable Write,context=Ring:3#maxRing:138,result=1
Method Exit,returner=Ring:3#maxRing:138,value=1
Variable Write,context=Ring:3#maxRing:137,le=1
Variable Write,context=Ring:3#maxRing:137,len=1
Field Read,context=Ring:3,st
Variable Write,context=Ring:3#maxRing:137,i=5
Variable Delete,method=Ring:3#maxRing:137 <name=le,type=int (id=7),value=<?>,index=3>
Field Read,context=Ring:3,st
Field Read,context=Ring:3,used
Variable Delete,method=Ring:3#maxRing:137 <name=i,type=int (id=7),value=<?>,index=2>
Variable Write,context=Ring:3#maxRing:137,result=2
Method Exit,returner=Ring:3#maxRing:137,value=2
Variable Write,context=Ring:3#maxRing:136,le=2
Variable Write,context=Ring:3#maxRing:136,len=2
Field Read,context=Ring:3,st
Variable Write,context=Ring:3#maxRing:136,i=1
Variable Delete,method=Ring:3#maxRing:136 <name=le,type=int (id=7),value=<?>,index=3>
Field Read,context=Ring:3,st
Field Read,context=Ring:3,used
Variable Delete,method=Ring:3#maxRing:136 <name=i,type=int (id=7),value=<?>,index=2>
Variable Write,context=Ring:3#maxRing:136,result=3
Method Exit,returner=Ring:3#maxRing:136,value=3
Variable Write,context=Main#main:1,mm=3
Variable Write,context=Main#main:1,max=3
Method Call,caller=Main#main:1,target=Ring:3#elem:17
Field Read,context=Ring:3,elemP
Field Read,context=Ring:3,st
Field Read,context=Ring:3,st
Field Read,context=Ring:3,elemP
Field Read,context=Ring:3,elemV
Field Read,context=Ring:3,elemP
Field Write,context=Ring:3,elemP=1
Field Read,context=Ring:3,elemP
Field Read,context=Ring:3,st
Field Read,context=Ring:3,st
Field Read,context=Ring:3,elemP
Field Read,context=Ring:3,elemV
Field Read,context=Ring:3,st
Field Read,context=Ring:3,elemP
Field Write,context=Ring:3,elemV=2
Field Read,context=Ring:3,elemV
Variable Write,context=Ring:3#elem:17,result=2
Method Exit,returner=Ring:3#elem:17,value=2
Variable Write,context=Main#main:1,x=2
Variable Delete,method=Main#main:1 <name=mm,type=int (id=7),value=<?>,index=9>
Method Call,caller=Main#main:1,target=Ring:3#maxRing:139
Variable Write,context=Ring:3#maxRing:139,r=2
Field Read,context=Ring:3,used
Variable Write,context=Ring:3#maxRing:139,len=0
Method Call,caller=Ring:3#maxRing:139,target=Ring:3#startPos:139
Variable Write,context=Ring:3#startPos:139,r=2
Field Read,context=Ring:3,st
Variable Write,context=Ring:3#startPos:139,i=7
Field Read,context=Ring:3,st
Variable Write,context=Ring:3#startPos:139,m=3
Field Read,context=Ring:3,st
Variable Write,context=Ring:3#startPos:139,i=4
Variable Delete,method=Ring:3#startPos:139 <name=m,type=int (id=7),value=<?>,index=2>
Variable Write,context=Ring:3#startPos:139,j=4
Field Read,context=Ring:3,st
Field Read,context=Ring:3,st
Field Read,context=Ring:3,st
Field Read,context=Ring:3,st
Variable Write,context=Ring:3#startPos:139,j=0
Variable Write,context=Ring:3#startPos:139,result=0
Method Exit,returner=Ring:3#startPos:139,value=0
Field Read,context=Ring:3,st
Variable Write,context=Ring:3#maxRing:139,i=0
Field Read,context=Ring:3,st
Field Read,context=Ring:3,st
Field Read,context=Ring:3,st
Variable Write,context=Ring:3#maxRing:139,i=1
Field Read,context=Ring:3,st
Field Read,context=Ring:3,st
Field Read,context=Ring:3,used
Field Read,context=Ring:3,ed
Field Read,context=Ring:3,ed
Method Call,caller=Ring:3#maxRing:139,target=Ring:3#maxRing:140
Variable Write,context=Ring:3#maxRing:140,r=4
Field Read,context=Ring:3,used
Variable Write,context=Ring:3#maxRing:140,len=0
Method Call,caller=Ring:3#maxRing:140,target=Ring:3#startPos:140
Variable Write,context=Ring:3#startPos:140,r=4
Field Read,context=Ring:3,st
Variable Write,context=Ring:3#startPos:140,i=7
Field Read,context=Ring:3,st
Variable Write,context=Ring:3#startPos:140,j=7
Field Read,context=Ring:3,st
Field Read,context=Ring:3,st
Field Read,context=Ring:3,st
Field Read,context=Ring:3,st
Variable Write,context=Ring:3#startPos:140,j=4
Variable Write,context=Ring:3#startPos:140,result=4
Method Exit,returner=Ring:3#startPos:140,value=4
Field Read,context=Ring:3,st
Variable Write,context=Ring:3#maxRing:140,i=4
Field Read,context=Ring:3,st
Field Read,context=Ring:3,st
Field Read,context=Ring:3,st
Variable Write,context=Ring:3#maxRing:140,i=5
Field Read,context=Ring:3,st
Field Read,context=Ring:3,st
Field Read,context=Ring:3,used
Field Read,context=Ring:3,ed
Field Read,context=Ring:3,st
Variable Write,context=Ring:3#maxRing:140,i=6
Field Read,context=Ring:3,st
Field Read,context=Ring:3,st
Field Read,context=Ring:3,used
Field Read,context=Ring:3,ed
Field Read,context=Ring:3,ed
Method Call,caller=Ring:3#maxRing:140,target=Ring:3#maxRing:141
Variable Write,context=Ring:3#maxRing:141,r=6
Field Read,context=Ring:3,used
Variable Write,context=Ring:3#maxRing:141,len=0
Method Call,caller=Ring:3#maxRing:141,target=Ring:3#startPos:141
Variable Write,context=Ring:3#startPos:141,r=6
Field Read,context=Ring:3,st
Variable Write,context=Ring:3#startPos:141,i=7
Field Read,context=Ring:3,st
Variable Write,context=Ring:3#startPos:141,m=3
Field Read,context=Ring:3,st
Variable Write,context=Ring:3#startPos:141,i=10
Variable Delete,method=Ring:3#startPos:141 <name=m,type=int (id=7),value=<?>,index=2>
Variable Write,context=Ring:3#startPos:141,j=10
Field Read,context=Ring:3,st
Field Read,context=Ring:3,st
Field Read,context=Ring:3,st
Variable Write,context=Ring:3#startPos:141,j=8
Variable Write,context=Ring:3#startPos:141,result=8
Method Exit,returner=Ring:3#startPos:141,value=8
Field Read,context=Ring:3,st
Variable Write,context=Ring:3#maxRing:141,i=8
Field Read,context=Ring:3,st
Field Read,context=Ring:3,st
Field Read,context=Ring:3,st
Variable Write,context=Ring:3#maxRing:141,i=9
Field Read,context=Ring:3,st
Field Read,context=Ring:3,st
Field Read,context=Ring:3,used
Field Read,context=Ring:3,ed
Field Read,context=Ring:3,st
Variable Write,context=Ring:3#maxRing:141,i=10
Field Read,context=Ring:3,st
Field Read,context=Ring:3,st
Field Read,context=Ring:3,used
Field Read,context=Ring:3,ed
Field Read,context=Ring:3,st
Variable Write,context=Ring:3#maxRing:141,i=11
Field Read,context=Ring:3,st
Field Read,context=Ring:3,st
Field Read,context=Ring:3,used
Field Read,context=Ring:3,ed
Field Read,context=Ring:3,ed
Method Call,caller=Ring:3#maxRing:141,target=Ring:3#maxRing:142
Variable Write,context=Ring:3#maxRing:142,r=7
Field Read,context=Ring:3,used
Variable Write,context=Ring:3#maxRing:142,len=0
Method Call,caller=Ring:3#maxRing:142,target=Ring:3#startPos:142
Variable Write,context=Ring:3#startPos:142,r=7
Field Read,context=Ring:3,st
Variable Write,context=Ring:3#startPos:142,i=7
Field Read,context=Ring:3,st
Variable Write,context=Ring:3#startPos:142,m=3
Field Read,context=Ring:3,st
Variable Write,context=Ring:3#startPos:142,i=10
Variable Delete,method=Ring:3#startPos:142 <name=m,type=int (id=7),value=<?>,index=2>
Variable Write,context=Ring:3#startPos:142,j=10
Field Read,context=Ring:3,st
Variable Write,context=Ring:3#startPos:142,result=10
Method Exit,returner=Ring:3#startPos:142,value=10
Field Read,context=Ring:3,st
Variable Write,context=Ring:3#maxRing:142,i=10
Field Read,context=Ring:3,st
Field Read,context=Ring:3,st
Field Read,context=Ring:3,st
Variable Write,context=Ring:3#maxRing:142,i=11
Field Read,context=Ring:3,st
Field Read,context=Ring:3,st
Field Read,context=Ring:3,st
Variable Write,context=Ring:3#maxRing:142,i=12
Field Read,context=Ring:3,st
Field Read,context=Ring:3,st
Field Read,context=Ring:3,used
Field Read,context=Ring:3,ed
Field Read,context=Ring:3,st
Variable Write,context=Ring:3#maxRing:142,i=13
Field Read,context=Ring:3,st
Field Read,context=Ring:3,st
Field Read,context=Ring:3,used
Field Read,context=Ring:3,ed
Field Read,context=Ring:3,st
Field Read,context=Ring:3,used
Variable Delete,method=Ring:3#maxRing:142 <name=i,type=int (id=7),value=<?>,index=2>
Variable Write,context=Ring:3#maxRing:142,result=1
Method Exit,returner=Ring:3#maxRing:142,value=1
Variable Write,context=Ring:3#maxRing:141,le=1
Variable Write,context=Ring:3#maxRing:141,len=1
Field Read,context=Ring:3,st
Variable Write,context=Ring:3#maxRing:141,i=12
Variable Delete,method=Ring:3#maxRing:141 <name=le,type=int (id=7),value=<?>,index=3>
Field Read,context=Ring:3,st
Field Read,context=Ring:3,used
Variable Delete,method=Ring:3#maxRing:141 <name=i,type=int (id=7),value=<?>,index=2>
Variable Write,context=Ring:3#maxRing:141,result=2
Method Exit,returner=Ring:3#maxRing:141,value=2
Variable Write,context=Ring:3#maxRing:140,le=2
Variable Write,context=Ring:3#maxRing:140,len=2
Field Read,context=Ring:3,st
Variable Write,context=Ring:3#maxRing:140,i=7
Variable Delete,method=Ring:3#maxRing:140 <name=le,type=int (id=7),value=<?>,index=3>
Field Read,context=Ring:3,st
Field Read,context=Ring:3,st
Field Read,context=Ring:3,used
Field Read,context=Ring:3,ed
Field Read,context=Ring:3,ed
Method Call,caller=Ring:3#maxRing:140,target=Ring:3#maxRing:143
Variable Write,context=Ring:3#maxRing:143,r=7
Field Read,context=Ring:3,used
Variable Write,context=Ring:3#maxRing:143,len=0
Method Call,caller=Ring:3#maxRing:143,target=Ring:3#startPos:143
Variable Write,context=Ring:3#startPos:143,r=7
Field Read,context=Ring:3,st
Variable Write,context=Ring:3#startPos:143,i=7
Field Read,context=Ring:3,st
Variable Write,context=Ring:3#startPos:143,m=3
Field Read,context=Ring:3,st
Variable Write,context=Ring:3#startPos:143,i=10
Variable Delete,method=Ring:3#startPos:143 <name=m,type=int (id=7),value=<?>,index=2>
Variable Write,context=Ring:3#startPos:143,j=10
Field Read,context=Ring:3,st
Variable Write,context=Ring:3#startPos:143,result=10
Method Exit,returner=Ring:3#startPos:143,value=10
Field Read,context=Ring:3,st
Variable Write,context=Ring:3#maxRing:143,i=10
Field Read,context=Ring:3,st
Field Read,context=Ring:3,st
Field Read,context=Ring:3,st
Variable Write,context=Ring:3#maxRing:143,i=11
Field Read,context=Ring:3,st
Field Read,context=Ring:3,st
Field Read,context=Ring:3,st
Variable Write,context=Ring:3#maxRing:143,i=12
Field Read,context=Ring:3,st
Field Read,context=Ring:3,st
Field Read,context=Ring:3,used
Field Read,context=Ring:3,ed
Field Read,context=Ring:3,st
Variable Write,context=Ring:3#maxRing:143,i=13
Field Read,context=Ring:3,st
Field Read,context=Ring:3,st
Field Read,context=Ring:3,used
Field Read,context=Ring:3,ed
Field Read,context=Ring:3,ed
Method Call,caller=Ring:3#maxRing:143,target=Ring:3#maxRing:144
Variable Write,context=Ring:3#maxRing:144,r=6
Field Read,context=Ring:3,used
Variable Write,context=Ring:3#maxRing:144,len=0
Method Call,caller=Ring:3#maxRing:144,target=Ring:3#startPos:144
Variable Write,context=Ring:3#startPos:144,r=6
Field Read,context=Ring:3,st
Variable Write,context=Ring:3#startPos:144,i=7
Field Read,context=Ring:3,st
Variable Write,context=Ring:3#startPos:144,m=3
Field Read,context=Ring:3,st
Variable Write,context=Ring:3#startPos:144,i=10
Variable Delete,method=Ring:3#startPos:144 <name=m,type=int (id=7),value=<?>,index=2>
Variable Write,context=Ring:3#startPos:144,j=10
Field Read,context=Ring:3,st
Field Read,context=Ring:3,st
Field Read,context=Ring:3,st
Variable Write,context=Ring:3#startPos:144,j=8
Variable Write,context=Ring:3#startPos:144,result=8
Method Exit,returner=Ring:3#startPos:144,value=8
Field Read,context=Ring:3,st
Variable Write,context=Ring:3#maxRing:144,i=8
Field Read,context=Ring:3,st
Field Read,context=Ring:3,st
Field Read,context=Ring:3,st
Variable Write,context=Ring:3#maxRing:144,i=9
Field Read,context=Ring:3,st
Field Read,context=Ring:3,st
Field Read,context=Ring:3,used
Field Read,context=Ring:3,ed
Field Read,context=Ring:3,st
Variable Write,context=Ring:3#maxRing:144,i=10
Field Read,context=Ring:3,st
Field Read,context=Ring:3,st
Field Read,context=Ring:3,used
Field Read,context=Ring:3,ed
Field Read,context=Ring:3,st
Variable Write,context=Ring:3#maxRing:144,i=11
Field Read,context=Ring:3,st
Field Read,context=Ring:3,st
Field Read,context=Ring:3,used
Field Read,context=Ring:3,ed
Field Read,context=Ring:3,st
Variable Write,context=Ring:3#maxRing:144,i=12
Field Read,context=Ring:3,st
Field Read,context=Ring:3,used
Variable Delete,method=Ring:3#maxRing:144 <name=i,type=int (id=7),value=<?>,index=2>
Variable Write,context=Ring:3#maxRing:144,result=1
Method Exit,returner=Ring:3#maxRing:144,value=1
Variable Write,context=Ring:3#maxRing:143,le=1
Variable Write,context=Ring:3#maxRing:143,len=1
Field Read,context=Ring:3,st
Variable Delete,method=Ring:3#maxRing:143 <name=le,type=int (id=7),value=<?>,index=3>
Field Read,context=Ring:3,used
Variable Delete,method=Ring:3#maxRing:143 <name=i,type=int (id=7),value=<?>,index=2>
Variable Write,context=Ring:3#maxRing:143,result=2
Method Exit,returner=Ring:3#maxRing:143,value=2
Variable Write,context=Ring:3#maxRing:140,le=2
Field Read,context=Ring:3,st
Variable Write,context=Ring:3#maxRing:140,i=8
Variable Delete,method=Ring:3#maxRing:140 <name=le,type=int (id=7),value=<?>,index=3>
Field Read,context=Ring:3,st
Field Read,context=Ring:3,used
Variable Delete,method=Ring:3#maxRing:140 <name=i,type=int (id=7),value=<?>,index=2>
Variable Write,context=Ring:3#maxRing:140,result=3
Method Exit,returner=Ring:3#maxRing:140,value=3
Variable Write,context=Ring:3#maxRing:139,le=3
Variable Write,context=Ring:3#maxRing:139,len=3
Field Read,context=Ring:3,st
Variable Write,context=Ring:3#maxRing:139,i=2
Variable Delete,method=Ring:3#maxRing:139 <name=le,type=int (id=7),value=<?>,index=3>
Field Read,context=Ring:3,st
Field Read,context=Ring:3,st
Field Read,context=Ring:3,used
Field Read,context=Ring:3,ed
Field Read,context=Ring:3,ed
Method Call,caller=Ring:3#maxRing:139,target=Ring:3#maxRing:145
Variable Write,context=Ring:3#maxRing:145,r=6
Field Read,context=Ring:3,used
Variable Write,context=Ring:3#maxRing:145,len=0
Method Call,caller=Ring:3#maxRing:145,target=Ring:3#startPos:145
Variable Write,context=Ring:3#startPos:145,r=6
Field Read,context=Ring:3,st
Variable Write,context=Ring:3#startPos:145,i=7
Field Read,context=Ring:3,st
Variable Write,context=Ring:3#startPos:145,m=3
Field Read,context=Ring:3,st
Variable Write,context=Ring:3#startPos:145,i=10
Variable Delete,method=Ring:3#startPos:145 <name=m,type=int (id=7),value=<?>,index=2>
Variable Write,context=Ring:3#startPos:145,j=10
Field Read,context=Ring:3,st
Field Read,context=Ring:3,st
Field Read,context=Ring:3,st
Variable Write,context=Ring:3#startPos:145,j=8
Variable Write,context=Ring:3#startPos:145,result=8
Method Exit,returner=Ring:3#startPos:145,value=8
Field Read,context=Ring:3,st
Variable Write,context=Ring:3#maxRing:145,i=8
Field Read,context=Ring:3,st
Field Read,context=Ring:3,st
Field Read,context=Ring:3,st
Variable Write,context=Ring:3#maxRing:145,i=9
Field Read,context=Ring:3,st
Field Read,context=Ring:3,st
Field Read,context=Ring:3,used
Field Read,context=Ring:3,ed
Field Read,context=Ring:3,st
Variable Write,context=Ring:3#maxRing:145,i=10
Field Read,context=Ring:3,st
Field Read,context=Ring:3,st
Field Read,context=Ring:3,used
Field Read,context=Ring:3,ed
Field Read,context=Ring:3,ed
Method Call,caller=Ring:3#maxRing:145,target=Ring:3#maxRing:146
Variable Write,context=Ring:3#maxRing:146,r=4
Field Read,context=Ring:3,used
Variable Write,context=Ring:3#maxRing:146,len=0
Method Call,caller=Ring:3#maxRing:146,target=Ring:3#startPos:146
Variable Write,context=Ring:3#startPos:146,r=4
Field Read,context=Ring:3,st
Variable Write,context=Ring:3#startPos:146,i=7
Field Read,context=Ring:3,st
Variable Write,context=Ring:3#startPos:146,j=7
Field Read,context=Ring:3,st
Field Read,context=Ring:3,st
Field Read,context=Ring:3,st
Field Read,context=Ring:3,st
Variable Write,context=Ring:3#startPos:146,j=4
Variable Write,context=Ring:3#startPos:146,result=4
Method Exit,returner=Ring:3#startPos:146,value=4
Field Read,context=Ring:3,st
Variable Write,context=Ring:3#maxRing:146,i=4
Field Read,context=Ring:3,st
Field Read,context=Ring:3,st
Field Read,context=Ring:3,st
Variable Write,context=Ring:3#maxRing:146,i=5
Field Read,context=Ring:3,st
Field Read,context=Ring:3,st
Field Read,context=Ring:3,used
Field Read,context=Ring:3,ed
Field Read,context=Ring:3,st
Variable Write,context=Ring:3#maxRing:146,i=6
Field Read,context=Ring:3,st
Field Read,context=Ring:3,st
Field Read,context=Ring:3,used
Field Read,context=Ring:3,ed
Field Read,context=Ring:3,st
Variable Write,context=Ring:3#maxRing:146,i=7
Field Read,context=Ring:3,st
Field Read,context=Ring:3,st
Field Read,context=Ring:3,used
Field Read,context=Ring:3,ed
Field Read,context=Ring:3,ed
Method Call,caller=Ring:3#maxRing:146,target=Ring:3#maxRing:147
Variable Write,context=Ring:3#maxRing:147,r=7
Field Read,context=Ring:3,used
Variable Write,context=Ring:3#maxRing:147,len=0
Method Call,caller=Ring:3#maxRing:147,target=Ring:3#startPos:147
Variable Write,context=Ring:3#startPos:147,r=7
Field Read,context=Ring:3,st
Variable Write,context=Ring:3#startPos:147,i=7
Field Read,context=Ring:3,st
Variable Write,context=Ring:3#startPos:147,m=3
Field Read,context=Ring:3,st
Variable Write,context=Ring:3#startPos:147,i=10
Variable Delete,method=Ring:3#startPos:147 <name=m,type=int (id=7),value=<?>,index=2>
Variable Write,context=Ring:3#startPos:147,j=10
Field Read,context=Ring:3,st
Variable Write,context=Ring:3#startPos:147,result=10
Method Exit,returner=Ring:3#startPos:147,value=10
Field Read,context=Ring:3,st
Variable Write,context=Ring:3#maxRing:147,i=10
Field Read,context=Ring:3,st
Field Read,context=Ring:3,st
Field Read,context=Ring:3,st
Variable Write,context=Ring:3#maxRing:147,i=11
Field Read,context=Ring:3,st
Field Read,context=Ring:3,st
Field Read,context=Ring:3,st
Variable Write,context=Ring:3#maxRing:147,i=12
Field Read,context=Ring:3,st
Field Read,context=Ring:3,st
Field Read,context=Ring:3,used
Field Read,context=Ring:3,ed
Field Read,context=Ring:3,st
Variable Write,context=Ring:3#maxRing:147,i=13
Field Read,context=Ring:3,st
Field Read,context=Ring:3,st
Field Read,context=Ring:3,used
Field Read,context=Ring:3,ed
Field Read,context=Ring:3,st
Field Read,context=Ring:3,used
Variable Delete,method=Ring:3#maxRing:147 <name=i,type=int (id=7),value=<?>,index=2>
Variable Write,context=Ring:3#maxRing:147,result=1
Method Exit,returner=Ring:3#maxRing:147,value=1
Variable Write,context=Ring:3#maxRing:146,le=1
Variable Write,context=Ring:3#maxRing:146,len=1
Field Read,context=Ring:3,st
Variable Write,context=Ring:3#maxRing:146,i=8
Variable Delete,method=Ring:3#maxRing:146 <name=le,type=int (id=7),value=<?>,index=3>
Field Read,context=Ring:3,st
Field Read,context=Ring:3,used
Variable Delete,method=Ring:3#maxRing:146 <name=i,type=int (id=7),value=<?>,index=2>
Variable Write,context=Ring:3#maxRing:146,result=2
Method Exit,returner=Ring:3#maxRing:146,value=2
Variable Write,context=Ring:3#maxRing:145,le=2
Variable Write,context=Ring:3#maxRing:145,len=2
Field Read,context=Ring:3,st
Variable Write,context=Ring:3#maxRing:145,i=11
Variable Delete,method=Ring:3#maxRing:145 <name=le,type=int (id=7),value=<?>,index=3>
Field Read,context=Ring:3,st
Field Read,context=Ring:3,st
Field Read,context=Ring:3,used
Field Read,context=Ring:3,ed
Field Read,context=Ring:3,ed
Method Call,caller=Ring:3#maxRing:145,target=Ring:3#maxRing:148
Variable Write,context=Ring:3#maxRing:148,r=7
Field Read,context=Ring:3,used
Variable Write,context=Ring:3#maxRing:148,len=0
Method Call,caller=Ring:3#maxRing:148,target=Ring:3#startPos:148
Variable Write,context=Ring:3#startPos:148,r=7
Field Read,context=Ring:3,st
Variable Write,context=Ring:3#startPos:148,i=7
Field Read,context=Ring:3,st
Variable Write,context=Ring:3#startPos:148,m=3
Field Read,context=Ring:3,st
Variable Write,context=Ring:3#startPos:148,i=10
Variable Delete,method=Ring:3#startPos:148 <name=m,type=int (id=7),value=<?>,index=2>
Variable Write,context=Ring:3#startPos:148,j=10
Field Read,context=Ring:3,st
Variable Write,context=Ring:3#startPos:148,result=10
Method Exit,returner=Ring:3#startPos:148,value=10
Field Read,context=Ring:3,st
Variable Write,context=Ring:3#maxRing:148,i=10
Field Read,context=Ring:3,st
Field Read,context=Ring:3,st
Field Read,context=Ring:3,st
Variable Write,context=Ring:3#maxRing:148,i=11
Field Read,context=Ring:3,st
Field Read,context=Ring:3,st
Field Read,context=Ring:3,st
Variable Write,context=Ring:3#maxRing:148,i=12
Field Read,context=Ring:3,st
Field Read,context=Ring:3,st
Field Read,context=Ring:3,used
Field Read,context=Ring:3,ed
Field Read,context=Ring:3,ed
Method Call,caller=Ring:3#maxRing:148,target=Ring:3#maxRing:149
Variable Write,context=Ring:3#maxRing:149,r=4
Field Read,context=Ring:3,used
Variable Write,context=Ring:3#maxRing:149,len=0
Method Call,caller=Ring:3#maxRing:149,target=Ring:3#startPos:149
Variable Write,context=Ring:3#startPos:149,r=4
Field Read,context=Ring:3,st
Variable Write,context=Ring:3#startPos:149,i=7
Field Read,context=Ring:3,st
Variable Write,context=Ring:3#startPos:149,j=7
Field Read,context=Ring:3,st
Field Read,context=Ring:3,st
Field Read,context=Ring:3,st
Field Read,context=Ring:3,st
Variable Write,context=Ring:3#startPos:149,j=4
Variable Write,context=Ring:3#startPos:149,result=4
Method Exit,returner=Ring:3#startPos:149,value=4
Field Read,context=Ring:3,st
Variable Write,context=Ring:3#maxRing:149,i=4
Field Read,context=Ring:3,st
Field Read,context=Ring:3,st
Field Read,context=Ring:3,st
Variable Write,context=Ring:3#maxRing:149,i=5
Field Read,context=Ring:3,st
Field Read,context=Ring:3,st
Field Read,context=Ring:3,used
Field Read,context=Ring:3,ed
Field Read,context=Ring:3,st
Variable Write,context=Ring:3#maxRing:149,i=6
Field Read,context=Ring:3,st
Field Read,context=Ring:3,st
Field Read,context=Ring:3,used
Field Read,context=Ring:3,ed
Field Read,context=Ring:3,st
Variable Write,context=Ring:3#maxRing:149,i=7
Field Read,context=Ring:3,st
Field Read,context=Ring:3,st
Field Read,context=Ring:3,used
Field Read,context=Ring:3,ed
Field Read,context=Ring:3,st
Variable Write,context=Ring:3#maxRing:149,i=8
Field Read,context=Ring:3,st
Field Read,context=Ring:3,used
Variable Delete,method=Ring:3#maxRing:149 <name=i,type=int (id=7),value=<?>,index=2>
Variable Write,context=Ring:3#maxRing:149,result=1
Method Exit,returner=Ring:3#maxRing:149,value=1
Variable Write,context=Ring:3#maxRing:148,le=1
Variable Write,context=Ring:3#maxRing:148,len=1
Field Read,context=Ring:3,st
Variable Write,context=Ring:3#maxRing:148,i=13
Variable Delete,method=Ring:3#maxRing:148 <name=le,type=int (id=7),value=<?>,index=3>
Field Read,context=Ring:3,st
Field Read,context=Ring:3,st
Field Read,context=Ring:3,used
Field Read,context=Ring:3,ed
Field Read,context=Ring:3,st
Field Read,context=Ring:3,used
Variable Delete,method=Ring:3#maxRing:148 <name=i,type=int (id=7),value=<?>,index=2>
Variable Write,context=Ring:3#maxRing:148,result=2
Method Exit,returner=Ring:3#maxRing:148,value=2
Variable Write,context=Ring:3#maxRing:145,le=2
Field Read,context=Ring:3,st
Variable Write,context=Ring:3#maxRing:145,i=12
Variable Delete,method=Ring:3#maxRing:145 <name=le,type=int (id=7),value=<?>,index=3>
Field Read,context=Ring:3,st
Field Read,context=Ring:3,used
Variable Delete,method=Ring:3#maxRing:145 <name=i,type=int (id=7),value=<?>,index=2>
Variable Write,context=Ring:3#maxRing:145,result=3
Method Exit,returner=Ring:3#maxRing:145,value=3
Variable Write,context=Ring:3#maxRing:139,le=3
Field Read,context=Ring:3,st
Variable Write,context=Ring:3#maxRing:139,i=3
Variable Delete,method=Ring:3#maxRing:139 <name=le,type=int (id=7),value=<?>,index=3>
Field Read,context=Ring:3,st
Field Read,context=Ring:3,used
Variable Delete,method=Ring:3#maxRing:139 <name=i,type=int (id=7),value=<?>,index=2>
Variable Write,context=Ring:3#maxRing:139,result=4
Method Exit,returner=Ring:3#maxRing:139,value=4
Variable Write,context=Main#main:1,mm=4
Variable Write,context=Main#main:1,max=4
Method Call,caller=Main#main:1,target=Ring:3#elem:18
Field Read,context=Ring:3,elemP
Field Read,context=Ring:3,st
Field Read,context=Ring:3,st
Field Read,context=Ring:3,elemP
Field Read,context=Ring:3,elemV
Field Read,context=Ring:3,elemP
Field Write,context=Ring:3,elemP=2
Field Read,context=Ring:3,elemP
Field Read,context=Ring:3,st
Field Read,context=Ring:3,st
Field Read,context=Ring:3,elemP
Field Read,context=Ring:3,elemV
Field Read,context=Ring:3,elemP
Field Write,context=Ring:3,elemP=3
Field Read,context=Ring:3,elemP
Field Read,context=Ring:3,st
Field Read,context=Ring:3,st
Field Read,context=Ring:3,elemP
Field Read,context=Ring:3,elemV
Field Read,context=Ring:3,st
Field Read,context=Ring:3,elemP
Field Write,context=Ring:3,elemV=3
Field Read,context=Ring:3,elemV
Variable Write,context=Ring:3#elem:18,result=3
Method Exit,returner=Ring:3#elem:18,value=3
Variable Write,context=Main#main:1,x=3
Variable Delete,method=Main#main:1 <name=mm,type=int (id=7),value=<?>,index=9>
Method Call,caller=Main#main:1,target=Ring:3#maxRing:150
Variable Write,context=Ring:3#maxRing:150,r=3
Field Read,context=Ring:3,used
Variable Write,context=Ring:3#maxRing:150,len=0
Method Call,caller=Ring:3#maxRing:150,target=Ring:3#startPos:150
Variable Write,context=Ring:3#startPos:150,r=3
Field Read,context=Ring:3,st
Variable Write,context=Ring:3#startPos:150,i=7
Field Read,context=Ring:3,st
Variable Write,context=Ring:3#startPos:150,m=3
Field Read,context=Ring:3,st
Variable Write,context=Ring:3#startPos:150,i=4
Variable Delete,method=Ring:3#startPos:150 <name=m,type=int (id=7),value=<?>,index=2>
Variable Write,context=Ring:3#startPos:150,j=4
Field Read,context=Ring:3,st
Field Read,context=Ring:3,st
Field Read,context=Ring:3,st
Variable Write,context=Ring:3#startPos:150,j=2
Variable Write,context=Ring:3#startPos:150,result=2
Method Exit,returner=Ring:3#startPos:150,value=2
Field Read,context=Ring:3,st
Variable Write,context=Ring:3#maxRing:150,i=2
Field Read,context=Ring:3,st
Field Read,context=Ring:3,st
Field Read,context=Ring:3,st
Variable Write,context=Ring:3#maxRing:150,i=3
Field Read,context=Ring:3,st
Field Read,context=Ring:3,st
Field Read,context=Ring:3,used
Field Read,context=Ring:3,ed
Field Read,context=Ring:3,ed
Method Call,caller=Ring:3#maxRing:150,target=Ring:3#maxRing:151
Variable Write,context=Ring:3#maxRing:151,r=1
Field Read,context=Ring:3,used
Variable Write,context=Ring:3#maxRing:151,len=0
Method Call,caller=Ring:3#maxRing:151,target=Ring:3#startPos:151
Variable Write,context=Ring:3#startPos:151,r=1
Field Read,context=Ring:3,st
Variable Write,context=Ring:3#startPos:151,i=7
Field Read,context=Ring:3,st
Variable Write,context=Ring:3#startPos:151,m=3
Field Read,context=Ring:3,st
Variable Write,context=Ring:3#startPos:151,i=4
Variable Delete,method=Ring:3#startPos:151 <name=m,type=int (id=7),value=<?>,index=2>
Variable Write,context=Ring:3#startPos:151,j=4
Field Read,context=Ring:3,st
Field Read,context=Ring:3,st
Field Read,context=Ring:3,st
Field Read,context=Ring:3,st
Variable Write,context=Ring:3#startPos:151,j=0
Variable Write,context=Ring:3#startPos:151,result=0
Method Exit,returner=Ring:3#startPos:151,value=0
Field Read,context=Ring:3,st
Variable Write,context=Ring:3#maxRing:151,i=0
Field Read,context=Ring:3,st
Field Read,context=Ring:3,st
Field Read,context=Ring:3,used
Field Read,context=Ring:3,ed
Field Read,context=Ring:3,st
Variable Write,context=Ring:3#maxRing:151,i=1
Field Read,context=Ring:3,st
Field Read,context=Ring:3,used
Variable Delete,method=Ring:3#maxRing:151 <name=i,type=int (id=7),value=<?>,index=2>
Variable Write,context=Ring:3#maxRing:151,result=1
Method Exit,returner=Ring:3#maxRing:151,value=1
Variable Write,context=Ring:3#maxRing:150,le=1
Variable Write,context=Ring:3#maxRing:150,len=1
Field Read,context=Ring:3,st
Variable Write,context=Ring:3#maxRing:150,i=4
Variable Delete,method=Ring:3#maxRing:150 <name=le,type=int (id=7),value=<?>,index=3>
Field Read,context=Ring:3,st
Field Read,context=Ring:3,st
Field Read,context=Ring:3,used
Field Read,context=Ring:3,ed
Field Read,context=Ring:3,ed
Method Call,caller=Ring:3#maxRing:150,target=Ring:3#maxRing:152
Variable Write,context=Ring:3#maxRing:152,r=5
Field Read,context=Ring:3,used
Variable Write,context=Ring:3#maxRing:152,len=0
Method Call,caller=Ring:3#maxRing:152,target=Ring:3#startPos:152
Variable Write,context=Ring:3#startPos:152,r=5
Field Read,context=Ring:3,st
Variable Write,context=Ring:3#startPos:152,i=7
Field Read,context=Ring:3,st
Variable Write,context=Ring:3#startPos:152,m=3
Field Read,context=Ring:3,st
Variable Write,context=Ring:3#startPos:152,i=10
Variable Delete,method=Ring:3#startPos:152 <name=m,type=int (id=7),value=<?>,index=2>
Variable Write,context=Ring:3#startPos:152,j=10
Field Read,context=Ring:3,st
Field Read,context=Ring:3,st
Field Read,context=Ring:3,st
Field Read,context=Ring:3,st
Variable Write,context=Ring:3#startPos:152,j=7
Variable Write,context=Ring:3#startPos:152,result=7
Method Exit,returner=Ring:3#startPos:152,value=7
Field Read,context=Ring:3,st
Variable Write,context=Ring:3#maxRing:152,i=7
Field Read,context=Ring:3,st
Field Read,context=Ring:3,st
Field Read,context=Ring:3,st
Variable Write,context=Ring:3#maxRing:152,i=8
Field Read,context=Ring:3,st
Field Read,context=Ring:3,st
Field Read,context=Ring:3,used
Field Read,context=Ring:3,ed
Field Read,context=Ring:3,st
Variable Write,context=Ring:3#maxRing:152,i=9
Field Read,context=Ring:3,st
Field Read,context=Ring:3,used
Variable Delete,method=Ring:3#maxRing:152 <name=i,type=int (id=7),value=<?>,index=2>
Variable Write,context=Ring:3#maxRing:152,result=1
Method Exit,returner=Ring:3#maxRing:152,value=1
Variable Write,context=Ring:3#maxRing:150,le=1
Field Read,context=Ring:3,st
Variable Write,context=Ring:3#maxRing:150,i=5
Variable Delete,method=Ring:3#maxRing:150 <name=le,type=int (id=7),value=<?>,index=3>
Field Read,context=Ring:3,st
Field Read,context=Ring:3,used
Variable Delete,method=Ring:3#maxRing:150 <name=i,type=int (id=7),value=<?>,index=2>
Variable Write,context=Ring:3#maxRing:150,result=2
Method Exit,returner=Ring:3#maxRing:150,value=2
Variable Write,context=Main#main:1,mm=2
Method Call,caller=Main#main:1,target=Ring:3#elem:19
Field Read,context=Ring:3,elemP
Field Read,context=Ring:3,st
Field Read,context=Ring:3,st
Field Read,context=Ring:3,elemP
Field Read,context=Ring:3,elemV
Field Read,context=Ring:3,elemP
Field Write,context=Ring:3,elemP=4
Field Read,context=Ring:3,elemP
Field Read,context=Ring:3,st
Field Read,context=Ring:3,st
Field Read,context=Ring:3,elemP
Field Read,context=Ring:3,elemV
Field Read,context=Ring:3,elemP
Field Write,context=Ring:3,elemP=5
Field Read,context=Ring:3,elemP
Field Read,context=Ring:3,st
Field Read,context=Ring:3,st
Field Read,context=Ring:3,elemP
Field Read,context=Ring:3,elemV
Field Read,context=Ring:3,st
Field Read,context=Ring:3,elemP
Field Write,context=Ring:3,elemV=4
Field Read,context=Ring:3,elemV
Variable Write,context=Ring:3#elem:19,result=4
Method Exit,returner=Ring:3#elem:19,value=4
Variable Write,context=Main#main:1,x=4
Variable Delete,method=Main#main:1 <name=mm,type=int (id=7),value=<?>,index=9>
Method Call,caller=Main#main:1,target=Ring:3#maxRing:153
Variable Write,context=Ring:3#maxRing:153,r=4
Field Read,context=Ring:3,used
Variable Write,context=Ring:3#maxRing:153,len=0
Method Call,caller=Ring:3#maxRing:153,target=Ring:3#startPos:153
Variable Write,context=Ring:3#startPos:153,r=4
Field Read,context=Ring:3,st
Variable Write,context=Ring:3#startPos:153,i=7
Field Read,context=Ring:3,st
Variable Write,context=Ring:3#startPos:153,j=7
Field Read,context=Ring:3,st
Field Read,context=Ring:3,st
Field Read,context=Ring:3,st
Field Read,context=Ring:3,st
Variable Write,context=Ring:3#startPos:153,j=4
Variable Write,context=Ring:3#startPos:153,result=4
Method Exit,returner=Ring:3#startPos:153,value=4
Field Read,context=Ring:3,st
Variable Write,context=Ring:3#maxRing:153,i=4
Field Read,context=Ring:3,st
Field Read,context=Ring:3,st
Field Read,context=Ring:3,st
Variable Write,context=Ring:3#maxRing:153,i=5
Field Read,context=Ring:3,st
Field Read,context=Ring:3,st
Field Read,context=Ring:3,used
Field Read,context=Ring:3,ed
Field Read,context=Ring:3,ed
Method Call,caller=Ring:3#maxRing:153,target=Ring:3#maxRing:154
Variable Write,context=Ring:3#maxRing:154,r=2
Field Read,context=Ring:3,used
Variable Write,context=Ring:3#maxRing:154,len=0
Method Call,caller=Ring:3#maxRing:154,target=Ring:3#startPos:154
Variable Write,context=Ring:3#startPos:154,r=2
Field Read,context=Ring:3,st
Variable Write,context=Ring:3#startPos:154,i=7
Field Read,context=Ring:3,st
Variable Write,context=Ring:3#startPos:154,m=3
Field Read,context=Ring:3,st
Variable Write,context=Ring:3#startPos:154,i=4
Variable Delete,method=Ring:3#startPos:154 <name=m,type=int (id=7),value=<?>,index=2>
Variable Write,context=Ring:3#startPos:154,j=4
Field Read,context=Ring:3,st
Field Read,context=Ring:3,st
Field Read,context=Ring:3,st
Field Read,context=Ring:3,st
Variable Write,context=Ring:3#startPos:154,j=0
Variable Write,context=Ring:3#startPos:154,result=0
Method Exit,returner=Ring:3#startPos:154,value=0
Field Read,context=Ring:3,st
Variable Write,context=Ring:3#maxRing:154,i=0
Field Read,context=Ring:3,st
Field Read,context=Ring:3,st
Field Read,context=Ring:3,st
Variable Write,context=Ring:3#maxRing:154,i=1
Field Read,context=Ring:3,st
Field Read,context=Ring:3,st
Field Read,context=Ring:3,used
Field Read,context=Ring:3,ed
Field Read,context=Ring:3,st
Variable Write,context=Ring:3#maxRing:154,i=2
Field Read,context=Ring:3,st
Field Read,context=Ring:3,st
Field Read,context=Ring:3,used
Field Read,context=Ring:3,ed
Field Read,context=Ring:3,ed
Method Call,caller=Ring:3#maxRing:154,target=Ring:3#maxRing:155
Variable Write,context=Ring:3#maxRing:155,r=6
Field Read,context=Ring:3,used
Variable Write,context=Ring:3#maxRing:155,len=0
Method Call,caller=Ring:3#maxRing:155,target=Ring:3#startPos:155
Variable Write,context=Ring:3#startPos:155,r=6
Field Read,context=Ring:3,st
Variable Write,context=Ring:3#startPos:155,i=7
Field Read,context=Ring:3,st
Variable Write,context=Ring:3#startPos:155,m=3
Field Read,context=Ring:3,st
Variable Write,context=Ring:3#startPos:155,i=10
Variable Delete,method=Ring:3#startPos:155 <name=m,type=int (id=7),value=<?>,index=2>
Variable Write,context=Ring:3#startPos:155,j=10
Field Read,context=Ring:3,st
Field Read,context=Ring:3,st
Field Read,context=Ring:3,st
Variable Write,context=Ring:3#startPos:155,j=8
Variable Write,context=Ring:3#startPos:155,result=8
Method Exit,returner=Ring:3#startPos:155,value=8
Field Read,context=Ring:3,st
Variable Write,context=Ring:3#maxRing:155,i=8
Field Read,context=Ring:3,st
Field Read,context=Ring:3,st
Field Read,context=Ring:3,st
Variable Write,context=Ring:3#maxRing:155,i=9
Field Read,context=Ring:3,st
Field Read,context=Ring:3,st
Field Read,context=Ring:3,used
Field Read,context=Ring:3,ed
Field Read,context=Ring:3,st
Variable Write,context=Ring:3#maxRing:155,i=10
Field Read,context=Ring:3,st
Field Read,context=Ring:3,st
Field Read,context=Ring:3,used
Field Read,context=Ring:3,ed
Field Read,context=Ring:3,st
Variable Write,context=Ring:3#maxRing:155,i=11
Field Read,context=Ring:3,st
Field Read,context=Ring:3,st
Field Read,context=Ring:3,used
Field Read,context=Ring:3,ed
Field Read,context=Ring:3,ed
Method Call,caller=Ring:3#maxRing:155,target=Ring:3#maxRing:156
Variable Write,context=Ring:3#maxRing:156,r=7
Field Read,context=Ring:3,used
Variable Write,context=Ring:3#maxRing:156,len=0
Method Call,caller=Ring:3#maxRing:156,target=Ring:3#startPos:156
Variable Write,context=Ring:3#startPos:156,r=7
Field Read,context=Ring:3,st
Variable Write,context=Ring:3#startPos:156,i=7
Field Read,context=Ring:3,st
Variable Write,context=Ring:3#startPos:156,m=3
Field Read,context=Ring:3,st
Variable Write,context=Ring:3#startPos:156,i=10
Variable Delete,method=Ring:3#startPos:156 <name=m,type=int (id=7),value=<?>,index=2>
Variable Write,context=Ring:3#startPos:156,j=10
Field Read,context=Ring:3,st
Variable Write,context=Ring:3#startPos:156,result=10
Method Exit,returner=Ring:3#startPos:156,value=10
Field Read,context=Ring:3,st
Variable Write,context=Ring:3#maxRing:156,i=10
Field Read,context=Ring:3,st
Field Read,context=Ring:3,st
Field Read,context=Ring:3,st
Variable Write,context=Ring:3#maxRing:156,i=11
Field Read,context=Ring:3,st
Field Read,context=Ring:3,st
Field Read,context=Ring:3,st
Variable Write,context=Ring:3#maxRing:156,i=12
Field Read,context=Ring:3,st
Field Read,context=Ring:3,st
Field Read,context=Ring:3,used
Field Read,context=Ring:3,ed
Field Read,context=Ring:3,st
Variable Write,context=Ring:3#maxRing:156,i=13
Field Read,context=Ring:3,st
Field Read,context=Ring:3,st
Field Read,context=Ring:3,used
Field Read,context=Ring:3,ed
Field Read,context=Ring:3,st
Field Read,context=Ring:3,used
Variable Delete,method=Ring:3#maxRing:156 <name=i,type=int (id=7),value=<?>,index=2>
Variable Write,context=Ring:3#maxRing:156,result=1
Method Exit,returner=Ring:3#maxRing:156,value=1
Variable Write,context=Ring:3#maxRing:155,le=1
Variable Write,context=Ring:3#maxRing:155,len=1
Field Read,context=Ring:3,st
Variable Write,context=Ring:3#maxRing:155,i=12
Variable Delete,method=Ring:3#maxRing:155 <name=le,type=int (id=7),value=<?>,index=3>
Field Read,context=Ring:3,st
Field Read,context=Ring:3,used
Variable Delete,method=Ring:3#maxRing:155 <name=i,type=int (id=7),value=<?>,index=2>
Variable Write,context=Ring:3#maxRing:155,result=2
Method Exit,returner=Ring:3#maxRing:155,value=2
Variable Write,context=Ring:3#maxRing:154,le=2
Variable Write,context=Ring:3#maxRing:154,len=2
Field Read,context=Ring:3,st
Variable Write,context=Ring:3#maxRing:154,i=3
Variable Delete,method=Ring:3#maxRing:154 <name=le,type=int (id=7),value=<?>,index=3>
Field Read,context=Ring:3,st
Field Read,context=Ring:3,used
Variable Delete,method=Ring:3#maxRing:154 <name=i,type=int (id=7),value=<?>,index=2>
Variable Write,context=Ring:3#maxRing:154,result=3
Method Exit,returner=Ring:3#maxRing:154,value=3
Variable Write,context=Ring:3#maxRing:153,le=3
Variable Write,context=Ring:3#maxRing:153,len=3
Field Read,context=Ring:3,st
Variable Write,context=Ring:3#maxRing:153,i=6
Variable Delete,method=Ring:3#maxRing:153 <name=le,type=int (id=7),value=<?>,index=3>
Field Read,context=Ring:3,st
Field Read,context=Ring:3,st
Field Read,context=Ring:3,used
Field Read,context=Ring:3,ed
Field Read,context=Ring:3,ed
Method Call,caller=Ring:3#maxRing:153,target=Ring:3#maxRing:157
Variable Write,context=Ring:3#maxRing:157,r=6
Field Read,context=Ring:3,used
Variable Write,context=Ring:3#maxRing:157,len=0
Method Call,caller=Ring:3#maxRing:157,target=Ring:3#startPos:157
Variable Write,context=Ring:3#startPos:157,r=6
Field Read,context=Ring:3,st
Variable Write,context=Ring:3#startPos:157,i=7
Field Read,context=Ring:3,st
Variable Write,context=Ring:3#startPos:157,m=3
Field Read,context=Ring:3,st
Variable Write,context=Ring:3#startPos:157,i=10
Variable Delete,method=Ring:3#startPos:157 <name=m,type=int (id=7),value=<?>,index=2>
Variable Write,context=Ring:3#startPos:157,j=10
Field Read,context=Ring:3,st
Field Read,context=Ring:3,st
Field Read,context=Ring:3,st
Variable Write,context=Ring:3#startPos:157,j=8
Variable Write,context=Ring:3#startPos:157,result=8
Method Exit,returner=Ring:3#startPos:157,value=8
Field Read,context=Ring:3,st
Variable Write,context=Ring:3#maxRing:157,i=8
Field Read,context=Ring:3,st
Field Read,context=Ring:3,st
Field Read,context=Ring:3,st
Variable Write,context=Ring:3#maxRing:157,i=9
Field Read,context=Ring:3,st
Field Read,context=Ring:3,st
Field Read,context=Ring:3,used
Field Read,context=Ring:3,ed
Field Read,context=Ring:3,ed
Method Call,caller=Ring:3#maxRing:157,target=Ring:3#maxRing:158
Variable Write,context=Ring:3#maxRing:158,r=2
Field Read,context=Ring:3,used
Variable Write,context=Ring:3#maxRing:158,len=0
Method Call,caller=Ring:3#maxRing:158,target=Ring:3#startPos:158
Variable Write,context=Ring:3#startPos:158,r=2
Field Read,context=Ring:3,st
Variable Write,context=Ring:3#startPos:158,i=7
Field Read,context=Ring:3,st
Variable Write,context=Ring:3#startPos:158,m=3
Field Read,context=Ring:3,st
Variable Write,context=Ring:3#startPos:158,i=4
Variable Delete,method=Ring:3#startPos:158 <name=m,type=int (id=7),value=<?>,index=2>
Variable Write,context=Ring:3#startPos:158,j=4
Field Read,context=Ring:3,st
Field Read,context=Ring:3,st
Field Read,context=Ring:3,st
Field Read,context=Ring:3,st
Variable Write,context=Ring:3#startPos:158,j=0
Variable Write,context=Ring:3#startPos:158,result=0
Method Exit,returner=Ring:3#startPos:158,value=0
Field Read,context=Ring:3,st
Variable Write,context=Ring:3#maxRing:158,i=0
Field Read,context=Ring:3,st
Field Read,context=Ring:3,st
Field Read,context=Ring:3,st
Variable Write,context=Ring:3#maxRing:158,i=1
Field Read,context=Ring:3,st
Field Read,context=Ring:3,st
Field Read,context=Ring:3,used
Field Read,context=Ring:3,ed
Field Read,context=Ring:3,st
Variable Write,context=Ring:3#maxRing:158,i=2
Field Read,context=Ring:3,st
Field Read,context=Ring:3,st
Field Read,context=Ring:3,used
Field Read,context=Ring:3,ed
Field Read,context=Ring:3,st
Variable Write,context=Ring:3#maxRing:158,i=3
Field Read,context=Ring:3,st
Field Read,context=Ring:3,used
Variable Delete,method=Ring:3#maxRing:158 <name=i,type=int (id=7),value=<?>,index=2>
Variable Write,context=Ring:3#maxRing:158,result=1
Method Exit,returner=Ring:3#maxRing:158,value=1
Variable Write,context=Ring:3#maxRing:157,le=1
Variable Write,context=Ring:3#maxRing:157,len=1
Field Read,context=Ring:3,st
Variable Write,context=Ring:3#maxRing:157,i=10
Variable Delete,method=Ring:3#maxRing:157 <name=le,type=int (id=7),value=<?>,index=3>
Field Read,context=Ring:3,st
Field Read,context=Ring:3,st
Field Read,context=Ring:3,used
Field Read,context=Ring:3,ed
Field Read,context=Ring:3,st
Variable Write,context=Ring:3#maxRing:157,i=11
Field Read,context=Ring:3,st
Field Read,context=Ring:3,st
Field Read,context=Ring:3,used
Field Read,context=Ring:3,ed
Field Read,context=Ring:3,ed
Method Call,caller=Ring:3#maxRing:157,target=Ring:3#maxRing:159
Variable Write,context=Ring:3#maxRing:159,r=7
Field Read,context=Ring:3,used
Variable Write,context=Ring:3#maxRing:159,len=0
Method Call,caller=Ring:3#maxRing:159,target=Ring:3#startPos:159
Variable Write,context=Ring:3#startPos:159,r=7
Field Read,context=Ring:3,st
Variable Write,context=Ring:3#startPos:159,i=7
Field Read,context=Ring:3,st
Variable Write,context=Ring:3#startPos:159,m=3
Field Read,context=Ring:3,st
Variable Write,context=Ring:3#startPos:159,i=10
Variable Delete,method=Ring:3#startPos:159 <name=m,type=int (id=7),value=<?>,index=2>
Variable Write,context=Ring:3#startPos:159,j=10
Field Read,context=Ring:3,st
Variable Write,context=Ring:3#startPos:159,result=10
Method Exit,returner=Ring:3#startPos:159,value=10
Field Read,context=Ring:3,st
Variable Write,context=Ring:3#maxRing:159,i=10
Field Read,context=Ring:3,st
Field Read,context=Ring:3,st
Field Read,context=Ring:3,st
Variable Write,context=Ring:3#maxRing:159,i=11
Field Read,context=Ring:3,st
Field Read,context=Ring:3,st
Field Read,context=Ring:3,st
Variable Write,context=Ring:3#maxRing:159,i=12
Field Read,context=Ring:3,st
Field Read,context=Ring:3,st
Field Read,context=Ring:3,used
Field Read,context=Ring:3,ed
Field Read,context=Ring:3,st
Variable Write,context=Ring:3#maxRing:159,i=13
Field Read,context=Ring:3,st
Field Read,context=Ring:3,st
Field Read,context=Ring:3,used
Field Read,context=Ring:3,ed
Field Read,context=Ring:3,st
Field Read,context=Ring:3,used
Variable Delete,method=Ring:3#maxRing:159 <name=i,type=int (id=7),value=<?>,index=2>
Variable Write,context=Ring:3#maxRing:159,result=1
Method Exit,returner=Ring:3#maxRing:159,value=1
Variable Write,context=Ring:3#maxRing:157,le=1
Field Read,context=Ring:3,st
Variable Write,context=Ring:3#maxRing:157,i=12
Variable Delete,method=Ring:3#maxRing:157 <name=le,type=int (id=7),value=<?>,index=3>
Field Read,context=Ring:3,st
Field Read,context=Ring:3,used
Variable Delete,method=Ring:3#maxRing:157 <name=i,type=int (id=7),value=<?>,index=2>
Variable Write,context=Ring:3#maxRing:157,result=2
Method Exit,returner=Ring:3#maxRing:157,value=2
Variable Write,context=Ring:3#maxRing:153,le=2
Field Read,context=Ring:3,st
Variable Write,context=Ring:3#maxRing:153,i=7
Variable Delete,method=Ring:3#maxRing:153 <name=le,type=int (id=7),value=<?>,index=3>
Field Read,context=Ring:3,st
Field Read,context=Ring:3,st
Field Read,context=Ring:3,used
Field Read,context=Ring:3,ed
Field Read,context=Ring:3,ed
Method Call,caller=Ring:3#maxRing:153,target=Ring:3#maxRing:160
Variable Write,context=Ring:3#maxRing:160,r=7
Field Read,context=Ring:3,used
Variable Write,context=Ring:3#maxRing:160,len=0
Method Call,caller=Ring:3#maxRing:160,target=Ring:3#startPos:160
Variable Write,context=Ring:3#startPos:160,r=7
Field Read,context=Ring:3,st
Variable Write,context=Ring:3#startPos:160,i=7
Field Read,context=Ring:3,st
Variable Write,context=Ring:3#startPos:160,m=3
Field Read,context=Ring:3,st
Variable Write,context=Ring:3#startPos:160,i=10
Variable Delete,method=Ring:3#startPos:160 <name=m,type=int (id=7),value=<?>,index=2>
Variable Write,context=Ring:3#startPos:160,j=10
Field Read,context=Ring:3,st
Variable Write,context=Ring:3#startPos:160,result=10
Method Exit,returner=Ring:3#startPos:160,value=10
Field Read,context=Ring:3,st
Variable Write,context=Ring:3#maxRing:160,i=10
Field Read,context=Ring:3,st
Field Read,context=Ring:3,st
Field Read,context=Ring:3,st
Variable Write,context=Ring:3#maxRing:160,i=11
Field Read,context=Ring:3,st
Field Read,context=Ring:3,st
Field Read,context=Ring:3,st
Variable Write,context=Ring:3#maxRing:160,i=12
Field Read,context=Ring:3,st
Field Read,context=Ring:3,st
Field Read,context=Ring:3,used
Field Read,context=Ring:3,ed
Field Read,context=Ring:3,st
Variable Write,context=Ring:3#maxRing:160,i=13
Field Read,context=Ring:3,st
Field Read,context=Ring:3,st
Field Read,context=Ring:3,used
Field Read,context=Ring:3,ed
Field Read,context=Ring:3,ed
Method Call,caller=Ring:3#maxRing:160,target=Ring:3#maxRing:161
Variable Write,context=Ring:3#maxRing:161,r=6
Field Read,context=Ring:3,used
Variable Write,context=Ring:3#maxRing:161,len=0
Method Call,caller=Ring:3#maxRing:161,target=Ring:3#startPos:161
Variable Write,context=Ring:3#startPos:161,r=6
Field Read,context=Ring:3,st
Variable Write,context=Ring:3#startPos:161,i=7
Field Read,context=Ring:3,st
Variable Write,context=Ring:3#startPos:161,m=3
Field Read,context=Ring:3,st
Variable Write,context=Ring:3#startPos:161,i=10
Variable Delete,method=Ring:3#startPos:161 <name=m,type=int (id=7),value=<?>,index=2>
Variable Write,context=Ring:3#startPos:161,j=10
Field Read,context=Ring:3,st
Field Read,context=Ring:3,st
Field Read,context=Ring:3,st
Variable Write,context=Ring:3#startPos:161,j=8
Variable Write,context=Ring:3#startPos:161,result=8
Method Exit,returner=Ring:3#startPos:161,value=8
Field Read,context=Ring:3,st
Variable Write,context=Ring:3#maxRing:161,i=8
Field Read,context=Ring:3,st
Field Read,context=Ring:3,st
Field Read,context=Ring:3,st
Variable Write,context=Ring:3#maxRing:161,i=9
Field Read,context=Ring:3,st
Field Read,context=Ring:3,st
Field Read,context=Ring:3,used
Field Read,context=Ring:3,ed
Field Read,context=Ring:3,ed
Method Call,caller=Ring:3#maxRing:161,target=Ring:3#maxRing:162
Variable Write,context=Ring:3#maxRing:162,r=2
Field Read,context=Ring:3,used
Variable Write,context=Ring:3#maxRing:162,len=0
Method Call,caller=Ring:3#maxRing:162,target=Ring:3#startPos:162
Variable Write,context=Ring:3#startPos:162,r=2
Field Read,context=Ring:3,st
Variable Write,context=Ring:3#startPos:162,i=7
Field Read,context=Ring:3,st
Variable Write,context=Ring:3#startPos:162,m=3
Field Read,context=Ring:3,st
Variable Write,context=Ring:3#startPos:162,i=4
Variable Delete,method=Ring:3#startPos:162 <name=m,type=int (id=7),value=<?>,index=2>
Variable Write,context=Ring:3#startPos:162,j=4
Field Read,context=Ring:3,st
Field Read,context=Ring:3,st
Field Read,context=Ring:3,st
Field Read,context=Ring:3,st
Variable Write,context=Ring:3#startPos:162,j=0
Variable Write,context=Ring:3#startPos:162,result=0
Method Exit,returner=Ring:3#startPos:162,value=0
Field Read,context=Ring:3,st
Variable Write,context=Ring:3#maxRing:162,i=0
Field Read,context=Ring:3,st
Field Read,context=Ring:3,st
Field Read,context=Ring:3,st
Variable Write,context=Ring:3#maxRing:162,i=1
Field Read,context=Ring:3,st
Field Read,context=Ring:3,st
Field Read,context=Ring:3,used
Field Read,context=Ring:3,ed
Field Read,context=Ring:3,st
Variable Write,context=Ring:3#maxRing:162,i=2
Field Read,context=Ring:3,st
Field Read,context=Ring:3,st
Field Read,context=Ring:3,used
Field Read,context=Ring:3,ed
Field Read,context=Ring:3,st
Variable Write,context=Ring:3#maxRing:162,i=3
Field Read,context=Ring:3,st
Field Read,context=Ring:3,used
Variable Delete,method=Ring:3#maxRing:162 <name=i,type=int (id=7),value=<?>,index=2>
Variable Write,context=Ring:3#maxRing:162,result=1
Method Exit,returner=Ring:3#maxRing:162,value=1
Variable Write,context=Ring:3#maxRing:161,le=1
Variable Write,context=Ring:3#maxRing:161,len=1
Field Read,context=Ring:3,st
Variable Write,context=Ring:3#maxRing:161,i=10
Variable Delete,method=Ring:3#maxRing:161 <name=le,type=int (id=7),value=<?>,index=3>
Field Read,context=Ring:3,st
Field Read,context=Ring:3,st
Field Read,context=Ring:3,used
Field Read,context=Ring:3,ed
Field Read,context=Ring:3,st
Variable Write,context=Ring:3#maxRing:161,i=11
Field Read,context=Ring:3,st
Field Read,context=Ring:3,st
Field Read,context=Ring:3,used
Field Read,context=Ring:3,ed
Field Read,context=Ring:3,st
Variable Write,context=Ring:3#maxRing:161,i=12
Field Read,context=Ring:3,st
Field Read,context=Ring:3,used
Variable Delete,method=Ring:3#maxRing:161 <name=i,type=int (id=7),value=<?>,index=2>
Variable Write,context=Ring:3#maxRing:161,result=2
Method Exit,returner=Ring:3#maxRing:161,value=2
Variable Write,context=Ring:3#maxRing:160,le=2
Variable Write,context=Ring:3#maxRing:160,len=2
Field Read,context=Ring:3,st
Variable Delete,method=Ring:3#maxRing:160 <name=le,type=int (id=7),value=<?>,index=3>
Field Read,context=Ring:3,used
Variable Delete,method=Ring:3#maxRing:160 <name=i,type=int (id=7),value=<?>,index=2>
Variable Write,context=Ring:3#maxRing:160,result=3
Method Exit,returner=Ring:3#maxRing:160,value=3
Variable Write,context=Ring:3#maxRing:153,le=3
Field Read,context=Ring:3,st
Variable Write,context=Ring:3#maxRing:153,i=8
Variable Delete,method=Ring:3#maxRing:153 <name=le,type=int (id=7),value=<?>,index=3>
Field Read,context=Ring:3,st
Field Read,context=Ring:3,used
Variable Delete,method=Ring:3#maxRing:153 <name=i,type=int (id=7),value=<?>,index=2>
Variable Write,context=Ring:3#maxRing:153,result=4
Method Exit,returner=Ring:3#maxRing:153,value=4
Variable Write,context=Main#main:1,mm=4
Method Call,caller=Main#main:1,target=Ring:3#elem:20
Field Read,context=Ring:3,elemP
Field Read,context=Ring:3,st
Field Read,context=Ring:3,st
Field Read,context=Ring:3,elemP
Field Read,context=Ring:3,elemV
Field Read,context=Ring:3,elemP
Field Write,context=Ring:3,elemP=6
Field Read,context=Ring:3,elemP
Field Read,context=Ring:3,st
Field Read,context=Ring:3,st
Field Read,context=Ring:3,elemP
Field Read,context=Ring:3,elemV
Field Read,context=Ring:3,elemP
Field Write,context=Ring:3,elemP=7
Field Read,context=Ring:3,elemP
Field Read,context=Ring:3,st
Field Read,context=Ring:3,st
Field Read,context=Ring:3,elemP
Field Read,context=Ring:3,elemV
Field Read,context=Ring:3,elemP
Field Write,context=Ring:3,elemP=8
Field Read,context=Ring:3,elemP
Field Read,context=Ring:3,st
Field Read,context=Ring:3,st
Field Read,context=Ring:3,elemP
Field Read,context=Ring:3,elemV
Field Read,context=Ring:3,st
Field Read,context=Ring:3,elemP
Field Write,context=Ring:3,elemV=5
Field Read,context=Ring:3,elemV
Variable Write,context=Ring:3#elem:20,result=5
Method Exit,returner=Ring:3#elem:20,value=5
Variable Write,context=Main#main:1,x=5
Variable Delete,method=Main#main:1 <name=mm,type=int (id=7),value=<?>,index=9>
Method Call,caller=Main#main:1,target=Ring:3#maxRing:163
Variable Write,context=Ring:3#maxRing:163,r=5
Field Read,context=Ring:3,used
Variable Write,context=Ring:3#maxRing:163,len=0
Method Call,caller=Ring:3#maxRing:163,target=Ring:3#startPos:163
Variable Write,context=Ring:3#startPos:163,r=5
Field Read,context=Ring:3,st
Variable Write,context=Ring:3#startPos:163,i=7
Field Read,context=Ring:3,st
Variable Write,context=Ring:3#startPos:163,m=3
Field Read,context=Ring:3,st
Variable Write,context=Ring:3#startPos:163,i=10
Variable Delete,method=Ring:3#startPos:163 <name=m,type=int (id=7),value=<?>,index=2>
Variable Write,context=Ring:3#startPos:163,j=10
Field Read,context=Ring:3,st
Field Read,context=Ring:3,st
Field Read,context=Ring:3,st
Field Read,context=Ring:3,st
Variable Write,context=Ring:3#startPos:163,j=7
Variable Write,context=Ring:3#startPos:163,result=7
Method Exit,returner=Ring:3#startPos:163,value=7
Field Read,context=Ring:3,st
Variable Write,context=Ring:3#maxRing:163,i=7
Field Read,context=Ring:3,st
Field Read,context=Ring:3,st
Field Read,context=Ring:3,st
Variable Write,context=Ring:3#maxRing:163,i=8
Field Read,context=Ring:3,st
Field Read,context=Ring:3,st
Field Read,context=Ring:3,used
Field Read,context=Ring:3,ed
Field Read,context=Ring:3,ed
Method Call,caller=Ring:3#maxRing:163,target=Ring:3#maxRing:164
Variable Write,context=Ring:3#maxRing:164,r=3
Field Read,context=Ring:3,used
Variable Write,context=Ring:3#maxRing:164,len=0
Method Call,caller=Ring:3#maxRing:164,target=Ring:3#startPos:164
Variable Write,context=Ring:3#startPos:164,r=3
Field Read,context=Ring:3,st
Variable Write,context=Ring:3#startPos:164,i=7
Field Read,context=Ring:3,st
Variable Write,context=Ring:3#startPos:164,m=3
Field Read,context=Ring:3,st
Variable Write,context=Ring:3#startPos:164,i=4
Variable Delete,method=Ring:3#startPos:164 <name=m,type=int (id=7),value=<?>,index=2>
Variable Write,context=Ring:3#startPos:164,j=4
Field Read,context=Ring:3,st
Field Read,context=Ring:3,st
Field Read,context=Ring:3,st
Variable Write,context=Ring:3#startPos:164,j=2
Variable Write,context=Ring:3#startPos:164,result=2
Method Exit,returner=Ring:3#startPos:164,value=2
Field Read,context=Ring:3,st
Variable Write,context=Ring:3#maxRing:164,i=2
Field Read,context=Ring:3,st
Field Read,context=Ring:3,st
Field Read,context=Ring:3,st
Variable Write,context=Ring:3#maxRing:164,i=3
Field Read,context=Ring:3,st
Field Read,context=Ring:3,st
Field Read,context=Ring:3,used
Field Read,context=Ring:3,ed
Field Read,context=Ring:3,ed
Method Call,caller=Ring:3#maxRing:164,target=Ring:3#maxRing:165
Variable Write,context=Ring:3#maxRing:165,r=1
Field Read,context=Ring:3,used
Variable Write,context=Ring:3#maxRing:165,len=0
Method Call,caller=Ring:3#maxRing:165,target=Ring:3#startPos:165
Variable Write,context=Ring:3#startPos:165,r=1
Field Read,context=Ring:3,st
Variable Write,context=Ring:3#startPos:165,i=7
Field Read,context=Ring:3,st
Variable Write,context=Ring:3#startPos:165,m=3
Field Read,context=Ring:3,st
Variable Write,context=Ring:3#startPos:165,i=4
Variable Delete,method=Ring:3#startPos:165 <name=m,type=int (id=7),value=<?>,index=2>
Variable Write,context=Ring:3#startPos:165,j=4
Field Read,context=Ring:3,st
Field Read,context=Ring:3,st
Field Read,context=Ring:3,st
Field Read,context=Ring:3,st
Variable Write,context=Ring:3#startPos:165,j=0
Variable Write,context=Ring:3#startPos:165,result=0
Method Exit,returner=Ring:3#startPos:165,value=0
Field Read,context=Ring:3,st
Variable Write,context=Ring:3#maxRing:165,i=0
Field Read,context=Ring:3,st
Field Read,context=Ring:3,st
Field Read,context=Ring:3,used
Field Read,context=Ring:3,ed
Field Read,context=Ring:3,st
Variable Write,context=Ring:3#maxRing:165,i=1
Field Read,context=Ring:3,st
Field Read,context=Ring:3,used
Variable Delete,method=Ring:3#maxRing:165 <name=i,type=int (id=7),value=<?>,index=2>
Variable Write,context=Ring:3#maxRing:165,result=1
Method Exit,returner=Ring:3#maxRing:165,value=1
Variable Write,context=Ring:3#maxRing:164,le=1
Variable Write,context=Ring:3#maxRing:164,len=1
Field Read,context=Ring:3,st
Variable Write,context=Ring:3#maxRing:164,i=4
Variable Delete,method=Ring:3#maxRing:164 <name=le,type=int (id=7),value=<?>,index=3>
Field Read,context=Ring:3,st
Field Read,context=Ring:3,st
Field Read,context=Ring:3,used
Field Read,context=Ring:3,ed
Field Read,context=Ring:3,st
Variable Write,context=Ring:3#maxRing:164,i=5
Field Read,context=Ring:3,st
Field Read,context=Ring:3,used
Variable Delete,method=Ring:3#maxRing:164 <name=i,type=int (id=7),value=<?>,index=2>
Variable Write,context=Ring:3#maxRing:164,result=2
Method Exit,returner=Ring:3#maxRing:164,value=2
Variable Write,context=Ring:3#maxRing:163,le=2
Variable Write,context=Ring:3#maxRing:163,len=2
Field Read,context=Ring:3,st
Variable Write,context=Ring:3#maxRing:163,i=9
Variable Delete,method=Ring:3#maxRing:163 <name=le,type=int (id=7),value=<?>,index=3>
Field Read,context=Ring:3,st
Field Read,context=Ring:3,used
Variable Delete,method=Ring:3#maxRing:163 <name=i,type=int (id=7),value=<?>,index=2>
Variable Write,context=Ring:3#maxRing:163,result=3
Method Exit,returner=Ring:3#maxRing:163,value=3
Variable Write,context=Main#main:1,mm=3
Method Call,caller=Main#main:1,target=Ring:3#elem:21
Field Read,context=Ring:3,elemP
Field Read,context=Ring:3,st
Field Read,context=Ring:3,st
Field Read,context=Ring:3,elemP
Field Read,context=Ring:3,elemV
Field Read,context=Ring:3,elemP
Field Write,context=Ring:3,elemP=9
Field Read,context=Ring:3,elemP
Field Read,context=Ring:3,st
Field Read,context=Ring:3,st
Field Read,context=Ring:3,elemP
Field Read,context=Ring:3,elemV
Field Read,context=Ring:3,st
Field Read,context=Ring:3,elemP
Field Write,context=Ring:3,elemV=6
Field Read,context=Ring:3,elemV
Variable Write,context=Ring:3#elem:21,result=6
Method Exit,returner=Ring:3#elem:21,value=6
Variable Write,context=Main#main:1,x=6
Variable Delete,method=Main#main:1 <name=mm,type=int (id=7),value=<?>,index=9>
Method Call,caller=Main#main:1,target=Ring:3#maxRing:166
Variable Write,context=Ring:3#maxRing:166,r=6
Field Read,context=Ring:3,used
Variable Write,context=Ring:3#maxRing:166,len=0
Method Call,caller=Ring:3#maxRing:166,target=Ring:3#startPos:166
Variable Write,context=Ring:3#startPos:166,r=6
Field Read,context=Ring:3,st
Variable Write,context=Ring:3#startPos:166,i=7
Field Read,context=Ring:3,st
Variable Write,context=Ring:3#startPos:166,m=3
Field Read,context=Ring:3,st
Variable Write,context=Ring:3#startPos:166,i=10
Variable Delete,method=Ring:3#startPos:166 <name=m,type=int (id=7),value=<?>,index=2>
Variable Write,context=Ring:3#startPos:166,j=10
Field Read,context=Ring:3,st
Field Read,context=Ring:3,st
Field Read,context=Ring:3,st
Variable Write,context=Ring:3#startPos:166,j=8
Variable Write,context=Ring:3#startPos:166,result=8
Method Exit,returner=Ring:3#startPos:166,value=8
Field Read,context=Ring:3,st
Variable Write,context=Ring:3#maxRing:166,i=8
Field Read,context=Ring:3,st
Field Read,context=Ring:3,st
Field Read,context=Ring:3,st
Variable Write,context=Ring:3#maxRing:166,i=9
Field Read,context=Ring:3,st
Field Read,context=Ring:3,st
Field Read,context=Ring:3,used
Field Read,context=Ring:3,ed
Field Read,context=Ring:3,ed
Method Call,caller=Ring:3#maxRing:166,target=Ring:3#maxRing:167
Variable Write,context=Ring:3#maxRing:167,r=2
Field Read,context=Ring:3,used
Variable Write,context=Ring:3#maxRing:167,len=0
Method Call,caller=Ring:3#maxRing:167,target=Ring:3#startPos:167
Variable Write,context=Ring:3#startPos:167,r=2
Field Read,context=Ring:3,st
Variable Write,context=Ring:3#startPos:167,i=7
Field Read,context=Ring:3,st
Variable Write,context=Ring:3#startPos:167,m=3
Field Read,context=Ring:3,st
Variable Write,context=Ring:3#startPos:167,i=4
Variable Delete,method=Ring:3#startPos:167 <name=m,type=int (id=7),value=<?>,index=2>
Variable Write,context=Ring:3#startPos:167,j=4
Field Read,context=Ring:3,st
Field Read,context=Ring:3,st
Field Read,context=Ring:3,st
Field Read,context=Ring:3,st
Variable Write,context=Ring:3#startPos:167,j=0
Variable Write,context=Ring:3#startPos:167,result=0
Method Exit,returner=Ring:3#startPos:167,value=0
Field Read,context=Ring:3,st
Variable Write,context=Ring:3#maxRing:167,i=0
Field Read,context=Ring:3,st
Field Read,context=Ring:3,st
Field Read,context=Ring:3,st
Variable Write,context=Ring:3#maxRing:167,i=1
Field Read,context=Ring:3,st
Field Read,context=Ring:3,st
Field Read,context=Ring:3,used
Field Read,context=Ring:3,ed
Field Read,context=Ring:3,ed
Method Call,caller=Ring:3#maxRing:167,target=Ring:3#maxRing:168
Variable Write,context=Ring:3#maxRing:168,r=4
Field Read,context=Ring:3,used
Variable Write,context=Ring:3#maxRing:168,len=0
Method Call,caller=Ring:3#maxRing:168,target=Ring:3#startPos:168
Variable Write,context=Ring:3#startPos:168,r=4
Field Read,context=Ring:3,st
Variable Write,context=Ring:3#startPos:168,i=7
Field Read,context=Ring:3,st
Variable Write,context=Ring:3#startPos:168,j=7
Field Read,context=Ring:3,st
Field Read,context=Ring:3,st
Field Read,context=Ring:3,st
Field Read,context=Ring:3,st
Variable Write,context=Ring:3#startPos:168,j=4
Variable Write,context=Ring:3#startPos:168,result=4
Method Exit,returner=Ring:3#startPos:168,value=4
Field Read,context=Ring:3,st
Variable Write,context=Ring:3#maxRing:168,i=4
Field Read,context=Ring:3,st
Field Read,context=Ring:3,st
Field Read,context=Ring:3,st
Variable Write,context=Ring:3#maxRing:168,i=5
Field Read,context=Ring:3,st
Field Read,context=Ring:3,st
Field Read,context=Ring:3,used
Field Read,context=Ring:3,ed
Field Read,context=Ring:3,st
Variable Write,context=Ring:3#maxRing:168,i=6
Field Read,context=Ring:3,st
Field Read,context=Ring:3,st
Field Read,context=Ring:3,used
Field Read,context=Ring:3,ed
Field Read,context=Ring:3,st
Variable Write,context=Ring:3#maxRing:168,i=7
Field Read,context=Ring:3,st
Field Read,context=Ring:3,st
Field Read,context=Ring:3,used
Field Read,context=Ring:3,ed
Field Read,context=Ring:3,ed
Method Call,caller=Ring:3#maxRing:168,target=Ring:3#maxRing:169
Variable Write,context=Ring:3#maxRing:169,r=7
Field Read,context=Ring:3,used
Variable Write,context=Ring:3#maxRing:169,len=0
Method Call,caller=Ring:3#maxRing:169,target=Ring:3#startPos:169
Variable Write,context=Ring:3#startPos:169,r=7
Field Read,context=Ring:3,st
Variable Write,context=Ring:3#startPos:169,i=7
Field Read,context=Ring:3,st
Variable Write,context=Ring:3#startPos:169,m=3
Field Read,context=Ring:3,st
Variable Write,context=Ring:3#startPos:169,i=10
Variable Delete,method=Ring:3#startPos:169 <name=m,type=int (id=7),value=<?>,index=2>
Variable Write,context=Ring:3#startPos:169,j=10
Field Read,context=Ring:3,st
Variable Write,context=Ring:3#startPos:169,result=10
Method Exit,returner=Ring:3#startPos:169,value=10
Field Read,context=Ring:3,st
Variable Write,context=Ring:3#maxRing:169,i=10
Field Read,context=Ring:3,st
Field Read,context=Ring:3,st
Field Read,context=Ring:3,st
Variable Write,context=Ring:3#maxRing:169,i=11
Field Read,context=Ring:3,st
Field Read,context=Ring:3,st
Field Read,context=Ring:3,st
Variable Write,context=Ring:3#maxRing:169,i=12
Field Read,context=Ring:3,st
Field Read,context=Ring:3,st
Field Read,context=Ring:3,used
Field Read,context=Ring:3,ed
Field Read,context=Ring:3,st
Variable Write,context=Ring:3#maxRing:169,i=13
Field Read,context=Ring:3,st
Field Read,context=Ring:3,st
Field Read,context=Ring:3,used
Field Read,context=Ring:3,ed
Field Read,context=Ring:3,st
Field Read,context=Ring:3,used
Variable Delete,method=Ring:3#maxRing:169 <name=i,type=int (id=7),value=<?>,index=2>
Variable Write,context=Ring:3#maxRing:169,result=1
Method Exit,returner=Ring:3#maxRing:169,value=1
Variable Write,context=Ring:3#maxRing:168,le=1
Variable Write,context=Ring:3#maxRing:168,len=1
Field Read,context=Ring:3,st
Variable Write,context=Ring:3#maxRing:168,i=8
Variable Delete,method=Ring:3#maxRing:168 <name=le,type=int (id=7),value=<?>,index=3>
Field Read,context=Ring:3,st
Field Read,context=Ring:3,used
Variable Delete,method=Ring:3#maxRing:168 <name=i,type=int (id=7),value=<?>,index=2>
Variable Write,context=Ring:3#maxRing:168,result=2
Method Exit,returner=Ring:3#maxRing:168,value=2
Variable Write,context=Ring:3#maxRing:167,le=2
Variable Write,context=Ring:3#maxRing:167,len=2
Field Read,context=Ring:3,st
Variable Write,context=Ring:3#maxRing:167,i=2
Variable Delete,method=Ring:3#maxRing:167 <name=le,type=int (id=7),value=<?>,index=3>
Field Read,context=Ring:3,st
Field Read,context=Ring:3,st
Field Read,context=Ring:3,used
Field Read,context=Ring:3,ed
Field Read,context=Ring:3,st
Variable Write,context=Ring:3#maxRing:167,i=3
Field Read,context=Ring:3,st
Field Read,context=Ring:3,used
Variable Delete,method=Ring:3#maxRing:167 <name=i,type=int (id=7),value=<?>,index=2>
Variable Write,context=Ring:3#maxRing:167,result=3
Method Exit,returner=Ring:3#maxRing:167,value=3
Variable Write,context=Ring:3#maxRing:166,le=3
Variable Write,context=Ring:3#maxRing:166,len=3
Field Read,context=Ring:3,st
Variable Write,context=Ring:3#maxRing:166,i=10
Variable Delete,method=Ring:3#maxRing:166 <name=le,type=int (id=7),value=<?>,index=3>
Field Read,context=Ring:3,st
Field Read,context=Ring:3,st
Field Read,context=Ring:3,used
Field Read,context=Ring:3,ed
Field Read,context=Ring:3,ed
Method Call,caller=Ring:3#maxRing:166,target=Ring:3#maxRing:170
Variable Write,context=Ring:3#maxRing:170,r=4
Field Read,context=Ring:3,used
Variable Write,context=Ring:3#maxRing:170,len=0
Method Call,caller=Ring:3#maxRing:170,target=Ring:3#startPos:170
Variable Write,context=Ring:3#startPos:170,r=4
Field Read,context=Ring:3,st
Variable Write,context=Ring:3#startPos:170,i=7
Field Read,context=Ring:3,st
Variable Write,context=Ring:3#startPos:170,j=7
Field Read,context=Ring:3,st
Field Read,context=Ring:3,st
Field Read,context=Ring:3,st
Field Read,context=Ring:3,st
Variable Write,context=Ring:3#startPos:170,j=4
Variable Write,context=Ring:3#startPos:170,result=4
Method Exit,returner=Ring:3#startPos:170,value=4
Field Read,context=Ring:3,st
Variable Write,context=Ring:3#maxRing:170,i=4
Field Read,context=Ring:3,st
Field Read,context=Ring:3,st
Field Read,context=Ring:3,st
Variable Write,context=Ring:3#maxRing:170,i=5
Field Read,context=Ring:3,st
Field Read,context=Ring:3,st
Field Read,context=Ring:3,used
Field Read,context=Ring:3,ed
Field Read,context=Ring:3,ed
Method Call,caller=Ring:3#maxRing:170,target=Ring:3#maxRing:171
Variable Write,context=Ring:3#maxRing:171,r=2
Field Read,context=Ring:3,used
Variable Write,context=Ring:3#maxRing:171,len=0
Method Call,caller=Ring:3#maxRing:171,target=Ring:3#startPos:171
Variable Write,context=Ring:3#startPos:171,r=2
Field Read,context=Ring:3,st
Variable Write,context=Ring:3#startPos:171,i=7
Field Read,context=Ring:3,st
Variable Write,context=Ring:3#startPos:171,m=3
Field Read,context=Ring:3,st
Variable Write,context=Ring:3#startPos:171,i=4
Variable Delete,method=Ring:3#startPos:171 <name=m,type=int (id=7),value=<?>,index=2>
Variable Write,context=Ring:3#startPos:171,j=4
Field Read,context=Ring:3,st
Field Read,context=Ring:3,st
Field Read,context=Ring:3,st
Field Read,context=Ring:3,st
Variable Write,context=Ring:3#startPos:171,j=0
Variable Write,context=Ring:3#startPos:171,result=0
Method Exit,returner=Ring:3#startPos:171,value=0
Field Read,context=Ring:3,st
Variable Write,context=Ring:3#maxRing:171,i=0
Field Read,context=Ring:3,st
Field Read,context=Ring:3,st
Field Read,context=Ring:3,st
Variable Write,context=Ring:3#maxRing:171,i=1
Field Read,context=Ring:3,st
Field Read,context=Ring:3,st
Field Read,context=Ring:3,used
Field Read,context=Ring:3,ed
Field Read,context=Ring:3,st
Variable Write,context=Ring:3#maxRing:171,i=2
Field Read,context=Ring:3,st
Field Read,context=Ring:3,st
Field Read,context=Ring:3,used
Field Read,context=Ring:3,ed
Field Read,context=Ring:3,st
Variable Write,context=Ring:3#maxRing:171,i=3
Field Read,context=Ring:3,st
Field Read,context=Ring:3,used
Variable Delete,method=Ring:3#maxRing:171 <name=i,type=int (id=7),value=<?>,index=2>
Variable Write,context=Ring:3#maxRing:171,result=1
Method Exit,returner=Ring:3#maxRing:171,value=1
Variable Write,context=Ring:3#maxRing:170,le=1
Variable Write,context=Ring:3#maxRing:170,len=1
Field Read,context=Ring:3,st
Variable Write,context=Ring:3#maxRing:170,i=6
Variable Delete,method=Ring:3#maxRing:170 <name=le,type=int (id=7),value=<?>,index=3>
Field Read,context=Ring:3,st
Field Read,context=Ring:3,st
Field Read,context=Ring:3,used
Field Read,context=Ring:3,ed
Field Read,context=Ring:3,st
Variable Write,context=Ring:3#maxRing:170,i=7
Field Read,context=Ring:3,st
Field Read,context=Ring:3,st
Field Read,context=Ring:3,used
Field Read,context=Ring:3,ed
Field Read,context=Ring:3,ed
Method Call,caller=Ring:3#maxRing:170,target=Ring:3#maxRing:172
Variable Write,context=Ring:3#maxRing:172,r=7
Field Read,context=Ring:3,used
Variable Write,context=Ring:3#maxRing:172,len=0
Method Call,caller=Ring:3#maxRing:172,target=Ring:3#startPos:172
Variable Write,context=Ring:3#startPos:172,r=7
Field Read,context=Ring:3,st
Variable Write,context=Ring:3#startPos:172,i=7
Field Read,context=Ring:3,st
Variable Write,context=Ring:3#startPos:172,m=3
Field Read,context=Ring:3,st
Variable Write,context=Ring:3#startPos:172,i=10
Variable Delete,method=Ring:3#startPos:172 <name=m,type=int (id=7),value=<?>,index=2>
Variable Write,context=Ring:3#startPos:172,j=10
Field Read,context=Ring:3,st
Variable Write,context=Ring:3#startPos:172,result=10
Method Exit,returner=Ring:3#startPos:172,value=10
Field Read,context=Ring:3,st
Variable Write,context=Ring:3#maxRing:172,i=10
Field Read,context=Ring:3,st
Field Read,context=Ring:3,st
Field Read,context=Ring:3,st
Variable Write,context=Ring:3#maxRing:172,i=11
Field Read,context=Ring:3,st
Field Read,context=Ring:3,st
Field Read,context=Ring:3,st
Variable Write,context=Ring:3#maxRing:172,i=12
Field Read,context=Ring:3,st
Field Read,context=Ring:3,st
Field Read,context=Ring:3,used
Field Read,context=Ring:3,ed
Field Read,context=Ring:3,st
Variable Write,context=Ring:3#maxRing:172,i=13
Field Read,context=Ring:3,st
Field Read,context=Ring:3,st
Field Read,context=Ring:3,used
Field Read,context=Ring:3,ed
Field Read,context=Ring:3,st
Field Read,context=Ring:3,used
Variable Delete,method=Ring:3#maxRing:172 <name=i,type=int (id=7),value=<?>,index=2>
Variable Write,context=Ring:3#maxRing:172,result=1
Method Exit,returner=Ring:3#maxRing:172,value=1
Variable Write,context=Ring:3#maxRing:170,le=1
Field Read,context=Ring:3,st
Variable Write,context=Ring:3#maxRing:170,i=8
Variable Delete,method=Ring:3#maxRing:170 <name=le,type=int (id=7),value=<?>,index=3>
Field Read,context=Ring:3,st
Field Read,context=Ring:3,used
Variable Delete,method=Ring:3#maxRing:170 <name=i,type=int (id=7),value=<?>,index=2>
Variable Write,context=Ring:3#maxRing:170,result=2
Method Exit,returner=Ring:3#maxRing:170,value=2
Variable Write,context=Ring:3#maxRing:166,le=2
Field Read,context=Ring:3,st
Variable Write,context=Ring:3#maxRing:166,i=11
Variable Delete,method=Ring:3#maxRing:166 <name=le,type=int (id=7),value=<?>,index=3>
Field Read,context=Ring:3,st
Field Read,context=Ring:3,st
Field Read,context=Ring:3,used
Field Read,context=Ring:3,ed
Field Read,context=Ring:3,ed
Method Call,caller=Ring:3#maxRing:166,target=Ring:3#maxRing:173
Variable Write,context=Ring:3#maxRing:173,r=7
Field Read,context=Ring:3,used
Variable Write,context=Ring:3#maxRing:173,len=0
Method Call,caller=Ring:3#maxRing:173,target=Ring:3#startPos:173
Variable Write,context=Ring:3#startPos:173,r=7
Field Read,context=Ring:3,st
Variable Write,context=Ring:3#startPos:173,i=7
Field Read,context=Ring:3,st
Variable Write,context=Ring:3#startPos:173,m=3
Field Read,context=Ring:3,st
Variable Write,context=Ring:3#startPos:173,i=10
Variable Delete,method=Ring:3#startPos:173 <name=m,type=int (id=7),value=<?>,index=2>
Variable Write,context=Ring:3#startPos:173,j=10
Field Read,context=Ring:3,st
Variable Write,context=Ring:3#startPos:173,result=10
Method Exit,returner=Ring:3#startPos:173,value=10
Field Read,context=Ring:3,st
Variable Write,context=Ring:3#maxRing:173,i=10
Field Read,context=Ring:3,st
Field Read,context=Ring:3,st
Field Read,context=Ring:3,st
Variable Write,context=Ring:3#maxRing:173,i=11
Field Read,context=Ring:3,st
Field Read,context=Ring:3,st
Field Read,context=Ring:3,st
Variable Write,context=Ring:3#maxRing:173,i=12
Field Read,context=Ring:3,st
Field Read,context=Ring:3,st
Field Read,context=Ring:3,used
Field Read,context=Ring:3,ed
Field Read,context=Ring:3,ed
Method Call,caller=Ring:3#maxRing:173,target=Ring:3#maxRing:174
Variable Write,context=Ring:3#maxRing:174,r=4
Field Read,context=Ring:3,used
Variable Write,context=Ring:3#maxRing:174,len=0
Method Call,caller=Ring:3#maxRing:174,target=Ring:3#startPos:174
Variable Write,context=Ring:3#startPos:174,r=4
Field Read,context=Ring:3,st
Variable Write,context=Ring:3#startPos:174,i=7
Field Read,context=Ring:3,st
Variable Write,context=Ring:3#startPos:174,j=7
Field Read,context=Ring:3,st
Field Read,context=Ring:3,st
Field Read,context=Ring:3,st
Field Read,context=Ring:3,st
Variable Write,context=Ring:3#startPos:174,j=4
Variable Write,context=Ring:3#startPos:174,result=4
Method Exit,returner=Ring:3#startPos:174,value=4
Field Read,context=Ring:3,st
Variable Write,context=Ring:3#maxRing:174,i=4
Field Read,context=Ring:3,st
Field Read,context=Ring:3,st
Field Read,context=Ring:3,st
Variable Write,context=Ring:3#maxRing:174,i=5
Field Read,context=Ring:3,st
Field Read,context=Ring:3,st
Field Read,context=Ring:3,used
Field Read,context=Ring:3,ed
Field Read,context=Ring:3,ed
Method Call,caller=Ring:3#maxRing:174,target=Ring:3#maxRing:175
Variable Write,context=Ring:3#maxRing:175,r=2
Field Read,context=Ring:3,used
Variable Write,context=Ring:3#maxRing:175,len=0
Method Call,caller=Ring:3#maxRing:175,target=Ring:3#startPos:175
Variable Write,context=Ring:3#startPos:175,r=2
Field Read,context=Ring:3,st
Variable Write,context=Ring:3#startPos:175,i=7
Field Read,context=Ring:3,st
Variable Write,context=Ring:3#startPos:175,m=3
Field Read,context=Ring:3,st
Variable Write,context=Ring:3#startPos:175,i=4
Variable Delete,method=Ring:3#startPos:175 <name=m,type=int (id=7),value=<?>,index=2>
Variable Write,context=Ring:3#startPos:175,j=4
Field Read,context=Ring:3,st
Field Read,context=Ring:3,st
Field Read,context=Ring:3,st
Field Read,context=Ring:3,st
Variable Write,context=Ring:3#startPos:175,j=0
Variable Write,context=Ring:3#startPos:175,result=0
Method Exit,returner=Ring:3#startPos:175,value=0
Field Read,context=Ring:3,st
Variable Write,context=Ring:3#maxRing:175,i=0
Field Read,context=Ring:3,st
Field Read,context=Ring:3,st
Field Read,context=Ring:3,st
Variable Write,context=Ring:3#maxRing:175,i=1
Field Read,context=Ring:3,st
Field Read,context=Ring:3,st
Field Read,context=Ring:3,used
Field Read,context=Ring:3,ed
Field Read,context=Ring:3,st
Variable Write,context=Ring:3#maxRing:175,i=2
Field Read,context=Ring:3,st
Field Read,context=Ring:3,st
Field Read,context=Ring:3,used
Field Read,context=Ring:3,ed
Field Read,context=Ring:3,st
Variable Write,context=Ring:3#maxRing:175,i=3
Field Read,context=Ring:3,st
Field Read,context=Ring:3,used
Variable Delete,method=Ring:3#maxRing:175 <name=i,type=int (id=7),value=<?>,index=2>
Variable Write,context=Ring:3#maxRing:175,result=1
Method Exit,returner=Ring:3#maxRing:175,value=1
Variable Write,context=Ring:3#maxRing:174,le=1
Variable Write,context=Ring:3#maxRing:174,len=1
Field Read,context=Ring:3,st
Variable Write,context=Ring:3#maxRing:174,i=6
Variable Delete,method=Ring:3#maxRing:174 <name=le,type=int (id=7),value=<?>,index=3>
Field Read,context=Ring:3,st
Field Read,context=Ring:3,st
Field Read,context=Ring:3,used
Field Read,context=Ring:3,ed
Field Read,context=Ring:3,st
Variable Write,context=Ring:3#maxRing:174,i=7
Field Read,context=Ring:3,st
Field Read,context=Ring:3,st
Field Read,context=Ring:3,used
Field Read,context=Ring:3,ed
Field Read,context=Ring:3,st
Variable Write,context=Ring:3#maxRing:174,i=8
Field Read,context=Ring:3,st
Field Read,context=Ring:3,used
Variable Delete,method=Ring:3#maxRing:174 <name=i,type=int (id=7),value=<?>,index=2>
Variable Write,context=Ring:3#maxRing:174,result=2
Method Exit,returner=Ring:3#maxRing:174,value=2
Variable Write,context=Ring:3#maxRing:173,le=2
Variable Write,context=Ring:3#maxRing:173,len=2
Field Read,context=Ring:3,st
Variable Write,context=Ring:3#maxRing:173,i=13
Variable Delete,method=Ring:3#maxRing:173 <name=le,type=int (id=7),value=<?>,index=3>
Field Read,context=Ring:3,st
Field Read,context=Ring:3,st
Field Read,context=Ring:3,used
Field Read,context=Ring:3,ed
Field Read,context=Ring:3,st
Field Read,context=Ring:3,used
Variable Delete,method=Ring:3#maxRing:173 <name=i,type=int (id=7),value=<?>,index=2>
Variable Write,context=Ring:3#maxRing:173,result=3
Method Exit,returner=Ring:3#maxRing:173,value=3
Variable Write,context=Ring:3#maxRing:166,le=3
Field Read,context=Ring:3,st
Variable Write,context=Ring:3#maxRing:166,i=12
Variable Delete,method=Ring:3#maxRing:166 <name=le,type=int (id=7),value=<?>,index=3>
Field Read,context=Ring:3,st
Field Read,context=Ring:3,used
Variable Delete,method=Ring:3#maxRing:166 <name=i,type=int (id=7),value=<?>,index=2>
Variable Write,context=Ring:3#maxRing:166,result=4
Method Exit,returner=Ring:3#maxRing:166,value=4
Variable Write,context=Main#main:1,mm=4
Method Call,caller=Main#main:1,target=Ring:3#elem:22
Field Read,context=Ring:3,elemP
Field Read,context=Ring:3,st
Field Read,context=Ring:3,st
Field Read,context=Ring:3,elemP
Field Read,context=Ring:3,elemV
Field Read,context=Ring:3,elemP
Field Write,context=Ring:3,elemP=10
Field Read,context=Ring:3,elemP
Field Read,context=Ring:3,st
Field Read,context=Ring:3,st
Field Read,context=Ring:3,elemP
Field Read,context=Ring:3,elemV
Field Read,context=Ring:3,elemP
Field Write,context=Ring:3,elemP=11
Field Read,context=Ring:3,elemP
Field Read,context=Ring:3,st
Field Read,context=Ring:3,st
Field Read,context=Ring:3,elemP
Field Read,context=Ring:3,elemV
Field Read,context=Ring:3,elemP
Field Write,context=Ring:3,elemP=12
Field Read,context=Ring:3,elemP
Field Read,context=Ring:3,st
Field Read,context=Ring:3,st
Field Read,context=Ring:3,elemP
Field Read,context=Ring:3,elemV
Field Read,context=Ring:3,st
Field Read,context=Ring:3,elemP
Field Write,context=Ring:3,elemV=7
Field Read,context=Ring:3,elemV
Variable Write,context=Ring:3#elem:22,result=7
Method Exit,returner=Ring:3#elem:22,value=7
Variable Write,context=Main#main:1,x=7
Variable Delete,method=Main#main:1 <name=mm,type=int (id=7),value=<?>,index=9>
Method Call,caller=Main#main:1,target=Ring:3#maxRing:176
Variable Write,context=Ring:3#maxRing:176,r=7
Field Read,context=Ring:3,used
Variable Write,context=Ring:3#maxRing:176,len=0
Method Call,caller=Ring:3#maxRing:176,target=Ring:3#startPos:176
Variable Write,context=Ring:3#startPos:176,r=7
Field Read,context=Ring:3,st
Variable Write,context=Ring:3#startPos:176,i=7
Field Read,context=Ring:3,st
Variable Write,context=Ring:3#startPos:176,m=3
Field Read,context=Ring:3,st
Variable Write,context=Ring:3#startPos:176,i=10
Variable Delete,method=Ring:3#startPos:176 <name=m,type=int (id=7),value=<?>,index=2>
Variable Write,context=Ring:3#startPos:176,j=10
Field Read,context=Ring:3,st
Variable Write,context=Ring:3#startPos:176,result=10
Method Exit,returner=Ring:3#startPos:176,value=10
Field Read,context=Ring:3,st
Variable Write,context=Ring:3#maxRing:176,i=10
Field Read,context=Ring:3,st
Field Read,context=Ring:3,st
Field Read,context=Ring:3,st
Variable Write,context=Ring:3#maxRing:176,i=11
Field Read,context=Ring:3,st
Field Read,context=Ring:3,st
Field Read,context=Ring:3,st
Variable Write,context=Ring:3#maxRing:176,i=12
Field Read,context=Ring:3,st
Field Read,context=Ring:3,st
Field Read,context=Ring:3,used
Field Read,context=Ring:3,ed
Field Read,context=Ring:3,ed
Method Call,caller=Ring:3#maxRing:176,target=Ring:3#maxRing:177
Variable Write,context=Ring:3#maxRing:177,r=4
Field Read,context=Ring:3,used
Variable Write,context=Ring:3#maxRing:177,len=0
Method Call,caller=Ring:3#maxRing:177,target=Ring:3#startPos:177
Variable Write,context=Ring:3#startPos:177,r=4
Field Read,context=Ring:3,st
Variable Write,context=Ring:3#startPos:177,i=7
Field Read,context=Ring:3,st
Variable Write,context=Ring:3#startPos:177,j=7
Field Read,context=Ring:3,st
Field Read,context=Ring:3,st
Field Read,context=Ring:3,st
Field Read,context=Ring:3,st
Variable Write,context=Ring:3#startPos:177,j=4
Variable Write,context=Ring:3#startPos:177,result=4
Method Exit,returner=Ring:3#startPos:177,value=4
Field Read,context=Ring:3,st
Variable Write,context=Ring:3#maxRing:177,i=4
Field Read,context=Ring:3,st
Field Read,context=Ring:3,st
Field Read,context=Ring:3,st
Variable Write,context=Ring:3#maxRing:177,i=5
Field Read,context=Ring:3,st
Field Read,context=Ring:3,st
Field Read,context=Ring:3,used
Field Read,context=Ring:3,ed
Field Read,context=Ring:3,ed
Method Call,caller=Ring:3#maxRing:177,target=Ring:3#maxRing:178
Variable Write,context=Ring:3#maxRing:178,r=2
Field Read,context=Ring:3,used
Variable Write,context=Ring:3#maxRing:178,len=0
Method Call,caller=Ring:3#maxRing:178,target=Ring:3#startPos:178
Variable Write,context=Ring:3#startPos:178,r=2
Field Read,context=Ring:3,st
Variable Write,context=Ring:3#startPos:178,i=7
Field Read,context=Ring:3,st
Variable Write,context=Ring:3#startPos:178,m=3
Field Read,context=Ring:3,st
Variable Write,context=Ring:3#startPos:178,i=4
Variable Delete,method=Ring:3#startPos:178 <name=m,type=int (id=7),value=<?>,index=2>
Variable Write,context=Ring:3#startPos:178,j=4
Field Read,context=Ring:3,st
Field Read,context=Ring:3,st
Field Read,context=Ring:3,st
Field Read,context=Ring:3,st
Variable Write,context=Ring:3#startPos:178,j=0
Variable Write,context=Ring:3#startPos:178,result=0
Method Exit,returner=Ring:3#startPos:178,value=0
Field Read,context=Ring:3,st
Variable Write,context=Ring:3#maxRing:178,i=0
Field Read,context=Ring:3,st
Field Read,context=Ring:3,st
Field Read,context=Ring:3,st
Variable Write,context=Ring:3#maxRing:178,i=1
Field Read,context=Ring:3,st
Field Read,context=Ring:3,st
Field Read,context=Ring:3,used
Field Read,context=Ring:3,ed
Field Read,context=Ring:3,st
Variable Write,context=Ring:3#maxRing:178,i=2
Field Read,context=Ring:3,st
Field Read,context=Ring:3,st
Field Read,context=Ring:3,used
Field Read,context=Ring:3,ed
Field Read,context=Ring:3,ed
Method Call,caller=Ring:3#maxRing:178,target=Ring:3#maxRing:179
Variable Write,context=Ring:3#maxRing:179,r=6
Field Read,context=Ring:3,used
Variable Write,context=Ring:3#maxRing:179,len=0
Method Call,caller=Ring:3#maxRing:179,target=Ring:3#startPos:179
Variable Write,context=Ring:3#startPos:179,r=6
Field Read,context=Ring:3,st
Variable Write,context=Ring:3#startPos:179,i=7
Field Read,context=Ring:3,st
Variable Write,context=Ring:3#startPos:179,m=3
Field Read,context=Ring:3,st
Variable Write,context=Ring:3#startPos:179,i=10
Variable Delete,method=Ring:3#startPos:179 <name=m,type=int (id=7),value=<?>,index=2>
Variable Write,context=Ring:3#startPos:179,j=10
Field Read,context=Ring:3,st
Field Read,context=Ring:3,st
Field Read,context=Ring:3,st
Variable Write,context=Ring:3#startPos:179,j=8
Variable Write,context=Ring:3#startPos:179,result=8
Method Exit,returner=Ring:3#startPos:179,value=8
Field Read,context=Ring:3,st
Variable Write,context=Ring:3#maxRing:179,i=8
Field Read,context=Ring:3,st
Field Read,context=Ring:3,st
Field Read,context=Ring:3,st
Variable Write,context=Ring:3#maxRing:179,i=9
Field Read,context=Ring:3,st
Field Read,context=Ring:3,st
Field Read,context=Ring:3,used
Field Read,context=Ring:3,ed
Field Read,context=Ring:3,st
Variable Write,context=Ring:3#maxRing:179,i=10
Field Read,context=Ring:3,st
Field Read,context=Ring:3,st
Field Read,context=Ring:3,used
Field Read,context=Ring:3,ed
Field Read,context=Ring:3,st
Variable Write,context=Ring:3#maxRing:179,i=11
Field Read,context=Ring:3,st
Field Read,context=Ring:3,st
Field Read,context=Ring:3,used
Field Read,context=Ring:3,ed
Field Read,context=Ring:3,st
Variable Write,context=Ring:3#maxRing:179,i=12
Field Read,context=Ring:3,st
Field Read,context=Ring:3,used
Variable Delete,method=Ring:3#maxRing:179 <name=i,type=int (id=7),value=<?>,index=2>
Variable Write,context=Ring:3#maxRing:179,result=1
Method Exit,returner=Ring:3#maxRing:179,value=1
Variable Write,context=Ring:3#maxRing:178,le=1
Variable Write,context=Ring:3#maxRing:178,len=1
Field Read,context=Ring:3,st
Variable Write,context=Ring:3#maxRing:178,i=3
Variable Delete,method=Ring:3#maxRing:178 <name=le,type=int (id=7),value=<?>,index=3>
Field Read,context=Ring:3,st
Field Read,context=Ring:3,used
Variable Delete,method=Ring:3#maxRing:178 <name=i,type=int (id=7),value=<?>,index=2>
Variable Write,context=Ring:3#maxRing:178,result=2
Method Exit,returner=Ring:3#maxRing:178,value=2
Variable Write,context=Ring:3#maxRing:177,le=2
Variable Write,context=Ring:3#maxRing:177,len=2
Field Read,context=Ring:3,st
Variable Write,context=Ring:3#maxRing:177,i=6
Variable Delete,method=Ring:3#maxRing:177 <name=le,type=int (id=7),value=<?>,index=3>
Field Read,context=Ring:3,st
Field Read,context=Ring:3,st
Field Read,context=Ring:3,used
Field Read,context=Ring:3,ed
Field Read,context=Ring:3,ed
Method Call,caller=Ring:3#maxRing:177,target=Ring:3#maxRing:180
Variable Write,context=Ring:3#maxRing:180,r=6
Field Read,context=Ring:3,used
Variable Write,context=Ring:3#maxRing:180,len=0
Method Call,caller=Ring:3#maxRing:180,target=Ring:3#startPos:180
Variable Write,context=Ring:3#startPos:180,r=6
Field Read,context=Ring:3,st
Variable Write,context=Ring:3#startPos:180,i=7
Field Read,context=Ring:3,st
Variable Write,context=Ring:3#startPos:180,m=3
Field Read,context=Ring:3,st
Variable Write,context=Ring:3#startPos:180,i=10
Variable Delete,method=Ring:3#startPos:180 <name=m,type=int (id=7),value=<?>,index=2>
Variable Write,context=Ring:3#startPos:180,j=10
Field Read,context=Ring:3,st
Field Read,context=Ring:3,st
Field Read,context=Ring:3,st
Variable Write,context=Ring:3#startPos:180,j=8
Variable Write,context=Ring:3#startPos:180,result=8
Method Exit,returner=Ring:3#startPos:180,value=8
Field Read,context=Ring:3,st
Variable Write,context=Ring:3#maxRing:180,i=8
Field Read,context=Ring:3,st
Field Read,context=Ring:3,st
Field Read,context=Ring:3,st
Variable Write,context=Ring:3#maxRing:180,i=9
Field Read,context=Ring:3,st
Field Read,context=Ring:3,st
Field Read,context=Ring:3,used
Field Read,context=Ring:3,ed
Field Read,context=Ring:3,ed
Method Call,caller=Ring:3#maxRing:180,target=Ring:3#maxRing:181
Variable Write,context=Ring:3#maxRing:181,r=2
Field Read,context=Ring:3,used
Variable Write,context=Ring:3#maxRing:181,len=0
Method Call,caller=Ring:3#maxRing:181,target=Ring:3#startPos:181
Variable Write,context=Ring:3#startPos:181,r=2
Field Read,context=Ring:3,st
Variable Write,context=Ring:3#startPos:181,i=7
Field Read,context=Ring:3,st
Variable Write,context=Ring:3#startPos:181,m=3
Field Read,context=Ring:3,st
Variable Write,context=Ring:3#startPos:181,i=4
Variable Delete,method=Ring:3#startPos:181 <name=m,type=int (id=7),value=<?>,index=2>
Variable Write,context=Ring:3#startPos:181,j=4
Field Read,context=Ring:3,st
Field Read,context=Ring:3,st
Field Read,context=Ring:3,st
Field Read,context=Ring:3,st
Variable Write,context=Ring:3#startPos:181,j=0
Variable Write,context=Ring:3#startPos:181,result=0
Method Exit,returner=Ring:3#startPos:181,value=0
Field Read,context=Ring:3,st
Variable Write,context=Ring:3#maxRing:181,i=0
Field Read,context=Ring:3,st
Field Read,context=Ring:3,st
Field Read,context=Ring:3,st
Variable Write,context=Ring:3#maxRing:181,i=1
Field Read,context=Ring:3,st
Field Read,context=Ring:3,st
Field Read,context=Ring:3,used
Field Read,context=Ring:3,ed
Field Read,context=Ring:3,st
Variable Write,context=Ring:3#maxRing:181,i=2
Field Read,context=Ring:3,st
Field Read,context=Ring:3,st
Field Read,context=Ring:3,used
Field Read,context=Ring:3,ed
Field Read,context=Ring:3,st
Variable Write,context=Ring:3#maxRing:181,i=3
Field Read,context=Ring:3,st
Field Read,context=Ring:3,used
Variable Delete,method=Ring:3#maxRing:181 <name=i,type=int (id=7),value=<?>,index=2>
Variable Write,context=Ring:3#maxRing:181,result=1
Method Exit,returner=Ring:3#maxRing:181,value=1
Variable Write,context=Ring:3#maxRing:180,le=1
Variable Write,context=Ring:3#maxRing:180,len=1
Field Read,context=Ring:3,st
Variable Write,context=Ring:3#maxRing:180,i=10
Variable Delete,method=Ring:3#maxRing:180 <name=le,type=int (id=7),value=<?>,index=3>
Field Read,context=Ring:3,st
Field Read,context=Ring:3,st
Field Read,context=Ring:3,used
Field Read,context=Ring:3,ed
Field Read,context=Ring:3,st
Variable Write,context=Ring:3#maxRing:180,i=11
Field Read,context=Ring:3,st
Field Read,context=Ring:3,st
Field Read,context=Ring:3,used
Field Read,context=Ring:3,ed
Field Read,context=Ring:3,st
Variable Write,context=Ring:3#maxRing:180,i=12
Field Read,context=Ring:3,st
Field Read,context=Ring:3,used
Variable Delete,method=Ring:3#maxRing:180 <name=i,type=int (id=7),value=<?>,index=2>
Variable Write,context=Ring:3#maxRing:180,result=2
Method Exit,returner=Ring:3#maxRing:180,value=2
Variable Write,context=Ring:3#maxRing:177,le=2
Field Read,context=Ring:3,st
Variable Write,context=Ring:3#maxRing:177,i=7
Variable Delete,method=Ring:3#maxRing:177 <name=le,type=int (id=7),value=<?>,index=3>
Field Read,context=Ring:3,st
Field Read,context=Ring:3,st
Field Read,context=Ring:3,used
Field Read,context=Ring:3,ed
Field Read,context=Ring:3,st
Variable Write,context=Ring:3#maxRing:177,i=8
Field Read,context=Ring:3,st
Field Read,context=Ring:3,used
Variable Delete,method=Ring:3#maxRing:177 <name=i,type=int (id=7),value=<?>,index=2>
Variable Write,context=Ring:3#maxRing:177,result=3
Method Exit,returner=Ring:3#maxRing:177,value=3
Variable Write,context=Ring:3#maxRing:176,le=3
Variable Write,context=Ring:3#maxRing:176,len=3
Field Read,context=Ring:3,st
Variable Write,context=Ring:3#maxRing:176,i=13
Variable Delete,method=Ring:3#maxRing:176 <name=le,type=int (id=7),value=<?>,index=3>
Field Read,context=Ring:3,st
Field Read,context=Ring:3,st
Field Read,context=Ring:3,used
Field Read,context=Ring:3,ed
Field Read,context=Ring:3,ed
Method Call,caller=Ring:3#maxRing:176,target=Ring:3#maxRing:182
Variable Write,context=Ring:3#maxRing:182,r=6
Field Read,context=Ring:3,used
Variable Write,context=Ring:3#maxRing:182,len=0
Method Call,caller=Ring:3#maxRing:182,target=Ring:3#startPos:182
Variable Write,context=Ring:3#startPos:182,r=6
Field Read,context=Ring:3,st
Variable Write,context=Ring:3#startPos:182,i=7
Field Read,context=Ring:3,st
Variable Write,context=Ring:3#startPos:182,m=3
Field Read,context=Ring:3,st
Variable Write,context=Ring:3#startPos:182,i=10
Variable Delete,method=Ring:3#startPos:182 <name=m,type=int (id=7),value=<?>,index=2>
Variable Write,context=Ring:3#startPos:182,j=10
Field Read,context=Ring:3,st
Field Read,context=Ring:3,st
Field Read,context=Ring:3,st
Variable Write,context=Ring:3#startPos:182,j=8
Variable Write,context=Ring:3#startPos:182,result=8
Method Exit,returner=Ring:3#startPos:182,value=8
Field Read,context=Ring:3,st
Variable Write,context=Ring:3#maxRing:182,i=8
Field Read,context=Ring:3,st
Field Read,context=Ring:3,st
Field Read,context=Ring:3,st
Variable Write,context=Ring:3#maxRing:182,i=9
Field Read,context=Ring:3,st
Field Read,context=Ring:3,st
Field Read,context=Ring:3,used
Field Read,context=Ring:3,ed
Field Read,context=Ring:3,ed
Method Call,caller=Ring:3#maxRing:182,target=Ring:3#maxRing:183
Variable Write,context=Ring:3#maxRing:183,r=2
Field Read,context=Ring:3,used
Variable Write,context=Ring:3#maxRing:183,len=0
Method Call,caller=Ring:3#maxRing:183,target=Ring:3#startPos:183
Variable Write,context=Ring:3#startPos:183,r=2
Field Read,context=Ring:3,st
Variable Write,context=Ring:3#startPos:183,i=7
Field Read,context=Ring:3,st
Variable Write,context=Ring:3#startPos:183,m=3
Field Read,context=Ring:3,st
Variable Write,context=Ring:3#startPos:183,i=4
Variable Delete,method=Ring:3#startPos:183 <name=m,type=int (id=7),value=<?>,index=2>
Variable Write,context=Ring:3#startPos:183,j=4
Field Read,context=Ring:3,st
Field Read,context=Ring:3,st
Field Read,context=Ring:3,st
Field Read,context=Ring:3,st
Variable Write,context=Ring:3#startPos:183,j=0
Variable Write,context=Ring:3#startPos:183,result=0
Method Exit,returner=Ring:3#startPos:183,value=0
Field Read,context=Ring:3,st
Variable Write,context=Ring:3#maxRing:183,i=0
Field Read,context=Ring:3,st
Field Read,context=Ring:3,st
Field Read,context=Ring:3,st
Variable Write,context=Ring:3#maxRing:183,i=1
Field Read,context=Ring:3,st
Field Read,context=Ring:3,st
Field Read,context=Ring:3,used
Field Read,context=Ring:3,ed
Field Read,context=Ring:3,ed
Method Call,caller=Ring:3#maxRing:183,target=Ring:3#maxRing:184
Variable Write,context=Ring:3#maxRing:184,r=4
Field Read,context=Ring:3,used
Variable Write,context=Ring:3#maxRing:184,len=0
Method Call,caller=Ring:3#maxRing:184,target=Ring:3#startPos:184
Variable Write,context=Ring:3#startPos:184,r=4
Field Read,context=Ring:3,st
Variable Write,context=Ring:3#startPos:184,i=7
Field Read,context=Ring:3,st
Variable Write,context=Ring:3#startPos:184,j=7
Field Read,context=Ring:3,st
Field Read,context=Ring:3,st
Field Read,context=Ring:3,st
Field Read,context=Ring:3,st
Variable Write,context=Ring:3#startPos:184,j=4
Variable Write,context=Ring:3#startPos:184,result=4
Method Exit,returner=Ring:3#startPos:184,value=4
Field Read,context=Ring:3,st
Variable Write,context=Ring:3#maxRing:184,i=4
Field Read,context=Ring:3,st
Field Read,context=Ring:3,st
Field Read,context=Ring:3,st
Variable Write,context=Ring:3#maxRing:184,i=5
Field Read,context=Ring:3,st
Field Read,context=Ring:3,st
Field Read,context=Ring:3,used
Field Read,context=Ring:3,ed
Field Read,context=Ring:3,st
Variable Write,context=Ring:3#maxRing:184,i=6
Field Read,context=Ring:3,st
Field Read,context=Ring:3,st
Field Read,context=Ring:3,used
Field Read,context=Ring:3,ed
Field Read,context=Ring:3,st
Variable Write,context=Ring:3#maxRing:184,i=7
Field Read,context=Ring:3,st
Field Read,context=Ring:3,st
Field Read,context=Ring:3,used
Field Read,context=Ring:3,ed
Field Read,context=Ring:3,st
Variable Write,context=Ring:3#maxRing:184,i=8
Field Read,context=Ring:3,st
Field Read,context=Ring:3,used
Variable Delete,method=Ring:3#maxRing:184 <name=i,type=int (id=7),value=<?>,index=2>
Variable Write,context=Ring:3#maxRing:184,result=1
Method Exit,returner=Ring:3#maxRing:184,value=1
Variable Write,context=Ring:3#maxRing:183,le=1
Variable Write,context=Ring:3#maxRing:183,len=1
Field Read,context=Ring:3,st
Variable Write,context=Ring:3#maxRing:183,i=2
Variable Delete,method=Ring:3#maxRing:183 <name=le,type=int (id=7),value=<?>,index=3>
Field Read,context=Ring:3,st
Field Read,context=Ring:3,st
Field Read,context=Ring:3,used
Field Read,context=Ring:3,ed
Field Read,context=Ring:3,st
Variable Write,context=Ring:3#maxRing:183,i=3
Field Read,context=Ring:3,st
Field Read,context=Ring:3,used
Variable Delete,method=Ring:3#maxRing:183 <name=i,type=int (id=7),value=<?>,index=2>
Variable Write,context=Ring:3#maxRing:183,result=2
Method Exit,returner=Ring:3#maxRing:183,value=2
Variable Write,context=Ring:3#maxRing:182,le=2
Variable Write,context=Ring:3#maxRing:182,len=2
Field Read,context=Ring:3,st
Variable Write,context=Ring:3#maxRing:182,i=10
Variable Delete,method=Ring:3#maxRing:182 <name=le,type=int (id=7),value=<?>,index=3>
Field Read,context=Ring:3,st
Field Read,context=Ring:3,st
Field Read,context=Ring:3,used
Field Read,context=Ring:3,ed
Field Read,context=Ring:3,ed
Method Call,caller=Ring:3#maxRing:182,target=Ring:3#maxRing:185
Variable Write,context=Ring:3#maxRing:185,r=4
Field Read,context=Ring:3,used
Variable Write,context=Ring:3#maxRing:185,len=0
Method Call,caller=Ring:3#maxRing:185,target=Ring:3#startPos:185
Variable Write,context=Ring:3#startPos:185,r=4
Field Read,context=Ring:3,st
Variable Write,context=Ring:3#startPos:185,i=7
Field Read,context=Ring:3,st
Variable Write,context=Ring:3#startPos:185,j=7
Field Read,context=Ring:3,st
Field Read,context=Ring:3,st
Field Read,context=Ring:3,st
Field Read,context=Ring:3,st
Variable Write,context=Ring:3#startPos:185,j=4
Variable Write,context=Ring:3#startPos:185,result=4
Method Exit,returner=Ring:3#startPos:185,value=4
Field Read,context=Ring:3,st
Variable Write,context=Ring:3#maxRing:185,i=4
Field Read,context=Ring:3,st
Field Read,context=Ring:3,st
Field Read,context=Ring:3,st
Variable Write,context=Ring:3#maxRing:185,i=5
Field Read,context=Ring:3,st
Field Read,context=Ring:3,st
Field Read,context=Ring:3,used
Field Read,context=Ring:3,ed
Field Read,context=Ring:3,ed
Method Call,caller=Ring:3#maxRing:185,target=Ring:3#maxRing:186
Variable Write,context=Ring:3#maxRing:186,r=2
Field Read,context=Ring:3,used
Variable Write,context=Ring:3#maxRing:186,len=0
Method Call,caller=Ring:3#maxRing:186,target=Ring:3#startPos:186
Variable Write,context=Ring:3#startPos:186,r=2
Field Read,context=Ring:3,st
Variable Write,context=Ring:3#startPos:186,i=7
Field Read,context=Ring:3,st
Variable Write,context=Ring:3#startPos:186,m=3
Field Read,context=Ring:3,st
Variable Write,context=Ring:3#startPos:186,i=4
Variable Delete,method=Ring:3#startPos:186 <name=m,type=int (id=7),value=<?>,index=2>
Variable Write,context=Ring:3#startPos:186,j=4
Field Read,context=Ring:3,st
Field Read,context=Ring:3,st
Field Read,context=Ring:3,st
Field Read,context=Ring:3,st
Variable Write,context=Ring:3#startPos:186,j=0
Variable Write,context=Ring:3#startPos:186,result=0
Method Exit,returner=Ring:3#startPos:186,value=0
Field Read,context=Ring:3,st
Variable Write,context=Ring:3#maxRing:186,i=0
Field Read,context=Ring:3,st
Field Read,context=Ring:3,st
Field Read,context=Ring:3,st
Variable Write,context=Ring:3#maxRing:186,i=1
Field Read,context=Ring:3,st
Field Read,context=Ring:3,st
Field Read,context=Ring:3,used
Field Read,context=Ring:3,ed
Field Read,context=Ring:3,st
Variable Write,context=Ring:3#maxRing:186,i=2
Field Read,context=Ring:3,st
Field Read,context=Ring:3,st
Field Read,context=Ring:3,used
Field Read,context=Ring:3,ed
Field Read,context=Ring:3,st
Variable Write,context=Ring:3#maxRing:186,i=3
Field Read,context=Ring:3,st
Field Read,context=Ring:3,used
Variable Delete,method=Ring:3#maxRing:186 <name=i,type=int (id=7),value=<?>,index=2>
Variable Write,context=Ring:3#maxRing:186,result=1
Method Exit,returner=Ring:3#maxRing:186,value=1
Variable Write,context=Ring:3#maxRing:185,le=1
Variable Write,context=Ring:3#maxRing:185,len=1
Field Read,context=Ring:3,st
Variable Write,context=Ring:3#maxRing:185,i=6
Variable Delete,method=Ring:3#maxRing:185 <name=le,type=int (id=7),value=<?>,index=3>
Field Read,context=Ring:3,st
Field Read,context=Ring:3,st
Field Read,context=Ring:3,used
Field Read,context=Ring:3,ed
Field Read,context=Ring:3,st
Variable Write,context=Ring:3#maxRing:185,i=7
Field Read,context=Ring:3,st
Field Read,context=Ring:3,st
Field Read,context=Ring:3,used
Field Read,context=Ring:3,ed
Field Read,context=Ring:3,st
Variable Write,context=Ring:3#maxRing:185,i=8
Field Read,context=Ring:3,st
Field Read,context=Ring:3,used
Variable Delete,method=Ring:3#maxRing:185 <name=i,type=int (id=7),value=<?>,index=2>
Variable Write,context=Ring:3#maxRing:185,result=2
Method Exit,returner=Ring:3#maxRing:185,value=2
Variable Write,context=Ring:3#maxRing:182,le=2
Field Read,context=Ring:3,st
Variable Write,context=Ring:3#maxRing:182,i=11
Variable Delete,method=Ring:3#maxRing:182 <name=le,type=int (id=7),value=<?>,index=3>
Field Read,context=Ring:3,st
Field Read,context=Ring:3,st
Field Read,context=Ring:3,used
Field Read,context=Ring:3,ed
Field Read,context=Ring:3,st
Variable Write,context=Ring:3#maxRing:182,i=12
Field Read,context=Ring:3,st
Field Read,context=Ring:3,used
Variable Delete,method=Ring:3#maxRing:182 <name=i,type=int (id=7),value=<?>,index=2>
Variable Write,context=Ring:3#maxRing:182,result=3
Method Exit,returner=Ring:3#maxRing:182,value=3
Variable Write,context=Ring:3#maxRing:176,le=3
Field Read,context=Ring:3,st
Variable Delete,method=Ring:3#maxRing:176 <name=le,type=int (id=7),value=<?>,index=3>
Field Read,context=Ring:3,used
Variable Delete,method=Ring:3#maxRing:176 <name=i,type=int (id=7),value=<?>,index=2>
Variable Write,context=Ring:3#maxRing:176,result=4
Method Exit,returner=Ring:3#maxRing:176,value=4
Variable Write,context=Main#main:1,mm=4
Method Call,caller=Main#main:1,target=Ring:3#elem:23
Field Read,context=Ring:3,elemP
Field Read,context=Ring:3,st
Field Read,context=Ring:3,st
Field Read,context=Ring:3,elemP
Field Read,context=Ring:3,elemV
Field Read,context=Ring:3,elemP
Field Write,context=Ring:3,elemP=13
Field Read,context=Ring:3,elemP
Field Read,context=Ring:3,st
Field Read,context=Ring:3,st
Field Read,context=Ring:3,elemP
Field Read,context=Ring:3,elemV
Field Read,context=Ring:3,elemP
Field Write,context=Ring:3,elemP=14
Field Read,context=Ring:3,elemP
Field Read,context=Ring:3,st
Variable Write,context=Ring:3#elem:23,result=-1
Method Exit,returner=Ring:3#elem:23,value=-1
Variable Delete,method=Main#main:1 <name=mm,type=int (id=7),value=<?>,index=9>
Variable Delete,method=Main#main:1 <name=x,type=int (id=7),value=<?>,index=8>
Variable Delete,method=Main#main:1 <name=n,type=int (id=7),value=<?>,index=2>
Variable Delete,method=Main#main:1 <name=r,type=Ring (id=95),value=<?>,index=3>
Variable Delete,method=Main#main:1 <name=max,type=int (id=7),value=<?>,index=7>
Variable Write,context=Main#main:1,n=0
Variable Delete,method=Main#main:1 <name=n,type=int (id=7),value=<?>,index=2>
Exception Throw,exception=null,thrower=Main#main:1,framePopped=true
Thread End,
