Thread Start,main (1)
Method Call,caller=SYSTEM,target=Main#<clinit>:1
Field Write,context=Main,ans=0
Field Write,context=Main,get_ans=false
Method Exit,returner=Main#<clinit>:1,value=<void>
Method Call,caller=SYSTEM,target=Main#main:1
New Object,object=java.lang.String[]:1
Variable Write,context=Main#main:1,args=java.lang.String[]:1
Variable Write,context=Main#main:1,sc=java.util.Scanner (id=363)
New Object,object=int[][]:1
New Object,object=int[]:1
Field Write,context=int[]:1,0=0
Field Write,context=int[]:1,1=0
Field Write,context=int[]:1,2=0
Field Write,context=int[]:1,3=0
Field Write,context=int[]:1,4=0
Field Write,context=int[]:1,5=0
Field Write,context=int[]:1,6=0
Field Write,context=int[]:1,7=0
Field Write,context=int[]:1,8=0
Field Write,context=int[]:1,9=0
Field Write,context=int[]:1,10=0
Field Write,context=int[]:1,11=0
Field Write,context=int[]:1,12=0
Field Write,context=int[]:1,13=0
Field Write,context=int[]:1,14=0
Field Write,context=int[]:1,15=0
Field Write,context=int[][]:1,0=int[]:1
New Object,object=int[]:2
Field Write,context=int[]:2,0=0
Field Write,context=int[]:2,1=0
Field Write,context=int[]:2,2=0
Field Write,context=int[]:2,3=0
Field Write,context=int[]:2,4=0
Field Write,context=int[]:2,5=0
Field Write,context=int[]:2,6=0
Field Write,context=int[]:2,7=0
Field Write,context=int[]:2,8=0
Field Write,context=int[]:2,9=0
Field Write,context=int[]:2,10=0
Field Write,context=int[]:2,11=0
Field Write,context=int[]:2,12=0
Field Write,context=int[]:2,13=0
Field Write,context=int[]:2,14=0
Field Write,context=int[]:2,15=0
Field Write,context=int[][]:1,1=int[]:2
New Object,object=int[]:3
Field Write,context=int[]:3,0=0
Field Write,context=int[]:3,1=0
Field Write,context=int[]:3,2=0
Field Write,context=int[]:3,3=0
Field Write,context=int[]:3,4=0
Field Write,context=int[]:3,5=0
Field Write,context=int[]:3,6=0
Field Write,context=int[]:3,7=0
Field Write,context=int[]:3,8=0
Field Write,context=int[]:3,9=0
Field Write,context=int[]:3,10=0
Field Write,context=int[]:3,11=0
Field Write,context=int[]:3,12=0
Field Write,context=int[]:3,13=0
Field Write,context=int[]:3,14=0
Field Write,context=int[]:3,15=0
Field Write,context=int[][]:1,2=int[]:3
Variable Write,context=Main#main:1,init_states=int[][]:1
New Object,object=int[]:4
Field Write,context=int[]:4,0=0
Field Write,context=int[]:4,1=0
Field Write,context=int[]:4,2=0
Variable Write,context=Main#main:1,init_sizes=int[]:4
New Object,object=int[][]:2
New Object,object=int[]:5
Field Write,context=int[]:5,0=0
Field Write,context=int[]:5,1=0
Field Write,context=int[]:5,2=0
Field Write,context=int[]:5,3=0
Field Write,context=int[]:5,4=0
Field Write,context=int[]:5,5=0
Field Write,context=int[]:5,6=0
Field Write,context=int[]:5,7=0
Field Write,context=int[]:5,8=0
Field Write,context=int[]:5,9=0
Field Write,context=int[]:5,10=0
Field Write,context=int[]:5,11=0
Field Write,context=int[]:5,12=0
Field Write,context=int[]:5,13=0
Field Write,context=int[]:5,14=0
Field Write,context=int[]:5,15=0
Field Write,context=int[][]:2,0=int[]:5
New Object,object=int[]:6
Field Write,context=int[]:6,0=0
Field Write,context=int[]:6,1=0
Field Write,context=int[]:6,2=0
Field Write,context=int[]:6,3=0
Field Write,context=int[]:6,4=0
Field Write,context=int[]:6,5=0
Field Write,context=int[]:6,6=0
Field Write,context=int[]:6,7=0
Field Write,context=int[]:6,8=0
Field Write,context=int[]:6,9=0
Field Write,context=int[]:6,10=0
Field Write,context=int[]:6,11=0
Field Write,context=int[]:6,12=0
Field Write,context=int[]:6,13=0
Field Write,context=int[]:6,14=0
Field Write,context=int[]:6,15=0
Field Write,context=int[][]:2,1=int[]:6
New Object,object=int[]:7
Field Write,context=int[]:7,0=0
Field Write,context=int[]:7,1=0
Field Write,context=int[]:7,2=0
Field Write,context=int[]:7,3=0
Field Write,context=int[]:7,4=0
Field Write,context=int[]:7,5=0
Field Write,context=int[]:7,6=0
Field Write,context=int[]:7,7=0
Field Write,context=int[]:7,8=0
Field Write,context=int[]:7,9=0
Field Write,context=int[]:7,10=0
Field Write,context=int[]:7,11=0
Field Write,context=int[]:7,12=0
Field Write,context=int[]:7,13=0
Field Write,context=int[]:7,14=0
Field Write,context=int[]:7,15=0
Field Write,context=int[][]:2,2=int[]:7
Variable Write,context=Main#main:1,p_states=int[][]:2
New Object,object=int[]:8
Field Write,context=int[]:8,0=0
Field Write,context=int[]:8,1=0
Field Write,context=int[]:8,2=0
Variable Write,context=Main#main:1,p_sizes=int[]:8
Variable Write,context=Main#main:1,n=3
Variable Write,context=Main#main:1,m=10
Variable Write,context=Main#main:1,i=0
Variable Write,context=Main#main:1,p_sizes=int[]:8
Variable Write,context=Main#main:1,i=1
Field Write,context=int[]:8,1=1
Variable Write,context=Main#main:1,p_sizes=int[]:8
Variable Write,context=Main#main:1,j=0
Variable Write,context=Main#main:1,p_states=int[][]:2
Variable Write,context=Main#main:1,i=2
Variable Delete,method=Main#main:1 <name=j,type=int (id=7),value=<?>,index=9>
Field Write,context=int[]:8,2=2
Variable Write,context=Main#main:1,p_sizes=int[]:8
Variable Write,context=Main#main:1,j=0
Variable Write,context=Main#main:1,p_states=int[][]:2
Variable Write,context=Main#main:1,j=1
Variable Write,context=Main#main:1,p_states=int[][]:2
Variable Delete,method=Main#main:1 <name=j,type=int (id=7),value=<?>,index=9>
Field Write,context=Main,ans=0
Variable Delete,method=Main#main:1 <name=i,type=int (id=7),value=<?>,index=8>
Field Write,context=Main,get_ans=false
Field Write,context=int[]:4,0=3
Variable Write,context=Main#main:1,init_sizes=int[]:4
Variable Write,context=Main#main:1,i=0
Variable Write,context=Main#main:1,init_states=int[][]:1
Variable Write,context=Main#main:1,i=1
Variable Write,context=Main#main:1,init_states=int[][]:1
Variable Write,context=Main#main:1,i=2
Variable Write,context=Main#main:1,init_states=int[][]:1
Method Call,caller=Main#main:1,target=Main#move:1
Variable Write,context=Main#move:1,p_sizes=int[]:8
Variable Write,context=Main#move:1,from=0
Variable Write,context=Main#move:1,use=1
Variable Write,context=Main#move:1,depth=1
Variable Write,context=Main#move:1,n=3
Variable Write,context=Main#move:1,sizes=int[]:4
Variable Write,context=Main#move:1,p_states=int[][]:2
Variable Write,context=Main#move:1,to=2
Variable Write,context=Main#move:1,states=int[][]:1
Variable Write,context=Main#move:1,walk=0
Method Call,caller=Main#move:1,target=Main#move:2
Variable Write,context=Main#move:2,p_sizes=int[]:8
Variable Write,context=Main#move:2,from=0
Variable Write,context=Main#move:2,use=1
Variable Write,context=Main#move:2,depth=2
Variable Write,context=Main#move:2,n=3
Variable Write,context=Main#move:2,sizes=int[]:4
Variable Write,context=Main#move:2,p_states=int[][]:2
Variable Write,context=Main#move:2,to=2
Variable Write,context=Main#move:2,states=int[][]:1
Variable Write,context=Main#move:2,walk=0
Method Call,caller=Main#move:2,target=Main#move:3
Variable Write,context=Main#move:3,p_sizes=int[]:8
Variable Write,context=Main#move:3,from=0
Variable Write,context=Main#move:3,use=1
Variable Write,context=Main#move:3,depth=3
Variable Write,context=Main#move:3,n=3
Variable Write,context=Main#move:3,sizes=int[]:4
Variable Write,context=Main#move:3,p_states=int[][]:2
Variable Write,context=Main#move:3,to=2
Variable Write,context=Main#move:3,states=int[][]:1
Variable Write,context=Main#move:3,walk=0
Field Read,context=Main,get_ans
Method Call,caller=Main#move:3,target=Main#is_same:1
Variable Write,context=Main#is_same:1,p_states=int[][]:2
Variable Write,context=Main#is_same:1,p_sizes=int[]:8
Variable Write,context=Main#is_same:1,states=int[][]:1
Variable Write,context=Main#is_same:1,sizes=int[]:4
Variable Write,context=Main#is_same:1,i=0
Variable Write,context=Main#is_same:1,result=false
Method Exit,returner=Main#is_same:1,value=false
Method Call,caller=Main#move:3,target=Main#translate:1
Variable Write,context=Main#translate:1,states=int[][]:1
Variable Write,context=Main#translate:1,sizes=int[]:4
Variable Write,context=Main#translate:1,from=0
Variable Write,context=Main#translate:1,to=1
Field Write,context=int[]:4,0=2
Variable Write,context=Main#translate:1,sizes=int[]:4
Variable Write,context=Main#translate:1,states=int[][]:1
Field Write,context=int[]:4,1=1
Variable Write,context=Main#translate:1,sizes=int[]:4
Method Exit,returner=Main#translate:1,value=<void>
Variable Write,context=Main#move:3,walk=1
Field Read,context=Main,get_ans
Field Read,context=Main,ans
Field Write,context=Main,ans=1
Field Read,context=Main,get_ans
Method Call,caller=Main#move:3,target=Main#is_same:2
Variable Write,context=Main#is_same:2,p_states=int[][]:2
Variable Write,context=Main#is_same:2,p_sizes=int[]:8
Variable Write,context=Main#is_same:2,states=int[][]:1
Variable Write,context=Main#is_same:2,sizes=int[]:4
Variable Write,context=Main#is_same:2,i=0
Variable Write,context=Main#is_same:2,result=false
Method Exit,returner=Main#is_same:2,value=false
Method Call,caller=Main#move:3,target=Main#translate:2
Variable Write,context=Main#translate:2,states=int[][]:1
Variable Write,context=Main#translate:2,sizes=int[]:4
Variable Write,context=Main#translate:2,from=1
Variable Write,context=Main#translate:2,to=2
Field Write,context=int[]:4,1=0
Variable Write,context=Main#translate:2,sizes=int[]:4
Variable Write,context=Main#translate:2,states=int[][]:1
Field Write,context=int[]:4,2=1
Variable Write,context=Main#translate:2,sizes=int[]:4
Method Exit,returner=Main#translate:2,value=<void>
Variable Write,context=Main#move:3,walk=2
Field Read,context=Main,get_ans
Field Read,context=Main,ans
Field Write,context=Main,ans=2
Variable Write,context=Main#move:3,result=2
Method Exit,returner=Main#move:3,value=2
Variable Write,context=Main#move:2,walk=2
Field Read,context=Main,get_ans
Method Call,caller=Main#move:2,target=Main#is_same:3
Variable Write,context=Main#is_same:3,p_states=int[][]:2
Variable Write,context=Main#is_same:3,p_sizes=int[]:8
Variable Write,context=Main#is_same:3,states=int[][]:1
Variable Write,context=Main#is_same:3,sizes=int[]:4
Variable Write,context=Main#is_same:3,i=0
Variable Write,context=Main#is_same:3,result=false
Method Exit,returner=Main#is_same:3,value=false
Method Call,caller=Main#move:2,target=Main#translate:3
Variable Write,context=Main#translate:3,states=int[][]:1
Variable Write,context=Main#translate:3,sizes=int[]:4
Variable Write,context=Main#translate:3,from=0
Variable Write,context=Main#translate:3,to=1
Field Write,context=int[]:4,0=1
Variable Write,context=Main#translate:3,sizes=int[]:4
Variable Write,context=Main#translate:3,states=int[][]:1
Field Write,context=int[]:4,1=1
Variable Write,context=Main#translate:3,sizes=int[]:4
Method Exit,returner=Main#translate:3,value=<void>
Variable Write,context=Main#move:2,walk=3
Field Read,context=Main,get_ans
Field Read,context=Main,ans
Field Write,context=Main,ans=3
Method Call,caller=Main#move:2,target=Main#move:4
Variable Write,context=Main#move:4,p_sizes=int[]:8
Variable Write,context=Main#move:4,from=2
Variable Write,context=Main#move:4,use=1
Variable Write,context=Main#move:4,depth=3
Variable Write,context=Main#move:4,n=3
Variable Write,context=Main#move:4,sizes=int[]:4
Variable Write,context=Main#move:4,p_states=int[][]:2
Variable Write,context=Main#move:4,to=0
Variable Write,context=Main#move:4,states=int[][]:1
Variable Write,context=Main#move:4,walk=0
Field Read,context=Main,get_ans
Method Call,caller=Main#move:4,target=Main#is_same:4
Variable Write,context=Main#is_same:4,p_states=int[][]:2
Variable Write,context=Main#is_same:4,p_sizes=int[]:8
Variable Write,context=Main#is_same:4,states=int[][]:1
Variable Write,context=Main#is_same:4,sizes=int[]:4
Variable Write,context=Main#is_same:4,i=0
Variable Write,context=Main#is_same:4,result=false
Method Exit,returner=Main#is_same:4,value=false
Method Call,caller=Main#move:4,target=Main#translate:4
Variable Write,context=Main#translate:4,states=int[][]:1
Variable Write,context=Main#translate:4,sizes=int[]:4
Variable Write,context=Main#translate:4,from=2
Variable Write,context=Main#translate:4,to=1
Field Write,context=int[]:4,2=0
Variable Write,context=Main#translate:4,sizes=int[]:4
Variable Write,context=Main#translate:4,states=int[][]:1
Field Write,context=int[]:4,1=2
Variable Write,context=Main#translate:4,sizes=int[]:4
Method Exit,returner=Main#translate:4,value=<void>
Variable Write,context=Main#move:4,walk=1
Field Read,context=Main,get_ans
Field Read,context=Main,ans
Field Write,context=Main,ans=4
Field Read,context=Main,get_ans
Method Call,caller=Main#move:4,target=Main#is_same:5
Variable Write,context=Main#is_same:5,p_states=int[][]:2
Variable Write,context=Main#is_same:5,p_sizes=int[]:8
Variable Write,context=Main#is_same:5,states=int[][]:1
Variable Write,context=Main#is_same:5,sizes=int[]:4
Variable Write,context=Main#is_same:5,i=0
Variable Write,context=Main#is_same:5,result=false
Method Exit,returner=Main#is_same:5,value=false
Method Call,caller=Main#move:4,target=Main#translate:5
Variable Write,context=Main#translate:5,states=int[][]:1
Variable Write,context=Main#translate:5,sizes=int[]:4
Variable Write,context=Main#translate:5,from=1
Variable Write,context=Main#translate:5,to=0
Field Write,context=int[]:4,1=1
Variable Write,context=Main#translate:5,sizes=int[]:4
Variable Write,context=Main#translate:5,states=int[][]:1
Field Write,context=int[]:4,0=2
Variable Write,context=Main#translate:5,sizes=int[]:4
Method Exit,returner=Main#translate:5,value=<void>
Variable Write,context=Main#move:4,walk=2
Field Read,context=Main,get_ans
Field Read,context=Main,ans
Field Write,context=Main,ans=5
Variable Write,context=Main#move:4,result=2
Method Exit,returner=Main#move:4,value=2
Variable Write,context=Main#move:2,walk=5
Field Read,context=Main,get_ans
Method Call,caller=Main#move:2,target=Main#is_same:6
Variable Write,context=Main#is_same:6,p_states=int[][]:2
Variable Write,context=Main#is_same:6,p_sizes=int[]:8
Variable Write,context=Main#is_same:6,states=int[][]:1
Variable Write,context=Main#is_same:6,sizes=int[]:4
Variable Write,context=Main#is_same:6,i=0
Variable Write,context=Main#is_same:6,result=false
Method Exit,returner=Main#is_same:6,value=false
Method Call,caller=Main#move:2,target=Main#translate:6
Variable Write,context=Main#translate:6,states=int[][]:1
Variable Write,context=Main#translate:6,sizes=int[]:4
Variable Write,context=Main#translate:6,from=1
Variable Write,context=Main#translate:6,to=2
Field Write,context=int[]:4,1=0
Variable Write,context=Main#translate:6,sizes=int[]:4
Variable Write,context=Main#translate:6,states=int[][]:1
Field Write,context=int[]:4,2=1
Variable Write,context=Main#translate:6,sizes=int[]:4
Method Exit,returner=Main#translate:6,value=<void>
Variable Write,context=Main#move:2,walk=6
Field Read,context=Main,get_ans
Field Read,context=Main,ans
Field Write,context=Main,ans=6
Method Call,caller=Main#move:2,target=Main#move:5
Variable Write,context=Main#move:5,p_sizes=int[]:8
Variable Write,context=Main#move:5,from=0
Variable Write,context=Main#move:5,use=1
Variable Write,context=Main#move:5,depth=3
Variable Write,context=Main#move:5,n=3
Variable Write,context=Main#move:5,sizes=int[]:4
Variable Write,context=Main#move:5,p_states=int[][]:2
Variable Write,context=Main#move:5,to=2
Variable Write,context=Main#move:5,states=int[][]:1
Variable Write,context=Main#move:5,walk=0
Field Read,context=Main,get_ans
Method Call,caller=Main#move:5,target=Main#is_same:7
Variable Write,context=Main#is_same:7,p_states=int[][]:2
Variable Write,context=Main#is_same:7,p_sizes=int[]:8
Variable Write,context=Main#is_same:7,states=int[][]:1
Variable Write,context=Main#is_same:7,sizes=int[]:4
Variable Write,context=Main#is_same:7,i=0
Variable Write,context=Main#is_same:7,result=false
Method Exit,returner=Main#is_same:7,value=false
Method Call,caller=Main#move:5,target=Main#translate:7
Variable Write,context=Main#translate:7,states=int[][]:1
Variable Write,context=Main#translate:7,sizes=int[]:4
Variable Write,context=Main#translate:7,from=0
Variable Write,context=Main#translate:7,to=1
Field Write,context=int[]:4,0=1
Variable Write,context=Main#translate:7,sizes=int[]:4
Variable Write,context=Main#translate:7,states=int[][]:1
Field Write,context=int[]:4,1=1
Variable Write,context=Main#translate:7,sizes=int[]:4
Method Exit,returner=Main#translate:7,value=<void>
Variable Write,context=Main#move:5,walk=1
Field Read,context=Main,get_ans
Field Read,context=Main,ans
Field Write,context=Main,ans=7
Field Read,context=Main,get_ans
Method Call,caller=Main#move:5,target=Main#is_same:8
Variable Write,context=Main#is_same:8,p_states=int[][]:2
Variable Write,context=Main#is_same:8,p_sizes=int[]:8
Variable Write,context=Main#is_same:8,states=int[][]:1
Variable Write,context=Main#is_same:8,sizes=int[]:4
Variable Write,context=Main#is_same:8,i=0
Variable Write,context=Main#is_same:8,result=false
Method Exit,returner=Main#is_same:8,value=false
Method Call,caller=Main#move:5,target=Main#translate:8
Variable Write,context=Main#translate:8,states=int[][]:1
Variable Write,context=Main#translate:8,sizes=int[]:4
Variable Write,context=Main#translate:8,from=1
Variable Write,context=Main#translate:8,to=2
Field Write,context=int[]:4,1=0
Variable Write,context=Main#translate:8,sizes=int[]:4
Variable Write,context=Main#translate:8,states=int[][]:1
Field Write,context=int[]:4,2=2
Variable Write,context=Main#translate:8,sizes=int[]:4
Method Exit,returner=Main#translate:8,value=<void>
Variable Write,context=Main#move:5,walk=2
Field Read,context=Main,get_ans
Field Read,context=Main,ans
Field Write,context=Main,ans=8
Variable Write,context=Main#move:5,result=2
Method Exit,returner=Main#move:5,value=2
Variable Write,context=Main#move:2,walk=8
Variable Write,context=Main#move:2,result=8
Method Exit,returner=Main#move:2,value=8
Variable Write,context=Main#move:1,walk=8
Field Read,context=Main,get_ans
Method Call,caller=Main#move:1,target=Main#is_same:9
Variable Write,context=Main#is_same:9,p_states=int[][]:2
Variable Write,context=Main#is_same:9,p_sizes=int[]:8
Variable Write,context=Main#is_same:9,states=int[][]:1
Variable Write,context=Main#is_same:9,sizes=int[]:4
Variable Write,context=Main#is_same:9,i=0
Variable Write,context=Main#is_same:9,result=false
Method Exit,returner=Main#is_same:9,value=false
Method Call,caller=Main#move:1,target=Main#translate:9
Variable Write,context=Main#translate:9,states=int[][]:1
Variable Write,context=Main#translate:9,sizes=int[]:4
Variable Write,context=Main#translate:9,from=0
Variable Write,context=Main#translate:9,to=1
Field Write,context=int[]:4,0=0
Variable Write,context=Main#translate:9,sizes=int[]:4
Variable Write,context=Main#translate:9,states=int[][]:1
Field Write,context=int[]:4,1=1
Variable Write,context=Main#translate:9,sizes=int[]:4
Method Exit,returner=Main#translate:9,value=<void>
Variable Write,context=Main#move:1,walk=9
Field Read,context=Main,get_ans
Field Read,context=Main,ans
Field Write,context=Main,ans=9
Method Call,caller=Main#move:1,target=Main#move:6
Variable Write,context=Main#move:6,p_sizes=int[]:8
Variable Write,context=Main#move:6,from=2
Variable Write,context=Main#move:6,use=1
Variable Write,context=Main#move:6,depth=2
Variable Write,context=Main#move:6,n=3
Variable Write,context=Main#move:6,sizes=int[]:4
Variable Write,context=Main#move:6,p_states=int[][]:2
Variable Write,context=Main#move:6,to=0
Variable Write,context=Main#move:6,states=int[][]:1
Variable Write,context=Main#move:6,walk=0
Method Call,caller=Main#move:6,target=Main#move:7
Variable Write,context=Main#move:7,p_sizes=int[]:8
Variable Write,context=Main#move:7,from=2
Variable Write,context=Main#move:7,use=1
Variable Write,context=Main#move:7,depth=3
Variable Write,context=Main#move:7,n=3
Variable Write,context=Main#move:7,sizes=int[]:4
Variable Write,context=Main#move:7,p_states=int[][]:2
Variable Write,context=Main#move:7,to=0
Variable Write,context=Main#move:7,states=int[][]:1
Variable Write,context=Main#move:7,walk=0
Field Read,context=Main,get_ans
Method Call,caller=Main#move:7,target=Main#is_same:10
Variable Write,context=Main#is_same:10,p_states=int[][]:2
Variable Write,context=Main#is_same:10,p_sizes=int[]:8
Variable Write,context=Main#is_same:10,states=int[][]:1
Variable Write,context=Main#is_same:10,sizes=int[]:4
Variable Write,context=Main#is_same:10,i=0
Variable Write,context=Main#is_same:10,i=1
Variable Write,context=Main#is_same:10,j=0
Variable Write,context=Main#is_same:10,i=2
Variable Delete,method=Main#is_same:10 <name=j,type=int (id=7),value=<?>,index=5>
Variable Write,context=Main#is_same:10,j=0
Variable Write,context=Main#is_same:10,j=1
Variable Delete,method=Main#is_same:10 <name=j,type=int (id=7),value=<?>,index=5>
Variable Write,context=Main#is_same:10,result=true
Method Exit,returner=Main#is_same:10,value=true
Field Write,context=Main,get_ans=true
Method Call,caller=Main#move:7,target=Main#translate:10
Variable Write,context=Main#translate:10,states=int[][]:1
Variable Write,context=Main#translate:10,sizes=int[]:4
Variable Write,context=Main#translate:10,from=2
Variable Write,context=Main#translate:10,to=1
Field Write,context=int[]:4,2=1
Variable Write,context=Main#translate:10,sizes=int[]:4
Variable Write,context=Main#translate:10,states=int[][]:1
Field Write,context=int[]:4,1=2
Variable Write,context=Main#translate:10,sizes=int[]:4
Method Exit,returner=Main#translate:10,value=<void>
Variable Write,context=Main#move:7,walk=1
Field Read,context=Main,get_ans
Field Read,context=Main,get_ans
Method Call,caller=Main#move:7,target=Main#translate:11
Variable Write,context=Main#translate:11,states=int[][]:1
Variable Write,context=Main#translate:11,sizes=int[]:4
Variable Write,context=Main#translate:11,from=1
Variable Write,context=Main#translate:11,to=0
Field Write,context=int[]:4,1=1
Variable Write,context=Main#translate:11,sizes=int[]:4
Variable Write,context=Main#translate:11,states=int[][]:1
Field Write,context=int[]:4,0=1
Variable Write,context=Main#translate:11,sizes=int[]:4
Method Exit,returner=Main#translate:11,value=<void>
Variable Write,context=Main#move:7,walk=2
Field Read,context=Main,get_ans
Variable Write,context=Main#move:7,result=2
Method Exit,returner=Main#move:7,value=2
Variable Write,context=Main#move:6,walk=2
Field Read,context=Main,get_ans
Method Call,caller=Main#move:6,target=Main#translate:12
Variable Write,context=Main#translate:12,states=int[][]:1
Variable Write,context=Main#translate:12,sizes=int[]:4
Variable Write,context=Main#translate:12,from=2
Variable Write,context=Main#translate:12,to=1
Field Write,context=int[]:4,2=0
Variable Write,context=Main#translate:12,sizes=int[]:4
Variable Write,context=Main#translate:12,states=int[][]:1
Field Write,context=int[]:4,1=2
Variable Write,context=Main#translate:12,sizes=int[]:4
Method Exit,returner=Main#translate:12,value=<void>
Variable Write,context=Main#move:6,walk=3
Field Read,context=Main,get_ans
Method Call,caller=Main#move:6,target=Main#move:8
Variable Write,context=Main#move:8,p_sizes=int[]:8
Variable Write,context=Main#move:8,from=0
Variable Write,context=Main#move:8,use=1
Variable Write,context=Main#move:8,depth=3
Variable Write,context=Main#move:8,n=3
Variable Write,context=Main#move:8,sizes=int[]:4
Variable Write,context=Main#move:8,p_states=int[][]:2
Variable Write,context=Main#move:8,to=2
Variable Write,context=Main#move:8,states=int[][]:1
Variable Write,context=Main#move:8,walk=0
Field Read,context=Main,get_ans
Method Call,caller=Main#move:8,target=Main#translate:13
Variable Write,context=Main#translate:13,states=int[][]:1
Variable Write,context=Main#translate:13,sizes=int[]:4
Variable Write,context=Main#translate:13,from=0
Variable Write,context=Main#translate:13,to=1
Field Write,context=int[]:4,0=0
Variable Write,context=Main#translate:13,sizes=int[]:4
Variable Write,context=Main#translate:13,states=int[][]:1
Field Write,context=int[]:4,1=3
Variable Write,context=Main#translate:13,sizes=int[]:4
Method Exit,returner=Main#translate:13,value=<void>
Variable Write,context=Main#move:8,walk=1
Field Read,context=Main,get_ans
Field Read,context=Main,get_ans
Method Call,caller=Main#move:8,target=Main#translate:14
Variable Write,context=Main#translate:14,states=int[][]:1
Variable Write,context=Main#translate:14,sizes=int[]:4
Variable Write,context=Main#translate:14,from=1
Variable Write,context=Main#translate:14,to=2
Field Write,context=int[]:4,1=2
Variable Write,context=Main#translate:14,sizes=int[]:4
Variable Write,context=Main#translate:14,states=int[][]:1
Field Write,context=int[]:4,2=1
Variable Write,context=Main#translate:14,sizes=int[]:4
Method Exit,returner=Main#translate:14,value=<void>
Variable Write,context=Main#move:8,walk=2
Field Read,context=Main,get_ans
Variable Write,context=Main#move:8,result=2
Method Exit,returner=Main#move:8,value=2
Variable Write,context=Main#move:6,walk=5
Field Read,context=Main,get_ans
Method Call,caller=Main#move:6,target=Main#translate:15
Variable Write,context=Main#translate:15,states=int[][]:1
Variable Write,context=Main#translate:15,sizes=int[]:4
Variable Write,context=Main#translate:15,from=1
Variable Write,context=Main#translate:15,to=0
Field Write,context=int[]:4,1=1
Variable Write,context=Main#translate:15,sizes=int[]:4
Variable Write,context=Main#translate:15,states=int[][]:1
Field Write,context=int[]:4,0=1
Variable Write,context=Main#translate:15,sizes=int[]:4
Method Exit,returner=Main#translate:15,value=<void>
Variable Write,context=Main#move:6,walk=6
Field Read,context=Main,get_ans
Method Call,caller=Main#move:6,target=Main#move:9
Variable Write,context=Main#move:9,p_sizes=int[]:8
Variable Write,context=Main#move:9,from=2
Variable Write,context=Main#move:9,use=1
Variable Write,context=Main#move:9,depth=3
Variable Write,context=Main#move:9,n=3
Variable Write,context=Main#move:9,sizes=int[]:4
Variable Write,context=Main#move:9,p_states=int[][]:2
Variable Write,context=Main#move:9,to=0
Variable Write,context=Main#move:9,states=int[][]:1
Variable Write,context=Main#move:9,walk=0
Field Read,context=Main,get_ans
Method Call,caller=Main#move:9,target=Main#translate:16
Variable Write,context=Main#translate:16,states=int[][]:1
Variable Write,context=Main#translate:16,sizes=int[]:4
Variable Write,context=Main#translate:16,from=2
Variable Write,context=Main#translate:16,to=1
Field Write,context=int[]:4,2=0
Variable Write,context=Main#translate:16,sizes=int[]:4
Variable Write,context=Main#translate:16,states=int[][]:1
Field Write,context=int[]:4,1=2
Variable Write,context=Main#translate:16,sizes=int[]:4
Method Exit,returner=Main#translate:16,value=<void>
Variable Write,context=Main#move:9,walk=1
Field Read,context=Main,get_ans
Field Read,context=Main,get_ans
Method Call,caller=Main#move:9,target=Main#translate:17
Variable Write,context=Main#translate:17,states=int[][]:1
Variable Write,context=Main#translate:17,sizes=int[]:4
Variable Write,context=Main#translate:17,from=1
Variable Write,context=Main#translate:17,to=0
Field Write,context=int[]:4,1=1
Variable Write,context=Main#translate:17,sizes=int[]:4
Variable Write,context=Main#translate:17,states=int[][]:1
Field Write,context=int[]:4,0=2
Variable Write,context=Main#translate:17,sizes=int[]:4
Method Exit,returner=Main#translate:17,value=<void>
Variable Write,context=Main#move:9,walk=2
Field Read,context=Main,get_ans
Variable Write,context=Main#move:9,result=2
Method Exit,returner=Main#move:9,value=2
Variable Write,context=Main#move:6,walk=8
Variable Write,context=Main#move:6,result=8
Method Exit,returner=Main#move:6,value=8
Variable Write,context=Main#move:1,walk=17
Field Read,context=Main,get_ans
Method Call,caller=Main#move:1,target=Main#translate:18
Variable Write,context=Main#translate:18,states=int[][]:1
Variable Write,context=Main#translate:18,sizes=int[]:4
Variable Write,context=Main#translate:18,from=1
Variable Write,context=Main#translate:18,to=2
Field Write,context=int[]:4,1=0
Variable Write,context=Main#translate:18,sizes=int[]:4
Variable Write,context=Main#translate:18,states=int[][]:1
Field Write,context=int[]:4,2=1
Variable Write,context=Main#translate:18,sizes=int[]:4
Method Exit,returner=Main#translate:18,value=<void>
Variable Write,context=Main#move:1,walk=18
Field Read,context=Main,get_ans
Method Call,caller=Main#move:1,target=Main#move:10
Variable Write,context=Main#move:10,p_sizes=int[]:8
Variable Write,context=Main#move:10,from=0
Variable Write,context=Main#move:10,use=1
Variable Write,context=Main#move:10,depth=2
Variable Write,context=Main#move:10,n=3
Variable Write,context=Main#move:10,sizes=int[]:4
Variable Write,context=Main#move:10,p_states=int[][]:2
Variable Write,context=Main#move:10,to=2
Variable Write,context=Main#move:10,states=int[][]:1
Variable Write,context=Main#move:10,walk=0
Method Call,caller=Main#move:10,target=Main#move:11
Variable Write,context=Main#move:11,p_sizes=int[]:8
Variable Write,context=Main#move:11,from=0
Variable Write,context=Main#move:11,use=1
Variable Write,context=Main#move:11,depth=3
Variable Write,context=Main#move:11,n=3
Variable Write,context=Main#move:11,sizes=int[]:4
Variable Write,context=Main#move:11,p_states=int[][]:2
Variable Write,context=Main#move:11,to=2
Variable Write,context=Main#move:11,states=int[][]:1
Variable Write,context=Main#move:11,walk=0
Field Read,context=Main,get_ans
Method Call,caller=Main#move:11,target=Main#translate:19
Variable Write,context=Main#translate:19,states=int[][]:1
Variable Write,context=Main#translate:19,sizes=int[]:4
Variable Write,context=Main#translate:19,from=0
Variable Write,context=Main#translate:19,to=1
Field Write,context=int[]:4,0=1
Variable Write,context=Main#translate:19,sizes=int[]:4
Variable Write,context=Main#translate:19,states=int[][]:1
Field Write,context=int[]:4,1=1
Variable Write,context=Main#translate:19,sizes=int[]:4
Method Exit,returner=Main#translate:19,value=<void>
Variable Write,context=Main#move:11,walk=1
Field Read,context=Main,get_ans
Field Read,context=Main,get_ans
Method Call,caller=Main#move:11,target=Main#translate:20
Variable Write,context=Main#translate:20,states=int[][]:1
Variable Write,context=Main#translate:20,sizes=int[]:4
Variable Write,context=Main#translate:20,from=1
Variable Write,context=Main#translate:20,to=2
Field Write,context=int[]:4,1=0
Variable Write,context=Main#translate:20,sizes=int[]:4
Variable Write,context=Main#translate:20,states=int[][]:1
Field Write,context=int[]:4,2=2
Variable Write,context=Main#translate:20,sizes=int[]:4
Method Exit,returner=Main#translate:20,value=<void>
Variable Write,context=Main#move:11,walk=2
Field Read,context=Main,get_ans
Variable Write,context=Main#move:11,result=2
Method Exit,returner=Main#move:11,value=2
Variable Write,context=Main#move:10,walk=2
Field Read,context=Main,get_ans
Method Call,caller=Main#move:10,target=Main#translate:21
Variable Write,context=Main#translate:21,states=int[][]:1
Variable Write,context=Main#translate:21,sizes=int[]:4
Variable Write,context=Main#translate:21,from=0
Variable Write,context=Main#translate:21,to=1
Field Write,context=int[]:4,0=0
Variable Write,context=Main#translate:21,sizes=int[]:4
Variable Write,context=Main#translate:21,states=int[][]:1
Field Write,context=int[]:4,1=1
Variable Write,context=Main#translate:21,sizes=int[]:4
Method Exit,returner=Main#translate:21,value=<void>
Variable Write,context=Main#move:10,walk=3
Field Read,context=Main,get_ans
Method Call,caller=Main#move:10,target=Main#move:12
Variable Write,context=Main#move:12,p_sizes=int[]:8
Variable Write,context=Main#move:12,from=2
Variable Write,context=Main#move:12,use=1
Variable Write,context=Main#move:12,depth=3
Variable Write,context=Main#move:12,n=3
Variable Write,context=Main#move:12,sizes=int[]:4
Variable Write,context=Main#move:12,p_states=int[][]:2
Variable Write,context=Main#move:12,to=0
Variable Write,context=Main#move:12,states=int[][]:1
Variable Write,context=Main#move:12,walk=0
Field Read,context=Main,get_ans
Method Call,caller=Main#move:12,target=Main#translate:22
Variable Write,context=Main#translate:22,states=int[][]:1
Variable Write,context=Main#translate:22,sizes=int[]:4
Variable Write,context=Main#translate:22,from=2
Variable Write,context=Main#translate:22,to=1
Field Write,context=int[]:4,2=1
Variable Write,context=Main#translate:22,sizes=int[]:4
Variable Write,context=Main#translate:22,states=int[][]:1
Field Write,context=int[]:4,1=2
Variable Write,context=Main#translate:22,sizes=int[]:4
Method Exit,returner=Main#translate:22,value=<void>
Variable Write,context=Main#move:12,walk=1
Field Read,context=Main,get_ans
Field Read,context=Main,get_ans
Method Call,caller=Main#move:12,target=Main#translate:23
Variable Write,context=Main#translate:23,states=int[][]:1
Variable Write,context=Main#translate:23,sizes=int[]:4
Variable Write,context=Main#translate:23,from=1
Variable Write,context=Main#translate:23,to=0
Field Write,context=int[]:4,1=1
Variable Write,context=Main#translate:23,sizes=int[]:4
Variable Write,context=Main#translate:23,states=int[][]:1
Field Write,context=int[]:4,0=1
Variable Write,context=Main#translate:23,sizes=int[]:4
Method Exit,returner=Main#translate:23,value=<void>
Variable Write,context=Main#move:12,walk=2
Field Read,context=Main,get_ans
Variable Write,context=Main#move:12,result=2
Method Exit,returner=Main#move:12,value=2
Variable Write,context=Main#move:10,walk=5
Field Read,context=Main,get_ans
Method Call,caller=Main#move:10,target=Main#translate:24
Variable Write,context=Main#translate:24,states=int[][]:1
Variable Write,context=Main#translate:24,sizes=int[]:4
Variable Write,context=Main#translate:24,from=1
Variable Write,context=Main#translate:24,to=2
Field Write,context=int[]:4,1=0
Variable Write,context=Main#translate:24,sizes=int[]:4
Variable Write,context=Main#translate:24,states=int[][]:1
Field Write,context=int[]:4,2=2
Variable Write,context=Main#translate:24,sizes=int[]:4
Method Exit,returner=Main#translate:24,value=<void>
Variable Write,context=Main#move:10,walk=6
Field Read,context=Main,get_ans
Method Call,caller=Main#move:10,target=Main#move:13
Variable Write,context=Main#move:13,p_sizes=int[]:8
Variable Write,context=Main#move:13,from=0
Variable Write,context=Main#move:13,use=1
Variable Write,context=Main#move:13,depth=3
Variable Write,context=Main#move:13,n=3
Variable Write,context=Main#move:13,sizes=int[]:4
Variable Write,context=Main#move:13,p_states=int[][]:2
Variable Write,context=Main#move:13,to=2
Variable Write,context=Main#move:13,states=int[][]:1
Variable Write,context=Main#move:13,walk=0
Field Read,context=Main,get_ans
Method Call,caller=Main#move:13,target=Main#translate:25
Variable Write,context=Main#translate:25,states=int[][]:1
Variable Write,context=Main#translate:25,sizes=int[]:4
Variable Write,context=Main#translate:25,from=0
Variable Write,context=Main#translate:25,to=1
Field Write,context=int[]:4,0=0
Variable Write,context=Main#translate:25,sizes=int[]:4
Variable Write,context=Main#translate:25,states=int[][]:1
Field Write,context=int[]:4,1=1
Variable Write,context=Main#translate:25,sizes=int[]:4
Method Exit,returner=Main#translate:25,value=<void>
Variable Write,context=Main#move:13,walk=1
Field Read,context=Main,get_ans
Field Read,context=Main,get_ans
Method Call,caller=Main#move:13,target=Main#translate:26
Variable Write,context=Main#translate:26,states=int[][]:1
Variable Write,context=Main#translate:26,sizes=int[]:4
Variable Write,context=Main#translate:26,from=1
Variable Write,context=Main#translate:26,to=2
Field Write,context=int[]:4,1=0
Variable Write,context=Main#translate:26,sizes=int[]:4
Variable Write,context=Main#translate:26,states=int[][]:1
Field Write,context=int[]:4,2=3
Variable Write,context=Main#translate:26,sizes=int[]:4
Method Exit,returner=Main#translate:26,value=<void>
Variable Write,context=Main#move:13,walk=2
Field Read,context=Main,get_ans
Variable Write,context=Main#move:13,result=2
Method Exit,returner=Main#move:13,value=2
Variable Write,context=Main#move:10,walk=8
Variable Write,context=Main#move:10,result=8
Method Exit,returner=Main#move:10,value=8
Variable Write,context=Main#move:1,walk=26
Variable Write,context=Main#move:1,result=26
Method Exit,returner=Main#move:1,value=26
Variable Delete,method=Main#main:1 <name=i,type=int (id=7),value=<?>,index=10>
Variable Write,context=Main#main:1,max=26
Field Read,context=Main,ans
Field Read,context=Main,ans
Variable Write,context=Main#main:1,answer=9
Variable Delete,method=Main#main:1 <name=n,type=int (id=7),value=0,index=6>
Variable Delete,method=Main#main:1 <name=m,type=int (id=7),value=0,index=7>
Variable Delete,method=Main#main:1 <name=max,type=int (id=7),value=<?>,index=11>
Variable Delete,method=Main#main:1 <name=answer,type=int (id=7),value=<?>,index=12>
Variable Write,context=Main#main:1,n=4
Variable Write,context=Main#main:1,m=20
Variable Write,context=Main#main:1,i=0
Field Write,context=int[]:8,0=2
Variable Write,context=Main#main:1,p_sizes=int[]:8
Variable Write,context=Main#main:1,j=0
Variable Write,context=Main#main:1,p_states=int[][]:2
Variable Write,context=Main#main:1,j=1
Variable Write,context=Main#main:1,p_states=int[][]:2
Variable Write,context=Main#main:1,i=1
Variable Delete,method=Main#main:1 <name=j,type=int (id=7),value=<?>,index=9>
Variable Write,context=Main#main:1,p_sizes=int[]:8
Variable Write,context=Main#main:1,j=0
Variable Write,context=Main#main:1,p_states=int[][]:2
Variable Write,context=Main#main:1,i=2
Variable Delete,method=Main#main:1 <name=j,type=int (id=7),value=<?>,index=9>
Field Write,context=int[]:8,2=1
Variable Write,context=Main#main:1,p_sizes=int[]:8
Variable Write,context=Main#main:1,j=0
Variable Write,context=Main#main:1,p_states=int[][]:2
Variable Delete,method=Main#main:1 <name=j,type=int (id=7),value=<?>,index=9>
Field Write,context=Main,ans=0
Variable Delete,method=Main#main:1 <name=i,type=int (id=7),value=<?>,index=8>
Field Write,context=Main,get_ans=false
Field Write,context=int[]:4,0=4
Field Write,context=int[]:4,2=0
Variable Write,context=Main#main:1,init_sizes=int[]:4
Variable Write,context=Main#main:1,i=0
Variable Write,context=Main#main:1,init_states=int[][]:1
Variable Write,context=Main#main:1,i=1
Variable Write,context=Main#main:1,init_states=int[][]:1
Variable Write,context=Main#main:1,i=2
Variable Write,context=Main#main:1,init_states=int[][]:1
Variable Write,context=Main#main:1,i=3
Variable Write,context=Main#main:1,init_states=int[][]:1
Method Call,caller=Main#main:1,target=Main#move:14
Variable Write,context=Main#move:14,p_sizes=int[]:8
Variable Write,context=Main#move:14,from=0
Variable Write,context=Main#move:14,use=1
Variable Write,context=Main#move:14,depth=1
Variable Write,context=Main#move:14,n=4
Variable Write,context=Main#move:14,sizes=int[]:4
Variable Write,context=Main#move:14,p_states=int[][]:2
Variable Write,context=Main#move:14,to=2
Variable Write,context=Main#move:14,states=int[][]:1
Variable Write,context=Main#move:14,walk=0
Method Call,caller=Main#move:14,target=Main#move:15
Variable Write,context=Main#move:15,p_sizes=int[]:8
Variable Write,context=Main#move:15,from=0
Variable Write,context=Main#move:15,use=1
Variable Write,context=Main#move:15,depth=2
Variable Write,context=Main#move:15,n=4
Variable Write,context=Main#move:15,sizes=int[]:4
Variable Write,context=Main#move:15,p_states=int[][]:2
Variable Write,context=Main#move:15,to=2
Variable Write,context=Main#move:15,states=int[][]:1
Variable Write,context=Main#move:15,walk=0
Method Call,caller=Main#move:15,target=Main#move:16
Variable Write,context=Main#move:16,p_sizes=int[]:8
Variable Write,context=Main#move:16,from=0
Variable Write,context=Main#move:16,use=1
Variable Write,context=Main#move:16,depth=3
Variable Write,context=Main#move:16,n=4
Variable Write,context=Main#move:16,sizes=int[]:4
Variable Write,context=Main#move:16,p_states=int[][]:2
Variable Write,context=Main#move:16,to=2
Variable Write,context=Main#move:16,states=int[][]:1
Variable Write,context=Main#move:16,walk=0
Method Call,caller=Main#move:16,target=Main#move:17
Variable Write,context=Main#move:17,p_sizes=int[]:8
Variable Write,context=Main#move:17,from=0
Variable Write,context=Main#move:17,use=1
Variable Write,context=Main#move:17,depth=4
Variable Write,context=Main#move:17,n=4
Variable Write,context=Main#move:17,sizes=int[]:4
Variable Write,context=Main#move:17,p_states=int[][]:2
Variable Write,context=Main#move:17,to=2
Variable Write,context=Main#move:17,states=int[][]:1
Variable Write,context=Main#move:17,walk=0
Field Read,context=Main,get_ans
Method Call,caller=Main#move:17,target=Main#is_same:11
Variable Write,context=Main#is_same:11,p_states=int[][]:2
Variable Write,context=Main#is_same:11,p_sizes=int[]:8
Variable Write,context=Main#is_same:11,states=int[][]:1
Variable Write,context=Main#is_same:11,sizes=int[]:4
Variable Write,context=Main#is_same:11,i=0
Variable Write,context=Main#is_same:11,result=false
Method Exit,returner=Main#is_same:11,value=false
Method Call,caller=Main#move:17,target=Main#translate:27
Variable Write,context=Main#translate:27,states=int[][]:1
Variable Write,context=Main#translate:27,sizes=int[]:4
Variable Write,context=Main#translate:27,from=0
Variable Write,context=Main#translate:27,to=1
Field Write,context=int[]:4,0=3
Variable Write,context=Main#translate:27,sizes=int[]:4
Variable Write,context=Main#translate:27,states=int[][]:1
Field Write,context=int[]:4,1=1
Variable Write,context=Main#translate:27,sizes=int[]:4
Method Exit,returner=Main#translate:27,value=<void>
Variable Write,context=Main#move:17,walk=1
Field Read,context=Main,get_ans
Field Read,context=Main,ans
Field Write,context=Main,ans=1
Field Read,context=Main,get_ans
Method Call,caller=Main#move:17,target=Main#is_same:12
Variable Write,context=Main#is_same:12,p_states=int[][]:2
Variable Write,context=Main#is_same:12,p_sizes=int[]:8
Variable Write,context=Main#is_same:12,states=int[][]:1
Variable Write,context=Main#is_same:12,sizes=int[]:4
Variable Write,context=Main#is_same:12,i=0
Variable Write,context=Main#is_same:12,result=false
Method Exit,returner=Main#is_same:12,value=false
Method Call,caller=Main#move:17,target=Main#translate:28
Variable Write,context=Main#translate:28,states=int[][]:1
Variable Write,context=Main#translate:28,sizes=int[]:4
Variable Write,context=Main#translate:28,from=1
Variable Write,context=Main#translate:28,to=2
Field Write,context=int[]:4,1=0
Variable Write,context=Main#translate:28,sizes=int[]:4
Variable Write,context=Main#translate:28,states=int[][]:1
Field Write,context=int[]:4,2=1
Variable Write,context=Main#translate:28,sizes=int[]:4
Method Exit,returner=Main#translate:28,value=<void>
Variable Write,context=Main#move:17,walk=2
Field Read,context=Main,get_ans
Field Read,context=Main,ans
Field Write,context=Main,ans=2
Variable Write,context=Main#move:17,result=2
Method Exit,returner=Main#move:17,value=2
Variable Write,context=Main#move:16,walk=2
Field Read,context=Main,get_ans
Method Call,caller=Main#move:16,target=Main#is_same:13
Variable Write,context=Main#is_same:13,p_states=int[][]:2
Variable Write,context=Main#is_same:13,p_sizes=int[]:8
Variable Write,context=Main#is_same:13,states=int[][]:1
Variable Write,context=Main#is_same:13,sizes=int[]:4
Variable Write,context=Main#is_same:13,i=0
Variable Write,context=Main#is_same:13,result=false
Method Exit,returner=Main#is_same:13,value=false
Method Call,caller=Main#move:16,target=Main#translate:29
Variable Write,context=Main#translate:29,states=int[][]:1
Variable Write,context=Main#translate:29,sizes=int[]:4
Variable Write,context=Main#translate:29,from=0
Variable Write,context=Main#translate:29,to=1
Field Write,context=int[]:4,0=2
Variable Write,context=Main#translate:29,sizes=int[]:4
Variable Write,context=Main#translate:29,states=int[][]:1
Field Write,context=int[]:4,1=1
Variable Write,context=Main#translate:29,sizes=int[]:4
Method Exit,returner=Main#translate:29,value=<void>
Variable Write,context=Main#move:16,walk=3
Field Read,context=Main,get_ans
Field Read,context=Main,ans
Field Write,context=Main,ans=3
Method Call,caller=Main#move:16,target=Main#move:18
Variable Write,context=Main#move:18,p_sizes=int[]:8
Variable Write,context=Main#move:18,from=2
Variable Write,context=Main#move:18,use=1
Variable Write,context=Main#move:18,depth=4
Variable Write,context=Main#move:18,n=4
Variable Write,context=Main#move:18,sizes=int[]:4
Variable Write,context=Main#move:18,p_states=int[][]:2
Variable Write,context=Main#move:18,to=0
Variable Write,context=Main#move:18,states=int[][]:1
Variable Write,context=Main#move:18,walk=0
Field Read,context=Main,get_ans
Method Call,caller=Main#move:18,target=Main#is_same:14
Variable Write,context=Main#is_same:14,p_states=int[][]:2
Variable Write,context=Main#is_same:14,p_sizes=int[]:8
Variable Write,context=Main#is_same:14,states=int[][]:1
Variable Write,context=Main#is_same:14,sizes=int[]:4
Variable Write,context=Main#is_same:14,i=0
Variable Write,context=Main#is_same:14,j=0
Variable Write,context=Main#is_same:14,j=1
Variable Write,context=Main#is_same:14,i=1
Variable Delete,method=Main#is_same:14 <name=j,type=int (id=7),value=<?>,index=5>
Variable Write,context=Main#is_same:14,j=0
Variable Write,context=Main#is_same:14,i=2
Variable Delete,method=Main#is_same:14 <name=j,type=int (id=7),value=<?>,index=5>
Variable Write,context=Main#is_same:14,j=0
Variable Delete,method=Main#is_same:14 <name=j,type=int (id=7),value=<?>,index=5>
Variable Write,context=Main#is_same:14,result=true
Method Exit,returner=Main#is_same:14,value=true
Field Write,context=Main,get_ans=true
Method Call,caller=Main#move:18,target=Main#translate:30
Variable Write,context=Main#translate:30,states=int[][]:1
Variable Write,context=Main#translate:30,sizes=int[]:4
Variable Write,context=Main#translate:30,from=2
Variable Write,context=Main#translate:30,to=1
Field Write,context=int[]:4,2=0
Variable Write,context=Main#translate:30,sizes=int[]:4
Variable Write,context=Main#translate:30,states=int[][]:1
Field Write,context=int[]:4,1=2
Variable Write,context=Main#translate:30,sizes=int[]:4
Method Exit,returner=Main#translate:30,value=<void>
Variable Write,context=Main#move:18,walk=1
Field Read,context=Main,get_ans
Field Read,context=Main,get_ans
Method Call,caller=Main#move:18,target=Main#translate:31
Variable Write,context=Main#translate:31,states=int[][]:1
Variable Write,context=Main#translate:31,sizes=int[]:4
Variable Write,context=Main#translate:31,from=1
Variable Write,context=Main#translate:31,to=0
Field Write,context=int[]:4,1=1
Variable Write,context=Main#translate:31,sizes=int[]:4
Variable Write,context=Main#translate:31,states=int[][]:1
Field Write,context=int[]:4,0=3
Variable Write,context=Main#translate:31,sizes=int[]:4
Method Exit,returner=Main#translate:31,value=<void>
Variable Write,context=Main#move:18,walk=2
Field Read,context=Main,get_ans
Variable Write,context=Main#move:18,result=2
Method Exit,returner=Main#move:18,value=2
Variable Write,context=Main#move:16,walk=5
Field Read,context=Main,get_ans
Method Call,caller=Main#move:16,target=Main#translate:32
Variable Write,context=Main#translate:32,states=int[][]:1
Variable Write,context=Main#translate:32,sizes=int[]:4
Variable Write,context=Main#translate:32,from=1
Variable Write,context=Main#translate:32,to=2
Field Write,context=int[]:4,1=0
Variable Write,context=Main#translate:32,sizes=int[]:4
Variable Write,context=Main#translate:32,states=int[][]:1
Field Write,context=int[]:4,2=1
Variable Write,context=Main#translate:32,sizes=int[]:4
Method Exit,returner=Main#translate:32,value=<void>
Variable Write,context=Main#move:16,walk=6
Field Read,context=Main,get_ans
Method Call,caller=Main#move:16,target=Main#move:19
Variable Write,context=Main#move:19,p_sizes=int[]:8
Variable Write,context=Main#move:19,from=0
Variable Write,context=Main#move:19,use=1
Variable Write,context=Main#move:19,depth=4
Variable Write,context=Main#move:19,n=4
Variable Write,context=Main#move:19,sizes=int[]:4
Variable Write,context=Main#move:19,p_states=int[][]:2
Variable Write,context=Main#move:19,to=2
Variable Write,context=Main#move:19,states=int[][]:1
Variable Write,context=Main#move:19,walk=0
Field Read,context=Main,get_ans
Method Call,caller=Main#move:19,target=Main#translate:33
Variable Write,context=Main#translate:33,states=int[][]:1
Variable Write,context=Main#translate:33,sizes=int[]:4
Variable Write,context=Main#translate:33,from=0
Variable Write,context=Main#translate:33,to=1
Field Write,context=int[]:4,0=2
Variable Write,context=Main#translate:33,sizes=int[]:4
Variable Write,context=Main#translate:33,states=int[][]:1
Field Write,context=int[]:4,1=1
Variable Write,context=Main#translate:33,sizes=int[]:4
Method Exit,returner=Main#translate:33,value=<void>
Variable Write,context=Main#move:19,walk=1
Field Read,context=Main,get_ans
Field Read,context=Main,get_ans
Method Call,caller=Main#move:19,target=Main#translate:34
Variable Write,context=Main#translate:34,states=int[][]:1
Variable Write,context=Main#translate:34,sizes=int[]:4
Variable Write,context=Main#translate:34,from=1
Variable Write,context=Main#translate:34,to=2
Field Write,context=int[]:4,1=0
Variable Write,context=Main#translate:34,sizes=int[]:4
Variable Write,context=Main#translate:34,states=int[][]:1
Field Write,context=int[]:4,2=2
Variable Write,context=Main#translate:34,sizes=int[]:4
Method Exit,returner=Main#translate:34,value=<void>
Variable Write,context=Main#move:19,walk=2
Field Read,context=Main,get_ans
Variable Write,context=Main#move:19,result=2
Method Exit,returner=Main#move:19,value=2
Variable Write,context=Main#move:16,walk=8
Variable Write,context=Main#move:16,result=8
Method Exit,returner=Main#move:16,value=8
Variable Write,context=Main#move:15,walk=8
Field Read,context=Main,get_ans
Method Call,caller=Main#move:15,target=Main#translate:35
Variable Write,context=Main#translate:35,states=int[][]:1
Variable Write,context=Main#translate:35,sizes=int[]:4
Variable Write,context=Main#translate:35,from=0
Variable Write,context=Main#translate:35,to=1
Field Write,context=int[]:4,0=1
Variable Write,context=Main#translate:35,sizes=int[]:4
Variable Write,context=Main#translate:35,states=int[][]:1
Field Write,context=int[]:4,1=1
Variable Write,context=Main#translate:35,sizes=int[]:4
Method Exit,returner=Main#translate:35,value=<void>
Variable Write,context=Main#move:15,walk=9
Field Read,context=Main,get_ans
Method Call,caller=Main#move:15,target=Main#move:20
Variable Write,context=Main#move:20,p_sizes=int[]:8
Variable Write,context=Main#move:20,from=2
Variable Write,context=Main#move:20,use=1
Variable Write,context=Main#move:20,depth=3
Variable Write,context=Main#move:20,n=4
Variable Write,context=Main#move:20,sizes=int[]:4
Variable Write,context=Main#move:20,p_states=int[][]:2
Variable Write,context=Main#move:20,to=0
Variable Write,context=Main#move:20,states=int[][]:1
Variable Write,context=Main#move:20,walk=0
Method Call,caller=Main#move:20,target=Main#move:21
Variable Write,context=Main#move:21,p_sizes=int[]:8
Variable Write,context=Main#move:21,from=2
Variable Write,context=Main#move:21,use=1
Variable Write,context=Main#move:21,depth=4
Variable Write,context=Main#move:21,n=4
Variable Write,context=Main#move:21,sizes=int[]:4
Variable Write,context=Main#move:21,p_states=int[][]:2
Variable Write,context=Main#move:21,to=0
Variable Write,context=Main#move:21,states=int[][]:1
Variable Write,context=Main#move:21,walk=0
Field Read,context=Main,get_ans
Method Call,caller=Main#move:21,target=Main#translate:36
Variable Write,context=Main#translate:36,states=int[][]:1
Variable Write,context=Main#translate:36,sizes=int[]:4
Variable Write,context=Main#translate:36,from=2
Variable Write,context=Main#translate:36,to=1
Field Write,context=int[]:4,2=1
Variable Write,context=Main#translate:36,sizes=int[]:4
Variable Write,context=Main#translate:36,states=int[][]:1
Field Write,context=int[]:4,1=2
Variable Write,context=Main#translate:36,sizes=int[]:4
Method Exit,returner=Main#translate:36,value=<void>
Variable Write,context=Main#move:21,walk=1
Field Read,context=Main,get_ans
Field Read,context=Main,get_ans
Method Call,caller=Main#move:21,target=Main#translate:37
Variable Write,context=Main#translate:37,states=int[][]:1
Variable Write,context=Main#translate:37,sizes=int[]:4
Variable Write,context=Main#translate:37,from=1
Variable Write,context=Main#translate:37,to=0
Field Write,context=int[]:4,1=1
Variable Write,context=Main#translate:37,sizes=int[]:4
Variable Write,context=Main#translate:37,states=int[][]:1
Field Write,context=int[]:4,0=2
Variable Write,context=Main#translate:37,sizes=int[]:4
Method Exit,returner=Main#translate:37,value=<void>
Variable Write,context=Main#move:21,walk=2
Field Read,context=Main,get_ans
Variable Write,context=Main#move:21,result=2
Method Exit,returner=Main#move:21,value=2
Variable Write,context=Main#move:20,walk=2
Field Read,context=Main,get_ans
Method Call,caller=Main#move:20,target=Main#translate:38
Variable Write,context=Main#translate:38,states=int[][]:1
Variable Write,context=Main#translate:38,sizes=int[]:4
Variable Write,context=Main#translate:38,from=2
Variable Write,context=Main#translate:38,to=1
Field Write,context=int[]:4,2=0
Variable Write,context=Main#translate:38,sizes=int[]:4
Variable Write,context=Main#translate:38,states=int[][]:1
Field Write,context=int[]:4,1=2
Variable Write,context=Main#translate:38,sizes=int[]:4
Method Exit,returner=Main#translate:38,value=<void>
Variable Write,context=Main#move:20,walk=3
Field Read,context=Main,get_ans
Method Call,caller=Main#move:20,target=Main#move:22
Variable Write,context=Main#move:22,p_sizes=int[]:8
Variable Write,context=Main#move:22,from=0
Variable Write,context=Main#move:22,use=1
Variable Write,context=Main#move:22,depth=4
Variable Write,context=Main#move:22,n=4
Variable Write,context=Main#move:22,sizes=int[]:4
Variable Write,context=Main#move:22,p_states=int[][]:2
Variable Write,context=Main#move:22,to=2
Variable Write,context=Main#move:22,states=int[][]:1
Variable Write,context=Main#move:22,walk=0
Field Read,context=Main,get_ans
Method Call,caller=Main#move:22,target=Main#translate:39
Variable Write,context=Main#translate:39,states=int[][]:1
Variable Write,context=Main#translate:39,sizes=int[]:4
Variable Write,context=Main#translate:39,from=0
Variable Write,context=Main#translate:39,to=1
Field Write,context=int[]:4,0=1
Variable Write,context=Main#translate:39,sizes=int[]:4
Variable Write,context=Main#translate:39,states=int[][]:1
Field Write,context=int[]:4,1=3
Variable Write,context=Main#translate:39,sizes=int[]:4
Method Exit,returner=Main#translate:39,value=<void>
Variable Write,context=Main#move:22,walk=1
Field Read,context=Main,get_ans
Field Read,context=Main,get_ans
Method Call,caller=Main#move:22,target=Main#translate:40
Variable Write,context=Main#translate:40,states=int[][]:1
Variable Write,context=Main#translate:40,sizes=int[]:4
Variable Write,context=Main#translate:40,from=1
Variable Write,context=Main#translate:40,to=2
Field Write,context=int[]:4,1=2
Variable Write,context=Main#translate:40,sizes=int[]:4
Variable Write,context=Main#translate:40,states=int[][]:1
Field Write,context=int[]:4,2=1
Variable Write,context=Main#translate:40,sizes=int[]:4
Method Exit,returner=Main#translate:40,value=<void>
Variable Write,context=Main#move:22,walk=2
Field Read,context=Main,get_ans
Variable Write,context=Main#move:22,result=2
Method Exit,returner=Main#move:22,value=2
Variable Write,context=Main#move:20,walk=5
Field Read,context=Main,get_ans
Method Call,caller=Main#move:20,target=Main#translate:41
Variable Write,context=Main#translate:41,states=int[][]:1
Variable Write,context=Main#translate:41,sizes=int[]:4
Variable Write,context=Main#translate:41,from=1
Variable Write,context=Main#translate:41,to=0
Field Write,context=int[]:4,1=1
Variable Write,context=Main#translate:41,sizes=int[]:4
Variable Write,context=Main#translate:41,states=int[][]:1
Field Write,context=int[]:4,0=2
Variable Write,context=Main#translate:41,sizes=int[]:4
Method Exit,returner=Main#translate:41,value=<void>
Variable Write,context=Main#move:20,walk=6
Field Read,context=Main,get_ans
Method Call,caller=Main#move:20,target=Main#move:23
Variable Write,context=Main#move:23,p_sizes=int[]:8
Variable Write,context=Main#move:23,from=2
Variable Write,context=Main#move:23,use=1
Variable Write,context=Main#move:23,depth=4
Variable Write,context=Main#move:23,n=4
Variable Write,context=Main#move:23,sizes=int[]:4
Variable Write,context=Main#move:23,p_states=int[][]:2
Variable Write,context=Main#move:23,to=0
Variable Write,context=Main#move:23,states=int[][]:1
Variable Write,context=Main#move:23,walk=0
Field Read,context=Main,get_ans
Method Call,caller=Main#move:23,target=Main#translate:42
Variable Write,context=Main#translate:42,states=int[][]:1
Variable Write,context=Main#translate:42,sizes=int[]:4
Variable Write,context=Main#translate:42,from=2
Variable Write,context=Main#translate:42,to=1
Field Write,context=int[]:4,2=0
Variable Write,context=Main#translate:42,sizes=int[]:4
Variable Write,context=Main#translate:42,states=int[][]:1
Field Write,context=int[]:4,1=2
Variable Write,context=Main#translate:42,sizes=int[]:4
Method Exit,returner=Main#translate:42,value=<void>
Variable Write,context=Main#move:23,walk=1
Field Read,context=Main,get_ans
Field Read,context=Main,get_ans
Method Call,caller=Main#move:23,target=Main#translate:43
Variable Write,context=Main#translate:43,states=int[][]:1
Variable Write,context=Main#translate:43,sizes=int[]:4
Variable Write,context=Main#translate:43,from=1
Variable Write,context=Main#translate:43,to=0
Field Write,context=int[]:4,1=1
Variable Write,context=Main#translate:43,sizes=int[]:4
Variable Write,context=Main#translate:43,states=int[][]:1
Field Write,context=int[]:4,0=3
Variable Write,context=Main#translate:43,sizes=int[]:4
Method Exit,returner=Main#translate:43,value=<void>
Variable Write,context=Main#move:23,walk=2
Field Read,context=Main,get_ans
Variable Write,context=Main#move:23,result=2
Method Exit,returner=Main#move:23,value=2
Variable Write,context=Main#move:20,walk=8
Variable Write,context=Main#move:20,result=8
Method Exit,returner=Main#move:20,value=8
Variable Write,context=Main#move:15,walk=17
Field Read,context=Main,get_ans
Method Call,caller=Main#move:15,target=Main#translate:44
Variable Write,context=Main#translate:44,states=int[][]:1
Variable Write,context=Main#translate:44,sizes=int[]:4
Variable Write,context=Main#translate:44,from=1
Variable Write,context=Main#translate:44,to=2
Field Write,context=int[]:4,1=0
Variable Write,context=Main#translate:44,sizes=int[]:4
Variable Write,context=Main#translate:44,states=int[][]:1
Field Write,context=int[]:4,2=1
Variable Write,context=Main#translate:44,sizes=int[]:4
Method Exit,returner=Main#translate:44,value=<void>
Variable Write,context=Main#move:15,walk=18
Field Read,context=Main,get_ans
Method Call,caller=Main#move:15,target=Main#move:24
Variable Write,context=Main#move:24,p_sizes=int[]:8
Variable Write,context=Main#move:24,from=0
Variable Write,context=Main#move:24,use=1
Variable Write,context=Main#move:24,depth=3
Variable Write,context=Main#move:24,n=4
Variable Write,context=Main#move:24,sizes=int[]:4
Variable Write,context=Main#move:24,p_states=int[][]:2
Variable Write,context=Main#move:24,to=2
Variable Write,context=Main#move:24,states=int[][]:1
Variable Write,context=Main#move:24,walk=0
Method Call,caller=Main#move:24,target=Main#move:25
Variable Write,context=Main#move:25,p_sizes=int[]:8
Variable Write,context=Main#move:25,from=0
Variable Write,context=Main#move:25,use=1
Variable Write,context=Main#move:25,depth=4
Variable Write,context=Main#move:25,n=4
Variable Write,context=Main#move:25,sizes=int[]:4
Variable Write,context=Main#move:25,p_states=int[][]:2
Variable Write,context=Main#move:25,to=2
Variable Write,context=Main#move:25,states=int[][]:1
Variable Write,context=Main#move:25,walk=0
Field Read,context=Main,get_ans
Method Call,caller=Main#move:25,target=Main#translate:45
Variable Write,context=Main#translate:45,states=int[][]:1
Variable Write,context=Main#translate:45,sizes=int[]:4
Variable Write,context=Main#translate:45,from=0
Variable Write,context=Main#translate:45,to=1
Field Write,context=int[]:4,0=2
Variable Write,context=Main#translate:45,sizes=int[]:4
Variable Write,context=Main#translate:45,states=int[][]:1
Field Write,context=int[]:4,1=1
Variable Write,context=Main#translate:45,sizes=int[]:4
Method Exit,returner=Main#translate:45,value=<void>
Variable Write,context=Main#move:25,walk=1
Field Read,context=Main,get_ans
Field Read,context=Main,get_ans
Method Call,caller=Main#move:25,target=Main#translate:46
Variable Write,context=Main#translate:46,states=int[][]:1
Variable Write,context=Main#translate:46,sizes=int[]:4
Variable Write,context=Main#translate:46,from=1
Variable Write,context=Main#translate:46,to=2
Field Write,context=int[]:4,1=0
Variable Write,context=Main#translate:46,sizes=int[]:4
Variable Write,context=Main#translate:46,states=int[][]:1
Field Write,context=int[]:4,2=2
Variable Write,context=Main#translate:46,sizes=int[]:4
Method Exit,returner=Main#translate:46,value=<void>
Variable Write,context=Main#move:25,walk=2
Field Read,context=Main,get_ans
Variable Write,context=Main#move:25,result=2
Method Exit,returner=Main#move:25,value=2
Variable Write,context=Main#move:24,walk=2
Field Read,context=Main,get_ans
Method Call,caller=Main#move:24,target=Main#translate:47
Variable Write,context=Main#translate:47,states=int[][]:1
Variable Write,context=Main#translate:47,sizes=int[]:4
Variable Write,context=Main#translate:47,from=0
Variable Write,context=Main#translate:47,to=1
Field Write,context=int[]:4,0=1
Variable Write,context=Main#translate:47,sizes=int[]:4
Variable Write,context=Main#translate:47,states=int[][]:1
Field Write,context=int[]:4,1=1
Variable Write,context=Main#translate:47,sizes=int[]:4
Method Exit,returner=Main#translate:47,value=<void>
Variable Write,context=Main#move:24,walk=3
Field Read,context=Main,get_ans
Method Call,caller=Main#move:24,target=Main#move:26
Variable Write,context=Main#move:26,p_sizes=int[]:8
Variable Write,context=Main#move:26,from=2
Variable Write,context=Main#move:26,use=1
Variable Write,context=Main#move:26,depth=4
Variable Write,context=Main#move:26,n=4
Variable Write,context=Main#move:26,sizes=int[]:4
Variable Write,context=Main#move:26,p_states=int[][]:2
Variable Write,context=Main#move:26,to=0
Variable Write,context=Main#move:26,states=int[][]:1
Variable Write,context=Main#move:26,walk=0
Field Read,context=Main,get_ans
Method Call,caller=Main#move:26,target=Main#translate:48
Variable Write,context=Main#translate:48,states=int[][]:1
Variable Write,context=Main#translate:48,sizes=int[]:4
Variable Write,context=Main#translate:48,from=2
Variable Write,context=Main#translate:48,to=1
Field Write,context=int[]:4,2=1
Variable Write,context=Main#translate:48,sizes=int[]:4
Variable Write,context=Main#translate:48,states=int[][]:1
Field Write,context=int[]:4,1=2
Variable Write,context=Main#translate:48,sizes=int[]:4
Method Exit,returner=Main#translate:48,value=<void>
Variable Write,context=Main#move:26,walk=1
Field Read,context=Main,get_ans
Field Read,context=Main,get_ans
Method Call,caller=Main#move:26,target=Main#translate:49
Variable Write,context=Main#translate:49,states=int[][]:1
Variable Write,context=Main#translate:49,sizes=int[]:4
Variable Write,context=Main#translate:49,from=1
Variable Write,context=Main#translate:49,to=0
Field Write,context=int[]:4,1=1
Variable Write,context=Main#translate:49,sizes=int[]:4
Variable Write,context=Main#translate:49,states=int[][]:1
Field Write,context=int[]:4,0=2
Variable Write,context=Main#translate:49,sizes=int[]:4
Method Exit,returner=Main#translate:49,value=<void>
Variable Write,context=Main#move:26,walk=2
Field Read,context=Main,get_ans
Variable Write,context=Main#move:26,result=2
Method Exit,returner=Main#move:26,value=2
Variable Write,context=Main#move:24,walk=5
Field Read,context=Main,get_ans
Method Call,caller=Main#move:24,target=Main#translate:50
Variable Write,context=Main#translate:50,states=int[][]:1
Variable Write,context=Main#translate:50,sizes=int[]:4
Variable Write,context=Main#translate:50,from=1
Variable Write,context=Main#translate:50,to=2
Field Write,context=int[]:4,1=0
Variable Write,context=Main#translate:50,sizes=int[]:4
Variable Write,context=Main#translate:50,states=int[][]:1
Field Write,context=int[]:4,2=2
Variable Write,context=Main#translate:50,sizes=int[]:4
Method Exit,returner=Main#translate:50,value=<void>
Variable Write,context=Main#move:24,walk=6
Field Read,context=Main,get_ans
Method Call,caller=Main#move:24,target=Main#move:27
Variable Write,context=Main#move:27,p_sizes=int[]:8
Variable Write,context=Main#move:27,from=0
Variable Write,context=Main#move:27,use=1
Variable Write,context=Main#move:27,depth=4
Variable Write,context=Main#move:27,n=4
Variable Write,context=Main#move:27,sizes=int[]:4
Variable Write,context=Main#move:27,p_states=int[][]:2
Variable Write,context=Main#move:27,to=2
Variable Write,context=Main#move:27,states=int[][]:1
Variable Write,context=Main#move:27,walk=0
Field Read,context=Main,get_ans
Method Call,caller=Main#move:27,target=Main#translate:51
Variable Write,context=Main#translate:51,states=int[][]:1
Variable Write,context=Main#translate:51,sizes=int[]:4
Variable Write,context=Main#translate:51,from=0
Variable Write,context=Main#translate:51,to=1
Field Write,context=int[]:4,0=1
Variable Write,context=Main#translate:51,sizes=int[]:4
Variable Write,context=Main#translate:51,states=int[][]:1
Field Write,context=int[]:4,1=1
Variable Write,context=Main#translate:51,sizes=int[]:4
Method Exit,returner=Main#translate:51,value=<void>
Variable Write,context=Main#move:27,walk=1
Field Read,context=Main,get_ans
Field Read,context=Main,get_ans
Method Call,caller=Main#move:27,target=Main#translate:52
Variable Write,context=Main#translate:52,states=int[][]:1
Variable Write,context=Main#translate:52,sizes=int[]:4
Variable Write,context=Main#translate:52,from=1
Variable Write,context=Main#translate:52,to=2
Field Write,context=int[]:4,1=0
Variable Write,context=Main#translate:52,sizes=int[]:4
Variable Write,context=Main#translate:52,states=int[][]:1
Field Write,context=int[]:4,2=3
Variable Write,context=Main#translate:52,sizes=int[]:4
Method Exit,returner=Main#translate:52,value=<void>
Variable Write,context=Main#move:27,walk=2
Field Read,context=Main,get_ans
Variable Write,context=Main#move:27,result=2
Method Exit,returner=Main#move:27,value=2
Variable Write,context=Main#move:24,walk=8
Variable Write,context=Main#move:24,result=8
Method Exit,returner=Main#move:24,value=8
Variable Write,context=Main#move:15,walk=26
Variable Write,context=Main#move:15,result=26
Method Exit,returner=Main#move:15,value=26
Variable Write,context=Main#move:14,walk=26
Field Read,context=Main,get_ans
Method Call,caller=Main#move:14,target=Main#translate:53
Variable Write,context=Main#translate:53,states=int[][]:1
Variable Write,context=Main#translate:53,sizes=int[]:4
Variable Write,context=Main#translate:53,from=0
Variable Write,context=Main#translate:53,to=1
Field Write,context=int[]:4,0=0
Variable Write,context=Main#translate:53,sizes=int[]:4
Variable Write,context=Main#translate:53,states=int[][]:1
Field Write,context=int[]:4,1=1
Variable Write,context=Main#translate:53,sizes=int[]:4
Method Exit,returner=Main#translate:53,value=<void>
Variable Write,context=Main#move:14,walk=27
Field Read,context=Main,get_ans
Method Call,caller=Main#move:14,target=Main#move:28
Variable Write,context=Main#move:28,p_sizes=int[]:8
Variable Write,context=Main#move:28,from=2
Variable Write,context=Main#move:28,use=1
Variable Write,context=Main#move:28,depth=2
Variable Write,context=Main#move:28,n=4
Variable Write,context=Main#move:28,sizes=int[]:4
Variable Write,context=Main#move:28,p_states=int[][]:2
Variable Write,context=Main#move:28,to=0
Variable Write,context=Main#move:28,states=int[][]:1
Variable Write,context=Main#move:28,walk=0
Method Call,caller=Main#move:28,target=Main#move:29
Variable Write,context=Main#move:29,p_sizes=int[]:8
Variable Write,context=Main#move:29,from=2
Variable Write,context=Main#move:29,use=1
Variable Write,context=Main#move:29,depth=3
Variable Write,context=Main#move:29,n=4
Variable Write,context=Main#move:29,sizes=int[]:4
Variable Write,context=Main#move:29,p_states=int[][]:2
Variable Write,context=Main#move:29,to=0
Variable Write,context=Main#move:29,states=int[][]:1
Variable Write,context=Main#move:29,walk=0
Method Call,caller=Main#move:29,target=Main#move:30
Variable Write,context=Main#move:30,p_sizes=int[]:8
Variable Write,context=Main#move:30,from=2
Variable Write,context=Main#move:30,use=1
Variable Write,context=Main#move:30,depth=4
Variable Write,context=Main#move:30,n=4
Variable Write,context=Main#move:30,sizes=int[]:4
Variable Write,context=Main#move:30,p_states=int[][]:2
Variable Write,context=Main#move:30,to=0
Variable Write,context=Main#move:30,states=int[][]:1
Variable Write,context=Main#move:30,walk=0
Field Read,context=Main,get_ans
Method Call,caller=Main#move:30,target=Main#translate:54
Variable Write,context=Main#translate:54,states=int[][]:1
Variable Write,context=Main#translate:54,sizes=int[]:4
Variable Write,context=Main#translate:54,from=2
Variable Write,context=Main#translate:54,to=1
Field Write,context=int[]:4,2=2
Variable Write,context=Main#translate:54,sizes=int[]:4
Variable Write,context=Main#translate:54,states=int[][]:1
Field Write,context=int[]:4,1=2
Variable Write,context=Main#translate:54,sizes=int[]:4
Method Exit,returner=Main#translate:54,value=<void>
Variable Write,context=Main#move:30,walk=1
Field Read,context=Main,get_ans
Field Read,context=Main,get_ans
Method Call,caller=Main#move:30,target=Main#translate:55
Variable Write,context=Main#translate:55,states=int[][]:1
Variable Write,context=Main#translate:55,sizes=int[]:4
Variable Write,context=Main#translate:55,from=1
Variable Write,context=Main#translate:55,to=0
Field Write,context=int[]:4,1=1
Variable Write,context=Main#translate:55,sizes=int[]:4
Variable Write,context=Main#translate:55,states=int[][]:1
Field Write,context=int[]:4,0=1
Variable Write,context=Main#translate:55,sizes=int[]:4
Method Exit,returner=Main#translate:55,value=<void>
Variable Write,context=Main#move:30,walk=2
Field Read,context=Main,get_ans
Variable Write,context=Main#move:30,result=2
Method Exit,returner=Main#move:30,value=2
Variable Write,context=Main#move:29,walk=2
Field Read,context=Main,get_ans
Method Call,caller=Main#move:29,target=Main#translate:56
Variable Write,context=Main#translate:56,states=int[][]:1
Variable Write,context=Main#translate:56,sizes=int[]:4
Variable Write,context=Main#translate:56,from=2
Variable Write,context=Main#translate:56,to=1
Field Write,context=int[]:4,2=1
Variable Write,context=Main#translate:56,sizes=int[]:4
Variable Write,context=Main#translate:56,states=int[][]:1
Field Write,context=int[]:4,1=2
Variable Write,context=Main#translate:56,sizes=int[]:4
Method Exit,returner=Main#translate:56,value=<void>
Variable Write,context=Main#move:29,walk=3
Field Read,context=Main,get_ans
Method Call,caller=Main#move:29,target=Main#move:31
Variable Write,context=Main#move:31,p_sizes=int[]:8
Variable Write,context=Main#move:31,from=0
Variable Write,context=Main#move:31,use=1
Variable Write,context=Main#move:31,depth=4
Variable Write,context=Main#move:31,n=4
Variable Write,context=Main#move:31,sizes=int[]:4
Variable Write,context=Main#move:31,p_states=int[][]:2
Variable Write,context=Main#move:31,to=2
Variable Write,context=Main#move:31,states=int[][]:1
Variable Write,context=Main#move:31,walk=0
Field Read,context=Main,get_ans
Method Call,caller=Main#move:31,target=Main#translate:57
Variable Write,context=Main#translate:57,states=int[][]:1
Variable Write,context=Main#translate:57,sizes=int[]:4
Variable Write,context=Main#translate:57,from=0
Variable Write,context=Main#translate:57,to=1
Field Write,context=int[]:4,0=0
Variable Write,context=Main#translate:57,sizes=int[]:4
Variable Write,context=Main#translate:57,states=int[][]:1
Field Write,context=int[]:4,1=3
Variable Write,context=Main#translate:57,sizes=int[]:4
Method Exit,returner=Main#translate:57,value=<void>
Variable Write,context=Main#move:31,walk=1
Field Read,context=Main,get_ans
Field Read,context=Main,get_ans
Method Call,caller=Main#move:31,target=Main#translate:58
Variable Write,context=Main#translate:58,states=int[][]:1
Variable Write,context=Main#translate:58,sizes=int[]:4
Variable Write,context=Main#translate:58,from=1
Variable Write,context=Main#translate:58,to=2
Field Write,context=int[]:4,1=2
Variable Write,context=Main#translate:58,sizes=int[]:4
Variable Write,context=Main#translate:58,states=int[][]:1
Field Write,context=int[]:4,2=2
Variable Write,context=Main#translate:58,sizes=int[]:4
Method Exit,returner=Main#translate:58,value=<void>
Variable Write,context=Main#move:31,walk=2
Field Read,context=Main,get_ans
Variable Write,context=Main#move:31,result=2
Method Exit,returner=Main#move:31,value=2
Variable Write,context=Main#move:29,walk=5
Field Read,context=Main,get_ans
Method Call,caller=Main#move:29,target=Main#translate:59
Variable Write,context=Main#translate:59,states=int[][]:1
Variable Write,context=Main#translate:59,sizes=int[]:4
Variable Write,context=Main#translate:59,from=1
Variable Write,context=Main#translate:59,to=0
Field Write,context=int[]:4,1=1
Variable Write,context=Main#translate:59,sizes=int[]:4
Variable Write,context=Main#translate:59,states=int[][]:1
Field Write,context=int[]:4,0=1
Variable Write,context=Main#translate:59,sizes=int[]:4
Method Exit,returner=Main#translate:59,value=<void>
Variable Write,context=Main#move:29,walk=6
Field Read,context=Main,get_ans
Method Call,caller=Main#move:29,target=Main#move:32
Variable Write,context=Main#move:32,p_sizes=int[]:8
Variable Write,context=Main#move:32,from=2
Variable Write,context=Main#move:32,use=1
Variable Write,context=Main#move:32,depth=4
Variable Write,context=Main#move:32,n=4
Variable Write,context=Main#move:32,sizes=int[]:4
Variable Write,context=Main#move:32,p_states=int[][]:2
Variable Write,context=Main#move:32,to=0
Variable Write,context=Main#move:32,states=int[][]:1
Variable Write,context=Main#move:32,walk=0
Field Read,context=Main,get_ans
Method Call,caller=Main#move:32,target=Main#translate:60
Variable Write,context=Main#translate:60,states=int[][]:1
Variable Write,context=Main#translate:60,sizes=int[]:4
Variable Write,context=Main#translate:60,from=2
Variable Write,context=Main#translate:60,to=1
Field Write,context=int[]:4,2=1
Variable Write,context=Main#translate:60,sizes=int[]:4
Variable Write,context=Main#translate:60,states=int[][]:1
Field Write,context=int[]:4,1=2
Variable Write,context=Main#translate:60,sizes=int[]:4
Method Exit,returner=Main#translate:60,value=<void>
Variable Write,context=Main#move:32,walk=1
Field Read,context=Main,get_ans
Field Read,context=Main,get_ans
Method Call,caller=Main#move:32,target=Main#translate:61
Variable Write,context=Main#translate:61,states=int[][]:1
Variable Write,context=Main#translate:61,sizes=int[]:4
Variable Write,context=Main#translate:61,from=1
Variable Write,context=Main#translate:61,to=0
Field Write,context=int[]:4,1=1
Variable Write,context=Main#translate:61,sizes=int[]:4
Variable Write,context=Main#translate:61,states=int[][]:1
Field Write,context=int[]:4,0=2
Variable Write,context=Main#translate:61,sizes=int[]:4
Method Exit,returner=Main#translate:61,value=<void>
Variable Write,context=Main#move:32,walk=2
Field Read,context=Main,get_ans
Variable Write,context=Main#move:32,result=2
Method Exit,returner=Main#move:32,value=2
Variable Write,context=Main#move:29,walk=8
Variable Write,context=Main#move:29,result=8
Method Exit,returner=Main#move:29,value=8
Variable Write,context=Main#move:28,walk=8
Field Read,context=Main,get_ans
Method Call,caller=Main#move:28,target=Main#translate:62
Variable Write,context=Main#translate:62,states=int[][]:1
Variable Write,context=Main#translate:62,sizes=int[]:4
Variable Write,context=Main#translate:62,from=2
Variable Write,context=Main#translate:62,to=1
Field Write,context=int[]:4,2=0
Variable Write,context=Main#translate:62,sizes=int[]:4
Variable Write,context=Main#translate:62,states=int[][]:1
Field Write,context=int[]:4,1=2
Variable Write,context=Main#translate:62,sizes=int[]:4
Method Exit,returner=Main#translate:62,value=<void>
Variable Write,context=Main#move:28,walk=9
Field Read,context=Main,get_ans
Method Call,caller=Main#move:28,target=Main#move:33
Variable Write,context=Main#move:33,p_sizes=int[]:8
Variable Write,context=Main#move:33,from=0
Variable Write,context=Main#move:33,use=1
Variable Write,context=Main#move:33,depth=3
Variable Write,context=Main#move:33,n=4
Variable Write,context=Main#move:33,sizes=int[]:4
Variable Write,context=Main#move:33,p_states=int[][]:2
Variable Write,context=Main#move:33,to=2
Variable Write,context=Main#move:33,states=int[][]:1
Variable Write,context=Main#move:33,walk=0
Method Call,caller=Main#move:33,target=Main#move:34
Variable Write,context=Main#move:34,p_sizes=int[]:8
Variable Write,context=Main#move:34,from=0
Variable Write,context=Main#move:34,use=1
Variable Write,context=Main#move:34,depth=4
Variable Write,context=Main#move:34,n=4
Variable Write,context=Main#move:34,sizes=int[]:4
Variable Write,context=Main#move:34,p_states=int[][]:2
Variable Write,context=Main#move:34,to=2
Variable Write,context=Main#move:34,states=int[][]:1
Variable Write,context=Main#move:34,walk=0
Field Read,context=Main,get_ans
Method Call,caller=Main#move:34,target=Main#translate:63
Variable Write,context=Main#translate:63,states=int[][]:1
Variable Write,context=Main#translate:63,sizes=int[]:4
Variable Write,context=Main#translate:63,from=0
Variable Write,context=Main#translate:63,to=1
Field Write,context=int[]:4,0=1
Variable Write,context=Main#translate:63,sizes=int[]:4
Variable Write,context=Main#translate:63,states=int[][]:1
Field Write,context=int[]:4,1=3
Variable Write,context=Main#translate:63,sizes=int[]:4
Method Exit,returner=Main#translate:63,value=<void>
Variable Write,context=Main#move:34,walk=1
Field Read,context=Main,get_ans
Field Read,context=Main,get_ans
Method Call,caller=Main#move:34,target=Main#translate:64
Variable Write,context=Main#translate:64,states=int[][]:1
Variable Write,context=Main#translate:64,sizes=int[]:4
Variable Write,context=Main#translate:64,from=1
Variable Write,context=Main#translate:64,to=2
Field Write,context=int[]:4,1=2
Variable Write,context=Main#translate:64,sizes=int[]:4
Variable Write,context=Main#translate:64,states=int[][]:1
Field Write,context=int[]:4,2=1
Variable Write,context=Main#translate:64,sizes=int[]:4
Method Exit,returner=Main#translate:64,value=<void>
Variable Write,context=Main#move:34,walk=2
Field Read,context=Main,get_ans
Variable Write,context=Main#move:34,result=2
Method Exit,returner=Main#move:34,value=2
Variable Write,context=Main#move:33,walk=2
Field Read,context=Main,get_ans
Method Call,caller=Main#move:33,target=Main#translate:65
Variable Write,context=Main#translate:65,states=int[][]:1
Variable Write,context=Main#translate:65,sizes=int[]:4
Variable Write,context=Main#translate:65,from=0
Variable Write,context=Main#translate:65,to=1
Field Write,context=int[]:4,0=0
Variable Write,context=Main#translate:65,sizes=int[]:4
Variable Write,context=Main#translate:65,states=int[][]:1
Field Write,context=int[]:4,1=3
Variable Write,context=Main#translate:65,sizes=int[]:4
Method Exit,returner=Main#translate:65,value=<void>
Variable Write,context=Main#move:33,walk=3
Field Read,context=Main,get_ans
Method Call,caller=Main#move:33,target=Main#move:35
Variable Write,context=Main#move:35,p_sizes=int[]:8
Variable Write,context=Main#move:35,from=2
Variable Write,context=Main#move:35,use=1
Variable Write,context=Main#move:35,depth=4
Variable Write,context=Main#move:35,n=4
Variable Write,context=Main#move:35,sizes=int[]:4
Variable Write,context=Main#move:35,p_states=int[][]:2
Variable Write,context=Main#move:35,to=0
Variable Write,context=Main#move:35,states=int[][]:1
Variable Write,context=Main#move:35,walk=0
Field Read,context=Main,get_ans
Method Call,caller=Main#move:35,target=Main#translate:66
Variable Write,context=Main#translate:66,states=int[][]:1
Variable Write,context=Main#translate:66,sizes=int[]:4
Variable Write,context=Main#translate:66,from=2
Variable Write,context=Main#translate:66,to=1
Field Write,context=int[]:4,2=0
Variable Write,context=Main#translate:66,sizes=int[]:4
Variable Write,context=Main#translate:66,states=int[][]:1
Field Write,context=int[]:4,1=4
Variable Write,context=Main#translate:66,sizes=int[]:4
Method Exit,returner=Main#translate:66,value=<void>
Variable Write,context=Main#move:35,walk=1
Field Read,context=Main,get_ans
Field Read,context=Main,get_ans
Method Call,caller=Main#move:35,target=Main#translate:67
Variable Write,context=Main#translate:67,states=int[][]:1
Variable Write,context=Main#translate:67,sizes=int[]:4
Variable Write,context=Main#translate:67,from=1
Variable Write,context=Main#translate:67,to=0
Field Write,context=int[]:4,1=3
Variable Write,context=Main#translate:67,sizes=int[]:4
Variable Write,context=Main#translate:67,states=int[][]:1
Field Write,context=int[]:4,0=1
Variable Write,context=Main#translate:67,sizes=int[]:4
Method Exit,returner=Main#translate:67,value=<void>
Variable Write,context=Main#move:35,walk=2
Field Read,context=Main,get_ans
Variable Write,context=Main#move:35,result=2
Method Exit,returner=Main#move:35,value=2
Variable Write,context=Main#move:33,walk=5
Field Read,context=Main,get_ans
Method Call,caller=Main#move:33,target=Main#translate:68
Variable Write,context=Main#translate:68,states=int[][]:1
Variable Write,context=Main#translate:68,sizes=int[]:4
Variable Write,context=Main#translate:68,from=1
Variable Write,context=Main#translate:68,to=2
Field Write,context=int[]:4,1=2
Variable Write,context=Main#translate:68,sizes=int[]:4
Variable Write,context=Main#translate:68,states=int[][]:1
Field Write,context=int[]:4,2=1
Variable Write,context=Main#translate:68,sizes=int[]:4
Method Exit,returner=Main#translate:68,value=<void>
Variable Write,context=Main#move:33,walk=6
Field Read,context=Main,get_ans
Method Call,caller=Main#move:33,target=Main#move:36
Variable Write,context=Main#move:36,p_sizes=int[]:8
Variable Write,context=Main#move:36,from=0
Variable Write,context=Main#move:36,use=1
Variable Write,context=Main#move:36,depth=4
Variable Write,context=Main#move:36,n=4
Variable Write,context=Main#move:36,sizes=int[]:4
Variable Write,context=Main#move:36,p_states=int[][]:2
Variable Write,context=Main#move:36,to=2
Variable Write,context=Main#move:36,states=int[][]:1
Variable Write,context=Main#move:36,walk=0
Field Read,context=Main,get_ans
Method Call,caller=Main#move:36,target=Main#translate:69
Variable Write,context=Main#translate:69,states=int[][]:1
Variable Write,context=Main#translate:69,sizes=int[]:4
Variable Write,context=Main#translate:69,from=0
Variable Write,context=Main#translate:69,to=1
Field Write,context=int[]:4,0=0
Variable Write,context=Main#translate:69,sizes=int[]:4
Variable Write,context=Main#translate:69,states=int[][]:1
Field Write,context=int[]:4,1=3
Variable Write,context=Main#translate:69,sizes=int[]:4
Method Exit,returner=Main#translate:69,value=<void>
Variable Write,context=Main#move:36,walk=1
Field Read,context=Main,get_ans
Field Read,context=Main,get_ans
Method Call,caller=Main#move:36,target=Main#translate:70
Variable Write,context=Main#translate:70,states=int[][]:1
Variable Write,context=Main#translate:70,sizes=int[]:4
Variable Write,context=Main#translate:70,from=1
Variable Write,context=Main#translate:70,to=2
Field Write,context=int[]:4,1=2
Variable Write,context=Main#translate:70,sizes=int[]:4
Variable Write,context=Main#translate:70,states=int[][]:1
Field Write,context=int[]:4,2=2
Variable Write,context=Main#translate:70,sizes=int[]:4
Method Exit,returner=Main#translate:70,value=<void>
Variable Write,context=Main#move:36,walk=2
Field Read,context=Main,get_ans
Variable Write,context=Main#move:36,result=2
Method Exit,returner=Main#move:36,value=2
Variable Write,context=Main#move:33,walk=8
Variable Write,context=Main#move:33,result=8
Method Exit,returner=Main#move:33,value=8
Variable Write,context=Main#move:28,walk=17
Field Read,context=Main,get_ans
Method Call,caller=Main#move:28,target=Main#translate:71
Variable Write,context=Main#translate:71,states=int[][]:1
Variable Write,context=Main#translate:71,sizes=int[]:4
Variable Write,context=Main#translate:71,from=1
Variable Write,context=Main#translate:71,to=0
Field Write,context=int[]:4,1=1
Variable Write,context=Main#translate:71,sizes=int[]:4
Variable Write,context=Main#translate:71,states=int[][]:1
Field Write,context=int[]:4,0=1
Variable Write,context=Main#translate:71,sizes=int[]:4
Method Exit,returner=Main#translate:71,value=<void>
Variable Write,context=Main#move:28,walk=18
Field Read,context=Main,get_ans
Method Call,caller=Main#move:28,target=Main#move:37
Variable Write,context=Main#move:37,p_sizes=int[]:8
Variable Write,context=Main#move:37,from=2
Variable Write,context=Main#move:37,use=1
Variable Write,context=Main#move:37,depth=3
Variable Write,context=Main#move:37,n=4
Variable Write,context=Main#move:37,sizes=int[]:4
Variable Write,context=Main#move:37,p_states=int[][]:2
Variable Write,context=Main#move:37,to=0
Variable Write,context=Main#move:37,states=int[][]:1
Variable Write,context=Main#move:37,walk=0
Method Call,caller=Main#move:37,target=Main#move:38
Variable Write,context=Main#move:38,p_sizes=int[]:8
Variable Write,context=Main#move:38,from=2
Variable Write,context=Main#move:38,use=1
Variable Write,context=Main#move:38,depth=4
Variable Write,context=Main#move:38,n=4
Variable Write,context=Main#move:38,sizes=int[]:4
Variable Write,context=Main#move:38,p_states=int[][]:2
Variable Write,context=Main#move:38,to=0
Variable Write,context=Main#move:38,states=int[][]:1
Variable Write,context=Main#move:38,walk=0
Field Read,context=Main,get_ans
Method Call,caller=Main#move:38,target=Main#translate:72
Variable Write,context=Main#translate:72,states=int[][]:1
Variable Write,context=Main#translate:72,sizes=int[]:4
Variable Write,context=Main#translate:72,from=2
Variable Write,context=Main#translate:72,to=1
Field Write,context=int[]:4,2=1
Variable Write,context=Main#translate:72,sizes=int[]:4
Variable Write,context=Main#translate:72,states=int[][]:1
Field Write,context=int[]:4,1=2
Variable Write,context=Main#translate:72,sizes=int[]:4
Method Exit,returner=Main#translate:72,value=<void>
Variable Write,context=Main#move:38,walk=1
Field Read,context=Main,get_ans
Field Read,context=Main,get_ans
Method Call,caller=Main#move:38,target=Main#translate:73
Variable Write,context=Main#translate:73,states=int[][]:1
Variable Write,context=Main#translate:73,sizes=int[]:4
Variable Write,context=Main#translate:73,from=1
Variable Write,context=Main#translate:73,to=0
Field Write,context=int[]:4,1=1
Variable Write,context=Main#translate:73,sizes=int[]:4
Variable Write,context=Main#translate:73,states=int[][]:1
Field Write,context=int[]:4,0=2
Variable Write,context=Main#translate:73,sizes=int[]:4
Method Exit,returner=Main#translate:73,value=<void>
Variable Write,context=Main#move:38,walk=2
Field Read,context=Main,get_ans
Variable Write,context=Main#move:38,result=2
Method Exit,returner=Main#move:38,value=2
Variable Write,context=Main#move:37,walk=2
Field Read,context=Main,get_ans
Method Call,caller=Main#move:37,target=Main#translate:74
Variable Write,context=Main#translate:74,states=int[][]:1
Variable Write,context=Main#translate:74,sizes=int[]:4
Variable Write,context=Main#translate:74,from=2
Variable Write,context=Main#translate:74,to=1
Field Write,context=int[]:4,2=0
Variable Write,context=Main#translate:74,sizes=int[]:4
Variable Write,context=Main#translate:74,states=int[][]:1
Field Write,context=int[]:4,1=2
Variable Write,context=Main#translate:74,sizes=int[]:4
Method Exit,returner=Main#translate:74,value=<void>
Variable Write,context=Main#move:37,walk=3
Field Read,context=Main,get_ans
Method Call,caller=Main#move:37,target=Main#move:39
Variable Write,context=Main#move:39,p_sizes=int[]:8
Variable Write,context=Main#move:39,from=0
Variable Write,context=Main#move:39,use=1
Variable Write,context=Main#move:39,depth=4
Variable Write,context=Main#move:39,n=4
Variable Write,context=Main#move:39,sizes=int[]:4
Variable Write,context=Main#move:39,p_states=int[][]:2
Variable Write,context=Main#move:39,to=2
Variable Write,context=Main#move:39,states=int[][]:1
Variable Write,context=Main#move:39,walk=0
Field Read,context=Main,get_ans
Method Call,caller=Main#move:39,target=Main#translate:75
Variable Write,context=Main#translate:75,states=int[][]:1
Variable Write,context=Main#translate:75,sizes=int[]:4
Variable Write,context=Main#translate:75,from=0
Variable Write,context=Main#translate:75,to=1
Field Write,context=int[]:4,0=1
Variable Write,context=Main#translate:75,sizes=int[]:4
Variable Write,context=Main#translate:75,states=int[][]:1
Field Write,context=int[]:4,1=3
Variable Write,context=Main#translate:75,sizes=int[]:4
Method Exit,returner=Main#translate:75,value=<void>
Variable Write,context=Main#move:39,walk=1
Field Read,context=Main,get_ans
Field Read,context=Main,get_ans
Method Call,caller=Main#move:39,target=Main#translate:76
Variable Write,context=Main#translate:76,states=int[][]:1
Variable Write,context=Main#translate:76,sizes=int[]:4
Variable Write,context=Main#translate:76,from=1
Variable Write,context=Main#translate:76,to=2
Field Write,context=int[]:4,1=2
Variable Write,context=Main#translate:76,sizes=int[]:4
Variable Write,context=Main#translate:76,states=int[][]:1
Field Write,context=int[]:4,2=1
Variable Write,context=Main#translate:76,sizes=int[]:4
Method Exit,returner=Main#translate:76,value=<void>
Variable Write,context=Main#move:39,walk=2
Field Read,context=Main,get_ans
Variable Write,context=Main#move:39,result=2
Method Exit,returner=Main#move:39,value=2
Variable Write,context=Main#move:37,walk=5
Field Read,context=Main,get_ans
Method Call,caller=Main#move:37,target=Main#translate:77
Variable Write,context=Main#translate:77,states=int[][]:1
Variable Write,context=Main#translate:77,sizes=int[]:4
Variable Write,context=Main#translate:77,from=1
Variable Write,context=Main#translate:77,to=0
Field Write,context=int[]:4,1=1
Variable Write,context=Main#translate:77,sizes=int[]:4
Variable Write,context=Main#translate:77,states=int[][]:1
Field Write,context=int[]:4,0=2
Variable Write,context=Main#translate:77,sizes=int[]:4
Method Exit,returner=Main#translate:77,value=<void>
Variable Write,context=Main#move:37,walk=6
Field Read,context=Main,get_ans
Method Call,caller=Main#move:37,target=Main#move:40
Variable Write,context=Main#move:40,p_sizes=int[]:8
Variable Write,context=Main#move:40,from=2
Variable Write,context=Main#move:40,use=1
Variable Write,context=Main#move:40,depth=4
Variable Write,context=Main#move:40,n=4
Variable Write,context=Main#move:40,sizes=int[]:4
Variable Write,context=Main#move:40,p_states=int[][]:2
Variable Write,context=Main#move:40,to=0
Variable Write,context=Main#move:40,states=int[][]:1
Variable Write,context=Main#move:40,walk=0
Field Read,context=Main,get_ans
Method Call,caller=Main#move:40,target=Main#translate:78
Variable Write,context=Main#translate:78,states=int[][]:1
Variable Write,context=Main#translate:78,sizes=int[]:4
Variable Write,context=Main#translate:78,from=2
Variable Write,context=Main#translate:78,to=1
Field Write,context=int[]:4,2=0
Variable Write,context=Main#translate:78,sizes=int[]:4
Variable Write,context=Main#translate:78,states=int[][]:1
Field Write,context=int[]:4,1=2
Variable Write,context=Main#translate:78,sizes=int[]:4
Method Exit,returner=Main#translate:78,value=<void>
Variable Write,context=Main#move:40,walk=1
Field Read,context=Main,get_ans
Field Read,context=Main,get_ans
Method Call,caller=Main#move:40,target=Main#translate:79
Variable Write,context=Main#translate:79,states=int[][]:1
Variable Write,context=Main#translate:79,sizes=int[]:4
Variable Write,context=Main#translate:79,from=1
Variable Write,context=Main#translate:79,to=0
Field Write,context=int[]:4,1=1
Variable Write,context=Main#translate:79,sizes=int[]:4
Variable Write,context=Main#translate:79,states=int[][]:1
Field Write,context=int[]:4,0=3
Variable Write,context=Main#translate:79,sizes=int[]:4
Method Exit,returner=Main#translate:79,value=<void>
Variable Write,context=Main#move:40,walk=2
Field Read,context=Main,get_ans
Variable Write,context=Main#move:40,result=2
Method Exit,returner=Main#move:40,value=2
Variable Write,context=Main#move:37,walk=8
Variable Write,context=Main#move:37,result=8
Method Exit,returner=Main#move:37,value=8
Variable Write,context=Main#move:28,walk=26
Variable Write,context=Main#move:28,result=26
Method Exit,returner=Main#move:28,value=26
Variable Write,context=Main#move:14,walk=53
Field Read,context=Main,get_ans
Method Call,caller=Main#move:14,target=Main#translate:80
Variable Write,context=Main#translate:80,states=int[][]:1
Variable Write,context=Main#translate:80,sizes=int[]:4
Variable Write,context=Main#translate:80,from=1
Variable Write,context=Main#translate:80,to=2
Field Write,context=int[]:4,1=0
Variable Write,context=Main#translate:80,sizes=int[]:4
Variable Write,context=Main#translate:80,states=int[][]:1
Field Write,context=int[]:4,2=1
Variable Write,context=Main#translate:80,sizes=int[]:4
Method Exit,returner=Main#translate:80,value=<void>
Variable Write,context=Main#move:14,walk=54
Field Read,context=Main,get_ans
Method Call,caller=Main#move:14,target=Main#move:41
Variable Write,context=Main#move:41,p_sizes=int[]:8
Variable Write,context=Main#move:41,from=0
Variable Write,context=Main#move:41,use=1
Variable Write,context=Main#move:41,depth=2
Variable Write,context=Main#move:41,n=4
Variable Write,context=Main#move:41,sizes=int[]:4
Variable Write,context=Main#move:41,p_states=int[][]:2
Variable Write,context=Main#move:41,to=2
Variable Write,context=Main#move:41,states=int[][]:1
Variable Write,context=Main#move:41,walk=0
Method Call,caller=Main#move:41,target=Main#move:42
Variable Write,context=Main#move:42,p_sizes=int[]:8
Variable Write,context=Main#move:42,from=0
Variable Write,context=Main#move:42,use=1
Variable Write,context=Main#move:42,depth=3
Variable Write,context=Main#move:42,n=4
Variable Write,context=Main#move:42,sizes=int[]:4
Variable Write,context=Main#move:42,p_states=int[][]:2
Variable Write,context=Main#move:42,to=2
Variable Write,context=Main#move:42,states=int[][]:1
Variable Write,context=Main#move:42,walk=0
Method Call,caller=Main#move:42,target=Main#move:43
Variable Write,context=Main#move:43,p_sizes=int[]:8
Variable Write,context=Main#move:43,from=0
Variable Write,context=Main#move:43,use=1
Variable Write,context=Main#move:43,depth=4
Variable Write,context=Main#move:43,n=4
Variable Write,context=Main#move:43,sizes=int[]:4
Variable Write,context=Main#move:43,p_states=int[][]:2
Variable Write,context=Main#move:43,to=2
Variable Write,context=Main#move:43,states=int[][]:1
Variable Write,context=Main#move:43,walk=0
Field Read,context=Main,get_ans
Method Call,caller=Main#move:43,target=Main#translate:81
Variable Write,context=Main#translate:81,states=int[][]:1
Variable Write,context=Main#translate:81,sizes=int[]:4
Variable Write,context=Main#translate:81,from=0
Variable Write,context=Main#translate:81,to=1
Field Write,context=int[]:4,0=2
Variable Write,context=Main#translate:81,sizes=int[]:4
Variable Write,context=Main#translate:81,states=int[][]:1
Field Write,context=int[]:4,1=1
Variable Write,context=Main#translate:81,sizes=int[]:4
Method Exit,returner=Main#translate:81,value=<void>
Variable Write,context=Main#move:43,walk=1
Field Read,context=Main,get_ans
Field Read,context=Main,get_ans
Method Call,caller=Main#move:43,target=Main#translate:82
Variable Write,context=Main#translate:82,states=int[][]:1
Variable Write,context=Main#translate:82,sizes=int[]:4
Variable Write,context=Main#translate:82,from=1
Variable Write,context=Main#translate:82,to=2
Field Write,context=int[]:4,1=0
Variable Write,context=Main#translate:82,sizes=int[]:4
Variable Write,context=Main#translate:82,states=int[][]:1
Field Write,context=int[]:4,2=2
Variable Write,context=Main#translate:82,sizes=int[]:4
Method Exit,returner=Main#translate:82,value=<void>
Variable Write,context=Main#move:43,walk=2
Field Read,context=Main,get_ans
Variable Write,context=Main#move:43,result=2
Method Exit,returner=Main#move:43,value=2
Variable Write,context=Main#move:42,walk=2
Field Read,context=Main,get_ans
Method Call,caller=Main#move:42,target=Main#translate:83
Variable Write,context=Main#translate:83,states=int[][]:1
Variable Write,context=Main#translate:83,sizes=int[]:4
Variable Write,context=Main#translate:83,from=0
Variable Write,context=Main#translate:83,to=1
Field Write,context=int[]:4,0=1
Variable Write,context=Main#translate:83,sizes=int[]:4
Variable Write,context=Main#translate:83,states=int[][]:1
Field Write,context=int[]:4,1=1
Variable Write,context=Main#translate:83,sizes=int[]:4
Method Exit,returner=Main#translate:83,value=<void>
Variable Write,context=Main#move:42,walk=3
Field Read,context=Main,get_ans
Method Call,caller=Main#move:42,target=Main#move:44
Variable Write,context=Main#move:44,p_sizes=int[]:8
Variable Write,context=Main#move:44,from=2
Variable Write,context=Main#move:44,use=1
Variable Write,context=Main#move:44,depth=4
Variable Write,context=Main#move:44,n=4
Variable Write,context=Main#move:44,sizes=int[]:4
Variable Write,context=Main#move:44,p_states=int[][]:2
Variable Write,context=Main#move:44,to=0
Variable Write,context=Main#move:44,states=int[][]:1
Variable Write,context=Main#move:44,walk=0
Field Read,context=Main,get_ans
Method Call,caller=Main#move:44,target=Main#translate:84
Variable Write,context=Main#translate:84,states=int[][]:1
Variable Write,context=Main#translate:84,sizes=int[]:4
Variable Write,context=Main#translate:84,from=2
Variable Write,context=Main#translate:84,to=1
Field Write,context=int[]:4,2=1
Variable Write,context=Main#translate:84,sizes=int[]:4
Variable Write,context=Main#translate:84,states=int[][]:1
Field Write,context=int[]:4,1=2
Variable Write,context=Main#translate:84,sizes=int[]:4
Method Exit,returner=Main#translate:84,value=<void>
Variable Write,context=Main#move:44,walk=1
Field Read,context=Main,get_ans
Field Read,context=Main,get_ans
Method Call,caller=Main#move:44,target=Main#translate:85
Variable Write,context=Main#translate:85,states=int[][]:1
Variable Write,context=Main#translate:85,sizes=int[]:4
Variable Write,context=Main#translate:85,from=1
Variable Write,context=Main#translate:85,to=0
Field Write,context=int[]:4,1=1
Variable Write,context=Main#translate:85,sizes=int[]:4
Variable Write,context=Main#translate:85,states=int[][]:1
Field Write,context=int[]:4,0=2
Variable Write,context=Main#translate:85,sizes=int[]:4
Method Exit,returner=Main#translate:85,value=<void>
Variable Write,context=Main#move:44,walk=2
Field Read,context=Main,get_ans
Variable Write,context=Main#move:44,result=2
Method Exit,returner=Main#move:44,value=2
Variable Write,context=Main#move:42,walk=5
Field Read,context=Main,get_ans
Method Call,caller=Main#move:42,target=Main#translate:86
Variable Write,context=Main#translate:86,states=int[][]:1
Variable Write,context=Main#translate:86,sizes=int[]:4
Variable Write,context=Main#translate:86,from=1
Variable Write,context=Main#translate:86,to=2
Field Write,context=int[]:4,1=0
Variable Write,context=Main#translate:86,sizes=int[]:4
Variable Write,context=Main#translate:86,states=int[][]:1
Field Write,context=int[]:4,2=2
Variable Write,context=Main#translate:86,sizes=int[]:4
Method Exit,returner=Main#translate:86,value=<void>
Variable Write,context=Main#move:42,walk=6
Field Read,context=Main,get_ans
Method Call,caller=Main#move:42,target=Main#move:45
Variable Write,context=Main#move:45,p_sizes=int[]:8
Variable Write,context=Main#move:45,from=0
Variable Write,context=Main#move:45,use=1
Variable Write,context=Main#move:45,depth=4
Variable Write,context=Main#move:45,n=4
Variable Write,context=Main#move:45,sizes=int[]:4
Variable Write,context=Main#move:45,p_states=int[][]:2
Variable Write,context=Main#move:45,to=2
Variable Write,context=Main#move:45,states=int[][]:1
Variable Write,context=Main#move:45,walk=0
Field Read,context=Main,get_ans
Method Call,caller=Main#move:45,target=Main#translate:87
Variable Write,context=Main#translate:87,states=int[][]:1
Variable Write,context=Main#translate:87,sizes=int[]:4
Variable Write,context=Main#translate:87,from=0
Variable Write,context=Main#translate:87,to=1
Field Write,context=int[]:4,0=1
Variable Write,context=Main#translate:87,sizes=int[]:4
Variable Write,context=Main#translate:87,states=int[][]:1
Field Write,context=int[]:4,1=1
Variable Write,context=Main#translate:87,sizes=int[]:4
Method Exit,returner=Main#translate:87,value=<void>
Variable Write,context=Main#move:45,walk=1
Field Read,context=Main,get_ans
Field Read,context=Main,get_ans
Method Call,caller=Main#move:45,target=Main#translate:88
Variable Write,context=Main#translate:88,states=int[][]:1
Variable Write,context=Main#translate:88,sizes=int[]:4
Variable Write,context=Main#translate:88,from=1
Variable Write,context=Main#translate:88,to=2
Field Write,context=int[]:4,1=0
Variable Write,context=Main#translate:88,sizes=int[]:4
Variable Write,context=Main#translate:88,states=int[][]:1
Field Write,context=int[]:4,2=3
Variable Write,context=Main#translate:88,sizes=int[]:4
Method Exit,returner=Main#translate:88,value=<void>
Variable Write,context=Main#move:45,walk=2
Field Read,context=Main,get_ans
Variable Write,context=Main#move:45,result=2
Method Exit,returner=Main#move:45,value=2
Variable Write,context=Main#move:42,walk=8
Variable Write,context=Main#move:42,result=8
Method Exit,returner=Main#move:42,value=8
Variable Write,context=Main#move:41,walk=8
Field Read,context=Main,get_ans
Method Call,caller=Main#move:41,target=Main#translate:89
Variable Write,context=Main#translate:89,states=int[][]:1
Variable Write,context=Main#translate:89,sizes=int[]:4
Variable Write,context=Main#translate:89,from=0
Variable Write,context=Main#translate:89,to=1
Field Write,context=int[]:4,0=0
Variable Write,context=Main#translate:89,sizes=int[]:4
Variable Write,context=Main#translate:89,states=int[][]:1
Field Write,context=int[]:4,1=1
Variable Write,context=Main#translate:89,sizes=int[]:4
Method Exit,returner=Main#translate:89,value=<void>
Variable Write,context=Main#move:41,walk=9
Field Read,context=Main,get_ans
Method Call,caller=Main#move:41,target=Main#move:46
Variable Write,context=Main#move:46,p_sizes=int[]:8
Variable Write,context=Main#move:46,from=2
Variable Write,context=Main#move:46,use=1
Variable Write,context=Main#move:46,depth=3
Variable Write,context=Main#move:46,n=4
Variable Write,context=Main#move:46,sizes=int[]:4
Variable Write,context=Main#move:46,p_states=int[][]:2
Variable Write,context=Main#move:46,to=0
Variable Write,context=Main#move:46,states=int[][]:1
Variable Write,context=Main#move:46,walk=0
Method Call,caller=Main#move:46,target=Main#move:47
Variable Write,context=Main#move:47,p_sizes=int[]:8
Variable Write,context=Main#move:47,from=2
Variable Write,context=Main#move:47,use=1
Variable Write,context=Main#move:47,depth=4
Variable Write,context=Main#move:47,n=4
Variable Write,context=Main#move:47,sizes=int[]:4
Variable Write,context=Main#move:47,p_states=int[][]:2
Variable Write,context=Main#move:47,to=0
Variable Write,context=Main#move:47,states=int[][]:1
Variable Write,context=Main#move:47,walk=0
Field Read,context=Main,get_ans
Method Call,caller=Main#move:47,target=Main#translate:90
Variable Write,context=Main#translate:90,states=int[][]:1
Variable Write,context=Main#translate:90,sizes=int[]:4
Variable Write,context=Main#translate:90,from=2
Variable Write,context=Main#translate:90,to=1
Field Write,context=int[]:4,2=2
Variable Write,context=Main#translate:90,sizes=int[]:4
Variable Write,context=Main#translate:90,states=int[][]:1
Field Write,context=int[]:4,1=2
Variable Write,context=Main#translate:90,sizes=int[]:4
Method Exit,returner=Main#translate:90,value=<void>
Variable Write,context=Main#move:47,walk=1
Field Read,context=Main,get_ans
Field Read,context=Main,get_ans
Method Call,caller=Main#move:47,target=Main#translate:91
Variable Write,context=Main#translate:91,states=int[][]:1
Variable Write,context=Main#translate:91,sizes=int[]:4
Variable Write,context=Main#translate:91,from=1
Variable Write,context=Main#translate:91,to=0
Field Write,context=int[]:4,1=1
Variable Write,context=Main#translate:91,sizes=int[]:4
Variable Write,context=Main#translate:91,states=int[][]:1
Field Write,context=int[]:4,0=1
Variable Write,context=Main#translate:91,sizes=int[]:4
Method Exit,returner=Main#translate:91,value=<void>
Variable Write,context=Main#move:47,walk=2
Field Read,context=Main,get_ans
Variable Write,context=Main#move:47,result=2
Method Exit,returner=Main#move:47,value=2
Variable Write,context=Main#move:46,walk=2
Field Read,context=Main,get_ans
Method Call,caller=Main#move:46,target=Main#translate:92
Variable Write,context=Main#translate:92,states=int[][]:1
Variable Write,context=Main#translate:92,sizes=int[]:4
Variable Write,context=Main#translate:92,from=2
Variable Write,context=Main#translate:92,to=1
Field Write,context=int[]:4,2=1
Variable Write,context=Main#translate:92,sizes=int[]:4
Variable Write,context=Main#translate:92,states=int[][]:1
Field Write,context=int[]:4,1=2
Variable Write,context=Main#translate:92,sizes=int[]:4
Method Exit,returner=Main#translate:92,value=<void>
Variable Write,context=Main#move:46,walk=3
Field Read,context=Main,get_ans
Method Call,caller=Main#move:46,target=Main#move:48
Variable Write,context=Main#move:48,p_sizes=int[]:8
Variable Write,context=Main#move:48,from=0
Variable Write,context=Main#move:48,use=1
Variable Write,context=Main#move:48,depth=4
Variable Write,context=Main#move:48,n=4
Variable Write,context=Main#move:48,sizes=int[]:4
Variable Write,context=Main#move:48,p_states=int[][]:2
Variable Write,context=Main#move:48,to=2
Variable Write,context=Main#move:48,states=int[][]:1
Variable Write,context=Main#move:48,walk=0
Field Read,context=Main,get_ans
Method Call,caller=Main#move:48,target=Main#translate:93
Variable Write,context=Main#translate:93,states=int[][]:1
Variable Write,context=Main#translate:93,sizes=int[]:4
Variable Write,context=Main#translate:93,from=0
Variable Write,context=Main#translate:93,to=1
Field Write,context=int[]:4,0=0
Variable Write,context=Main#translate:93,sizes=int[]:4
Variable Write,context=Main#translate:93,states=int[][]:1
Field Write,context=int[]:4,1=3
Variable Write,context=Main#translate:93,sizes=int[]:4
Method Exit,returner=Main#translate:93,value=<void>
Variable Write,context=Main#move:48,walk=1
Field Read,context=Main,get_ans
Field Read,context=Main,get_ans
Method Call,caller=Main#move:48,target=Main#translate:94
Variable Write,context=Main#translate:94,states=int[][]:1
Variable Write,context=Main#translate:94,sizes=int[]:4
Variable Write,context=Main#translate:94,from=1
Variable Write,context=Main#translate:94,to=2
Field Write,context=int[]:4,1=2
Variable Write,context=Main#translate:94,sizes=int[]:4
Variable Write,context=Main#translate:94,states=int[][]:1
Field Write,context=int[]:4,2=2
Variable Write,context=Main#translate:94,sizes=int[]:4
Method Exit,returner=Main#translate:94,value=<void>
Variable Write,context=Main#move:48,walk=2
Field Read,context=Main,get_ans
Variable Write,context=Main#move:48,result=2
Method Exit,returner=Main#move:48,value=2
Variable Write,context=Main#move:46,walk=5
Field Read,context=Main,get_ans
Method Call,caller=Main#move:46,target=Main#translate:95
Variable Write,context=Main#translate:95,states=int[][]:1
Variable Write,context=Main#translate:95,sizes=int[]:4
Variable Write,context=Main#translate:95,from=1
Variable Write,context=Main#translate:95,to=0
Field Write,context=int[]:4,1=1
Variable Write,context=Main#translate:95,sizes=int[]:4
Variable Write,context=Main#translate:95,states=int[][]:1
Field Write,context=int[]:4,0=1
Variable Write,context=Main#translate:95,sizes=int[]:4
Method Exit,returner=Main#translate:95,value=<void>
Variable Write,context=Main#move:46,walk=6
Field Read,context=Main,get_ans
Method Call,caller=Main#move:46,target=Main#move:49
Variable Write,context=Main#move:49,p_sizes=int[]:8
Variable Write,context=Main#move:49,from=2
Variable Write,context=Main#move:49,use=1
Variable Write,context=Main#move:49,depth=4
Variable Write,context=Main#move:49,n=4
Variable Write,context=Main#move:49,sizes=int[]:4
Variable Write,context=Main#move:49,p_states=int[][]:2
Variable Write,context=Main#move:49,to=0
Variable Write,context=Main#move:49,states=int[][]:1
Variable Write,context=Main#move:49,walk=0
Field Read,context=Main,get_ans
Method Call,caller=Main#move:49,target=Main#translate:96
Variable Write,context=Main#translate:96,states=int[][]:1
Variable Write,context=Main#translate:96,sizes=int[]:4
Variable Write,context=Main#translate:96,from=2
Variable Write,context=Main#translate:96,to=1
Field Write,context=int[]:4,2=1
Variable Write,context=Main#translate:96,sizes=int[]:4
Variable Write,context=Main#translate:96,states=int[][]:1
Field Write,context=int[]:4,1=2
Variable Write,context=Main#translate:96,sizes=int[]:4
Method Exit,returner=Main#translate:96,value=<void>
Variable Write,context=Main#move:49,walk=1
Field Read,context=Main,get_ans
Field Read,context=Main,get_ans
Method Call,caller=Main#move:49,target=Main#translate:97
Variable Write,context=Main#translate:97,states=int[][]:1
Variable Write,context=Main#translate:97,sizes=int[]:4
Variable Write,context=Main#translate:97,from=1
Variable Write,context=Main#translate:97,to=0
Field Write,context=int[]:4,1=1
Variable Write,context=Main#translate:97,sizes=int[]:4
Variable Write,context=Main#translate:97,states=int[][]:1
Field Write,context=int[]:4,0=2
Variable Write,context=Main#translate:97,sizes=int[]:4
Method Exit,returner=Main#translate:97,value=<void>
Variable Write,context=Main#move:49,walk=2
Field Read,context=Main,get_ans
Variable Write,context=Main#move:49,result=2
Method Exit,returner=Main#move:49,value=2
Variable Write,context=Main#move:46,walk=8
Variable Write,context=Main#move:46,result=8
Method Exit,returner=Main#move:46,value=8
Variable Write,context=Main#move:41,walk=17
Field Read,context=Main,get_ans
Method Call,caller=Main#move:41,target=Main#translate:98
Variable Write,context=Main#translate:98,states=int[][]:1
Variable Write,context=Main#translate:98,sizes=int[]:4
Variable Write,context=Main#translate:98,from=1
Variable Write,context=Main#translate:98,to=2
Field Write,context=int[]:4,1=0
Variable Write,context=Main#translate:98,sizes=int[]:4
Variable Write,context=Main#translate:98,states=int[][]:1
Field Write,context=int[]:4,2=2
Variable Write,context=Main#translate:98,sizes=int[]:4
Method Exit,returner=Main#translate:98,value=<void>
Variable Write,context=Main#move:41,walk=18
Field Read,context=Main,get_ans
Method Call,caller=Main#move:41,target=Main#move:50
Variable Write,context=Main#move:50,p_sizes=int[]:8
Variable Write,context=Main#move:50,from=0
Variable Write,context=Main#move:50,use=1
Variable Write,context=Main#move:50,depth=3
Variable Write,context=Main#move:50,n=4
Variable Write,context=Main#move:50,sizes=int[]:4
Variable Write,context=Main#move:50,p_states=int[][]:2
Variable Write,context=Main#move:50,to=2
Variable Write,context=Main#move:50,states=int[][]:1
Variable Write,context=Main#move:50,walk=0
Method Call,caller=Main#move:50,target=Main#move:51
Variable Write,context=Main#move:51,p_sizes=int[]:8
Variable Write,context=Main#move:51,from=0
Variable Write,context=Main#move:51,use=1
Variable Write,context=Main#move:51,depth=4
Variable Write,context=Main#move:51,n=4
Variable Write,context=Main#move:51,sizes=int[]:4
Variable Write,context=Main#move:51,p_states=int[][]:2
Variable Write,context=Main#move:51,to=2
Variable Write,context=Main#move:51,states=int[][]:1
Variable Write,context=Main#move:51,walk=0
Field Read,context=Main,get_ans
Method Call,caller=Main#move:51,target=Main#translate:99
Variable Write,context=Main#translate:99,states=int[][]:1
Variable Write,context=Main#translate:99,sizes=int[]:4
Variable Write,context=Main#translate:99,from=0
Variable Write,context=Main#translate:99,to=1
Field Write,context=int[]:4,0=1
Variable Write,context=Main#translate:99,sizes=int[]:4
Variable Write,context=Main#translate:99,states=int[][]:1
Field Write,context=int[]:4,1=1
Variable Write,context=Main#translate:99,sizes=int[]:4
Method Exit,returner=Main#translate:99,value=<void>
Variable Write,context=Main#move:51,walk=1
Field Read,context=Main,get_ans
Field Read,context=Main,get_ans
Method Call,caller=Main#move:51,target=Main#translate:100
Variable Write,context=Main#translate:100,states=int[][]:1
Variable Write,context=Main#translate:100,sizes=int[]:4
Variable Write,context=Main#translate:100,from=1
Variable Write,context=Main#translate:100,to=2
Field Write,context=int[]:4,1=0
Variable Write,context=Main#translate:100,sizes=int[]:4
Variable Write,context=Main#translate:100,states=int[][]:1
Field Write,context=int[]:4,2=3
Variable Write,context=Main#translate:100,sizes=int[]:4
Method Exit,returner=Main#translate:100,value=<void>
Variable Write,context=Main#move:51,walk=2
Field Read,context=Main,get_ans
Variable Write,context=Main#move:51,result=2
Method Exit,returner=Main#move:51,value=2
Variable Write,context=Main#move:50,walk=2
Field Read,context=Main,get_ans
Method Call,caller=Main#move:50,target=Main#translate:101
Variable Write,context=Main#translate:101,states=int[][]:1
Variable Write,context=Main#translate:101,sizes=int[]:4
Variable Write,context=Main#translate:101,from=0
Variable Write,context=Main#translate:101,to=1
Field Write,context=int[]:4,0=0
Variable Write,context=Main#translate:101,sizes=int[]:4
Variable Write,context=Main#translate:101,states=int[][]:1
Field Write,context=int[]:4,1=1
Variable Write,context=Main#translate:101,sizes=int[]:4
Method Exit,returner=Main#translate:101,value=<void>
Variable Write,context=Main#move:50,walk=3
Field Read,context=Main,get_ans
Method Call,caller=Main#move:50,target=Main#move:52
Variable Write,context=Main#move:52,p_sizes=int[]:8
Variable Write,context=Main#move:52,from=2
Variable Write,context=Main#move:52,use=1
Variable Write,context=Main#move:52,depth=4
Variable Write,context=Main#move:52,n=4
Variable Write,context=Main#move:52,sizes=int[]:4
Variable Write,context=Main#move:52,p_states=int[][]:2
Variable Write,context=Main#move:52,to=0
Variable Write,context=Main#move:52,states=int[][]:1
Variable Write,context=Main#move:52,walk=0
Field Read,context=Main,get_ans
Method Call,caller=Main#move:52,target=Main#translate:102
Variable Write,context=Main#translate:102,states=int[][]:1
Variable Write,context=Main#translate:102,sizes=int[]:4
Variable Write,context=Main#translate:102,from=2
Variable Write,context=Main#translate:102,to=1
Field Write,context=int[]:4,2=2
Variable Write,context=Main#translate:102,sizes=int[]:4
Variable Write,context=Main#translate:102,states=int[][]:1
Field Write,context=int[]:4,1=2
Variable Write,context=Main#translate:102,sizes=int[]:4
Method Exit,returner=Main#translate:102,value=<void>
Variable Write,context=Main#move:52,walk=1
Field Read,context=Main,get_ans
Field Read,context=Main,get_ans
Method Call,caller=Main#move:52,target=Main#translate:103
Variable Write,context=Main#translate:103,states=int[][]:1
Variable Write,context=Main#translate:103,sizes=int[]:4
Variable Write,context=Main#translate:103,from=1
Variable Write,context=Main#translate:103,to=0
Field Write,context=int[]:4,1=1
Variable Write,context=Main#translate:103,sizes=int[]:4
Variable Write,context=Main#translate:103,states=int[][]:1
Field Write,context=int[]:4,0=1
Variable Write,context=Main#translate:103,sizes=int[]:4
Method Exit,returner=Main#translate:103,value=<void>
Variable Write,context=Main#move:52,walk=2
Field Read,context=Main,get_ans
Variable Write,context=Main#move:52,result=2
Method Exit,returner=Main#move:52,value=2
Variable Write,context=Main#move:50,walk=5
Field Read,context=Main,get_ans
Method Call,caller=Main#move:50,target=Main#translate:104
Variable Write,context=Main#translate:104,states=int[][]:1
Variable Write,context=Main#translate:104,sizes=int[]:4
Variable Write,context=Main#translate:104,from=1
Variable Write,context=Main#translate:104,to=2
Field Write,context=int[]:4,1=0
Variable Write,context=Main#translate:104,sizes=int[]:4
Variable Write,context=Main#translate:104,states=int[][]:1
Field Write,context=int[]:4,2=3
Variable Write,context=Main#translate:104,sizes=int[]:4
Method Exit,returner=Main#translate:104,value=<void>
Variable Write,context=Main#move:50,walk=6
Field Read,context=Main,get_ans
Method Call,caller=Main#move:50,target=Main#move:53
Variable Write,context=Main#move:53,p_sizes=int[]:8
Variable Write,context=Main#move:53,from=0
Variable Write,context=Main#move:53,use=1
Variable Write,context=Main#move:53,depth=4
Variable Write,context=Main#move:53,n=4
Variable Write,context=Main#move:53,sizes=int[]:4
Variable Write,context=Main#move:53,p_states=int[][]:2
Variable Write,context=Main#move:53,to=2
Variable Write,context=Main#move:53,states=int[][]:1
Variable Write,context=Main#move:53,walk=0
Field Read,context=Main,get_ans
Method Call,caller=Main#move:53,target=Main#translate:105
Variable Write,context=Main#translate:105,states=int[][]:1
Variable Write,context=Main#translate:105,sizes=int[]:4
Variable Write,context=Main#translate:105,from=0
Variable Write,context=Main#translate:105,to=1
Field Write,context=int[]:4,0=0
Variable Write,context=Main#translate:105,sizes=int[]:4
Variable Write,context=Main#translate:105,states=int[][]:1
Field Write,context=int[]:4,1=1
Variable Write,context=Main#translate:105,sizes=int[]:4
Method Exit,returner=Main#translate:105,value=<void>
Variable Write,context=Main#move:53,walk=1
Field Read,context=Main,get_ans
Field Read,context=Main,get_ans
Method Call,caller=Main#move:53,target=Main#translate:106
Variable Write,context=Main#translate:106,states=int[][]:1
Variable Write,context=Main#translate:106,sizes=int[]:4
Variable Write,context=Main#translate:106,from=1
Variable Write,context=Main#translate:106,to=2
Field Write,context=int[]:4,1=0
Variable Write,context=Main#translate:106,sizes=int[]:4
Variable Write,context=Main#translate:106,states=int[][]:1
Field Write,context=int[]:4,2=4
Variable Write,context=Main#translate:106,sizes=int[]:4
Method Exit,returner=Main#translate:106,value=<void>
Variable Write,context=Main#move:53,walk=2
Field Read,context=Main,get_ans
Variable Write,context=Main#move:53,result=2
Method Exit,returner=Main#move:53,value=2
Variable Write,context=Main#move:50,walk=8
Variable Write,context=Main#move:50,result=8
Method Exit,returner=Main#move:50,value=8
Variable Write,context=Main#move:41,walk=26
Variable Write,context=Main#move:41,result=26
Method Exit,returner=Main#move:41,value=26
Variable Write,context=Main#move:14,walk=80
Variable Write,context=Main#move:14,result=80
Method Exit,returner=Main#move:14,value=80
Variable Delete,method=Main#main:1 <name=i,type=int (id=7),value=<?>,index=10>
Variable Write,context=Main#main:1,max=80
Field Read,context=Main,ans
Field Read,context=Main,ans
Variable Write,context=Main#main:1,answer=3
Variable Delete,method=Main#main:1 <name=n,type=int (id=7),value=0,index=6>
Variable Delete,method=Main#main:1 <name=m,type=int (id=7),value=0,index=7>
Variable Delete,method=Main#main:1 <name=max,type=int (id=7),value=<?>,index=11>
Variable Delete,method=Main#main:1 <name=answer,type=int (id=7),value=<?>,index=12>
Variable Write,context=Main#main:1,n=2
Variable Write,context=Main#main:1,m=5
Variable Write,context=Main#main:1,i=0
Variable Write,context=Main#main:1,p_sizes=int[]:8
Variable Write,context=Main#main:1,j=0
Variable Write,context=Main#main:1,p_states=int[][]:2
Variable Write,context=Main#main:1,j=1
Variable Write,context=Main#main:1,p_states=int[][]:2
Variable Write,context=Main#main:1,i=1
Variable Delete,method=Main#main:1 <name=j,type=int (id=7),value=<?>,index=9>
Field Write,context=int[]:8,1=0
Variable Write,context=Main#main:1,p_sizes=int[]:8
Variable Write,context=Main#main:1,i=2
Field Write,context=int[]:8,2=0
Variable Write,context=Main#main:1,p_sizes=int[]:8
Field Write,context=Main,ans=0
Variable Delete,method=Main#main:1 <name=i,type=int (id=7),value=<?>,index=8>
Field Write,context=Main,get_ans=false
Field Write,context=int[]:4,0=2
Field Write,context=int[]:4,2=0
Variable Write,context=Main#main:1,init_sizes=int[]:4
Variable Write,context=Main#main:1,i=0
Variable Write,context=Main#main:1,init_states=int[][]:1
Variable Write,context=Main#main:1,i=1
Variable Write,context=Main#main:1,init_states=int[][]:1
Method Call,caller=Main#main:1,target=Main#move:54
Variable Write,context=Main#move:54,p_sizes=int[]:8
Variable Write,context=Main#move:54,from=0
Variable Write,context=Main#move:54,use=1
Variable Write,context=Main#move:54,depth=1
Variable Write,context=Main#move:54,n=2
Variable Write,context=Main#move:54,sizes=int[]:4
Variable Write,context=Main#move:54,p_states=int[][]:2
Variable Write,context=Main#move:54,to=2
Variable Write,context=Main#move:54,states=int[][]:1
Variable Write,context=Main#move:54,walk=0
Method Call,caller=Main#move:54,target=Main#move:55
Variable Write,context=Main#move:55,p_sizes=int[]:8
Variable Write,context=Main#move:55,from=0
Variable Write,context=Main#move:55,use=1
Variable Write,context=Main#move:55,depth=2
Variable Write,context=Main#move:55,n=2
Variable Write,context=Main#move:55,sizes=int[]:4
Variable Write,context=Main#move:55,p_states=int[][]:2
Variable Write,context=Main#move:55,to=2
Variable Write,context=Main#move:55,states=int[][]:1
Variable Write,context=Main#move:55,walk=0
Field Read,context=Main,get_ans
Method Call,caller=Main#move:55,target=Main#is_same:15
Variable Write,context=Main#is_same:15,p_states=int[][]:2
Variable Write,context=Main#is_same:15,p_sizes=int[]:8
Variable Write,context=Main#is_same:15,states=int[][]:1
Variable Write,context=Main#is_same:15,sizes=int[]:4
Variable Write,context=Main#is_same:15,i=0
Variable Write,context=Main#is_same:15,j=0
Variable Write,context=Main#is_same:15,j=1
Variable Write,context=Main#is_same:15,i=1
Variable Delete,method=Main#is_same:15 <name=j,type=int (id=7),value=<?>,index=5>
Variable Write,context=Main#is_same:15,i=2
Variable Write,context=Main#is_same:15,result=true
Method Exit,returner=Main#is_same:15,value=true
Field Write,context=Main,get_ans=true
Method Call,caller=Main#move:55,target=Main#translate:107
Variable Write,context=Main#translate:107,states=int[][]:1
Variable Write,context=Main#translate:107,sizes=int[]:4
Variable Write,context=Main#translate:107,from=0
Variable Write,context=Main#translate:107,to=1
Field Write,context=int[]:4,0=1
Variable Write,context=Main#translate:107,sizes=int[]:4
Variable Write,context=Main#translate:107,states=int[][]:1
Field Write,context=int[]:4,1=1
Variable Write,context=Main#translate:107,sizes=int[]:4
Method Exit,returner=Main#translate:107,value=<void>
Variable Write,context=Main#move:55,walk=1
Field Read,context=Main,get_ans
Field Read,context=Main,get_ans
Method Call,caller=Main#move:55,target=Main#translate:108
Variable Write,context=Main#translate:108,states=int[][]:1
Variable Write,context=Main#translate:108,sizes=int[]:4
Variable Write,context=Main#translate:108,from=1
Variable Write,context=Main#translate:108,to=2
Field Write,context=int[]:4,1=0
Variable Write,context=Main#translate:108,sizes=int[]:4
Variable Write,context=Main#translate:108,states=int[][]:1
Field Write,context=int[]:4,2=1
Variable Write,context=Main#translate:108,sizes=int[]:4
Method Exit,returner=Main#translate:108,value=<void>
Variable Write,context=Main#move:55,walk=2
Field Read,context=Main,get_ans
Variable Write,context=Main#move:55,result=2
Method Exit,returner=Main#move:55,value=2
Variable Write,context=Main#move:54,walk=2
Field Read,context=Main,get_ans
Method Call,caller=Main#move:54,target=Main#translate:109
Variable Write,context=Main#translate:109,states=int[][]:1
Variable Write,context=Main#translate:109,sizes=int[]:4
Variable Write,context=Main#translate:109,from=0
Variable Write,context=Main#translate:109,to=1
Field Write,context=int[]:4,0=0
Variable Write,context=Main#translate:109,sizes=int[]:4
Variable Write,context=Main#translate:109,states=int[][]:1
Field Write,context=int[]:4,1=1
Variable Write,context=Main#translate:109,sizes=int[]:4
Method Exit,returner=Main#translate:109,value=<void>
Variable Write,context=Main#move:54,walk=3
Field Read,context=Main,get_ans
Method Call,caller=Main#move:54,target=Main#move:56
Variable Write,context=Main#move:56,p_sizes=int[]:8
Variable Write,context=Main#move:56,from=2
Variable Write,context=Main#move:56,use=1
Variable Write,context=Main#move:56,depth=2
Variable Write,context=Main#move:56,n=2
Variable Write,context=Main#move:56,sizes=int[]:4
Variable Write,context=Main#move:56,p_states=int[][]:2
Variable Write,context=Main#move:56,to=0
Variable Write,context=Main#move:56,states=int[][]:1
Variable Write,context=Main#move:56,walk=0
Field Read,context=Main,get_ans
Method Call,caller=Main#move:56,target=Main#translate:110
Variable Write,context=Main#translate:110,states=int[][]:1
Variable Write,context=Main#translate:110,sizes=int[]:4
Variable Write,context=Main#translate:110,from=2
Variable Write,context=Main#translate:110,to=1
Field Write,context=int[]:4,2=0
Variable Write,context=Main#translate:110,sizes=int[]:4
Variable Write,context=Main#translate:110,states=int[][]:1
Field Write,context=int[]:4,1=2
Variable Write,context=Main#translate:110,sizes=int[]:4
Method Exit,returner=Main#translate:110,value=<void>
Variable Write,context=Main#move:56,walk=1
Field Read,context=Main,get_ans
Field Read,context=Main,get_ans
Method Call,caller=Main#move:56,target=Main#translate:111
Variable Write,context=Main#translate:111,states=int[][]:1
Variable Write,context=Main#translate:111,sizes=int[]:4
Variable Write,context=Main#translate:111,from=1
Variable Write,context=Main#translate:111,to=0
Field Write,context=int[]:4,1=1
Variable Write,context=Main#translate:111,sizes=int[]:4
Variable Write,context=Main#translate:111,states=int[][]:1
Field Write,context=int[]:4,0=1
Variable Write,context=Main#translate:111,sizes=int[]:4
Method Exit,returner=Main#translate:111,value=<void>
Variable Write,context=Main#move:56,walk=2
Field Read,context=Main,get_ans
Variable Write,context=Main#move:56,result=2
Method Exit,returner=Main#move:56,value=2
Variable Write,context=Main#move:54,walk=5
Field Read,context=Main,get_ans
Method Call,caller=Main#move:54,target=Main#translate:112
Variable Write,context=Main#translate:112,states=int[][]:1
Variable Write,context=Main#translate:112,sizes=int[]:4
Variable Write,context=Main#translate:112,from=1
Variable Write,context=Main#translate:112,to=2
Field Write,context=int[]:4,1=0
Variable Write,context=Main#translate:112,sizes=int[]:4
Variable Write,context=Main#translate:112,states=int[][]:1
Field Write,context=int[]:4,2=1
Variable Write,context=Main#translate:112,sizes=int[]:4
Method Exit,returner=Main#translate:112,value=<void>
Variable Write,context=Main#move:54,walk=6
Field Read,context=Main,get_ans
Method Call,caller=Main#move:54,target=Main#move:57
Variable Write,context=Main#move:57,p_sizes=int[]:8
Variable Write,context=Main#move:57,from=0
Variable Write,context=Main#move:57,use=1
Variable Write,context=Main#move:57,depth=2
Variable Write,context=Main#move:57,n=2
Variable Write,context=Main#move:57,sizes=int[]:4
Variable Write,context=Main#move:57,p_states=int[][]:2
Variable Write,context=Main#move:57,to=2
Variable Write,context=Main#move:57,states=int[][]:1
Variable Write,context=Main#move:57,walk=0
Field Read,context=Main,get_ans
Method Call,caller=Main#move:57,target=Main#translate:113
Variable Write,context=Main#translate:113,states=int[][]:1
Variable Write,context=Main#translate:113,sizes=int[]:4
Variable Write,context=Main#translate:113,from=0
Variable Write,context=Main#translate:113,to=1
Field Write,context=int[]:4,0=0
Variable Write,context=Main#translate:113,sizes=int[]:4
Variable Write,context=Main#translate:113,states=int[][]:1
Field Write,context=int[]:4,1=1
Variable Write,context=Main#translate:113,sizes=int[]:4
Method Exit,returner=Main#translate:113,value=<void>
Variable Write,context=Main#move:57,walk=1
Field Read,context=Main,get_ans
Field Read,context=Main,get_ans
Method Call,caller=Main#move:57,target=Main#translate:114
Variable Write,context=Main#translate:114,states=int[][]:1
Variable Write,context=Main#translate:114,sizes=int[]:4
Variable Write,context=Main#translate:114,from=1
Variable Write,context=Main#translate:114,to=2
Field Write,context=int[]:4,1=0
Variable Write,context=Main#translate:114,sizes=int[]:4
Variable Write,context=Main#translate:114,states=int[][]:1
Field Write,context=int[]:4,2=2
Variable Write,context=Main#translate:114,sizes=int[]:4
Method Exit,returner=Main#translate:114,value=<void>
Variable Write,context=Main#move:57,walk=2
Field Read,context=Main,get_ans
Variable Write,context=Main#move:57,result=2
Method Exit,returner=Main#move:57,value=2
Variable Write,context=Main#move:54,walk=8
Variable Write,context=Main#move:54,result=8
Method Exit,returner=Main#move:54,value=8
Variable Delete,method=Main#main:1 <name=i,type=int (id=7),value=<?>,index=10>
Variable Write,context=Main#main:1,max=8
Field Read,context=Main,ans
Field Read,context=Main,ans
Variable Write,context=Main#main:1,answer=0
Variable Delete,method=Main#main:1 <name=n,type=int (id=7),value=0,index=6>
Variable Delete,method=Main#main:1 <name=m,type=int (id=7),value=0,index=7>
Variable Delete,method=Main#main:1 <name=max,type=int (id=7),value=<?>,index=11>
Variable Delete,method=Main#main:1 <name=answer,type=int (id=7),value=<?>,index=12>
Variable Write,context=Main#main:1,n=3
Variable Write,context=Main#main:1,m=3
Variable Write,context=Main#main:1,i=0
Field Write,context=int[]:8,0=0
Variable Write,context=Main#main:1,p_sizes=int[]:8
Variable Write,context=Main#main:1,i=1
Field Write,context=int[]:8,1=1
Variable Write,context=Main#main:1,p_sizes=int[]:8
Variable Write,context=Main#main:1,j=0
Variable Write,context=Main#main:1,p_states=int[][]:2
Variable Write,context=Main#main:1,i=2
Variable Delete,method=Main#main:1 <name=j,type=int (id=7),value=<?>,index=9>
Field Write,context=int[]:8,2=2
Variable Write,context=Main#main:1,p_sizes=int[]:8
Variable Write,context=Main#main:1,j=0
Variable Write,context=Main#main:1,p_states=int[][]:2
Variable Write,context=Main#main:1,j=1
Variable Write,context=Main#main:1,p_states=int[][]:2
Variable Delete,method=Main#main:1 <name=j,type=int (id=7),value=<?>,index=9>
Field Write,context=Main,ans=0
Variable Delete,method=Main#main:1 <name=i,type=int (id=7),value=<?>,index=8>
Field Write,context=Main,get_ans=false
Field Write,context=int[]:4,0=3
Field Write,context=int[]:4,2=0
Variable Write,context=Main#main:1,init_sizes=int[]:4
Variable Write,context=Main#main:1,i=0
Variable Write,context=Main#main:1,init_states=int[][]:1
Variable Write,context=Main#main:1,i=1
Variable Write,context=Main#main:1,init_states=int[][]:1
Variable Write,context=Main#main:1,i=2
Variable Write,context=Main#main:1,init_states=int[][]:1
Method Call,caller=Main#main:1,target=Main#move:58
Variable Write,context=Main#move:58,p_sizes=int[]:8
Variable Write,context=Main#move:58,from=0
Variable Write,context=Main#move:58,use=1
Variable Write,context=Main#move:58,depth=1
Variable Write,context=Main#move:58,n=3
Variable Write,context=Main#move:58,sizes=int[]:4
Variable Write,context=Main#move:58,p_states=int[][]:2
Variable Write,context=Main#move:58,to=2
Variable Write,context=Main#move:58,states=int[][]:1
Variable Write,context=Main#move:58,walk=0
Method Call,caller=Main#move:58,target=Main#move:59
Variable Write,context=Main#move:59,p_sizes=int[]:8
Variable Write,context=Main#move:59,from=0
Variable Write,context=Main#move:59,use=1
Variable Write,context=Main#move:59,depth=2
Variable Write,context=Main#move:59,n=3
Variable Write,context=Main#move:59,sizes=int[]:4
Variable Write,context=Main#move:59,p_states=int[][]:2
Variable Write,context=Main#move:59,to=2
Variable Write,context=Main#move:59,states=int[][]:1
Variable Write,context=Main#move:59,walk=0
Method Call,caller=Main#move:59,target=Main#move:60
Variable Write,context=Main#move:60,p_sizes=int[]:8
Variable Write,context=Main#move:60,from=0
Variable Write,context=Main#move:60,use=1
Variable Write,context=Main#move:60,depth=3
Variable Write,context=Main#move:60,n=3
Variable Write,context=Main#move:60,sizes=int[]:4
Variable Write,context=Main#move:60,p_states=int[][]:2
Variable Write,context=Main#move:60,to=2
Variable Write,context=Main#move:60,states=int[][]:1
Variable Write,context=Main#move:60,walk=0
Field Read,context=Main,get_ans
Method Call,caller=Main#move:60,target=Main#is_same:16
Variable Write,context=Main#is_same:16,p_states=int[][]:2
Variable Write,context=Main#is_same:16,p_sizes=int[]:8
Variable Write,context=Main#is_same:16,states=int[][]:1
Variable Write,context=Main#is_same:16,sizes=int[]:4
Variable Write,context=Main#is_same:16,i=0
Variable Write,context=Main#is_same:16,result=false
Method Exit,returner=Main#is_same:16,value=false
Method Call,caller=Main#move:60,target=Main#translate:115
Variable Write,context=Main#translate:115,states=int[][]:1
Variable Write,context=Main#translate:115,sizes=int[]:4
Variable Write,context=Main#translate:115,from=0
Variable Write,context=Main#translate:115,to=1
Field Write,context=int[]:4,0=2
Variable Write,context=Main#translate:115,sizes=int[]:4
Variable Write,context=Main#translate:115,states=int[][]:1
Field Write,context=int[]:4,1=1
Variable Write,context=Main#translate:115,sizes=int[]:4
Method Exit,returner=Main#translate:115,value=<void>
Variable Write,context=Main#move:60,walk=1
Field Read,context=Main,get_ans
Field Read,context=Main,ans
Field Write,context=Main,ans=1
Field Read,context=Main,get_ans
Method Call,caller=Main#move:60,target=Main#is_same:17
Variable Write,context=Main#is_same:17,p_states=int[][]:2
Variable Write,context=Main#is_same:17,p_sizes=int[]:8
Variable Write,context=Main#is_same:17,states=int[][]:1
Variable Write,context=Main#is_same:17,sizes=int[]:4
Variable Write,context=Main#is_same:17,i=0
Variable Write,context=Main#is_same:17,result=false
Method Exit,returner=Main#is_same:17,value=false
Method Call,caller=Main#move:60,target=Main#translate:116
Variable Write,context=Main#translate:116,states=int[][]:1
Variable Write,context=Main#translate:116,sizes=int[]:4
Variable Write,context=Main#translate:116,from=1
Variable Write,context=Main#translate:116,to=2
Field Write,context=int[]:4,1=0
Variable Write,context=Main#translate:116,sizes=int[]:4
Variable Write,context=Main#translate:116,states=int[][]:1
Field Write,context=int[]:4,2=1
Variable Write,context=Main#translate:116,sizes=int[]:4
Method Exit,returner=Main#translate:116,value=<void>
Variable Write,context=Main#move:60,walk=2
Field Read,context=Main,get_ans
Field Read,context=Main,ans
Field Write,context=Main,ans=2
Variable Write,context=Main#move:60,result=2
Method Exit,returner=Main#move:60,value=2
Variable Write,context=Main#move:59,walk=2
Field Read,context=Main,get_ans
Method Call,caller=Main#move:59,target=Main#is_same:18
Variable Write,context=Main#is_same:18,p_states=int[][]:2
Variable Write,context=Main#is_same:18,p_sizes=int[]:8
Variable Write,context=Main#is_same:18,states=int[][]:1
Variable Write,context=Main#is_same:18,sizes=int[]:4
Variable Write,context=Main#is_same:18,i=0
Variable Write,context=Main#is_same:18,result=false
Method Exit,returner=Main#is_same:18,value=false
Method Call,caller=Main#move:59,target=Main#translate:117
Variable Write,context=Main#translate:117,states=int[][]:1
Variable Write,context=Main#translate:117,sizes=int[]:4
Variable Write,context=Main#translate:117,from=0
Variable Write,context=Main#translate:117,to=1
Field Write,context=int[]:4,0=1
Variable Write,context=Main#translate:117,sizes=int[]:4
Variable Write,context=Main#translate:117,states=int[][]:1
Field Write,context=int[]:4,1=1
Variable Write,context=Main#translate:117,sizes=int[]:4
Method Exit,returner=Main#translate:117,value=<void>
Variable Write,context=Main#move:59,walk=3
Field Read,context=Main,get_ans
Field Read,context=Main,ans
Field Write,context=Main,ans=3
Method Call,caller=Main#move:59,target=Main#move:61
Variable Write,context=Main#move:61,p_sizes=int[]:8
Variable Write,context=Main#move:61,from=2
Variable Write,context=Main#move:61,use=1
Variable Write,context=Main#move:61,depth=3
Variable Write,context=Main#move:61,n=3
Variable Write,context=Main#move:61,sizes=int[]:4
Variable Write,context=Main#move:61,p_states=int[][]:2
Variable Write,context=Main#move:61,to=0
Variable Write,context=Main#move:61,states=int[][]:1
Variable Write,context=Main#move:61,walk=0
Field Read,context=Main,get_ans
Method Call,caller=Main#move:61,target=Main#is_same:19
Variable Write,context=Main#is_same:19,p_states=int[][]:2
Variable Write,context=Main#is_same:19,p_sizes=int[]:8
Variable Write,context=Main#is_same:19,states=int[][]:1
Variable Write,context=Main#is_same:19,sizes=int[]:4
Variable Write,context=Main#is_same:19,i=0
Variable Write,context=Main#is_same:19,result=false
Method Exit,returner=Main#is_same:19,value=false
Method Call,caller=Main#move:61,target=Main#translate:118
Variable Write,context=Main#translate:118,states=int[][]:1
Variable Write,context=Main#translate:118,sizes=int[]:4
Variable Write,context=Main#translate:118,from=2
Variable Write,context=Main#translate:118,to=1
Field Write,context=int[]:4,2=0
Variable Write,context=Main#translate:118,sizes=int[]:4
Variable Write,context=Main#translate:118,states=int[][]:1
Field Write,context=int[]:4,1=2
Variable Write,context=Main#translate:118,sizes=int[]:4
Method Exit,returner=Main#translate:118,value=<void>
Variable Write,context=Main#move:61,walk=1
Field Read,context=Main,get_ans
Field Read,context=Main,ans
Field Write,context=Main,ans=4
Field Read,context=Main,get_ans
Method Call,caller=Main#move:61,target=Main#is_same:20
Variable Write,context=Main#is_same:20,p_states=int[][]:2
Variable Write,context=Main#is_same:20,p_sizes=int[]:8
Variable Write,context=Main#is_same:20,states=int[][]:1
Variable Write,context=Main#is_same:20,sizes=int[]:4
Variable Write,context=Main#is_same:20,i=0
Variable Write,context=Main#is_same:20,result=false
Method Exit,returner=Main#is_same:20,value=false
Method Call,caller=Main#move:61,target=Main#translate:119
Variable Write,context=Main#translate:119,states=int[][]:1
Variable Write,context=Main#translate:119,sizes=int[]:4
Variable Write,context=Main#translate:119,from=1
Variable Write,context=Main#translate:119,to=0
Field Write,context=int[]:4,1=1
Variable Write,context=Main#translate:119,sizes=int[]:4
Variable Write,context=Main#translate:119,states=int[][]:1
Field Write,context=int[]:4,0=2
Variable Write,context=Main#translate:119,sizes=int[]:4
Method Exit,returner=Main#translate:119,value=<void>
Variable Write,context=Main#move:61,walk=2
Field Read,context=Main,get_ans
Field Read,context=Main,ans
Field Write,context=Main,ans=5
Variable Write,context=Main#move:61,result=2
Method Exit,returner=Main#move:61,value=2
Variable Write,context=Main#move:59,walk=5
Field Read,context=Main,get_ans
Method Call,caller=Main#move:59,target=Main#is_same:21
Variable Write,context=Main#is_same:21,p_states=int[][]:2
Variable Write,context=Main#is_same:21,p_sizes=int[]:8
Variable Write,context=Main#is_same:21,states=int[][]:1
Variable Write,context=Main#is_same:21,sizes=int[]:4
Variable Write,context=Main#is_same:21,i=0
Variable Write,context=Main#is_same:21,result=false
Method Exit,returner=Main#is_same:21,value=false
Method Call,caller=Main#move:59,target=Main#translate:120
Variable Write,context=Main#translate:120,states=int[][]:1
Variable Write,context=Main#translate:120,sizes=int[]:4
Variable Write,context=Main#translate:120,from=1
Variable Write,context=Main#translate:120,to=2
Field Write,context=int[]:4,1=0
Variable Write,context=Main#translate:120,sizes=int[]:4
Variable Write,context=Main#translate:120,states=int[][]:1
Field Write,context=int[]:4,2=1
Variable Write,context=Main#translate:120,sizes=int[]:4
Method Exit,returner=Main#translate:120,value=<void>
Variable Write,context=Main#move:59,walk=6
Field Read,context=Main,get_ans
Field Read,context=Main,ans
Field Write,context=Main,ans=6
Method Call,caller=Main#move:59,target=Main#move:62
Variable Write,context=Main#move:62,p_sizes=int[]:8
Variable Write,context=Main#move:62,from=0
Variable Write,context=Main#move:62,use=1
Variable Write,context=Main#move:62,depth=3
Variable Write,context=Main#move:62,n=3
Variable Write,context=Main#move:62,sizes=int[]:4
Variable Write,context=Main#move:62,p_states=int[][]:2
Variable Write,context=Main#move:62,to=2
Variable Write,context=Main#move:62,states=int[][]:1
Variable Write,context=Main#move:62,walk=0
Field Read,context=Main,get_ans
Method Call,caller=Main#move:62,target=Main#is_same:22
Variable Write,context=Main#is_same:22,p_states=int[][]:2
Variable Write,context=Main#is_same:22,p_sizes=int[]:8
Variable Write,context=Main#is_same:22,states=int[][]:1
Variable Write,context=Main#is_same:22,sizes=int[]:4
Variable Write,context=Main#is_same:22,i=0
Variable Write,context=Main#is_same:22,result=false
Method Exit,returner=Main#is_same:22,value=false
Method Call,caller=Main#move:62,target=Main#translate:121
Variable Write,context=Main#translate:121,states=int[][]:1
Variable Write,context=Main#translate:121,sizes=int[]:4
Variable Write,context=Main#translate:121,from=0
Variable Write,context=Main#translate:121,to=1
Field Write,context=int[]:4,0=1
Variable Write,context=Main#translate:121,sizes=int[]:4
Variable Write,context=Main#translate:121,states=int[][]:1
Field Write,context=int[]:4,1=1
Variable Write,context=Main#translate:121,sizes=int[]:4
Method Exit,returner=Main#translate:121,value=<void>
Variable Write,context=Main#move:62,walk=1
Field Read,context=Main,get_ans
Field Read,context=Main,ans
Field Write,context=Main,ans=7
Field Read,context=Main,get_ans
Method Call,caller=Main#move:62,target=Main#is_same:23
Variable Write,context=Main#is_same:23,p_states=int[][]:2
Variable Write,context=Main#is_same:23,p_sizes=int[]:8
Variable Write,context=Main#is_same:23,states=int[][]:1
Variable Write,context=Main#is_same:23,sizes=int[]:4
Variable Write,context=Main#is_same:23,i=0
Variable Write,context=Main#is_same:23,result=false
Method Exit,returner=Main#is_same:23,value=false
Method Call,caller=Main#move:62,target=Main#translate:122
Variable Write,context=Main#translate:122,states=int[][]:1
Variable Write,context=Main#translate:122,sizes=int[]:4
Variable Write,context=Main#translate:122,from=1
Variable Write,context=Main#translate:122,to=2
Field Write,context=int[]:4,1=0
Variable Write,context=Main#translate:122,sizes=int[]:4
Variable Write,context=Main#translate:122,states=int[][]:1
Field Write,context=int[]:4,2=2
Variable Write,context=Main#translate:122,sizes=int[]:4
Method Exit,returner=Main#translate:122,value=<void>
Variable Write,context=Main#move:62,walk=2
Field Read,context=Main,get_ans
Field Read,context=Main,ans
Field Write,context=Main,ans=8
Variable Write,context=Main#move:62,result=2
Method Exit,returner=Main#move:62,value=2
Variable Write,context=Main#move:59,walk=8
Variable Write,context=Main#move:59,result=8
Method Exit,returner=Main#move:59,value=8
Variable Write,context=Main#move:58,walk=8
Field Read,context=Main,get_ans
Method Call,caller=Main#move:58,target=Main#is_same:24
Variable Write,context=Main#is_same:24,p_states=int[][]:2
Variable Write,context=Main#is_same:24,p_sizes=int[]:8
Variable Write,context=Main#is_same:24,states=int[][]:1
Variable Write,context=Main#is_same:24,sizes=int[]:4
Variable Write,context=Main#is_same:24,i=0
Variable Write,context=Main#is_same:24,result=false
Method Exit,returner=Main#is_same:24,value=false
Method Call,caller=Main#move:58,target=Main#translate:123
Variable Write,context=Main#translate:123,states=int[][]:1
Variable Write,context=Main#translate:123,sizes=int[]:4
Variable Write,context=Main#translate:123,from=0
Variable Write,context=Main#translate:123,to=1
Field Write,context=int[]:4,0=0
Variable Write,context=Main#translate:123,sizes=int[]:4
Variable Write,context=Main#translate:123,states=int[][]:1
Field Write,context=int[]:4,1=1
Variable Write,context=Main#translate:123,sizes=int[]:4
Method Exit,returner=Main#translate:123,value=<void>
Variable Write,context=Main#move:58,walk=9
Field Read,context=Main,get_ans
Field Read,context=Main,ans
Field Write,context=Main,ans=9
Method Call,caller=Main#move:58,target=Main#move:63
Variable Write,context=Main#move:63,p_sizes=int[]:8
Variable Write,context=Main#move:63,from=2
Variable Write,context=Main#move:63,use=1
Variable Write,context=Main#move:63,depth=2
Variable Write,context=Main#move:63,n=3
Variable Write,context=Main#move:63,sizes=int[]:4
Variable Write,context=Main#move:63,p_states=int[][]:2
Variable Write,context=Main#move:63,to=0
Variable Write,context=Main#move:63,states=int[][]:1
Variable Write,context=Main#move:63,walk=0
Method Call,caller=Main#move:63,target=Main#move:64
Variable Write,context=Main#move:64,p_sizes=int[]:8
Variable Write,context=Main#move:64,from=2
Variable Write,context=Main#move:64,use=1
Variable Write,context=Main#move:64,depth=3
Variable Write,context=Main#move:64,n=3
Variable Write,context=Main#move:64,sizes=int[]:4
Variable Write,context=Main#move:64,p_states=int[][]:2
Variable Write,context=Main#move:64,to=0
Variable Write,context=Main#move:64,states=int[][]:1
Variable Write,context=Main#move:64,walk=0
Field Read,context=Main,get_ans
Method Call,caller=Main#move:64,target=Main#is_same:25
Variable Write,context=Main#is_same:25,p_states=int[][]:2
Variable Write,context=Main#is_same:25,p_sizes=int[]:8
Variable Write,context=Main#is_same:25,states=int[][]:1
Variable Write,context=Main#is_same:25,sizes=int[]:4
Variable Write,context=Main#is_same:25,i=0
Variable Write,context=Main#is_same:25,i=1
Variable Write,context=Main#is_same:25,j=0
Variable Write,context=Main#is_same:25,i=2
Variable Delete,method=Main#is_same:25 <name=j,type=int (id=7),value=<?>,index=5>
Variable Write,context=Main#is_same:25,j=0
Variable Write,context=Main#is_same:25,j=1
Variable Delete,method=Main#is_same:25 <name=j,type=int (id=7),value=<?>,index=5>
Variable Write,context=Main#is_same:25,result=true
Method Exit,returner=Main#is_same:25,value=true
Field Write,context=Main,get_ans=true
Method Call,caller=Main#move:64,target=Main#translate:124
Variable Write,context=Main#translate:124,states=int[][]:1
Variable Write,context=Main#translate:124,sizes=int[]:4
Variable Write,context=Main#translate:124,from=2
Variable Write,context=Main#translate:124,to=1
Field Write,context=int[]:4,2=1
Variable Write,context=Main#translate:124,sizes=int[]:4
Variable Write,context=Main#translate:124,states=int[][]:1
Field Write,context=int[]:4,1=2
Variable Write,context=Main#translate:124,sizes=int[]:4
Method Exit,returner=Main#translate:124,value=<void>
Variable Write,context=Main#move:64,walk=1
Field Read,context=Main,get_ans
Field Read,context=Main,get_ans
Method Call,caller=Main#move:64,target=Main#translate:125
Variable Write,context=Main#translate:125,states=int[][]:1
Variable Write,context=Main#translate:125,sizes=int[]:4
Variable Write,context=Main#translate:125,from=1
Variable Write,context=Main#translate:125,to=0
Field Write,context=int[]:4,1=1
Variable Write,context=Main#translate:125,sizes=int[]:4
Variable Write,context=Main#translate:125,states=int[][]:1
Field Write,context=int[]:4,0=1
Variable Write,context=Main#translate:125,sizes=int[]:4
Method Exit,returner=Main#translate:125,value=<void>
Variable Write,context=Main#move:64,walk=2
Field Read,context=Main,get_ans
Variable Write,context=Main#move:64,result=2
Method Exit,returner=Main#move:64,value=2
Variable Write,context=Main#move:63,walk=2
Field Read,context=Main,get_ans
Method Call,caller=Main#move:63,target=Main#translate:126
Variable Write,context=Main#translate:126,states=int[][]:1
Variable Write,context=Main#translate:126,sizes=int[]:4
Variable Write,context=Main#translate:126,from=2
Variable Write,context=Main#translate:126,to=1
Field Write,context=int[]:4,2=0
Variable Write,context=Main#translate:126,sizes=int[]:4
Variable Write,context=Main#translate:126,states=int[][]:1
Field Write,context=int[]:4,1=2
Variable Write,context=Main#translate:126,sizes=int[]:4
Method Exit,returner=Main#translate:126,value=<void>
Variable Write,context=Main#move:63,walk=3
Field Read,context=Main,get_ans
Method Call,caller=Main#move:63,target=Main#move:65
Variable Write,context=Main#move:65,p_sizes=int[]:8
Variable Write,context=Main#move:65,from=0
Variable Write,context=Main#move:65,use=1
Variable Write,context=Main#move:65,depth=3
Variable Write,context=Main#move:65,n=3
Variable Write,context=Main#move:65,sizes=int[]:4
Variable Write,context=Main#move:65,p_states=int[][]:2
Variable Write,context=Main#move:65,to=2
Variable Write,context=Main#move:65,states=int[][]:1
Variable Write,context=Main#move:65,walk=0
Field Read,context=Main,get_ans
Method Call,caller=Main#move:65,target=Main#translate:127
Variable Write,context=Main#translate:127,states=int[][]:1
Variable Write,context=Main#translate:127,sizes=int[]:4
Variable Write,context=Main#translate:127,from=0
Variable Write,context=Main#translate:127,to=1
Field Write,context=int[]:4,0=0
Variable Write,context=Main#translate:127,sizes=int[]:4
Variable Write,context=Main#translate:127,states=int[][]:1
Field Write,context=int[]:4,1=3
Variable Write,context=Main#translate:127,sizes=int[]:4
Method Exit,returner=Main#translate:127,value=<void>
Variable Write,context=Main#move:65,walk=1
Field Read,context=Main,get_ans
Field Read,context=Main,get_ans
Method Call,caller=Main#move:65,target=Main#translate:128
Variable Write,context=Main#translate:128,states=int[][]:1
Variable Write,context=Main#translate:128,sizes=int[]:4
Variable Write,context=Main#translate:128,from=1
Variable Write,context=Main#translate:128,to=2
Field Write,context=int[]:4,1=2
Variable Write,context=Main#translate:128,sizes=int[]:4
Variable Write,context=Main#translate:128,states=int[][]:1
Field Write,context=int[]:4,2=1
Variable Write,context=Main#translate:128,sizes=int[]:4
Method Exit,returner=Main#translate:128,value=<void>
Variable Write,context=Main#move:65,walk=2
Field Read,context=Main,get_ans
Variable Write,context=Main#move:65,result=2
Method Exit,returner=Main#move:65,value=2
Variable Write,context=Main#move:63,walk=5
Field Read,context=Main,get_ans
Method Call,caller=Main#move:63,target=Main#translate:129
Variable Write,context=Main#translate:129,states=int[][]:1
Variable Write,context=Main#translate:129,sizes=int[]:4
Variable Write,context=Main#translate:129,from=1
Variable Write,context=Main#translate:129,to=0
Field Write,context=int[]:4,1=1
Variable Write,context=Main#translate:129,sizes=int[]:4
Variable Write,context=Main#translate:129,states=int[][]:1
Field Write,context=int[]:4,0=1
Variable Write,context=Main#translate:129,sizes=int[]:4
Method Exit,returner=Main#translate:129,value=<void>
Variable Write,context=Main#move:63,walk=6
Field Read,context=Main,get_ans
Method Call,caller=Main#move:63,target=Main#move:66
Variable Write,context=Main#move:66,p_sizes=int[]:8
Variable Write,context=Main#move:66,from=2
Variable Write,context=Main#move:66,use=1
Variable Write,context=Main#move:66,depth=3
Variable Write,context=Main#move:66,n=3
Variable Write,context=Main#move:66,sizes=int[]:4
Variable Write,context=Main#move:66,p_states=int[][]:2
Variable Write,context=Main#move:66,to=0
Variable Write,context=Main#move:66,states=int[][]:1
Variable Write,context=Main#move:66,walk=0
Field Read,context=Main,get_ans
Method Call,caller=Main#move:66,target=Main#translate:130
Variable Write,context=Main#translate:130,states=int[][]:1
Variable Write,context=Main#translate:130,sizes=int[]:4
Variable Write,context=Main#translate:130,from=2
Variable Write,context=Main#translate:130,to=1
Field Write,context=int[]:4,2=0
Variable Write,context=Main#translate:130,sizes=int[]:4
Variable Write,context=Main#translate:130,states=int[][]:1
Field Write,context=int[]:4,1=2
Variable Write,context=Main#translate:130,sizes=int[]:4
Method Exit,returner=Main#translate:130,value=<void>
Variable Write,context=Main#move:66,walk=1
Field Read,context=Main,get_ans
Field Read,context=Main,get_ans
Method Call,caller=Main#move:66,target=Main#translate:131
Variable Write,context=Main#translate:131,states=int[][]:1
Variable Write,context=Main#translate:131,sizes=int[]:4
Variable Write,context=Main#translate:131,from=1
Variable Write,context=Main#translate:131,to=0
Field Write,context=int[]:4,1=1
Variable Write,context=Main#translate:131,sizes=int[]:4
Variable Write,context=Main#translate:131,states=int[][]:1
Field Write,context=int[]:4,0=2
Variable Write,context=Main#translate:131,sizes=int[]:4
Method Exit,returner=Main#translate:131,value=<void>
Variable Write,context=Main#move:66,walk=2
Field Read,context=Main,get_ans
Variable Write,context=Main#move:66,result=2
Method Exit,returner=Main#move:66,value=2
Variable Write,context=Main#move:63,walk=8
Variable Write,context=Main#move:63,result=8
Method Exit,returner=Main#move:63,value=8
Variable Write,context=Main#move:58,walk=17
Field Read,context=Main,get_ans
Method Call,caller=Main#move:58,target=Main#translate:132
Variable Write,context=Main#translate:132,states=int[][]:1
Variable Write,context=Main#translate:132,sizes=int[]:4
Variable Write,context=Main#translate:132,from=1
Variable Write,context=Main#translate:132,to=2
Field Write,context=int[]:4,1=0
Variable Write,context=Main#translate:132,sizes=int[]:4
Variable Write,context=Main#translate:132,states=int[][]:1
Field Write,context=int[]:4,2=1
Variable Write,context=Main#translate:132,sizes=int[]:4
Method Exit,returner=Main#translate:132,value=<void>
Variable Write,context=Main#move:58,walk=18
Field Read,context=Main,get_ans
Method Call,caller=Main#move:58,target=Main#move:67
Variable Write,context=Main#move:67,p_sizes=int[]:8
Variable Write,context=Main#move:67,from=0
Variable Write,context=Main#move:67,use=1
Variable Write,context=Main#move:67,depth=2
Variable Write,context=Main#move:67,n=3
Variable Write,context=Main#move:67,sizes=int[]:4
Variable Write,context=Main#move:67,p_states=int[][]:2
Variable Write,context=Main#move:67,to=2
Variable Write,context=Main#move:67,states=int[][]:1
Variable Write,context=Main#move:67,walk=0
Method Call,caller=Main#move:67,target=Main#move:68
Variable Write,context=Main#move:68,p_sizes=int[]:8
Variable Write,context=Main#move:68,from=0
Variable Write,context=Main#move:68,use=1
Variable Write,context=Main#move:68,depth=3
Variable Write,context=Main#move:68,n=3
Variable Write,context=Main#move:68,sizes=int[]:4
Variable Write,context=Main#move:68,p_states=int[][]:2
Variable Write,context=Main#move:68,to=2
Variable Write,context=Main#move:68,states=int[][]:1
Variable Write,context=Main#move:68,walk=0
Field Read,context=Main,get_ans
Method Call,caller=Main#move:68,target=Main#translate:133
Variable Write,context=Main#translate:133,states=int[][]:1
Variable Write,context=Main#translate:133,sizes=int[]:4
Variable Write,context=Main#translate:133,from=0
Variable Write,context=Main#translate:133,to=1
Field Write,context=int[]:4,0=1
Variable Write,context=Main#translate:133,sizes=int[]:4
Variable Write,context=Main#translate:133,states=int[][]:1
Field Write,context=int[]:4,1=1
Variable Write,context=Main#translate:133,sizes=int[]:4
Method Exit,returner=Main#translate:133,value=<void>
Variable Write,context=Main#move:68,walk=1
Field Read,context=Main,get_ans
Field Read,context=Main,get_ans
Method Call,caller=Main#move:68,target=Main#translate:134
Variable Write,context=Main#translate:134,states=int[][]:1
Variable Write,context=Main#translate:134,sizes=int[]:4
Variable Write,context=Main#translate:134,from=1
Variable Write,context=Main#translate:134,to=2
Field Write,context=int[]:4,1=0
Variable Write,context=Main#translate:134,sizes=int[]:4
Variable Write,context=Main#translate:134,states=int[][]:1
Field Write,context=int[]:4,2=2
Variable Write,context=Main#translate:134,sizes=int[]:4
Method Exit,returner=Main#translate:134,value=<void>
Variable Write,context=Main#move:68,walk=2
Field Read,context=Main,get_ans
Variable Write,context=Main#move:68,result=2
Method Exit,returner=Main#move:68,value=2
Variable Write,context=Main#move:67,walk=2
Field Read,context=Main,get_ans
Method Call,caller=Main#move:67,target=Main#translate:135
Variable Write,context=Main#translate:135,states=int[][]:1
Variable Write,context=Main#translate:135,sizes=int[]:4
Variable Write,context=Main#translate:135,from=0
Variable Write,context=Main#translate:135,to=1
Field Write,context=int[]:4,0=0
Variable Write,context=Main#translate:135,sizes=int[]:4
Variable Write,context=Main#translate:135,states=int[][]:1
Field Write,context=int[]:4,1=1
Variable Write,context=Main#translate:135,sizes=int[]:4
Method Exit,returner=Main#translate:135,value=<void>
Variable Write,context=Main#move:67,walk=3
Field Read,context=Main,get_ans
Method Call,caller=Main#move:67,target=Main#move:69
Variable Write,context=Main#move:69,p_sizes=int[]:8
Variable Write,context=Main#move:69,from=2
Variable Write,context=Main#move:69,use=1
Variable Write,context=Main#move:69,depth=3
Variable Write,context=Main#move:69,n=3
Variable Write,context=Main#move:69,sizes=int[]:4
Variable Write,context=Main#move:69,p_states=int[][]:2
Variable Write,context=Main#move:69,to=0
Variable Write,context=Main#move:69,states=int[][]:1
Variable Write,context=Main#move:69,walk=0
Field Read,context=Main,get_ans
Method Call,caller=Main#move:69,target=Main#translate:136
Variable Write,context=Main#translate:136,states=int[][]:1
Variable Write,context=Main#translate:136,sizes=int[]:4
Variable Write,context=Main#translate:136,from=2
Variable Write,context=Main#translate:136,to=1
Field Write,context=int[]:4,2=1
Variable Write,context=Main#translate:136,sizes=int[]:4
Variable Write,context=Main#translate:136,states=int[][]:1
Field Write,context=int[]:4,1=2
Variable Write,context=Main#translate:136,sizes=int[]:4
Method Exit,returner=Main#translate:136,value=<void>
Variable Write,context=Main#move:69,walk=1
Field Read,context=Main,get_ans
Field Read,context=Main,get_ans
Method Call,caller=Main#move:69,target=Main#translate:137
Variable Write,context=Main#translate:137,states=int[][]:1
Variable Write,context=Main#translate:137,sizes=int[]:4
Variable Write,context=Main#translate:137,from=1
Variable Write,context=Main#translate:137,to=0
Field Write,context=int[]:4,1=1
Variable Write,context=Main#translate:137,sizes=int[]:4
Variable Write,context=Main#translate:137,states=int[][]:1
Field Write,context=int[]:4,0=1
Variable Write,context=Main#translate:137,sizes=int[]:4
Method Exit,returner=Main#translate:137,value=<void>
Variable Write,context=Main#move:69,walk=2
Field Read,context=Main,get_ans
Variable Write,context=Main#move:69,result=2
Method Exit,returner=Main#move:69,value=2
Variable Write,context=Main#move:67,walk=5
Field Read,context=Main,get_ans
Method Call,caller=Main#move:67,target=Main#translate:138
Variable Write,context=Main#translate:138,states=int[][]:1
Variable Write,context=Main#translate:138,sizes=int[]:4
Variable Write,context=Main#translate:138,from=1
Variable Write,context=Main#translate:138,to=2
Field Write,context=int[]:4,1=0
Variable Write,context=Main#translate:138,sizes=int[]:4
Variable Write,context=Main#translate:138,states=int[][]:1
Field Write,context=int[]:4,2=2
Variable Write,context=Main#translate:138,sizes=int[]:4
Method Exit,returner=Main#translate:138,value=<void>
Variable Write,context=Main#move:67,walk=6
Field Read,context=Main,get_ans
Method Call,caller=Main#move:67,target=Main#move:70
Variable Write,context=Main#move:70,p_sizes=int[]:8
Variable Write,context=Main#move:70,from=0
Variable Write,context=Main#move:70,use=1
Variable Write,context=Main#move:70,depth=3
Variable Write,context=Main#move:70,n=3
Variable Write,context=Main#move:70,sizes=int[]:4
Variable Write,context=Main#move:70,p_states=int[][]:2
Variable Write,context=Main#move:70,to=2
Variable Write,context=Main#move:70,states=int[][]:1
Variable Write,context=Main#move:70,walk=0
Field Read,context=Main,get_ans
Method Call,caller=Main#move:70,target=Main#translate:139
Variable Write,context=Main#translate:139,states=int[][]:1
Variable Write,context=Main#translate:139,sizes=int[]:4
Variable Write,context=Main#translate:139,from=0
Variable Write,context=Main#translate:139,to=1
Field Write,context=int[]:4,0=0
Variable Write,context=Main#translate:139,sizes=int[]:4
Variable Write,context=Main#translate:139,states=int[][]:1
Field Write,context=int[]:4,1=1
Variable Write,context=Main#translate:139,sizes=int[]:4
Method Exit,returner=Main#translate:139,value=<void>
Variable Write,context=Main#move:70,walk=1
Field Read,context=Main,get_ans
Field Read,context=Main,get_ans
Method Call,caller=Main#move:70,target=Main#translate:140
Variable Write,context=Main#translate:140,states=int[][]:1
Variable Write,context=Main#translate:140,sizes=int[]:4
Variable Write,context=Main#translate:140,from=1
Variable Write,context=Main#translate:140,to=2
Field Write,context=int[]:4,1=0
Variable Write,context=Main#translate:140,sizes=int[]:4
Variable Write,context=Main#translate:140,states=int[][]:1
Field Write,context=int[]:4,2=3
Variable Write,context=Main#translate:140,sizes=int[]:4
Method Exit,returner=Main#translate:140,value=<void>
Variable Write,context=Main#move:70,walk=2
Field Read,context=Main,get_ans
Variable Write,context=Main#move:70,result=2
Method Exit,returner=Main#move:70,value=2
Variable Write,context=Main#move:67,walk=8
Variable Write,context=Main#move:67,result=8
Method Exit,returner=Main#move:67,value=8
Variable Write,context=Main#move:58,walk=26
Variable Write,context=Main#move:58,result=26
Method Exit,returner=Main#move:58,value=26
Variable Delete,method=Main#main:1 <name=i,type=int (id=7),value=<?>,index=10>
Variable Write,context=Main#main:1,max=26
Field Read,context=Main,ans
Field Read,context=Main,ans
Variable Write,context=Main#main:1,answer=9
Variable Delete,method=Main#main:1 <name=n,type=int (id=7),value=0,index=6>
Variable Delete,method=Main#main:1 <name=m,type=int (id=7),value=0,index=7>
Variable Delete,method=Main#main:1 <name=max,type=int (id=7),value=<?>,index=11>
Variable Delete,method=Main#main:1 <name=answer,type=int (id=7),value=<?>,index=12>
Variable Write,context=Main#main:1,n=0
Variable Write,context=Main#main:1,m=0
Method Exit,returner=Main#main:1,value=<void>
Thread End,
