Thread Start,main (1)
Method Call,caller=SYSTEM,target=Main#main:1
New Object,object=java.lang.String[]:1
Variable Write,context=Main#main:1,args=java.lang.String[]:1
Variable Write,context=Main#main:1,threadMXBean=sun.management.ThreadImpl (id=342)
Variable Write,context=Main#main:1,startCpuTime=265625000
Variable Write,context=Main#main:1,scan=java.util.Scanner (id=365)
Field Write,context=Main,H=5
Field Write,context=Main,W=5
Field Write,context=Main,L=3
Field Write,context=Main,P=2
Field Read,context=Main,W
Field Read,context=Main,H
New Object,object=short[][]:1
New Object,object=short[]:1
Field Write,context=short[]:1,0=0
Field Write,context=short[]:1,1=0
Field Write,context=short[]:1,2=0
Field Write,context=short[]:1,3=0
Field Write,context=short[]:1,4=0
Field Write,context=short[][]:1,0=short[]:1
New Object,object=short[]:2
Field Write,context=short[]:2,0=0
Field Write,context=short[]:2,1=0
Field Write,context=short[]:2,2=0
Field Write,context=short[]:2,3=0
Field Write,context=short[]:2,4=0
Field Write,context=short[][]:1,1=short[]:2
New Object,object=short[]:3
Field Write,context=short[]:3,0=0
Field Write,context=short[]:3,1=0
Field Write,context=short[]:3,2=0
Field Write,context=short[]:3,3=0
Field Write,context=short[]:3,4=0
Field Write,context=short[][]:1,2=short[]:3
New Object,object=short[]:4
Field Write,context=short[]:4,0=0
Field Write,context=short[]:4,1=0
Field Write,context=short[]:4,2=0
Field Write,context=short[]:4,3=0
Field Write,context=short[]:4,4=0
Field Write,context=short[][]:1,3=short[]:4
New Object,object=short[]:5
Field Write,context=short[]:5,0=0
Field Write,context=short[]:5,1=0
Field Write,context=short[]:5,2=0
Field Write,context=short[]:5,3=0
Field Write,context=short[]:5,4=0
Field Write,context=short[][]:1,4=short[]:5
Field Write,context=Main,leftupper=short[][]:1
Field Read,context=Main,W
Field Read,context=Main,H
New Object,object=short[][]:2
New Object,object=short[]:6
Field Write,context=short[]:6,0=0
Field Write,context=short[]:6,1=0
Field Write,context=short[]:6,2=0
Field Write,context=short[]:6,3=0
Field Write,context=short[]:6,4=0
Field Write,context=short[][]:2,0=short[]:6
New Object,object=short[]:7
Field Write,context=short[]:7,0=0
Field Write,context=short[]:7,1=0
Field Write,context=short[]:7,2=0
Field Write,context=short[]:7,3=0
Field Write,context=short[]:7,4=0
Field Write,context=short[][]:2,1=short[]:7
New Object,object=short[]:8
Field Write,context=short[]:8,0=0
Field Write,context=short[]:8,1=0
Field Write,context=short[]:8,2=0
Field Write,context=short[]:8,3=0
Field Write,context=short[]:8,4=0
Field Write,context=short[][]:2,2=short[]:8
New Object,object=short[]:9
Field Write,context=short[]:9,0=0
Field Write,context=short[]:9,1=0
Field Write,context=short[]:9,2=0
Field Write,context=short[]:9,3=0
Field Write,context=short[]:9,4=0
Field Write,context=short[][]:2,3=short[]:9
New Object,object=short[]:10
Field Write,context=short[]:10,0=0
Field Write,context=short[]:10,1=0
Field Write,context=short[]:10,2=0
Field Write,context=short[]:10,3=0
Field Write,context=short[]:10,4=0
Field Write,context=short[][]:2,4=short[]:10
Field Write,context=Main,rightlower=short[][]:2
Field Read,context=Main,W
Field Read,context=Main,H
New Object,object=short[]:11
Field Write,context=short[]:11,0=0
Field Write,context=short[]:11,1=0
Field Write,context=short[]:11,2=0
Field Write,context=short[]:11,3=0
Field Write,context=short[]:11,4=0
Field Write,context=Main,fnl=short[]:11
Field Read,context=Main,W
Field Read,context=Main,H
New Object,object=short[]:12
Field Write,context=short[]:12,0=0
Field Write,context=short[]:12,1=0
Field Write,context=short[]:12,2=0
Field Write,context=short[]:12,3=0
Field Write,context=short[]:12,4=0
Field Write,context=Main,fnr=short[]:12
Field Read,context=Main,W
Variable Write,context=Main#main:1,x=0
Field Read,context=Main,H
Variable Write,context=Main#main:1,y=0
Field Read,context=Main,leftupper
Field Read,context=Main,rightlower
Field Read,context=Main,H
Variable Write,context=Main#main:1,y=1
Field Read,context=Main,leftupper
Field Read,context=Main,rightlower
Field Read,context=Main,H
Variable Write,context=Main#main:1,y=2
Field Read,context=Main,leftupper
Field Read,context=Main,rightlower
Field Read,context=Main,H
Variable Write,context=Main#main:1,y=3
Field Read,context=Main,leftupper
Field Read,context=Main,rightlower
Field Read,context=Main,H
Variable Write,context=Main#main:1,y=4
Field Read,context=Main,leftupper
Field Read,context=Main,rightlower
Field Read,context=Main,H
Field Read,context=Main,W
Variable Write,context=Main#main:1,x=1
Variable Delete,method=Main#main:1 <name=y,type=int (id=7),value=<?>,index=5>
Field Read,context=Main,H
Variable Write,context=Main#main:1,y=0
Field Read,context=Main,leftupper
Field Read,context=Main,rightlower
Field Read,context=Main,H
Variable Write,context=Main#main:1,y=1
Field Read,context=Main,leftupper
Field Read,context=Main,rightlower
Field Read,context=Main,H
Variable Write,context=Main#main:1,y=2
Field Read,context=Main,leftupper
Field Read,context=Main,rightlower
Field Read,context=Main,H
Variable Write,context=Main#main:1,y=3
Field Read,context=Main,leftupper
Field Read,context=Main,rightlower
Field Read,context=Main,H
Variable Write,context=Main#main:1,y=4
Field Read,context=Main,leftupper
Field Read,context=Main,rightlower
Field Read,context=Main,H
Field Read,context=Main,W
Variable Write,context=Main#main:1,x=2
Variable Delete,method=Main#main:1 <name=y,type=int (id=7),value=<?>,index=5>
Field Read,context=Main,H
Variable Write,context=Main#main:1,y=0
Field Read,context=Main,leftupper
Field Read,context=Main,rightlower
Field Read,context=Main,H
Variable Write,context=Main#main:1,y=1
Field Read,context=Main,leftupper
Field Read,context=Main,rightlower
Field Read,context=Main,H
Variable Write,context=Main#main:1,y=2
Field Read,context=Main,leftupper
Field Read,context=Main,rightlower
Field Read,context=Main,H
Variable Write,context=Main#main:1,y=3
Field Read,context=Main,leftupper
Field Read,context=Main,rightlower
Field Read,context=Main,H
Variable Write,context=Main#main:1,y=4
Field Read,context=Main,leftupper
Field Read,context=Main,rightlower
Field Read,context=Main,H
Field Read,context=Main,W
Variable Write,context=Main#main:1,x=3
Variable Delete,method=Main#main:1 <name=y,type=int (id=7),value=<?>,index=5>
Field Read,context=Main,H
Variable Write,context=Main#main:1,y=0
Field Read,context=Main,leftupper
Field Read,context=Main,rightlower
Field Read,context=Main,H
Variable Write,context=Main#main:1,y=1
Field Read,context=Main,leftupper
Field Read,context=Main,rightlower
Field Read,context=Main,H
Variable Write,context=Main#main:1,y=2
Field Read,context=Main,leftupper
Field Read,context=Main,rightlower
Field Read,context=Main,H
Variable Write,context=Main#main:1,y=3
Field Read,context=Main,leftupper
Field Read,context=Main,rightlower
Field Read,context=Main,H
Variable Write,context=Main#main:1,y=4
Field Read,context=Main,leftupper
Field Read,context=Main,rightlower
Field Read,context=Main,H
Field Read,context=Main,W
Variable Write,context=Main#main:1,x=4
Variable Delete,method=Main#main:1 <name=y,type=int (id=7),value=<?>,index=5>
Field Read,context=Main,H
Variable Write,context=Main#main:1,y=0
Field Read,context=Main,leftupper
Field Read,context=Main,rightlower
Field Read,context=Main,H
Variable Write,context=Main#main:1,y=1
Field Read,context=Main,leftupper
Field Read,context=Main,rightlower
Field Read,context=Main,H
Variable Write,context=Main#main:1,y=2
Field Read,context=Main,leftupper
Field Read,context=Main,rightlower
Field Read,context=Main,H
Variable Write,context=Main#main:1,y=3
Field Read,context=Main,leftupper
Field Read,context=Main,rightlower
Field Read,context=Main,H
Variable Write,context=Main#main:1,y=4
Field Read,context=Main,leftupper
Field Read,context=Main,rightlower
Field Read,context=Main,H
Field Read,context=Main,W
Variable Delete,method=Main#main:1 <name=y,type=int (id=7),value=<?>,index=5>
Field Read,context=Main,P
Variable Delete,method=Main#main:1 <name=x,type=int (id=7),value=<?>,index=4>
Variable Write,context=Main#main:1,i=0
Variable Write,context=Main#main:1,y=1
Variable Write,context=Main#main:1,x=1
Field Read,context=Main,leftupper
Field Read,context=Main,rightlower
Field Read,context=Main,P
Variable Write,context=Main#main:1,i=1
Variable Delete,method=Main#main:1 <name=y,type=int (id=7),value=<?>,index=7>
Variable Delete,method=Main#main:1 <name=x,type=int (id=7),value=<?>,index=8>
Variable Write,context=Main#main:1,y=3
Variable Write,context=Main#main:1,x=2
Field Read,context=Main,leftupper
Field Read,context=Main,rightlower
Field Read,context=Main,P
Variable Delete,method=Main#main:1 <name=y,type=int (id=7),value=<?>,index=7>
Variable Delete,method=Main#main:1 <name=x,type=int (id=7),value=<?>,index=8>
Field Read,context=Main,H
Variable Delete,method=Main#main:1 <name=i,type=int (id=7),value=<?>,index=6>
Variable Write,context=Main#main:1,y=0
Variable Write,context=Main#main:1,free=0
Field Read,context=Main,W
Variable Write,context=Main#main:1,x=4
Field Read,context=Main,leftupper
Variable Write,context=Main#main:1,free=1
Field Read,context=Main,leftupper
Variable Write,context=Main#main:1,x=3
Field Read,context=Main,leftupper
Variable Write,context=Main#main:1,free=2
Field Read,context=Main,leftupper
Variable Write,context=Main#main:1,x=2
Field Read,context=Main,leftupper
Variable Write,context=Main#main:1,free=3
Field Read,context=Main,leftupper
Variable Write,context=Main#main:1,x=1
Field Read,context=Main,leftupper
Variable Write,context=Main#main:1,free=4
Field Read,context=Main,leftupper
Variable Write,context=Main#main:1,x=0
Field Read,context=Main,leftupper
Variable Write,context=Main#main:1,free=5
Field Read,context=Main,leftupper
Field Read,context=Main,H
Variable Write,context=Main#main:1,y=1
Variable Delete,method=Main#main:1 <name=free,type=short (id=9),value=<?>,index=10>
Variable Delete,method=Main#main:1 <name=x,type=int (id=7),value=<?>,index=11>
Variable Write,context=Main#main:1,free=0
Field Read,context=Main,W
Variable Write,context=Main#main:1,x=4
Field Read,context=Main,leftupper
Variable Write,context=Main#main:1,free=1
Field Read,context=Main,leftupper
Variable Write,context=Main#main:1,x=3
Field Read,context=Main,leftupper
Variable Write,context=Main#main:1,free=2
Field Read,context=Main,leftupper
Variable Write,context=Main#main:1,x=2
Field Read,context=Main,leftupper
Variable Write,context=Main#main:1,free=3
Field Read,context=Main,leftupper
Variable Write,context=Main#main:1,x=1
Field Read,context=Main,leftupper
Variable Write,context=Main#main:1,free=0
Variable Write,context=Main#main:1,x=0
Field Read,context=Main,leftupper
Variable Write,context=Main#main:1,free=1
Field Read,context=Main,leftupper
Field Read,context=Main,H
Variable Write,context=Main#main:1,y=2
Variable Delete,method=Main#main:1 <name=free,type=short (id=9),value=<?>,index=10>
Variable Delete,method=Main#main:1 <name=x,type=int (id=7),value=<?>,index=11>
Variable Write,context=Main#main:1,free=0
Field Read,context=Main,W
Variable Write,context=Main#main:1,x=4
Field Read,context=Main,leftupper
Variable Write,context=Main#main:1,free=1
Field Read,context=Main,leftupper
Variable Write,context=Main#main:1,x=3
Field Read,context=Main,leftupper
Variable Write,context=Main#main:1,free=2
Field Read,context=Main,leftupper
Variable Write,context=Main#main:1,x=2
Field Read,context=Main,leftupper
Variable Write,context=Main#main:1,free=3
Field Read,context=Main,leftupper
Variable Write,context=Main#main:1,x=1
Field Read,context=Main,leftupper
Variable Write,context=Main#main:1,free=4
Field Read,context=Main,leftupper
Variable Write,context=Main#main:1,x=0
Field Read,context=Main,leftupper
Variable Write,context=Main#main:1,free=5
Field Read,context=Main,leftupper
Field Read,context=Main,H
Variable Write,context=Main#main:1,y=3
Variable Delete,method=Main#main:1 <name=free,type=short (id=9),value=<?>,index=10>
Variable Delete,method=Main#main:1 <name=x,type=int (id=7),value=<?>,index=11>
Variable Write,context=Main#main:1,free=0
Field Read,context=Main,W
Variable Write,context=Main#main:1,x=4
Field Read,context=Main,leftupper
Variable Write,context=Main#main:1,free=1
Field Read,context=Main,leftupper
Variable Write,context=Main#main:1,x=3
Field Read,context=Main,leftupper
Variable Write,context=Main#main:1,free=2
Field Read,context=Main,leftupper
Variable Write,context=Main#main:1,x=2
Field Read,context=Main,leftupper
Variable Write,context=Main#main:1,free=0
Variable Write,context=Main#main:1,x=1
Field Read,context=Main,leftupper
Variable Write,context=Main#main:1,free=1
Field Read,context=Main,leftupper
Variable Write,context=Main#main:1,x=0
Field Read,context=Main,leftupper
Variable Write,context=Main#main:1,free=2
Field Read,context=Main,leftupper
Field Read,context=Main,H
Variable Write,context=Main#main:1,y=4
Variable Delete,method=Main#main:1 <name=free,type=short (id=9),value=<?>,index=10>
Variable Delete,method=Main#main:1 <name=x,type=int (id=7),value=<?>,index=11>
Variable Write,context=Main#main:1,free=0
Field Read,context=Main,W
Variable Write,context=Main#main:1,x=4
Field Read,context=Main,leftupper
Variable Write,context=Main#main:1,free=1
Field Read,context=Main,leftupper
Variable Write,context=Main#main:1,x=3
Field Read,context=Main,leftupper
Variable Write,context=Main#main:1,free=2
Field Read,context=Main,leftupper
Variable Write,context=Main#main:1,x=2
Field Read,context=Main,leftupper
Variable Write,context=Main#main:1,free=3
Field Read,context=Main,leftupper
Variable Write,context=Main#main:1,x=1
Field Read,context=Main,leftupper
Variable Write,context=Main#main:1,free=4
Field Read,context=Main,leftupper
Variable Write,context=Main#main:1,x=0
Field Read,context=Main,leftupper
Variable Write,context=Main#main:1,free=5
Field Read,context=Main,leftupper
Field Read,context=Main,H
Variable Delete,method=Main#main:1 <name=free,type=short (id=9),value=<?>,index=10>
Variable Delete,method=Main#main:1 <name=x,type=int (id=7),value=<?>,index=11>
Field Read,context=Main,W
Variable Delete,method=Main#main:1 <name=y,type=int (id=7),value=<?>,index=9>
Variable Write,context=Main#main:1,x=0
Variable Write,context=Main#main:1,free=0
Field Read,context=Main,H
Variable Write,context=Main#main:1,y=4
Field Read,context=Main,leftupper
Variable Write,context=Main#main:1,free=1
Field Read,context=Main,leftupper
Field Read,context=Main,leftupper
Variable Write,context=Main#main:1,y=3
Field Read,context=Main,leftupper
Variable Write,context=Main#main:1,free=2
Field Read,context=Main,leftupper
Variable Write,context=Main#main:1,y=2
Field Read,context=Main,leftupper
Variable Write,context=Main#main:1,free=3
Field Read,context=Main,leftupper
Field Read,context=Main,leftupper
Variable Write,context=Main#main:1,y=1
Field Read,context=Main,leftupper
Variable Write,context=Main#main:1,free=4
Field Read,context=Main,leftupper
Variable Write,context=Main#main:1,y=0
Field Read,context=Main,leftupper
Variable Write,context=Main#main:1,free=5
Field Read,context=Main,leftupper
Field Read,context=Main,W
Variable Write,context=Main#main:1,x=1
Variable Delete,method=Main#main:1 <name=free,type=short (id=9),value=<?>,index=13>
Variable Delete,method=Main#main:1 <name=y,type=int (id=7),value=<?>,index=14>
Variable Write,context=Main#main:1,free=0
Field Read,context=Main,H
Variable Write,context=Main#main:1,y=4
Field Read,context=Main,leftupper
Variable Write,context=Main#main:1,free=1
Field Read,context=Main,leftupper
Field Read,context=Main,leftupper
Variable Write,context=Main#main:1,y=3
Field Read,context=Main,leftupper
Variable Write,context=Main#main:1,free=2
Field Read,context=Main,leftupper
Variable Write,context=Main#main:1,y=2
Field Read,context=Main,leftupper
Variable Write,context=Main#main:1,free=3
Field Read,context=Main,leftupper
Field Read,context=Main,leftupper
Variable Write,context=Main#main:1,y=1
Field Read,context=Main,leftupper
Variable Write,context=Main#main:1,free=0
Variable Write,context=Main#main:1,y=0
Field Read,context=Main,leftupper
Variable Write,context=Main#main:1,free=1
Field Read,context=Main,leftupper
Field Read,context=Main,leftupper
Field Read,context=Main,W
Variable Write,context=Main#main:1,x=2
Variable Delete,method=Main#main:1 <name=free,type=short (id=9),value=<?>,index=13>
Variable Delete,method=Main#main:1 <name=y,type=int (id=7),value=<?>,index=14>
Variable Write,context=Main#main:1,free=0
Field Read,context=Main,H
Variable Write,context=Main#main:1,y=4
Field Read,context=Main,leftupper
Variable Write,context=Main#main:1,free=1
Field Read,context=Main,leftupper
Field Read,context=Main,leftupper
Variable Write,context=Main#main:1,y=3
Field Read,context=Main,leftupper
Variable Write,context=Main#main:1,free=0
Variable Write,context=Main#main:1,y=2
Field Read,context=Main,leftupper
Variable Write,context=Main#main:1,free=1
Field Read,context=Main,leftupper
Field Read,context=Main,leftupper
Variable Write,context=Main#main:1,y=1
Field Read,context=Main,leftupper
Variable Write,context=Main#main:1,free=2
Field Read,context=Main,leftupper
Field Read,context=Main,leftupper
Variable Write,context=Main#main:1,y=0
Field Read,context=Main,leftupper
Variable Write,context=Main#main:1,free=3
Field Read,context=Main,leftupper
Field Read,context=Main,W
Variable Write,context=Main#main:1,x=3
Variable Delete,method=Main#main:1 <name=free,type=short (id=9),value=<?>,index=13>
Variable Delete,method=Main#main:1 <name=y,type=int (id=7),value=<?>,index=14>
Variable Write,context=Main#main:1,free=0
Field Read,context=Main,H
Variable Write,context=Main#main:1,y=4
Field Read,context=Main,leftupper
Variable Write,context=Main#main:1,free=1
Field Read,context=Main,leftupper
Field Read,context=Main,leftupper
Variable Write,context=Main#main:1,y=3
Field Read,context=Main,leftupper
Variable Write,context=Main#main:1,free=2
Field Read,context=Main,leftupper
Variable Write,context=Main#main:1,y=2
Field Read,context=Main,leftupper
Variable Write,context=Main#main:1,free=3
Field Read,context=Main,leftupper
Variable Write,context=Main#main:1,y=1
Field Read,context=Main,leftupper
Variable Write,context=Main#main:1,free=4
Field Read,context=Main,leftupper
Variable Write,context=Main#main:1,y=0
Field Read,context=Main,leftupper
Variable Write,context=Main#main:1,free=5
Field Read,context=Main,leftupper
Field Read,context=Main,W
Variable Write,context=Main#main:1,x=4
Variable Delete,method=Main#main:1 <name=free,type=short (id=9),value=<?>,index=13>
Variable Delete,method=Main#main:1 <name=y,type=int (id=7),value=<?>,index=14>
Variable Write,context=Main#main:1,free=0
Field Read,context=Main,H
Variable Write,context=Main#main:1,y=4
Field Read,context=Main,leftupper
Variable Write,context=Main#main:1,free=1
Field Read,context=Main,leftupper
Variable Write,context=Main#main:1,y=3
Field Read,context=Main,leftupper
Variable Write,context=Main#main:1,free=2
Field Read,context=Main,leftupper
Variable Write,context=Main#main:1,y=2
Field Read,context=Main,leftupper
Variable Write,context=Main#main:1,free=3
Field Read,context=Main,leftupper
Variable Write,context=Main#main:1,y=1
Field Read,context=Main,leftupper
Variable Write,context=Main#main:1,free=4
Field Read,context=Main,leftupper
Variable Write,context=Main#main:1,y=0
Field Read,context=Main,leftupper
Variable Write,context=Main#main:1,free=5
Field Read,context=Main,leftupper
Field Read,context=Main,W
Variable Delete,method=Main#main:1 <name=free,type=short (id=9),value=<?>,index=13>
Variable Delete,method=Main#main:1 <name=y,type=int (id=7),value=<?>,index=14>
Field Read,context=Main,H
Variable Delete,method=Main#main:1 <name=x,type=int (id=7),value=<?>,index=12>
Variable Write,context=Main#main:1,y=0
Variable Write,context=Main#main:1,free=0
Field Read,context=Main,W
Variable Write,context=Main#main:1,x=0
Field Read,context=Main,rightlower
Variable Write,context=Main#main:1,free=1
Field Read,context=Main,rightlower
Field Read,context=Main,W
Variable Write,context=Main#main:1,x=1
Field Read,context=Main,rightlower
Variable Write,context=Main#main:1,free=2
Field Read,context=Main,rightlower
Field Read,context=Main,W
Variable Write,context=Main#main:1,x=2
Field Read,context=Main,rightlower
Variable Write,context=Main#main:1,free=3
Field Read,context=Main,rightlower
Field Read,context=Main,W
Variable Write,context=Main#main:1,x=3
Field Read,context=Main,rightlower
Variable Write,context=Main#main:1,free=4
Field Read,context=Main,rightlower
Field Read,context=Main,W
Variable Write,context=Main#main:1,x=4
Field Read,context=Main,rightlower
Variable Write,context=Main#main:1,free=5
Field Read,context=Main,rightlower
Field Read,context=Main,W
Field Read,context=Main,H
Variable Write,context=Main#main:1,y=1
Variable Delete,method=Main#main:1 <name=free,type=short (id=9),value=<?>,index=16>
Variable Delete,method=Main#main:1 <name=x,type=int (id=7),value=<?>,index=17>
Variable Write,context=Main#main:1,free=0
Field Read,context=Main,W
Variable Write,context=Main#main:1,x=0
Field Read,context=Main,rightlower
Variable Write,context=Main#main:1,free=1
Field Read,context=Main,rightlower
Field Read,context=Main,W
Variable Write,context=Main#main:1,x=1
Field Read,context=Main,rightlower
Variable Write,context=Main#main:1,free=0
Field Read,context=Main,W
Variable Write,context=Main#main:1,x=2
Field Read,context=Main,rightlower
Variable Write,context=Main#main:1,free=1
Field Read,context=Main,rightlower
Field Read,context=Main,W
Variable Write,context=Main#main:1,x=3
Field Read,context=Main,rightlower
Variable Write,context=Main#main:1,free=2
Field Read,context=Main,rightlower
Field Read,context=Main,W
Variable Write,context=Main#main:1,x=4
Field Read,context=Main,rightlower
Variable Write,context=Main#main:1,free=3
Field Read,context=Main,rightlower
Field Read,context=Main,W
Field Read,context=Main,H
Variable Write,context=Main#main:1,y=2
Variable Delete,method=Main#main:1 <name=free,type=short (id=9),value=<?>,index=16>
Variable Delete,method=Main#main:1 <name=x,type=int (id=7),value=<?>,index=17>
Variable Write,context=Main#main:1,free=0
Field Read,context=Main,W
Variable Write,context=Main#main:1,x=0
Field Read,context=Main,rightlower
Variable Write,context=Main#main:1,free=1
Field Read,context=Main,rightlower
Field Read,context=Main,W
Variable Write,context=Main#main:1,x=1
Field Read,context=Main,rightlower
Variable Write,context=Main#main:1,free=2
Field Read,context=Main,rightlower
Field Read,context=Main,W
Variable Write,context=Main#main:1,x=2
Field Read,context=Main,rightlower
Variable Write,context=Main#main:1,free=3
Field Read,context=Main,rightlower
Field Read,context=Main,W
Variable Write,context=Main#main:1,x=3
Field Read,context=Main,rightlower
Variable Write,context=Main#main:1,free=4
Field Read,context=Main,rightlower
Field Read,context=Main,W
Variable Write,context=Main#main:1,x=4
Field Read,context=Main,rightlower
Variable Write,context=Main#main:1,free=5
Field Read,context=Main,rightlower
Field Read,context=Main,W
Field Read,context=Main,H
Variable Write,context=Main#main:1,y=3
Variable Delete,method=Main#main:1 <name=free,type=short (id=9),value=<?>,index=16>
Variable Delete,method=Main#main:1 <name=x,type=int (id=7),value=<?>,index=17>
Variable Write,context=Main#main:1,free=0
Field Read,context=Main,W
Variable Write,context=Main#main:1,x=0
Field Read,context=Main,rightlower
Variable Write,context=Main#main:1,free=1
Field Read,context=Main,rightlower
Field Read,context=Main,W
Variable Write,context=Main#main:1,x=1
Field Read,context=Main,rightlower
Variable Write,context=Main#main:1,free=2
Field Read,context=Main,rightlower
Field Read,context=Main,W
Variable Write,context=Main#main:1,x=2
Field Read,context=Main,rightlower
Variable Write,context=Main#main:1,free=0
Field Read,context=Main,W
Variable Write,context=Main#main:1,x=3
Field Read,context=Main,rightlower
Variable Write,context=Main#main:1,free=1
Field Read,context=Main,rightlower
Field Read,context=Main,W
Variable Write,context=Main#main:1,x=4
Field Read,context=Main,rightlower
Variable Write,context=Main#main:1,free=2
Field Read,context=Main,rightlower
Field Read,context=Main,W
Field Read,context=Main,H
Variable Write,context=Main#main:1,y=4
Variable Delete,method=Main#main:1 <name=free,type=short (id=9),value=<?>,index=16>
Variable Delete,method=Main#main:1 <name=x,type=int (id=7),value=<?>,index=17>
Variable Write,context=Main#main:1,free=0
Field Read,context=Main,W
Variable Write,context=Main#main:1,x=0
Field Read,context=Main,rightlower
Variable Write,context=Main#main:1,free=1
Field Read,context=Main,rightlower
Field Read,context=Main,W
Variable Write,context=Main#main:1,x=1
Field Read,context=Main,rightlower
Variable Write,context=Main#main:1,free=2
Field Read,context=Main,rightlower
Field Read,context=Main,W
Variable Write,context=Main#main:1,x=2
Field Read,context=Main,rightlower
Variable Write,context=Main#main:1,free=3
Field Read,context=Main,rightlower
Field Read,context=Main,W
Variable Write,context=Main#main:1,x=3
Field Read,context=Main,rightlower
Variable Write,context=Main#main:1,free=4
Field Read,context=Main,rightlower
Field Read,context=Main,W
Variable Write,context=Main#main:1,x=4
Field Read,context=Main,rightlower
Variable Write,context=Main#main:1,free=5
Field Read,context=Main,rightlower
Field Read,context=Main,W
Field Read,context=Main,H
Variable Delete,method=Main#main:1 <name=free,type=short (id=9),value=<?>,index=16>
Variable Delete,method=Main#main:1 <name=x,type=int (id=7),value=<?>,index=17>
Field Read,context=Main,W
Variable Delete,method=Main#main:1 <name=y,type=int (id=7),value=<?>,index=15>
Variable Write,context=Main#main:1,x=0
Variable Write,context=Main#main:1,free=0
Field Read,context=Main,H
Variable Write,context=Main#main:1,y=0
Field Read,context=Main,rightlower
Variable Write,context=Main#main:1,free=1
Field Read,context=Main,rightlower
Field Read,context=Main,H
Variable Write,context=Main#main:1,y=1
Field Read,context=Main,rightlower
Variable Write,context=Main#main:1,free=2
Field Read,context=Main,rightlower
Field Read,context=Main,H
Variable Write,context=Main#main:1,y=2
Field Read,context=Main,rightlower
Variable Write,context=Main#main:1,free=3
Field Read,context=Main,rightlower
Field Read,context=Main,H
Variable Write,context=Main#main:1,y=3
Field Read,context=Main,rightlower
Variable Write,context=Main#main:1,free=4
Field Read,context=Main,rightlower
Field Read,context=Main,H
Variable Write,context=Main#main:1,y=4
Field Read,context=Main,rightlower
Variable Write,context=Main#main:1,free=5
Field Read,context=Main,rightlower
Field Read,context=Main,H
Field Read,context=Main,W
Variable Write,context=Main#main:1,x=1
Variable Delete,method=Main#main:1 <name=free,type=short (id=9),value=<?>,index=19>
Variable Delete,method=Main#main:1 <name=y,type=int (id=7),value=<?>,index=20>
Variable Write,context=Main#main:1,free=0
Field Read,context=Main,H
Variable Write,context=Main#main:1,y=0
Field Read,context=Main,rightlower
Variable Write,context=Main#main:1,free=1
Field Read,context=Main,rightlower
Field Read,context=Main,rightlower
Field Read,context=Main,H
Variable Write,context=Main#main:1,y=1
Field Read,context=Main,rightlower
Variable Write,context=Main#main:1,free=0
Field Read,context=Main,H
Variable Write,context=Main#main:1,y=2
Field Read,context=Main,rightlower
Variable Write,context=Main#main:1,free=1
Field Read,context=Main,rightlower
Field Read,context=Main,rightlower
Field Read,context=Main,H
Variable Write,context=Main#main:1,y=3
Field Read,context=Main,rightlower
Variable Write,context=Main#main:1,free=2
Field Read,context=Main,rightlower
Field Read,context=Main,H
Variable Write,context=Main#main:1,y=4
Field Read,context=Main,rightlower
Variable Write,context=Main#main:1,free=3
Field Read,context=Main,rightlower
Field Read,context=Main,H
Field Read,context=Main,W
Variable Write,context=Main#main:1,x=2
Variable Delete,method=Main#main:1 <name=free,type=short (id=9),value=<?>,index=19>
Variable Delete,method=Main#main:1 <name=y,type=int (id=7),value=<?>,index=20>
Variable Write,context=Main#main:1,free=0
Field Read,context=Main,H
Variable Write,context=Main#main:1,y=0
Field Read,context=Main,rightlower
Variable Write,context=Main#main:1,free=1
Field Read,context=Main,rightlower
Field Read,context=Main,rightlower
Field Read,context=Main,H
Variable Write,context=Main#main:1,y=1
Field Read,context=Main,rightlower
Variable Write,context=Main#main:1,free=2
Field Read,context=Main,rightlower
Field Read,context=Main,H
Variable Write,context=Main#main:1,y=2
Field Read,context=Main,rightlower
Variable Write,context=Main#main:1,free=3
Field Read,context=Main,rightlower
Field Read,context=Main,H
Variable Write,context=Main#main:1,y=3
Field Read,context=Main,rightlower
Variable Write,context=Main#main:1,free=0
Field Read,context=Main,H
Variable Write,context=Main#main:1,y=4
Field Read,context=Main,rightlower
Variable Write,context=Main#main:1,free=1
Field Read,context=Main,rightlower
Field Read,context=Main,rightlower
Field Read,context=Main,H
Field Read,context=Main,W
Variable Write,context=Main#main:1,x=3
Variable Delete,method=Main#main:1 <name=free,type=short (id=9),value=<?>,index=19>
Variable Delete,method=Main#main:1 <name=y,type=int (id=7),value=<?>,index=20>
Variable Write,context=Main#main:1,free=0
Field Read,context=Main,H
Variable Write,context=Main#main:1,y=0
Field Read,context=Main,rightlower
Variable Write,context=Main#main:1,free=1
Field Read,context=Main,rightlower
Field Read,context=Main,rightlower
Field Read,context=Main,H
Variable Write,context=Main#main:1,y=1
Field Read,context=Main,rightlower
Variable Write,context=Main#main:1,free=2
Field Read,context=Main,rightlower
Field Read,context=Main,H
Variable Write,context=Main#main:1,y=2
Field Read,context=Main,rightlower
Variable Write,context=Main#main:1,free=3
Field Read,context=Main,rightlower
Field Read,context=Main,rightlower
Field Read,context=Main,H
Variable Write,context=Main#main:1,y=3
Field Read,context=Main,rightlower
Variable Write,context=Main#main:1,free=4
Field Read,context=Main,rightlower
Field Read,context=Main,H
Variable Write,context=Main#main:1,y=4
Field Read,context=Main,rightlower
Variable Write,context=Main#main:1,free=5
Field Read,context=Main,rightlower
Field Read,context=Main,H
Field Read,context=Main,W
Variable Write,context=Main#main:1,x=4
Variable Delete,method=Main#main:1 <name=free,type=short (id=9),value=<?>,index=19>
Variable Delete,method=Main#main:1 <name=y,type=int (id=7),value=<?>,index=20>
Variable Write,context=Main#main:1,free=0
Field Read,context=Main,H
Variable Write,context=Main#main:1,y=0
Field Read,context=Main,rightlower
Variable Write,context=Main#main:1,free=1
Field Read,context=Main,rightlower
Field Read,context=Main,rightlower
Field Read,context=Main,H
Variable Write,context=Main#main:1,y=1
Field Read,context=Main,rightlower
Variable Write,context=Main#main:1,free=2
Field Read,context=Main,rightlower
Field Read,context=Main,rightlower
Field Read,context=Main,H
Variable Write,context=Main#main:1,y=2
Field Read,context=Main,rightlower
Variable Write,context=Main#main:1,free=3
Field Read,context=Main,rightlower
Field Read,context=Main,rightlower
Field Read,context=Main,H
Variable Write,context=Main#main:1,y=3
Field Read,context=Main,rightlower
Variable Write,context=Main#main:1,free=4
Field Read,context=Main,rightlower
Field Read,context=Main,H
Variable Write,context=Main#main:1,y=4
Field Read,context=Main,rightlower
Variable Write,context=Main#main:1,free=5
Field Read,context=Main,rightlower
Field Read,context=Main,H
Field Read,context=Main,W
Variable Delete,method=Main#main:1 <name=free,type=short (id=9),value=<?>,index=19>
Variable Delete,method=Main#main:1 <name=y,type=int (id=7),value=<?>,index=20>
Variable Delete,method=Main#main:1 <name=x,type=int (id=7),value=<?>,index=18>
Variable Write,context=Main#main:1,st1CpuTime=562500000
Variable Write,context=Main#main:1,result=0
Variable Write,context=Main#main:1,result2=0
Field Read,context=Main,W
Variable Write,context=Main#main:1,x=0
Field Read,context=Main,W
Field Read,context=Main,H
Variable Write,context=Main#main:1,e=5
Variable Write,context=Main#main:1,i=0
Field Read,context=Main,fnl
Field Read,context=Main,leftupper
Field Read,context=Main,fnr
Field Read,context=Main,rightlower
Variable Write,context=Main#main:1,i=1
Field Read,context=Main,fnl
Field Read,context=Main,leftupper
Field Read,context=Main,fnr
Field Read,context=Main,rightlower
Variable Write,context=Main#main:1,i=2
Field Read,context=Main,fnl
Field Read,context=Main,leftupper
Field Read,context=Main,fnr
Field Read,context=Main,rightlower
Variable Write,context=Main#main:1,i=3
Field Read,context=Main,fnl
Field Read,context=Main,leftupper
Field Read,context=Main,fnr
Field Read,context=Main,rightlower
Variable Write,context=Main#main:1,i=4
Field Read,context=Main,fnl
Field Read,context=Main,leftupper
Field Read,context=Main,fnr
Field Read,context=Main,rightlower
Method Call,caller=Main#main:1,target=Main#countMatch:1
Variable Write,context=Main#countMatch:1,e=5
Variable Write,context=Main#countMatch:1,order=java.util.ArrayList (id=381)
Variable Write,context=Main#countMatch:1,i=0
Field Read,context=Main,fnl
New Object,object=DistancePos:1
Method Call,caller=Main#countMatch:1,target=DistancePos:1#DistancePos:1
Variable Write,context=DistancePos:1#DistancePos:1,_pos=0
Variable Write,context=DistancePos:1#DistancePos:1,_left=true
Variable Write,context=DistancePos:1#DistancePos:1,_distance=5
Field Write,context=DistancePos:1,distance=5
Field Write,context=DistancePos:1,pos=0
Field Write,context=DistancePos:1,left=true
Method Exit,returner=DistancePos:1#DistancePos:1,value=<void>
Field Read,context=Main,fnr
New Object,object=DistancePos:2
Method Call,caller=Main#countMatch:1,target=DistancePos:2#DistancePos:2
Variable Write,context=DistancePos:2#DistancePos:2,_pos=0
Variable Write,context=DistancePos:2#DistancePos:2,_left=false
Variable Write,context=DistancePos:2#DistancePos:2,_distance=1
Field Write,context=DistancePos:2,distance=1
Field Write,context=DistancePos:2,pos=0
Field Write,context=DistancePos:2,left=false
Method Exit,returner=DistancePos:2#DistancePos:2,value=<void>
Variable Write,context=Main#countMatch:1,i=1
Field Read,context=Main,fnl
New Object,object=DistancePos:3
Method Call,caller=Main#countMatch:1,target=DistancePos:3#DistancePos:3
Variable Write,context=DistancePos:3#DistancePos:3,_pos=1
Variable Write,context=DistancePos:3#DistancePos:3,_left=true
Variable Write,context=DistancePos:3#DistancePos:3,_distance=-1
Field Write,context=DistancePos:3,distance=-1
Field Write,context=DistancePos:3,pos=1
Field Write,context=DistancePos:3,left=true
Method Exit,returner=DistancePos:3#DistancePos:3,value=<void>
Field Read,context=Main,fnr
New Object,object=DistancePos:4
Method Call,caller=Main#countMatch:1,target=DistancePos:4#DistancePos:4
Variable Write,context=DistancePos:4#DistancePos:4,_pos=1
Variable Write,context=DistancePos:4#DistancePos:4,_left=false
Variable Write,context=DistancePos:4#DistancePos:4,_distance=-1
Field Write,context=DistancePos:4,distance=-1
Field Write,context=DistancePos:4,pos=1
Field Write,context=DistancePos:4,left=false
Method Exit,returner=DistancePos:4#DistancePos:4,value=<void>
Variable Write,context=Main#countMatch:1,i=2
Field Read,context=Main,fnl
New Object,object=DistancePos:5
Method Call,caller=Main#countMatch:1,target=DistancePos:5#DistancePos:5
Variable Write,context=DistancePos:5#DistancePos:5,_pos=2
Variable Write,context=DistancePos:5#DistancePos:5,_left=true
Variable Write,context=DistancePos:5#DistancePos:5,_distance=1
Field Write,context=DistancePos:5,distance=1
Field Write,context=DistancePos:5,pos=2
Field Write,context=DistancePos:5,left=true
Method Exit,returner=DistancePos:5#DistancePos:5,value=<void>
Field Read,context=Main,fnr
New Object,object=DistancePos:6
Method Call,caller=Main#countMatch:1,target=DistancePos:6#DistancePos:6
Variable Write,context=DistancePos:6#DistancePos:6,_pos=2
Variable Write,context=DistancePos:6#DistancePos:6,_left=false
Variable Write,context=DistancePos:6#DistancePos:6,_distance=3
Field Write,context=DistancePos:6,distance=3
Field Write,context=DistancePos:6,pos=2
Field Write,context=DistancePos:6,left=false
Method Exit,returner=DistancePos:6#DistancePos:6,value=<void>
Variable Write,context=Main#countMatch:1,i=3
Field Read,context=Main,fnl
New Object,object=DistancePos:7
Method Call,caller=Main#countMatch:1,target=DistancePos:7#DistancePos:7
Variable Write,context=DistancePos:7#DistancePos:7,_pos=3
Variable Write,context=DistancePos:7#DistancePos:7,_left=true
Variable Write,context=DistancePos:7#DistancePos:7,_distance=2
Field Write,context=DistancePos:7,distance=2
Field Write,context=DistancePos:7,pos=3
Field Write,context=DistancePos:7,left=true
Method Exit,returner=DistancePos:7#DistancePos:7,value=<void>
Field Read,context=Main,fnr
New Object,object=DistancePos:8
Method Call,caller=Main#countMatch:1,target=DistancePos:8#DistancePos:8
Variable Write,context=DistancePos:8#DistancePos:8,_pos=3
Variable Write,context=DistancePos:8#DistancePos:8,_left=false
Variable Write,context=DistancePos:8#DistancePos:8,_distance=1
Field Write,context=DistancePos:8,distance=1
Field Write,context=DistancePos:8,pos=3
Field Write,context=DistancePos:8,left=false
Method Exit,returner=DistancePos:8#DistancePos:8,value=<void>
Variable Write,context=Main#countMatch:1,i=4
Field Read,context=Main,fnl
New Object,object=DistancePos:9
Method Call,caller=Main#countMatch:1,target=DistancePos:9#DistancePos:9
Variable Write,context=DistancePos:9#DistancePos:9,_pos=4
Variable Write,context=DistancePos:9#DistancePos:9,_left=true
Variable Write,context=DistancePos:9#DistancePos:9,_distance=1
Field Write,context=DistancePos:9,distance=1
Field Write,context=DistancePos:9,pos=4
Field Write,context=DistancePos:9,left=true
Method Exit,returner=DistancePos:9#DistancePos:9,value=<void>
Field Read,context=Main,fnr
New Object,object=DistancePos:10
Method Call,caller=Main#countMatch:1,target=DistancePos:10#DistancePos:10
Variable Write,context=DistancePos:10#DistancePos:10,_pos=4
Variable Write,context=DistancePos:10#DistancePos:10,_left=false
Variable Write,context=DistancePos:10#DistancePos:10,_distance=5
Field Write,context=DistancePos:10,distance=5
Field Write,context=DistancePos:10,pos=4
Field Write,context=DistancePos:10,left=false
Method Exit,returner=DistancePos:10#DistancePos:10,value=<void>
New Object,object=DistanceCompare:1
Method Call,caller=Main#countMatch:1,target=DistanceCompare:1#DistanceCompare:1
Method Exit,returner=DistanceCompare:1#DistanceCompare:1,value=<void>
Method Call,caller=Main#countMatch:1,target=Ljava/util/ArrayList;.sort(Ljava/util/Comparator;)
Method Call,caller=Ljava/util/ArrayList;.sort(Ljava/util/Comparator;),target=Ljava/util/ArrayList;.sort(Ljava/util/Comparator;)
Method Call,caller=Ljava/util/ArrayList;.sort(Ljava/util/Comparator;),target=Ljava/util/Arrays;.sort([Ljava/lang/Object;IILjava/util/Comparator;)
Method Call,caller=Ljava/util/Arrays;.sort([Ljava/lang/Object;IILjava/util/Comparator;),target=Ljava/util/TimSort;.sort([Ljava/lang/Object;IILjava/util/Comparator;[Ljava/lang/Object;II)
Method Call,caller=Ljava/util/TimSort;.sort([Ljava/lang/Object;IILjava/util/Comparator;[Ljava/lang/Object;II),target=Ljava/util/TimSort;.countRunAndMakeAscending([Ljava/lang/Object;IILjava/util/Comparator;)
Method Exit,returner=Ljava/util/TimSort;.countRunAndMakeAscending([Ljava/lang/Object;IILjava/util/Comparator;),value=<void>
Method Exit,returner=Ljava/util/TimSort;.sort([Ljava/lang/Object;IILjava/util/Comparator;[Ljava/lang/Object;II),value=<void>
Method Exit,returner=Ljava/util/Arrays;.sort([Ljava/lang/Object;IILjava/util/Comparator;),value=<void>
Method Exit,returner=Ljava/util/ArrayList;.sort(Ljava/util/Comparator;),value=<void>
Method Call,caller=Ljava/util/ArrayList;.sort(Ljava/util/Comparator;),target=Ljava/util/TimSort;.sort([Ljava/lang/Object;IILjava/util/Comparator;[Ljava/lang/Object;II)
Method Call,caller=Ljava/util/TimSort;.sort([Ljava/lang/Object;IILjava/util/Comparator;[Ljava/lang/Object;II),target=Ljava/util/TimSort;.sort([Ljava/lang/Object;IILjava/util/Comparator;[Ljava/lang/Object;II)
Method Call,caller=Ljava/util/TimSort;.sort([Ljava/lang/Object;IILjava/util/Comparator;[Ljava/lang/Object;II),target=Ljava/util/TimSort;.countRunAndMakeAscending([Ljava/lang/Object;IILjava/util/Comparator;)
Method Call,caller=Ljava/util/TimSort;.countRunAndMakeAscending([Ljava/lang/Object;IILjava/util/Comparator;),target=LDistanceCompare;.compare(Ljava/lang/Object;Ljava/lang/Object;) <BRIDGE>
Method Call,caller=LDistanceCompare;.compare(Ljava/lang/Object;Ljava/lang/Object;) <BRIDGE>,target=DistanceCompare:1#compare:1
Variable Write,context=DistanceCompare:1#compare:1,a=DistancePos:2
Variable Write,context=DistanceCompare:1#compare:1,b=DistancePos:1
Method Call,caller=DistanceCompare:1#compare:1,target=DistancePos:2#getDistance:1
Field Read,context=DistancePos:2,distance
Variable Write,context=DistancePos:2#getDistance:1,result=1
Method Exit,returner=DistancePos:2#getDistance:1,value=1
Variable Write,context=DistanceCompare:1#compare:1,ai=1
Method Call,caller=DistanceCompare:1#compare:1,target=DistancePos:1#getDistance:2
Field Read,context=DistancePos:1,distance
Variable Write,context=DistancePos:1#getDistance:2,result=5
Method Exit,returner=DistancePos:1#getDistance:2,value=5
Variable Write,context=DistanceCompare:1#compare:1,bi=5
Variable Write,context=DistanceCompare:1#compare:1,result=1
Method Exit,returner=DistanceCompare:1#compare:1,value=1
Method Call,caller=LDistanceCompare;.compare(Ljava/lang/Object;Ljava/lang/Object;) <BRIDGE>,target=DistanceCompare:1#compare:2
Variable Write,context=DistanceCompare:1#compare:2,a=DistancePos:3
Variable Write,context=DistanceCompare:1#compare:2,b=DistancePos:2
Method Call,caller=DistanceCompare:1#compare:2,target=DistancePos:3#getDistance:3
Field Read,context=DistancePos:3,distance
Variable Write,context=DistancePos:3#getDistance:3,result=-1
Method Exit,returner=DistancePos:3#getDistance:3,value=-1
Variable Write,context=DistanceCompare:1#compare:2,ai=-1
Method Call,caller=DistanceCompare:1#compare:2,target=DistancePos:2#getDistance:4
Field Read,context=DistancePos:2,distance
Variable Write,context=DistancePos:2#getDistance:4,result=1
Method Exit,returner=DistancePos:2#getDistance:4,value=1
Variable Write,context=DistanceCompare:1#compare:2,bi=1
Variable Write,context=DistanceCompare:1#compare:2,result=1
Method Exit,returner=DistanceCompare:1#compare:2,value=1
Method Call,caller=LDistanceCompare;.compare(Ljava/lang/Object;Ljava/lang/Object;) <BRIDGE>,target=DistanceCompare:1#compare:3
Variable Write,context=DistanceCompare:1#compare:3,a=DistancePos:4
Variable Write,context=DistanceCompare:1#compare:3,b=DistancePos:3
Method Call,caller=DistanceCompare:1#compare:3,target=DistancePos:4#getDistance:5
Field Read,context=DistancePos:4,distance
Variable Write,context=DistancePos:4#getDistance:5,result=-1
Method Exit,returner=DistancePos:4#getDistance:5,value=-1
Variable Write,context=DistanceCompare:1#compare:3,ai=-1
Method Call,caller=DistanceCompare:1#compare:3,target=DistancePos:3#getDistance:6
Field Read,context=DistancePos:3,distance
Variable Write,context=DistancePos:3#getDistance:6,result=-1
Method Exit,returner=DistancePos:3#getDistance:6,value=-1
Variable Write,context=DistanceCompare:1#compare:3,bi=-1
Variable Write,context=DistanceCompare:1#compare:3,result=0
Method Exit,returner=DistanceCompare:1#compare:3,value=0
Method Call,caller=LDistanceCompare;.compare(Ljava/lang/Object;Ljava/lang/Object;) <BRIDGE>,target=DistanceCompare:1#compare:4
Variable Write,context=DistanceCompare:1#compare:4,a=DistancePos:5
Variable Write,context=DistanceCompare:1#compare:4,b=DistancePos:4
Method Call,caller=DistanceCompare:1#compare:4,target=DistancePos:5#getDistance:7
Field Read,context=DistancePos:5,distance
Variable Write,context=DistancePos:5#getDistance:7,result=1
Method Exit,returner=DistancePos:5#getDistance:7,value=1
Variable Write,context=DistanceCompare:1#compare:4,ai=1
Method Call,caller=DistanceCompare:1#compare:4,target=DistancePos:4#getDistance:8
Field Read,context=DistancePos:4,distance
Variable Write,context=DistancePos:4#getDistance:8,result=-1
Method Exit,returner=DistancePos:4#getDistance:8,value=-1
Variable Write,context=DistanceCompare:1#compare:4,bi=-1
Variable Write,context=DistanceCompare:1#compare:4,result=-1
Method Exit,returner=DistanceCompare:1#compare:4,value=-1
Method Call,caller=LDistanceCompare;.compare(Ljava/lang/Object;Ljava/lang/Object;) <BRIDGE>,target=DistanceCompare:1#compare:5
Variable Write,context=DistanceCompare:1#compare:5,a=DistancePos:5
Variable Write,context=DistanceCompare:1#compare:5,b=DistancePos:3
Method Call,caller=DistanceCompare:1#compare:5,target=DistancePos:5#getDistance:9
Field Read,context=DistancePos:5,distance
Variable Write,context=DistancePos:5#getDistance:9,result=1
Method Exit,returner=DistancePos:5#getDistance:9,value=1
Variable Write,context=DistanceCompare:1#compare:5,ai=1
Method Call,caller=DistanceCompare:1#compare:5,target=DistancePos:3#getDistance:10
Field Read,context=DistancePos:3,distance
Variable Write,context=DistancePos:3#getDistance:10,result=-1
Method Exit,returner=DistancePos:3#getDistance:10,value=-1
Variable Write,context=DistanceCompare:1#compare:5,bi=-1
Variable Write,context=DistanceCompare:1#compare:5,result=-1
Method Exit,returner=DistanceCompare:1#compare:5,value=-1
Method Call,caller=LDistanceCompare;.compare(Ljava/lang/Object;Ljava/lang/Object;) <BRIDGE>,target=DistanceCompare:1#compare:6
Variable Write,context=DistanceCompare:1#compare:6,a=DistancePos:5
Variable Write,context=DistanceCompare:1#compare:6,b=DistancePos:2
Method Call,caller=DistanceCompare:1#compare:6,target=DistancePos:5#getDistance:11
Field Read,context=DistancePos:5,distance
Variable Write,context=DistancePos:5#getDistance:11,result=1
Method Exit,returner=DistancePos:5#getDistance:11,value=1
Variable Write,context=DistanceCompare:1#compare:6,ai=1
Method Call,caller=DistanceCompare:1#compare:6,target=DistancePos:2#getDistance:12
Field Read,context=DistancePos:2,distance
Variable Write,context=DistancePos:2#getDistance:12,result=1
Method Exit,returner=DistancePos:2#getDistance:12,value=1
Variable Write,context=DistanceCompare:1#compare:6,bi=1
Variable Write,context=DistanceCompare:1#compare:6,result=0
Method Exit,returner=DistanceCompare:1#compare:6,value=0
Method Call,caller=LDistanceCompare;.compare(Ljava/lang/Object;Ljava/lang/Object;) <BRIDGE>,target=DistanceCompare:1#compare:7
Variable Write,context=DistanceCompare:1#compare:7,a=DistancePos:6
Variable Write,context=DistanceCompare:1#compare:7,b=DistancePos:5
Method Call,caller=DistanceCompare:1#compare:7,target=DistancePos:6#getDistance:13
Field Read,context=DistancePos:6,distance
Variable Write,context=DistancePos:6#getDistance:13,result=3
Method Exit,returner=DistancePos:6#getDistance:13,value=3
Variable Write,context=DistanceCompare:1#compare:7,ai=3
Method Call,caller=DistanceCompare:1#compare:7,target=DistancePos:5#getDistance:14
Field Read,context=DistancePos:5,distance
Variable Write,context=DistancePos:5#getDistance:14,result=1
Method Exit,returner=DistancePos:5#getDistance:14,value=1
Variable Write,context=DistanceCompare:1#compare:7,bi=1
Variable Write,context=DistanceCompare:1#compare:7,result=-1
Method Exit,returner=DistanceCompare:1#compare:7,value=-1
Method Call,caller=LDistanceCompare;.compare(Ljava/lang/Object;Ljava/lang/Object;) <BRIDGE>,target=DistanceCompare:1#compare:8
Variable Write,context=DistanceCompare:1#compare:8,a=DistancePos:6
Variable Write,context=DistanceCompare:1#compare:8,b=DistancePos:2
Method Call,caller=DistanceCompare:1#compare:8,target=DistancePos:6#getDistance:15
Field Read,context=DistancePos:6,distance
Variable Write,context=DistancePos:6#getDistance:15,result=3
Method Exit,returner=DistancePos:6#getDistance:15,value=3
Variable Write,context=DistanceCompare:1#compare:8,ai=3
Method Call,caller=DistanceCompare:1#compare:8,target=DistancePos:2#getDistance:16
Field Read,context=DistancePos:2,distance
Variable Write,context=DistancePos:2#getDistance:16,result=1
Method Exit,returner=DistancePos:2#getDistance:16,value=1
Variable Write,context=DistanceCompare:1#compare:8,bi=1
Variable Write,context=DistanceCompare:1#compare:8,result=-1
Method Exit,returner=DistanceCompare:1#compare:8,value=-1
Method Call,caller=LDistanceCompare;.compare(Ljava/lang/Object;Ljava/lang/Object;) <BRIDGE>,target=DistanceCompare:1#compare:9
Variable Write,context=DistanceCompare:1#compare:9,a=DistancePos:6
Variable Write,context=DistanceCompare:1#compare:9,b=DistancePos:1
Method Call,caller=DistanceCompare:1#compare:9,target=DistancePos:6#getDistance:17
Field Read,context=DistancePos:6,distance
Variable Write,context=DistancePos:6#getDistance:17,result=3
Method Exit,returner=DistancePos:6#getDistance:17,value=3
Variable Write,context=DistanceCompare:1#compare:9,ai=3
Method Call,caller=DistanceCompare:1#compare:9,target=DistancePos:1#getDistance:18
Field Read,context=DistancePos:1,distance
Variable Write,context=DistancePos:1#getDistance:18,result=5
Method Exit,returner=DistancePos:1#getDistance:18,value=5
Variable Write,context=DistanceCompare:1#compare:9,bi=5
Variable Write,context=DistanceCompare:1#compare:9,result=1
Method Exit,returner=DistanceCompare:1#compare:9,value=1
Method Call,caller=LDistanceCompare;.compare(Ljava/lang/Object;Ljava/lang/Object;) <BRIDGE>,target=DistanceCompare:1#compare:10
Variable Write,context=DistanceCompare:1#compare:10,a=DistancePos:7
Variable Write,context=DistanceCompare:1#compare:10,b=DistancePos:5
Method Call,caller=DistanceCompare:1#compare:10,target=DistancePos:7#getDistance:19
Field Read,context=DistancePos:7,distance
Variable Write,context=DistancePos:7#getDistance:19,result=2
Method Exit,returner=DistancePos:7#getDistance:19,value=2
Variable Write,context=DistanceCompare:1#compare:10,ai=2
Method Call,caller=DistanceCompare:1#compare:10,target=DistancePos:5#getDistance:20
Field Read,context=DistancePos:5,distance
Variable Write,context=DistancePos:5#getDistance:20,result=1
Method Exit,returner=DistancePos:5#getDistance:20,value=1
Variable Write,context=DistanceCompare:1#compare:10,bi=1
Variable Write,context=DistanceCompare:1#compare:10,result=-1
Method Exit,returner=DistanceCompare:1#compare:10,value=-1
Method Call,caller=LDistanceCompare;.compare(Ljava/lang/Object;Ljava/lang/Object;) <BRIDGE>,target=DistanceCompare:1#compare:11
Variable Write,context=DistanceCompare:1#compare:11,a=DistancePos:7
Variable Write,context=DistanceCompare:1#compare:11,b=DistancePos:6
Method Call,caller=DistanceCompare:1#compare:11,target=DistancePos:7#getDistance:21
Field Read,context=DistancePos:7,distance
Variable Write,context=DistancePos:7#getDistance:21,result=2
Method Exit,returner=DistancePos:7#getDistance:21,value=2
Variable Write,context=DistanceCompare:1#compare:11,ai=2
Method Call,caller=DistanceCompare:1#compare:11,target=DistancePos:6#getDistance:22
Field Read,context=DistancePos:6,distance
Variable Write,context=DistancePos:6#getDistance:22,result=3
Method Exit,returner=DistancePos:6#getDistance:22,value=3
Variable Write,context=DistanceCompare:1#compare:11,bi=3
Variable Write,context=DistanceCompare:1#compare:11,result=1
Method Exit,returner=DistanceCompare:1#compare:11,value=1
Method Call,caller=LDistanceCompare;.compare(Ljava/lang/Object;Ljava/lang/Object;) <BRIDGE>,target=DistanceCompare:1#compare:12
Variable Write,context=DistanceCompare:1#compare:12,a=DistancePos:7
Variable Write,context=DistanceCompare:1#compare:12,b=DistancePos:2
Method Call,caller=DistanceCompare:1#compare:12,target=DistancePos:7#getDistance:23
Field Read,context=DistancePos:7,distance
Variable Write,context=DistancePos:7#getDistance:23,result=2
Method Exit,returner=DistancePos:7#getDistance:23,value=2
Variable Write,context=DistanceCompare:1#compare:12,ai=2
Method Call,caller=DistanceCompare:1#compare:12,target=DistancePos:2#getDistance:24
Field Read,context=DistancePos:2,distance
Variable Write,context=DistancePos:2#getDistance:24,result=1
Method Exit,returner=DistancePos:2#getDistance:24,value=1
Variable Write,context=DistanceCompare:1#compare:12,bi=1
Variable Write,context=DistanceCompare:1#compare:12,result=-1
Method Exit,returner=DistanceCompare:1#compare:12,value=-1
Method Call,caller=LDistanceCompare;.compare(Ljava/lang/Object;Ljava/lang/Object;) <BRIDGE>,target=DistanceCompare:1#compare:13
Variable Write,context=DistanceCompare:1#compare:13,a=DistancePos:8
Variable Write,context=DistanceCompare:1#compare:13,b=DistancePos:2
Method Call,caller=DistanceCompare:1#compare:13,target=DistancePos:8#getDistance:25
Field Read,context=DistancePos:8,distance
Variable Write,context=DistancePos:8#getDistance:25,result=1
Method Exit,returner=DistancePos:8#getDistance:25,value=1
Variable Write,context=DistanceCompare:1#compare:13,ai=1
Method Call,caller=DistanceCompare:1#compare:13,target=DistancePos:2#getDistance:26
Field Read,context=DistancePos:2,distance
Variable Write,context=DistancePos:2#getDistance:26,result=1
Method Exit,returner=DistancePos:2#getDistance:26,value=1
Variable Write,context=DistanceCompare:1#compare:13,bi=1
Variable Write,context=DistanceCompare:1#compare:13,result=0
Method Exit,returner=DistanceCompare:1#compare:13,value=0
Method Call,caller=LDistanceCompare;.compare(Ljava/lang/Object;Ljava/lang/Object;) <BRIDGE>,target=DistanceCompare:1#compare:14
Variable Write,context=DistanceCompare:1#compare:14,a=DistancePos:8
Variable Write,context=DistanceCompare:1#compare:14,b=DistancePos:3
Method Call,caller=DistanceCompare:1#compare:14,target=DistancePos:8#getDistance:27
Field Read,context=DistancePos:8,distance
Variable Write,context=DistancePos:8#getDistance:27,result=1
Method Exit,returner=DistancePos:8#getDistance:27,value=1
Variable Write,context=DistanceCompare:1#compare:14,ai=1
Method Call,caller=DistanceCompare:1#compare:14,target=DistancePos:3#getDistance:28
Field Read,context=DistancePos:3,distance
Variable Write,context=DistancePos:3#getDistance:28,result=-1
Method Exit,returner=DistancePos:3#getDistance:28,value=-1
Variable Write,context=DistanceCompare:1#compare:14,bi=-1
Variable Write,context=DistanceCompare:1#compare:14,result=-1
Method Exit,returner=DistanceCompare:1#compare:14,value=-1
Method Call,caller=LDistanceCompare;.compare(Ljava/lang/Object;Ljava/lang/Object;) <BRIDGE>,target=DistanceCompare:1#compare:15
Variable Write,context=DistanceCompare:1#compare:15,a=DistancePos:8
Variable Write,context=DistanceCompare:1#compare:15,b=DistancePos:5
Method Call,caller=DistanceCompare:1#compare:15,target=DistancePos:8#getDistance:29
Field Read,context=DistancePos:8,distance
Variable Write,context=DistancePos:8#getDistance:29,result=1
Method Exit,returner=DistancePos:8#getDistance:29,value=1
Variable Write,context=DistanceCompare:1#compare:15,ai=1
Method Call,caller=DistanceCompare:1#compare:15,target=DistancePos:5#getDistance:30
Field Read,context=DistancePos:5,distance
Variable Write,context=DistancePos:5#getDistance:30,result=1
Method Exit,returner=DistancePos:5#getDistance:30,value=1
Variable Write,context=DistanceCompare:1#compare:15,bi=1
Variable Write,context=DistanceCompare:1#compare:15,result=0
Method Exit,returner=DistanceCompare:1#compare:15,value=0
Method Call,caller=LDistanceCompare;.compare(Ljava/lang/Object;Ljava/lang/Object;) <BRIDGE>,target=DistanceCompare:1#compare:16
Variable Write,context=DistanceCompare:1#compare:16,a=DistancePos:9
Variable Write,context=DistanceCompare:1#compare:16,b=DistancePos:5
Method Call,caller=DistanceCompare:1#compare:16,target=DistancePos:9#getDistance:31
Field Read,context=DistancePos:9,distance
Variable Write,context=DistancePos:9#getDistance:31,result=1
Method Exit,returner=DistancePos:9#getDistance:31,value=1
Variable Write,context=DistanceCompare:1#compare:16,ai=1
Method Call,caller=DistanceCompare:1#compare:16,target=DistancePos:5#getDistance:32
Field Read,context=DistancePos:5,distance
Variable Write,context=DistancePos:5#getDistance:32,result=1
Method Exit,returner=DistancePos:5#getDistance:32,value=1
Variable Write,context=DistanceCompare:1#compare:16,bi=1
Variable Write,context=DistanceCompare:1#compare:16,result=0
Method Exit,returner=DistanceCompare:1#compare:16,value=0
Method Call,caller=LDistanceCompare;.compare(Ljava/lang/Object;Ljava/lang/Object;) <BRIDGE>,target=DistanceCompare:1#compare:17
Variable Write,context=DistanceCompare:1#compare:17,a=DistancePos:9
Variable Write,context=DistanceCompare:1#compare:17,b=DistancePos:3
Method Call,caller=DistanceCompare:1#compare:17,target=DistancePos:9#getDistance:33
Field Read,context=DistancePos:9,distance
Variable Write,context=DistancePos:9#getDistance:33,result=1
Method Exit,returner=DistancePos:9#getDistance:33,value=1
Variable Write,context=DistanceCompare:1#compare:17,ai=1
Method Call,caller=DistanceCompare:1#compare:17,target=DistancePos:3#getDistance:34
Field Read,context=DistancePos:3,distance
Variable Write,context=DistancePos:3#getDistance:34,result=-1
Method Exit,returner=DistancePos:3#getDistance:34,value=-1
Variable Write,context=DistanceCompare:1#compare:17,bi=-1
Variable Write,context=DistanceCompare:1#compare:17,result=-1
Method Exit,returner=DistanceCompare:1#compare:17,value=-1
Method Call,caller=LDistanceCompare;.compare(Ljava/lang/Object;Ljava/lang/Object;) <BRIDGE>,target=DistanceCompare:1#compare:18
Variable Write,context=DistanceCompare:1#compare:18,a=DistancePos:9
Variable Write,context=DistanceCompare:1#compare:18,b=DistancePos:8
Method Call,caller=DistanceCompare:1#compare:18,target=DistancePos:9#getDistance:35
Field Read,context=DistancePos:9,distance
Variable Write,context=DistancePos:9#getDistance:35,result=1
Method Exit,returner=DistancePos:9#getDistance:35,value=1
Variable Write,context=DistanceCompare:1#compare:18,ai=1
Method Call,caller=DistanceCompare:1#compare:18,target=DistancePos:8#getDistance:36
Field Read,context=DistancePos:8,distance
Variable Write,context=DistancePos:8#getDistance:36,result=1
Method Exit,returner=DistancePos:8#getDistance:36,value=1
Variable Write,context=DistanceCompare:1#compare:18,bi=1
Variable Write,context=DistanceCompare:1#compare:18,result=0
Method Exit,returner=DistanceCompare:1#compare:18,value=0
Method Call,caller=LDistanceCompare;.compare(Ljava/lang/Object;Ljava/lang/Object;) <BRIDGE>,target=DistanceCompare:1#compare:19
Variable Write,context=DistanceCompare:1#compare:19,a=DistancePos:10
Variable Write,context=DistanceCompare:1#compare:19,b=DistancePos:5
Method Call,caller=DistanceCompare:1#compare:19,target=DistancePos:10#getDistance:37
Field Read,context=DistancePos:10,distance
Variable Write,context=DistancePos:10#getDistance:37,result=5
Method Exit,returner=DistancePos:10#getDistance:37,value=5
Variable Write,context=DistanceCompare:1#compare:19,ai=5
Method Call,caller=DistanceCompare:1#compare:19,target=DistancePos:5#getDistance:38
Field Read,context=DistancePos:5,distance
Variable Write,context=DistancePos:5#getDistance:38,result=1
Method Exit,returner=DistancePos:5#getDistance:38,value=1
Variable Write,context=DistanceCompare:1#compare:19,bi=1
Variable Write,context=DistanceCompare:1#compare:19,result=-1
Method Exit,returner=DistanceCompare:1#compare:19,value=-1
Method Call,caller=LDistanceCompare;.compare(Ljava/lang/Object;Ljava/lang/Object;) <BRIDGE>,target=DistanceCompare:1#compare:20
Variable Write,context=DistanceCompare:1#compare:20,a=DistancePos:10
Variable Write,context=DistanceCompare:1#compare:20,b=DistancePos:7
Method Call,caller=DistanceCompare:1#compare:20,target=DistancePos:10#getDistance:39
Field Read,context=DistancePos:10,distance
Variable Write,context=DistancePos:10#getDistance:39,result=5
Method Exit,returner=DistancePos:10#getDistance:39,value=5
Variable Write,context=DistanceCompare:1#compare:20,ai=5
Method Call,caller=DistanceCompare:1#compare:20,target=DistancePos:7#getDistance:40
Field Read,context=DistancePos:7,distance
Variable Write,context=DistancePos:7#getDistance:40,result=2
Method Exit,returner=DistancePos:7#getDistance:40,value=2
Variable Write,context=DistanceCompare:1#compare:20,bi=2
Variable Write,context=DistanceCompare:1#compare:20,result=-1
Method Exit,returner=DistanceCompare:1#compare:20,value=-1
Method Call,caller=LDistanceCompare;.compare(Ljava/lang/Object;Ljava/lang/Object;) <BRIDGE>,target=DistanceCompare:1#compare:21
Variable Write,context=DistanceCompare:1#compare:21,a=DistancePos:10
Variable Write,context=DistanceCompare:1#compare:21,b=DistancePos:6
Method Call,caller=DistanceCompare:1#compare:21,target=DistancePos:10#getDistance:41
Field Read,context=DistancePos:10,distance
Variable Write,context=DistancePos:10#getDistance:41,result=5
Method Exit,returner=DistancePos:10#getDistance:41,value=5
Variable Write,context=DistanceCompare:1#compare:21,ai=5
Method Call,caller=DistanceCompare:1#compare:21,target=DistancePos:6#getDistance:42
Field Read,context=DistancePos:6,distance
Variable Write,context=DistancePos:6#getDistance:42,result=3
Method Exit,returner=DistancePos:6#getDistance:42,value=3
Variable Write,context=DistanceCompare:1#compare:21,bi=3
Variable Write,context=DistanceCompare:1#compare:21,result=-1
Method Exit,returner=DistanceCompare:1#compare:21,value=-1
Method Call,caller=LDistanceCompare;.compare(Ljava/lang/Object;Ljava/lang/Object;) <BRIDGE>,target=DistanceCompare:1#compare:22
Variable Write,context=DistanceCompare:1#compare:22,a=DistancePos:10
Variable Write,context=DistanceCompare:1#compare:22,b=DistancePos:1
Method Call,caller=DistanceCompare:1#compare:22,target=DistancePos:10#getDistance:43
Field Read,context=DistancePos:10,distance
Variable Write,context=DistancePos:10#getDistance:43,result=5
Method Exit,returner=DistancePos:10#getDistance:43,value=5
Variable Write,context=DistanceCompare:1#compare:22,ai=5
Method Call,caller=DistanceCompare:1#compare:22,target=DistancePos:1#getDistance:44
Field Read,context=DistancePos:1,distance
Variable Write,context=DistancePos:1#getDistance:44,result=5
Method Exit,returner=DistancePos:1#getDistance:44,value=5
Variable Write,context=DistanceCompare:1#compare:22,bi=5
Variable Write,context=DistanceCompare:1#compare:22,result=0
Method Exit,returner=DistanceCompare:1#compare:22,value=0
Method Exit,returner=LDistanceCompare;.compare(Ljava/lang/Object;Ljava/lang/Object;) <BRIDGE>,value=<void>
Method Exit,returner=Ljava/util/TimSort;.countRunAndMakeAscending([Ljava/lang/Object;IILjava/util/Comparator;),value=<void>
Method Exit,returner=Ljava/util/TimSort;.sort([Ljava/lang/Object;IILjava/util/Comparator;[Ljava/lang/Object;II),value=<void>
Method Exit,returner=Ljava/util/TimSort;.sort([Ljava/lang/Object;IILjava/util/Comparator;[Ljava/lang/Object;II),value=<void>
Method Exit,returner=Ljava/util/ArrayList;.sort(Ljava/util/Comparator;),value=<void>
New Object,object=BIT:1
Method Call,caller=Main#countMatch:1,target=BIT:1#BIT:1
Variable Write,context=BIT:1#BIT:1,e=5
New Object,object=int[]:1
Field Write,context=int[]:1,0=0
Field Write,context=int[]:1,1=0
Field Write,context=int[]:1,2=0
Field Write,context=int[]:1,3=0
Field Write,context=int[]:1,4=0
Field Write,context=int[]:1,5=0
Field Write,context=int[]:1,6=0
Field Write,context=int[]:1,7=0
Field Write,context=int[]:1,8=0
Field Write,context=int[]:1,9=0
Field Write,context=int[]:1,10=0
Field Write,context=int[]:1,11=0
Field Write,context=int[]:1,12=0
Field Write,context=int[]:1,13=0
Field Write,context=int[]:1,14=0
Field Write,context=BIT:1,bit=int[]:1
Field Read,context=BIT:1,bit
Variable Write,context=BIT:1#BIT:1,i=0
Field Read,context=BIT:1,bit
Field Read,context=BIT:1,bit
Variable Write,context=BIT:1#BIT:1,i=1
Field Read,context=BIT:1,bit
Field Read,context=BIT:1,bit
Variable Write,context=BIT:1#BIT:1,i=2
Field Read,context=BIT:1,bit
Field Read,context=BIT:1,bit
Variable Write,context=BIT:1#BIT:1,i=3
Field Read,context=BIT:1,bit
Field Read,context=BIT:1,bit
Variable Write,context=BIT:1#BIT:1,i=4
Field Read,context=BIT:1,bit
Field Read,context=BIT:1,bit
Variable Write,context=BIT:1#BIT:1,i=5
Field Read,context=BIT:1,bit
Field Read,context=BIT:1,bit
Variable Write,context=BIT:1#BIT:1,i=6
Field Read,context=BIT:1,bit
Field Read,context=BIT:1,bit
Variable Write,context=BIT:1#BIT:1,i=7
Field Read,context=BIT:1,bit
Field Read,context=BIT:1,bit
Variable Write,context=BIT:1#BIT:1,i=8
Field Read,context=BIT:1,bit
Field Read,context=BIT:1,bit
Variable Write,context=BIT:1#BIT:1,i=9
Field Read,context=BIT:1,bit
Field Read,context=BIT:1,bit
Variable Write,context=BIT:1#BIT:1,i=10
Field Read,context=BIT:1,bit
Field Read,context=BIT:1,bit
Variable Write,context=BIT:1#BIT:1,i=11
Field Read,context=BIT:1,bit
Field Read,context=BIT:1,bit
Variable Write,context=BIT:1#BIT:1,i=12
Field Read,context=BIT:1,bit
Field Read,context=BIT:1,bit
Variable Write,context=BIT:1#BIT:1,i=13
Field Read,context=BIT:1,bit
Field Read,context=BIT:1,bit
Variable Write,context=BIT:1#BIT:1,i=14
Field Read,context=BIT:1,bit
Field Read,context=BIT:1,bit
Method Exit,returner=BIT:1#BIT:1,value=<void>
Variable Delete,method=Main#countMatch:1 <name=i,type=int (id=7),value=<?>,index=2>
Variable Write,context=Main#countMatch:1,bitLeft=BIT:1
New Object,object=BIT:2
Method Call,caller=Main#countMatch:1,target=BIT:2#BIT:2
Variable Write,context=BIT:2#BIT:2,e=5
New Object,object=int[]:2
Field Write,context=int[]:2,0=0
Field Write,context=int[]:2,1=0
Field Write,context=int[]:2,2=0
Field Write,context=int[]:2,3=0
Field Write,context=int[]:2,4=0
Field Write,context=int[]:2,5=0
Field Write,context=int[]:2,6=0
Field Write,context=int[]:2,7=0
Field Write,context=int[]:2,8=0
Field Write,context=int[]:2,9=0
Field Write,context=int[]:2,10=0
Field Write,context=int[]:2,11=0
Field Write,context=int[]:2,12=0
Field Write,context=int[]:2,13=0
Field Write,context=int[]:2,14=0
Field Write,context=BIT:2,bit=int[]:2
Field Read,context=BIT:2,bit
Variable Write,context=BIT:2#BIT:2,i=0
Field Read,context=BIT:2,bit
Field Read,context=BIT:2,bit
Variable Write,context=BIT:2#BIT:2,i=1
Field Read,context=BIT:2,bit
Field Read,context=BIT:2,bit
Variable Write,context=BIT:2#BIT:2,i=2
Field Read,context=BIT:2,bit
Field Read,context=BIT:2,bit
Variable Write,context=BIT:2#BIT:2,i=3
Field Read,context=BIT:2,bit
Field Read,context=BIT:2,bit
Variable Write,context=BIT:2#BIT:2,i=4
Field Read,context=BIT:2,bit
Field Read,context=BIT:2,bit
Variable Write,context=BIT:2#BIT:2,i=5
Field Read,context=BIT:2,bit
Field Read,context=BIT:2,bit
Variable Write,context=BIT:2#BIT:2,i=6
Field Read,context=BIT:2,bit
Field Read,context=BIT:2,bit
Variable Write,context=BIT:2#BIT:2,i=7
Field Read,context=BIT:2,bit
Field Read,context=BIT:2,bit
Variable Write,context=BIT:2#BIT:2,i=8
Field Read,context=BIT:2,bit
Field Read,context=BIT:2,bit
Variable Write,context=BIT:2#BIT:2,i=9
Field Read,context=BIT:2,bit
Field Read,context=BIT:2,bit
Variable Write,context=BIT:2#BIT:2,i=10
Field Read,context=BIT:2,bit
Field Read,context=BIT:2,bit
Variable Write,context=BIT:2#BIT:2,i=11
Field Read,context=BIT:2,bit
Field Read,context=BIT:2,bit
Variable Write,context=BIT:2#BIT:2,i=12
Field Read,context=BIT:2,bit
Field Read,context=BIT:2,bit
Variable Write,context=BIT:2#BIT:2,i=13
Field Read,context=BIT:2,bit
Field Read,context=BIT:2,bit
Variable Write,context=BIT:2#BIT:2,i=14
Field Read,context=BIT:2,bit
Field Read,context=BIT:2,bit
Method Exit,returner=BIT:2#BIT:2,value=<void>
Variable Write,context=Main#countMatch:1,bitRight=BIT:2
Variable Write,context=Main#countMatch:1,result=0
Variable Write,context=Main#countMatch:1,i=0
Method Call,caller=Main#countMatch:1,target=DistancePos:1#isLeft:1
Field Read,context=DistancePos:1,left
Variable Write,context=DistancePos:1#isLeft:1,result=true
Method Exit,returner=DistancePos:1#isLeft:1,value=true
Method Call,caller=Main#countMatch:1,target=DistancePos:1#getPos:1
Field Read,context=DistancePos:1,pos
Variable Write,context=DistancePos:1#getPos:1,result=0
Method Exit,returner=DistancePos:1#getPos:1,value=0
Field Read,context=Main,L
Variable Write,context=Main#countMatch:1,result=0
Method Call,caller=Main#countMatch:1,target=DistancePos:1#getPos:2
Field Read,context=DistancePos:1,pos
Variable Write,context=DistancePos:1#getPos:2,result=0
Method Exit,returner=DistancePos:1#getPos:2,value=0
Method Call,caller=Main#countMatch:1,target=DistancePos:1#getDistance:45
Field Read,context=DistancePos:1,distance
Variable Write,context=DistancePos:1#getDistance:45,result=5
Method Exit,returner=DistancePos:1#getDistance:45,value=5
Method Call,caller=Main#countMatch:1,target=BIT:2#range:1
Variable Write,context=BIT:2#range:1,fromPos=2
Variable Write,context=BIT:2#range:1,toPos=4
Method Call,caller=BIT:2#range:1,target=BIT:2#sum:1
Variable Write,context=BIT:2#sum:1,n=5
Variable Write,context=BIT:2#sum:1,result=0
Variable Write,context=BIT:2#sum:1,i=4
Field Read,context=BIT:2,bit
Variable Write,context=BIT:2#sum:1,result=0
Variable Write,context=BIT:2#sum:1,i=3
Field Read,context=BIT:2,bit
Variable Write,context=BIT:2#sum:1,result=0
Variable Write,context=BIT:2#sum:1,result=0
Method Exit,returner=BIT:2#sum:1,value=0
Method Call,caller=BIT:2#range:1,target=BIT:2#sum:2
Variable Write,context=BIT:2#sum:2,n=2
Variable Write,context=BIT:2#sum:2,result=0
Variable Write,context=BIT:2#sum:2,i=1
Field Read,context=BIT:2,bit
Variable Write,context=BIT:2#sum:2,result=0
Variable Write,context=BIT:2#sum:2,result=0
Method Exit,returner=BIT:2#sum:2,value=0
Variable Write,context=BIT:2#range:1,result=0
Method Exit,returner=BIT:2#range:1,value=0
Variable Write,context=Main#countMatch:1,result=0
Method Call,caller=Main#countMatch:1,target=DistancePos:1#getPos:3
Field Read,context=DistancePos:1,pos
Variable Write,context=DistancePos:1#getPos:3,result=0
Method Exit,returner=DistancePos:1#getPos:3,value=0
Method Call,caller=Main#countMatch:1,target=BIT:1#add:1
Variable Write,context=BIT:1#add:1,pos=0
Variable Write,context=BIT:1#add:1,val=1
Field Read,context=BIT:1,bit
Variable Write,context=BIT:1#add:1,i=0
Field Read,context=BIT:1,bit
Field Write,context=int[]:1,0=1
Field Read,context=BIT:1,bit
Variable Write,context=BIT:1#add:1,i=1
Field Read,context=BIT:1,bit
Field Write,context=int[]:1,1=1
Field Read,context=BIT:1,bit
Variable Write,context=BIT:1#add:1,i=3
Field Read,context=BIT:1,bit
Field Write,context=int[]:1,3=1
Field Read,context=BIT:1,bit
Variable Write,context=BIT:1#add:1,i=7
Field Read,context=BIT:1,bit
Field Write,context=int[]:1,7=1
Field Read,context=BIT:1,bit
Method Exit,returner=BIT:1#add:1,value=<void>
Variable Write,context=Main#countMatch:1,i=1
Method Call,caller=Main#countMatch:1,target=DistancePos:10#isLeft:2
Field Read,context=DistancePos:10,left
Variable Write,context=DistancePos:10#isLeft:2,result=false
Method Exit,returner=DistancePos:10#isLeft:2,value=false
Method Call,caller=Main#countMatch:1,target=DistancePos:10#getPos:4
Field Read,context=DistancePos:10,pos
Variable Write,context=DistancePos:10#getPos:4,result=4
Method Exit,returner=DistancePos:10#getPos:4,value=4
Method Call,caller=Main#countMatch:1,target=DistancePos:10#getDistance:46
Field Read,context=DistancePos:10,distance
Variable Write,context=DistancePos:10#getDistance:46,result=5
Method Exit,returner=DistancePos:10#getDistance:46,value=5
Variable Write,context=Main#countMatch:1,result=0
Method Call,caller=Main#countMatch:1,target=DistancePos:10#getPos:5
Field Read,context=DistancePos:10,pos
Variable Write,context=DistancePos:10#getPos:5,result=4
Method Exit,returner=DistancePos:10#getPos:5,value=4
Field Read,context=Main,L
Method Call,caller=Main#countMatch:1,target=BIT:1#range:2
Variable Write,context=BIT:1#range:2,fromPos=0
Variable Write,context=BIT:1#range:2,toPos=2
Method Call,caller=BIT:1#range:2,target=BIT:1#sum:3
Variable Write,context=BIT:1#sum:3,n=3
Variable Write,context=BIT:1#sum:3,result=0
Variable Write,context=BIT:1#sum:3,i=2
Field Read,context=BIT:1,bit
Variable Write,context=BIT:1#sum:3,result=0
Variable Write,context=BIT:1#sum:3,i=1
Field Read,context=BIT:1,bit
Variable Write,context=BIT:1#sum:3,result=1
Variable Write,context=BIT:1#sum:3,result=1
Method Exit,returner=BIT:1#sum:3,value=1
Method Call,caller=BIT:1#range:2,target=BIT:1#sum:4
Variable Write,context=BIT:1#sum:4,n=0
Variable Write,context=BIT:1#sum:4,result=0
Variable Write,context=BIT:1#sum:4,result=0
Method Exit,returner=BIT:1#sum:4,value=0
Variable Write,context=BIT:1#range:2,result=1
Method Exit,returner=BIT:1#range:2,value=1
Variable Write,context=Main#countMatch:1,result=1
Method Call,caller=Main#countMatch:1,target=DistancePos:10#getPos:6
Field Read,context=DistancePos:10,pos
Variable Write,context=DistancePos:10#getPos:6,result=4
Method Exit,returner=DistancePos:10#getPos:6,value=4
Method Call,caller=Main#countMatch:1,target=BIT:2#add:2
Variable Write,context=BIT:2#add:2,pos=4
Variable Write,context=BIT:2#add:2,val=1
Field Read,context=BIT:2,bit
Variable Write,context=BIT:2#add:2,i=4
Field Read,context=BIT:2,bit
Field Write,context=int[]:2,4=1
Field Read,context=BIT:2,bit
Variable Write,context=BIT:2#add:2,i=5
Field Read,context=BIT:2,bit
Field Write,context=int[]:2,5=1
Field Read,context=BIT:2,bit
Variable Write,context=BIT:2#add:2,i=7
Field Read,context=BIT:2,bit
Field Write,context=int[]:2,7=1
Field Read,context=BIT:2,bit
Method Exit,returner=BIT:2#add:2,value=<void>
Variable Write,context=Main#countMatch:1,i=2
Method Call,caller=Main#countMatch:1,target=DistancePos:6#isLeft:3
Field Read,context=DistancePos:6,left
Variable Write,context=DistancePos:6#isLeft:3,result=false
Method Exit,returner=DistancePos:6#isLeft:3,value=false
Method Call,caller=Main#countMatch:1,target=DistancePos:6#getPos:7
Field Read,context=DistancePos:6,pos
Variable Write,context=DistancePos:6#getPos:7,result=2
Method Exit,returner=DistancePos:6#getPos:7,value=2
Method Call,caller=Main#countMatch:1,target=DistancePos:6#getDistance:47
Field Read,context=DistancePos:6,distance
Variable Write,context=DistancePos:6#getDistance:47,result=3
Method Exit,returner=DistancePos:6#getDistance:47,value=3
Variable Write,context=Main#countMatch:1,result=1
Method Call,caller=Main#countMatch:1,target=DistancePos:6#getPos:8
Field Read,context=DistancePos:6,pos
Variable Write,context=DistancePos:6#getPos:8,result=2
Method Exit,returner=DistancePos:6#getPos:8,value=2
Field Read,context=Main,L
Method Call,caller=Main#countMatch:1,target=BIT:1#range:3
Variable Write,context=BIT:1#range:3,fromPos=0
Variable Write,context=BIT:1#range:3,toPos=0
Method Call,caller=BIT:1#range:3,target=BIT:1#sum:5
Variable Write,context=BIT:1#sum:5,n=1
Variable Write,context=BIT:1#sum:5,result=0
Variable Write,context=BIT:1#sum:5,i=0
Field Read,context=BIT:1,bit
Variable Write,context=BIT:1#sum:5,result=1
Variable Write,context=BIT:1#sum:5,result=1
Method Exit,returner=BIT:1#sum:5,value=1
Method Call,caller=BIT:1#range:3,target=BIT:1#sum:6
Variable Write,context=BIT:1#sum:6,n=0
Variable Write,context=BIT:1#sum:6,result=0
Variable Write,context=BIT:1#sum:6,result=0
Method Exit,returner=BIT:1#sum:6,value=0
Variable Write,context=BIT:1#range:3,result=1
Method Exit,returner=BIT:1#range:3,value=1
Variable Write,context=Main#countMatch:1,result=2
Method Call,caller=Main#countMatch:1,target=DistancePos:6#getPos:9
Field Read,context=DistancePos:6,pos
Variable Write,context=DistancePos:6#getPos:9,result=2
Method Exit,returner=DistancePos:6#getPos:9,value=2
Method Call,caller=Main#countMatch:1,target=BIT:2#add:3
Variable Write,context=BIT:2#add:3,pos=2
Variable Write,context=BIT:2#add:3,val=1
Field Read,context=BIT:2,bit
Variable Write,context=BIT:2#add:3,i=2
Field Read,context=BIT:2,bit
Field Write,context=int[]:2,2=1
Field Read,context=BIT:2,bit
Variable Write,context=BIT:2#add:3,i=3
Field Read,context=BIT:2,bit
Field Write,context=int[]:2,3=1
Field Read,context=BIT:2,bit
Variable Write,context=BIT:2#add:3,i=7
Field Read,context=BIT:2,bit
Field Write,context=int[]:2,7=2
Field Read,context=BIT:2,bit
Method Exit,returner=BIT:2#add:3,value=<void>
Variable Write,context=Main#countMatch:1,i=3
Method Call,caller=Main#countMatch:1,target=DistancePos:7#isLeft:4
Field Read,context=DistancePos:7,left
Variable Write,context=DistancePos:7#isLeft:4,result=true
Method Exit,returner=DistancePos:7#isLeft:4,value=true
Method Call,caller=Main#countMatch:1,target=DistancePos:7#getPos:10
Field Read,context=DistancePos:7,pos
Variable Write,context=DistancePos:7#getPos:10,result=3
Method Exit,returner=DistancePos:7#getPos:10,value=3
Field Read,context=Main,L
Variable Write,context=Main#countMatch:1,result=2
Method Call,caller=Main#countMatch:1,target=DistancePos:7#getPos:11
Field Read,context=DistancePos:7,pos
Variable Write,context=DistancePos:7#getPos:11,result=3
Method Exit,returner=DistancePos:7#getPos:11,value=3
Method Call,caller=Main#countMatch:1,target=DistancePos:7#getDistance:48
Field Read,context=DistancePos:7,distance
Variable Write,context=DistancePos:7#getDistance:48,result=2
Method Exit,returner=DistancePos:7#getDistance:48,value=2
Method Call,caller=Main#countMatch:1,target=BIT:2#range:4
Variable Write,context=BIT:2#range:4,fromPos=5
Variable Write,context=BIT:2#range:4,toPos=4
Variable Write,context=BIT:2#range:4,result=0
Method Exit,returner=BIT:2#range:4,value=0
Variable Write,context=Main#countMatch:1,result=2
Method Call,caller=Main#countMatch:1,target=DistancePos:7#getPos:12
Field Read,context=DistancePos:7,pos
Variable Write,context=DistancePos:7#getPos:12,result=3
Method Exit,returner=DistancePos:7#getPos:12,value=3
Method Call,caller=Main#countMatch:1,target=BIT:1#add:4
Variable Write,context=BIT:1#add:4,pos=3
Variable Write,context=BIT:1#add:4,val=1
Field Read,context=BIT:1,bit
Variable Write,context=BIT:1#add:4,i=3
Field Read,context=BIT:1,bit
Field Write,context=int[]:1,3=2
Field Read,context=BIT:1,bit
Variable Write,context=BIT:1#add:4,i=7
Field Read,context=BIT:1,bit
Field Write,context=int[]:1,7=2
Field Read,context=BIT:1,bit
Method Exit,returner=BIT:1#add:4,value=<void>
Variable Write,context=Main#countMatch:1,i=4
Method Call,caller=Main#countMatch:1,target=DistancePos:2#isLeft:5
Field Read,context=DistancePos:2,left
Variable Write,context=DistancePos:2#isLeft:5,result=false
Method Exit,returner=DistancePos:2#isLeft:5,value=false
Method Call,caller=Main#countMatch:1,target=DistancePos:2#getPos:13
Field Read,context=DistancePos:2,pos
Variable Write,context=DistancePos:2#getPos:13,result=0
Method Exit,returner=DistancePos:2#getPos:13,value=0
Method Call,caller=Main#countMatch:1,target=DistancePos:2#getDistance:49
Field Read,context=DistancePos:2,distance
Variable Write,context=DistancePos:2#getDistance:49,result=1
Method Exit,returner=DistancePos:2#getDistance:49,value=1
Variable Write,context=Main#countMatch:1,result=2
Method Call,caller=Main#countMatch:1,target=DistancePos:2#getPos:14
Field Read,context=DistancePos:2,pos
Variable Write,context=DistancePos:2#getPos:14,result=0
Method Exit,returner=DistancePos:2#getPos:14,value=0
Field Read,context=Main,L
Method Call,caller=Main#countMatch:1,target=BIT:1#range:5
Variable Write,context=BIT:1#range:5,fromPos=0
Variable Write,context=BIT:1#range:5,toPos=-2
Variable Write,context=BIT:1#range:5,result=0
Method Exit,returner=BIT:1#range:5,value=0
Variable Write,context=Main#countMatch:1,result=2
Method Call,caller=Main#countMatch:1,target=DistancePos:2#getPos:15
Field Read,context=DistancePos:2,pos
Variable Write,context=DistancePos:2#getPos:15,result=0
Method Exit,returner=DistancePos:2#getPos:15,value=0
Method Call,caller=Main#countMatch:1,target=BIT:2#add:5
Variable Write,context=BIT:2#add:5,pos=0
Variable Write,context=BIT:2#add:5,val=1
Field Read,context=BIT:2,bit
Variable Write,context=BIT:2#add:5,i=0
Field Read,context=BIT:2,bit
Field Write,context=int[]:2,0=1
Field Read,context=BIT:2,bit
Variable Write,context=BIT:2#add:5,i=1
Field Read,context=BIT:2,bit
Field Write,context=int[]:2,1=1
Field Read,context=BIT:2,bit
Variable Write,context=BIT:2#add:5,i=3
Field Read,context=BIT:2,bit
Field Write,context=int[]:2,3=2
Field Read,context=BIT:2,bit
Variable Write,context=BIT:2#add:5,i=7
Field Read,context=BIT:2,bit
Field Write,context=int[]:2,7=3
Field Read,context=BIT:2,bit
Method Exit,returner=BIT:2#add:5,value=<void>
Variable Write,context=Main#countMatch:1,i=5
Method Call,caller=Main#countMatch:1,target=DistancePos:5#isLeft:6
Field Read,context=DistancePos:5,left
Variable Write,context=DistancePos:5#isLeft:6,result=true
Method Exit,returner=DistancePos:5#isLeft:6,value=true
Method Call,caller=Main#countMatch:1,target=DistancePos:5#getPos:16
Field Read,context=DistancePos:5,pos
Variable Write,context=DistancePos:5#getPos:16,result=2
Method Exit,returner=DistancePos:5#getPos:16,value=2
Field Read,context=Main,L
Variable Write,context=Main#countMatch:1,result=2
Method Call,caller=Main#countMatch:1,target=DistancePos:5#getPos:17
Field Read,context=DistancePos:5,pos
Variable Write,context=DistancePos:5#getPos:17,result=2
Method Exit,returner=DistancePos:5#getPos:17,value=2
Method Call,caller=Main#countMatch:1,target=DistancePos:5#getDistance:50
Field Read,context=DistancePos:5,distance
Variable Write,context=DistancePos:5#getDistance:50,result=1
Method Exit,returner=DistancePos:5#getDistance:50,value=1
Method Call,caller=Main#countMatch:1,target=BIT:2#range:6
Variable Write,context=BIT:2#range:6,fromPos=4
Variable Write,context=BIT:2#range:6,toPos=2
Variable Write,context=BIT:2#range:6,result=0
Method Exit,returner=BIT:2#range:6,value=0
Variable Write,context=Main#countMatch:1,result=2
Method Call,caller=Main#countMatch:1,target=DistancePos:5#getPos:18
Field Read,context=DistancePos:5,pos
Variable Write,context=DistancePos:5#getPos:18,result=2
Method Exit,returner=DistancePos:5#getPos:18,value=2
Method Call,caller=Main#countMatch:1,target=BIT:1#add:6
Variable Write,context=BIT:1#add:6,pos=2
Variable Write,context=BIT:1#add:6,val=1
Field Read,context=BIT:1,bit
Variable Write,context=BIT:1#add:6,i=2
Field Read,context=BIT:1,bit
Field Write,context=int[]:1,2=1
Field Read,context=BIT:1,bit
Variable Write,context=BIT:1#add:6,i=3
Field Read,context=BIT:1,bit
Field Write,context=int[]:1,3=3
Field Read,context=BIT:1,bit
Variable Write,context=BIT:1#add:6,i=7
Field Read,context=BIT:1,bit
Field Write,context=int[]:1,7=3
Field Read,context=BIT:1,bit
Method Exit,returner=BIT:1#add:6,value=<void>
Variable Write,context=Main#countMatch:1,i=6
Method Call,caller=Main#countMatch:1,target=DistancePos:8#isLeft:7
Field Read,context=DistancePos:8,left
Variable Write,context=DistancePos:8#isLeft:7,result=false
Method Exit,returner=DistancePos:8#isLeft:7,value=false
Method Call,caller=Main#countMatch:1,target=DistancePos:8#getPos:19
Field Read,context=DistancePos:8,pos
Variable Write,context=DistancePos:8#getPos:19,result=3
Method Exit,returner=DistancePos:8#getPos:19,value=3
Method Call,caller=Main#countMatch:1,target=DistancePos:8#getDistance:51
Field Read,context=DistancePos:8,distance
Variable Write,context=DistancePos:8#getDistance:51,result=1
Method Exit,returner=DistancePos:8#getDistance:51,value=1
Variable Write,context=Main#countMatch:1,result=2
Method Call,caller=Main#countMatch:1,target=DistancePos:8#getPos:20
Field Read,context=DistancePos:8,pos
Variable Write,context=DistancePos:8#getPos:20,result=3
Method Exit,returner=DistancePos:8#getPos:20,value=3
Field Read,context=Main,L
Method Call,caller=Main#countMatch:1,target=BIT:1#range:7
Variable Write,context=BIT:1#range:7,fromPos=3
Variable Write,context=BIT:1#range:7,toPos=1
Variable Write,context=BIT:1#range:7,result=0
Method Exit,returner=BIT:1#range:7,value=0
Variable Write,context=Main#countMatch:1,result=2
Method Call,caller=Main#countMatch:1,target=DistancePos:8#getPos:21
Field Read,context=DistancePos:8,pos
Variable Write,context=DistancePos:8#getPos:21,result=3
Method Exit,returner=DistancePos:8#getPos:21,value=3
Method Call,caller=Main#countMatch:1,target=BIT:2#add:7
Variable Write,context=BIT:2#add:7,pos=3
Variable Write,context=BIT:2#add:7,val=1
Field Read,context=BIT:2,bit
Variable Write,context=BIT:2#add:7,i=3
Field Read,context=BIT:2,bit
Field Write,context=int[]:2,3=3
Field Read,context=BIT:2,bit
Variable Write,context=BIT:2#add:7,i=7
Field Read,context=BIT:2,bit
Field Write,context=int[]:2,7=4
Field Read,context=BIT:2,bit
Method Exit,returner=BIT:2#add:7,value=<void>
Variable Write,context=Main#countMatch:1,i=7
Method Call,caller=Main#countMatch:1,target=DistancePos:9#isLeft:8
Field Read,context=DistancePos:9,left
Variable Write,context=DistancePos:9#isLeft:8,result=true
Method Exit,returner=DistancePos:9#isLeft:8,value=true
Method Call,caller=Main#countMatch:1,target=DistancePos:9#getPos:22
Field Read,context=DistancePos:9,pos
Variable Write,context=DistancePos:9#getPos:22,result=4
Method Exit,returner=DistancePos:9#getPos:22,value=4
Field Read,context=Main,L
Variable Write,context=Main#countMatch:1,result=2
Method Call,caller=Main#countMatch:1,target=DistancePos:9#getPos:23
Field Read,context=DistancePos:9,pos
Variable Write,context=DistancePos:9#getPos:23,result=4
Method Exit,returner=DistancePos:9#getPos:23,value=4
Method Call,caller=Main#countMatch:1,target=DistancePos:9#getDistance:52
Field Read,context=DistancePos:9,distance
Variable Write,context=DistancePos:9#getDistance:52,result=1
Method Exit,returner=DistancePos:9#getDistance:52,value=1
Method Call,caller=Main#countMatch:1,target=BIT:2#range:8
Variable Write,context=BIT:2#range:8,fromPos=6
Variable Write,context=BIT:2#range:8,toPos=4
Variable Write,context=BIT:2#range:8,result=0
Method Exit,returner=BIT:2#range:8,value=0
Variable Write,context=Main#countMatch:1,result=2
Method Call,caller=Main#countMatch:1,target=DistancePos:9#getPos:24
Field Read,context=DistancePos:9,pos
Variable Write,context=DistancePos:9#getPos:24,result=4
Method Exit,returner=DistancePos:9#getPos:24,value=4
Method Call,caller=Main#countMatch:1,target=BIT:1#add:8
Variable Write,context=BIT:1#add:8,pos=4
Variable Write,context=BIT:1#add:8,val=1
Field Read,context=BIT:1,bit
Variable Write,context=BIT:1#add:8,i=4
Field Read,context=BIT:1,bit
Field Write,context=int[]:1,4=1
Field Read,context=BIT:1,bit
Variable Write,context=BIT:1#add:8,i=5
Field Read,context=BIT:1,bit
Field Write,context=int[]:1,5=1
Field Read,context=BIT:1,bit
Variable Write,context=BIT:1#add:8,i=7
Field Read,context=BIT:1,bit
Field Write,context=int[]:1,7=4
Field Read,context=BIT:1,bit
Method Exit,returner=BIT:1#add:8,value=<void>
Variable Write,context=Main#countMatch:1,i=8
Method Call,caller=Main#countMatch:1,target=DistancePos:3#isLeft:9
Field Read,context=DistancePos:3,left
Variable Write,context=DistancePos:3#isLeft:9,result=true
Method Exit,returner=DistancePos:3#isLeft:9,value=true
Method Call,caller=Main#countMatch:1,target=DistancePos:3#getPos:25
Field Read,context=DistancePos:3,pos
Variable Write,context=DistancePos:3#getPos:25,result=1
Method Exit,returner=DistancePos:3#getPos:25,value=1
Field Read,context=Main,L
Variable Write,context=Main#countMatch:1,result=2
Method Call,caller=Main#countMatch:1,target=DistancePos:3#getPos:26
Field Read,context=DistancePos:3,pos
Variable Write,context=DistancePos:3#getPos:26,result=1
Method Exit,returner=DistancePos:3#getPos:26,value=1
Method Call,caller=Main#countMatch:1,target=DistancePos:3#getDistance:53
Field Read,context=DistancePos:3,distance
Variable Write,context=DistancePos:3#getDistance:53,result=-1
Method Exit,returner=DistancePos:3#getDistance:53,value=-1
Method Call,caller=Main#countMatch:1,target=BIT:2#range:9
Variable Write,context=BIT:2#range:9,fromPos=3
Variable Write,context=BIT:2#range:9,toPos=-1
Variable Write,context=BIT:2#range:9,result=0
Method Exit,returner=BIT:2#range:9,value=0
Variable Write,context=Main#countMatch:1,result=2
Method Call,caller=Main#countMatch:1,target=DistancePos:3#getPos:27
Field Read,context=DistancePos:3,pos
Variable Write,context=DistancePos:3#getPos:27,result=1
Method Exit,returner=DistancePos:3#getPos:27,value=1
Method Call,caller=Main#countMatch:1,target=BIT:1#add:9
Variable Write,context=BIT:1#add:9,pos=1
Variable Write,context=BIT:1#add:9,val=1
Field Read,context=BIT:1,bit
Variable Write,context=BIT:1#add:9,i=1
Field Read,context=BIT:1,bit
Field Write,context=int[]:1,1=2
Field Read,context=BIT:1,bit
Variable Write,context=BIT:1#add:9,i=3
Field Read,context=BIT:1,bit
Field Write,context=int[]:1,3=4
Field Read,context=BIT:1,bit
Variable Write,context=BIT:1#add:9,i=7
Field Read,context=BIT:1,bit
Field Write,context=int[]:1,7=5
Field Read,context=BIT:1,bit
Method Exit,returner=BIT:1#add:9,value=<void>
Variable Write,context=Main#countMatch:1,i=9
Method Call,caller=Main#countMatch:1,target=DistancePos:4#isLeft:10
Field Read,context=DistancePos:4,left
Variable Write,context=DistancePos:4#isLeft:10,result=false
Method Exit,returner=DistancePos:4#isLeft:10,value=false
Method Call,caller=Main#countMatch:1,target=DistancePos:4#getPos:28
Field Read,context=DistancePos:4,pos
Variable Write,context=DistancePos:4#getPos:28,result=1
Method Exit,returner=DistancePos:4#getPos:28,value=1
Method Call,caller=Main#countMatch:1,target=DistancePos:4#getDistance:54
Field Read,context=DistancePos:4,distance
Variable Write,context=DistancePos:4#getDistance:54,result=-1
Method Exit,returner=DistancePos:4#getDistance:54,value=-1
Variable Write,context=Main#countMatch:1,result=2
Method Call,caller=Main#countMatch:1,target=DistancePos:4#getPos:29
Field Read,context=DistancePos:4,pos
Variable Write,context=DistancePos:4#getPos:29,result=1
Method Exit,returner=DistancePos:4#getPos:29,value=1
Field Read,context=Main,L
Method Call,caller=Main#countMatch:1,target=BIT:1#range:10
Variable Write,context=BIT:1#range:10,fromPos=3
Variable Write,context=BIT:1#range:10,toPos=-1
Variable Write,context=BIT:1#range:10,result=0
Method Exit,returner=BIT:1#range:10,value=0
Variable Write,context=Main#countMatch:1,result=2
Method Call,caller=Main#countMatch:1,target=DistancePos:4#getPos:30
Field Read,context=DistancePos:4,pos
Variable Write,context=DistancePos:4#getPos:30,result=1
Method Exit,returner=DistancePos:4#getPos:30,value=1
Method Call,caller=Main#countMatch:1,target=BIT:2#add:10
Variable Write,context=BIT:2#add:10,pos=1
Variable Write,context=BIT:2#add:10,val=1
Field Read,context=BIT:2,bit
Variable Write,context=BIT:2#add:10,i=1
Field Read,context=BIT:2,bit
Field Write,context=int[]:2,1=2
Field Read,context=BIT:2,bit
Variable Write,context=BIT:2#add:10,i=3
Field Read,context=BIT:2,bit
Field Write,context=int[]:2,3=4
Field Read,context=BIT:2,bit
Variable Write,context=BIT:2#add:10,i=7
Field Read,context=BIT:2,bit
Field Write,context=int[]:2,7=5
Field Read,context=BIT:2,bit
Method Exit,returner=BIT:2#add:10,value=<void>
Variable Write,context=Main#countMatch:1,result=2
Method Exit,returner=Main#countMatch:1,value=2
Variable Write,context=Main#main:1,result=2
Variable Delete,method=Main#main:1 <name=i,type=int (id=7),value=<?>,index=26>
Field Read,context=Main,W
Variable Write,context=Main#main:1,x=1
Variable Delete,method=Main#main:1 <name=e,type=int (id=7),value=<?>,index=25>
Field Read,context=Main,W
Field Read,context=Main,H
Variable Write,context=Main#main:1,e=4
Variable Write,context=Main#main:1,i=0
Field Read,context=Main,fnl
Field Read,context=Main,leftupper
Field Read,context=Main,fnr
Field Read,context=Main,rightlower
Variable Write,context=Main#main:1,i=1
Field Read,context=Main,fnl
Field Read,context=Main,leftupper
Field Read,context=Main,fnr
Field Read,context=Main,rightlower
Variable Write,context=Main#main:1,i=2
Field Read,context=Main,fnl
Field Read,context=Main,leftupper
Field Read,context=Main,fnr
Field Read,context=Main,rightlower
Variable Write,context=Main#main:1,i=3
Field Read,context=Main,fnl
Field Read,context=Main,leftupper
Field Read,context=Main,fnr
Field Read,context=Main,rightlower
Method Call,caller=Main#main:1,target=Main#countMatch:2
Variable Write,context=Main#countMatch:2,e=4
Variable Write,context=Main#countMatch:2,order=java.util.ArrayList (id=405)
Variable Write,context=Main#countMatch:2,i=0
Field Read,context=Main,fnl
New Object,object=DistancePos:11
Method Call,caller=Main#countMatch:2,target=DistancePos:11#DistancePos:11
Variable Write,context=DistancePos:11#DistancePos:11,_pos=0
Variable Write,context=DistancePos:11#DistancePos:11,_left=true
Variable Write,context=DistancePos:11#DistancePos:11,_distance=1
Field Write,context=DistancePos:11,distance=1
Field Write,context=DistancePos:11,pos=0
Field Write,context=DistancePos:11,left=true
Method Exit,returner=DistancePos:11#DistancePos:11,value=<void>
Field Read,context=Main,fnr
New Object,object=DistancePos:12
Method Call,caller=Main#countMatch:2,target=DistancePos:12#DistancePos:12
Variable Write,context=DistancePos:12#DistancePos:12,_pos=0
Variable Write,context=DistancePos:12#DistancePos:12,_left=false
Variable Write,context=DistancePos:12#DistancePos:12,_distance=1
Field Write,context=DistancePos:12,distance=1
Field Write,context=DistancePos:12,pos=0
Field Write,context=DistancePos:12,left=false
Method Exit,returner=DistancePos:12#DistancePos:12,value=<void>
Variable Write,context=Main#countMatch:2,i=1
Field Read,context=Main,fnl
New Object,object=DistancePos:13
Method Call,caller=Main#countMatch:2,target=DistancePos:13#DistancePos:13
Variable Write,context=DistancePos:13#DistancePos:13,_pos=1
Variable Write,context=DistancePos:13#DistancePos:13,_left=true
Variable Write,context=DistancePos:13#DistancePos:13,_distance=2
Field Write,context=DistancePos:13,distance=2
Field Write,context=DistancePos:13,pos=1
Field Write,context=DistancePos:13,left=true
Method Exit,returner=DistancePos:13#DistancePos:13,value=<void>
Field Read,context=Main,fnr
New Object,object=DistancePos:14
Method Call,caller=Main#countMatch:2,target=DistancePos:14#DistancePos:14
Variable Write,context=DistancePos:14#DistancePos:14,_pos=1
Variable Write,context=DistancePos:14#DistancePos:14,_left=false
Variable Write,context=DistancePos:14#DistancePos:14,_distance=1
Field Write,context=DistancePos:14,distance=1
Field Write,context=DistancePos:14,pos=1
Field Write,context=DistancePos:14,left=false
Method Exit,returner=DistancePos:14#DistancePos:14,value=<void>
Variable Write,context=Main#countMatch:2,i=2
Field Read,context=Main,fnl
New Object,object=DistancePos:15
Method Call,caller=Main#countMatch:2,target=DistancePos:15#DistancePos:15
Variable Write,context=DistancePos:15#DistancePos:15,_pos=2
Variable Write,context=DistancePos:15#DistancePos:15,_left=true
Variable Write,context=DistancePos:15#DistancePos:15,_distance=2
Field Write,context=DistancePos:15,distance=2
Field Write,context=DistancePos:15,pos=2
Field Write,context=DistancePos:15,left=true
Method Exit,returner=DistancePos:15#DistancePos:15,value=<void>
Field Read,context=Main,fnr
New Object,object=DistancePos:16
Method Call,caller=Main#countMatch:2,target=DistancePos:16#DistancePos:16
Variable Write,context=DistancePos:16#DistancePos:16,_pos=2
Variable Write,context=DistancePos:16#DistancePos:16,_left=false
Variable Write,context=DistancePos:16#DistancePos:16,_distance=3
Field Write,context=DistancePos:16,distance=3
Field Write,context=DistancePos:16,pos=2
Field Write,context=DistancePos:16,left=false
Method Exit,returner=DistancePos:16#DistancePos:16,value=<void>
Variable Write,context=Main#countMatch:2,i=3
Field Read,context=Main,fnl
New Object,object=DistancePos:17
Method Call,caller=Main#countMatch:2,target=DistancePos:17#DistancePos:17
Variable Write,context=DistancePos:17#DistancePos:17,_pos=3
Variable Write,context=DistancePos:17#DistancePos:17,_left=true
Variable Write,context=DistancePos:17#DistancePos:17,_distance=1
Field Write,context=DistancePos:17,distance=1
Field Write,context=DistancePos:17,pos=3
Field Write,context=DistancePos:17,left=true
Method Exit,returner=DistancePos:17#DistancePos:17,value=<void>
Field Read,context=Main,fnr
New Object,object=DistancePos:18
Method Call,caller=Main#countMatch:2,target=DistancePos:18#DistancePos:18
Variable Write,context=DistancePos:18#DistancePos:18,_pos=3
Variable Write,context=DistancePos:18#DistancePos:18,_left=false
Variable Write,context=DistancePos:18#DistancePos:18,_distance=2
Field Write,context=DistancePos:18,distance=2
Field Write,context=DistancePos:18,pos=3
Field Write,context=DistancePos:18,left=false
Method Exit,returner=DistancePos:18#DistancePos:18,value=<void>
New Object,object=DistanceCompare:2
Method Call,caller=Main#countMatch:2,target=DistanceCompare:2#DistanceCompare:2
Method Exit,returner=DistanceCompare:2#DistanceCompare:2,value=<void>
Method Call,caller=Main#countMatch:2,target=Ljava/util/ArrayList;.sort(Ljava/util/Comparator;)
Method Call,caller=Ljava/util/ArrayList;.sort(Ljava/util/Comparator;),target=Ljava/util/ArrayList;.sort(Ljava/util/Comparator;)
Method Call,caller=Ljava/util/ArrayList;.sort(Ljava/util/Comparator;),target=Ljava/util/Arrays;.sort([Ljava/lang/Object;IILjava/util/Comparator;)
Method Call,caller=Ljava/util/Arrays;.sort([Ljava/lang/Object;IILjava/util/Comparator;),target=Ljava/util/TimSort;.sort([Ljava/lang/Object;IILjava/util/Comparator;[Ljava/lang/Object;II)
Method Call,caller=Ljava/util/TimSort;.sort([Ljava/lang/Object;IILjava/util/Comparator;[Ljava/lang/Object;II),target=Ljava/util/TimSort;.countRunAndMakeAscending([Ljava/lang/Object;IILjava/util/Comparator;)
Method Exit,returner=Ljava/util/TimSort;.countRunAndMakeAscending([Ljava/lang/Object;IILjava/util/Comparator;),value=<void>
Method Exit,returner=Ljava/util/TimSort;.sort([Ljava/lang/Object;IILjava/util/Comparator;[Ljava/lang/Object;II),value=<void>
Method Exit,returner=Ljava/util/Arrays;.sort([Ljava/lang/Object;IILjava/util/Comparator;),value=<void>
Method Exit,returner=Ljava/util/ArrayList;.sort(Ljava/util/Comparator;),value=<void>
Method Call,caller=Ljava/util/ArrayList;.sort(Ljava/util/Comparator;),target=Ljava/util/TimSort;.sort([Ljava/lang/Object;IILjava/util/Comparator;[Ljava/lang/Object;II)
Method Call,caller=Ljava/util/TimSort;.sort([Ljava/lang/Object;IILjava/util/Comparator;[Ljava/lang/Object;II),target=Ljava/util/TimSort;.sort([Ljava/lang/Object;IILjava/util/Comparator;[Ljava/lang/Object;II)
Method Call,caller=Ljava/util/TimSort;.sort([Ljava/lang/Object;IILjava/util/Comparator;[Ljava/lang/Object;II),target=Ljava/util/TimSort;.countRunAndMakeAscending([Ljava/lang/Object;IILjava/util/Comparator;)
Method Call,caller=Ljava/util/TimSort;.countRunAndMakeAscending([Ljava/lang/Object;IILjava/util/Comparator;),target=LDistanceCompare;.compare(Ljava/lang/Object;Ljava/lang/Object;) <BRIDGE>
Method Call,caller=LDistanceCompare;.compare(Ljava/lang/Object;Ljava/lang/Object;) <BRIDGE>,target=DistanceCompare:2#compare:23
Variable Write,context=DistanceCompare:2#compare:23,a=DistancePos:12
Variable Write,context=DistanceCompare:2#compare:23,b=DistancePos:11
Method Call,caller=DistanceCompare:2#compare:23,target=DistancePos:12#getDistance:55
Field Read,context=DistancePos:12,distance
Variable Write,context=DistancePos:12#getDistance:55,result=1
Method Exit,returner=DistancePos:12#getDistance:55,value=1
Variable Write,context=DistanceCompare:2#compare:23,ai=1
Method Call,caller=DistanceCompare:2#compare:23,target=DistancePos:11#getDistance:56
Field Read,context=DistancePos:11,distance
Variable Write,context=DistancePos:11#getDistance:56,result=1
Method Exit,returner=DistancePos:11#getDistance:56,value=1
Variable Write,context=DistanceCompare:2#compare:23,bi=1
Variable Write,context=DistanceCompare:2#compare:23,result=0
Method Exit,returner=DistanceCompare:2#compare:23,value=0
Method Call,caller=LDistanceCompare;.compare(Ljava/lang/Object;Ljava/lang/Object;) <BRIDGE>,target=DistanceCompare:2#compare:24
Variable Write,context=DistanceCompare:2#compare:24,a=DistancePos:13
Variable Write,context=DistanceCompare:2#compare:24,b=DistancePos:12
Method Call,caller=DistanceCompare:2#compare:24,target=DistancePos:13#getDistance:57
Field Read,context=DistancePos:13,distance
Variable Write,context=DistancePos:13#getDistance:57,result=2
Method Exit,returner=DistancePos:13#getDistance:57,value=2
Variable Write,context=DistanceCompare:2#compare:24,ai=2
Method Call,caller=DistanceCompare:2#compare:24,target=DistancePos:12#getDistance:58
Field Read,context=DistancePos:12,distance
Variable Write,context=DistancePos:12#getDistance:58,result=1
Method Exit,returner=DistancePos:12#getDistance:58,value=1
Variable Write,context=DistanceCompare:2#compare:24,bi=1
Variable Write,context=DistanceCompare:2#compare:24,result=-1
Method Exit,returner=DistanceCompare:2#compare:24,value=-1
Method Call,caller=LDistanceCompare;.compare(Ljava/lang/Object;Ljava/lang/Object;) <BRIDGE>,target=DistanceCompare:2#compare:25
Variable Write,context=DistanceCompare:2#compare:25,a=DistancePos:13
Variable Write,context=DistanceCompare:2#compare:25,b=DistancePos:12
Method Call,caller=DistanceCompare:2#compare:25,target=DistancePos:13#getDistance:59
Field Read,context=DistancePos:13,distance
Variable Write,context=DistancePos:13#getDistance:59,result=2
Method Exit,returner=DistancePos:13#getDistance:59,value=2
Variable Write,context=DistanceCompare:2#compare:25,ai=2
Method Call,caller=DistanceCompare:2#compare:25,target=DistancePos:12#getDistance:60
Field Read,context=DistancePos:12,distance
Variable Write,context=DistancePos:12#getDistance:60,result=1
Method Exit,returner=DistancePos:12#getDistance:60,value=1
Variable Write,context=DistanceCompare:2#compare:25,bi=1
Variable Write,context=DistanceCompare:2#compare:25,result=-1
Method Exit,returner=DistanceCompare:2#compare:25,value=-1
Method Call,caller=LDistanceCompare;.compare(Ljava/lang/Object;Ljava/lang/Object;) <BRIDGE>,target=DistanceCompare:2#compare:26
Variable Write,context=DistanceCompare:2#compare:26,a=DistancePos:13
Variable Write,context=DistanceCompare:2#compare:26,b=DistancePos:11
Method Call,caller=DistanceCompare:2#compare:26,target=DistancePos:13#getDistance:61
Field Read,context=DistancePos:13,distance
Variable Write,context=DistancePos:13#getDistance:61,result=2
Method Exit,returner=DistancePos:13#getDistance:61,value=2
Variable Write,context=DistanceCompare:2#compare:26,ai=2
Method Call,caller=DistanceCompare:2#compare:26,target=DistancePos:11#getDistance:62
Field Read,context=DistancePos:11,distance
Variable Write,context=DistancePos:11#getDistance:62,result=1
Method Exit,returner=DistancePos:11#getDistance:62,value=1
Variable Write,context=DistanceCompare:2#compare:26,bi=1
Variable Write,context=DistanceCompare:2#compare:26,result=-1
Method Exit,returner=DistanceCompare:2#compare:26,value=-1
Method Call,caller=LDistanceCompare;.compare(Ljava/lang/Object;Ljava/lang/Object;) <BRIDGE>,target=DistanceCompare:2#compare:27
Variable Write,context=DistanceCompare:2#compare:27,a=DistancePos:14
Variable Write,context=DistanceCompare:2#compare:27,b=DistancePos:11
Method Call,caller=DistanceCompare:2#compare:27,target=DistancePos:14#getDistance:63
Field Read,context=DistancePos:14,distance
Variable Write,context=DistancePos:14#getDistance:63,result=1
Method Exit,returner=DistancePos:14#getDistance:63,value=1
Variable Write,context=DistanceCompare:2#compare:27,ai=1
Method Call,caller=DistanceCompare:2#compare:27,target=DistancePos:11#getDistance:64
Field Read,context=DistancePos:11,distance
Variable Write,context=DistancePos:11#getDistance:64,result=1
Method Exit,returner=DistancePos:11#getDistance:64,value=1
Variable Write,context=DistanceCompare:2#compare:27,bi=1
Variable Write,context=DistanceCompare:2#compare:27,result=0
Method Exit,returner=DistanceCompare:2#compare:27,value=0
Method Call,caller=LDistanceCompare;.compare(Ljava/lang/Object;Ljava/lang/Object;) <BRIDGE>,target=DistanceCompare:2#compare:28
Variable Write,context=DistanceCompare:2#compare:28,a=DistancePos:14
Variable Write,context=DistanceCompare:2#compare:28,b=DistancePos:12
Method Call,caller=DistanceCompare:2#compare:28,target=DistancePos:14#getDistance:65
Field Read,context=DistancePos:14,distance
Variable Write,context=DistancePos:14#getDistance:65,result=1
Method Exit,returner=DistancePos:14#getDistance:65,value=1
Variable Write,context=DistanceCompare:2#compare:28,ai=1
Method Call,caller=DistanceCompare:2#compare:28,target=DistancePos:12#getDistance:66
Field Read,context=DistancePos:12,distance
Variable Write,context=DistancePos:12#getDistance:66,result=1
Method Exit,returner=DistancePos:12#getDistance:66,value=1
Variable Write,context=DistanceCompare:2#compare:28,bi=1
Variable Write,context=DistanceCompare:2#compare:28,result=0
Method Exit,returner=DistanceCompare:2#compare:28,value=0
Method Call,caller=LDistanceCompare;.compare(Ljava/lang/Object;Ljava/lang/Object;) <BRIDGE>,target=DistanceCompare:2#compare:29
Variable Write,context=DistanceCompare:2#compare:29,a=DistancePos:15
Variable Write,context=DistanceCompare:2#compare:29,b=DistancePos:12
Method Call,caller=DistanceCompare:2#compare:29,target=DistancePos:15#getDistance:67
Field Read,context=DistancePos:15,distance
Variable Write,context=DistancePos:15#getDistance:67,result=2
Method Exit,returner=DistancePos:15#getDistance:67,value=2
Variable Write,context=DistanceCompare:2#compare:29,ai=2
Method Call,caller=DistanceCompare:2#compare:29,target=DistancePos:12#getDistance:68
Field Read,context=DistancePos:12,distance
Variable Write,context=DistancePos:12#getDistance:68,result=1
Method Exit,returner=DistancePos:12#getDistance:68,value=1
Variable Write,context=DistanceCompare:2#compare:29,bi=1
Variable Write,context=DistanceCompare:2#compare:29,result=-1
Method Exit,returner=DistanceCompare:2#compare:29,value=-1
Method Call,caller=LDistanceCompare;.compare(Ljava/lang/Object;Ljava/lang/Object;) <BRIDGE>,target=DistanceCompare:2#compare:30
Variable Write,context=DistanceCompare:2#compare:30,a=DistancePos:15
Variable Write,context=DistanceCompare:2#compare:30,b=DistancePos:11
Method Call,caller=DistanceCompare:2#compare:30,target=DistancePos:15#getDistance:69
Field Read,context=DistancePos:15,distance
Variable Write,context=DistancePos:15#getDistance:69,result=2
Method Exit,returner=DistancePos:15#getDistance:69,value=2
Variable Write,context=DistanceCompare:2#compare:30,ai=2
Method Call,caller=DistanceCompare:2#compare:30,target=DistancePos:11#getDistance:70
Field Read,context=DistancePos:11,distance
Variable Write,context=DistancePos:11#getDistance:70,result=1
Method Exit,returner=DistancePos:11#getDistance:70,value=1
Variable Write,context=DistanceCompare:2#compare:30,bi=1
Variable Write,context=DistanceCompare:2#compare:30,result=-1
Method Exit,returner=DistanceCompare:2#compare:30,value=-1
Method Call,caller=LDistanceCompare;.compare(Ljava/lang/Object;Ljava/lang/Object;) <BRIDGE>,target=DistanceCompare:2#compare:31
Variable Write,context=DistanceCompare:2#compare:31,a=DistancePos:15
Variable Write,context=DistanceCompare:2#compare:31,b=DistancePos:13
Method Call,caller=DistanceCompare:2#compare:31,target=DistancePos:15#getDistance:71
Field Read,context=DistancePos:15,distance
Variable Write,context=DistancePos:15#getDistance:71,result=2
Method Exit,returner=DistancePos:15#getDistance:71,value=2
Variable Write,context=DistanceCompare:2#compare:31,ai=2
Method Call,caller=DistanceCompare:2#compare:31,target=DistancePos:13#getDistance:72
Field Read,context=DistancePos:13,distance
Variable Write,context=DistancePos:13#getDistance:72,result=2
Method Exit,returner=DistancePos:13#getDistance:72,value=2
Variable Write,context=DistanceCompare:2#compare:31,bi=2
Variable Write,context=DistanceCompare:2#compare:31,result=0
Method Exit,returner=DistanceCompare:2#compare:31,value=0
Method Call,caller=LDistanceCompare;.compare(Ljava/lang/Object;Ljava/lang/Object;) <BRIDGE>,target=DistanceCompare:2#compare:32
Variable Write,context=DistanceCompare:2#compare:32,a=DistancePos:16
Variable Write,context=DistanceCompare:2#compare:32,b=DistancePos:11
Method Call,caller=DistanceCompare:2#compare:32,target=DistancePos:16#getDistance:73
Field Read,context=DistancePos:16,distance
Variable Write,context=DistancePos:16#getDistance:73,result=3
Method Exit,returner=DistancePos:16#getDistance:73,value=3
Variable Write,context=DistanceCompare:2#compare:32,ai=3
Method Call,caller=DistanceCompare:2#compare:32,target=DistancePos:11#getDistance:74
Field Read,context=DistancePos:11,distance
Variable Write,context=DistancePos:11#getDistance:74,result=1
Method Exit,returner=DistancePos:11#getDistance:74,value=1
Variable Write,context=DistanceCompare:2#compare:32,bi=1
Variable Write,context=DistanceCompare:2#compare:32,result=-1
Method Exit,returner=DistanceCompare:2#compare:32,value=-1
Method Call,caller=LDistanceCompare;.compare(Ljava/lang/Object;Ljava/lang/Object;) <BRIDGE>,target=DistanceCompare:2#compare:33
Variable Write,context=DistanceCompare:2#compare:33,a=DistancePos:16
Variable Write,context=DistanceCompare:2#compare:33,b=DistancePos:15
Method Call,caller=DistanceCompare:2#compare:33,target=DistancePos:16#getDistance:75
Field Read,context=DistancePos:16,distance
Variable Write,context=DistancePos:16#getDistance:75,result=3
Method Exit,returner=DistancePos:16#getDistance:75,value=3
Variable Write,context=DistanceCompare:2#compare:33,ai=3
Method Call,caller=DistanceCompare:2#compare:33,target=DistancePos:15#getDistance:76
Field Read,context=DistancePos:15,distance
Variable Write,context=DistancePos:15#getDistance:76,result=2
Method Exit,returner=DistancePos:15#getDistance:76,value=2
Variable Write,context=DistanceCompare:2#compare:33,bi=2
Variable Write,context=DistanceCompare:2#compare:33,result=-1
Method Exit,returner=DistanceCompare:2#compare:33,value=-1
Method Call,caller=LDistanceCompare;.compare(Ljava/lang/Object;Ljava/lang/Object;) <BRIDGE>,target=DistanceCompare:2#compare:34
Variable Write,context=DistanceCompare:2#compare:34,a=DistancePos:16
Variable Write,context=DistanceCompare:2#compare:34,b=DistancePos:13
Method Call,caller=DistanceCompare:2#compare:34,target=DistancePos:16#getDistance:77
Field Read,context=DistancePos:16,distance
Variable Write,context=DistancePos:16#getDistance:77,result=3
Method Exit,returner=DistancePos:16#getDistance:77,value=3
Variable Write,context=DistanceCompare:2#compare:34,ai=3
Method Call,caller=DistanceCompare:2#compare:34,target=DistancePos:13#getDistance:78
Field Read,context=DistancePos:13,distance
Variable Write,context=DistancePos:13#getDistance:78,result=2
Method Exit,returner=DistancePos:13#getDistance:78,value=2
Variable Write,context=DistanceCompare:2#compare:34,bi=2
Variable Write,context=DistanceCompare:2#compare:34,result=-1
Method Exit,returner=DistanceCompare:2#compare:34,value=-1
Method Call,caller=LDistanceCompare;.compare(Ljava/lang/Object;Ljava/lang/Object;) <BRIDGE>,target=DistanceCompare:2#compare:35
Variable Write,context=DistanceCompare:2#compare:35,a=DistancePos:17
Variable Write,context=DistanceCompare:2#compare:35,b=DistancePos:11
Method Call,caller=DistanceCompare:2#compare:35,target=DistancePos:17#getDistance:79
Field Read,context=DistancePos:17,distance
Variable Write,context=DistancePos:17#getDistance:79,result=1
Method Exit,returner=DistancePos:17#getDistance:79,value=1
Variable Write,context=DistanceCompare:2#compare:35,ai=1
Method Call,caller=DistanceCompare:2#compare:35,target=DistancePos:11#getDistance:80
Field Read,context=DistancePos:11,distance
Variable Write,context=DistancePos:11#getDistance:80,result=1
Method Exit,returner=DistancePos:11#getDistance:80,value=1
Variable Write,context=DistanceCompare:2#compare:35,bi=1
Variable Write,context=DistanceCompare:2#compare:35,result=0
Method Exit,returner=DistanceCompare:2#compare:35,value=0
Method Call,caller=LDistanceCompare;.compare(Ljava/lang/Object;Ljava/lang/Object;) <BRIDGE>,target=DistanceCompare:2#compare:36
Variable Write,context=DistanceCompare:2#compare:36,a=DistancePos:17
Variable Write,context=DistanceCompare:2#compare:36,b=DistancePos:14
Method Call,caller=DistanceCompare:2#compare:36,target=DistancePos:17#getDistance:81
Field Read,context=DistancePos:17,distance
Variable Write,context=DistancePos:17#getDistance:81,result=1
Method Exit,returner=DistancePos:17#getDistance:81,value=1
Variable Write,context=DistanceCompare:2#compare:36,ai=1
Method Call,caller=DistanceCompare:2#compare:36,target=DistancePos:14#getDistance:82
Field Read,context=DistancePos:14,distance
Variable Write,context=DistancePos:14#getDistance:82,result=1
Method Exit,returner=DistancePos:14#getDistance:82,value=1
Variable Write,context=DistanceCompare:2#compare:36,bi=1
Variable Write,context=DistanceCompare:2#compare:36,result=0
Method Exit,returner=DistanceCompare:2#compare:36,value=0
Method Call,caller=LDistanceCompare;.compare(Ljava/lang/Object;Ljava/lang/Object;) <BRIDGE>,target=DistanceCompare:2#compare:37
Variable Write,context=DistanceCompare:2#compare:37,a=DistancePos:18
Variable Write,context=DistanceCompare:2#compare:37,b=DistancePos:11
Method Call,caller=DistanceCompare:2#compare:37,target=DistancePos:18#getDistance:83
Field Read,context=DistancePos:18,distance
Variable Write,context=DistancePos:18#getDistance:83,result=2
Method Exit,returner=DistancePos:18#getDistance:83,value=2
Variable Write,context=DistanceCompare:2#compare:37,ai=2
Method Call,caller=DistanceCompare:2#compare:37,target=DistancePos:11#getDistance:84
Field Read,context=DistancePos:11,distance
Variable Write,context=DistancePos:11#getDistance:84,result=1
Method Exit,returner=DistancePos:11#getDistance:84,value=1
Variable Write,context=DistanceCompare:2#compare:37,bi=1
Variable Write,context=DistanceCompare:2#compare:37,result=-1
Method Exit,returner=DistanceCompare:2#compare:37,value=-1
Method Call,caller=LDistanceCompare;.compare(Ljava/lang/Object;Ljava/lang/Object;) <BRIDGE>,target=DistanceCompare:2#compare:38
Variable Write,context=DistanceCompare:2#compare:38,a=DistancePos:18
Variable Write,context=DistanceCompare:2#compare:38,b=DistancePos:13
Method Call,caller=DistanceCompare:2#compare:38,target=DistancePos:18#getDistance:85
Field Read,context=DistancePos:18,distance
Variable Write,context=DistancePos:18#getDistance:85,result=2
Method Exit,returner=DistancePos:18#getDistance:85,value=2
Variable Write,context=DistanceCompare:2#compare:38,ai=2
Method Call,caller=DistanceCompare:2#compare:38,target=DistancePos:13#getDistance:86
Field Read,context=DistancePos:13,distance
Variable Write,context=DistancePos:13#getDistance:86,result=2
Method Exit,returner=DistancePos:13#getDistance:86,value=2
Variable Write,context=DistanceCompare:2#compare:38,bi=2
Variable Write,context=DistanceCompare:2#compare:38,result=0
Method Exit,returner=DistanceCompare:2#compare:38,value=0
Method Call,caller=LDistanceCompare;.compare(Ljava/lang/Object;Ljava/lang/Object;) <BRIDGE>,target=DistanceCompare:2#compare:39
Variable Write,context=DistanceCompare:2#compare:39,a=DistancePos:18
Variable Write,context=DistanceCompare:2#compare:39,b=DistancePos:15
Method Call,caller=DistanceCompare:2#compare:39,target=DistancePos:18#getDistance:87
Field Read,context=DistancePos:18,distance
Variable Write,context=DistancePos:18#getDistance:87,result=2
Method Exit,returner=DistancePos:18#getDistance:87,value=2
Variable Write,context=DistanceCompare:2#compare:39,ai=2
Method Call,caller=DistanceCompare:2#compare:39,target=DistancePos:15#getDistance:88
Field Read,context=DistancePos:15,distance
Variable Write,context=DistancePos:15#getDistance:88,result=2
Method Exit,returner=DistancePos:15#getDistance:88,value=2
Variable Write,context=DistanceCompare:2#compare:39,bi=2
Variable Write,context=DistanceCompare:2#compare:39,result=0
Method Exit,returner=DistanceCompare:2#compare:39,value=0
Method Exit,returner=LDistanceCompare;.compare(Ljava/lang/Object;Ljava/lang/Object;) <BRIDGE>,value=<void>
Method Exit,returner=Ljava/util/TimSort;.countRunAndMakeAscending([Ljava/lang/Object;IILjava/util/Comparator;),value=<void>
Method Exit,returner=Ljava/util/TimSort;.sort([Ljava/lang/Object;IILjava/util/Comparator;[Ljava/lang/Object;II),value=<void>
Method Exit,returner=Ljava/util/TimSort;.sort([Ljava/lang/Object;IILjava/util/Comparator;[Ljava/lang/Object;II),value=<void>
Method Exit,returner=Ljava/util/ArrayList;.sort(Ljava/util/Comparator;),value=<void>
New Object,object=BIT:3
Method Call,caller=Main#countMatch:2,target=BIT:3#BIT:3
Variable Write,context=BIT:3#BIT:3,e=4
New Object,object=int[]:3
Field Write,context=int[]:3,0=0
Field Write,context=int[]:3,1=0
Field Write,context=int[]:3,2=0
Field Write,context=int[]:3,3=0
Field Write,context=int[]:3,4=0
Field Write,context=int[]:3,5=0
Field Write,context=int[]:3,6=0
Field Write,context=int[]:3,7=0
Field Write,context=int[]:3,8=0
Field Write,context=int[]:3,9=0
Field Write,context=int[]:3,10=0
Field Write,context=int[]:3,11=0
Field Write,context=int[]:3,12=0
Field Write,context=int[]:3,13=0
Field Write,context=BIT:3,bit=int[]:3
Field Read,context=BIT:3,bit
Variable Write,context=BIT:3#BIT:3,i=0
Field Read,context=BIT:3,bit
Field Read,context=BIT:3,bit
Variable Write,context=BIT:3#BIT:3,i=1
Field Read,context=BIT:3,bit
Field Read,context=BIT:3,bit
Variable Write,context=BIT:3#BIT:3,i=2
Field Read,context=BIT:3,bit
Field Read,context=BIT:3,bit
Variable Write,context=BIT:3#BIT:3,i=3
Field Read,context=BIT:3,bit
Field Read,context=BIT:3,bit
Variable Write,context=BIT:3#BIT:3,i=4
Field Read,context=BIT:3,bit
Field Read,context=BIT:3,bit
Variable Write,context=BIT:3#BIT:3,i=5
Field Read,context=BIT:3,bit
Field Read,context=BIT:3,bit
Variable Write,context=BIT:3#BIT:3,i=6
Field Read,context=BIT:3,bit
Field Read,context=BIT:3,bit
Variable Write,context=BIT:3#BIT:3,i=7
Field Read,context=BIT:3,bit
Field Read,context=BIT:3,bit
Variable Write,context=BIT:3#BIT:3,i=8
Field Read,context=BIT:3,bit
Field Read,context=BIT:3,bit
Variable Write,context=BIT:3#BIT:3,i=9
Field Read,context=BIT:3,bit
Field Read,context=BIT:3,bit
Variable Write,context=BIT:3#BIT:3,i=10
Field Read,context=BIT:3,bit
Field Read,context=BIT:3,bit
Variable Write,context=BIT:3#BIT:3,i=11
Field Read,context=BIT:3,bit
Field Read,context=BIT:3,bit
Variable Write,context=BIT:3#BIT:3,i=12
Field Read,context=BIT:3,bit
Field Read,context=BIT:3,bit
Variable Write,context=BIT:3#BIT:3,i=13
Field Read,context=BIT:3,bit
Field Read,context=BIT:3,bit
Method Exit,returner=BIT:3#BIT:3,value=<void>
Variable Delete,method=Main#countMatch:2 <name=i,type=int (id=7),value=<?>,index=2>
Variable Write,context=Main#countMatch:2,bitLeft=BIT:3
New Object,object=BIT:4
Method Call,caller=Main#countMatch:2,target=BIT:4#BIT:4
Variable Write,context=BIT:4#BIT:4,e=4
New Object,object=int[]:4
Field Write,context=int[]:4,0=0
Field Write,context=int[]:4,1=0
Field Write,context=int[]:4,2=0
Field Write,context=int[]:4,3=0
Field Write,context=int[]:4,4=0
Field Write,context=int[]:4,5=0
Field Write,context=int[]:4,6=0
Field Write,context=int[]:4,7=0
Field Write,context=int[]:4,8=0
Field Write,context=int[]:4,9=0
Field Write,context=int[]:4,10=0
Field Write,context=int[]:4,11=0
Field Write,context=int[]:4,12=0
Field Write,context=int[]:4,13=0
Field Write,context=BIT:4,bit=int[]:4
Field Read,context=BIT:4,bit
Variable Write,context=BIT:4#BIT:4,i=0
Field Read,context=BIT:4,bit
Field Read,context=BIT:4,bit
Variable Write,context=BIT:4#BIT:4,i=1
Field Read,context=BIT:4,bit
Field Read,context=BIT:4,bit
Variable Write,context=BIT:4#BIT:4,i=2
Field Read,context=BIT:4,bit
Field Read,context=BIT:4,bit
Variable Write,context=BIT:4#BIT:4,i=3
Field Read,context=BIT:4,bit
Field Read,context=BIT:4,bit
Variable Write,context=BIT:4#BIT:4,i=4
Field Read,context=BIT:4,bit
Field Read,context=BIT:4,bit
Variable Write,context=BIT:4#BIT:4,i=5
Field Read,context=BIT:4,bit
Field Read,context=BIT:4,bit
Variable Write,context=BIT:4#BIT:4,i=6
Field Read,context=BIT:4,bit
Field Read,context=BIT:4,bit
Variable Write,context=BIT:4#BIT:4,i=7
Field Read,context=BIT:4,bit
Field Read,context=BIT:4,bit
Variable Write,context=BIT:4#BIT:4,i=8
Field Read,context=BIT:4,bit
Field Read,context=BIT:4,bit
Variable Write,context=BIT:4#BIT:4,i=9
Field Read,context=BIT:4,bit
Field Read,context=BIT:4,bit
Variable Write,context=BIT:4#BIT:4,i=10
Field Read,context=BIT:4,bit
Field Read,context=BIT:4,bit
Variable Write,context=BIT:4#BIT:4,i=11
Field Read,context=BIT:4,bit
Field Read,context=BIT:4,bit
Variable Write,context=BIT:4#BIT:4,i=12
Field Read,context=BIT:4,bit
Field Read,context=BIT:4,bit
Variable Write,context=BIT:4#BIT:4,i=13
Field Read,context=BIT:4,bit
Field Read,context=BIT:4,bit
Method Exit,returner=BIT:4#BIT:4,value=<void>
Variable Write,context=Main#countMatch:2,bitRight=BIT:4
Variable Write,context=Main#countMatch:2,result=0
Variable Write,context=Main#countMatch:2,i=0
Method Call,caller=Main#countMatch:2,target=DistancePos:16#isLeft:11
Field Read,context=DistancePos:16,left
Variable Write,context=DistancePos:16#isLeft:11,result=false
Method Exit,returner=DistancePos:16#isLeft:11,value=false
Method Call,caller=Main#countMatch:2,target=DistancePos:16#getPos:31
Field Read,context=DistancePos:16,pos
Variable Write,context=DistancePos:16#getPos:31,result=2
Method Exit,returner=DistancePos:16#getPos:31,value=2
Method Call,caller=Main#countMatch:2,target=DistancePos:16#getDistance:89
Field Read,context=DistancePos:16,distance
Variable Write,context=DistancePos:16#getDistance:89,result=3
Method Exit,returner=DistancePos:16#getDistance:89,value=3
Variable Write,context=Main#countMatch:2,result=0
Method Call,caller=Main#countMatch:2,target=DistancePos:16#getPos:32
Field Read,context=DistancePos:16,pos
Variable Write,context=DistancePos:16#getPos:32,result=2
Method Exit,returner=DistancePos:16#getPos:32,value=2
Field Read,context=Main,L
Method Call,caller=Main#countMatch:2,target=BIT:3#range:11
Variable Write,context=BIT:3#range:11,fromPos=0
Variable Write,context=BIT:3#range:11,toPos=0
Method Call,caller=BIT:3#range:11,target=BIT:3#sum:7
Variable Write,context=BIT:3#sum:7,n=1
Variable Write,context=BIT:3#sum:7,result=0
Variable Write,context=BIT:3#sum:7,i=0
Field Read,context=BIT:3,bit
Variable Write,context=BIT:3#sum:7,result=0
Variable Write,context=BIT:3#sum:7,result=0
Method Exit,returner=BIT:3#sum:7,value=0
Method Call,caller=BIT:3#range:11,target=BIT:3#sum:8
Variable Write,context=BIT:3#sum:8,n=0
Variable Write,context=BIT:3#sum:8,result=0
Variable Write,context=BIT:3#sum:8,result=0
Method Exit,returner=BIT:3#sum:8,value=0
Variable Write,context=BIT:3#range:11,result=0
Method Exit,returner=BIT:3#range:11,value=0
Variable Write,context=Main#countMatch:2,result=0
Method Call,caller=Main#countMatch:2,target=DistancePos:16#getPos:33
Field Read,context=DistancePos:16,pos
Variable Write,context=DistancePos:16#getPos:33,result=2
Method Exit,returner=DistancePos:16#getPos:33,value=2
Method Call,caller=Main#countMatch:2,target=BIT:4#add:11
Variable Write,context=BIT:4#add:11,pos=2
Variable Write,context=BIT:4#add:11,val=1
Field Read,context=BIT:4,bit
Variable Write,context=BIT:4#add:11,i=2
Field Read,context=BIT:4,bit
Field Write,context=int[]:4,2=1
Field Read,context=BIT:4,bit
Variable Write,context=BIT:4#add:11,i=3
Field Read,context=BIT:4,bit
Field Write,context=int[]:4,3=1
Field Read,context=BIT:4,bit
Variable Write,context=BIT:4#add:11,i=7
Field Read,context=BIT:4,bit
Field Write,context=int[]:4,7=1
Field Read,context=BIT:4,bit
Method Exit,returner=BIT:4#add:11,value=<void>
Variable Write,context=Main#countMatch:2,i=1
Method Call,caller=Main#countMatch:2,target=DistancePos:13#isLeft:12
Field Read,context=DistancePos:13,left
Variable Write,context=DistancePos:13#isLeft:12,result=true
Method Exit,returner=DistancePos:13#isLeft:12,value=true
Method Call,caller=Main#countMatch:2,target=DistancePos:13#getPos:34
Field Read,context=DistancePos:13,pos
Variable Write,context=DistancePos:13#getPos:34,result=1
Method Exit,returner=DistancePos:13#getPos:34,value=1
Field Read,context=Main,L
Variable Write,context=Main#countMatch:2,result=0
Method Call,caller=Main#countMatch:2,target=DistancePos:13#getPos:35
Field Read,context=DistancePos:13,pos
Variable Write,context=DistancePos:13#getPos:35,result=1
Method Exit,returner=DistancePos:13#getPos:35,value=1
Method Call,caller=Main#countMatch:2,target=DistancePos:13#getDistance:90
Field Read,context=DistancePos:13,distance
Variable Write,context=DistancePos:13#getDistance:90,result=2
Method Exit,returner=DistancePos:13#getDistance:90,value=2
Method Call,caller=Main#countMatch:2,target=BIT:4#range:12
Variable Write,context=BIT:4#range:12,fromPos=3
Variable Write,context=BIT:4#range:12,toPos=2
Variable Write,context=BIT:4#range:12,result=0
Method Exit,returner=BIT:4#range:12,value=0
Variable Write,context=Main#countMatch:2,result=0
Method Call,caller=Main#countMatch:2,target=DistancePos:13#getPos:36
Field Read,context=DistancePos:13,pos
Variable Write,context=DistancePos:13#getPos:36,result=1
Method Exit,returner=DistancePos:13#getPos:36,value=1
Method Call,caller=Main#countMatch:2,target=BIT:3#add:12
Variable Write,context=BIT:3#add:12,pos=1
Variable Write,context=BIT:3#add:12,val=1
Field Read,context=BIT:3,bit
Variable Write,context=BIT:3#add:12,i=1
Field Read,context=BIT:3,bit
Field Write,context=int[]:3,1=1
Field Read,context=BIT:3,bit
Variable Write,context=BIT:3#add:12,i=3
Field Read,context=BIT:3,bit
Field Write,context=int[]:3,3=1
Field Read,context=BIT:3,bit
Variable Write,context=BIT:3#add:12,i=7
Field Read,context=BIT:3,bit
Field Write,context=int[]:3,7=1
Field Read,context=BIT:3,bit
Method Exit,returner=BIT:3#add:12,value=<void>
Variable Write,context=Main#countMatch:2,i=2
Method Call,caller=Main#countMatch:2,target=DistancePos:15#isLeft:13
Field Read,context=DistancePos:15,left
Variable Write,context=DistancePos:15#isLeft:13,result=true
Method Exit,returner=DistancePos:15#isLeft:13,value=true
Method Call,caller=Main#countMatch:2,target=DistancePos:15#getPos:37
Field Read,context=DistancePos:15,pos
Variable Write,context=DistancePos:15#getPos:37,result=2
Method Exit,returner=DistancePos:15#getPos:37,value=2
Field Read,context=Main,L
Variable Write,context=Main#countMatch:2,result=0
Method Call,caller=Main#countMatch:2,target=DistancePos:15#getPos:38
Field Read,context=DistancePos:15,pos
Variable Write,context=DistancePos:15#getPos:38,result=2
Method Exit,returner=DistancePos:15#getPos:38,value=2
Method Call,caller=Main#countMatch:2,target=DistancePos:15#getDistance:91
Field Read,context=DistancePos:15,distance
Variable Write,context=DistancePos:15#getDistance:91,result=2
Method Exit,returner=DistancePos:15#getDistance:91,value=2
Method Call,caller=Main#countMatch:2,target=BIT:4#range:13
Variable Write,context=BIT:4#range:13,fromPos=4
Variable Write,context=BIT:4#range:13,toPos=3
Variable Write,context=BIT:4#range:13,result=0
Method Exit,returner=BIT:4#range:13,value=0
Variable Write,context=Main#countMatch:2,result=0
Method Call,caller=Main#countMatch:2,target=DistancePos:15#getPos:39
Field Read,context=DistancePos:15,pos
Variable Write,context=DistancePos:15#getPos:39,result=2
Method Exit,returner=DistancePos:15#getPos:39,value=2
Method Call,caller=Main#countMatch:2,target=BIT:3#add:13
Variable Write,context=BIT:3#add:13,pos=2
Variable Write,context=BIT:3#add:13,val=1
Field Read,context=BIT:3,bit
Variable Write,context=BIT:3#add:13,i=2
Field Read,context=BIT:3,bit
Field Write,context=int[]:3,2=1
Field Read,context=BIT:3,bit
Variable Write,context=BIT:3#add:13,i=3
Field Read,context=BIT:3,bit
Field Write,context=int[]:3,3=2
Field Read,context=BIT:3,bit
Variable Write,context=BIT:3#add:13,i=7
Field Read,context=BIT:3,bit
Field Write,context=int[]:3,7=2
Field Read,context=BIT:3,bit
Method Exit,returner=BIT:3#add:13,value=<void>
Variable Write,context=Main#countMatch:2,i=3
Method Call,caller=Main#countMatch:2,target=DistancePos:18#isLeft:14
Field Read,context=DistancePos:18,left
Variable Write,context=DistancePos:18#isLeft:14,result=false
Method Exit,returner=DistancePos:18#isLeft:14,value=false
Method Call,caller=Main#countMatch:2,target=DistancePos:18#getPos:40
Field Read,context=DistancePos:18,pos
Variable Write,context=DistancePos:18#getPos:40,result=3
Method Exit,returner=DistancePos:18#getPos:40,value=3
Method Call,caller=Main#countMatch:2,target=DistancePos:18#getDistance:92
Field Read,context=DistancePos:18,distance
Variable Write,context=DistancePos:18#getDistance:92,result=2
Method Exit,returner=DistancePos:18#getDistance:92,value=2
Variable Write,context=Main#countMatch:2,result=0
Method Call,caller=Main#countMatch:2,target=DistancePos:18#getPos:41
Field Read,context=DistancePos:18,pos
Variable Write,context=DistancePos:18#getPos:41,result=3
Method Exit,returner=DistancePos:18#getPos:41,value=3
Field Read,context=Main,L
Method Call,caller=Main#countMatch:2,target=BIT:3#range:14
Variable Write,context=BIT:3#range:14,fromPos=2
Variable Write,context=BIT:3#range:14,toPos=1
Variable Write,context=BIT:3#range:14,result=0
Method Exit,returner=BIT:3#range:14,value=0
Variable Write,context=Main#countMatch:2,result=0
Method Call,caller=Main#countMatch:2,target=DistancePos:18#getPos:42
Field Read,context=DistancePos:18,pos
Variable Write,context=DistancePos:18#getPos:42,result=3
Method Exit,returner=DistancePos:18#getPos:42,value=3
Method Call,caller=Main#countMatch:2,target=BIT:4#add:14
Variable Write,context=BIT:4#add:14,pos=3
Variable Write,context=BIT:4#add:14,val=1
Field Read,context=BIT:4,bit
Variable Write,context=BIT:4#add:14,i=3
Field Read,context=BIT:4,bit
Field Write,context=int[]:4,3=2
Field Read,context=BIT:4,bit
Variable Write,context=BIT:4#add:14,i=7
Field Read,context=BIT:4,bit
Field Write,context=int[]:4,7=2
Field Read,context=BIT:4,bit
Method Exit,returner=BIT:4#add:14,value=<void>
Variable Write,context=Main#countMatch:2,i=4
Method Call,caller=Main#countMatch:2,target=DistancePos:11#isLeft:15
Field Read,context=DistancePos:11,left
Variable Write,context=DistancePos:11#isLeft:15,result=true
Method Exit,returner=DistancePos:11#isLeft:15,value=true
Method Call,caller=Main#countMatch:2,target=DistancePos:11#getPos:43
Field Read,context=DistancePos:11,pos
Variable Write,context=DistancePos:11#getPos:43,result=0
Method Exit,returner=DistancePos:11#getPos:43,value=0
Field Read,context=Main,L
Variable Write,context=Main#countMatch:2,result=0
Method Call,caller=Main#countMatch:2,target=DistancePos:11#getPos:44
Field Read,context=DistancePos:11,pos
Variable Write,context=DistancePos:11#getPos:44,result=0
Method Exit,returner=DistancePos:11#getPos:44,value=0
Method Call,caller=Main#countMatch:2,target=DistancePos:11#getDistance:93
Field Read,context=DistancePos:11,distance
Variable Write,context=DistancePos:11#getDistance:93,result=1
Method Exit,returner=DistancePos:11#getDistance:93,value=1
Method Call,caller=Main#countMatch:2,target=BIT:4#range:15
Variable Write,context=BIT:4#range:15,fromPos=2
Variable Write,context=BIT:4#range:15,toPos=0
Variable Write,context=BIT:4#range:15,result=0
Method Exit,returner=BIT:4#range:15,value=0
Variable Write,context=Main#countMatch:2,result=0
Method Call,caller=Main#countMatch:2,target=DistancePos:11#getPos:45
Field Read,context=DistancePos:11,pos
Variable Write,context=DistancePos:11#getPos:45,result=0
Method Exit,returner=DistancePos:11#getPos:45,value=0
Method Call,caller=Main#countMatch:2,target=BIT:3#add:15
Variable Write,context=BIT:3#add:15,pos=0
Variable Write,context=BIT:3#add:15,val=1
Field Read,context=BIT:3,bit
Variable Write,context=BIT:3#add:15,i=0
Field Read,context=BIT:3,bit
Field Write,context=int[]:3,0=1
Field Read,context=BIT:3,bit
Variable Write,context=BIT:3#add:15,i=1
Field Read,context=BIT:3,bit
Field Write,context=int[]:3,1=2
Field Read,context=BIT:3,bit
Variable Write,context=BIT:3#add:15,i=3
Field Read,context=BIT:3,bit
Field Write,context=int[]:3,3=3
Field Read,context=BIT:3,bit
Variable Write,context=BIT:3#add:15,i=7
Field Read,context=BIT:3,bit
Field Write,context=int[]:3,7=3
Field Read,context=BIT:3,bit
Method Exit,returner=BIT:3#add:15,value=<void>
Variable Write,context=Main#countMatch:2,i=5
Method Call,caller=Main#countMatch:2,target=DistancePos:12#isLeft:16
Field Read,context=DistancePos:12,left
Variable Write,context=DistancePos:12#isLeft:16,result=false
Method Exit,returner=DistancePos:12#isLeft:16,value=false
Method Call,caller=Main#countMatch:2,target=DistancePos:12#getPos:46
Field Read,context=DistancePos:12,pos
Variable Write,context=DistancePos:12#getPos:46,result=0
Method Exit,returner=DistancePos:12#getPos:46,value=0
Method Call,caller=Main#countMatch:2,target=DistancePos:12#getDistance:94
Field Read,context=DistancePos:12,distance
Variable Write,context=DistancePos:12#getDistance:94,result=1
Method Exit,returner=DistancePos:12#getDistance:94,value=1
Variable Write,context=Main#countMatch:2,result=0
Method Call,caller=Main#countMatch:2,target=DistancePos:12#getPos:47
Field Read,context=DistancePos:12,pos
Variable Write,context=DistancePos:12#getPos:47,result=0
Method Exit,returner=DistancePos:12#getPos:47,value=0
Field Read,context=Main,L
Method Call,caller=Main#countMatch:2,target=BIT:3#range:16
Variable Write,context=BIT:3#range:16,fromPos=0
Variable Write,context=BIT:3#range:16,toPos=-2
Variable Write,context=BIT:3#range:16,result=0
Method Exit,returner=BIT:3#range:16,value=0
Variable Write,context=Main#countMatch:2,result=0
Method Call,caller=Main#countMatch:2,target=DistancePos:12#getPos:48
Field Read,context=DistancePos:12,pos
Variable Write,context=DistancePos:12#getPos:48,result=0
Method Exit,returner=DistancePos:12#getPos:48,value=0
Method Call,caller=Main#countMatch:2,target=BIT:4#add:16
Variable Write,context=BIT:4#add:16,pos=0
Variable Write,context=BIT:4#add:16,val=1
Field Read,context=BIT:4,bit
Variable Write,context=BIT:4#add:16,i=0
Field Read,context=BIT:4,bit
Field Write,context=int[]:4,0=1
Field Read,context=BIT:4,bit
Variable Write,context=BIT:4#add:16,i=1
Field Read,context=BIT:4,bit
Field Write,context=int[]:4,1=1
Field Read,context=BIT:4,bit
Variable Write,context=BIT:4#add:16,i=3
Field Read,context=BIT:4,bit
Field Write,context=int[]:4,3=3
Field Read,context=BIT:4,bit
Variable Write,context=BIT:4#add:16,i=7
Field Read,context=BIT:4,bit
Field Write,context=int[]:4,7=3
Field Read,context=BIT:4,bit
Method Exit,returner=BIT:4#add:16,value=<void>
Variable Write,context=Main#countMatch:2,i=6
Method Call,caller=Main#countMatch:2,target=DistancePos:14#isLeft:17
Field Read,context=DistancePos:14,left
Variable Write,context=DistancePos:14#isLeft:17,result=false
Method Exit,returner=DistancePos:14#isLeft:17,value=false
Method Call,caller=Main#countMatch:2,target=DistancePos:14#getPos:49
Field Read,context=DistancePos:14,pos
Variable Write,context=DistancePos:14#getPos:49,result=1
Method Exit,returner=DistancePos:14#getPos:49,value=1
Method Call,caller=Main#countMatch:2,target=DistancePos:14#getDistance:95
Field Read,context=DistancePos:14,distance
Variable Write,context=DistancePos:14#getDistance:95,result=1
Method Exit,returner=DistancePos:14#getDistance:95,value=1
Variable Write,context=Main#countMatch:2,result=0
Method Call,caller=Main#countMatch:2,target=DistancePos:14#getPos:50
Field Read,context=DistancePos:14,pos
Variable Write,context=DistancePos:14#getPos:50,result=1
Method Exit,returner=DistancePos:14#getPos:50,value=1
Field Read,context=Main,L
Method Call,caller=Main#countMatch:2,target=BIT:3#range:17
Variable Write,context=BIT:3#range:17,fromPos=1
Variable Write,context=BIT:3#range:17,toPos=-1
Variable Write,context=BIT:3#range:17,result=0
Method Exit,returner=BIT:3#range:17,value=0
Variable Write,context=Main#countMatch:2,result=0
Method Call,caller=Main#countMatch:2,target=DistancePos:14#getPos:51
Field Read,context=DistancePos:14,pos
Variable Write,context=DistancePos:14#getPos:51,result=1
Method Exit,returner=DistancePos:14#getPos:51,value=1
Method Call,caller=Main#countMatch:2,target=BIT:4#add:17
Variable Write,context=BIT:4#add:17,pos=1
Variable Write,context=BIT:4#add:17,val=1
Field Read,context=BIT:4,bit
Variable Write,context=BIT:4#add:17,i=1
Field Read,context=BIT:4,bit
Field Write,context=int[]:4,1=2
Field Read,context=BIT:4,bit
Variable Write,context=BIT:4#add:17,i=3
Field Read,context=BIT:4,bit
Field Write,context=int[]:4,3=4
Field Read,context=BIT:4,bit
Variable Write,context=BIT:4#add:17,i=7
Field Read,context=BIT:4,bit
Field Write,context=int[]:4,7=4
Field Read,context=BIT:4,bit
Method Exit,returner=BIT:4#add:17,value=<void>
Variable Write,context=Main#countMatch:2,i=7
Method Call,caller=Main#countMatch:2,target=DistancePos:17#isLeft:18
Field Read,context=DistancePos:17,left
Variable Write,context=DistancePos:17#isLeft:18,result=true
Method Exit,returner=DistancePos:17#isLeft:18,value=true
Method Call,caller=Main#countMatch:2,target=DistancePos:17#getPos:52
Field Read,context=DistancePos:17,pos
Variable Write,context=DistancePos:17#getPos:52,result=3
Method Exit,returner=DistancePos:17#getPos:52,value=3
Field Read,context=Main,L
Variable Write,context=Main#countMatch:2,result=0
Method Call,caller=Main#countMatch:2,target=DistancePos:17#getPos:53
Field Read,context=DistancePos:17,pos
Variable Write,context=DistancePos:17#getPos:53,result=3
Method Exit,returner=DistancePos:17#getPos:53,value=3
Method Call,caller=Main#countMatch:2,target=DistancePos:17#getDistance:96
Field Read,context=DistancePos:17,distance
Variable Write,context=DistancePos:17#getDistance:96,result=1
Method Exit,returner=DistancePos:17#getDistance:96,value=1
Method Call,caller=Main#countMatch:2,target=BIT:4#range:18
Variable Write,context=BIT:4#range:18,fromPos=5
Variable Write,context=BIT:4#range:18,toPos=3
Variable Write,context=BIT:4#range:18,result=0
Method Exit,returner=BIT:4#range:18,value=0
Variable Write,context=Main#countMatch:2,result=0
Method Call,caller=Main#countMatch:2,target=DistancePos:17#getPos:54
Field Read,context=DistancePos:17,pos
Variable Write,context=DistancePos:17#getPos:54,result=3
Method Exit,returner=DistancePos:17#getPos:54,value=3
Method Call,caller=Main#countMatch:2,target=BIT:3#add:18
Variable Write,context=BIT:3#add:18,pos=3
Variable Write,context=BIT:3#add:18,val=1
Field Read,context=BIT:3,bit
Variable Write,context=BIT:3#add:18,i=3
Field Read,context=BIT:3,bit
Field Write,context=int[]:3,3=4
Field Read,context=BIT:3,bit
Variable Write,context=BIT:3#add:18,i=7
Field Read,context=BIT:3,bit
Field Write,context=int[]:3,7=4
Field Read,context=BIT:3,bit
Method Exit,returner=BIT:3#add:18,value=<void>
Variable Write,context=Main#countMatch:2,result=0
Method Exit,returner=Main#countMatch:2,value=0
Variable Write,context=Main#main:1,result=2
Variable Delete,method=Main#main:1 <name=i,type=int (id=7),value=<?>,index=26>
Field Read,context=Main,W
Variable Write,context=Main#main:1,x=2
Variable Delete,method=Main#main:1 <name=e,type=int (id=7),value=<?>,index=25>
Field Read,context=Main,W
Field Read,context=Main,H
Variable Write,context=Main#main:1,e=3
Variable Write,context=Main#main:1,i=0
Field Read,context=Main,fnl
Field Read,context=Main,leftupper
Field Read,context=Main,fnr
Field Read,context=Main,rightlower
Variable Write,context=Main#main:1,i=1
Field Read,context=Main,fnl
Field Read,context=Main,leftupper
Field Read,context=Main,fnr
Field Read,context=Main,rightlower
Variable Write,context=Main#main:1,i=2
Field Read,context=Main,fnl
Field Read,context=Main,leftupper
Field Read,context=Main,fnr
Field Read,context=Main,rightlower
Method Call,caller=Main#main:1,target=Main#countMatch:3
Variable Write,context=Main#countMatch:3,e=3
Variable Write,context=Main#countMatch:3,order=java.util.ArrayList (id=419)
Variable Write,context=Main#countMatch:3,i=0
Field Read,context=Main,fnl
New Object,object=DistancePos:19
Method Call,caller=Main#countMatch:3,target=DistancePos:19#DistancePos:19
Variable Write,context=DistancePos:19#DistancePos:19,_pos=0
Variable Write,context=DistancePos:19#DistancePos:19,_left=true
Variable Write,context=DistancePos:19#DistancePos:19,_distance=3
Field Write,context=DistancePos:19,distance=3
Field Write,context=DistancePos:19,pos=0
Field Write,context=DistancePos:19,left=true
Method Exit,returner=DistancePos:19#DistancePos:19,value=<void>
Field Read,context=Main,fnr
New Object,object=DistancePos:20
Method Call,caller=Main#countMatch:3,target=DistancePos:20#DistancePos:20
Variable Write,context=DistancePos:20#DistancePos:20,_pos=0
Variable Write,context=DistancePos:20#DistancePos:20,_left=false
Variable Write,context=DistancePos:20#DistancePos:20,_distance=1
Field Write,context=DistancePos:20,distance=1
Field Write,context=DistancePos:20,pos=0
Field Write,context=DistancePos:20,left=false
Method Exit,returner=DistancePos:20#DistancePos:20,value=<void>
Variable Write,context=Main#countMatch:3,i=1
Field Read,context=Main,fnl
New Object,object=DistancePos:21
Method Call,caller=Main#countMatch:3,target=DistancePos:21#DistancePos:21
Variable Write,context=DistancePos:21#DistancePos:21,_pos=1
Variable Write,context=DistancePos:21#DistancePos:21,_left=true
Variable Write,context=DistancePos:21#DistancePos:21,_distance=2
Field Write,context=DistancePos:21,distance=2
Field Write,context=DistancePos:21,pos=1
Field Write,context=DistancePos:21,left=true
Method Exit,returner=DistancePos:21#DistancePos:21,value=<void>
Field Read,context=Main,fnr
New Object,object=DistancePos:22
Method Call,caller=Main#countMatch:3,target=DistancePos:22#DistancePos:22
Variable Write,context=DistancePos:22#DistancePos:22,_pos=1
Variable Write,context=DistancePos:22#DistancePos:22,_left=false
Variable Write,context=DistancePos:22#DistancePos:22,_distance=2
Field Write,context=DistancePos:22,distance=2
Field Write,context=DistancePos:22,pos=1
Field Write,context=DistancePos:22,left=false
Method Exit,returner=DistancePos:22#DistancePos:22,value=<void>
Variable Write,context=Main#countMatch:3,i=2
Field Read,context=Main,fnl
New Object,object=DistancePos:23
Method Call,caller=Main#countMatch:3,target=DistancePos:23#DistancePos:23
Variable Write,context=DistancePos:23#DistancePos:23,_pos=2
Variable Write,context=DistancePos:23#DistancePos:23,_left=true
Variable Write,context=DistancePos:23#DistancePos:23,_distance=1
Field Write,context=DistancePos:23,distance=1
Field Write,context=DistancePos:23,pos=2
Field Write,context=DistancePos:23,left=true
Method Exit,returner=DistancePos:23#DistancePos:23,value=<void>
Field Read,context=Main,fnr
New Object,object=DistancePos:24
Method Call,caller=Main#countMatch:3,target=DistancePos:24#DistancePos:24
Variable Write,context=DistancePos:24#DistancePos:24,_pos=2
Variable Write,context=DistancePos:24#DistancePos:24,_left=false
Variable Write,context=DistancePos:24#DistancePos:24,_distance=3
Field Write,context=DistancePos:24,distance=3
Field Write,context=DistancePos:24,pos=2
Field Write,context=DistancePos:24,left=false
Method Exit,returner=DistancePos:24#DistancePos:24,value=<void>
New Object,object=DistanceCompare:3
Method Call,caller=Main#countMatch:3,target=DistanceCompare:3#DistanceCompare:3
Method Exit,returner=DistanceCompare:3#DistanceCompare:3,value=<void>
Method Call,caller=Main#countMatch:3,target=Ljava/util/ArrayList;.sort(Ljava/util/Comparator;)
Method Call,caller=Ljava/util/ArrayList;.sort(Ljava/util/Comparator;),target=Ljava/util/ArrayList;.sort(Ljava/util/Comparator;)
Method Call,caller=Ljava/util/ArrayList;.sort(Ljava/util/Comparator;),target=Ljava/util/Arrays;.sort([Ljava/lang/Object;IILjava/util/Comparator;)
Method Call,caller=Ljava/util/Arrays;.sort([Ljava/lang/Object;IILjava/util/Comparator;),target=Ljava/util/TimSort;.sort([Ljava/lang/Object;IILjava/util/Comparator;[Ljava/lang/Object;II)
Method Call,caller=Ljava/util/TimSort;.sort([Ljava/lang/Object;IILjava/util/Comparator;[Ljava/lang/Object;II),target=Ljava/util/TimSort;.countRunAndMakeAscending([Ljava/lang/Object;IILjava/util/Comparator;)
Method Exit,returner=Ljava/util/TimSort;.countRunAndMakeAscending([Ljava/lang/Object;IILjava/util/Comparator;),value=<void>
Method Exit,returner=Ljava/util/TimSort;.sort([Ljava/lang/Object;IILjava/util/Comparator;[Ljava/lang/Object;II),value=<void>
Method Exit,returner=Ljava/util/Arrays;.sort([Ljava/lang/Object;IILjava/util/Comparator;),value=<void>
Method Exit,returner=Ljava/util/ArrayList;.sort(Ljava/util/Comparator;),value=<void>
Method Call,caller=Ljava/util/ArrayList;.sort(Ljava/util/Comparator;),target=Ljava/util/TimSort;.sort([Ljava/lang/Object;IILjava/util/Comparator;[Ljava/lang/Object;II)
Method Call,caller=Ljava/util/TimSort;.sort([Ljava/lang/Object;IILjava/util/Comparator;[Ljava/lang/Object;II),target=Ljava/util/TimSort;.sort([Ljava/lang/Object;IILjava/util/Comparator;[Ljava/lang/Object;II)
Method Call,caller=Ljava/util/TimSort;.sort([Ljava/lang/Object;IILjava/util/Comparator;[Ljava/lang/Object;II),target=Ljava/util/TimSort;.countRunAndMakeAscending([Ljava/lang/Object;IILjava/util/Comparator;)
Method Call,caller=Ljava/util/TimSort;.countRunAndMakeAscending([Ljava/lang/Object;IILjava/util/Comparator;),target=LDistanceCompare;.compare(Ljava/lang/Object;Ljava/lang/Object;) <BRIDGE>
Method Call,caller=LDistanceCompare;.compare(Ljava/lang/Object;Ljava/lang/Object;) <BRIDGE>,target=DistanceCompare:3#compare:40
Variable Write,context=DistanceCompare:3#compare:40,a=DistancePos:20
Variable Write,context=DistanceCompare:3#compare:40,b=DistancePos:19
Method Call,caller=DistanceCompare:3#compare:40,target=DistancePos:20#getDistance:97
Field Read,context=DistancePos:20,distance
Variable Write,context=DistancePos:20#getDistance:97,result=1
Method Exit,returner=DistancePos:20#getDistance:97,value=1
Variable Write,context=DistanceCompare:3#compare:40,ai=1
Method Call,caller=DistanceCompare:3#compare:40,target=DistancePos:19#getDistance:98
Field Read,context=DistancePos:19,distance
Variable Write,context=DistancePos:19#getDistance:98,result=3
Method Exit,returner=DistancePos:19#getDistance:98,value=3
Variable Write,context=DistanceCompare:3#compare:40,bi=3
Variable Write,context=DistanceCompare:3#compare:40,result=1
Method Exit,returner=DistanceCompare:3#compare:40,value=1
Method Call,caller=LDistanceCompare;.compare(Ljava/lang/Object;Ljava/lang/Object;) <BRIDGE>,target=DistanceCompare:3#compare:41
Variable Write,context=DistanceCompare:3#compare:41,a=DistancePos:21
Variable Write,context=DistanceCompare:3#compare:41,b=DistancePos:20
Method Call,caller=DistanceCompare:3#compare:41,target=DistancePos:21#getDistance:99
Field Read,context=DistancePos:21,distance
Variable Write,context=DistancePos:21#getDistance:99,result=2
Method Exit,returner=DistancePos:21#getDistance:99,value=2
Variable Write,context=DistanceCompare:3#compare:41,ai=2
Method Call,caller=DistanceCompare:3#compare:41,target=DistancePos:20#getDistance:100
Field Read,context=DistancePos:20,distance
Variable Write,context=DistancePos:20#getDistance:100,result=1
Method Exit,returner=DistancePos:20#getDistance:100,value=1
Variable Write,context=DistanceCompare:3#compare:41,bi=1
Variable Write,context=DistanceCompare:3#compare:41,result=-1
Method Exit,returner=DistanceCompare:3#compare:41,value=-1
Method Call,caller=LDistanceCompare;.compare(Ljava/lang/Object;Ljava/lang/Object;) <BRIDGE>,target=DistanceCompare:3#compare:42
Variable Write,context=DistanceCompare:3#compare:42,a=DistancePos:21
Variable Write,context=DistanceCompare:3#compare:42,b=DistancePos:20
Method Call,caller=DistanceCompare:3#compare:42,target=DistancePos:21#getDistance:101
Field Read,context=DistancePos:21,distance
Variable Write,context=DistancePos:21#getDistance:101,result=2
Method Exit,returner=DistancePos:21#getDistance:101,value=2
Variable Write,context=DistanceCompare:3#compare:42,ai=2
Method Call,caller=DistanceCompare:3#compare:42,target=DistancePos:20#getDistance:102
Field Read,context=DistancePos:20,distance
Variable Write,context=DistancePos:20#getDistance:102,result=1
Method Exit,returner=DistancePos:20#getDistance:102,value=1
Variable Write,context=DistanceCompare:3#compare:42,bi=1
Variable Write,context=DistanceCompare:3#compare:42,result=-1
Method Exit,returner=DistanceCompare:3#compare:42,value=-1
Method Call,caller=LDistanceCompare;.compare(Ljava/lang/Object;Ljava/lang/Object;) <BRIDGE>,target=DistanceCompare:3#compare:43
Variable Write,context=DistanceCompare:3#compare:43,a=DistancePos:21
Variable Write,context=DistanceCompare:3#compare:43,b=DistancePos:19
Method Call,caller=DistanceCompare:3#compare:43,target=DistancePos:21#getDistance:103
Field Read,context=DistancePos:21,distance
Variable Write,context=DistancePos:21#getDistance:103,result=2
Method Exit,returner=DistancePos:21#getDistance:103,value=2
Variable Write,context=DistanceCompare:3#compare:43,ai=2
Method Call,caller=DistanceCompare:3#compare:43,target=DistancePos:19#getDistance:104
Field Read,context=DistancePos:19,distance
Variable Write,context=DistancePos:19#getDistance:104,result=3
Method Exit,returner=DistancePos:19#getDistance:104,value=3
Variable Write,context=DistanceCompare:3#compare:43,bi=3
Variable Write,context=DistanceCompare:3#compare:43,result=1
Method Exit,returner=DistanceCompare:3#compare:43,value=1
Method Call,caller=LDistanceCompare;.compare(Ljava/lang/Object;Ljava/lang/Object;) <BRIDGE>,target=DistanceCompare:3#compare:44
Variable Write,context=DistanceCompare:3#compare:44,a=DistancePos:22
Variable Write,context=DistanceCompare:3#compare:44,b=DistancePos:21
Method Call,caller=DistanceCompare:3#compare:44,target=DistancePos:22#getDistance:105
Field Read,context=DistancePos:22,distance
Variable Write,context=DistancePos:22#getDistance:105,result=2
Method Exit,returner=DistancePos:22#getDistance:105,value=2
Variable Write,context=DistanceCompare:3#compare:44,ai=2
Method Call,caller=DistanceCompare:3#compare:44,target=DistancePos:21#getDistance:106
Field Read,context=DistancePos:21,distance
Variable Write,context=DistancePos:21#getDistance:106,result=2
Method Exit,returner=DistancePos:21#getDistance:106,value=2
Variable Write,context=DistanceCompare:3#compare:44,bi=2
Variable Write,context=DistanceCompare:3#compare:44,result=0
Method Exit,returner=DistanceCompare:3#compare:44,value=0
Method Call,caller=LDistanceCompare;.compare(Ljava/lang/Object;Ljava/lang/Object;) <BRIDGE>,target=DistanceCompare:3#compare:45
Variable Write,context=DistanceCompare:3#compare:45,a=DistancePos:22
Variable Write,context=DistanceCompare:3#compare:45,b=DistancePos:20
Method Call,caller=DistanceCompare:3#compare:45,target=DistancePos:22#getDistance:107
Field Read,context=DistancePos:22,distance
Variable Write,context=DistancePos:22#getDistance:107,result=2
Method Exit,returner=DistancePos:22#getDistance:107,value=2
Variable Write,context=DistanceCompare:3#compare:45,ai=2
Method Call,caller=DistanceCompare:3#compare:45,target=DistancePos:20#getDistance:108
Field Read,context=DistancePos:20,distance
Variable Write,context=DistancePos:20#getDistance:108,result=1
Method Exit,returner=DistancePos:20#getDistance:108,value=1
Variable Write,context=DistanceCompare:3#compare:45,bi=1
Variable Write,context=DistanceCompare:3#compare:45,result=-1
Method Exit,returner=DistanceCompare:3#compare:45,value=-1
Method Call,caller=LDistanceCompare;.compare(Ljava/lang/Object;Ljava/lang/Object;) <BRIDGE>,target=DistanceCompare:3#compare:46
Variable Write,context=DistanceCompare:3#compare:46,a=DistancePos:23
Variable Write,context=DistanceCompare:3#compare:46,b=DistancePos:22
Method Call,caller=DistanceCompare:3#compare:46,target=DistancePos:23#getDistance:109
Field Read,context=DistancePos:23,distance
Variable Write,context=DistancePos:23#getDistance:109,result=1
Method Exit,returner=DistancePos:23#getDistance:109,value=1
Variable Write,context=DistanceCompare:3#compare:46,ai=1
Method Call,caller=DistanceCompare:3#compare:46,target=DistancePos:22#getDistance:110
Field Read,context=DistancePos:22,distance
Variable Write,context=DistancePos:22#getDistance:110,result=2
Method Exit,returner=DistancePos:22#getDistance:110,value=2
Variable Write,context=DistanceCompare:3#compare:46,bi=2
Variable Write,context=DistanceCompare:3#compare:46,result=1
Method Exit,returner=DistanceCompare:3#compare:46,value=1
Method Call,caller=LDistanceCompare;.compare(Ljava/lang/Object;Ljava/lang/Object;) <BRIDGE>,target=DistanceCompare:3#compare:47
Variable Write,context=DistanceCompare:3#compare:47,a=DistancePos:23
Variable Write,context=DistanceCompare:3#compare:47,b=DistancePos:20
Method Call,caller=DistanceCompare:3#compare:47,target=DistancePos:23#getDistance:111
Field Read,context=DistancePos:23,distance
Variable Write,context=DistancePos:23#getDistance:111,result=1
Method Exit,returner=DistancePos:23#getDistance:111,value=1
Variable Write,context=DistanceCompare:3#compare:47,ai=1
Method Call,caller=DistanceCompare:3#compare:47,target=DistancePos:20#getDistance:112
Field Read,context=DistancePos:20,distance
Variable Write,context=DistancePos:20#getDistance:112,result=1
Method Exit,returner=DistancePos:20#getDistance:112,value=1
Variable Write,context=DistanceCompare:3#compare:47,bi=1
Variable Write,context=DistanceCompare:3#compare:47,result=0
Method Exit,returner=DistanceCompare:3#compare:47,value=0
Method Call,caller=LDistanceCompare;.compare(Ljava/lang/Object;Ljava/lang/Object;) <BRIDGE>,target=DistanceCompare:3#compare:48
Variable Write,context=DistanceCompare:3#compare:48,a=DistancePos:24
Variable Write,context=DistanceCompare:3#compare:48,b=DistancePos:22
Method Call,caller=DistanceCompare:3#compare:48,target=DistancePos:24#getDistance:113
Field Read,context=DistancePos:24,distance
Variable Write,context=DistancePos:24#getDistance:113,result=3
Method Exit,returner=DistancePos:24#getDistance:113,value=3
Variable Write,context=DistanceCompare:3#compare:48,ai=3
Method Call,caller=DistanceCompare:3#compare:48,target=DistancePos:22#getDistance:114
Field Read,context=DistancePos:22,distance
Variable Write,context=DistancePos:22#getDistance:114,result=2
Method Exit,returner=DistancePos:22#getDistance:114,value=2
Variable Write,context=DistanceCompare:3#compare:48,bi=2
Variable Write,context=DistanceCompare:3#compare:48,result=-1
Method Exit,returner=DistanceCompare:3#compare:48,value=-1
Method Call,caller=LDistanceCompare;.compare(Ljava/lang/Object;Ljava/lang/Object;) <BRIDGE>,target=DistanceCompare:3#compare:49
Variable Write,context=DistanceCompare:3#compare:49,a=DistancePos:24
Variable Write,context=DistanceCompare:3#compare:49,b=DistancePos:21
Method Call,caller=DistanceCompare:3#compare:49,target=DistancePos:24#getDistance:115
Field Read,context=DistancePos:24,distance
Variable Write,context=DistancePos:24#getDistance:115,result=3
Method Exit,returner=DistancePos:24#getDistance:115,value=3
Variable Write,context=DistanceCompare:3#compare:49,ai=3
Method Call,caller=DistanceCompare:3#compare:49,target=DistancePos:21#getDistance:116
Field Read,context=DistancePos:21,distance
Variable Write,context=DistancePos:21#getDistance:116,result=2
Method Exit,returner=DistancePos:21#getDistance:116,value=2
Variable Write,context=DistanceCompare:3#compare:49,bi=2
Variable Write,context=DistanceCompare:3#compare:49,result=-1
Method Exit,returner=DistanceCompare:3#compare:49,value=-1
Method Call,caller=LDistanceCompare;.compare(Ljava/lang/Object;Ljava/lang/Object;) <BRIDGE>,target=DistanceCompare:3#compare:50
Variable Write,context=DistanceCompare:3#compare:50,a=DistancePos:24
Variable Write,context=DistanceCompare:3#compare:50,b=DistancePos:19
Method Call,caller=DistanceCompare:3#compare:50,target=DistancePos:24#getDistance:117
Field Read,context=DistancePos:24,distance
Variable Write,context=DistancePos:24#getDistance:117,result=3
Method Exit,returner=DistancePos:24#getDistance:117,value=3
Variable Write,context=DistanceCompare:3#compare:50,ai=3
Method Call,caller=DistanceCompare:3#compare:50,target=DistancePos:19#getDistance:118
Field Read,context=DistancePos:19,distance
Variable Write,context=DistancePos:19#getDistance:118,result=3
Method Exit,returner=DistancePos:19#getDistance:118,value=3
Variable Write,context=DistanceCompare:3#compare:50,bi=3
Variable Write,context=DistanceCompare:3#compare:50,result=0
Method Exit,returner=DistanceCompare:3#compare:50,value=0
Method Exit,returner=LDistanceCompare;.compare(Ljava/lang/Object;Ljava/lang/Object;) <BRIDGE>,value=<void>
Method Exit,returner=Ljava/util/TimSort;.countRunAndMakeAscending([Ljava/lang/Object;IILjava/util/Comparator;),value=<void>
Method Exit,returner=Ljava/util/TimSort;.sort([Ljava/lang/Object;IILjava/util/Comparator;[Ljava/lang/Object;II),value=<void>
Method Exit,returner=Ljava/util/TimSort;.sort([Ljava/lang/Object;IILjava/util/Comparator;[Ljava/lang/Object;II),value=<void>
Method Exit,returner=Ljava/util/ArrayList;.sort(Ljava/util/Comparator;),value=<void>
New Object,object=BIT:5
Method Call,caller=Main#countMatch:3,target=BIT:5#BIT:5
Variable Write,context=BIT:5#BIT:5,e=3
New Object,object=int[]:5
Field Write,context=int[]:5,0=0
Field Write,context=int[]:5,1=0
Field Write,context=int[]:5,2=0
Field Write,context=int[]:5,3=0
Field Write,context=int[]:5,4=0
Field Write,context=int[]:5,5=0
Field Write,context=int[]:5,6=0
Field Write,context=int[]:5,7=0
Field Write,context=int[]:5,8=0
Field Write,context=int[]:5,9=0
Field Write,context=int[]:5,10=0
Field Write,context=int[]:5,11=0
Field Write,context=int[]:5,12=0
Field Write,context=BIT:5,bit=int[]:5
Field Read,context=BIT:5,bit
Variable Write,context=BIT:5#BIT:5,i=0
Field Read,context=BIT:5,bit
Field Read,context=BIT:5,bit
Variable Write,context=BIT:5#BIT:5,i=1
Field Read,context=BIT:5,bit
Field Read,context=BIT:5,bit
Variable Write,context=BIT:5#BIT:5,i=2
Field Read,context=BIT:5,bit
Field Read,context=BIT:5,bit
Variable Write,context=BIT:5#BIT:5,i=3
Field Read,context=BIT:5,bit
Field Read,context=BIT:5,bit
Variable Write,context=BIT:5#BIT:5,i=4
Field Read,context=BIT:5,bit
Field Read,context=BIT:5,bit
Variable Write,context=BIT:5#BIT:5,i=5
Field Read,context=BIT:5,bit
Field Read,context=BIT:5,bit
Variable Write,context=BIT:5#BIT:5,i=6
Field Read,context=BIT:5,bit
Field Read,context=BIT:5,bit
Variable Write,context=BIT:5#BIT:5,i=7
Field Read,context=BIT:5,bit
Field Read,context=BIT:5,bit
Variable Write,context=BIT:5#BIT:5,i=8
Field Read,context=BIT:5,bit
Field Read,context=BIT:5,bit
Variable Write,context=BIT:5#BIT:5,i=9
Field Read,context=BIT:5,bit
Field Read,context=BIT:5,bit
Variable Write,context=BIT:5#BIT:5,i=10
Field Read,context=BIT:5,bit
Field Read,context=BIT:5,bit
Variable Write,context=BIT:5#BIT:5,i=11
Field Read,context=BIT:5,bit
Field Read,context=BIT:5,bit
Variable Write,context=BIT:5#BIT:5,i=12
Field Read,context=BIT:5,bit
Field Read,context=BIT:5,bit
Method Exit,returner=BIT:5#BIT:5,value=<void>
Variable Delete,method=Main#countMatch:3 <name=i,type=int (id=7),value=<?>,index=2>
Variable Write,context=Main#countMatch:3,bitLeft=BIT:5
New Object,object=BIT:6
Method Call,caller=Main#countMatch:3,target=BIT:6#BIT:6
Variable Write,context=BIT:6#BIT:6,e=3
New Object,object=int[]:6
Field Write,context=int[]:6,0=0
Field Write,context=int[]:6,1=0
Field Write,context=int[]:6,2=0
Field Write,context=int[]:6,3=0
Field Write,context=int[]:6,4=0
Field Write,context=int[]:6,5=0
Field Write,context=int[]:6,6=0
Field Write,context=int[]:6,7=0
Field Write,context=int[]:6,8=0
Field Write,context=int[]:6,9=0
Field Write,context=int[]:6,10=0
Field Write,context=int[]:6,11=0
Field Write,context=int[]:6,12=0
Field Write,context=BIT:6,bit=int[]:6
Field Read,context=BIT:6,bit
Variable Write,context=BIT:6#BIT:6,i=0
Field Read,context=BIT:6,bit
Field Read,context=BIT:6,bit
Variable Write,context=BIT:6#BIT:6,i=1
Field Read,context=BIT:6,bit
Field Read,context=BIT:6,bit
Variable Write,context=BIT:6#BIT:6,i=2
Field Read,context=BIT:6,bit
Field Read,context=BIT:6,bit
Variable Write,context=BIT:6#BIT:6,i=3
Field Read,context=BIT:6,bit
Field Read,context=BIT:6,bit
Variable Write,context=BIT:6#BIT:6,i=4
Field Read,context=BIT:6,bit
Field Read,context=BIT:6,bit
Variable Write,context=BIT:6#BIT:6,i=5
Field Read,context=BIT:6,bit
Field Read,context=BIT:6,bit
Variable Write,context=BIT:6#BIT:6,i=6
Field Read,context=BIT:6,bit
Field Read,context=BIT:6,bit
Variable Write,context=BIT:6#BIT:6,i=7
Field Read,context=BIT:6,bit
Field Read,context=BIT:6,bit
Variable Write,context=BIT:6#BIT:6,i=8
Field Read,context=BIT:6,bit
Field Read,context=BIT:6,bit
Variable Write,context=BIT:6#BIT:6,i=9
Field Read,context=BIT:6,bit
Field Read,context=BIT:6,bit
Variable Write,context=BIT:6#BIT:6,i=10
Field Read,context=BIT:6,bit
Field Read,context=BIT:6,bit
Variable Write,context=BIT:6#BIT:6,i=11
Field Read,context=BIT:6,bit
Field Read,context=BIT:6,bit
Variable Write,context=BIT:6#BIT:6,i=12
Field Read,context=BIT:6,bit
Field Read,context=BIT:6,bit
Method Exit,returner=BIT:6#BIT:6,value=<void>
Variable Write,context=Main#countMatch:3,bitRight=BIT:6
Variable Write,context=Main#countMatch:3,result=0
Variable Write,context=Main#countMatch:3,i=0
Method Call,caller=Main#countMatch:3,target=DistancePos:19#isLeft:19
Field Read,context=DistancePos:19,left
Variable Write,context=DistancePos:19#isLeft:19,result=true
Method Exit,returner=DistancePos:19#isLeft:19,value=true
Method Call,caller=Main#countMatch:3,target=DistancePos:19#getPos:55
Field Read,context=DistancePos:19,pos
Variable Write,context=DistancePos:19#getPos:55,result=0
Method Exit,returner=DistancePos:19#getPos:55,value=0
Field Read,context=Main,L
Variable Write,context=Main#countMatch:3,result=0
Method Call,caller=Main#countMatch:3,target=DistancePos:19#getPos:56
Field Read,context=DistancePos:19,pos
Variable Write,context=DistancePos:19#getPos:56,result=0
Method Exit,returner=DistancePos:19#getPos:56,value=0
Method Call,caller=Main#countMatch:3,target=DistancePos:19#getDistance:119
Field Read,context=DistancePos:19,distance
Variable Write,context=DistancePos:19#getDistance:119,result=3
Method Exit,returner=DistancePos:19#getDistance:119,value=3
Method Call,caller=Main#countMatch:3,target=BIT:6#range:19
Variable Write,context=BIT:6#range:19,fromPos=2
Variable Write,context=BIT:6#range:19,toPos=2
Method Call,caller=BIT:6#range:19,target=BIT:6#sum:9
Variable Write,context=BIT:6#sum:9,n=3
Variable Write,context=BIT:6#sum:9,result=0
Variable Write,context=BIT:6#sum:9,i=2
Field Read,context=BIT:6,bit
Variable Write,context=BIT:6#sum:9,result=0
Variable Write,context=BIT:6#sum:9,i=1
Field Read,context=BIT:6,bit
Variable Write,context=BIT:6#sum:9,result=0
Variable Write,context=BIT:6#sum:9,result=0
Method Exit,returner=BIT:6#sum:9,value=0
Method Call,caller=BIT:6#range:19,target=BIT:6#sum:10
Variable Write,context=BIT:6#sum:10,n=2
Variable Write,context=BIT:6#sum:10,result=0
Variable Write,context=BIT:6#sum:10,i=1
Field Read,context=BIT:6,bit
Variable Write,context=BIT:6#sum:10,result=0
Variable Write,context=BIT:6#sum:10,result=0
Method Exit,returner=BIT:6#sum:10,value=0
Variable Write,context=BIT:6#range:19,result=0
Method Exit,returner=BIT:6#range:19,value=0
Variable Write,context=Main#countMatch:3,result=0
Method Call,caller=Main#countMatch:3,target=DistancePos:19#getPos:57
Field Read,context=DistancePos:19,pos
Variable Write,context=DistancePos:19#getPos:57,result=0
Method Exit,returner=DistancePos:19#getPos:57,value=0
Method Call,caller=Main#countMatch:3,target=BIT:5#add:19
Variable Write,context=BIT:5#add:19,pos=0
Variable Write,context=BIT:5#add:19,val=1
Field Read,context=BIT:5,bit
Variable Write,context=BIT:5#add:19,i=0
Field Read,context=BIT:5,bit
Field Write,context=int[]:5,0=1
Field Read,context=BIT:5,bit
Variable Write,context=BIT:5#add:19,i=1
Field Read,context=BIT:5,bit
Field Write,context=int[]:5,1=1
Field Read,context=BIT:5,bit
Variable Write,context=BIT:5#add:19,i=3
Field Read,context=BIT:5,bit
Field Write,context=int[]:5,3=1
Field Read,context=BIT:5,bit
Variable Write,context=BIT:5#add:19,i=7
Field Read,context=BIT:5,bit
Field Write,context=int[]:5,7=1
Field Read,context=BIT:5,bit
Method Exit,returner=BIT:5#add:19,value=<void>
Variable Write,context=Main#countMatch:3,i=1
Method Call,caller=Main#countMatch:3,target=DistancePos:24#isLeft:20
Field Read,context=DistancePos:24,left
Variable Write,context=DistancePos:24#isLeft:20,result=false
Method Exit,returner=DistancePos:24#isLeft:20,value=false
Method Call,caller=Main#countMatch:3,target=DistancePos:24#getPos:58
Field Read,context=DistancePos:24,pos
Variable Write,context=DistancePos:24#getPos:58,result=2
Method Exit,returner=DistancePos:24#getPos:58,value=2
Method Call,caller=Main#countMatch:3,target=DistancePos:24#getDistance:120
Field Read,context=DistancePos:24,distance
Variable Write,context=DistancePos:24#getDistance:120,result=3
Method Exit,returner=DistancePos:24#getDistance:120,value=3
Variable Write,context=Main#countMatch:3,result=0
Method Call,caller=Main#countMatch:3,target=DistancePos:24#getPos:59
Field Read,context=DistancePos:24,pos
Variable Write,context=DistancePos:24#getPos:59,result=2
Method Exit,returner=DistancePos:24#getPos:59,value=2
Field Read,context=Main,L
Method Call,caller=Main#countMatch:3,target=BIT:5#range:20
Variable Write,context=BIT:5#range:20,fromPos=0
Variable Write,context=BIT:5#range:20,toPos=0
Method Call,caller=BIT:5#range:20,target=BIT:5#sum:11
Variable Write,context=BIT:5#sum:11,n=1
Variable Write,context=BIT:5#sum:11,result=0
Variable Write,context=BIT:5#sum:11,i=0
Field Read,context=BIT:5,bit
Variable Write,context=BIT:5#sum:11,result=1
Variable Write,context=BIT:5#sum:11,result=1
Method Exit,returner=BIT:5#sum:11,value=1
Method Call,caller=BIT:5#range:20,target=BIT:5#sum:12
Variable Write,context=BIT:5#sum:12,n=0
Variable Write,context=BIT:5#sum:12,result=0
Variable Write,context=BIT:5#sum:12,result=0
Method Exit,returner=BIT:5#sum:12,value=0
Variable Write,context=BIT:5#range:20,result=1
Method Exit,returner=BIT:5#range:20,value=1
Variable Write,context=Main#countMatch:3,result=1
Method Call,caller=Main#countMatch:3,target=DistancePos:24#getPos:60
Field Read,context=DistancePos:24,pos
Variable Write,context=DistancePos:24#getPos:60,result=2
Method Exit,returner=DistancePos:24#getPos:60,value=2
Method Call,caller=Main#countMatch:3,target=BIT:6#add:20
Variable Write,context=BIT:6#add:20,pos=2
Variable Write,context=BIT:6#add:20,val=1
Field Read,context=BIT:6,bit
Variable Write,context=BIT:6#add:20,i=2
Field Read,context=BIT:6,bit
Field Write,context=int[]:6,2=1
Field Read,context=BIT:6,bit
Variable Write,context=BIT:6#add:20,i=3
Field Read,context=BIT:6,bit
Field Write,context=int[]:6,3=1
Field Read,context=BIT:6,bit
Variable Write,context=BIT:6#add:20,i=7
Field Read,context=BIT:6,bit
Field Write,context=int[]:6,7=1
Field Read,context=BIT:6,bit
Method Exit,returner=BIT:6#add:20,value=<void>
Variable Write,context=Main#countMatch:3,i=2
Method Call,caller=Main#countMatch:3,target=DistancePos:21#isLeft:21
Field Read,context=DistancePos:21,left
Variable Write,context=DistancePos:21#isLeft:21,result=true
Method Exit,returner=DistancePos:21#isLeft:21,value=true
Method Call,caller=Main#countMatch:3,target=DistancePos:21#getPos:61
Field Read,context=DistancePos:21,pos
Variable Write,context=DistancePos:21#getPos:61,result=1
Method Exit,returner=DistancePos:21#getPos:61,value=1
Field Read,context=Main,L
Variable Write,context=Main#countMatch:3,result=1
Method Call,caller=Main#countMatch:3,target=DistancePos:21#getPos:62
Field Read,context=DistancePos:21,pos
Variable Write,context=DistancePos:21#getPos:62,result=1
Method Exit,returner=DistancePos:21#getPos:62,value=1
Method Call,caller=Main#countMatch:3,target=DistancePos:21#getDistance:121
Field Read,context=DistancePos:21,distance
Variable Write,context=DistancePos:21#getDistance:121,result=2
Method Exit,returner=DistancePos:21#getDistance:121,value=2
Method Call,caller=Main#countMatch:3,target=BIT:6#range:21
Variable Write,context=BIT:6#range:21,fromPos=3
Variable Write,context=BIT:6#range:21,toPos=2
Variable Write,context=BIT:6#range:21,result=0
Method Exit,returner=BIT:6#range:21,value=0
Variable Write,context=Main#countMatch:3,result=1
Method Call,caller=Main#countMatch:3,target=DistancePos:21#getPos:63
Field Read,context=DistancePos:21,pos
Variable Write,context=DistancePos:21#getPos:63,result=1
Method Exit,returner=DistancePos:21#getPos:63,value=1
Method Call,caller=Main#countMatch:3,target=BIT:5#add:21
Variable Write,context=BIT:5#add:21,pos=1
Variable Write,context=BIT:5#add:21,val=1
Field Read,context=BIT:5,bit
Variable Write,context=BIT:5#add:21,i=1
Field Read,context=BIT:5,bit
Field Write,context=int[]:5,1=2
Field Read,context=BIT:5,bit
Variable Write,context=BIT:5#add:21,i=3
Field Read,context=BIT:5,bit
Field Write,context=int[]:5,3=2
Field Read,context=BIT:5,bit
Variable Write,context=BIT:5#add:21,i=7
Field Read,context=BIT:5,bit
Field Write,context=int[]:5,7=2
Field Read,context=BIT:5,bit
Method Exit,returner=BIT:5#add:21,value=<void>
Variable Write,context=Main#countMatch:3,i=3
Method Call,caller=Main#countMatch:3,target=DistancePos:22#isLeft:22
Field Read,context=DistancePos:22,left
Variable Write,context=DistancePos:22#isLeft:22,result=false
Method Exit,returner=DistancePos:22#isLeft:22,value=false
Method Call,caller=Main#countMatch:3,target=DistancePos:22#getPos:64
Field Read,context=DistancePos:22,pos
Variable Write,context=DistancePos:22#getPos:64,result=1
Method Exit,returner=DistancePos:22#getPos:64,value=1
Method Call,caller=Main#countMatch:3,target=DistancePos:22#getDistance:122
Field Read,context=DistancePos:22,distance
Variable Write,context=DistancePos:22#getDistance:122,result=2
Method Exit,returner=DistancePos:22#getDistance:122,value=2
Variable Write,context=Main#countMatch:3,result=1
Method Call,caller=Main#countMatch:3,target=DistancePos:22#getPos:65
Field Read,context=DistancePos:22,pos
Variable Write,context=DistancePos:22#getPos:65,result=1
Method Exit,returner=DistancePos:22#getPos:65,value=1
Field Read,context=Main,L
Method Call,caller=Main#countMatch:3,target=BIT:5#range:22
Variable Write,context=BIT:5#range:22,fromPos=0
Variable Write,context=BIT:5#range:22,toPos=-1
Variable Write,context=BIT:5#range:22,result=0
Method Exit,returner=BIT:5#range:22,value=0
Variable Write,context=Main#countMatch:3,result=1
Method Call,caller=Main#countMatch:3,target=DistancePos:22#getPos:66
Field Read,context=DistancePos:22,pos
Variable Write,context=DistancePos:22#getPos:66,result=1
Method Exit,returner=DistancePos:22#getPos:66,value=1
Method Call,caller=Main#countMatch:3,target=BIT:6#add:22
Variable Write,context=BIT:6#add:22,pos=1
Variable Write,context=BIT:6#add:22,val=1
Field Read,context=BIT:6,bit
Variable Write,context=BIT:6#add:22,i=1
Field Read,context=BIT:6,bit
Field Write,context=int[]:6,1=1
Field Read,context=BIT:6,bit
Variable Write,context=BIT:6#add:22,i=3
Field Read,context=BIT:6,bit
Field Write,context=int[]:6,3=2
Field Read,context=BIT:6,bit
Variable Write,context=BIT:6#add:22,i=7
Field Read,context=BIT:6,bit
Field Write,context=int[]:6,7=2
Field Read,context=BIT:6,bit
Method Exit,returner=BIT:6#add:22,value=<void>
Variable Write,context=Main#countMatch:3,i=4
Method Call,caller=Main#countMatch:3,target=DistancePos:20#isLeft:23
Field Read,context=DistancePos:20,left
Variable Write,context=DistancePos:20#isLeft:23,result=false
Method Exit,returner=DistancePos:20#isLeft:23,value=false
Method Call,caller=Main#countMatch:3,target=DistancePos:20#getPos:67
Field Read,context=DistancePos:20,pos
Variable Write,context=DistancePos:20#getPos:67,result=0
Method Exit,returner=DistancePos:20#getPos:67,value=0
Method Call,caller=Main#countMatch:3,target=DistancePos:20#getDistance:123
Field Read,context=DistancePos:20,distance
Variable Write,context=DistancePos:20#getDistance:123,result=1
Method Exit,returner=DistancePos:20#getDistance:123,value=1
Variable Write,context=Main#countMatch:3,result=1
Method Call,caller=Main#countMatch:3,target=DistancePos:20#getPos:68
Field Read,context=DistancePos:20,pos
Variable Write,context=DistancePos:20#getPos:68,result=0
Method Exit,returner=DistancePos:20#getPos:68,value=0
Field Read,context=Main,L
Method Call,caller=Main#countMatch:3,target=BIT:5#range:23
Variable Write,context=BIT:5#range:23,fromPos=0
Variable Write,context=BIT:5#range:23,toPos=-2
Variable Write,context=BIT:5#range:23,result=0
Method Exit,returner=BIT:5#range:23,value=0
Variable Write,context=Main#countMatch:3,result=1
Method Call,caller=Main#countMatch:3,target=DistancePos:20#getPos:69
Field Read,context=DistancePos:20,pos
Variable Write,context=DistancePos:20#getPos:69,result=0
Method Exit,returner=DistancePos:20#getPos:69,value=0
Method Call,caller=Main#countMatch:3,target=BIT:6#add:23
Variable Write,context=BIT:6#add:23,pos=0
Variable Write,context=BIT:6#add:23,val=1
Field Read,context=BIT:6,bit
Variable Write,context=BIT:6#add:23,i=0
Field Read,context=BIT:6,bit
Field Write,context=int[]:6,0=1
Field Read,context=BIT:6,bit
Variable Write,context=BIT:6#add:23,i=1
Field Read,context=BIT:6,bit
Field Write,context=int[]:6,1=2
Field Read,context=BIT:6,bit
Variable Write,context=BIT:6#add:23,i=3
Field Read,context=BIT:6,bit
Field Write,context=int[]:6,3=3
Field Read,context=BIT:6,bit
Variable Write,context=BIT:6#add:23,i=7
Field Read,context=BIT:6,bit
Field Write,context=int[]:6,7=3
Field Read,context=BIT:6,bit
Method Exit,returner=BIT:6#add:23,value=<void>
Variable Write,context=Main#countMatch:3,i=5
Method Call,caller=Main#countMatch:3,target=DistancePos:23#isLeft:24
Field Read,context=DistancePos:23,left
Variable Write,context=DistancePos:23#isLeft:24,result=true
Method Exit,returner=DistancePos:23#isLeft:24,value=true
Method Call,caller=Main#countMatch:3,target=DistancePos:23#getPos:70
Field Read,context=DistancePos:23,pos
Variable Write,context=DistancePos:23#getPos:70,result=2
Method Exit,returner=DistancePos:23#getPos:70,value=2
Field Read,context=Main,L
Variable Write,context=Main#countMatch:3,result=1
Method Call,caller=Main#countMatch:3,target=DistancePos:23#getPos:71
Field Read,context=DistancePos:23,pos
Variable Write,context=DistancePos:23#getPos:71,result=2
Method Exit,returner=DistancePos:23#getPos:71,value=2
Method Call,caller=Main#countMatch:3,target=DistancePos:23#getDistance:124
Field Read,context=DistancePos:23,distance
Variable Write,context=DistancePos:23#getDistance:124,result=1
Method Exit,returner=DistancePos:23#getDistance:124,value=1
Method Call,caller=Main#countMatch:3,target=BIT:6#range:24
Variable Write,context=BIT:6#range:24,fromPos=4
Variable Write,context=BIT:6#range:24,toPos=2
Variable Write,context=BIT:6#range:24,result=0
Method Exit,returner=BIT:6#range:24,value=0
Variable Write,context=Main#countMatch:3,result=1
Method Call,caller=Main#countMatch:3,target=DistancePos:23#getPos:72
Field Read,context=DistancePos:23,pos
Variable Write,context=DistancePos:23#getPos:72,result=2
Method Exit,returner=DistancePos:23#getPos:72,value=2
Method Call,caller=Main#countMatch:3,target=BIT:5#add:24
Variable Write,context=BIT:5#add:24,pos=2
Variable Write,context=BIT:5#add:24,val=1
Field Read,context=BIT:5,bit
Variable Write,context=BIT:5#add:24,i=2
Field Read,context=BIT:5,bit
Field Write,context=int[]:5,2=1
Field Read,context=BIT:5,bit
Variable Write,context=BIT:5#add:24,i=3
Field Read,context=BIT:5,bit
Field Write,context=int[]:5,3=3
Field Read,context=BIT:5,bit
Variable Write,context=BIT:5#add:24,i=7
Field Read,context=BIT:5,bit
Field Write,context=int[]:5,7=3
Field Read,context=BIT:5,bit
Method Exit,returner=BIT:5#add:24,value=<void>
Variable Write,context=Main#countMatch:3,result=1
Method Exit,returner=Main#countMatch:3,value=1
Variable Write,context=Main#main:1,result=3
Variable Delete,method=Main#main:1 <name=i,type=int (id=7),value=<?>,index=26>
Field Read,context=Main,W
Variable Write,context=Main#main:1,x=3
Variable Delete,method=Main#main:1 <name=e,type=int (id=7),value=<?>,index=25>
Field Read,context=Main,W
Field Read,context=Main,H
Variable Write,context=Main#main:1,e=2
Variable Write,context=Main#main:1,i=0
Field Read,context=Main,fnl
Field Read,context=Main,leftupper
Field Read,context=Main,fnr
Field Read,context=Main,rightlower
Variable Write,context=Main#main:1,i=1
Field Read,context=Main,fnl
Field Read,context=Main,leftupper
Field Read,context=Main,fnr
Field Read,context=Main,rightlower
Method Call,caller=Main#main:1,target=Main#countMatch:4
Variable Write,context=Main#countMatch:4,e=2
Variable Write,context=Main#countMatch:4,order=java.util.ArrayList (id=431)
Variable Write,context=Main#countMatch:4,i=0
Field Read,context=Main,fnl
New Object,object=DistancePos:25
Method Call,caller=Main#countMatch:4,target=DistancePos:25#DistancePos:25
Variable Write,context=DistancePos:25#DistancePos:25,_pos=0
Variable Write,context=DistancePos:25#DistancePos:25,_left=true
Variable Write,context=DistancePos:25#DistancePos:25,_distance=2
Field Write,context=DistancePos:25,distance=2
Field Write,context=DistancePos:25,pos=0
Field Write,context=DistancePos:25,left=true
Method Exit,returner=DistancePos:25#DistancePos:25,value=<void>
Field Read,context=Main,fnr
New Object,object=DistancePos:26
Method Call,caller=Main#countMatch:4,target=DistancePos:26#DistancePos:26
Variable Write,context=DistancePos:26#DistancePos:26,_pos=0
Variable Write,context=DistancePos:26#DistancePos:26,_left=false
Variable Write,context=DistancePos:26#DistancePos:26,_distance=1
Field Write,context=DistancePos:26,distance=1
Field Write,context=DistancePos:26,pos=0
Field Write,context=DistancePos:26,left=false
Method Exit,returner=DistancePos:26#DistancePos:26,value=<void>
Variable Write,context=Main#countMatch:4,i=1
Field Read,context=Main,fnl
New Object,object=DistancePos:27
Method Call,caller=Main#countMatch:4,target=DistancePos:27#DistancePos:27
Variable Write,context=DistancePos:27#DistancePos:27,_pos=1
Variable Write,context=DistancePos:27#DistancePos:27,_left=true
Variable Write,context=DistancePos:27#DistancePos:27,_distance=1
Field Write,context=DistancePos:27,distance=1
Field Write,context=DistancePos:27,pos=1
Field Write,context=DistancePos:27,left=true
Method Exit,returner=DistancePos:27#DistancePos:27,value=<void>
Field Read,context=Main,fnr
New Object,object=DistancePos:28
Method Call,caller=Main#countMatch:4,target=DistancePos:28#DistancePos:28
Variable Write,context=DistancePos:28#DistancePos:28,_pos=1
Variable Write,context=DistancePos:28#DistancePos:28,_left=false
Variable Write,context=DistancePos:28#DistancePos:28,_distance=2
Field Write,context=DistancePos:28,distance=2
Field Write,context=DistancePos:28,pos=1
Field Write,context=DistancePos:28,left=false
Method Exit,returner=DistancePos:28#DistancePos:28,value=<void>
New Object,object=DistanceCompare:4
Method Call,caller=Main#countMatch:4,target=DistanceCompare:4#DistanceCompare:4
Method Exit,returner=DistanceCompare:4#DistanceCompare:4,value=<void>
Method Call,caller=Main#countMatch:4,target=Ljava/util/ArrayList;.sort(Ljava/util/Comparator;)
Method Call,caller=Ljava/util/ArrayList;.sort(Ljava/util/Comparator;),target=Ljava/util/ArrayList;.sort(Ljava/util/Comparator;)
Method Call,caller=Ljava/util/ArrayList;.sort(Ljava/util/Comparator;),target=Ljava/util/Arrays;.sort([Ljava/lang/Object;IILjava/util/Comparator;)
Method Call,caller=Ljava/util/Arrays;.sort([Ljava/lang/Object;IILjava/util/Comparator;),target=Ljava/util/TimSort;.sort([Ljava/lang/Object;IILjava/util/Comparator;[Ljava/lang/Object;II)
Method Call,caller=Ljava/util/TimSort;.sort([Ljava/lang/Object;IILjava/util/Comparator;[Ljava/lang/Object;II),target=Ljava/util/TimSort;.countRunAndMakeAscending([Ljava/lang/Object;IILjava/util/Comparator;)
Method Exit,returner=Ljava/util/TimSort;.countRunAndMakeAscending([Ljava/lang/Object;IILjava/util/Comparator;),value=<void>
Method Exit,returner=Ljava/util/TimSort;.sort([Ljava/lang/Object;IILjava/util/Comparator;[Ljava/lang/Object;II),value=<void>
Method Exit,returner=Ljava/util/Arrays;.sort([Ljava/lang/Object;IILjava/util/Comparator;),value=<void>
Method Exit,returner=Ljava/util/ArrayList;.sort(Ljava/util/Comparator;),value=<void>
Method Call,caller=Ljava/util/ArrayList;.sort(Ljava/util/Comparator;),target=Ljava/util/TimSort;.sort([Ljava/lang/Object;IILjava/util/Comparator;[Ljava/lang/Object;II)
Method Call,caller=Ljava/util/TimSort;.sort([Ljava/lang/Object;IILjava/util/Comparator;[Ljava/lang/Object;II),target=Ljava/util/TimSort;.sort([Ljava/lang/Object;IILjava/util/Comparator;[Ljava/lang/Object;II)
Method Call,caller=Ljava/util/TimSort;.sort([Ljava/lang/Object;IILjava/util/Comparator;[Ljava/lang/Object;II),target=Ljava/util/TimSort;.countRunAndMakeAscending([Ljava/lang/Object;IILjava/util/Comparator;)
Method Call,caller=Ljava/util/TimSort;.countRunAndMakeAscending([Ljava/lang/Object;IILjava/util/Comparator;),target=LDistanceCompare;.compare(Ljava/lang/Object;Ljava/lang/Object;) <BRIDGE>
Method Call,caller=LDistanceCompare;.compare(Ljava/lang/Object;Ljava/lang/Object;) <BRIDGE>,target=DistanceCompare:4#compare:51
Variable Write,context=DistanceCompare:4#compare:51,a=DistancePos:26
Variable Write,context=DistanceCompare:4#compare:51,b=DistancePos:25
Method Call,caller=DistanceCompare:4#compare:51,target=DistancePos:26#getDistance:125
Field Read,context=DistancePos:26,distance
Variable Write,context=DistancePos:26#getDistance:125,result=1
Method Exit,returner=DistancePos:26#getDistance:125,value=1
Variable Write,context=DistanceCompare:4#compare:51,ai=1
Method Call,caller=DistanceCompare:4#compare:51,target=DistancePos:25#getDistance:126
Field Read,context=DistancePos:25,distance
Variable Write,context=DistancePos:25#getDistance:126,result=2
Method Exit,returner=DistancePos:25#getDistance:126,value=2
Variable Write,context=DistanceCompare:4#compare:51,bi=2
Variable Write,context=DistanceCompare:4#compare:51,result=1
Method Exit,returner=DistanceCompare:4#compare:51,value=1
Method Call,caller=LDistanceCompare;.compare(Ljava/lang/Object;Ljava/lang/Object;) <BRIDGE>,target=DistanceCompare:4#compare:52
Variable Write,context=DistanceCompare:4#compare:52,a=DistancePos:27
Variable Write,context=DistanceCompare:4#compare:52,b=DistancePos:26
Method Call,caller=DistanceCompare:4#compare:52,target=DistancePos:27#getDistance:127
Field Read,context=DistancePos:27,distance
Variable Write,context=DistancePos:27#getDistance:127,result=1
Method Exit,returner=DistancePos:27#getDistance:127,value=1
Variable Write,context=DistanceCompare:4#compare:52,ai=1
Method Call,caller=DistanceCompare:4#compare:52,target=DistancePos:26#getDistance:128
Field Read,context=DistancePos:26,distance
Variable Write,context=DistancePos:26#getDistance:128,result=1
Method Exit,returner=DistancePos:26#getDistance:128,value=1
Variable Write,context=DistanceCompare:4#compare:52,bi=1
Variable Write,context=DistanceCompare:4#compare:52,result=0
Method Exit,returner=DistanceCompare:4#compare:52,value=0
Method Call,caller=LDistanceCompare;.compare(Ljava/lang/Object;Ljava/lang/Object;) <BRIDGE>,target=DistanceCompare:4#compare:53
Variable Write,context=DistanceCompare:4#compare:53,a=DistancePos:28
Variable Write,context=DistanceCompare:4#compare:53,b=DistancePos:27
Method Call,caller=DistanceCompare:4#compare:53,target=DistancePos:28#getDistance:129
Field Read,context=DistancePos:28,distance
Variable Write,context=DistancePos:28#getDistance:129,result=2
Method Exit,returner=DistancePos:28#getDistance:129,value=2
Variable Write,context=DistanceCompare:4#compare:53,ai=2
Method Call,caller=DistanceCompare:4#compare:53,target=DistancePos:27#getDistance:130
Field Read,context=DistancePos:27,distance
Variable Write,context=DistancePos:27#getDistance:130,result=1
Method Exit,returner=DistancePos:27#getDistance:130,value=1
Variable Write,context=DistanceCompare:4#compare:53,bi=1
Variable Write,context=DistanceCompare:4#compare:53,result=-1
Method Exit,returner=DistanceCompare:4#compare:53,value=-1
Method Call,caller=LDistanceCompare;.compare(Ljava/lang/Object;Ljava/lang/Object;) <BRIDGE>,target=DistanceCompare:4#compare:54
Variable Write,context=DistanceCompare:4#compare:54,a=DistancePos:28
Variable Write,context=DistanceCompare:4#compare:54,b=DistancePos:26
Method Call,caller=DistanceCompare:4#compare:54,target=DistancePos:28#getDistance:131
Field Read,context=DistancePos:28,distance
Variable Write,context=DistancePos:28#getDistance:131,result=2
Method Exit,returner=DistancePos:28#getDistance:131,value=2
Variable Write,context=DistanceCompare:4#compare:54,ai=2
Method Call,caller=DistanceCompare:4#compare:54,target=DistancePos:26#getDistance:132
Field Read,context=DistancePos:26,distance
Variable Write,context=DistancePos:26#getDistance:132,result=1
Method Exit,returner=DistancePos:26#getDistance:132,value=1
Variable Write,context=DistanceCompare:4#compare:54,bi=1
Variable Write,context=DistanceCompare:4#compare:54,result=-1
Method Exit,returner=DistanceCompare:4#compare:54,value=-1
Method Call,caller=LDistanceCompare;.compare(Ljava/lang/Object;Ljava/lang/Object;) <BRIDGE>,target=DistanceCompare:4#compare:55
Variable Write,context=DistanceCompare:4#compare:55,a=DistancePos:28
Variable Write,context=DistanceCompare:4#compare:55,b=DistancePos:25
Method Call,caller=DistanceCompare:4#compare:55,target=DistancePos:28#getDistance:133
Field Read,context=DistancePos:28,distance
Variable Write,context=DistancePos:28#getDistance:133,result=2
Method Exit,returner=DistancePos:28#getDistance:133,value=2
Variable Write,context=DistanceCompare:4#compare:55,ai=2
Method Call,caller=DistanceCompare:4#compare:55,target=DistancePos:25#getDistance:134
Field Read,context=DistancePos:25,distance
Variable Write,context=DistancePos:25#getDistance:134,result=2
Method Exit,returner=DistancePos:25#getDistance:134,value=2
Variable Write,context=DistanceCompare:4#compare:55,bi=2
Variable Write,context=DistanceCompare:4#compare:55,result=0
Method Exit,returner=DistanceCompare:4#compare:55,value=0
Method Exit,returner=LDistanceCompare;.compare(Ljava/lang/Object;Ljava/lang/Object;) <BRIDGE>,value=<void>
Method Exit,returner=Ljava/util/TimSort;.countRunAndMakeAscending([Ljava/lang/Object;IILjava/util/Comparator;),value=<void>
Method Exit,returner=Ljava/util/TimSort;.sort([Ljava/lang/Object;IILjava/util/Comparator;[Ljava/lang/Object;II),value=<void>
Method Exit,returner=Ljava/util/TimSort;.sort([Ljava/lang/Object;IILjava/util/Comparator;[Ljava/lang/Object;II),value=<void>
Method Exit,returner=Ljava/util/ArrayList;.sort(Ljava/util/Comparator;),value=<void>
New Object,object=BIT:7
Method Call,caller=Main#countMatch:4,target=BIT:7#BIT:7
Variable Write,context=BIT:7#BIT:7,e=2
New Object,object=int[]:7
Field Write,context=int[]:7,0=0
Field Write,context=int[]:7,1=0
Field Write,context=int[]:7,2=0
Field Write,context=int[]:7,3=0
Field Write,context=int[]:7,4=0
Field Write,context=int[]:7,5=0
Field Write,context=int[]:7,6=0
Field Write,context=int[]:7,7=0
Field Write,context=int[]:7,8=0
Field Write,context=int[]:7,9=0
Field Write,context=int[]:7,10=0
Field Write,context=int[]:7,11=0
Field Write,context=BIT:7,bit=int[]:7
Field Read,context=BIT:7,bit
Variable Write,context=BIT:7#BIT:7,i=0
Field Read,context=BIT:7,bit
Field Read,context=BIT:7,bit
Variable Write,context=BIT:7#BIT:7,i=1
Field Read,context=BIT:7,bit
Field Read,context=BIT:7,bit
Variable Write,context=BIT:7#BIT:7,i=2
Field Read,context=BIT:7,bit
Field Read,context=BIT:7,bit
Variable Write,context=BIT:7#BIT:7,i=3
Field Read,context=BIT:7,bit
Field Read,context=BIT:7,bit
Variable Write,context=BIT:7#BIT:7,i=4
Field Read,context=BIT:7,bit
Field Read,context=BIT:7,bit
Variable Write,context=BIT:7#BIT:7,i=5
Field Read,context=BIT:7,bit
Field Read,context=BIT:7,bit
Variable Write,context=BIT:7#BIT:7,i=6
Field Read,context=BIT:7,bit
Field Read,context=BIT:7,bit
Variable Write,context=BIT:7#BIT:7,i=7
Field Read,context=BIT:7,bit
Field Read,context=BIT:7,bit
Variable Write,context=BIT:7#BIT:7,i=8
Field Read,context=BIT:7,bit
Field Read,context=BIT:7,bit
Variable Write,context=BIT:7#BIT:7,i=9
Field Read,context=BIT:7,bit
Field Read,context=BIT:7,bit
Variable Write,context=BIT:7#BIT:7,i=10
Field Read,context=BIT:7,bit
Field Read,context=BIT:7,bit
Variable Write,context=BIT:7#BIT:7,i=11
Field Read,context=BIT:7,bit
Field Read,context=BIT:7,bit
Method Exit,returner=BIT:7#BIT:7,value=<void>
Variable Delete,method=Main#countMatch:4 <name=i,type=int (id=7),value=<?>,index=2>
Variable Write,context=Main#countMatch:4,bitLeft=BIT:7
New Object,object=BIT:8
Method Call,caller=Main#countMatch:4,target=BIT:8#BIT:8
Variable Write,context=BIT:8#BIT:8,e=2
New Object,object=int[]:8
Field Write,context=int[]:8,0=0
Field Write,context=int[]:8,1=0
Field Write,context=int[]:8,2=0
Field Write,context=int[]:8,3=0
Field Write,context=int[]:8,4=0
Field Write,context=int[]:8,5=0
Field Write,context=int[]:8,6=0
Field Write,context=int[]:8,7=0
Field Write,context=int[]:8,8=0
Field Write,context=int[]:8,9=0
Field Write,context=int[]:8,10=0
Field Write,context=int[]:8,11=0
Field Write,context=BIT:8,bit=int[]:8
Field Read,context=BIT:8,bit
Variable Write,context=BIT:8#BIT:8,i=0
Field Read,context=BIT:8,bit
Field Read,context=BIT:8,bit
Variable Write,context=BIT:8#BIT:8,i=1
Field Read,context=BIT:8,bit
Field Read,context=BIT:8,bit
Variable Write,context=BIT:8#BIT:8,i=2
Field Read,context=BIT:8,bit
Field Read,context=BIT:8,bit
Variable Write,context=BIT:8#BIT:8,i=3
Field Read,context=BIT:8,bit
Field Read,context=BIT:8,bit
Variable Write,context=BIT:8#BIT:8,i=4
Field Read,context=BIT:8,bit
Field Read,context=BIT:8,bit
Variable Write,context=BIT:8#BIT:8,i=5
Field Read,context=BIT:8,bit
Field Read,context=BIT:8,bit
Variable Write,context=BIT:8#BIT:8,i=6
Field Read,context=BIT:8,bit
Field Read,context=BIT:8,bit
Variable Write,context=BIT:8#BIT:8,i=7
Field Read,context=BIT:8,bit
Field Read,context=BIT:8,bit
Variable Write,context=BIT:8#BIT:8,i=8
Field Read,context=BIT:8,bit
Field Read,context=BIT:8,bit
Variable Write,context=BIT:8#BIT:8,i=9
Field Read,context=BIT:8,bit
Field Read,context=BIT:8,bit
Variable Write,context=BIT:8#BIT:8,i=10
Field Read,context=BIT:8,bit
Field Read,context=BIT:8,bit
Variable Write,context=BIT:8#BIT:8,i=11
Field Read,context=BIT:8,bit
Field Read,context=BIT:8,bit
Method Exit,returner=BIT:8#BIT:8,value=<void>
Variable Write,context=Main#countMatch:4,bitRight=BIT:8
Variable Write,context=Main#countMatch:4,result=0
Variable Write,context=Main#countMatch:4,i=0
Method Call,caller=Main#countMatch:4,target=DistancePos:25#isLeft:25
Field Read,context=DistancePos:25,left
Variable Write,context=DistancePos:25#isLeft:25,result=true
Method Exit,returner=DistancePos:25#isLeft:25,value=true
Method Call,caller=Main#countMatch:4,target=DistancePos:25#getPos:73
Field Read,context=DistancePos:25,pos
Variable Write,context=DistancePos:25#getPos:73,result=0
Method Exit,returner=DistancePos:25#getPos:73,value=0
Field Read,context=Main,L
Variable Write,context=Main#countMatch:4,result=0
Method Call,caller=Main#countMatch:4,target=DistancePos:25#getPos:74
Field Read,context=DistancePos:25,pos
Variable Write,context=DistancePos:25#getPos:74,result=0
Method Exit,returner=DistancePos:25#getPos:74,value=0
Method Call,caller=Main#countMatch:4,target=DistancePos:25#getDistance:135
Field Read,context=DistancePos:25,distance
Variable Write,context=DistancePos:25#getDistance:135,result=2
Method Exit,returner=DistancePos:25#getDistance:135,value=2
Method Call,caller=Main#countMatch:4,target=BIT:8#range:25
Variable Write,context=BIT:8#range:25,fromPos=2
Variable Write,context=BIT:8#range:25,toPos=1
Variable Write,context=BIT:8#range:25,result=0
Method Exit,returner=BIT:8#range:25,value=0
Variable Write,context=Main#countMatch:4,result=0
Method Call,caller=Main#countMatch:4,target=DistancePos:25#getPos:75
Field Read,context=DistancePos:25,pos
Variable Write,context=DistancePos:25#getPos:75,result=0
Method Exit,returner=DistancePos:25#getPos:75,value=0
Method Call,caller=Main#countMatch:4,target=BIT:7#add:25
Variable Write,context=BIT:7#add:25,pos=0
Variable Write,context=BIT:7#add:25,val=1
Field Read,context=BIT:7,bit
Variable Write,context=BIT:7#add:25,i=0
Field Read,context=BIT:7,bit
Field Write,context=int[]:7,0=1
Field Read,context=BIT:7,bit
Variable Write,context=BIT:7#add:25,i=1
Field Read,context=BIT:7,bit
Field Write,context=int[]:7,1=1
Field Read,context=BIT:7,bit
Variable Write,context=BIT:7#add:25,i=3
Field Read,context=BIT:7,bit
Field Write,context=int[]:7,3=1
Field Read,context=BIT:7,bit
Variable Write,context=BIT:7#add:25,i=7
Field Read,context=BIT:7,bit
Field Write,context=int[]:7,7=1
Field Read,context=BIT:7,bit
Method Exit,returner=BIT:7#add:25,value=<void>
Variable Write,context=Main#countMatch:4,i=1
Method Call,caller=Main#countMatch:4,target=DistancePos:28#isLeft:26
Field Read,context=DistancePos:28,left
Variable Write,context=DistancePos:28#isLeft:26,result=false
Method Exit,returner=DistancePos:28#isLeft:26,value=false
Method Call,caller=Main#countMatch:4,target=DistancePos:28#getPos:76
Field Read,context=DistancePos:28,pos
Variable Write,context=DistancePos:28#getPos:76,result=1
Method Exit,returner=DistancePos:28#getPos:76,value=1
Method Call,caller=Main#countMatch:4,target=DistancePos:28#getDistance:136
Field Read,context=DistancePos:28,distance
Variable Write,context=DistancePos:28#getDistance:136,result=2
Method Exit,returner=DistancePos:28#getDistance:136,value=2
Variable Write,context=Main#countMatch:4,result=0
Method Call,caller=Main#countMatch:4,target=DistancePos:28#getPos:77
Field Read,context=DistancePos:28,pos
Variable Write,context=DistancePos:28#getPos:77,result=1
Method Exit,returner=DistancePos:28#getPos:77,value=1
Field Read,context=Main,L
Method Call,caller=Main#countMatch:4,target=BIT:7#range:26
Variable Write,context=BIT:7#range:26,fromPos=0
Variable Write,context=BIT:7#range:26,toPos=-1
Variable Write,context=BIT:7#range:26,result=0
Method Exit,returner=BIT:7#range:26,value=0
Variable Write,context=Main#countMatch:4,result=0
Method Call,caller=Main#countMatch:4,target=DistancePos:28#getPos:78
Field Read,context=DistancePos:28,pos
Variable Write,context=DistancePos:28#getPos:78,result=1
Method Exit,returner=DistancePos:28#getPos:78,value=1
Method Call,caller=Main#countMatch:4,target=BIT:8#add:26
Variable Write,context=BIT:8#add:26,pos=1
Variable Write,context=BIT:8#add:26,val=1
Field Read,context=BIT:8,bit
Variable Write,context=BIT:8#add:26,i=1
Field Read,context=BIT:8,bit
Field Write,context=int[]:8,1=1
Field Read,context=BIT:8,bit
Variable Write,context=BIT:8#add:26,i=3
Field Read,context=BIT:8,bit
Field Write,context=int[]:8,3=1
Field Read,context=BIT:8,bit
Variable Write,context=BIT:8#add:26,i=7
Field Read,context=BIT:8,bit
Field Write,context=int[]:8,7=1
Field Read,context=BIT:8,bit
Method Exit,returner=BIT:8#add:26,value=<void>
Variable Write,context=Main#countMatch:4,i=2
Method Call,caller=Main#countMatch:4,target=DistancePos:26#isLeft:27
Field Read,context=DistancePos:26,left
Variable Write,context=DistancePos:26#isLeft:27,result=false
Method Exit,returner=DistancePos:26#isLeft:27,value=false
Method Call,caller=Main#countMatch:4,target=DistancePos:26#getPos:79
Field Read,context=DistancePos:26,pos
Variable Write,context=DistancePos:26#getPos:79,result=0
Method Exit,returner=DistancePos:26#getPos:79,value=0
Method Call,caller=Main#countMatch:4,target=DistancePos:26#getDistance:137
Field Read,context=DistancePos:26,distance
Variable Write,context=DistancePos:26#getDistance:137,result=1
Method Exit,returner=DistancePos:26#getDistance:137,value=1
Variable Write,context=Main#countMatch:4,result=0
Method Call,caller=Main#countMatch:4,target=DistancePos:26#getPos:80
Field Read,context=DistancePos:26,pos
Variable Write,context=DistancePos:26#getPos:80,result=0
Method Exit,returner=DistancePos:26#getPos:80,value=0
Field Read,context=Main,L
Method Call,caller=Main#countMatch:4,target=BIT:7#range:27
Variable Write,context=BIT:7#range:27,fromPos=0
Variable Write,context=BIT:7#range:27,toPos=-2
Variable Write,context=BIT:7#range:27,result=0
Method Exit,returner=BIT:7#range:27,value=0
Variable Write,context=Main#countMatch:4,result=0
Method Call,caller=Main#countMatch:4,target=DistancePos:26#getPos:81
Field Read,context=DistancePos:26,pos
Variable Write,context=DistancePos:26#getPos:81,result=0
Method Exit,returner=DistancePos:26#getPos:81,value=0
Method Call,caller=Main#countMatch:4,target=BIT:8#add:27
Variable Write,context=BIT:8#add:27,pos=0
Variable Write,context=BIT:8#add:27,val=1
Field Read,context=BIT:8,bit
Variable Write,context=BIT:8#add:27,i=0
Field Read,context=BIT:8,bit
Field Write,context=int[]:8,0=1
Field Read,context=BIT:8,bit
Variable Write,context=BIT:8#add:27,i=1
Field Read,context=BIT:8,bit
Field Write,context=int[]:8,1=2
Field Read,context=BIT:8,bit
Variable Write,context=BIT:8#add:27,i=3
Field Read,context=BIT:8,bit
Field Write,context=int[]:8,3=2
Field Read,context=BIT:8,bit
Variable Write,context=BIT:8#add:27,i=7
Field Read,context=BIT:8,bit
Field Write,context=int[]:8,7=2
Field Read,context=BIT:8,bit
Method Exit,returner=BIT:8#add:27,value=<void>
Variable Write,context=Main#countMatch:4,i=3
Method Call,caller=Main#countMatch:4,target=DistancePos:27#isLeft:28
Field Read,context=DistancePos:27,left
Variable Write,context=DistancePos:27#isLeft:28,result=true
Method Exit,returner=DistancePos:27#isLeft:28,value=true
Method Call,caller=Main#countMatch:4,target=DistancePos:27#getPos:82
Field Read,context=DistancePos:27,pos
Variable Write,context=DistancePos:27#getPos:82,result=1
Method Exit,returner=DistancePos:27#getPos:82,value=1
Field Read,context=Main,L
Variable Write,context=Main#countMatch:4,result=0
Method Call,caller=Main#countMatch:4,target=DistancePos:27#getPos:83
Field Read,context=DistancePos:27,pos
Variable Write,context=DistancePos:27#getPos:83,result=1
Method Exit,returner=DistancePos:27#getPos:83,value=1
Method Call,caller=Main#countMatch:4,target=DistancePos:27#getDistance:138
Field Read,context=DistancePos:27,distance
Variable Write,context=DistancePos:27#getDistance:138,result=1
Method Exit,returner=DistancePos:27#getDistance:138,value=1
Method Call,caller=Main#countMatch:4,target=BIT:8#range:28
Variable Write,context=BIT:8#range:28,fromPos=3
Variable Write,context=BIT:8#range:28,toPos=1
Variable Write,context=BIT:8#range:28,result=0
Method Exit,returner=BIT:8#range:28,value=0
Variable Write,context=Main#countMatch:4,result=0
Method Call,caller=Main#countMatch:4,target=DistancePos:27#getPos:84
Field Read,context=DistancePos:27,pos
Variable Write,context=DistancePos:27#getPos:84,result=1
Method Exit,returner=DistancePos:27#getPos:84,value=1
Method Call,caller=Main#countMatch:4,target=BIT:7#add:28
Variable Write,context=BIT:7#add:28,pos=1
Variable Write,context=BIT:7#add:28,val=1
Field Read,context=BIT:7,bit
Variable Write,context=BIT:7#add:28,i=1
Field Read,context=BIT:7,bit
Field Write,context=int[]:7,1=2
Field Read,context=BIT:7,bit
Variable Write,context=BIT:7#add:28,i=3
Field Read,context=BIT:7,bit
Field Write,context=int[]:7,3=2
Field Read,context=BIT:7,bit
Variable Write,context=BIT:7#add:28,i=7
Field Read,context=BIT:7,bit
Field Write,context=int[]:7,7=2
Field Read,context=BIT:7,bit
Method Exit,returner=BIT:7#add:28,value=<void>
Variable Write,context=Main#countMatch:4,result=0
Method Exit,returner=Main#countMatch:4,value=0
Variable Write,context=Main#main:1,result=3
Variable Delete,method=Main#main:1 <name=i,type=int (id=7),value=<?>,index=26>
Field Read,context=Main,W
Variable Write,context=Main#main:1,x=4
Variable Delete,method=Main#main:1 <name=e,type=int (id=7),value=<?>,index=25>
Field Read,context=Main,W
Field Read,context=Main,H
Variable Write,context=Main#main:1,e=1
Variable Write,context=Main#main:1,i=0
Field Read,context=Main,fnl
Field Read,context=Main,leftupper
Field Read,context=Main,fnr
Field Read,context=Main,rightlower
Method Call,caller=Main#main:1,target=Main#countMatch:5
Variable Write,context=Main#countMatch:5,e=1
Variable Write,context=Main#countMatch:5,order=java.util.ArrayList (id=441)
Variable Write,context=Main#countMatch:5,i=0
Field Read,context=Main,fnl
New Object,object=DistancePos:29
Method Call,caller=Main#countMatch:5,target=DistancePos:29#DistancePos:29
Variable Write,context=DistancePos:29#DistancePos:29,_pos=0
Variable Write,context=DistancePos:29#DistancePos:29,_left=true
Variable Write,context=DistancePos:29#DistancePos:29,_distance=1
Field Write,context=DistancePos:29,distance=1
Field Write,context=DistancePos:29,pos=0
Field Write,context=DistancePos:29,left=true
Method Exit,returner=DistancePos:29#DistancePos:29,value=<void>
Field Read,context=Main,fnr
New Object,object=DistancePos:30
Method Call,caller=Main#countMatch:5,target=DistancePos:30#DistancePos:30
Variable Write,context=DistancePos:30#DistancePos:30,_pos=0
Variable Write,context=DistancePos:30#DistancePos:30,_left=false
Variable Write,context=DistancePos:30#DistancePos:30,_distance=1
Field Write,context=DistancePos:30,distance=1
Field Write,context=DistancePos:30,pos=0
Field Write,context=DistancePos:30,left=false
Method Exit,returner=DistancePos:30#DistancePos:30,value=<void>
New Object,object=DistanceCompare:5
Method Call,caller=Main#countMatch:5,target=DistanceCompare:5#DistanceCompare:5
Method Exit,returner=DistanceCompare:5#DistanceCompare:5,value=<void>
Method Call,caller=Main#countMatch:5,target=Ljava/util/ArrayList;.sort(Ljava/util/Comparator;)
Method Call,caller=Ljava/util/ArrayList;.sort(Ljava/util/Comparator;),target=Ljava/util/ArrayList;.sort(Ljava/util/Comparator;)
Method Call,caller=Ljava/util/ArrayList;.sort(Ljava/util/Comparator;),target=Ljava/util/Arrays;.sort([Ljava/lang/Object;IILjava/util/Comparator;)
Method Call,caller=Ljava/util/Arrays;.sort([Ljava/lang/Object;IILjava/util/Comparator;),target=Ljava/util/TimSort;.sort([Ljava/lang/Object;IILjava/util/Comparator;[Ljava/lang/Object;II)
Method Call,caller=Ljava/util/TimSort;.sort([Ljava/lang/Object;IILjava/util/Comparator;[Ljava/lang/Object;II),target=Ljava/util/TimSort;.countRunAndMakeAscending([Ljava/lang/Object;IILjava/util/Comparator;)
Method Exit,returner=Ljava/util/TimSort;.countRunAndMakeAscending([Ljava/lang/Object;IILjava/util/Comparator;),value=<void>
Method Exit,returner=Ljava/util/TimSort;.sort([Ljava/lang/Object;IILjava/util/Comparator;[Ljava/lang/Object;II),value=<void>
Method Exit,returner=Ljava/util/Arrays;.sort([Ljava/lang/Object;IILjava/util/Comparator;),value=<void>
Method Exit,returner=Ljava/util/ArrayList;.sort(Ljava/util/Comparator;),value=<void>
Method Call,caller=Ljava/util/ArrayList;.sort(Ljava/util/Comparator;),target=Ljava/util/TimSort;.sort([Ljava/lang/Object;IILjava/util/Comparator;[Ljava/lang/Object;II)
Method Call,caller=Ljava/util/TimSort;.sort([Ljava/lang/Object;IILjava/util/Comparator;[Ljava/lang/Object;II),target=Ljava/util/TimSort;.sort([Ljava/lang/Object;IILjava/util/Comparator;[Ljava/lang/Object;II)
Method Call,caller=Ljava/util/TimSort;.sort([Ljava/lang/Object;IILjava/util/Comparator;[Ljava/lang/Object;II),target=Ljava/util/TimSort;.countRunAndMakeAscending([Ljava/lang/Object;IILjava/util/Comparator;)
Method Call,caller=Ljava/util/TimSort;.countRunAndMakeAscending([Ljava/lang/Object;IILjava/util/Comparator;),target=LDistanceCompare;.compare(Ljava/lang/Object;Ljava/lang/Object;) <BRIDGE>
Method Call,caller=LDistanceCompare;.compare(Ljava/lang/Object;Ljava/lang/Object;) <BRIDGE>,target=DistanceCompare:5#compare:56
Variable Write,context=DistanceCompare:5#compare:56,a=DistancePos:30
Variable Write,context=DistanceCompare:5#compare:56,b=DistancePos:29
Method Call,caller=DistanceCompare:5#compare:56,target=DistancePos:30#getDistance:139
Field Read,context=DistancePos:30,distance
Variable Write,context=DistancePos:30#getDistance:139,result=1
Method Exit,returner=DistancePos:30#getDistance:139,value=1
Variable Write,context=DistanceCompare:5#compare:56,ai=1
Method Call,caller=DistanceCompare:5#compare:56,target=DistancePos:29#getDistance:140
Field Read,context=DistancePos:29,distance
Variable Write,context=DistancePos:29#getDistance:140,result=1
Method Exit,returner=DistancePos:29#getDistance:140,value=1
Variable Write,context=DistanceCompare:5#compare:56,bi=1
Variable Write,context=DistanceCompare:5#compare:56,result=0
Method Exit,returner=DistanceCompare:5#compare:56,value=0
Method Exit,returner=LDistanceCompare;.compare(Ljava/lang/Object;Ljava/lang/Object;) <BRIDGE>,value=<void>
Method Exit,returner=Ljava/util/TimSort;.countRunAndMakeAscending([Ljava/lang/Object;IILjava/util/Comparator;),value=<void>
Method Exit,returner=Ljava/util/TimSort;.sort([Ljava/lang/Object;IILjava/util/Comparator;[Ljava/lang/Object;II),value=<void>
Method Exit,returner=Ljava/util/TimSort;.sort([Ljava/lang/Object;IILjava/util/Comparator;[Ljava/lang/Object;II),value=<void>
Method Exit,returner=Ljava/util/ArrayList;.sort(Ljava/util/Comparator;),value=<void>
New Object,object=BIT:9
Method Call,caller=Main#countMatch:5,target=BIT:9#BIT:9
Variable Write,context=BIT:9#BIT:9,e=1
New Object,object=int[]:9
Field Write,context=int[]:9,0=0
Field Write,context=int[]:9,1=0
Field Write,context=int[]:9,2=0
Field Write,context=int[]:9,3=0
Field Write,context=int[]:9,4=0
Field Write,context=int[]:9,5=0
Field Write,context=int[]:9,6=0
Field Write,context=int[]:9,7=0
Field Write,context=int[]:9,8=0
Field Write,context=int[]:9,9=0
Field Write,context=int[]:9,10=0
Field Write,context=BIT:9,bit=int[]:9
Field Read,context=BIT:9,bit
Variable Write,context=BIT:9#BIT:9,i=0
Field Read,context=BIT:9,bit
Field Read,context=BIT:9,bit
Variable Write,context=BIT:9#BIT:9,i=1
Field Read,context=BIT:9,bit
Field Read,context=BIT:9,bit
Variable Write,context=BIT:9#BIT:9,i=2
Field Read,context=BIT:9,bit
Field Read,context=BIT:9,bit
Variable Write,context=BIT:9#BIT:9,i=3
Field Read,context=BIT:9,bit
Field Read,context=BIT:9,bit
Variable Write,context=BIT:9#BIT:9,i=4
Field Read,context=BIT:9,bit
Field Read,context=BIT:9,bit
Variable Write,context=BIT:9#BIT:9,i=5
Field Read,context=BIT:9,bit
Field Read,context=BIT:9,bit
Variable Write,context=BIT:9#BIT:9,i=6
Field Read,context=BIT:9,bit
Field Read,context=BIT:9,bit
Variable Write,context=BIT:9#BIT:9,i=7
Field Read,context=BIT:9,bit
Field Read,context=BIT:9,bit
Variable Write,context=BIT:9#BIT:9,i=8
Field Read,context=BIT:9,bit
Field Read,context=BIT:9,bit
Variable Write,context=BIT:9#BIT:9,i=9
Field Read,context=BIT:9,bit
Field Read,context=BIT:9,bit
Variable Write,context=BIT:9#BIT:9,i=10
Field Read,context=BIT:9,bit
Field Read,context=BIT:9,bit
Method Exit,returner=BIT:9#BIT:9,value=<void>
Variable Delete,method=Main#countMatch:5 <name=i,type=int (id=7),value=<?>,index=2>
Variable Write,context=Main#countMatch:5,bitLeft=BIT:9
New Object,object=BIT:10
Method Call,caller=Main#countMatch:5,target=BIT:10#BIT:10
Variable Write,context=BIT:10#BIT:10,e=1
New Object,object=int[]:10
Field Write,context=int[]:10,0=0
Field Write,context=int[]:10,1=0
Field Write,context=int[]:10,2=0
Field Write,context=int[]:10,3=0
Field Write,context=int[]:10,4=0
Field Write,context=int[]:10,5=0
Field Write,context=int[]:10,6=0
Field Write,context=int[]:10,7=0
Field Write,context=int[]:10,8=0
Field Write,context=int[]:10,9=0
Field Write,context=int[]:10,10=0
Field Write,context=BIT:10,bit=int[]:10
Field Read,context=BIT:10,bit
Variable Write,context=BIT:10#BIT:10,i=0
Field Read,context=BIT:10,bit
Field Read,context=BIT:10,bit
Variable Write,context=BIT:10#BIT:10,i=1
Field Read,context=BIT:10,bit
Field Read,context=BIT:10,bit
Variable Write,context=BIT:10#BIT:10,i=2
Field Read,context=BIT:10,bit
Field Read,context=BIT:10,bit
Variable Write,context=BIT:10#BIT:10,i=3
Field Read,context=BIT:10,bit
Field Read,context=BIT:10,bit
Variable Write,context=BIT:10#BIT:10,i=4
Field Read,context=BIT:10,bit
Field Read,context=BIT:10,bit
Variable Write,context=BIT:10#BIT:10,i=5
Field Read,context=BIT:10,bit
Field Read,context=BIT:10,bit
Variable Write,context=BIT:10#BIT:10,i=6
Field Read,context=BIT:10,bit
Field Read,context=BIT:10,bit
Variable Write,context=BIT:10#BIT:10,i=7
Field Read,context=BIT:10,bit
Field Read,context=BIT:10,bit
Variable Write,context=BIT:10#BIT:10,i=8
Field Read,context=BIT:10,bit
Field Read,context=BIT:10,bit
Variable Write,context=BIT:10#BIT:10,i=9
Field Read,context=BIT:10,bit
Field Read,context=BIT:10,bit
Variable Write,context=BIT:10#BIT:10,i=10
Field Read,context=BIT:10,bit
Field Read,context=BIT:10,bit
Method Exit,returner=BIT:10#BIT:10,value=<void>
Variable Write,context=Main#countMatch:5,bitRight=BIT:10
Variable Write,context=Main#countMatch:5,result=0
Variable Write,context=Main#countMatch:5,i=0
Method Call,caller=Main#countMatch:5,target=DistancePos:29#isLeft:29
Field Read,context=DistancePos:29,left
Variable Write,context=DistancePos:29#isLeft:29,result=true
Method Exit,returner=DistancePos:29#isLeft:29,value=true
Method Call,caller=Main#countMatch:5,target=DistancePos:29#getPos:85
Field Read,context=DistancePos:29,pos
Variable Write,context=DistancePos:29#getPos:85,result=0
Method Exit,returner=DistancePos:29#getPos:85,value=0
Field Read,context=Main,L
Variable Write,context=Main#countMatch:5,result=0
Method Call,caller=Main#countMatch:5,target=DistancePos:29#getPos:86
Field Read,context=DistancePos:29,pos
Variable Write,context=DistancePos:29#getPos:86,result=0
Method Exit,returner=DistancePos:29#getPos:86,value=0
Method Call,caller=Main#countMatch:5,target=DistancePos:29#getDistance:141
Field Read,context=DistancePos:29,distance
Variable Write,context=DistancePos:29#getDistance:141,result=1
Method Exit,returner=DistancePos:29#getDistance:141,value=1
Method Call,caller=Main#countMatch:5,target=BIT:10#range:29
Variable Write,context=BIT:10#range:29,fromPos=2
Variable Write,context=BIT:10#range:29,toPos=0
Variable Write,context=BIT:10#range:29,result=0
Method Exit,returner=BIT:10#range:29,value=0
Variable Write,context=Main#countMatch:5,result=0
Method Call,caller=Main#countMatch:5,target=DistancePos:29#getPos:87
Field Read,context=DistancePos:29,pos
Variable Write,context=DistancePos:29#getPos:87,result=0
Method Exit,returner=DistancePos:29#getPos:87,value=0
Method Call,caller=Main#countMatch:5,target=BIT:9#add:29
Variable Write,context=BIT:9#add:29,pos=0
Variable Write,context=BIT:9#add:29,val=1
Field Read,context=BIT:9,bit
Variable Write,context=BIT:9#add:29,i=0
Field Read,context=BIT:9,bit
Field Write,context=int[]:9,0=1
Field Read,context=BIT:9,bit
Variable Write,context=BIT:9#add:29,i=1
Field Read,context=BIT:9,bit
Field Write,context=int[]:9,1=1
Field Read,context=BIT:9,bit
Variable Write,context=BIT:9#add:29,i=3
Field Read,context=BIT:9,bit
Field Write,context=int[]:9,3=1
Field Read,context=BIT:9,bit
Variable Write,context=BIT:9#add:29,i=7
Field Read,context=BIT:9,bit
Field Write,context=int[]:9,7=1
Field Read,context=BIT:9,bit
Method Exit,returner=BIT:9#add:29,value=<void>
Variable Write,context=Main#countMatch:5,i=1
Method Call,caller=Main#countMatch:5,target=DistancePos:30#isLeft:30
Field Read,context=DistancePos:30,left
Variable Write,context=DistancePos:30#isLeft:30,result=false
Method Exit,returner=DistancePos:30#isLeft:30,value=false
Method Call,caller=Main#countMatch:5,target=DistancePos:30#getPos:88
Field Read,context=DistancePos:30,pos
Variable Write,context=DistancePos:30#getPos:88,result=0
Method Exit,returner=DistancePos:30#getPos:88,value=0
Method Call,caller=Main#countMatch:5,target=DistancePos:30#getDistance:142
Field Read,context=DistancePos:30,distance
Variable Write,context=DistancePos:30#getDistance:142,result=1
Method Exit,returner=DistancePos:30#getDistance:142,value=1
Variable Write,context=Main#countMatch:5,result=0
Method Call,caller=Main#countMatch:5,target=DistancePos:30#getPos:89
Field Read,context=DistancePos:30,pos
Variable Write,context=DistancePos:30#getPos:89,result=0
Method Exit,returner=DistancePos:30#getPos:89,value=0
Field Read,context=Main,L
Method Call,caller=Main#countMatch:5,target=BIT:9#range:30
Variable Write,context=BIT:9#range:30,fromPos=0
Variable Write,context=BIT:9#range:30,toPos=-2
Variable Write,context=BIT:9#range:30,result=0
Method Exit,returner=BIT:9#range:30,value=0
Variable Write,context=Main#countMatch:5,result=0
Method Call,caller=Main#countMatch:5,target=DistancePos:30#getPos:90
Field Read,context=DistancePos:30,pos
Variable Write,context=DistancePos:30#getPos:90,result=0
Method Exit,returner=DistancePos:30#getPos:90,value=0
Method Call,caller=Main#countMatch:5,target=BIT:10#add:30
Variable Write,context=BIT:10#add:30,pos=0
Variable Write,context=BIT:10#add:30,val=1
Field Read,context=BIT:10,bit
Variable Write,context=BIT:10#add:30,i=0
Field Read,context=BIT:10,bit
Field Write,context=int[]:10,0=1
Field Read,context=BIT:10,bit
Variable Write,context=BIT:10#add:30,i=1
Field Read,context=BIT:10,bit
Field Write,context=int[]:10,1=1
Field Read,context=BIT:10,bit
Variable Write,context=BIT:10#add:30,i=3
Field Read,context=BIT:10,bit
Field Write,context=int[]:10,3=1
Field Read,context=BIT:10,bit
Variable Write,context=BIT:10#add:30,i=7
Field Read,context=BIT:10,bit
Field Write,context=int[]:10,7=1
Field Read,context=BIT:10,bit
Method Exit,returner=BIT:10#add:30,value=<void>
Variable Write,context=Main#countMatch:5,result=0
Method Exit,returner=Main#countMatch:5,value=0
Variable Write,context=Main#main:1,result=3
Variable Delete,method=Main#main:1 <name=i,type=int (id=7),value=<?>,index=26>
Field Read,context=Main,W
Variable Delete,method=Main#main:1 <name=e,type=int (id=7),value=<?>,index=25>
Field Read,context=Main,H
Variable Delete,method=Main#main:1 <name=x,type=int (id=7),value=<?>,index=24>
Variable Write,context=Main#main:1,y=1
Field Read,context=Main,W
Field Read,context=Main,H
Variable Write,context=Main#main:1,e=4
Variable Write,context=Main#main:1,i=0
Field Read,context=Main,fnl
Field Read,context=Main,leftupper
Field Read,context=Main,fnr
Field Read,context=Main,rightlower
Variable Write,context=Main#main:1,i=1
Field Read,context=Main,fnl
Field Read,context=Main,leftupper
Field Read,context=Main,fnr
Field Read,context=Main,rightlower
Variable Write,context=Main#main:1,i=2
Field Read,context=Main,fnl
Field Read,context=Main,leftupper
Field Read,context=Main,fnr
Field Read,context=Main,rightlower
Variable Write,context=Main#main:1,i=3
Field Read,context=Main,fnl
Field Read,context=Main,leftupper
Field Read,context=Main,fnr
Field Read,context=Main,rightlower
Method Call,caller=Main#main:1,target=Main#countMatch:6
Variable Write,context=Main#countMatch:6,e=4
Variable Write,context=Main#countMatch:6,order=java.util.ArrayList (id=449)
Variable Write,context=Main#countMatch:6,i=0
Field Read,context=Main,fnl
New Object,object=DistancePos:31
Method Call,caller=Main#countMatch:6,target=DistancePos:31#DistancePos:31
Variable Write,context=DistancePos:31#DistancePos:31,_pos=0
Variable Write,context=DistancePos:31#DistancePos:31,_left=true
Variable Write,context=DistancePos:31#DistancePos:31,_distance=1
Field Write,context=DistancePos:31,distance=1
Field Write,context=DistancePos:31,pos=0
Field Write,context=DistancePos:31,left=true
Method Exit,returner=DistancePos:31#DistancePos:31,value=<void>
Field Read,context=Main,fnr
New Object,object=DistancePos:32
Method Call,caller=Main#countMatch:6,target=DistancePos:32#DistancePos:32
Variable Write,context=DistancePos:32#DistancePos:32,_pos=0
Variable Write,context=DistancePos:32#DistancePos:32,_left=false
Variable Write,context=DistancePos:32#DistancePos:32,_distance=1
Field Write,context=DistancePos:32,distance=1
Field Write,context=DistancePos:32,pos=0
Field Write,context=DistancePos:32,left=false
Method Exit,returner=DistancePos:32#DistancePos:32,value=<void>
Variable Write,context=Main#countMatch:6,i=1
Field Read,context=Main,fnl
New Object,object=DistancePos:33
Method Call,caller=Main#countMatch:6,target=DistancePos:33#DistancePos:33
Variable Write,context=DistancePos:33#DistancePos:33,_pos=1
Variable Write,context=DistancePos:33#DistancePos:33,_left=true
Variable Write,context=DistancePos:33#DistancePos:33,_distance=3
Field Write,context=DistancePos:33,distance=3
Field Write,context=DistancePos:33,pos=1
Field Write,context=DistancePos:33,left=true
Method Exit,returner=DistancePos:33#DistancePos:33,value=<void>
Field Read,context=Main,fnr
New Object,object=DistancePos:34
Method Call,caller=Main#countMatch:6,target=DistancePos:34#DistancePos:34
Variable Write,context=DistancePos:34#DistancePos:34,_pos=1
Variable Write,context=DistancePos:34#DistancePos:34,_left=false
Variable Write,context=DistancePos:34#DistancePos:34,_distance=1
Field Write,context=DistancePos:34,distance=1
Field Write,context=DistancePos:34,pos=1
Field Write,context=DistancePos:34,left=false
Method Exit,returner=DistancePos:34#DistancePos:34,value=<void>
Variable Write,context=Main#countMatch:6,i=2
Field Read,context=Main,fnl
New Object,object=DistancePos:35
Method Call,caller=Main#countMatch:6,target=DistancePos:35#DistancePos:35
Variable Write,context=DistancePos:35#DistancePos:35,_pos=2
Variable Write,context=DistancePos:35#DistancePos:35,_left=true
Variable Write,context=DistancePos:35#DistancePos:35,_distance=-1
Field Write,context=DistancePos:35,distance=-1
Field Write,context=DistancePos:35,pos=2
Field Write,context=DistancePos:35,left=true
Method Exit,returner=DistancePos:35#DistancePos:35,value=<void>
Field Read,context=Main,fnr
New Object,object=DistancePos:36
Method Call,caller=Main#countMatch:6,target=DistancePos:36#DistancePos:36
Variable Write,context=DistancePos:36#DistancePos:36,_pos=2
Variable Write,context=DistancePos:36#DistancePos:36,_left=false
Variable Write,context=DistancePos:36#DistancePos:36,_distance=-1
Field Write,context=DistancePos:36,distance=-1
Field Write,context=DistancePos:36,pos=2
Field Write,context=DistancePos:36,left=false
Method Exit,returner=DistancePos:36#DistancePos:36,value=<void>
Variable Write,context=Main#countMatch:6,i=3
Field Read,context=Main,fnl
New Object,object=DistancePos:37
Method Call,caller=Main#countMatch:6,target=DistancePos:37#DistancePos:37
Variable Write,context=DistancePos:37#DistancePos:37,_pos=3
Variable Write,context=DistancePos:37#DistancePos:37,_left=true
Variable Write,context=DistancePos:37#DistancePos:37,_distance=1
Field Write,context=DistancePos:37,distance=1
Field Write,context=DistancePos:37,pos=3
Field Write,context=DistancePos:37,left=true
Method Exit,returner=DistancePos:37#DistancePos:37,value=<void>
Field Read,context=Main,fnr
New Object,object=DistancePos:38
Method Call,caller=Main#countMatch:6,target=DistancePos:38#DistancePos:38
Variable Write,context=DistancePos:38#DistancePos:38,_pos=3
Variable Write,context=DistancePos:38#DistancePos:38,_left=false
Variable Write,context=DistancePos:38#DistancePos:38,_distance=4
Field Write,context=DistancePos:38,distance=4
Field Write,context=DistancePos:38,pos=3
Field Write,context=DistancePos:38,left=false
Method Exit,returner=DistancePos:38#DistancePos:38,value=<void>
New Object,object=DistanceCompare:6
Method Call,caller=Main#countMatch:6,target=DistanceCompare:6#DistanceCompare:6
Method Exit,returner=DistanceCompare:6#DistanceCompare:6,value=<void>
Method Call,caller=Main#countMatch:6,target=Ljava/util/ArrayList;.sort(Ljava/util/Comparator;)
Method Call,caller=Ljava/util/ArrayList;.sort(Ljava/util/Comparator;),target=Ljava/util/ArrayList;.sort(Ljava/util/Comparator;)
Method Call,caller=Ljava/util/ArrayList;.sort(Ljava/util/Comparator;),target=Ljava/util/Arrays;.sort([Ljava/lang/Object;IILjava/util/Comparator;)
Method Call,caller=Ljava/util/Arrays;.sort([Ljava/lang/Object;IILjava/util/Comparator;),target=Ljava/util/TimSort;.sort([Ljava/lang/Object;IILjava/util/Comparator;[Ljava/lang/Object;II)
Method Call,caller=Ljava/util/TimSort;.sort([Ljava/lang/Object;IILjava/util/Comparator;[Ljava/lang/Object;II),target=Ljava/util/TimSort;.countRunAndMakeAscending([Ljava/lang/Object;IILjava/util/Comparator;)
Method Exit,returner=Ljava/util/TimSort;.countRunAndMakeAscending([Ljava/lang/Object;IILjava/util/Comparator;),value=<void>
Method Exit,returner=Ljava/util/TimSort;.sort([Ljava/lang/Object;IILjava/util/Comparator;[Ljava/lang/Object;II),value=<void>
Method Exit,returner=Ljava/util/Arrays;.sort([Ljava/lang/Object;IILjava/util/Comparator;),value=<void>
Method Exit,returner=Ljava/util/ArrayList;.sort(Ljava/util/Comparator;),value=<void>
Method Call,caller=Ljava/util/ArrayList;.sort(Ljava/util/Comparator;),target=Ljava/util/TimSort;.sort([Ljava/lang/Object;IILjava/util/Comparator;[Ljava/lang/Object;II)
Method Call,caller=Ljava/util/TimSort;.sort([Ljava/lang/Object;IILjava/util/Comparator;[Ljava/lang/Object;II),target=Ljava/util/TimSort;.sort([Ljava/lang/Object;IILjava/util/Comparator;[Ljava/lang/Object;II)
Method Call,caller=Ljava/util/TimSort;.sort([Ljava/lang/Object;IILjava/util/Comparator;[Ljava/lang/Object;II),target=Ljava/util/TimSort;.countRunAndMakeAscending([Ljava/lang/Object;IILjava/util/Comparator;)
Method Call,caller=Ljava/util/TimSort;.countRunAndMakeAscending([Ljava/lang/Object;IILjava/util/Comparator;),target=LDistanceCompare;.compare(Ljava/lang/Object;Ljava/lang/Object;) <BRIDGE>
Method Call,caller=LDistanceCompare;.compare(Ljava/lang/Object;Ljava/lang/Object;) <BRIDGE>,target=DistanceCompare:6#compare:57
Variable Write,context=DistanceCompare:6#compare:57,a=DistancePos:32
Variable Write,context=DistanceCompare:6#compare:57,b=DistancePos:31
Method Call,caller=DistanceCompare:6#compare:57,target=DistancePos:32#getDistance:143
Field Read,context=DistancePos:32,distance
Variable Write,context=DistancePos:32#getDistance:143,result=1
Method Exit,returner=DistancePos:32#getDistance:143,value=1
Variable Write,context=DistanceCompare:6#compare:57,ai=1
Method Call,caller=DistanceCompare:6#compare:57,target=DistancePos:31#getDistance:144
Field Read,context=DistancePos:31,distance
Variable Write,context=DistancePos:31#getDistance:144,result=1
Method Exit,returner=DistancePos:31#getDistance:144,value=1
Variable Write,context=DistanceCompare:6#compare:57,bi=1
Variable Write,context=DistanceCompare:6#compare:57,result=0
Method Exit,returner=DistanceCompare:6#compare:57,value=0
Method Call,caller=LDistanceCompare;.compare(Ljava/lang/Object;Ljava/lang/Object;) <BRIDGE>,target=DistanceCompare:6#compare:58
Variable Write,context=DistanceCompare:6#compare:58,a=DistancePos:33
Variable Write,context=DistanceCompare:6#compare:58,b=DistancePos:32
Method Call,caller=DistanceCompare:6#compare:58,target=DistancePos:33#getDistance:145
Field Read,context=DistancePos:33,distance
Variable Write,context=DistancePos:33#getDistance:145,result=3
Method Exit,returner=DistancePos:33#getDistance:145,value=3
Variable Write,context=DistanceCompare:6#compare:58,ai=3
Method Call,caller=DistanceCompare:6#compare:58,target=DistancePos:32#getDistance:146
Field Read,context=DistancePos:32,distance
Variable Write,context=DistancePos:32#getDistance:146,result=1
Method Exit,returner=DistancePos:32#getDistance:146,value=1
Variable Write,context=DistanceCompare:6#compare:58,bi=1
Variable Write,context=DistanceCompare:6#compare:58,result=-1
Method Exit,returner=DistanceCompare:6#compare:58,value=-1
Method Call,caller=LDistanceCompare;.compare(Ljava/lang/Object;Ljava/lang/Object;) <BRIDGE>,target=DistanceCompare:6#compare:59
Variable Write,context=DistanceCompare:6#compare:59,a=DistancePos:33
Variable Write,context=DistanceCompare:6#compare:59,b=DistancePos:32
Method Call,caller=DistanceCompare:6#compare:59,target=DistancePos:33#getDistance:147
Field Read,context=DistancePos:33,distance
Variable Write,context=DistancePos:33#getDistance:147,result=3
Method Exit,returner=DistancePos:33#getDistance:147,value=3
Variable Write,context=DistanceCompare:6#compare:59,ai=3
Method Call,caller=DistanceCompare:6#compare:59,target=DistancePos:32#getDistance:148
Field Read,context=DistancePos:32,distance
Variable Write,context=DistancePos:32#getDistance:148,result=1
Method Exit,returner=DistancePos:32#getDistance:148,value=1
Variable Write,context=DistanceCompare:6#compare:59,bi=1
Variable Write,context=DistanceCompare:6#compare:59,result=-1
Method Exit,returner=DistanceCompare:6#compare:59,value=-1
Method Call,caller=LDistanceCompare;.compare(Ljava/lang/Object;Ljava/lang/Object;) <BRIDGE>,target=DistanceCompare:6#compare:60
Variable Write,context=DistanceCompare:6#compare:60,a=DistancePos:33
Variable Write,context=DistanceCompare:6#compare:60,b=DistancePos:31
Method Call,caller=DistanceCompare:6#compare:60,target=DistancePos:33#getDistance:149
Field Read,context=DistancePos:33,distance
Variable Write,context=DistancePos:33#getDistance:149,result=3
Method Exit,returner=DistancePos:33#getDistance:149,value=3
Variable Write,context=DistanceCompare:6#compare:60,ai=3
Method Call,caller=DistanceCompare:6#compare:60,target=DistancePos:31#getDistance:150
Field Read,context=DistancePos:31,distance
Variable Write,context=DistancePos:31#getDistance:150,result=1
Method Exit,returner=DistancePos:31#getDistance:150,value=1
Variable Write,context=DistanceCompare:6#compare:60,bi=1
Variable Write,context=DistanceCompare:6#compare:60,result=-1
Method Exit,returner=DistanceCompare:6#compare:60,value=-1
Method Call,caller=LDistanceCompare;.compare(Ljava/lang/Object;Ljava/lang/Object;) <BRIDGE>,target=DistanceCompare:6#compare:61
Variable Write,context=DistanceCompare:6#compare:61,a=DistancePos:34
Variable Write,context=DistanceCompare:6#compare:61,b=DistancePos:31
Method Call,caller=DistanceCompare:6#compare:61,target=DistancePos:34#getDistance:151
Field Read,context=DistancePos:34,distance
Variable Write,context=DistancePos:34#getDistance:151,result=1
Method Exit,returner=DistancePos:34#getDistance:151,value=1
Variable Write,context=DistanceCompare:6#compare:61,ai=1
Method Call,caller=DistanceCompare:6#compare:61,target=DistancePos:31#getDistance:152
Field Read,context=DistancePos:31,distance
Variable Write,context=DistancePos:31#getDistance:152,result=1
Method Exit,returner=DistancePos:31#getDistance:152,value=1
Variable Write,context=DistanceCompare:6#compare:61,bi=1
Variable Write,context=DistanceCompare:6#compare:61,result=0
Method Exit,returner=DistanceCompare:6#compare:61,value=0
Method Call,caller=LDistanceCompare;.compare(Ljava/lang/Object;Ljava/lang/Object;) <BRIDGE>,target=DistanceCompare:6#compare:62
Variable Write,context=DistanceCompare:6#compare:62,a=DistancePos:34
Variable Write,context=DistanceCompare:6#compare:62,b=DistancePos:32
Method Call,caller=DistanceCompare:6#compare:62,target=DistancePos:34#getDistance:153
Field Read,context=DistancePos:34,distance
Variable Write,context=DistancePos:34#getDistance:153,result=1
Method Exit,returner=DistancePos:34#getDistance:153,value=1
Variable Write,context=DistanceCompare:6#compare:62,ai=1
Method Call,caller=DistanceCompare:6#compare:62,target=DistancePos:32#getDistance:154
Field Read,context=DistancePos:32,distance
Variable Write,context=DistancePos:32#getDistance:154,result=1
Method Exit,returner=DistancePos:32#getDistance:154,value=1
Variable Write,context=DistanceCompare:6#compare:62,bi=1
Variable Write,context=DistanceCompare:6#compare:62,result=0
Method Exit,returner=DistanceCompare:6#compare:62,value=0
Method Call,caller=LDistanceCompare;.compare(Ljava/lang/Object;Ljava/lang/Object;) <BRIDGE>,target=DistanceCompare:6#compare:63
Variable Write,context=DistanceCompare:6#compare:63,a=DistancePos:35
Variable Write,context=DistanceCompare:6#compare:63,b=DistancePos:32
Method Call,caller=DistanceCompare:6#compare:63,target=DistancePos:35#getDistance:155
Field Read,context=DistancePos:35,distance
Variable Write,context=DistancePos:35#getDistance:155,result=-1
Method Exit,returner=DistancePos:35#getDistance:155,value=-1
Variable Write,context=DistanceCompare:6#compare:63,ai=-1
Method Call,caller=DistanceCompare:6#compare:63,target=DistancePos:32#getDistance:156
Field Read,context=DistancePos:32,distance
Variable Write,context=DistancePos:32#getDistance:156,result=1
Method Exit,returner=DistancePos:32#getDistance:156,value=1
Variable Write,context=DistanceCompare:6#compare:63,bi=1
Variable Write,context=DistanceCompare:6#compare:63,result=1
Method Exit,returner=DistanceCompare:6#compare:63,value=1
Method Call,caller=LDistanceCompare;.compare(Ljava/lang/Object;Ljava/lang/Object;) <BRIDGE>,target=DistanceCompare:6#compare:64
Variable Write,context=DistanceCompare:6#compare:64,a=DistancePos:35
Variable Write,context=DistanceCompare:6#compare:64,b=DistancePos:34
Method Call,caller=DistanceCompare:6#compare:64,target=DistancePos:35#getDistance:157
Field Read,context=DistancePos:35,distance
Variable Write,context=DistancePos:35#getDistance:157,result=-1
Method Exit,returner=DistancePos:35#getDistance:157,value=-1
Variable Write,context=DistanceCompare:6#compare:64,ai=-1
Method Call,caller=DistanceCompare:6#compare:64,target=DistancePos:34#getDistance:158
Field Read,context=DistancePos:34,distance
Variable Write,context=DistancePos:34#getDistance:158,result=1
Method Exit,returner=DistancePos:34#getDistance:158,value=1
Variable Write,context=DistanceCompare:6#compare:64,bi=1
Variable Write,context=DistanceCompare:6#compare:64,result=1
Method Exit,returner=DistanceCompare:6#compare:64,value=1
Method Call,caller=LDistanceCompare;.compare(Ljava/lang/Object;Ljava/lang/Object;) <BRIDGE>,target=DistanceCompare:6#compare:65
Variable Write,context=DistanceCompare:6#compare:65,a=DistancePos:36
Variable Write,context=DistanceCompare:6#compare:65,b=DistancePos:32
Method Call,caller=DistanceCompare:6#compare:65,target=DistancePos:36#getDistance:159
Field Read,context=DistancePos:36,distance
Variable Write,context=DistancePos:36#getDistance:159,result=-1
Method Exit,returner=DistancePos:36#getDistance:159,value=-1
Variable Write,context=DistanceCompare:6#compare:65,ai=-1
Method Call,caller=DistanceCompare:6#compare:65,target=DistancePos:32#getDistance:160
Field Read,context=DistancePos:32,distance
Variable Write,context=DistancePos:32#getDistance:160,result=1
Method Exit,returner=DistancePos:32#getDistance:160,value=1
Variable Write,context=DistanceCompare:6#compare:65,bi=1
Variable Write,context=DistanceCompare:6#compare:65,result=1
Method Exit,returner=DistanceCompare:6#compare:65,value=1
Method Call,caller=LDistanceCompare;.compare(Ljava/lang/Object;Ljava/lang/Object;) <BRIDGE>,target=DistanceCompare:6#compare:66
Variable Write,context=DistanceCompare:6#compare:66,a=DistancePos:36
Variable Write,context=DistanceCompare:6#compare:66,b=DistancePos:35
Method Call,caller=DistanceCompare:6#compare:66,target=DistancePos:36#getDistance:161
Field Read,context=DistancePos:36,distance
Variable Write,context=DistancePos:36#getDistance:161,result=-1
Method Exit,returner=DistancePos:36#getDistance:161,value=-1
Variable Write,context=DistanceCompare:6#compare:66,ai=-1
Method Call,caller=DistanceCompare:6#compare:66,target=DistancePos:35#getDistance:162
Field Read,context=DistancePos:35,distance
Variable Write,context=DistancePos:35#getDistance:162,result=-1
Method Exit,returner=DistancePos:35#getDistance:162,value=-1
Variable Write,context=DistanceCompare:6#compare:66,bi=-1
Variable Write,context=DistanceCompare:6#compare:66,result=0
Method Exit,returner=DistanceCompare:6#compare:66,value=0
Method Call,caller=LDistanceCompare;.compare(Ljava/lang/Object;Ljava/lang/Object;) <BRIDGE>,target=DistanceCompare:6#compare:67
Variable Write,context=DistanceCompare:6#compare:67,a=DistancePos:37
Variable Write,context=DistanceCompare:6#compare:67,b=DistancePos:34
Method Call,caller=DistanceCompare:6#compare:67,target=DistancePos:37#getDistance:163
Field Read,context=DistancePos:37,distance
Variable Write,context=DistancePos:37#getDistance:163,result=1
Method Exit,returner=DistancePos:37#getDistance:163,value=1
Variable Write,context=DistanceCompare:6#compare:67,ai=1
Method Call,caller=DistanceCompare:6#compare:67,target=DistancePos:34#getDistance:164
Field Read,context=DistancePos:34,distance
Variable Write,context=DistancePos:34#getDistance:164,result=1
Method Exit,returner=DistancePos:34#getDistance:164,value=1
Variable Write,context=DistanceCompare:6#compare:67,bi=1
Variable Write,context=DistanceCompare:6#compare:67,result=0
Method Exit,returner=DistanceCompare:6#compare:67,value=0
Method Call,caller=LDistanceCompare;.compare(Ljava/lang/Object;Ljava/lang/Object;) <BRIDGE>,target=DistanceCompare:6#compare:68
Variable Write,context=DistanceCompare:6#compare:68,a=DistancePos:37
Variable Write,context=DistanceCompare:6#compare:68,b=DistancePos:36
Method Call,caller=DistanceCompare:6#compare:68,target=DistancePos:37#getDistance:165
Field Read,context=DistancePos:37,distance
Variable Write,context=DistancePos:37#getDistance:165,result=1
Method Exit,returner=DistancePos:37#getDistance:165,value=1
Variable Write,context=DistanceCompare:6#compare:68,ai=1
Method Call,caller=DistanceCompare:6#compare:68,target=DistancePos:36#getDistance:166
Field Read,context=DistancePos:36,distance
Variable Write,context=DistancePos:36#getDistance:166,result=-1
Method Exit,returner=DistancePos:36#getDistance:166,value=-1
Variable Write,context=DistanceCompare:6#compare:68,bi=-1
Variable Write,context=DistanceCompare:6#compare:68,result=-1
Method Exit,returner=DistanceCompare:6#compare:68,value=-1
Method Call,caller=LDistanceCompare;.compare(Ljava/lang/Object;Ljava/lang/Object;) <BRIDGE>,target=DistanceCompare:6#compare:69
Variable Write,context=DistanceCompare:6#compare:69,a=DistancePos:37
Variable Write,context=DistanceCompare:6#compare:69,b=DistancePos:35
Method Call,caller=DistanceCompare:6#compare:69,target=DistancePos:37#getDistance:167
Field Read,context=DistancePos:37,distance
Variable Write,context=DistancePos:37#getDistance:167,result=1
Method Exit,returner=DistancePos:37#getDistance:167,value=1
Variable Write,context=DistanceCompare:6#compare:69,ai=1
Method Call,caller=DistanceCompare:6#compare:69,target=DistancePos:35#getDistance:168
Field Read,context=DistancePos:35,distance
Variable Write,context=DistancePos:35#getDistance:168,result=-1
Method Exit,returner=DistancePos:35#getDistance:168,value=-1
Variable Write,context=DistanceCompare:6#compare:69,bi=-1
Variable Write,context=DistanceCompare:6#compare:69,result=-1
Method Exit,returner=DistanceCompare:6#compare:69,value=-1
Method Call,caller=LDistanceCompare;.compare(Ljava/lang/Object;Ljava/lang/Object;) <BRIDGE>,target=DistanceCompare:6#compare:70
Variable Write,context=DistanceCompare:6#compare:70,a=DistancePos:38
Variable Write,context=DistanceCompare:6#compare:70,b=DistancePos:34
Method Call,caller=DistanceCompare:6#compare:70,target=DistancePos:38#getDistance:169
Field Read,context=DistancePos:38,distance
Variable Write,context=DistancePos:38#getDistance:169,result=4
Method Exit,returner=DistancePos:38#getDistance:169,value=4
Variable Write,context=DistanceCompare:6#compare:70,ai=4
Method Call,caller=DistanceCompare:6#compare:70,target=DistancePos:34#getDistance:170
Field Read,context=DistancePos:34,distance
Variable Write,context=DistancePos:34#getDistance:170,result=1
Method Exit,returner=DistancePos:34#getDistance:170,value=1
Variable Write,context=DistanceCompare:6#compare:70,bi=1
Variable Write,context=DistanceCompare:6#compare:70,result=-1
Method Exit,returner=DistanceCompare:6#compare:70,value=-1
Method Call,caller=LDistanceCompare;.compare(Ljava/lang/Object;Ljava/lang/Object;) <BRIDGE>,target=DistanceCompare:6#compare:71
Variable Write,context=DistanceCompare:6#compare:71,a=DistancePos:38
Variable Write,context=DistanceCompare:6#compare:71,b=DistancePos:31
Method Call,caller=DistanceCompare:6#compare:71,target=DistancePos:38#getDistance:171
Field Read,context=DistancePos:38,distance
Variable Write,context=DistancePos:38#getDistance:171,result=4
Method Exit,returner=DistancePos:38#getDistance:171,value=4
Variable Write,context=DistanceCompare:6#compare:71,ai=4
Method Call,caller=DistanceCompare:6#compare:71,target=DistancePos:31#getDistance:172
Field Read,context=DistancePos:31,distance
Variable Write,context=DistancePos:31#getDistance:172,result=1
Method Exit,returner=DistancePos:31#getDistance:172,value=1
Variable Write,context=DistanceCompare:6#compare:71,bi=1
Variable Write,context=DistanceCompare:6#compare:71,result=-1
Method Exit,returner=DistanceCompare:6#compare:71,value=-1
Method Call,caller=LDistanceCompare;.compare(Ljava/lang/Object;Ljava/lang/Object;) <BRIDGE>,target=DistanceCompare:6#compare:72
Variable Write,context=DistanceCompare:6#compare:72,a=DistancePos:38
Variable Write,context=DistanceCompare:6#compare:72,b=DistancePos:33
Method Call,caller=DistanceCompare:6#compare:72,target=DistancePos:38#getDistance:173
Field Read,context=DistancePos:38,distance
Variable Write,context=DistancePos:38#getDistance:173,result=4
Method Exit,returner=DistancePos:38#getDistance:173,value=4
Variable Write,context=DistanceCompare:6#compare:72,ai=4
Method Call,caller=DistanceCompare:6#compare:72,target=DistancePos:33#getDistance:174
Field Read,context=DistancePos:33,distance
Variable Write,context=DistancePos:33#getDistance:174,result=3
Method Exit,returner=DistancePos:33#getDistance:174,value=3
Variable Write,context=DistanceCompare:6#compare:72,bi=3
Variable Write,context=DistanceCompare:6#compare:72,result=-1
Method Exit,returner=DistanceCompare:6#compare:72,value=-1
Method Exit,returner=LDistanceCompare;.compare(Ljava/lang/Object;Ljava/lang/Object;) <BRIDGE>,value=<void>
Method Exit,returner=Ljava/util/TimSort;.countRunAndMakeAscending([Ljava/lang/Object;IILjava/util/Comparator;),value=<void>
Method Exit,returner=Ljava/util/TimSort;.sort([Ljava/lang/Object;IILjava/util/Comparator;[Ljava/lang/Object;II),value=<void>
Method Exit,returner=Ljava/util/TimSort;.sort([Ljava/lang/Object;IILjava/util/Comparator;[Ljava/lang/Object;II),value=<void>
Method Exit,returner=Ljava/util/ArrayList;.sort(Ljava/util/Comparator;),value=<void>
New Object,object=BIT:11
Method Call,caller=Main#countMatch:6,target=BIT:11#BIT:11
Variable Write,context=BIT:11#BIT:11,e=4
New Object,object=int[]:11
Field Write,context=int[]:11,0=0
Field Write,context=int[]:11,1=0
Field Write,context=int[]:11,2=0
Field Write,context=int[]:11,3=0
Field Write,context=int[]:11,4=0
Field Write,context=int[]:11,5=0
Field Write,context=int[]:11,6=0
Field Write,context=int[]:11,7=0
Field Write,context=int[]:11,8=0
Field Write,context=int[]:11,9=0
Field Write,context=int[]:11,10=0
Field Write,context=int[]:11,11=0
Field Write,context=int[]:11,12=0
Field Write,context=int[]:11,13=0
Field Write,context=BIT:11,bit=int[]:11
Field Read,context=BIT:11,bit
Variable Write,context=BIT:11#BIT:11,i=0
Field Read,context=BIT:11,bit
Field Read,context=BIT:11,bit
Variable Write,context=BIT:11#BIT:11,i=1
Field Read,context=BIT:11,bit
Field Read,context=BIT:11,bit
Variable Write,context=BIT:11#BIT:11,i=2
Field Read,context=BIT:11,bit
Field Read,context=BIT:11,bit
Variable Write,context=BIT:11#BIT:11,i=3
Field Read,context=BIT:11,bit
Field Read,context=BIT:11,bit
Variable Write,context=BIT:11#BIT:11,i=4
Field Read,context=BIT:11,bit
Field Read,context=BIT:11,bit
Variable Write,context=BIT:11#BIT:11,i=5
Field Read,context=BIT:11,bit
Field Read,context=BIT:11,bit
Variable Write,context=BIT:11#BIT:11,i=6
Field Read,context=BIT:11,bit
Field Read,context=BIT:11,bit
Variable Write,context=BIT:11#BIT:11,i=7
Field Read,context=BIT:11,bit
Field Read,context=BIT:11,bit
Variable Write,context=BIT:11#BIT:11,i=8
Field Read,context=BIT:11,bit
Field Read,context=BIT:11,bit
Variable Write,context=BIT:11#BIT:11,i=9
Field Read,context=BIT:11,bit
Field Read,context=BIT:11,bit
Variable Write,context=BIT:11#BIT:11,i=10
Field Read,context=BIT:11,bit
Field Read,context=BIT:11,bit
Variable Write,context=BIT:11#BIT:11,i=11
Field Read,context=BIT:11,bit
Field Read,context=BIT:11,bit
Variable Write,context=BIT:11#BIT:11,i=12
Field Read,context=BIT:11,bit
Field Read,context=BIT:11,bit
Variable Write,context=BIT:11#BIT:11,i=13
Field Read,context=BIT:11,bit
Field Read,context=BIT:11,bit
Method Exit,returner=BIT:11#BIT:11,value=<void>
Variable Delete,method=Main#countMatch:6 <name=i,type=int (id=7),value=<?>,index=2>
Variable Write,context=Main#countMatch:6,bitLeft=BIT:11
New Object,object=BIT:12
Method Call,caller=Main#countMatch:6,target=BIT:12#BIT:12
Variable Write,context=BIT:12#BIT:12,e=4
New Object,object=int[]:12
Field Write,context=int[]:12,0=0
Field Write,context=int[]:12,1=0
Field Write,context=int[]:12,2=0
Field Write,context=int[]:12,3=0
Field Write,context=int[]:12,4=0
Field Write,context=int[]:12,5=0
Field Write,context=int[]:12,6=0
Field Write,context=int[]:12,7=0
Field Write,context=int[]:12,8=0
Field Write,context=int[]:12,9=0
Field Write,context=int[]:12,10=0
Field Write,context=int[]:12,11=0
Field Write,context=int[]:12,12=0
Field Write,context=int[]:12,13=0
Field Write,context=BIT:12,bit=int[]:12
Field Read,context=BIT:12,bit
Variable Write,context=BIT:12#BIT:12,i=0
Field Read,context=BIT:12,bit
Field Read,context=BIT:12,bit
Variable Write,context=BIT:12#BIT:12,i=1
Field Read,context=BIT:12,bit
Field Read,context=BIT:12,bit
Variable Write,context=BIT:12#BIT:12,i=2
Field Read,context=BIT:12,bit
Field Read,context=BIT:12,bit
Variable Write,context=BIT:12#BIT:12,i=3
Field Read,context=BIT:12,bit
Field Read,context=BIT:12,bit
Variable Write,context=BIT:12#BIT:12,i=4
Field Read,context=BIT:12,bit
Field Read,context=BIT:12,bit
Variable Write,context=BIT:12#BIT:12,i=5
Field Read,context=BIT:12,bit
Field Read,context=BIT:12,bit
Variable Write,context=BIT:12#BIT:12,i=6
Field Read,context=BIT:12,bit
Field Read,context=BIT:12,bit
Variable Write,context=BIT:12#BIT:12,i=7
Field Read,context=BIT:12,bit
Field Read,context=BIT:12,bit
Variable Write,context=BIT:12#BIT:12,i=8
Field Read,context=BIT:12,bit
Field Read,context=BIT:12,bit
Variable Write,context=BIT:12#BIT:12,i=9
Field Read,context=BIT:12,bit
Field Read,context=BIT:12,bit
Variable Write,context=BIT:12#BIT:12,i=10
Field Read,context=BIT:12,bit
Field Read,context=BIT:12,bit
Variable Write,context=BIT:12#BIT:12,i=11
Field Read,context=BIT:12,bit
Field Read,context=BIT:12,bit
Variable Write,context=BIT:12#BIT:12,i=12
Field Read,context=BIT:12,bit
Field Read,context=BIT:12,bit
Variable Write,context=BIT:12#BIT:12,i=13
Field Read,context=BIT:12,bit
Field Read,context=BIT:12,bit
Method Exit,returner=BIT:12#BIT:12,value=<void>
Variable Write,context=Main#countMatch:6,bitRight=BIT:12
Variable Write,context=Main#countMatch:6,result=0
Variable Write,context=Main#countMatch:6,i=0
Method Call,caller=Main#countMatch:6,target=DistancePos:38#isLeft:31
Field Read,context=DistancePos:38,left
Variable Write,context=DistancePos:38#isLeft:31,result=false
Method Exit,returner=DistancePos:38#isLeft:31,value=false
Method Call,caller=Main#countMatch:6,target=DistancePos:38#getPos:91
Field Read,context=DistancePos:38,pos
Variable Write,context=DistancePos:38#getPos:91,result=3
Method Exit,returner=DistancePos:38#getPos:91,value=3
Method Call,caller=Main#countMatch:6,target=DistancePos:38#getDistance:175
Field Read,context=DistancePos:38,distance
Variable Write,context=DistancePos:38#getDistance:175,result=4
Method Exit,returner=DistancePos:38#getDistance:175,value=4
Variable Write,context=Main#countMatch:6,result=0
Method Call,caller=Main#countMatch:6,target=DistancePos:38#getPos:92
Field Read,context=DistancePos:38,pos
Variable Write,context=DistancePos:38#getPos:92,result=3
Method Exit,returner=DistancePos:38#getPos:92,value=3
Field Read,context=Main,L
Method Call,caller=Main#countMatch:6,target=BIT:11#range:31
Variable Write,context=BIT:11#range:31,fromPos=0
Variable Write,context=BIT:11#range:31,toPos=1
Method Call,caller=BIT:11#range:31,target=BIT:11#sum:13
Variable Write,context=BIT:11#sum:13,n=2
Variable Write,context=BIT:11#sum:13,result=0
Variable Write,context=BIT:11#sum:13,i=1
Field Read,context=BIT:11,bit
Variable Write,context=BIT:11#sum:13,result=0
Variable Write,context=BIT:11#sum:13,result=0
Method Exit,returner=BIT:11#sum:13,value=0
Method Call,caller=BIT:11#range:31,target=BIT:11#sum:14
Variable Write,context=BIT:11#sum:14,n=0
Variable Write,context=BIT:11#sum:14,result=0
Variable Write,context=BIT:11#sum:14,result=0
Method Exit,returner=BIT:11#sum:14,value=0
Variable Write,context=BIT:11#range:31,result=0
Method Exit,returner=BIT:11#range:31,value=0
Variable Write,context=Main#countMatch:6,result=0
Method Call,caller=Main#countMatch:6,target=DistancePos:38#getPos:93
Field Read,context=DistancePos:38,pos
Variable Write,context=DistancePos:38#getPos:93,result=3
Method Exit,returner=DistancePos:38#getPos:93,value=3
Method Call,caller=Main#countMatch:6,target=BIT:12#add:31
Variable Write,context=BIT:12#add:31,pos=3
Variable Write,context=BIT:12#add:31,val=1
Field Read,context=BIT:12,bit
Variable Write,context=BIT:12#add:31,i=3
Field Read,context=BIT:12,bit
Field Write,context=int[]:12,3=1
Field Read,context=BIT:12,bit
Variable Write,context=BIT:12#add:31,i=7
Field Read,context=BIT:12,bit
Field Write,context=int[]:12,7=1
Field Read,context=BIT:12,bit
Method Exit,returner=BIT:12#add:31,value=<void>
Variable Write,context=Main#countMatch:6,i=1
Method Call,caller=Main#countMatch:6,target=DistancePos:33#isLeft:32
Field Read,context=DistancePos:33,left
Variable Write,context=DistancePos:33#isLeft:32,result=true
Method Exit,returner=DistancePos:33#isLeft:32,value=true
Method Call,caller=Main#countMatch:6,target=DistancePos:33#getPos:94
Field Read,context=DistancePos:33,pos
Variable Write,context=DistancePos:33#getPos:94,result=1
Method Exit,returner=DistancePos:33#getPos:94,value=1
Field Read,context=Main,L
Variable Write,context=Main#countMatch:6,result=0
Method Call,caller=Main#countMatch:6,target=DistancePos:33#getPos:95
Field Read,context=DistancePos:33,pos
Variable Write,context=DistancePos:33#getPos:95,result=1
Method Exit,returner=DistancePos:33#getPos:95,value=1
Method Call,caller=Main#countMatch:6,target=DistancePos:33#getDistance:176
Field Read,context=DistancePos:33,distance
Variable Write,context=DistancePos:33#getDistance:176,result=3
Method Exit,returner=DistancePos:33#getDistance:176,value=3
Method Call,caller=Main#countMatch:6,target=BIT:12#range:32
Variable Write,context=BIT:12#range:32,fromPos=3
Variable Write,context=BIT:12#range:32,toPos=3
Method Call,caller=BIT:12#range:32,target=BIT:12#sum:15
Variable Write,context=BIT:12#sum:15,n=4
Variable Write,context=BIT:12#sum:15,result=0
Variable Write,context=BIT:12#sum:15,i=3
Field Read,context=BIT:12,bit
Variable Write,context=BIT:12#sum:15,result=1
Variable Write,context=BIT:12#sum:15,result=1
Method Exit,returner=BIT:12#sum:15,value=1
Method Call,caller=BIT:12#range:32,target=BIT:12#sum:16
Variable Write,context=BIT:12#sum:16,n=3
Variable Write,context=BIT:12#sum:16,result=0
Variable Write,context=BIT:12#sum:16,i=2
Field Read,context=BIT:12,bit
Variable Write,context=BIT:12#sum:16,result=0
Variable Write,context=BIT:12#sum:16,i=1
Field Read,context=BIT:12,bit
Variable Write,context=BIT:12#sum:16,result=0
Variable Write,context=BIT:12#sum:16,result=0
Method Exit,returner=BIT:12#sum:16,value=0
Variable Write,context=BIT:12#range:32,result=1
Method Exit,returner=BIT:12#range:32,value=1
Variable Write,context=Main#countMatch:6,result=1
Method Call,caller=Main#countMatch:6,target=DistancePos:33#getPos:96
Field Read,context=DistancePos:33,pos
Variable Write,context=DistancePos:33#getPos:96,result=1
Method Exit,returner=DistancePos:33#getPos:96,value=1
Method Call,caller=Main#countMatch:6,target=BIT:11#add:32
Variable Write,context=BIT:11#add:32,pos=1
Variable Write,context=BIT:11#add:32,val=1
Field Read,context=BIT:11,bit
Variable Write,context=BIT:11#add:32,i=1
Field Read,context=BIT:11,bit
Field Write,context=int[]:11,1=1
Field Read,context=BIT:11,bit
Variable Write,context=BIT:11#add:32,i=3
Field Read,context=BIT:11,bit
Field Write,context=int[]:11,3=1
Field Read,context=BIT:11,bit
Variable Write,context=BIT:11#add:32,i=7
Field Read,context=BIT:11,bit
Field Write,context=int[]:11,7=1
Field Read,context=BIT:11,bit
Method Exit,returner=BIT:11#add:32,value=<void>
Variable Write,context=Main#countMatch:6,i=2
Method Call,caller=Main#countMatch:6,target=DistancePos:31#isLeft:33
Field Read,context=DistancePos:31,left
Variable Write,context=DistancePos:31#isLeft:33,result=true
Method Exit,returner=DistancePos:31#isLeft:33,value=true
Method Call,caller=Main#countMatch:6,target=DistancePos:31#getPos:97
Field Read,context=DistancePos:31,pos
Variable Write,context=DistancePos:31#getPos:97,result=0
Method Exit,returner=DistancePos:31#getPos:97,value=0
Field Read,context=Main,L
Variable Write,context=Main#countMatch:6,result=1
Method Call,caller=Main#countMatch:6,target=DistancePos:31#getPos:98
Field Read,context=DistancePos:31,pos
Variable Write,context=DistancePos:31#getPos:98,result=0
Method Exit,returner=DistancePos:31#getPos:98,value=0
Method Call,caller=Main#countMatch:6,target=DistancePos:31#getDistance:177
Field Read,context=DistancePos:31,distance
Variable Write,context=DistancePos:31#getDistance:177,result=1
Method Exit,returner=DistancePos:31#getDistance:177,value=1
Method Call,caller=Main#countMatch:6,target=BIT:12#range:33
Variable Write,context=BIT:12#range:33,fromPos=2
Variable Write,context=BIT:12#range:33,toPos=0
Variable Write,context=BIT:12#range:33,result=0
Method Exit,returner=BIT:12#range:33,value=0
Variable Write,context=Main#countMatch:6,result=1
Method Call,caller=Main#countMatch:6,target=DistancePos:31#getPos:99
Field Read,context=DistancePos:31,pos
Variable Write,context=DistancePos:31#getPos:99,result=0
Method Exit,returner=DistancePos:31#getPos:99,value=0
Method Call,caller=Main#countMatch:6,target=BIT:11#add:33
Variable Write,context=BIT:11#add:33,pos=0
Variable Write,context=BIT:11#add:33,val=1
Field Read,context=BIT:11,bit
Variable Write,context=BIT:11#add:33,i=0
Field Read,context=BIT:11,bit
Field Write,context=int[]:11,0=1
Field Read,context=BIT:11,bit
Variable Write,context=BIT:11#add:33,i=1
Field Read,context=BIT:11,bit
Field Write,context=int[]:11,1=2
Field Read,context=BIT:11,bit
Variable Write,context=BIT:11#add:33,i=3
Field Read,context=BIT:11,bit
Field Write,context=int[]:11,3=2
Field Read,context=BIT:11,bit
Variable Write,context=BIT:11#add:33,i=7
Field Read,context=BIT:11,bit
Field Write,context=int[]:11,7=2
Field Read,context=BIT:11,bit
Method Exit,returner=BIT:11#add:33,value=<void>
Variable Write,context=Main#countMatch:6,i=3
Method Call,caller=Main#countMatch:6,target=DistancePos:32#isLeft:34
Field Read,context=DistancePos:32,left
Variable Write,context=DistancePos:32#isLeft:34,result=false
Method Exit,returner=DistancePos:32#isLeft:34,value=false
Method Call,caller=Main#countMatch:6,target=DistancePos:32#getPos:100
Field Read,context=DistancePos:32,pos
Variable Write,context=DistancePos:32#getPos:100,result=0
Method Exit,returner=DistancePos:32#getPos:100,value=0
Method Call,caller=Main#countMatch:6,target=DistancePos:32#getDistance:178
Field Read,context=DistancePos:32,distance
Variable Write,context=DistancePos:32#getDistance:178,result=1
Method Exit,returner=DistancePos:32#getDistance:178,value=1
Variable Write,context=Main#countMatch:6,result=1
Method Call,caller=Main#countMatch:6,target=DistancePos:32#getPos:101
Field Read,context=DistancePos:32,pos
Variable Write,context=DistancePos:32#getPos:101,result=0
Method Exit,returner=DistancePos:32#getPos:101,value=0
Field Read,context=Main,L
Method Call,caller=Main#countMatch:6,target=BIT:11#range:34
Variable Write,context=BIT:11#range:34,fromPos=0
Variable Write,context=BIT:11#range:34,toPos=-2
Variable Write,context=BIT:11#range:34,result=0
Method Exit,returner=BIT:11#range:34,value=0
Variable Write,context=Main#countMatch:6,result=1
Method Call,caller=Main#countMatch:6,target=DistancePos:32#getPos:102
Field Read,context=DistancePos:32,pos
Variable Write,context=DistancePos:32#getPos:102,result=0
Method Exit,returner=DistancePos:32#getPos:102,value=0
Method Call,caller=Main#countMatch:6,target=BIT:12#add:34
Variable Write,context=BIT:12#add:34,pos=0
Variable Write,context=BIT:12#add:34,val=1
Field Read,context=BIT:12,bit
Variable Write,context=BIT:12#add:34,i=0
Field Read,context=BIT:12,bit
Field Write,context=int[]:12,0=1
Field Read,context=BIT:12,bit
Variable Write,context=BIT:12#add:34,i=1
Field Read,context=BIT:12,bit
Field Write,context=int[]:12,1=1
Field Read,context=BIT:12,bit
Variable Write,context=BIT:12#add:34,i=3
Field Read,context=BIT:12,bit
Field Write,context=int[]:12,3=2
Field Read,context=BIT:12,bit
Variable Write,context=BIT:12#add:34,i=7
Field Read,context=BIT:12,bit
Field Write,context=int[]:12,7=2
Field Read,context=BIT:12,bit
Method Exit,returner=BIT:12#add:34,value=<void>
Variable Write,context=Main#countMatch:6,i=4
Method Call,caller=Main#countMatch:6,target=DistancePos:34#isLeft:35
Field Read,context=DistancePos:34,left
Variable Write,context=DistancePos:34#isLeft:35,result=false
Method Exit,returner=DistancePos:34#isLeft:35,value=false
Method Call,caller=Main#countMatch:6,target=DistancePos:34#getPos:103
Field Read,context=DistancePos:34,pos
Variable Write,context=DistancePos:34#getPos:103,result=1
Method Exit,returner=DistancePos:34#getPos:103,value=1
Method Call,caller=Main#countMatch:6,target=DistancePos:34#getDistance:179
Field Read,context=DistancePos:34,distance
Variable Write,context=DistancePos:34#getDistance:179,result=1
Method Exit,returner=DistancePos:34#getDistance:179,value=1
Variable Write,context=Main#countMatch:6,result=1
Method Call,caller=Main#countMatch:6,target=DistancePos:34#getPos:104
Field Read,context=DistancePos:34,pos
Variable Write,context=DistancePos:34#getPos:104,result=1
Method Exit,returner=DistancePos:34#getPos:104,value=1
Field Read,context=Main,L
Method Call,caller=Main#countMatch:6,target=BIT:11#range:35
Variable Write,context=BIT:11#range:35,fromPos=1
Variable Write,context=BIT:11#range:35,toPos=-1
Variable Write,context=BIT:11#range:35,result=0
Method Exit,returner=BIT:11#range:35,value=0
Variable Write,context=Main#countMatch:6,result=1
Method Call,caller=Main#countMatch:6,target=DistancePos:34#getPos:105
Field Read,context=DistancePos:34,pos
Variable Write,context=DistancePos:34#getPos:105,result=1
Method Exit,returner=DistancePos:34#getPos:105,value=1
Method Call,caller=Main#countMatch:6,target=BIT:12#add:35
Variable Write,context=BIT:12#add:35,pos=1
Variable Write,context=BIT:12#add:35,val=1
Field Read,context=BIT:12,bit
Variable Write,context=BIT:12#add:35,i=1
Field Read,context=BIT:12,bit
Field Write,context=int[]:12,1=2
Field Read,context=BIT:12,bit
Variable Write,context=BIT:12#add:35,i=3
Field Read,context=BIT:12,bit
Field Write,context=int[]:12,3=3
Field Read,context=BIT:12,bit
Variable Write,context=BIT:12#add:35,i=7
Field Read,context=BIT:12,bit
Field Write,context=int[]:12,7=3
Field Read,context=BIT:12,bit
Method Exit,returner=BIT:12#add:35,value=<void>
Variable Write,context=Main#countMatch:6,i=5
Method Call,caller=Main#countMatch:6,target=DistancePos:37#isLeft:36
Field Read,context=DistancePos:37,left
Variable Write,context=DistancePos:37#isLeft:36,result=true
Method Exit,returner=DistancePos:37#isLeft:36,value=true
Method Call,caller=Main#countMatch:6,target=DistancePos:37#getPos:106
Field Read,context=DistancePos:37,pos
Variable Write,context=DistancePos:37#getPos:106,result=3
Method Exit,returner=DistancePos:37#getPos:106,value=3
Field Read,context=Main,L
Variable Write,context=Main#countMatch:6,result=1
Method Call,caller=Main#countMatch:6,target=DistancePos:37#getPos:107
Field Read,context=DistancePos:37,pos
Variable Write,context=DistancePos:37#getPos:107,result=3
Method Exit,returner=DistancePos:37#getPos:107,value=3
Method Call,caller=Main#countMatch:6,target=DistancePos:37#getDistance:180
Field Read,context=DistancePos:37,distance
Variable Write,context=DistancePos:37#getDistance:180,result=1
Method Exit,returner=DistancePos:37#getDistance:180,value=1
Method Call,caller=Main#countMatch:6,target=BIT:12#range:36
Variable Write,context=BIT:12#range:36,fromPos=5
Variable Write,context=BIT:12#range:36,toPos=3
Variable Write,context=BIT:12#range:36,result=0
Method Exit,returner=BIT:12#range:36,value=0
Variable Write,context=Main#countMatch:6,result=1
Method Call,caller=Main#countMatch:6,target=DistancePos:37#getPos:108
Field Read,context=DistancePos:37,pos
Variable Write,context=DistancePos:37#getPos:108,result=3
Method Exit,returner=DistancePos:37#getPos:108,value=3
Method Call,caller=Main#countMatch:6,target=BIT:11#add:36
Variable Write,context=BIT:11#add:36,pos=3
Variable Write,context=BIT:11#add:36,val=1
Field Read,context=BIT:11,bit
Variable Write,context=BIT:11#add:36,i=3
Field Read,context=BIT:11,bit
Field Write,context=int[]:11,3=3
Field Read,context=BIT:11,bit
Variable Write,context=BIT:11#add:36,i=7
Field Read,context=BIT:11,bit
Field Write,context=int[]:11,7=3
Field Read,context=BIT:11,bit
Method Exit,returner=BIT:11#add:36,value=<void>
Variable Write,context=Main#countMatch:6,i=6
Method Call,caller=Main#countMatch:6,target=DistancePos:35#isLeft:37
Field Read,context=DistancePos:35,left
Variable Write,context=DistancePos:35#isLeft:37,result=true
Method Exit,returner=DistancePos:35#isLeft:37,value=true
Method Call,caller=Main#countMatch:6,target=DistancePos:35#getPos:109
Field Read,context=DistancePos:35,pos
Variable Write,context=DistancePos:35#getPos:109,result=2
Method Exit,returner=DistancePos:35#getPos:109,value=2
Field Read,context=Main,L
Variable Write,context=Main#countMatch:6,result=1
Method Call,caller=Main#countMatch:6,target=DistancePos:35#getPos:110
Field Read,context=DistancePos:35,pos
Variable Write,context=DistancePos:35#getPos:110,result=2
Method Exit,returner=DistancePos:35#getPos:110,value=2
Method Call,caller=Main#countMatch:6,target=DistancePos:35#getDistance:181
Field Read,context=DistancePos:35,distance
Variable Write,context=DistancePos:35#getDistance:181,result=-1
Method Exit,returner=DistancePos:35#getDistance:181,value=-1
Method Call,caller=Main#countMatch:6,target=BIT:12#range:37
Variable Write,context=BIT:12#range:37,fromPos=4
Variable Write,context=BIT:12#range:37,toPos=0
Variable Write,context=BIT:12#range:37,result=0
Method Exit,returner=BIT:12#range:37,value=0
Variable Write,context=Main#countMatch:6,result=1
Method Call,caller=Main#countMatch:6,target=DistancePos:35#getPos:111
Field Read,context=DistancePos:35,pos
Variable Write,context=DistancePos:35#getPos:111,result=2
Method Exit,returner=DistancePos:35#getPos:111,value=2
Method Call,caller=Main#countMatch:6,target=BIT:11#add:37
Variable Write,context=BIT:11#add:37,pos=2
Variable Write,context=BIT:11#add:37,val=1
Field Read,context=BIT:11,bit
Variable Write,context=BIT:11#add:37,i=2
Field Read,context=BIT:11,bit
Field Write,context=int[]:11,2=1
Field Read,context=BIT:11,bit
Variable Write,context=BIT:11#add:37,i=3
Field Read,context=BIT:11,bit
Field Write,context=int[]:11,3=4
Field Read,context=BIT:11,bit
Variable Write,context=BIT:11#add:37,i=7
Field Read,context=BIT:11,bit
Field Write,context=int[]:11,7=4
Field Read,context=BIT:11,bit
Method Exit,returner=BIT:11#add:37,value=<void>
Variable Write,context=Main#countMatch:6,i=7
Method Call,caller=Main#countMatch:6,target=DistancePos:36#isLeft:38
Field Read,context=DistancePos:36,left
Variable Write,context=DistancePos:36#isLeft:38,result=false
Method Exit,returner=DistancePos:36#isLeft:38,value=false
Method Call,caller=Main#countMatch:6,target=DistancePos:36#getPos:112
Field Read,context=DistancePos:36,pos
Variable Write,context=DistancePos:36#getPos:112,result=2
Method Exit,returner=DistancePos:36#getPos:112,value=2
Method Call,caller=Main#countMatch:6,target=DistancePos:36#getDistance:182
Field Read,context=DistancePos:36,distance
Variable Write,context=DistancePos:36#getDistance:182,result=-1
Method Exit,returner=DistancePos:36#getDistance:182,value=-1
Variable Write,context=Main#countMatch:6,result=1
Method Call,caller=Main#countMatch:6,target=DistancePos:36#getPos:113
Field Read,context=DistancePos:36,pos
Variable Write,context=DistancePos:36#getPos:113,result=2
Method Exit,returner=DistancePos:36#getPos:113,value=2
Field Read,context=Main,L
Method Call,caller=Main#countMatch:6,target=BIT:11#range:38
Variable Write,context=BIT:11#range:38,fromPos=4
Variable Write,context=BIT:11#range:38,toPos=0
Variable Write,context=BIT:11#range:38,result=0
Method Exit,returner=BIT:11#range:38,value=0
Variable Write,context=Main#countMatch:6,result=1
Method Call,caller=Main#countMatch:6,target=DistancePos:36#getPos:114
Field Read,context=DistancePos:36,pos
Variable Write,context=DistancePos:36#getPos:114,result=2
Method Exit,returner=DistancePos:36#getPos:114,value=2
Method Call,caller=Main#countMatch:6,target=BIT:12#add:38
Variable Write,context=BIT:12#add:38,pos=2
Variable Write,context=BIT:12#add:38,val=1
Field Read,context=BIT:12,bit
Variable Write,context=BIT:12#add:38,i=2
Field Read,context=BIT:12,bit
Field Write,context=int[]:12,2=1
Field Read,context=BIT:12,bit
Variable Write,context=BIT:12#add:38,i=3
Field Read,context=BIT:12,bit
Field Write,context=int[]:12,3=4
Field Read,context=BIT:12,bit
Variable Write,context=BIT:12#add:38,i=7
Field Read,context=BIT:12,bit
Field Write,context=int[]:12,7=4
Field Read,context=BIT:12,bit
Method Exit,returner=BIT:12#add:38,value=<void>
Variable Write,context=Main#countMatch:6,result=1
Method Exit,returner=Main#countMatch:6,value=1
Variable Write,context=Main#main:1,result=4
Variable Delete,method=Main#main:1 <name=i,type=int (id=7),value=<?>,index=29>
Field Read,context=Main,H
Variable Write,context=Main#main:1,y=2
Variable Delete,method=Main#main:1 <name=e,type=int (id=7),value=<?>,index=28>
Field Read,context=Main,W
Field Read,context=Main,H
Variable Write,context=Main#main:1,e=3
Variable Write,context=Main#main:1,i=0
Field Read,context=Main,fnl
Field Read,context=Main,leftupper
Field Read,context=Main,fnr
Field Read,context=Main,rightlower
Variable Write,context=Main#main:1,i=1
Field Read,context=Main,fnl
Field Read,context=Main,leftupper
Field Read,context=Main,fnr
Field Read,context=Main,rightlower
Variable Write,context=Main#main:1,i=2
Field Read,context=Main,fnl
Field Read,context=Main,leftupper
Field Read,context=Main,fnr
Field Read,context=Main,rightlower
Method Call,caller=Main#main:1,target=Main#countMatch:7
Variable Write,context=Main#countMatch:7,e=3
Variable Write,context=Main#countMatch:7,order=java.util.ArrayList (id=463)
Variable Write,context=Main#countMatch:7,i=0
Field Read,context=Main,fnl
New Object,object=DistancePos:39
Method Call,caller=Main#countMatch:7,target=DistancePos:39#DistancePos:39
Variable Write,context=DistancePos:39#DistancePos:39,_pos=0
Variable Write,context=DistancePos:39#DistancePos:39,_left=true
Variable Write,context=DistancePos:39#DistancePos:39,_distance=3
Field Write,context=DistancePos:39,distance=3
Field Write,context=DistancePos:39,pos=0
Field Write,context=DistancePos:39,left=true
Method Exit,returner=DistancePos:39#DistancePos:39,value=<void>
Field Read,context=Main,fnr
New Object,object=DistancePos:40
Method Call,caller=Main#countMatch:7,target=DistancePos:40#DistancePos:40
Variable Write,context=DistancePos:40#DistancePos:40,_pos=0
Variable Write,context=DistancePos:40#DistancePos:40,_left=false
Variable Write,context=DistancePos:40#DistancePos:40,_distance=1
Field Write,context=DistancePos:40,distance=1
Field Write,context=DistancePos:40,pos=0
Field Write,context=DistancePos:40,left=false
Method Exit,returner=DistancePos:40#DistancePos:40,value=<void>
Variable Write,context=Main#countMatch:7,i=1
Field Read,context=Main,fnl
New Object,object=DistancePos:41
Method Call,caller=Main#countMatch:7,target=DistancePos:41#DistancePos:41
Variable Write,context=DistancePos:41#DistancePos:41,_pos=1
Variable Write,context=DistancePos:41#DistancePos:41,_left=true
Variable Write,context=DistancePos:41#DistancePos:41,_distance=1
Field Write,context=DistancePos:41,distance=1
Field Write,context=DistancePos:41,pos=1
Field Write,context=DistancePos:41,left=true
Method Exit,returner=DistancePos:41#DistancePos:41,value=<void>
Field Read,context=Main,fnr
New Object,object=DistancePos:42
Method Call,caller=Main#countMatch:7,target=DistancePos:42#DistancePos:42
Variable Write,context=DistancePos:42#DistancePos:42,_pos=1
Variable Write,context=DistancePos:42#DistancePos:42,_left=false
Variable Write,context=DistancePos:42#DistancePos:42,_distance=2
Field Write,context=DistancePos:42,distance=2
Field Write,context=DistancePos:42,pos=1
Field Write,context=DistancePos:42,left=false
Method Exit,returner=DistancePos:42#DistancePos:42,value=<void>
Variable Write,context=Main#countMatch:7,i=2
Field Read,context=Main,fnl
New Object,object=DistancePos:43
Method Call,caller=Main#countMatch:7,target=DistancePos:43#DistancePos:43
Variable Write,context=DistancePos:43#DistancePos:43,_pos=2
Variable Write,context=DistancePos:43#DistancePos:43,_left=true
Variable Write,context=DistancePos:43#DistancePos:43,_distance=1
Field Write,context=DistancePos:43,distance=1
Field Write,context=DistancePos:43,pos=2
Field Write,context=DistancePos:43,left=true
Method Exit,returner=DistancePos:43#DistancePos:43,value=<void>
Field Read,context=Main,fnr
New Object,object=DistancePos:44
Method Call,caller=Main#countMatch:7,target=DistancePos:44#DistancePos:44
Variable Write,context=DistancePos:44#DistancePos:44,_pos=2
Variable Write,context=DistancePos:44#DistancePos:44,_left=false
Variable Write,context=DistancePos:44#DistancePos:44,_distance=1
Field Write,context=DistancePos:44,distance=1
Field Write,context=DistancePos:44,pos=2
Field Write,context=DistancePos:44,left=false
Method Exit,returner=DistancePos:44#DistancePos:44,value=<void>
New Object,object=DistanceCompare:7
Method Call,caller=Main#countMatch:7,target=DistanceCompare:7#DistanceCompare:7
Method Exit,returner=DistanceCompare:7#DistanceCompare:7,value=<void>
Method Call,caller=Main#countMatch:7,target=Ljava/util/ArrayList;.sort(Ljava/util/Comparator;)
Method Call,caller=Ljava/util/ArrayList;.sort(Ljava/util/Comparator;),target=Ljava/util/ArrayList;.sort(Ljava/util/Comparator;)
Method Call,caller=Ljava/util/ArrayList;.sort(Ljava/util/Comparator;),target=Ljava/util/Arrays;.sort([Ljava/lang/Object;IILjava/util/Comparator;)
Method Call,caller=Ljava/util/Arrays;.sort([Ljava/lang/Object;IILjava/util/Comparator;),target=Ljava/util/TimSort;.sort([Ljava/lang/Object;IILjava/util/Comparator;[Ljava/lang/Object;II)
Method Call,caller=Ljava/util/TimSort;.sort([Ljava/lang/Object;IILjava/util/Comparator;[Ljava/lang/Object;II),target=Ljava/util/TimSort;.countRunAndMakeAscending([Ljava/lang/Object;IILjava/util/Comparator;)
Method Exit,returner=Ljava/util/TimSort;.countRunAndMakeAscending([Ljava/lang/Object;IILjava/util/Comparator;),value=<void>
Method Exit,returner=Ljava/util/TimSort;.sort([Ljava/lang/Object;IILjava/util/Comparator;[Ljava/lang/Object;II),value=<void>
Method Exit,returner=Ljava/util/Arrays;.sort([Ljava/lang/Object;IILjava/util/Comparator;),value=<void>
Method Exit,returner=Ljava/util/ArrayList;.sort(Ljava/util/Comparator;),value=<void>
Method Call,caller=Ljava/util/ArrayList;.sort(Ljava/util/Comparator;),target=Ljava/util/TimSort;.sort([Ljava/lang/Object;IILjava/util/Comparator;[Ljava/lang/Object;II)
Method Call,caller=Ljava/util/TimSort;.sort([Ljava/lang/Object;IILjava/util/Comparator;[Ljava/lang/Object;II),target=Ljava/util/TimSort;.sort([Ljava/lang/Object;IILjava/util/Comparator;[Ljava/lang/Object;II)
Method Call,caller=Ljava/util/TimSort;.sort([Ljava/lang/Object;IILjava/util/Comparator;[Ljava/lang/Object;II),target=Ljava/util/TimSort;.countRunAndMakeAscending([Ljava/lang/Object;IILjava/util/Comparator;)
Method Call,caller=Ljava/util/TimSort;.countRunAndMakeAscending([Ljava/lang/Object;IILjava/util/Comparator;),target=LDistanceCompare;.compare(Ljava/lang/Object;Ljava/lang/Object;) <BRIDGE>
Method Call,caller=LDistanceCompare;.compare(Ljava/lang/Object;Ljava/lang/Object;) <BRIDGE>,target=DistanceCompare:7#compare:73
Variable Write,context=DistanceCompare:7#compare:73,a=DistancePos:40
Variable Write,context=DistanceCompare:7#compare:73,b=DistancePos:39
Method Call,caller=DistanceCompare:7#compare:73,target=DistancePos:40#getDistance:183
Field Read,context=DistancePos:40,distance
Variable Write,context=DistancePos:40#getDistance:183,result=1
Method Exit,returner=DistancePos:40#getDistance:183,value=1
Variable Write,context=DistanceCompare:7#compare:73,ai=1
Method Call,caller=DistanceCompare:7#compare:73,target=DistancePos:39#getDistance:184
Field Read,context=DistancePos:39,distance
Variable Write,context=DistancePos:39#getDistance:184,result=3
Method Exit,returner=DistancePos:39#getDistance:184,value=3
Variable Write,context=DistanceCompare:7#compare:73,bi=3
Variable Write,context=DistanceCompare:7#compare:73,result=1
Method Exit,returner=DistanceCompare:7#compare:73,value=1
Method Call,caller=LDistanceCompare;.compare(Ljava/lang/Object;Ljava/lang/Object;) <BRIDGE>,target=DistanceCompare:7#compare:74
Variable Write,context=DistanceCompare:7#compare:74,a=DistancePos:41
Variable Write,context=DistanceCompare:7#compare:74,b=DistancePos:40
Method Call,caller=DistanceCompare:7#compare:74,target=DistancePos:41#getDistance:185
Field Read,context=DistancePos:41,distance
Variable Write,context=DistancePos:41#getDistance:185,result=1
Method Exit,returner=DistancePos:41#getDistance:185,value=1
Variable Write,context=DistanceCompare:7#compare:74,ai=1
Method Call,caller=DistanceCompare:7#compare:74,target=DistancePos:40#getDistance:186
Field Read,context=DistancePos:40,distance
Variable Write,context=DistancePos:40#getDistance:186,result=1
Method Exit,returner=DistancePos:40#getDistance:186,value=1
Variable Write,context=DistanceCompare:7#compare:74,bi=1
Variable Write,context=DistanceCompare:7#compare:74,result=0
Method Exit,returner=DistanceCompare:7#compare:74,value=0
Method Call,caller=LDistanceCompare;.compare(Ljava/lang/Object;Ljava/lang/Object;) <BRIDGE>,target=DistanceCompare:7#compare:75
Variable Write,context=DistanceCompare:7#compare:75,a=DistancePos:42
Variable Write,context=DistanceCompare:7#compare:75,b=DistancePos:41
Method Call,caller=DistanceCompare:7#compare:75,target=DistancePos:42#getDistance:187
Field Read,context=DistancePos:42,distance
Variable Write,context=DistancePos:42#getDistance:187,result=2
Method Exit,returner=DistancePos:42#getDistance:187,value=2
Variable Write,context=DistanceCompare:7#compare:75,ai=2
Method Call,caller=DistanceCompare:7#compare:75,target=DistancePos:41#getDistance:188
Field Read,context=DistancePos:41,distance
Variable Write,context=DistancePos:41#getDistance:188,result=1
Method Exit,returner=DistancePos:41#getDistance:188,value=1
Variable Write,context=DistanceCompare:7#compare:75,bi=1
Variable Write,context=DistanceCompare:7#compare:75,result=-1
Method Exit,returner=DistanceCompare:7#compare:75,value=-1
Method Call,caller=LDistanceCompare;.compare(Ljava/lang/Object;Ljava/lang/Object;) <BRIDGE>,target=DistanceCompare:7#compare:76
Variable Write,context=DistanceCompare:7#compare:76,a=DistancePos:42
Variable Write,context=DistanceCompare:7#compare:76,b=DistancePos:40
Method Call,caller=DistanceCompare:7#compare:76,target=DistancePos:42#getDistance:189
Field Read,context=DistancePos:42,distance
Variable Write,context=DistancePos:42#getDistance:189,result=2
Method Exit,returner=DistancePos:42#getDistance:189,value=2
Variable Write,context=DistanceCompare:7#compare:76,ai=2
Method Call,caller=DistanceCompare:7#compare:76,target=DistancePos:40#getDistance:190
Field Read,context=DistancePos:40,distance
Variable Write,context=DistancePos:40#getDistance:190,result=1
Method Exit,returner=DistancePos:40#getDistance:190,value=1
Variable Write,context=DistanceCompare:7#compare:76,bi=1
Variable Write,context=DistanceCompare:7#compare:76,result=-1
Method Exit,returner=DistanceCompare:7#compare:76,value=-1
Method Call,caller=LDistanceCompare;.compare(Ljava/lang/Object;Ljava/lang/Object;) <BRIDGE>,target=DistanceCompare:7#compare:77
Variable Write,context=DistanceCompare:7#compare:77,a=DistancePos:42
Variable Write,context=DistanceCompare:7#compare:77,b=DistancePos:39
Method Call,caller=DistanceCompare:7#compare:77,target=DistancePos:42#getDistance:191
Field Read,context=DistancePos:42,distance
Variable Write,context=DistancePos:42#getDistance:191,result=2
Method Exit,returner=DistancePos:42#getDistance:191,value=2
Variable Write,context=DistanceCompare:7#compare:77,ai=2
Method Call,caller=DistanceCompare:7#compare:77,target=DistancePos:39#getDistance:192
Field Read,context=DistancePos:39,distance
Variable Write,context=DistancePos:39#getDistance:192,result=3
Method Exit,returner=DistancePos:39#getDistance:192,value=3
Variable Write,context=DistanceCompare:7#compare:77,bi=3
Variable Write,context=DistanceCompare:7#compare:77,result=1
Method Exit,returner=DistanceCompare:7#compare:77,value=1
Method Call,caller=LDistanceCompare;.compare(Ljava/lang/Object;Ljava/lang/Object;) <BRIDGE>,target=DistanceCompare:7#compare:78
Variable Write,context=DistanceCompare:7#compare:78,a=DistancePos:43
Variable Write,context=DistanceCompare:7#compare:78,b=DistancePos:40
Method Call,caller=DistanceCompare:7#compare:78,target=DistancePos:43#getDistance:193
Field Read,context=DistancePos:43,distance
Variable Write,context=DistancePos:43#getDistance:193,result=1
Method Exit,returner=DistancePos:43#getDistance:193,value=1
Variable Write,context=DistanceCompare:7#compare:78,ai=1
Method Call,caller=DistanceCompare:7#compare:78,target=DistancePos:40#getDistance:194
Field Read,context=DistancePos:40,distance
Variable Write,context=DistancePos:40#getDistance:194,result=1
Method Exit,returner=DistancePos:40#getDistance:194,value=1
Variable Write,context=DistanceCompare:7#compare:78,bi=1
Variable Write,context=DistanceCompare:7#compare:78,result=0
Method Exit,returner=DistanceCompare:7#compare:78,value=0
Method Call,caller=LDistanceCompare;.compare(Ljava/lang/Object;Ljava/lang/Object;) <BRIDGE>,target=DistanceCompare:7#compare:79
Variable Write,context=DistanceCompare:7#compare:79,a=DistancePos:43
Variable Write,context=DistanceCompare:7#compare:79,b=DistancePos:41
Method Call,caller=DistanceCompare:7#compare:79,target=DistancePos:43#getDistance:195
Field Read,context=DistancePos:43,distance
Variable Write,context=DistancePos:43#getDistance:195,result=1
Method Exit,returner=DistancePos:43#getDistance:195,value=1
Variable Write,context=DistanceCompare:7#compare:79,ai=1
Method Call,caller=DistanceCompare:7#compare:79,target=DistancePos:41#getDistance:196
Field Read,context=DistancePos:41,distance
Variable Write,context=DistancePos:41#getDistance:196,result=1
Method Exit,returner=DistancePos:41#getDistance:196,value=1
Variable Write,context=DistanceCompare:7#compare:79,bi=1
Variable Write,context=DistanceCompare:7#compare:79,result=0
Method Exit,returner=DistanceCompare:7#compare:79,value=0
Method Call,caller=LDistanceCompare;.compare(Ljava/lang/Object;Ljava/lang/Object;) <BRIDGE>,target=DistanceCompare:7#compare:80
Variable Write,context=DistanceCompare:7#compare:80,a=DistancePos:44
Variable Write,context=DistanceCompare:7#compare:80,b=DistancePos:40
Method Call,caller=DistanceCompare:7#compare:80,target=DistancePos:44#getDistance:197
Field Read,context=DistancePos:44,distance
Variable Write,context=DistancePos:44#getDistance:197,result=1
Method Exit,returner=DistancePos:44#getDistance:197,value=1
Variable Write,context=DistanceCompare:7#compare:80,ai=1
Method Call,caller=DistanceCompare:7#compare:80,target=DistancePos:40#getDistance:198
Field Read,context=DistancePos:40,distance
Variable Write,context=DistancePos:40#getDistance:198,result=1
Method Exit,returner=DistancePos:40#getDistance:198,value=1
Variable Write,context=DistanceCompare:7#compare:80,bi=1
Variable Write,context=DistanceCompare:7#compare:80,result=0
Method Exit,returner=DistanceCompare:7#compare:80,value=0
Method Call,caller=LDistanceCompare;.compare(Ljava/lang/Object;Ljava/lang/Object;) <BRIDGE>,target=DistanceCompare:7#compare:81
Variable Write,context=DistanceCompare:7#compare:81,a=DistancePos:44
Variable Write,context=DistanceCompare:7#compare:81,b=DistancePos:43
Method Call,caller=DistanceCompare:7#compare:81,target=DistancePos:44#getDistance:199
Field Read,context=DistancePos:44,distance
Variable Write,context=DistancePos:44#getDistance:199,result=1
Method Exit,returner=DistancePos:44#getDistance:199,value=1
Variable Write,context=DistanceCompare:7#compare:81,ai=1
Method Call,caller=DistanceCompare:7#compare:81,target=DistancePos:43#getDistance:200
Field Read,context=DistancePos:43,distance
Variable Write,context=DistancePos:43#getDistance:200,result=1
Method Exit,returner=DistancePos:43#getDistance:200,value=1
Variable Write,context=DistanceCompare:7#compare:81,bi=1
Variable Write,context=DistanceCompare:7#compare:81,result=0
Method Exit,returner=DistanceCompare:7#compare:81,value=0
Method Exit,returner=LDistanceCompare;.compare(Ljava/lang/Object;Ljava/lang/Object;) <BRIDGE>,value=<void>
Method Exit,returner=Ljava/util/TimSort;.countRunAndMakeAscending([Ljava/lang/Object;IILjava/util/Comparator;),value=<void>
Method Exit,returner=Ljava/util/TimSort;.sort([Ljava/lang/Object;IILjava/util/Comparator;[Ljava/lang/Object;II),value=<void>
Method Exit,returner=Ljava/util/TimSort;.sort([Ljava/lang/Object;IILjava/util/Comparator;[Ljava/lang/Object;II),value=<void>
Method Exit,returner=Ljava/util/ArrayList;.sort(Ljava/util/Comparator;),value=<void>
New Object,object=BIT:13
Method Call,caller=Main#countMatch:7,target=BIT:13#BIT:13
Variable Write,context=BIT:13#BIT:13,e=3
New Object,object=int[]:13
Field Write,context=int[]:13,0=0
Field Write,context=int[]:13,1=0
Field Write,context=int[]:13,2=0
Field Write,context=int[]:13,3=0
Field Write,context=int[]:13,4=0
Field Write,context=int[]:13,5=0
Field Write,context=int[]:13,6=0
Field Write,context=int[]:13,7=0
Field Write,context=int[]:13,8=0
Field Write,context=int[]:13,9=0
Field Write,context=int[]:13,10=0
Field Write,context=int[]:13,11=0
Field Write,context=int[]:13,12=0
Field Write,context=BIT:13,bit=int[]:13
Field Read,context=BIT:13,bit
Variable Write,context=BIT:13#BIT:13,i=0
Field Read,context=BIT:13,bit
Field Read,context=BIT:13,bit
Variable Write,context=BIT:13#BIT:13,i=1
Field Read,context=BIT:13,bit
Field Read,context=BIT:13,bit
Variable Write,context=BIT:13#BIT:13,i=2
Field Read,context=BIT:13,bit
Field Read,context=BIT:13,bit
Variable Write,context=BIT:13#BIT:13,i=3
Field Read,context=BIT:13,bit
Field Read,context=BIT:13,bit
Variable Write,context=BIT:13#BIT:13,i=4
Field Read,context=BIT:13,bit
Field Read,context=BIT:13,bit
Variable Write,context=BIT:13#BIT:13,i=5
Field Read,context=BIT:13,bit
Field Read,context=BIT:13,bit
Variable Write,context=BIT:13#BIT:13,i=6
Field Read,context=BIT:13,bit
Field Read,context=BIT:13,bit
Variable Write,context=BIT:13#BIT:13,i=7
Field Read,context=BIT:13,bit
Field Read,context=BIT:13,bit
Variable Write,context=BIT:13#BIT:13,i=8
Field Read,context=BIT:13,bit
Field Read,context=BIT:13,bit
Variable Write,context=BIT:13#BIT:13,i=9
Field Read,context=BIT:13,bit
Field Read,context=BIT:13,bit
Variable Write,context=BIT:13#BIT:13,i=10
Field Read,context=BIT:13,bit
Field Read,context=BIT:13,bit
Variable Write,context=BIT:13#BIT:13,i=11
Field Read,context=BIT:13,bit
Field Read,context=BIT:13,bit
Variable Write,context=BIT:13#BIT:13,i=12
Field Read,context=BIT:13,bit
Field Read,context=BIT:13,bit
Method Exit,returner=BIT:13#BIT:13,value=<void>
Variable Delete,method=Main#countMatch:7 <name=i,type=int (id=7),value=<?>,index=2>
Variable Write,context=Main#countMatch:7,bitLeft=BIT:13
New Object,object=BIT:14
Method Call,caller=Main#countMatch:7,target=BIT:14#BIT:14
Variable Write,context=BIT:14#BIT:14,e=3
New Object,object=int[]:14
Field Write,context=int[]:14,0=0
Field Write,context=int[]:14,1=0
Field Write,context=int[]:14,2=0
Field Write,context=int[]:14,3=0
Field Write,context=int[]:14,4=0
Field Write,context=int[]:14,5=0
Field Write,context=int[]:14,6=0
Field Write,context=int[]:14,7=0
Field Write,context=int[]:14,8=0
Field Write,context=int[]:14,9=0
Field Write,context=int[]:14,10=0
Field Write,context=int[]:14,11=0
Field Write,context=int[]:14,12=0
Field Write,context=BIT:14,bit=int[]:14
Field Read,context=BIT:14,bit
Variable Write,context=BIT:14#BIT:14,i=0
Field Read,context=BIT:14,bit
Field Read,context=BIT:14,bit
Variable Write,context=BIT:14#BIT:14,i=1
Field Read,context=BIT:14,bit
Field Read,context=BIT:14,bit
Variable Write,context=BIT:14#BIT:14,i=2
Field Read,context=BIT:14,bit
Field Read,context=BIT:14,bit
Variable Write,context=BIT:14#BIT:14,i=3
Field Read,context=BIT:14,bit
Field Read,context=BIT:14,bit
Variable Write,context=BIT:14#BIT:14,i=4
Field Read,context=BIT:14,bit
Field Read,context=BIT:14,bit
Variable Write,context=BIT:14#BIT:14,i=5
Field Read,context=BIT:14,bit
Field Read,context=BIT:14,bit
Variable Write,context=BIT:14#BIT:14,i=6
Field Read,context=BIT:14,bit
Field Read,context=BIT:14,bit
Variable Write,context=BIT:14#BIT:14,i=7
Field Read,context=BIT:14,bit
Field Read,context=BIT:14,bit
Variable Write,context=BIT:14#BIT:14,i=8
Field Read,context=BIT:14,bit
Field Read,context=BIT:14,bit
Variable Write,context=BIT:14#BIT:14,i=9
Field Read,context=BIT:14,bit
Field Read,context=BIT:14,bit
Variable Write,context=BIT:14#BIT:14,i=10
Field Read,context=BIT:14,bit
Field Read,context=BIT:14,bit
Variable Write,context=BIT:14#BIT:14,i=11
Field Read,context=BIT:14,bit
Field Read,context=BIT:14,bit
Variable Write,context=BIT:14#BIT:14,i=12
Field Read,context=BIT:14,bit
Field Read,context=BIT:14,bit
Method Exit,returner=BIT:14#BIT:14,value=<void>
Variable Write,context=Main#countMatch:7,bitRight=BIT:14
Variable Write,context=Main#countMatch:7,result=0
Variable Write,context=Main#countMatch:7,i=0
Method Call,caller=Main#countMatch:7,target=DistancePos:39#isLeft:39
Field Read,context=DistancePos:39,left
Variable Write,context=DistancePos:39#isLeft:39,result=true
Method Exit,returner=DistancePos:39#isLeft:39,value=true
Method Call,caller=Main#countMatch:7,target=DistancePos:39#getPos:115
Field Read,context=DistancePos:39,pos
Variable Write,context=DistancePos:39#getPos:115,result=0
Method Exit,returner=DistancePos:39#getPos:115,value=0
Field Read,context=Main,L
Variable Write,context=Main#countMatch:7,result=0
Method Call,caller=Main#countMatch:7,target=DistancePos:39#getPos:116
Field Read,context=DistancePos:39,pos
Variable Write,context=DistancePos:39#getPos:116,result=0
Method Exit,returner=DistancePos:39#getPos:116,value=0
Method Call,caller=Main#countMatch:7,target=DistancePos:39#getDistance:201
Field Read,context=DistancePos:39,distance
Variable Write,context=DistancePos:39#getDistance:201,result=3
Method Exit,returner=DistancePos:39#getDistance:201,value=3
Method Call,caller=Main#countMatch:7,target=BIT:14#range:39
Variable Write,context=BIT:14#range:39,fromPos=2
Variable Write,context=BIT:14#range:39,toPos=2
Method Call,caller=BIT:14#range:39,target=BIT:14#sum:17
Variable Write,context=BIT:14#sum:17,n=3
Variable Write,context=BIT:14#sum:17,result=0
Variable Write,context=BIT:14#sum:17,i=2
Field Read,context=BIT:14,bit
Variable Write,context=BIT:14#sum:17,result=0
Variable Write,context=BIT:14#sum:17,i=1
Field Read,context=BIT:14,bit
Variable Write,context=BIT:14#sum:17,result=0
Variable Write,context=BIT:14#sum:17,result=0
Method Exit,returner=BIT:14#sum:17,value=0
Method Call,caller=BIT:14#range:39,target=BIT:14#sum:18
Variable Write,context=BIT:14#sum:18,n=2
Variable Write,context=BIT:14#sum:18,result=0
Variable Write,context=BIT:14#sum:18,i=1
Field Read,context=BIT:14,bit
Variable Write,context=BIT:14#sum:18,result=0
Variable Write,context=BIT:14#sum:18,result=0
Method Exit,returner=BIT:14#sum:18,value=0
Variable Write,context=BIT:14#range:39,result=0
Method Exit,returner=BIT:14#range:39,value=0
Variable Write,context=Main#countMatch:7,result=0
Method Call,caller=Main#countMatch:7,target=DistancePos:39#getPos:117
Field Read,context=DistancePos:39,pos
Variable Write,context=DistancePos:39#getPos:117,result=0
Method Exit,returner=DistancePos:39#getPos:117,value=0
Method Call,caller=Main#countMatch:7,target=BIT:13#add:39
Variable Write,context=BIT:13#add:39,pos=0
Variable Write,context=BIT:13#add:39,val=1
Field Read,context=BIT:13,bit
Variable Write,context=BIT:13#add:39,i=0
Field Read,context=BIT:13,bit
Field Write,context=int[]:13,0=1
Field Read,context=BIT:13,bit
Variable Write,context=BIT:13#add:39,i=1
Field Read,context=BIT:13,bit
Field Write,context=int[]:13,1=1
Field Read,context=BIT:13,bit
Variable Write,context=BIT:13#add:39,i=3
Field Read,context=BIT:13,bit
Field Write,context=int[]:13,3=1
Field Read,context=BIT:13,bit
Variable Write,context=BIT:13#add:39,i=7
Field Read,context=BIT:13,bit
Field Write,context=int[]:13,7=1
Field Read,context=BIT:13,bit
Method Exit,returner=BIT:13#add:39,value=<void>
Variable Write,context=Main#countMatch:7,i=1
Method Call,caller=Main#countMatch:7,target=DistancePos:42#isLeft:40
Field Read,context=DistancePos:42,left
Variable Write,context=DistancePos:42#isLeft:40,result=false
Method Exit,returner=DistancePos:42#isLeft:40,value=false
Method Call,caller=Main#countMatch:7,target=DistancePos:42#getPos:118
Field Read,context=DistancePos:42,pos
Variable Write,context=DistancePos:42#getPos:118,result=1
Method Exit,returner=DistancePos:42#getPos:118,value=1
Method Call,caller=Main#countMatch:7,target=DistancePos:42#getDistance:202
Field Read,context=DistancePos:42,distance
Variable Write,context=DistancePos:42#getDistance:202,result=2
Method Exit,returner=DistancePos:42#getDistance:202,value=2
Variable Write,context=Main#countMatch:7,result=0
Method Call,caller=Main#countMatch:7,target=DistancePos:42#getPos:119
Field Read,context=DistancePos:42,pos
Variable Write,context=DistancePos:42#getPos:119,result=1
Method Exit,returner=DistancePos:42#getPos:119,value=1
Field Read,context=Main,L
Method Call,caller=Main#countMatch:7,target=BIT:13#range:40
Variable Write,context=BIT:13#range:40,fromPos=0
Variable Write,context=BIT:13#range:40,toPos=-1
Variable Write,context=BIT:13#range:40,result=0
Method Exit,returner=BIT:13#range:40,value=0
Variable Write,context=Main#countMatch:7,result=0
Method Call,caller=Main#countMatch:7,target=DistancePos:42#getPos:120
Field Read,context=DistancePos:42,pos
Variable Write,context=DistancePos:42#getPos:120,result=1
Method Exit,returner=DistancePos:42#getPos:120,value=1
Method Call,caller=Main#countMatch:7,target=BIT:14#add:40
Variable Write,context=BIT:14#add:40,pos=1
Variable Write,context=BIT:14#add:40,val=1
Field Read,context=BIT:14,bit
Variable Write,context=BIT:14#add:40,i=1
Field Read,context=BIT:14,bit
Field Write,context=int[]:14,1=1
Field Read,context=BIT:14,bit
Variable Write,context=BIT:14#add:40,i=3
Field Read,context=BIT:14,bit
Field Write,context=int[]:14,3=1
Field Read,context=BIT:14,bit
Variable Write,context=BIT:14#add:40,i=7
Field Read,context=BIT:14,bit
Field Write,context=int[]:14,7=1
Field Read,context=BIT:14,bit
Method Exit,returner=BIT:14#add:40,value=<void>
Variable Write,context=Main#countMatch:7,i=2
Method Call,caller=Main#countMatch:7,target=DistancePos:40#isLeft:41
Field Read,context=DistancePos:40,left
Variable Write,context=DistancePos:40#isLeft:41,result=false
Method Exit,returner=DistancePos:40#isLeft:41,value=false
Method Call,caller=Main#countMatch:7,target=DistancePos:40#getPos:121
Field Read,context=DistancePos:40,pos
Variable Write,context=DistancePos:40#getPos:121,result=0
Method Exit,returner=DistancePos:40#getPos:121,value=0
Method Call,caller=Main#countMatch:7,target=DistancePos:40#getDistance:203
Field Read,context=DistancePos:40,distance
Variable Write,context=DistancePos:40#getDistance:203,result=1
Method Exit,returner=DistancePos:40#getDistance:203,value=1
Variable Write,context=Main#countMatch:7,result=0
Method Call,caller=Main#countMatch:7,target=DistancePos:40#getPos:122
Field Read,context=DistancePos:40,pos
Variable Write,context=DistancePos:40#getPos:122,result=0
Method Exit,returner=DistancePos:40#getPos:122,value=0
Field Read,context=Main,L
Method Call,caller=Main#countMatch:7,target=BIT:13#range:41
Variable Write,context=BIT:13#range:41,fromPos=0
Variable Write,context=BIT:13#range:41,toPos=-2
Variable Write,context=BIT:13#range:41,result=0
Method Exit,returner=BIT:13#range:41,value=0
Variable Write,context=Main#countMatch:7,result=0
Method Call,caller=Main#countMatch:7,target=DistancePos:40#getPos:123
Field Read,context=DistancePos:40,pos
Variable Write,context=DistancePos:40#getPos:123,result=0
Method Exit,returner=DistancePos:40#getPos:123,value=0
Method Call,caller=Main#countMatch:7,target=BIT:14#add:41
Variable Write,context=BIT:14#add:41,pos=0
Variable Write,context=BIT:14#add:41,val=1
Field Read,context=BIT:14,bit
Variable Write,context=BIT:14#add:41,i=0
Field Read,context=BIT:14,bit
Field Write,context=int[]:14,0=1
Field Read,context=BIT:14,bit
Variable Write,context=BIT:14#add:41,i=1
Field Read,context=BIT:14,bit
Field Write,context=int[]:14,1=2
Field Read,context=BIT:14,bit
Variable Write,context=BIT:14#add:41,i=3
Field Read,context=BIT:14,bit
Field Write,context=int[]:14,3=2
Field Read,context=BIT:14,bit
Variable Write,context=BIT:14#add:41,i=7
Field Read,context=BIT:14,bit
Field Write,context=int[]:14,7=2
Field Read,context=BIT:14,bit
Method Exit,returner=BIT:14#add:41,value=<void>
Variable Write,context=Main#countMatch:7,i=3
Method Call,caller=Main#countMatch:7,target=DistancePos:41#isLeft:42
Field Read,context=DistancePos:41,left
Variable Write,context=DistancePos:41#isLeft:42,result=true
Method Exit,returner=DistancePos:41#isLeft:42,value=true
Method Call,caller=Main#countMatch:7,target=DistancePos:41#getPos:124
Field Read,context=DistancePos:41,pos
Variable Write,context=DistancePos:41#getPos:124,result=1
Method Exit,returner=DistancePos:41#getPos:124,value=1
Field Read,context=Main,L
Variable Write,context=Main#countMatch:7,result=0
Method Call,caller=Main#countMatch:7,target=DistancePos:41#getPos:125
Field Read,context=DistancePos:41,pos
Variable Write,context=DistancePos:41#getPos:125,result=1
Method Exit,returner=DistancePos:41#getPos:125,value=1
Method Call,caller=Main#countMatch:7,target=DistancePos:41#getDistance:204
Field Read,context=DistancePos:41,distance
Variable Write,context=DistancePos:41#getDistance:204,result=1
Method Exit,returner=DistancePos:41#getDistance:204,value=1
Method Call,caller=Main#countMatch:7,target=BIT:14#range:42
Variable Write,context=BIT:14#range:42,fromPos=3
Variable Write,context=BIT:14#range:42,toPos=1
Variable Write,context=BIT:14#range:42,result=0
Method Exit,returner=BIT:14#range:42,value=0
Variable Write,context=Main#countMatch:7,result=0
Method Call,caller=Main#countMatch:7,target=DistancePos:41#getPos:126
Field Read,context=DistancePos:41,pos
Variable Write,context=DistancePos:41#getPos:126,result=1
Method Exit,returner=DistancePos:41#getPos:126,value=1
Method Call,caller=Main#countMatch:7,target=BIT:13#add:42
Variable Write,context=BIT:13#add:42,pos=1
Variable Write,context=BIT:13#add:42,val=1
Field Read,context=BIT:13,bit
Variable Write,context=BIT:13#add:42,i=1
Field Read,context=BIT:13,bit
Field Write,context=int[]:13,1=2
Field Read,context=BIT:13,bit
Variable Write,context=BIT:13#add:42,i=3
Field Read,context=BIT:13,bit
Field Write,context=int[]:13,3=2
Field Read,context=BIT:13,bit
Variable Write,context=BIT:13#add:42,i=7
Field Read,context=BIT:13,bit
Field Write,context=int[]:13,7=2
Field Read,context=BIT:13,bit
Method Exit,returner=BIT:13#add:42,value=<void>
Variable Write,context=Main#countMatch:7,i=4
Method Call,caller=Main#countMatch:7,target=DistancePos:43#isLeft:43
Field Read,context=DistancePos:43,left
Variable Write,context=DistancePos:43#isLeft:43,result=true
Method Exit,returner=DistancePos:43#isLeft:43,value=true
Method Call,caller=Main#countMatch:7,target=DistancePos:43#getPos:127
Field Read,context=DistancePos:43,pos
Variable Write,context=DistancePos:43#getPos:127,result=2
Method Exit,returner=DistancePos:43#getPos:127,value=2
Field Read,context=Main,L
Variable Write,context=Main#countMatch:7,result=0
Method Call,caller=Main#countMatch:7,target=DistancePos:43#getPos:128
Field Read,context=DistancePos:43,pos
Variable Write,context=DistancePos:43#getPos:128,result=2
Method Exit,returner=DistancePos:43#getPos:128,value=2
Method Call,caller=Main#countMatch:7,target=DistancePos:43#getDistance:205
Field Read,context=DistancePos:43,distance
Variable Write,context=DistancePos:43#getDistance:205,result=1
Method Exit,returner=DistancePos:43#getDistance:205,value=1
Method Call,caller=Main#countMatch:7,target=BIT:14#range:43
Variable Write,context=BIT:14#range:43,fromPos=4
Variable Write,context=BIT:14#range:43,toPos=2
Variable Write,context=BIT:14#range:43,result=0
Method Exit,returner=BIT:14#range:43,value=0
Variable Write,context=Main#countMatch:7,result=0
Method Call,caller=Main#countMatch:7,target=DistancePos:43#getPos:129
Field Read,context=DistancePos:43,pos
Variable Write,context=DistancePos:43#getPos:129,result=2
Method Exit,returner=DistancePos:43#getPos:129,value=2
Method Call,caller=Main#countMatch:7,target=BIT:13#add:43
Variable Write,context=BIT:13#add:43,pos=2
Variable Write,context=BIT:13#add:43,val=1
Field Read,context=BIT:13,bit
Variable Write,context=BIT:13#add:43,i=2
Field Read,context=BIT:13,bit
Field Write,context=int[]:13,2=1
Field Read,context=BIT:13,bit
Variable Write,context=BIT:13#add:43,i=3
Field Read,context=BIT:13,bit
Field Write,context=int[]:13,3=3
Field Read,context=BIT:13,bit
Variable Write,context=BIT:13#add:43,i=7
Field Read,context=BIT:13,bit
Field Write,context=int[]:13,7=3
Field Read,context=BIT:13,bit
Method Exit,returner=BIT:13#add:43,value=<void>
Variable Write,context=Main#countMatch:7,i=5
Method Call,caller=Main#countMatch:7,target=DistancePos:44#isLeft:44
Field Read,context=DistancePos:44,left
Variable Write,context=DistancePos:44#isLeft:44,result=false
Method Exit,returner=DistancePos:44#isLeft:44,value=false
Method Call,caller=Main#countMatch:7,target=DistancePos:44#getPos:130
Field Read,context=DistancePos:44,pos
Variable Write,context=DistancePos:44#getPos:130,result=2
Method Exit,returner=DistancePos:44#getPos:130,value=2
Method Call,caller=Main#countMatch:7,target=DistancePos:44#getDistance:206
Field Read,context=DistancePos:44,distance
Variable Write,context=DistancePos:44#getDistance:206,result=1
Method Exit,returner=DistancePos:44#getDistance:206,value=1
Variable Write,context=Main#countMatch:7,result=0
Method Call,caller=Main#countMatch:7,target=DistancePos:44#getPos:131
Field Read,context=DistancePos:44,pos
Variable Write,context=DistancePos:44#getPos:131,result=2
Method Exit,returner=DistancePos:44#getPos:131,value=2
Field Read,context=Main,L
Method Call,caller=Main#countMatch:7,target=BIT:13#range:44
Variable Write,context=BIT:13#range:44,fromPos=2
Variable Write,context=BIT:13#range:44,toPos=0
Variable Write,context=BIT:13#range:44,result=0
Method Exit,returner=BIT:13#range:44,value=0
Variable Write,context=Main#countMatch:7,result=0
Method Call,caller=Main#countMatch:7,target=DistancePos:44#getPos:132
Field Read,context=DistancePos:44,pos
Variable Write,context=DistancePos:44#getPos:132,result=2
Method Exit,returner=DistancePos:44#getPos:132,value=2
Method Call,caller=Main#countMatch:7,target=BIT:14#add:44
Variable Write,context=BIT:14#add:44,pos=2
Variable Write,context=BIT:14#add:44,val=1
Field Read,context=BIT:14,bit
Variable Write,context=BIT:14#add:44,i=2
Field Read,context=BIT:14,bit
Field Write,context=int[]:14,2=1
Field Read,context=BIT:14,bit
Variable Write,context=BIT:14#add:44,i=3
Field Read,context=BIT:14,bit
Field Write,context=int[]:14,3=3
Field Read,context=BIT:14,bit
Variable Write,context=BIT:14#add:44,i=7
Field Read,context=BIT:14,bit
Field Write,context=int[]:14,7=3
Field Read,context=BIT:14,bit
Method Exit,returner=BIT:14#add:44,value=<void>
Variable Write,context=Main#countMatch:7,result=0
Method Exit,returner=Main#countMatch:7,value=0
Variable Write,context=Main#main:1,result=4
Variable Delete,method=Main#main:1 <name=i,type=int (id=7),value=<?>,index=29>
Field Read,context=Main,H
Variable Write,context=Main#main:1,y=3
Variable Delete,method=Main#main:1 <name=e,type=int (id=7),value=<?>,index=28>
Field Read,context=Main,W
Field Read,context=Main,H
Variable Write,context=Main#main:1,e=2
Variable Write,context=Main#main:1,i=0
Field Read,context=Main,fnl
Field Read,context=Main,leftupper
Field Read,context=Main,fnr
Field Read,context=Main,rightlower
Variable Write,context=Main#main:1,i=1
Field Read,context=Main,fnl
Field Read,context=Main,leftupper
Field Read,context=Main,fnr
Field Read,context=Main,rightlower
Method Call,caller=Main#main:1,target=Main#countMatch:8
Variable Write,context=Main#countMatch:8,e=2
Variable Write,context=Main#countMatch:8,order=java.util.ArrayList (id=475)
Variable Write,context=Main#countMatch:8,i=0
Field Read,context=Main,fnl
New Object,object=DistancePos:45
Method Call,caller=Main#countMatch:8,target=DistancePos:45#DistancePos:45
Variable Write,context=DistancePos:45#DistancePos:45,_pos=0
Variable Write,context=DistancePos:45#DistancePos:45,_left=true
Variable Write,context=DistancePos:45#DistancePos:45,_distance=2
Field Write,context=DistancePos:45,distance=2
Field Write,context=DistancePos:45,pos=0
Field Write,context=DistancePos:45,left=true
Method Exit,returner=DistancePos:45#DistancePos:45,value=<void>
Field Read,context=Main,fnr
New Object,object=DistancePos:46
Method Call,caller=Main#countMatch:8,target=DistancePos:46#DistancePos:46
Variable Write,context=DistancePos:46#DistancePos:46,_pos=0
Variable Write,context=DistancePos:46#DistancePos:46,_left=false
Variable Write,context=DistancePos:46#DistancePos:46,_distance=1
Field Write,context=DistancePos:46,distance=1
Field Write,context=DistancePos:46,pos=0
Field Write,context=DistancePos:46,left=false
Method Exit,returner=DistancePos:46#DistancePos:46,value=<void>
Variable Write,context=Main#countMatch:8,i=1
Field Read,context=Main,fnl
New Object,object=DistancePos:47
Method Call,caller=Main#countMatch:8,target=DistancePos:47#DistancePos:47
Variable Write,context=DistancePos:47#DistancePos:47,_pos=1
Variable Write,context=DistancePos:47#DistancePos:47,_left=true
Variable Write,context=DistancePos:47#DistancePos:47,_distance=1
Field Write,context=DistancePos:47,distance=1
Field Write,context=DistancePos:47,pos=1
Field Write,context=DistancePos:47,left=true
Method Exit,returner=DistancePos:47#DistancePos:47,value=<void>
Field Read,context=Main,fnr
New Object,object=DistancePos:48
Method Call,caller=Main#countMatch:8,target=DistancePos:48#DistancePos:48
Variable Write,context=DistancePos:48#DistancePos:48,_pos=1
Variable Write,context=DistancePos:48#DistancePos:48,_left=false
Variable Write,context=DistancePos:48#DistancePos:48,_distance=2
Field Write,context=DistancePos:48,distance=2
Field Write,context=DistancePos:48,pos=1
Field Write,context=DistancePos:48,left=false
Method Exit,returner=DistancePos:48#DistancePos:48,value=<void>
New Object,object=DistanceCompare:8
Method Call,caller=Main#countMatch:8,target=DistanceCompare:8#DistanceCompare:8
Method Exit,returner=DistanceCompare:8#DistanceCompare:8,value=<void>
Method Call,caller=Main#countMatch:8,target=Ljava/util/ArrayList;.sort(Ljava/util/Comparator;)
Method Call,caller=Ljava/util/ArrayList;.sort(Ljava/util/Comparator;),target=Ljava/util/ArrayList;.sort(Ljava/util/Comparator;)
Method Call,caller=Ljava/util/ArrayList;.sort(Ljava/util/Comparator;),target=Ljava/util/Arrays;.sort([Ljava/lang/Object;IILjava/util/Comparator;)
Method Call,caller=Ljava/util/Arrays;.sort([Ljava/lang/Object;IILjava/util/Comparator;),target=Ljava/util/TimSort;.sort([Ljava/lang/Object;IILjava/util/Comparator;[Ljava/lang/Object;II)
Method Call,caller=Ljava/util/TimSort;.sort([Ljava/lang/Object;IILjava/util/Comparator;[Ljava/lang/Object;II),target=Ljava/util/TimSort;.countRunAndMakeAscending([Ljava/lang/Object;IILjava/util/Comparator;)
Method Exit,returner=Ljava/util/TimSort;.countRunAndMakeAscending([Ljava/lang/Object;IILjava/util/Comparator;),value=<void>
Method Exit,returner=Ljava/util/TimSort;.sort([Ljava/lang/Object;IILjava/util/Comparator;[Ljava/lang/Object;II),value=<void>
Method Exit,returner=Ljava/util/Arrays;.sort([Ljava/lang/Object;IILjava/util/Comparator;),value=<void>
Method Exit,returner=Ljava/util/ArrayList;.sort(Ljava/util/Comparator;),value=<void>
Method Call,caller=Ljava/util/ArrayList;.sort(Ljava/util/Comparator;),target=Ljava/util/TimSort;.sort([Ljava/lang/Object;IILjava/util/Comparator;[Ljava/lang/Object;II)
Method Call,caller=Ljava/util/TimSort;.sort([Ljava/lang/Object;IILjava/util/Comparator;[Ljava/lang/Object;II),target=Ljava/util/TimSort;.sort([Ljava/lang/Object;IILjava/util/Comparator;[Ljava/lang/Object;II)
Method Call,caller=Ljava/util/TimSort;.sort([Ljava/lang/Object;IILjava/util/Comparator;[Ljava/lang/Object;II),target=Ljava/util/TimSort;.countRunAndMakeAscending([Ljava/lang/Object;IILjava/util/Comparator;)
Method Call,caller=Ljava/util/TimSort;.countRunAndMakeAscending([Ljava/lang/Object;IILjava/util/Comparator;),target=LDistanceCompare;.compare(Ljava/lang/Object;Ljava/lang/Object;) <BRIDGE>
Method Call,caller=LDistanceCompare;.compare(Ljava/lang/Object;Ljava/lang/Object;) <BRIDGE>,target=DistanceCompare:8#compare:82
Variable Write,context=DistanceCompare:8#compare:82,a=DistancePos:46
Variable Write,context=DistanceCompare:8#compare:82,b=DistancePos:45
Method Call,caller=DistanceCompare:8#compare:82,target=DistancePos:46#getDistance:207
Field Read,context=DistancePos:46,distance
Variable Write,context=DistancePos:46#getDistance:207,result=1
Method Exit,returner=DistancePos:46#getDistance:207,value=1
Variable Write,context=DistanceCompare:8#compare:82,ai=1
Method Call,caller=DistanceCompare:8#compare:82,target=DistancePos:45#getDistance:208
Field Read,context=DistancePos:45,distance
Variable Write,context=DistancePos:45#getDistance:208,result=2
Method Exit,returner=DistancePos:45#getDistance:208,value=2
Variable Write,context=DistanceCompare:8#compare:82,bi=2
Variable Write,context=DistanceCompare:8#compare:82,result=1
Method Exit,returner=DistanceCompare:8#compare:82,value=1
Method Call,caller=LDistanceCompare;.compare(Ljava/lang/Object;Ljava/lang/Object;) <BRIDGE>,target=DistanceCompare:8#compare:83
Variable Write,context=DistanceCompare:8#compare:83,a=DistancePos:47
Variable Write,context=DistanceCompare:8#compare:83,b=DistancePos:46
Method Call,caller=DistanceCompare:8#compare:83,target=DistancePos:47#getDistance:209
Field Read,context=DistancePos:47,distance
Variable Write,context=DistancePos:47#getDistance:209,result=1
Method Exit,returner=DistancePos:47#getDistance:209,value=1
Variable Write,context=DistanceCompare:8#compare:83,ai=1
Method Call,caller=DistanceCompare:8#compare:83,target=DistancePos:46#getDistance:210
Field Read,context=DistancePos:46,distance
Variable Write,context=DistancePos:46#getDistance:210,result=1
Method Exit,returner=DistancePos:46#getDistance:210,value=1
Variable Write,context=DistanceCompare:8#compare:83,bi=1
Variable Write,context=DistanceCompare:8#compare:83,result=0
Method Exit,returner=DistanceCompare:8#compare:83,value=0
Method Call,caller=LDistanceCompare;.compare(Ljava/lang/Object;Ljava/lang/Object;) <BRIDGE>,target=DistanceCompare:8#compare:84
Variable Write,context=DistanceCompare:8#compare:84,a=DistancePos:48
Variable Write,context=DistanceCompare:8#compare:84,b=DistancePos:47
Method Call,caller=DistanceCompare:8#compare:84,target=DistancePos:48#getDistance:211
Field Read,context=DistancePos:48,distance
Variable Write,context=DistancePos:48#getDistance:211,result=2
Method Exit,returner=DistancePos:48#getDistance:211,value=2
Variable Write,context=DistanceCompare:8#compare:84,ai=2
Method Call,caller=DistanceCompare:8#compare:84,target=DistancePos:47#getDistance:212
Field Read,context=DistancePos:47,distance
Variable Write,context=DistancePos:47#getDistance:212,result=1
Method Exit,returner=DistancePos:47#getDistance:212,value=1
Variable Write,context=DistanceCompare:8#compare:84,bi=1
Variable Write,context=DistanceCompare:8#compare:84,result=-1
Method Exit,returner=DistanceCompare:8#compare:84,value=-1
Method Call,caller=LDistanceCompare;.compare(Ljava/lang/Object;Ljava/lang/Object;) <BRIDGE>,target=DistanceCompare:8#compare:85
Variable Write,context=DistanceCompare:8#compare:85,a=DistancePos:48
Variable Write,context=DistanceCompare:8#compare:85,b=DistancePos:46
Method Call,caller=DistanceCompare:8#compare:85,target=DistancePos:48#getDistance:213
Field Read,context=DistancePos:48,distance
Variable Write,context=DistancePos:48#getDistance:213,result=2
Method Exit,returner=DistancePos:48#getDistance:213,value=2
Variable Write,context=DistanceCompare:8#compare:85,ai=2
Method Call,caller=DistanceCompare:8#compare:85,target=DistancePos:46#getDistance:214
Field Read,context=DistancePos:46,distance
Variable Write,context=DistancePos:46#getDistance:214,result=1
Method Exit,returner=DistancePos:46#getDistance:214,value=1
Variable Write,context=DistanceCompare:8#compare:85,bi=1
Variable Write,context=DistanceCompare:8#compare:85,result=-1
Method Exit,returner=DistanceCompare:8#compare:85,value=-1
Method Call,caller=LDistanceCompare;.compare(Ljava/lang/Object;Ljava/lang/Object;) <BRIDGE>,target=DistanceCompare:8#compare:86
Variable Write,context=DistanceCompare:8#compare:86,a=DistancePos:48
Variable Write,context=DistanceCompare:8#compare:86,b=DistancePos:45
Method Call,caller=DistanceCompare:8#compare:86,target=DistancePos:48#getDistance:215
Field Read,context=DistancePos:48,distance
Variable Write,context=DistancePos:48#getDistance:215,result=2
Method Exit,returner=DistancePos:48#getDistance:215,value=2
Variable Write,context=DistanceCompare:8#compare:86,ai=2
Method Call,caller=DistanceCompare:8#compare:86,target=DistancePos:45#getDistance:216
Field Read,context=DistancePos:45,distance
Variable Write,context=DistancePos:45#getDistance:216,result=2
Method Exit,returner=DistancePos:45#getDistance:216,value=2
Variable Write,context=DistanceCompare:8#compare:86,bi=2
Variable Write,context=DistanceCompare:8#compare:86,result=0
Method Exit,returner=DistanceCompare:8#compare:86,value=0
Method Exit,returner=LDistanceCompare;.compare(Ljava/lang/Object;Ljava/lang/Object;) <BRIDGE>,value=<void>
Method Exit,returner=Ljava/util/TimSort;.countRunAndMakeAscending([Ljava/lang/Object;IILjava/util/Comparator;),value=<void>
Method Exit,returner=Ljava/util/TimSort;.sort([Ljava/lang/Object;IILjava/util/Comparator;[Ljava/lang/Object;II),value=<void>
Method Exit,returner=Ljava/util/TimSort;.sort([Ljava/lang/Object;IILjava/util/Comparator;[Ljava/lang/Object;II),value=<void>
Method Exit,returner=Ljava/util/ArrayList;.sort(Ljava/util/Comparator;),value=<void>
New Object,object=BIT:15
Method Call,caller=Main#countMatch:8,target=BIT:15#BIT:15
Variable Write,context=BIT:15#BIT:15,e=2
New Object,object=int[]:15
Field Write,context=int[]:15,0=0
Field Write,context=int[]:15,1=0
Field Write,context=int[]:15,2=0
Field Write,context=int[]:15,3=0
Field Write,context=int[]:15,4=0
Field Write,context=int[]:15,5=0
Field Write,context=int[]:15,6=0
Field Write,context=int[]:15,7=0
Field Write,context=int[]:15,8=0
Field Write,context=int[]:15,9=0
Field Write,context=int[]:15,10=0
Field Write,context=int[]:15,11=0
Field Write,context=BIT:15,bit=int[]:15
Field Read,context=BIT:15,bit
Variable Write,context=BIT:15#BIT:15,i=0
Field Read,context=BIT:15,bit
Field Read,context=BIT:15,bit
Variable Write,context=BIT:15#BIT:15,i=1
Field Read,context=BIT:15,bit
Field Read,context=BIT:15,bit
Variable Write,context=BIT:15#BIT:15,i=2
Field Read,context=BIT:15,bit
Field Read,context=BIT:15,bit
Variable Write,context=BIT:15#BIT:15,i=3
Field Read,context=BIT:15,bit
Field Read,context=BIT:15,bit
Variable Write,context=BIT:15#BIT:15,i=4
Field Read,context=BIT:15,bit
Field Read,context=BIT:15,bit
Variable Write,context=BIT:15#BIT:15,i=5
Field Read,context=BIT:15,bit
Field Read,context=BIT:15,bit
Variable Write,context=BIT:15#BIT:15,i=6
Field Read,context=BIT:15,bit
Field Read,context=BIT:15,bit
Variable Write,context=BIT:15#BIT:15,i=7
Field Read,context=BIT:15,bit
Field Read,context=BIT:15,bit
Variable Write,context=BIT:15#BIT:15,i=8
Field Read,context=BIT:15,bit
Field Read,context=BIT:15,bit
Variable Write,context=BIT:15#BIT:15,i=9
Field Read,context=BIT:15,bit
Field Read,context=BIT:15,bit
Variable Write,context=BIT:15#BIT:15,i=10
Field Read,context=BIT:15,bit
Field Read,context=BIT:15,bit
Variable Write,context=BIT:15#BIT:15,i=11
Field Read,context=BIT:15,bit
Field Read,context=BIT:15,bit
Method Exit,returner=BIT:15#BIT:15,value=<void>
Variable Delete,method=Main#countMatch:8 <name=i,type=int (id=7),value=<?>,index=2>
Variable Write,context=Main#countMatch:8,bitLeft=BIT:15
New Object,object=BIT:16
Method Call,caller=Main#countMatch:8,target=BIT:16#BIT:16
Variable Write,context=BIT:16#BIT:16,e=2
New Object,object=int[]:16
Field Write,context=int[]:16,0=0
Field Write,context=int[]:16,1=0
Field Write,context=int[]:16,2=0
Field Write,context=int[]:16,3=0
Field Write,context=int[]:16,4=0
Field Write,context=int[]:16,5=0
Field Write,context=int[]:16,6=0
Field Write,context=int[]:16,7=0
Field Write,context=int[]:16,8=0
Field Write,context=int[]:16,9=0
Field Write,context=int[]:16,10=0
Field Write,context=int[]:16,11=0
Field Write,context=BIT:16,bit=int[]:16
Field Read,context=BIT:16,bit
Variable Write,context=BIT:16#BIT:16,i=0
Field Read,context=BIT:16,bit
Field Read,context=BIT:16,bit
Variable Write,context=BIT:16#BIT:16,i=1
Field Read,context=BIT:16,bit
Field Read,context=BIT:16,bit
Variable Write,context=BIT:16#BIT:16,i=2
Field Read,context=BIT:16,bit
Field Read,context=BIT:16,bit
Variable Write,context=BIT:16#BIT:16,i=3
Field Read,context=BIT:16,bit
Field Read,context=BIT:16,bit
Variable Write,context=BIT:16#BIT:16,i=4
Field Read,context=BIT:16,bit
Field Read,context=BIT:16,bit
Variable Write,context=BIT:16#BIT:16,i=5
Field Read,context=BIT:16,bit
Field Read,context=BIT:16,bit
Variable Write,context=BIT:16#BIT:16,i=6
Field Read,context=BIT:16,bit
Field Read,context=BIT:16,bit
Variable Write,context=BIT:16#BIT:16,i=7
Field Read,context=BIT:16,bit
Field Read,context=BIT:16,bit
Variable Write,context=BIT:16#BIT:16,i=8
Field Read,context=BIT:16,bit
Field Read,context=BIT:16,bit
Variable Write,context=BIT:16#BIT:16,i=9
Field Read,context=BIT:16,bit
Field Read,context=BIT:16,bit
Variable Write,context=BIT:16#BIT:16,i=10
Field Read,context=BIT:16,bit
Field Read,context=BIT:16,bit
Variable Write,context=BIT:16#BIT:16,i=11
Field Read,context=BIT:16,bit
Field Read,context=BIT:16,bit
Method Exit,returner=BIT:16#BIT:16,value=<void>
Variable Write,context=Main#countMatch:8,bitRight=BIT:16
Variable Write,context=Main#countMatch:8,result=0
Variable Write,context=Main#countMatch:8,i=0
Method Call,caller=Main#countMatch:8,target=DistancePos:45#isLeft:45
Field Read,context=DistancePos:45,left
Variable Write,context=DistancePos:45#isLeft:45,result=true
Method Exit,returner=DistancePos:45#isLeft:45,value=true
Method Call,caller=Main#countMatch:8,target=DistancePos:45#getPos:133
Field Read,context=DistancePos:45,pos
Variable Write,context=DistancePos:45#getPos:133,result=0
Method Exit,returner=DistancePos:45#getPos:133,value=0
Field Read,context=Main,L
Variable Write,context=Main#countMatch:8,result=0
Method Call,caller=Main#countMatch:8,target=DistancePos:45#getPos:134
Field Read,context=DistancePos:45,pos
Variable Write,context=DistancePos:45#getPos:134,result=0
Method Exit,returner=DistancePos:45#getPos:134,value=0
Method Call,caller=Main#countMatch:8,target=DistancePos:45#getDistance:217
Field Read,context=DistancePos:45,distance
Variable Write,context=DistancePos:45#getDistance:217,result=2
Method Exit,returner=DistancePos:45#getDistance:217,value=2
Method Call,caller=Main#countMatch:8,target=BIT:16#range:45
Variable Write,context=BIT:16#range:45,fromPos=2
Variable Write,context=BIT:16#range:45,toPos=1
Variable Write,context=BIT:16#range:45,result=0
Method Exit,returner=BIT:16#range:45,value=0
Variable Write,context=Main#countMatch:8,result=0
Method Call,caller=Main#countMatch:8,target=DistancePos:45#getPos:135
Field Read,context=DistancePos:45,pos
Variable Write,context=DistancePos:45#getPos:135,result=0
Method Exit,returner=DistancePos:45#getPos:135,value=0
Method Call,caller=Main#countMatch:8,target=BIT:15#add:45
Variable Write,context=BIT:15#add:45,pos=0
Variable Write,context=BIT:15#add:45,val=1
Field Read,context=BIT:15,bit
Variable Write,context=BIT:15#add:45,i=0
Field Read,context=BIT:15,bit
Field Write,context=int[]:15,0=1
Field Read,context=BIT:15,bit
Variable Write,context=BIT:15#add:45,i=1
Field Read,context=BIT:15,bit
Field Write,context=int[]:15,1=1
Field Read,context=BIT:15,bit
Variable Write,context=BIT:15#add:45,i=3
Field Read,context=BIT:15,bit
Field Write,context=int[]:15,3=1
Field Read,context=BIT:15,bit
Variable Write,context=BIT:15#add:45,i=7
Field Read,context=BIT:15,bit
Field Write,context=int[]:15,7=1
Field Read,context=BIT:15,bit
Method Exit,returner=BIT:15#add:45,value=<void>
Variable Write,context=Main#countMatch:8,i=1
Method Call,caller=Main#countMatch:8,target=DistancePos:48#isLeft:46
Field Read,context=DistancePos:48,left
Variable Write,context=DistancePos:48#isLeft:46,result=false
Method Exit,returner=DistancePos:48#isLeft:46,value=false
Method Call,caller=Main#countMatch:8,target=DistancePos:48#getPos:136
Field Read,context=DistancePos:48,pos
Variable Write,context=DistancePos:48#getPos:136,result=1
Method Exit,returner=DistancePos:48#getPos:136,value=1
Method Call,caller=Main#countMatch:8,target=DistancePos:48#getDistance:218
Field Read,context=DistancePos:48,distance
Variable Write,context=DistancePos:48#getDistance:218,result=2
Method Exit,returner=DistancePos:48#getDistance:218,value=2
Variable Write,context=Main#countMatch:8,result=0
Method Call,caller=Main#countMatch:8,target=DistancePos:48#getPos:137
Field Read,context=DistancePos:48,pos
Variable Write,context=DistancePos:48#getPos:137,result=1
Method Exit,returner=DistancePos:48#getPos:137,value=1
Field Read,context=Main,L
Method Call,caller=Main#countMatch:8,target=BIT:15#range:46
Variable Write,context=BIT:15#range:46,fromPos=0
Variable Write,context=BIT:15#range:46,toPos=-1
Variable Write,context=BIT:15#range:46,result=0
Method Exit,returner=BIT:15#range:46,value=0
Variable Write,context=Main#countMatch:8,result=0
Method Call,caller=Main#countMatch:8,target=DistancePos:48#getPos:138
Field Read,context=DistancePos:48,pos
Variable Write,context=DistancePos:48#getPos:138,result=1
Method Exit,returner=DistancePos:48#getPos:138,value=1
Method Call,caller=Main#countMatch:8,target=BIT:16#add:46
Variable Write,context=BIT:16#add:46,pos=1
Variable Write,context=BIT:16#add:46,val=1
Field Read,context=BIT:16,bit
Variable Write,context=BIT:16#add:46,i=1
Field Read,context=BIT:16,bit
Field Write,context=int[]:16,1=1
Field Read,context=BIT:16,bit
Variable Write,context=BIT:16#add:46,i=3
Field Read,context=BIT:16,bit
Field Write,context=int[]:16,3=1
Field Read,context=BIT:16,bit
Variable Write,context=BIT:16#add:46,i=7
Field Read,context=BIT:16,bit
Field Write,context=int[]:16,7=1
Field Read,context=BIT:16,bit
Method Exit,returner=BIT:16#add:46,value=<void>
Variable Write,context=Main#countMatch:8,i=2
Method Call,caller=Main#countMatch:8,target=DistancePos:46#isLeft:47
Field Read,context=DistancePos:46,left
Variable Write,context=DistancePos:46#isLeft:47,result=false
Method Exit,returner=DistancePos:46#isLeft:47,value=false
Method Call,caller=Main#countMatch:8,target=DistancePos:46#getPos:139
Field Read,context=DistancePos:46,pos
Variable Write,context=DistancePos:46#getPos:139,result=0
Method Exit,returner=DistancePos:46#getPos:139,value=0
Method Call,caller=Main#countMatch:8,target=DistancePos:46#getDistance:219
Field Read,context=DistancePos:46,distance
Variable Write,context=DistancePos:46#getDistance:219,result=1
Method Exit,returner=DistancePos:46#getDistance:219,value=1
Variable Write,context=Main#countMatch:8,result=0
Method Call,caller=Main#countMatch:8,target=DistancePos:46#getPos:140
Field Read,context=DistancePos:46,pos
Variable Write,context=DistancePos:46#getPos:140,result=0
Method Exit,returner=DistancePos:46#getPos:140,value=0
Field Read,context=Main,L
Method Call,caller=Main#countMatch:8,target=BIT:15#range:47
Variable Write,context=BIT:15#range:47,fromPos=0
Variable Write,context=BIT:15#range:47,toPos=-2
Variable Write,context=BIT:15#range:47,result=0
Method Exit,returner=BIT:15#range:47,value=0
Variable Write,context=Main#countMatch:8,result=0
Method Call,caller=Main#countMatch:8,target=DistancePos:46#getPos:141
Field Read,context=DistancePos:46,pos
Variable Write,context=DistancePos:46#getPos:141,result=0
Method Exit,returner=DistancePos:46#getPos:141,value=0
Method Call,caller=Main#countMatch:8,target=BIT:16#add:47
Variable Write,context=BIT:16#add:47,pos=0
Variable Write,context=BIT:16#add:47,val=1
Field Read,context=BIT:16,bit
Variable Write,context=BIT:16#add:47,i=0
Field Read,context=BIT:16,bit
Field Write,context=int[]:16,0=1
Field Read,context=BIT:16,bit
Variable Write,context=BIT:16#add:47,i=1
Field Read,context=BIT:16,bit
Field Write,context=int[]:16,1=2
Field Read,context=BIT:16,bit
Variable Write,context=BIT:16#add:47,i=3
Field Read,context=BIT:16,bit
Field Write,context=int[]:16,3=2
Field Read,context=BIT:16,bit
Variable Write,context=BIT:16#add:47,i=7
Field Read,context=BIT:16,bit
Field Write,context=int[]:16,7=2
Field Read,context=BIT:16,bit
Method Exit,returner=BIT:16#add:47,value=<void>
Variable Write,context=Main#countMatch:8,i=3
Method Call,caller=Main#countMatch:8,target=DistancePos:47#isLeft:48
Field Read,context=DistancePos:47,left
Variable Write,context=DistancePos:47#isLeft:48,result=true
Method Exit,returner=DistancePos:47#isLeft:48,value=true
Method Call,caller=Main#countMatch:8,target=DistancePos:47#getPos:142
Field Read,context=DistancePos:47,pos
Variable Write,context=DistancePos:47#getPos:142,result=1
Method Exit,returner=DistancePos:47#getPos:142,value=1
Field Read,context=Main,L
Variable Write,context=Main#countMatch:8,result=0
Method Call,caller=Main#countMatch:8,target=DistancePos:47#getPos:143
Field Read,context=DistancePos:47,pos
Variable Write,context=DistancePos:47#getPos:143,result=1
Method Exit,returner=DistancePos:47#getPos:143,value=1
Method Call,caller=Main#countMatch:8,target=DistancePos:47#getDistance:220
Field Read,context=DistancePos:47,distance
Variable Write,context=DistancePos:47#getDistance:220,result=1
Method Exit,returner=DistancePos:47#getDistance:220,value=1
Method Call,caller=Main#countMatch:8,target=BIT:16#range:48
Variable Write,context=BIT:16#range:48,fromPos=3
Variable Write,context=BIT:16#range:48,toPos=1
Variable Write,context=BIT:16#range:48,result=0
Method Exit,returner=BIT:16#range:48,value=0
Variable Write,context=Main#countMatch:8,result=0
Method Call,caller=Main#countMatch:8,target=DistancePos:47#getPos:144
Field Read,context=DistancePos:47,pos
Variable Write,context=DistancePos:47#getPos:144,result=1
Method Exit,returner=DistancePos:47#getPos:144,value=1
Method Call,caller=Main#countMatch:8,target=BIT:15#add:48
Variable Write,context=BIT:15#add:48,pos=1
Variable Write,context=BIT:15#add:48,val=1
Field Read,context=BIT:15,bit
Variable Write,context=BIT:15#add:48,i=1
Field Read,context=BIT:15,bit
Field Write,context=int[]:15,1=2
Field Read,context=BIT:15,bit
Variable Write,context=BIT:15#add:48,i=3
Field Read,context=BIT:15,bit
Field Write,context=int[]:15,3=2
Field Read,context=BIT:15,bit
Variable Write,context=BIT:15#add:48,i=7
Field Read,context=BIT:15,bit
Field Write,context=int[]:15,7=2
Field Read,context=BIT:15,bit
Method Exit,returner=BIT:15#add:48,value=<void>
Variable Write,context=Main#countMatch:8,result=0
Method Exit,returner=Main#countMatch:8,value=0
Variable Write,context=Main#main:1,result=4
Variable Delete,method=Main#main:1 <name=i,type=int (id=7),value=<?>,index=29>
Field Read,context=Main,H
Variable Write,context=Main#main:1,y=4
Variable Delete,method=Main#main:1 <name=e,type=int (id=7),value=<?>,index=28>
Field Read,context=Main,W
Field Read,context=Main,H
Variable Write,context=Main#main:1,e=1
Variable Write,context=Main#main:1,i=0
Field Read,context=Main,fnl
Field Read,context=Main,leftupper
Field Read,context=Main,fnr
Field Read,context=Main,rightlower
Method Call,caller=Main#main:1,target=Main#countMatch:9
Variable Write,context=Main#countMatch:9,e=1
Variable Write,context=Main#countMatch:9,order=java.util.ArrayList (id=485)
Variable Write,context=Main#countMatch:9,i=0
Field Read,context=Main,fnl
New Object,object=DistancePos:49
Method Call,caller=Main#countMatch:9,target=DistancePos:49#DistancePos:49
Variable Write,context=DistancePos:49#DistancePos:49,_pos=0
Variable Write,context=DistancePos:49#DistancePos:49,_left=true
Variable Write,context=DistancePos:49#DistancePos:49,_distance=1
Field Write,context=DistancePos:49,distance=1
Field Write,context=DistancePos:49,pos=0
Field Write,context=DistancePos:49,left=true
Method Exit,returner=DistancePos:49#DistancePos:49,value=<void>
Field Read,context=Main,fnr
New Object,object=DistancePos:50
Method Call,caller=Main#countMatch:9,target=DistancePos:50#DistancePos:50
Variable Write,context=DistancePos:50#DistancePos:50,_pos=0
Variable Write,context=DistancePos:50#DistancePos:50,_left=false
Variable Write,context=DistancePos:50#DistancePos:50,_distance=1
Field Write,context=DistancePos:50,distance=1
Field Write,context=DistancePos:50,pos=0
Field Write,context=DistancePos:50,left=false
Method Exit,returner=DistancePos:50#DistancePos:50,value=<void>
New Object,object=DistanceCompare:9
Method Call,caller=Main#countMatch:9,target=DistanceCompare:9#DistanceCompare:9
Method Exit,returner=DistanceCompare:9#DistanceCompare:9,value=<void>
Method Call,caller=Main#countMatch:9,target=Ljava/util/ArrayList;.sort(Ljava/util/Comparator;)
Method Call,caller=Ljava/util/ArrayList;.sort(Ljava/util/Comparator;),target=Ljava/util/ArrayList;.sort(Ljava/util/Comparator;)
Method Call,caller=Ljava/util/ArrayList;.sort(Ljava/util/Comparator;),target=Ljava/util/Arrays;.sort([Ljava/lang/Object;IILjava/util/Comparator;)
Method Call,caller=Ljava/util/Arrays;.sort([Ljava/lang/Object;IILjava/util/Comparator;),target=Ljava/util/TimSort;.sort([Ljava/lang/Object;IILjava/util/Comparator;[Ljava/lang/Object;II)
Method Call,caller=Ljava/util/TimSort;.sort([Ljava/lang/Object;IILjava/util/Comparator;[Ljava/lang/Object;II),target=Ljava/util/TimSort;.countRunAndMakeAscending([Ljava/lang/Object;IILjava/util/Comparator;)
Method Exit,returner=Ljava/util/TimSort;.countRunAndMakeAscending([Ljava/lang/Object;IILjava/util/Comparator;),value=<void>
Method Exit,returner=Ljava/util/TimSort;.sort([Ljava/lang/Object;IILjava/util/Comparator;[Ljava/lang/Object;II),value=<void>
Method Exit,returner=Ljava/util/Arrays;.sort([Ljava/lang/Object;IILjava/util/Comparator;),value=<void>
Method Exit,returner=Ljava/util/ArrayList;.sort(Ljava/util/Comparator;),value=<void>
Method Call,caller=Ljava/util/ArrayList;.sort(Ljava/util/Comparator;),target=Ljava/util/TimSort;.sort([Ljava/lang/Object;IILjava/util/Comparator;[Ljava/lang/Object;II)
Method Call,caller=Ljava/util/TimSort;.sort([Ljava/lang/Object;IILjava/util/Comparator;[Ljava/lang/Object;II),target=Ljava/util/TimSort;.sort([Ljava/lang/Object;IILjava/util/Comparator;[Ljava/lang/Object;II)
Method Call,caller=Ljava/util/TimSort;.sort([Ljava/lang/Object;IILjava/util/Comparator;[Ljava/lang/Object;II),target=Ljava/util/TimSort;.countRunAndMakeAscending([Ljava/lang/Object;IILjava/util/Comparator;)
Method Call,caller=Ljava/util/TimSort;.countRunAndMakeAscending([Ljava/lang/Object;IILjava/util/Comparator;),target=LDistanceCompare;.compare(Ljava/lang/Object;Ljava/lang/Object;) <BRIDGE>
Method Call,caller=LDistanceCompare;.compare(Ljava/lang/Object;Ljava/lang/Object;) <BRIDGE>,target=DistanceCompare:9#compare:87
Variable Write,context=DistanceCompare:9#compare:87,a=DistancePos:50
Variable Write,context=DistanceCompare:9#compare:87,b=DistancePos:49
Method Call,caller=DistanceCompare:9#compare:87,target=DistancePos:50#getDistance:221
Field Read,context=DistancePos:50,distance
Variable Write,context=DistancePos:50#getDistance:221,result=1
Method Exit,returner=DistancePos:50#getDistance:221,value=1
Variable Write,context=DistanceCompare:9#compare:87,ai=1
Method Call,caller=DistanceCompare:9#compare:87,target=DistancePos:49#getDistance:222
Field Read,context=DistancePos:49,distance
Variable Write,context=DistancePos:49#getDistance:222,result=1
Method Exit,returner=DistancePos:49#getDistance:222,value=1
Variable Write,context=DistanceCompare:9#compare:87,bi=1
Variable Write,context=DistanceCompare:9#compare:87,result=0
Method Exit,returner=DistanceCompare:9#compare:87,value=0
Method Exit,returner=LDistanceCompare;.compare(Ljava/lang/Object;Ljava/lang/Object;) <BRIDGE>,value=<void>
Method Exit,returner=Ljava/util/TimSort;.countRunAndMakeAscending([Ljava/lang/Object;IILjava/util/Comparator;),value=<void>
Method Exit,returner=Ljava/util/TimSort;.sort([Ljava/lang/Object;IILjava/util/Comparator;[Ljava/lang/Object;II),value=<void>
Method Exit,returner=Ljava/util/TimSort;.sort([Ljava/lang/Object;IILjava/util/Comparator;[Ljava/lang/Object;II),value=<void>
Method Exit,returner=Ljava/util/ArrayList;.sort(Ljava/util/Comparator;),value=<void>
New Object,object=BIT:17
Method Call,caller=Main#countMatch:9,target=BIT:17#BIT:17
Variable Write,context=BIT:17#BIT:17,e=1
New Object,object=int[]:17
Field Write,context=int[]:17,0=0
Field Write,context=int[]:17,1=0
Field Write,context=int[]:17,2=0
Field Write,context=int[]:17,3=0
Field Write,context=int[]:17,4=0
Field Write,context=int[]:17,5=0
Field Write,context=int[]:17,6=0
Field Write,context=int[]:17,7=0
Field Write,context=int[]:17,8=0
Field Write,context=int[]:17,9=0
Field Write,context=int[]:17,10=0
Field Write,context=BIT:17,bit=int[]:17
Field Read,context=BIT:17,bit
Variable Write,context=BIT:17#BIT:17,i=0
Field Read,context=BIT:17,bit
Field Read,context=BIT:17,bit
Variable Write,context=BIT:17#BIT:17,i=1
Field Read,context=BIT:17,bit
Field Read,context=BIT:17,bit
Variable Write,context=BIT:17#BIT:17,i=2
Field Read,context=BIT:17,bit
Field Read,context=BIT:17,bit
Variable Write,context=BIT:17#BIT:17,i=3
Field Read,context=BIT:17,bit
Field Read,context=BIT:17,bit
Variable Write,context=BIT:17#BIT:17,i=4
Field Read,context=BIT:17,bit
Field Read,context=BIT:17,bit
Variable Write,context=BIT:17#BIT:17,i=5
Field Read,context=BIT:17,bit
Field Read,context=BIT:17,bit
Variable Write,context=BIT:17#BIT:17,i=6
Field Read,context=BIT:17,bit
Field Read,context=BIT:17,bit
Variable Write,context=BIT:17#BIT:17,i=7
Field Read,context=BIT:17,bit
Field Read,context=BIT:17,bit
Variable Write,context=BIT:17#BIT:17,i=8
Field Read,context=BIT:17,bit
Field Read,context=BIT:17,bit
Variable Write,context=BIT:17#BIT:17,i=9
Field Read,context=BIT:17,bit
Field Read,context=BIT:17,bit
Variable Write,context=BIT:17#BIT:17,i=10
Field Read,context=BIT:17,bit
Field Read,context=BIT:17,bit
Method Exit,returner=BIT:17#BIT:17,value=<void>
Variable Delete,method=Main#countMatch:9 <name=i,type=int (id=7),value=<?>,index=2>
Variable Write,context=Main#countMatch:9,bitLeft=BIT:17
New Object,object=BIT:18
Method Call,caller=Main#countMatch:9,target=BIT:18#BIT:18
Variable Write,context=BIT:18#BIT:18,e=1
New Object,object=int[]:18
Field Write,context=int[]:18,0=0
Field Write,context=int[]:18,1=0
Field Write,context=int[]:18,2=0
Field Write,context=int[]:18,3=0
Field Write,context=int[]:18,4=0
Field Write,context=int[]:18,5=0
Field Write,context=int[]:18,6=0
Field Write,context=int[]:18,7=0
Field Write,context=int[]:18,8=0
Field Write,context=int[]:18,9=0
Field Write,context=int[]:18,10=0
Field Write,context=BIT:18,bit=int[]:18
Field Read,context=BIT:18,bit
Variable Write,context=BIT:18#BIT:18,i=0
Field Read,context=BIT:18,bit
Field Read,context=BIT:18,bit
Variable Write,context=BIT:18#BIT:18,i=1
Field Read,context=BIT:18,bit
Field Read,context=BIT:18,bit
Variable Write,context=BIT:18#BIT:18,i=2
Field Read,context=BIT:18,bit
Field Read,context=BIT:18,bit
Variable Write,context=BIT:18#BIT:18,i=3
Field Read,context=BIT:18,bit
Field Read,context=BIT:18,bit
Variable Write,context=BIT:18#BIT:18,i=4
Field Read,context=BIT:18,bit
Field Read,context=BIT:18,bit
Variable Write,context=BIT:18#BIT:18,i=5
Field Read,context=BIT:18,bit
Field Read,context=BIT:18,bit
Variable Write,context=BIT:18#BIT:18,i=6
Field Read,context=BIT:18,bit
Field Read,context=BIT:18,bit
Variable Write,context=BIT:18#BIT:18,i=7
Field Read,context=BIT:18,bit
Field Read,context=BIT:18,bit
Variable Write,context=BIT:18#BIT:18,i=8
Field Read,context=BIT:18,bit
Field Read,context=BIT:18,bit
Variable Write,context=BIT:18#BIT:18,i=9
Field Read,context=BIT:18,bit
Field Read,context=BIT:18,bit
Variable Write,context=BIT:18#BIT:18,i=10
Field Read,context=BIT:18,bit
Field Read,context=BIT:18,bit
Method Exit,returner=BIT:18#BIT:18,value=<void>
Variable Write,context=Main#countMatch:9,bitRight=BIT:18
Variable Write,context=Main#countMatch:9,result=0
Variable Write,context=Main#countMatch:9,i=0
Method Call,caller=Main#countMatch:9,target=DistancePos:49#isLeft:49
Field Read,context=DistancePos:49,left
Variable Write,context=DistancePos:49#isLeft:49,result=true
Method Exit,returner=DistancePos:49#isLeft:49,value=true
Method Call,caller=Main#countMatch:9,target=DistancePos:49#getPos:145
Field Read,context=DistancePos:49,pos
Variable Write,context=DistancePos:49#getPos:145,result=0
Method Exit,returner=DistancePos:49#getPos:145,value=0
Field Read,context=Main,L
Variable Write,context=Main#countMatch:9,result=0
Method Call,caller=Main#countMatch:9,target=DistancePos:49#getPos:146
Field Read,context=DistancePos:49,pos
Variable Write,context=DistancePos:49#getPos:146,result=0
Method Exit,returner=DistancePos:49#getPos:146,value=0
Method Call,caller=Main#countMatch:9,target=DistancePos:49#getDistance:223
Field Read,context=DistancePos:49,distance
Variable Write,context=DistancePos:49#getDistance:223,result=1
Method Exit,returner=DistancePos:49#getDistance:223,value=1
Method Call,caller=Main#countMatch:9,target=BIT:18#range:49
Variable Write,context=BIT:18#range:49,fromPos=2
Variable Write,context=BIT:18#range:49,toPos=0
Variable Write,context=BIT:18#range:49,result=0
Method Exit,returner=BIT:18#range:49,value=0
Variable Write,context=Main#countMatch:9,result=0
Method Call,caller=Main#countMatch:9,target=DistancePos:49#getPos:147
Field Read,context=DistancePos:49,pos
Variable Write,context=DistancePos:49#getPos:147,result=0
Method Exit,returner=DistancePos:49#getPos:147,value=0
Method Call,caller=Main#countMatch:9,target=BIT:17#add:49
Variable Write,context=BIT:17#add:49,pos=0
Variable Write,context=BIT:17#add:49,val=1
Field Read,context=BIT:17,bit
Variable Write,context=BIT:17#add:49,i=0
Field Read,context=BIT:17,bit
Field Write,context=int[]:17,0=1
Field Read,context=BIT:17,bit
Variable Write,context=BIT:17#add:49,i=1
Field Read,context=BIT:17,bit
Field Write,context=int[]:17,1=1
Field Read,context=BIT:17,bit
Variable Write,context=BIT:17#add:49,i=3
Field Read,context=BIT:17,bit
Field Write,context=int[]:17,3=1
Field Read,context=BIT:17,bit
Variable Write,context=BIT:17#add:49,i=7
Field Read,context=BIT:17,bit
Field Write,context=int[]:17,7=1
Field Read,context=BIT:17,bit
Method Exit,returner=BIT:17#add:49,value=<void>
Variable Write,context=Main#countMatch:9,i=1
Method Call,caller=Main#countMatch:9,target=DistancePos:50#isLeft:50
Field Read,context=DistancePos:50,left
Variable Write,context=DistancePos:50#isLeft:50,result=false
Method Exit,returner=DistancePos:50#isLeft:50,value=false
Method Call,caller=Main#countMatch:9,target=DistancePos:50#getPos:148
Field Read,context=DistancePos:50,pos
Variable Write,context=DistancePos:50#getPos:148,result=0
Method Exit,returner=DistancePos:50#getPos:148,value=0
Method Call,caller=Main#countMatch:9,target=DistancePos:50#getDistance:224
Field Read,context=DistancePos:50,distance
Variable Write,context=DistancePos:50#getDistance:224,result=1
Method Exit,returner=DistancePos:50#getDistance:224,value=1
Variable Write,context=Main#countMatch:9,result=0
Method Call,caller=Main#countMatch:9,target=DistancePos:50#getPos:149
Field Read,context=DistancePos:50,pos
Variable Write,context=DistancePos:50#getPos:149,result=0
Method Exit,returner=DistancePos:50#getPos:149,value=0
Field Read,context=Main,L
Method Call,caller=Main#countMatch:9,target=BIT:17#range:50
Variable Write,context=BIT:17#range:50,fromPos=0
Variable Write,context=BIT:17#range:50,toPos=-2
Variable Write,context=BIT:17#range:50,result=0
Method Exit,returner=BIT:17#range:50,value=0
Variable Write,context=Main#countMatch:9,result=0
Method Call,caller=Main#countMatch:9,target=DistancePos:50#getPos:150
Field Read,context=DistancePos:50,pos
Variable Write,context=DistancePos:50#getPos:150,result=0
Method Exit,returner=DistancePos:50#getPos:150,value=0
Method Call,caller=Main#countMatch:9,target=BIT:18#add:50
Variable Write,context=BIT:18#add:50,pos=0
Variable Write,context=BIT:18#add:50,val=1
Field Read,context=BIT:18,bit
Variable Write,context=BIT:18#add:50,i=0
Field Read,context=BIT:18,bit
Field Write,context=int[]:18,0=1
Field Read,context=BIT:18,bit
Variable Write,context=BIT:18#add:50,i=1
Field Read,context=BIT:18,bit
Field Write,context=int[]:18,1=1
Field Read,context=BIT:18,bit
Variable Write,context=BIT:18#add:50,i=3
Field Read,context=BIT:18,bit
Field Write,context=int[]:18,3=1
Field Read,context=BIT:18,bit
Variable Write,context=BIT:18#add:50,i=7
Field Read,context=BIT:18,bit
Field Write,context=int[]:18,7=1
Field Read,context=BIT:18,bit
Method Exit,returner=BIT:18#add:50,value=<void>
Variable Write,context=Main#countMatch:9,result=0
Method Exit,returner=Main#countMatch:9,value=0
Variable Write,context=Main#main:1,result=4
Variable Delete,method=Main#main:1 <name=i,type=int (id=7),value=<?>,index=29>
Field Read,context=Main,H
Variable Delete,method=Main#main:1 <name=e,type=int (id=7),value=<?>,index=28>
Variable Delete,method=Main#main:1 <name=y,type=int (id=7),value=<?>,index=27>
Variable Write,context=Main#main:1,stopCpuTime=968750000
Exception Throw,exception=null,thrower=Main#main:1,framePopped=true
Thread End,
