Thread Start,main (1)
Method Call,caller=SYSTEM,target=Main#main:1
New Object,object=java.lang.String[]:1
Variable Write,context=Main#main:1,args=java.lang.String[]:1
Variable Write,context=Main#main:1,sc=java.util.Scanner (id=363)
New Object,object=int[][]:1
Field Write,context=int[][]:1,0=int[1048576] (id=366)
Field Write,context=int[][]:1,1=int[1048576] (id=367)
Field Write,context=int[][]:1,2=int[1048576] (id=368)
Field Write,context=int[][]:1,3=int[1048576] (id=369)
Field Write,context=int[][]:1,4=int[1048576] (id=370)
Field Write,context=int[][]:1,5=int[1048576] (id=371)
Field Write,context=int[][]:1,6=int[1048576] (id=372)
Field Write,context=int[][]:1,7=int[1048576] (id=373)
Field Write,context=int[][]:1,8=int[1048576] (id=374)
Field Write,context=int[][]:1,9=int[1048576] (id=375)
Variable Write,context=Main#main:1,memo_paths=int[][]:1
Variable Write,context=Main#main:1,ns=6
Variable Write,context=Main#main:1,nl=5
New Object,object=int[][]:2
New Object,object=int[]:1
Field Write,context=int[]:1,0=0
Field Write,context=int[]:1,1=0
Field Write,context=int[]:1,2=0
Field Write,context=int[][]:2,0=int[]:1
New Object,object=int[]:2
Field Write,context=int[]:2,0=0
Field Write,context=int[]:2,1=0
Field Write,context=int[]:2,2=0
Field Write,context=int[][]:2,1=int[]:2
New Object,object=int[]:3
Field Write,context=int[]:3,0=0
Field Write,context=int[]:3,1=0
Field Write,context=int[]:3,2=0
Field Write,context=int[][]:2,2=int[]:3
New Object,object=int[]:4
Field Write,context=int[]:4,0=0
Field Write,context=int[]:4,1=0
Field Write,context=int[]:4,2=0
Field Write,context=int[][]:2,3=int[]:4
New Object,object=int[]:5
Field Write,context=int[]:5,0=0
Field Write,context=int[]:5,1=0
Field Write,context=int[]:5,2=0
Field Write,context=int[][]:2,4=int[]:5
Variable Write,context=Main#main:1,adj_list=int[][]:2
Variable Write,context=Main#main:1,i=0
Variable Write,context=Main#main:1,j=0
Variable Write,context=Main#main:1,adj_list=int[][]:2
Variable Write,context=Main#main:1,j=1
Variable Write,context=Main#main:1,adj_list=int[][]:2
Variable Write,context=Main#main:1,j=2
Variable Write,context=Main#main:1,adj_list=int[][]:2
Variable Write,context=Main#main:1,i=1
Variable Delete,method=Main#main:1 <name=j,type=int (id=7),value=<?>,index=7>
Variable Write,context=Main#main:1,j=0
Variable Write,context=Main#main:1,adj_list=int[][]:2
Variable Write,context=Main#main:1,j=1
Variable Write,context=Main#main:1,adj_list=int[][]:2
Variable Write,context=Main#main:1,j=2
Variable Write,context=Main#main:1,adj_list=int[][]:2
Variable Write,context=Main#main:1,i=2
Variable Delete,method=Main#main:1 <name=j,type=int (id=7),value=<?>,index=7>
Variable Write,context=Main#main:1,j=0
Variable Write,context=Main#main:1,adj_list=int[][]:2
Variable Write,context=Main#main:1,j=1
Variable Write,context=Main#main:1,adj_list=int[][]:2
Variable Write,context=Main#main:1,j=2
Variable Write,context=Main#main:1,adj_list=int[][]:2
Variable Write,context=Main#main:1,i=3
Variable Delete,method=Main#main:1 <name=j,type=int (id=7),value=<?>,index=7>
Variable Write,context=Main#main:1,j=0
Variable Write,context=Main#main:1,adj_list=int[][]:2
Variable Write,context=Main#main:1,j=1
Variable Write,context=Main#main:1,adj_list=int[][]:2
Variable Write,context=Main#main:1,j=2
Variable Write,context=Main#main:1,adj_list=int[][]:2
Variable Write,context=Main#main:1,i=4
Variable Delete,method=Main#main:1 <name=j,type=int (id=7),value=<?>,index=7>
Variable Write,context=Main#main:1,j=0
Variable Write,context=Main#main:1,adj_list=int[][]:2
Variable Write,context=Main#main:1,j=1
Variable Write,context=Main#main:1,adj_list=int[][]:2
Variable Write,context=Main#main:1,j=2
Variable Write,context=Main#main:1,adj_list=int[][]:2
Variable Delete,method=Main#main:1 <name=j,type=int (id=7),value=<?>,index=7>
Variable Delete,method=Main#main:1 <name=i,type=int (id=7),value=<?>,index=6>
Variable Write,context=Main#main:1,i=0
Variable Write,context=Main#main:1,i=1
Variable Write,context=Main#main:1,i=2
Variable Write,context=Main#main:1,i=3
Variable Write,context=Main#main:1,i=4
Variable Write,context=Main#main:1,i=5
Variable Delete,method=Main#main:1 <name=i,type=int (id=7),value=<?>,index=8>
Variable Write,context=Main#main:1,max_start=-1
Variable Write,context=Main#main:1,max_cost=0
Variable Write,context=Main#main:1,start=0
Method Call,caller=Main#main:1,target=Main#dfs:1
Variable Write,context=Main#dfs:1,next=int[][]:1
Variable Write,context=Main#dfs:1,adj_list=int[][]:2
Variable Write,context=Main#dfs:1,nl=5
Variable Write,context=Main#dfs:1,bit=0
Variable Write,context=Main#dfs:1,cur_station=0
Variable Write,context=Main#dfs:1,ns=6
Variable Write,context=Main#dfs:1,max_next_path=2147483647
Variable Write,context=Main#dfs:1,max_next_station=2147483647
Variable Write,context=Main#dfs:1,max_cost=0
Variable Write,context=Main#dfs:1,i=0
Variable Write,context=Main#dfs:1,node1=0
Variable Write,context=Main#dfs:1,node2=2
Variable Write,context=Main#dfs:1,cost=10
Variable Write,context=Main#dfs:1,next_station=-1
Variable Write,context=Main#dfs:1,next_station=2
Method Call,caller=Main#dfs:1,target=Main#dfs:2
Variable Write,context=Main#dfs:2,next=int[][]:1
Variable Write,context=Main#dfs:2,adj_list=int[][]:2
Variable Write,context=Main#dfs:2,nl=5
Variable Write,context=Main#dfs:2,bit=1
Variable Write,context=Main#dfs:2,cur_station=2
Variable Write,context=Main#dfs:2,ns=6
Variable Write,context=Main#dfs:2,max_next_path=2147483647
Variable Write,context=Main#dfs:2,max_next_station=2147483647
Variable Write,context=Main#dfs:2,max_cost=0
Variable Write,context=Main#dfs:2,i=0
Variable Write,context=Main#dfs:2,i=1
Variable Write,context=Main#dfs:2,node1=1
Variable Write,context=Main#dfs:2,node2=2
Variable Write,context=Main#dfs:2,cost=12
Variable Write,context=Main#dfs:2,next_station=-1
Variable Write,context=Main#dfs:2,next_station=1
Method Call,caller=Main#dfs:2,target=Main#dfs:3
Variable Write,context=Main#dfs:3,next=int[][]:1
Variable Write,context=Main#dfs:3,adj_list=int[][]:2
Variable Write,context=Main#dfs:3,nl=5
Variable Write,context=Main#dfs:3,bit=3
Variable Write,context=Main#dfs:3,cur_station=1
Variable Write,context=Main#dfs:3,ns=6
Variable Write,context=Main#dfs:3,max_next_path=2147483647
Variable Write,context=Main#dfs:3,max_next_station=2147483647
Variable Write,context=Main#dfs:3,max_cost=0
Variable Write,context=Main#dfs:3,i=0
Variable Write,context=Main#dfs:3,i=1
Variable Write,context=Main#dfs:3,i=2
Variable Write,context=Main#dfs:3,node1=2
Variable Write,context=Main#dfs:3,node2=3
Variable Write,context=Main#dfs:3,cost=2
Variable Write,context=Main#dfs:3,next_station=-1
Variable Write,context=Main#dfs:3,i=3
Variable Delete,method=Main#dfs:3 <name=node1,type=int (id=7),value=<?>,index=10>
Variable Delete,method=Main#dfs:3 <name=node2,type=int (id=7),value=<?>,index=11>
Variable Delete,method=Main#dfs:3 <name=cost,type=int (id=7),value=<?>,index=12>
Variable Delete,method=Main#dfs:3 <name=next_station,type=int (id=7),value=<?>,index=13>
Variable Write,context=Main#dfs:3,node1=3
Variable Write,context=Main#dfs:3,node2=4
Variable Write,context=Main#dfs:3,cost=13
Variable Write,context=Main#dfs:3,next_station=-1
Variable Write,context=Main#dfs:3,i=4
Variable Delete,method=Main#dfs:3 <name=node1,type=int (id=7),value=<?>,index=10>
Variable Delete,method=Main#dfs:3 <name=node2,type=int (id=7),value=<?>,index=11>
Variable Delete,method=Main#dfs:3 <name=cost,type=int (id=7),value=<?>,index=12>
Variable Delete,method=Main#dfs:3 <name=next_station,type=int (id=7),value=<?>,index=13>
Variable Write,context=Main#dfs:3,node1=3
Variable Write,context=Main#dfs:3,node2=5
Variable Write,context=Main#dfs:3,cost=11
Variable Write,context=Main#dfs:3,next_station=-1
Variable Delete,method=Main#dfs:3 <name=node1,type=int (id=7),value=<?>,index=10>
Variable Delete,method=Main#dfs:3 <name=node2,type=int (id=7),value=<?>,index=11>
Variable Delete,method=Main#dfs:3 <name=cost,type=int (id=7),value=<?>,index=12>
Variable Delete,method=Main#dfs:3 <name=next_station,type=int (id=7),value=<?>,index=13>
Variable Delete,method=Main#dfs:3 <name=i,type=int (id=7),value=<?>,index=9>
Variable Write,context=Main#dfs:3,result=0
Method Exit,returner=Main#dfs:3,value=0
Variable Write,context=Main#dfs:2,ret=12
Variable Write,context=Main#dfs:2,max_next_path=1
Variable Write,context=Main#dfs:2,max_cost=12
Variable Write,context=Main#dfs:2,max_next_station=1
Variable Write,context=Main#dfs:2,i=2
Variable Delete,method=Main#dfs:2 <name=node1,type=int (id=7),value=<?>,index=10>
Variable Delete,method=Main#dfs:2 <name=node2,type=int (id=7),value=<?>,index=11>
Variable Delete,method=Main#dfs:2 <name=cost,type=int (id=7),value=<?>,index=12>
Variable Delete,method=Main#dfs:2 <name=next_station,type=int (id=7),value=<?>,index=13>
Variable Delete,method=Main#dfs:2 <name=ret,type=int (id=7),value=<?>,index=14>
Variable Write,context=Main#dfs:2,node1=2
Variable Write,context=Main#dfs:2,node2=3
Variable Write,context=Main#dfs:2,cost=2
Variable Write,context=Main#dfs:2,next_station=-1
Variable Write,context=Main#dfs:2,next_station=3
Method Call,caller=Main#dfs:2,target=Main#dfs:4
Variable Write,context=Main#dfs:4,next=int[][]:1
Variable Write,context=Main#dfs:4,adj_list=int[][]:2
Variable Write,context=Main#dfs:4,nl=5
Variable Write,context=Main#dfs:4,bit=5
Variable Write,context=Main#dfs:4,cur_station=3
Variable Write,context=Main#dfs:4,ns=6
Variable Write,context=Main#dfs:4,max_next_path=2147483647
Variable Write,context=Main#dfs:4,max_next_station=2147483647
Variable Write,context=Main#dfs:4,max_cost=0
Variable Write,context=Main#dfs:4,i=0
Variable Write,context=Main#dfs:4,i=1
Variable Write,context=Main#dfs:4,node1=1
Variable Write,context=Main#dfs:4,node2=2
Variable Write,context=Main#dfs:4,cost=12
Variable Write,context=Main#dfs:4,next_station=-1
Variable Write,context=Main#dfs:4,i=2
Variable Delete,method=Main#dfs:4 <name=node1,type=int (id=7),value=<?>,index=10>
Variable Delete,method=Main#dfs:4 <name=node2,type=int (id=7),value=<?>,index=11>
Variable Delete,method=Main#dfs:4 <name=cost,type=int (id=7),value=<?>,index=12>
Variable Delete,method=Main#dfs:4 <name=next_station,type=int (id=7),value=<?>,index=13>
Variable Write,context=Main#dfs:4,i=3
Variable Write,context=Main#dfs:4,node1=3
Variable Write,context=Main#dfs:4,node2=4
Variable Write,context=Main#dfs:4,cost=13
Variable Write,context=Main#dfs:4,next_station=-1
Variable Write,context=Main#dfs:4,next_station=4
Method Call,caller=Main#dfs:4,target=Main#dfs:5
Variable Write,context=Main#dfs:5,next=int[][]:1
Variable Write,context=Main#dfs:5,adj_list=int[][]:2
Variable Write,context=Main#dfs:5,nl=5
Variable Write,context=Main#dfs:5,bit=13
Variable Write,context=Main#dfs:5,cur_station=4
Variable Write,context=Main#dfs:5,ns=6
Variable Write,context=Main#dfs:5,max_next_path=2147483647
Variable Write,context=Main#dfs:5,max_next_station=2147483647
Variable Write,context=Main#dfs:5,max_cost=0
Variable Write,context=Main#dfs:5,i=0
Variable Write,context=Main#dfs:5,i=1
Variable Write,context=Main#dfs:5,node1=1
Variable Write,context=Main#dfs:5,node2=2
Variable Write,context=Main#dfs:5,cost=12
Variable Write,context=Main#dfs:5,next_station=-1
Variable Write,context=Main#dfs:5,i=2
Variable Delete,method=Main#dfs:5 <name=node1,type=int (id=7),value=<?>,index=10>
Variable Delete,method=Main#dfs:5 <name=node2,type=int (id=7),value=<?>,index=11>
Variable Delete,method=Main#dfs:5 <name=cost,type=int (id=7),value=<?>,index=12>
Variable Delete,method=Main#dfs:5 <name=next_station,type=int (id=7),value=<?>,index=13>
Variable Write,context=Main#dfs:5,i=3
Variable Write,context=Main#dfs:5,i=4
Variable Write,context=Main#dfs:5,node1=3
Variable Write,context=Main#dfs:5,node2=5
Variable Write,context=Main#dfs:5,cost=11
Variable Write,context=Main#dfs:5,next_station=-1
Variable Delete,method=Main#dfs:5 <name=node1,type=int (id=7),value=<?>,index=10>
Variable Delete,method=Main#dfs:5 <name=node2,type=int (id=7),value=<?>,index=11>
Variable Delete,method=Main#dfs:5 <name=cost,type=int (id=7),value=<?>,index=12>
Variable Delete,method=Main#dfs:5 <name=next_station,type=int (id=7),value=<?>,index=13>
Variable Delete,method=Main#dfs:5 <name=i,type=int (id=7),value=<?>,index=9>
Variable Write,context=Main#dfs:5,result=0
Method Exit,returner=Main#dfs:5,value=0
Variable Write,context=Main#dfs:4,ret=13
Variable Write,context=Main#dfs:4,max_next_path=3
Variable Write,context=Main#dfs:4,max_cost=13
Variable Write,context=Main#dfs:4,max_next_station=4
Variable Write,context=Main#dfs:4,i=4
Variable Delete,method=Main#dfs:4 <name=node1,type=int (id=7),value=<?>,index=10>
Variable Delete,method=Main#dfs:4 <name=node2,type=int (id=7),value=<?>,index=11>
Variable Delete,method=Main#dfs:4 <name=cost,type=int (id=7),value=<?>,index=12>
Variable Delete,method=Main#dfs:4 <name=next_station,type=int (id=7),value=<?>,index=13>
Variable Delete,method=Main#dfs:4 <name=ret,type=int (id=7),value=<?>,index=14>
Variable Write,context=Main#dfs:4,node1=3
Variable Write,context=Main#dfs:4,node2=5
Variable Write,context=Main#dfs:4,cost=11
Variable Write,context=Main#dfs:4,next_station=-1
Variable Write,context=Main#dfs:4,next_station=5
Method Call,caller=Main#dfs:4,target=Main#dfs:6
Variable Write,context=Main#dfs:6,next=int[][]:1
Variable Write,context=Main#dfs:6,adj_list=int[][]:2
Variable Write,context=Main#dfs:6,nl=5
Variable Write,context=Main#dfs:6,bit=21
Variable Write,context=Main#dfs:6,cur_station=5
Variable Write,context=Main#dfs:6,ns=6
Variable Write,context=Main#dfs:6,max_next_path=2147483647
Variable Write,context=Main#dfs:6,max_next_station=2147483647
Variable Write,context=Main#dfs:6,max_cost=0
Variable Write,context=Main#dfs:6,i=0
Variable Write,context=Main#dfs:6,i=1
Variable Write,context=Main#dfs:6,node1=1
Variable Write,context=Main#dfs:6,node2=2
Variable Write,context=Main#dfs:6,cost=12
Variable Write,context=Main#dfs:6,next_station=-1
Variable Write,context=Main#dfs:6,i=2
Variable Delete,method=Main#dfs:6 <name=node1,type=int (id=7),value=<?>,index=10>
Variable Delete,method=Main#dfs:6 <name=node2,type=int (id=7),value=<?>,index=11>
Variable Delete,method=Main#dfs:6 <name=cost,type=int (id=7),value=<?>,index=12>
Variable Delete,method=Main#dfs:6 <name=next_station,type=int (id=7),value=<?>,index=13>
Variable Write,context=Main#dfs:6,i=3
Variable Write,context=Main#dfs:6,node1=3
Variable Write,context=Main#dfs:6,node2=4
Variable Write,context=Main#dfs:6,cost=13
Variable Write,context=Main#dfs:6,next_station=-1
Variable Write,context=Main#dfs:6,i=4
Variable Delete,method=Main#dfs:6 <name=node1,type=int (id=7),value=<?>,index=10>
Variable Delete,method=Main#dfs:6 <name=node2,type=int (id=7),value=<?>,index=11>
Variable Delete,method=Main#dfs:6 <name=cost,type=int (id=7),value=<?>,index=12>
Variable Delete,method=Main#dfs:6 <name=next_station,type=int (id=7),value=<?>,index=13>
Variable Delete,method=Main#dfs:6 <name=i,type=int (id=7),value=<?>,index=9>
Variable Write,context=Main#dfs:6,result=0
Method Exit,returner=Main#dfs:6,value=0
Variable Write,context=Main#dfs:4,ret=11
Variable Delete,method=Main#dfs:4 <name=node1,type=int (id=7),value=<?>,index=10>
Variable Delete,method=Main#dfs:4 <name=node2,type=int (id=7),value=<?>,index=11>
Variable Delete,method=Main#dfs:4 <name=cost,type=int (id=7),value=<?>,index=12>
Variable Delete,method=Main#dfs:4 <name=next_station,type=int (id=7),value=<?>,index=13>
Variable Delete,method=Main#dfs:4 <name=ret,type=int (id=7),value=<?>,index=14>
Variable Delete,method=Main#dfs:4 <name=i,type=int (id=7),value=<?>,index=9>
Variable Write,context=Main#dfs:4,next=int[][]:1
Variable Write,context=Main#dfs:4,result=13
Method Exit,returner=Main#dfs:4,value=13
Variable Write,context=Main#dfs:2,ret=15
Variable Write,context=Main#dfs:2,max_next_path=2
Variable Write,context=Main#dfs:2,max_cost=15
Variable Write,context=Main#dfs:2,max_next_station=3
Variable Write,context=Main#dfs:2,i=3
Variable Delete,method=Main#dfs:2 <name=node1,type=int (id=7),value=<?>,index=10>
Variable Delete,method=Main#dfs:2 <name=node2,type=int (id=7),value=<?>,index=11>
Variable Delete,method=Main#dfs:2 <name=cost,type=int (id=7),value=<?>,index=12>
Variable Delete,method=Main#dfs:2 <name=next_station,type=int (id=7),value=<?>,index=13>
Variable Delete,method=Main#dfs:2 <name=ret,type=int (id=7),value=<?>,index=14>
Variable Write,context=Main#dfs:2,node1=3
Variable Write,context=Main#dfs:2,node2=4
Variable Write,context=Main#dfs:2,cost=13
Variable Write,context=Main#dfs:2,next_station=-1
Variable Write,context=Main#dfs:2,i=4
Variable Delete,method=Main#dfs:2 <name=node1,type=int (id=7),value=<?>,index=10>
Variable Delete,method=Main#dfs:2 <name=node2,type=int (id=7),value=<?>,index=11>
Variable Delete,method=Main#dfs:2 <name=cost,type=int (id=7),value=<?>,index=12>
Variable Delete,method=Main#dfs:2 <name=next_station,type=int (id=7),value=<?>,index=13>
Variable Write,context=Main#dfs:2,node1=3
Variable Write,context=Main#dfs:2,node2=5
Variable Write,context=Main#dfs:2,cost=11
Variable Write,context=Main#dfs:2,next_station=-1
Variable Delete,method=Main#dfs:2 <name=node1,type=int (id=7),value=<?>,index=10>
Variable Delete,method=Main#dfs:2 <name=node2,type=int (id=7),value=<?>,index=11>
Variable Delete,method=Main#dfs:2 <name=cost,type=int (id=7),value=<?>,index=12>
Variable Delete,method=Main#dfs:2 <name=next_station,type=int (id=7),value=<?>,index=13>
Variable Delete,method=Main#dfs:2 <name=i,type=int (id=7),value=<?>,index=9>
Variable Write,context=Main#dfs:2,next=int[][]:1
Variable Write,context=Main#dfs:2,result=15
Method Exit,returner=Main#dfs:2,value=15
Variable Write,context=Main#dfs:1,ret=25
Variable Write,context=Main#dfs:1,max_next_path=0
Variable Write,context=Main#dfs:1,max_cost=25
Variable Write,context=Main#dfs:1,max_next_station=2
Variable Write,context=Main#dfs:1,i=1
Variable Delete,method=Main#dfs:1 <name=node1,type=int (id=7),value=<?>,index=10>
Variable Delete,method=Main#dfs:1 <name=node2,type=int (id=7),value=<?>,index=11>
Variable Delete,method=Main#dfs:1 <name=cost,type=int (id=7),value=<?>,index=12>
Variable Delete,method=Main#dfs:1 <name=next_station,type=int (id=7),value=<?>,index=13>
Variable Delete,method=Main#dfs:1 <name=ret,type=int (id=7),value=<?>,index=14>
Variable Write,context=Main#dfs:1,node1=1
Variable Write,context=Main#dfs:1,node2=2
Variable Write,context=Main#dfs:1,cost=12
Variable Write,context=Main#dfs:1,next_station=-1
Variable Write,context=Main#dfs:1,i=2
Variable Delete,method=Main#dfs:1 <name=node1,type=int (id=7),value=<?>,index=10>
Variable Delete,method=Main#dfs:1 <name=node2,type=int (id=7),value=<?>,index=11>
Variable Delete,method=Main#dfs:1 <name=cost,type=int (id=7),value=<?>,index=12>
Variable Delete,method=Main#dfs:1 <name=next_station,type=int (id=7),value=<?>,index=13>
Variable Write,context=Main#dfs:1,node1=2
Variable Write,context=Main#dfs:1,node2=3
Variable Write,context=Main#dfs:1,cost=2
Variable Write,context=Main#dfs:1,next_station=-1
Variable Write,context=Main#dfs:1,i=3
Variable Delete,method=Main#dfs:1 <name=node1,type=int (id=7),value=<?>,index=10>
Variable Delete,method=Main#dfs:1 <name=node2,type=int (id=7),value=<?>,index=11>
Variable Delete,method=Main#dfs:1 <name=cost,type=int (id=7),value=<?>,index=12>
Variable Delete,method=Main#dfs:1 <name=next_station,type=int (id=7),value=<?>,index=13>
Variable Write,context=Main#dfs:1,node1=3
Variable Write,context=Main#dfs:1,node2=4
Variable Write,context=Main#dfs:1,cost=13
Variable Write,context=Main#dfs:1,next_station=-1
Variable Write,context=Main#dfs:1,i=4
Variable Delete,method=Main#dfs:1 <name=node1,type=int (id=7),value=<?>,index=10>
Variable Delete,method=Main#dfs:1 <name=node2,type=int (id=7),value=<?>,index=11>
Variable Delete,method=Main#dfs:1 <name=cost,type=int (id=7),value=<?>,index=12>
Variable Delete,method=Main#dfs:1 <name=next_station,type=int (id=7),value=<?>,index=13>
Variable Write,context=Main#dfs:1,node1=3
Variable Write,context=Main#dfs:1,node2=5
Variable Write,context=Main#dfs:1,cost=11
Variable Write,context=Main#dfs:1,next_station=-1
Variable Delete,method=Main#dfs:1 <name=node1,type=int (id=7),value=<?>,index=10>
Variable Delete,method=Main#dfs:1 <name=node2,type=int (id=7),value=<?>,index=11>
Variable Delete,method=Main#dfs:1 <name=cost,type=int (id=7),value=<?>,index=12>
Variable Delete,method=Main#dfs:1 <name=next_station,type=int (id=7),value=<?>,index=13>
Variable Delete,method=Main#dfs:1 <name=i,type=int (id=7),value=<?>,index=9>
Variable Write,context=Main#dfs:1,next=int[][]:1
Variable Write,context=Main#dfs:1,result=25
Method Exit,returner=Main#dfs:1,value=25
Variable Write,context=Main#main:1,cost=25
Variable Write,context=Main#main:1,max_start=0
Variable Write,context=Main#main:1,max_cost=25
Variable Write,context=Main#main:1,start=1
Variable Delete,method=Main#main:1 <name=cost,type=int (id=7),value=<?>,index=12>
Method Call,caller=Main#main:1,target=Main#dfs:7
Variable Write,context=Main#dfs:7,next=int[][]:1
Variable Write,context=Main#dfs:7,adj_list=int[][]:2
Variable Write,context=Main#dfs:7,nl=5
Variable Write,context=Main#dfs:7,bit=0
Variable Write,context=Main#dfs:7,cur_station=1
Variable Write,context=Main#dfs:7,ns=6
Variable Write,context=Main#dfs:7,max_next_path=2147483647
Variable Write,context=Main#dfs:7,max_next_station=2147483647
Variable Write,context=Main#dfs:7,max_cost=0
Variable Write,context=Main#dfs:7,i=0
Variable Write,context=Main#dfs:7,node1=0
Variable Write,context=Main#dfs:7,node2=2
Variable Write,context=Main#dfs:7,cost=10
Variable Write,context=Main#dfs:7,next_station=-1
Variable Write,context=Main#dfs:7,i=1
Variable Delete,method=Main#dfs:7 <name=node1,type=int (id=7),value=<?>,index=10>
Variable Delete,method=Main#dfs:7 <name=node2,type=int (id=7),value=<?>,index=11>
Variable Delete,method=Main#dfs:7 <name=cost,type=int (id=7),value=<?>,index=12>
Variable Delete,method=Main#dfs:7 <name=next_station,type=int (id=7),value=<?>,index=13>
Variable Write,context=Main#dfs:7,node1=1
Variable Write,context=Main#dfs:7,node2=2
Variable Write,context=Main#dfs:7,cost=12
Variable Write,context=Main#dfs:7,next_station=-1
Variable Write,context=Main#dfs:7,next_station=2
Method Call,caller=Main#dfs:7,target=Main#dfs:8
Variable Write,context=Main#dfs:8,next=int[][]:1
Variable Write,context=Main#dfs:8,adj_list=int[][]:2
Variable Write,context=Main#dfs:8,nl=5
Variable Write,context=Main#dfs:8,bit=2
Variable Write,context=Main#dfs:8,cur_station=2
Variable Write,context=Main#dfs:8,ns=6
Variable Write,context=Main#dfs:8,max_next_path=2147483647
Variable Write,context=Main#dfs:8,max_next_station=2147483647
Variable Write,context=Main#dfs:8,max_cost=0
Variable Write,context=Main#dfs:8,i=0
Variable Write,context=Main#dfs:8,node1=0
Variable Write,context=Main#dfs:8,node2=2
Variable Write,context=Main#dfs:8,cost=10
Variable Write,context=Main#dfs:8,next_station=-1
Variable Write,context=Main#dfs:8,next_station=0
Method Call,caller=Main#dfs:8,target=Main#dfs:9
Variable Write,context=Main#dfs:9,next=int[][]:1
Variable Write,context=Main#dfs:9,adj_list=int[][]:2
Variable Write,context=Main#dfs:9,nl=5
Variable Write,context=Main#dfs:9,bit=3
Variable Write,context=Main#dfs:9,cur_station=0
Variable Write,context=Main#dfs:9,ns=6
Variable Write,context=Main#dfs:9,max_next_path=2147483647
Variable Write,context=Main#dfs:9,max_next_station=2147483647
Variable Write,context=Main#dfs:9,max_cost=0
Variable Write,context=Main#dfs:9,i=0
Variable Write,context=Main#dfs:9,i=1
Variable Write,context=Main#dfs:9,i=2
Variable Write,context=Main#dfs:9,node1=2
Variable Write,context=Main#dfs:9,node2=3
Variable Write,context=Main#dfs:9,cost=2
Variable Write,context=Main#dfs:9,next_station=-1
Variable Write,context=Main#dfs:9,i=3
Variable Delete,method=Main#dfs:9 <name=node1,type=int (id=7),value=<?>,index=10>
Variable Delete,method=Main#dfs:9 <name=node2,type=int (id=7),value=<?>,index=11>
Variable Delete,method=Main#dfs:9 <name=cost,type=int (id=7),value=<?>,index=12>
Variable Delete,method=Main#dfs:9 <name=next_station,type=int (id=7),value=<?>,index=13>
Variable Write,context=Main#dfs:9,node1=3
Variable Write,context=Main#dfs:9,node2=4
Variable Write,context=Main#dfs:9,cost=13
Variable Write,context=Main#dfs:9,next_station=-1
Variable Write,context=Main#dfs:9,i=4
Variable Delete,method=Main#dfs:9 <name=node1,type=int (id=7),value=<?>,index=10>
Variable Delete,method=Main#dfs:9 <name=node2,type=int (id=7),value=<?>,index=11>
Variable Delete,method=Main#dfs:9 <name=cost,type=int (id=7),value=<?>,index=12>
Variable Delete,method=Main#dfs:9 <name=next_station,type=int (id=7),value=<?>,index=13>
Variable Write,context=Main#dfs:9,node1=3
Variable Write,context=Main#dfs:9,node2=5
Variable Write,context=Main#dfs:9,cost=11
Variable Write,context=Main#dfs:9,next_station=-1
Variable Delete,method=Main#dfs:9 <name=node1,type=int (id=7),value=<?>,index=10>
Variable Delete,method=Main#dfs:9 <name=node2,type=int (id=7),value=<?>,index=11>
Variable Delete,method=Main#dfs:9 <name=cost,type=int (id=7),value=<?>,index=12>
Variable Delete,method=Main#dfs:9 <name=next_station,type=int (id=7),value=<?>,index=13>
Variable Delete,method=Main#dfs:9 <name=i,type=int (id=7),value=<?>,index=9>
Variable Write,context=Main#dfs:9,result=0
Method Exit,returner=Main#dfs:9,value=0
Variable Write,context=Main#dfs:8,ret=10
Variable Write,context=Main#dfs:8,max_next_path=0
Variable Write,context=Main#dfs:8,max_cost=10
Variable Write,context=Main#dfs:8,max_next_station=0
Variable Write,context=Main#dfs:8,i=1
Variable Delete,method=Main#dfs:8 <name=node1,type=int (id=7),value=<?>,index=10>
Variable Delete,method=Main#dfs:8 <name=node2,type=int (id=7),value=<?>,index=11>
Variable Delete,method=Main#dfs:8 <name=cost,type=int (id=7),value=<?>,index=12>
Variable Delete,method=Main#dfs:8 <name=next_station,type=int (id=7),value=<?>,index=13>
Variable Delete,method=Main#dfs:8 <name=ret,type=int (id=7),value=<?>,index=14>
Variable Write,context=Main#dfs:8,i=2
Variable Write,context=Main#dfs:8,node1=2
Variable Write,context=Main#dfs:8,node2=3
Variable Write,context=Main#dfs:8,cost=2
Variable Write,context=Main#dfs:8,next_station=-1
Variable Write,context=Main#dfs:8,next_station=3
Method Call,caller=Main#dfs:8,target=Main#dfs:10
Variable Write,context=Main#dfs:10,next=int[][]:1
Variable Write,context=Main#dfs:10,adj_list=int[][]:2
Variable Write,context=Main#dfs:10,nl=5
Variable Write,context=Main#dfs:10,bit=6
Variable Write,context=Main#dfs:10,cur_station=3
Variable Write,context=Main#dfs:10,ns=6
Variable Write,context=Main#dfs:10,max_next_path=2147483647
Variable Write,context=Main#dfs:10,max_next_station=2147483647
Variable Write,context=Main#dfs:10,max_cost=0
Variable Write,context=Main#dfs:10,i=0
Variable Write,context=Main#dfs:10,node1=0
Variable Write,context=Main#dfs:10,node2=2
Variable Write,context=Main#dfs:10,cost=10
Variable Write,context=Main#dfs:10,next_station=-1
Variable Write,context=Main#dfs:10,i=1
Variable Delete,method=Main#dfs:10 <name=node1,type=int (id=7),value=<?>,index=10>
Variable Delete,method=Main#dfs:10 <name=node2,type=int (id=7),value=<?>,index=11>
Variable Delete,method=Main#dfs:10 <name=cost,type=int (id=7),value=<?>,index=12>
Variable Delete,method=Main#dfs:10 <name=next_station,type=int (id=7),value=<?>,index=13>
Variable Write,context=Main#dfs:10,i=2
Variable Write,context=Main#dfs:10,i=3
Variable Write,context=Main#dfs:10,node1=3
Variable Write,context=Main#dfs:10,node2=4
Variable Write,context=Main#dfs:10,cost=13
Variable Write,context=Main#dfs:10,next_station=-1
Variable Write,context=Main#dfs:10,next_station=4
Method Call,caller=Main#dfs:10,target=Main#dfs:11
Variable Write,context=Main#dfs:11,next=int[][]:1
Variable Write,context=Main#dfs:11,adj_list=int[][]:2
Variable Write,context=Main#dfs:11,nl=5
Variable Write,context=Main#dfs:11,bit=14
Variable Write,context=Main#dfs:11,cur_station=4
Variable Write,context=Main#dfs:11,ns=6
Variable Write,context=Main#dfs:11,max_next_path=2147483647
Variable Write,context=Main#dfs:11,max_next_station=2147483647
Variable Write,context=Main#dfs:11,max_cost=0
Variable Write,context=Main#dfs:11,i=0
Variable Write,context=Main#dfs:11,node1=0
Variable Write,context=Main#dfs:11,node2=2
Variable Write,context=Main#dfs:11,cost=10
Variable Write,context=Main#dfs:11,next_station=-1
Variable Write,context=Main#dfs:11,i=1
Variable Delete,method=Main#dfs:11 <name=node1,type=int (id=7),value=<?>,index=10>
Variable Delete,method=Main#dfs:11 <name=node2,type=int (id=7),value=<?>,index=11>
Variable Delete,method=Main#dfs:11 <name=cost,type=int (id=7),value=<?>,index=12>
Variable Delete,method=Main#dfs:11 <name=next_station,type=int (id=7),value=<?>,index=13>
Variable Write,context=Main#dfs:11,i=2
Variable Write,context=Main#dfs:11,i=3
Variable Write,context=Main#dfs:11,i=4
Variable Write,context=Main#dfs:11,node1=3
Variable Write,context=Main#dfs:11,node2=5
Variable Write,context=Main#dfs:11,cost=11
Variable Write,context=Main#dfs:11,next_station=-1
Variable Delete,method=Main#dfs:11 <name=node1,type=int (id=7),value=<?>,index=10>
Variable Delete,method=Main#dfs:11 <name=node2,type=int (id=7),value=<?>,index=11>
Variable Delete,method=Main#dfs:11 <name=cost,type=int (id=7),value=<?>,index=12>
Variable Delete,method=Main#dfs:11 <name=next_station,type=int (id=7),value=<?>,index=13>
Variable Delete,method=Main#dfs:11 <name=i,type=int (id=7),value=<?>,index=9>
Variable Write,context=Main#dfs:11,result=0
Method Exit,returner=Main#dfs:11,value=0
Variable Write,context=Main#dfs:10,ret=13
Variable Write,context=Main#dfs:10,max_next_path=3
Variable Write,context=Main#dfs:10,max_cost=13
Variable Write,context=Main#dfs:10,max_next_station=4
Variable Write,context=Main#dfs:10,i=4
Variable Delete,method=Main#dfs:10 <name=node1,type=int (id=7),value=<?>,index=10>
Variable Delete,method=Main#dfs:10 <name=node2,type=int (id=7),value=<?>,index=11>
Variable Delete,method=Main#dfs:10 <name=cost,type=int (id=7),value=<?>,index=12>
Variable Delete,method=Main#dfs:10 <name=next_station,type=int (id=7),value=<?>,index=13>
Variable Delete,method=Main#dfs:10 <name=ret,type=int (id=7),value=<?>,index=14>
Variable Write,context=Main#dfs:10,node1=3
Variable Write,context=Main#dfs:10,node2=5
Variable Write,context=Main#dfs:10,cost=11
Variable Write,context=Main#dfs:10,next_station=-1
Variable Write,context=Main#dfs:10,next_station=5
Method Call,caller=Main#dfs:10,target=Main#dfs:12
Variable Write,context=Main#dfs:12,next=int[][]:1
Variable Write,context=Main#dfs:12,adj_list=int[][]:2
Variable Write,context=Main#dfs:12,nl=5
Variable Write,context=Main#dfs:12,bit=22
Variable Write,context=Main#dfs:12,cur_station=5
Variable Write,context=Main#dfs:12,ns=6
Variable Write,context=Main#dfs:12,max_next_path=2147483647
Variable Write,context=Main#dfs:12,max_next_station=2147483647
Variable Write,context=Main#dfs:12,max_cost=0
Variable Write,context=Main#dfs:12,i=0
Variable Write,context=Main#dfs:12,node1=0
Variable Write,context=Main#dfs:12,node2=2
Variable Write,context=Main#dfs:12,cost=10
Variable Write,context=Main#dfs:12,next_station=-1
Variable Write,context=Main#dfs:12,i=1
Variable Delete,method=Main#dfs:12 <name=node1,type=int (id=7),value=<?>,index=10>
Variable Delete,method=Main#dfs:12 <name=node2,type=int (id=7),value=<?>,index=11>
Variable Delete,method=Main#dfs:12 <name=cost,type=int (id=7),value=<?>,index=12>
Variable Delete,method=Main#dfs:12 <name=next_station,type=int (id=7),value=<?>,index=13>
Variable Write,context=Main#dfs:12,i=2
Variable Write,context=Main#dfs:12,i=3
Variable Write,context=Main#dfs:12,node1=3
Variable Write,context=Main#dfs:12,node2=4
Variable Write,context=Main#dfs:12,cost=13
Variable Write,context=Main#dfs:12,next_station=-1
Variable Write,context=Main#dfs:12,i=4
Variable Delete,method=Main#dfs:12 <name=node1,type=int (id=7),value=<?>,index=10>
Variable Delete,method=Main#dfs:12 <name=node2,type=int (id=7),value=<?>,index=11>
Variable Delete,method=Main#dfs:12 <name=cost,type=int (id=7),value=<?>,index=12>
Variable Delete,method=Main#dfs:12 <name=next_station,type=int (id=7),value=<?>,index=13>
Variable Delete,method=Main#dfs:12 <name=i,type=int (id=7),value=<?>,index=9>
Variable Write,context=Main#dfs:12,result=0
Method Exit,returner=Main#dfs:12,value=0
Variable Write,context=Main#dfs:10,ret=11
Variable Delete,method=Main#dfs:10 <name=node1,type=int (id=7),value=<?>,index=10>
Variable Delete,method=Main#dfs:10 <name=node2,type=int (id=7),value=<?>,index=11>
Variable Delete,method=Main#dfs:10 <name=cost,type=int (id=7),value=<?>,index=12>
Variable Delete,method=Main#dfs:10 <name=next_station,type=int (id=7),value=<?>,index=13>
Variable Delete,method=Main#dfs:10 <name=ret,type=int (id=7),value=<?>,index=14>
Variable Delete,method=Main#dfs:10 <name=i,type=int (id=7),value=<?>,index=9>
Variable Write,context=Main#dfs:10,next=int[][]:1
Variable Write,context=Main#dfs:10,result=13
Method Exit,returner=Main#dfs:10,value=13
Variable Write,context=Main#dfs:8,ret=15
Variable Write,context=Main#dfs:8,max_next_path=2
Variable Write,context=Main#dfs:8,max_cost=15
Variable Write,context=Main#dfs:8,max_next_station=3
Variable Write,context=Main#dfs:8,i=3
Variable Delete,method=Main#dfs:8 <name=node1,type=int (id=7),value=<?>,index=10>
Variable Delete,method=Main#dfs:8 <name=node2,type=int (id=7),value=<?>,index=11>
Variable Delete,method=Main#dfs:8 <name=cost,type=int (id=7),value=<?>,index=12>
Variable Delete,method=Main#dfs:8 <name=next_station,type=int (id=7),value=<?>,index=13>
Variable Delete,method=Main#dfs:8 <name=ret,type=int (id=7),value=<?>,index=14>
Variable Write,context=Main#dfs:8,node1=3
Variable Write,context=Main#dfs:8,node2=4
Variable Write,context=Main#dfs:8,cost=13
Variable Write,context=Main#dfs:8,next_station=-1
Variable Write,context=Main#dfs:8,i=4
Variable Delete,method=Main#dfs:8 <name=node1,type=int (id=7),value=<?>,index=10>
Variable Delete,method=Main#dfs:8 <name=node2,type=int (id=7),value=<?>,index=11>
Variable Delete,method=Main#dfs:8 <name=cost,type=int (id=7),value=<?>,index=12>
Variable Delete,method=Main#dfs:8 <name=next_station,type=int (id=7),value=<?>,index=13>
Variable Write,context=Main#dfs:8,node1=3
Variable Write,context=Main#dfs:8,node2=5
Variable Write,context=Main#dfs:8,cost=11
Variable Write,context=Main#dfs:8,next_station=-1
Variable Delete,method=Main#dfs:8 <name=node1,type=int (id=7),value=<?>,index=10>
Variable Delete,method=Main#dfs:8 <name=node2,type=int (id=7),value=<?>,index=11>
Variable Delete,method=Main#dfs:8 <name=cost,type=int (id=7),value=<?>,index=12>
Variable Delete,method=Main#dfs:8 <name=next_station,type=int (id=7),value=<?>,index=13>
Variable Delete,method=Main#dfs:8 <name=i,type=int (id=7),value=<?>,index=9>
Variable Write,context=Main#dfs:8,next=int[][]:1
Variable Write,context=Main#dfs:8,result=15
Method Exit,returner=Main#dfs:8,value=15
Variable Write,context=Main#dfs:7,ret=27
Variable Write,context=Main#dfs:7,max_next_path=1
Variable Write,context=Main#dfs:7,max_cost=27
Variable Write,context=Main#dfs:7,max_next_station=2
Variable Write,context=Main#dfs:7,i=2
Variable Delete,method=Main#dfs:7 <name=node1,type=int (id=7),value=<?>,index=10>
Variable Delete,method=Main#dfs:7 <name=node2,type=int (id=7),value=<?>,index=11>
Variable Delete,method=Main#dfs:7 <name=cost,type=int (id=7),value=<?>,index=12>
Variable Delete,method=Main#dfs:7 <name=next_station,type=int (id=7),value=<?>,index=13>
Variable Delete,method=Main#dfs:7 <name=ret,type=int (id=7),value=<?>,index=14>
Variable Write,context=Main#dfs:7,node1=2
Variable Write,context=Main#dfs:7,node2=3
Variable Write,context=Main#dfs:7,cost=2
Variable Write,context=Main#dfs:7,next_station=-1
Variable Write,context=Main#dfs:7,i=3
Variable Delete,method=Main#dfs:7 <name=node1,type=int (id=7),value=<?>,index=10>
Variable Delete,method=Main#dfs:7 <name=node2,type=int (id=7),value=<?>,index=11>
Variable Delete,method=Main#dfs:7 <name=cost,type=int (id=7),value=<?>,index=12>
Variable Delete,method=Main#dfs:7 <name=next_station,type=int (id=7),value=<?>,index=13>
Variable Write,context=Main#dfs:7,node1=3
Variable Write,context=Main#dfs:7,node2=4
Variable Write,context=Main#dfs:7,cost=13
Variable Write,context=Main#dfs:7,next_station=-1
Variable Write,context=Main#dfs:7,i=4
Variable Delete,method=Main#dfs:7 <name=node1,type=int (id=7),value=<?>,index=10>
Variable Delete,method=Main#dfs:7 <name=node2,type=int (id=7),value=<?>,index=11>
Variable Delete,method=Main#dfs:7 <name=cost,type=int (id=7),value=<?>,index=12>
Variable Delete,method=Main#dfs:7 <name=next_station,type=int (id=7),value=<?>,index=13>
Variable Write,context=Main#dfs:7,node1=3
Variable Write,context=Main#dfs:7,node2=5
Variable Write,context=Main#dfs:7,cost=11
Variable Write,context=Main#dfs:7,next_station=-1
Variable Delete,method=Main#dfs:7 <name=node1,type=int (id=7),value=<?>,index=10>
Variable Delete,method=Main#dfs:7 <name=node2,type=int (id=7),value=<?>,index=11>
Variable Delete,method=Main#dfs:7 <name=cost,type=int (id=7),value=<?>,index=12>
Variable Delete,method=Main#dfs:7 <name=next_station,type=int (id=7),value=<?>,index=13>
Variable Delete,method=Main#dfs:7 <name=i,type=int (id=7),value=<?>,index=9>
Variable Write,context=Main#dfs:7,next=int[][]:1
Variable Write,context=Main#dfs:7,result=27
Method Exit,returner=Main#dfs:7,value=27
Variable Write,context=Main#main:1,cost=27
Variable Write,context=Main#main:1,max_start=1
Variable Write,context=Main#main:1,max_cost=27
Variable Write,context=Main#main:1,start=2
Variable Delete,method=Main#main:1 <name=cost,type=int (id=7),value=<?>,index=12>
Method Call,caller=Main#main:1,target=Main#dfs:13
Variable Write,context=Main#dfs:13,next=int[][]:1
Variable Write,context=Main#dfs:13,adj_list=int[][]:2
Variable Write,context=Main#dfs:13,nl=5
Variable Write,context=Main#dfs:13,bit=0
Variable Write,context=Main#dfs:13,cur_station=2
Variable Write,context=Main#dfs:13,ns=6
Variable Write,context=Main#dfs:13,max_next_path=2147483647
Variable Write,context=Main#dfs:13,max_next_station=2147483647
Variable Write,context=Main#dfs:13,max_cost=0
Variable Write,context=Main#dfs:13,i=0
Variable Write,context=Main#dfs:13,node1=0
Variable Write,context=Main#dfs:13,node2=2
Variable Write,context=Main#dfs:13,cost=10
Variable Write,context=Main#dfs:13,next_station=-1
Variable Write,context=Main#dfs:13,next_station=0
Method Call,caller=Main#dfs:13,target=Main#dfs:14
Variable Write,context=Main#dfs:14,next=int[][]:1
Variable Write,context=Main#dfs:14,adj_list=int[][]:2
Variable Write,context=Main#dfs:14,nl=5
Variable Write,context=Main#dfs:14,bit=1
Variable Write,context=Main#dfs:14,cur_station=0
Variable Write,context=Main#dfs:14,ns=6
Variable Write,context=Main#dfs:14,max_next_path=2147483647
Variable Write,context=Main#dfs:14,max_next_station=2147483647
Variable Write,context=Main#dfs:14,max_cost=0
Variable Write,context=Main#dfs:14,i=0
Variable Write,context=Main#dfs:14,i=1
Variable Write,context=Main#dfs:14,node1=1
Variable Write,context=Main#dfs:14,node2=2
Variable Write,context=Main#dfs:14,cost=12
Variable Write,context=Main#dfs:14,next_station=-1
Variable Write,context=Main#dfs:14,i=2
Variable Delete,method=Main#dfs:14 <name=node1,type=int (id=7),value=<?>,index=10>
Variable Delete,method=Main#dfs:14 <name=node2,type=int (id=7),value=<?>,index=11>
Variable Delete,method=Main#dfs:14 <name=cost,type=int (id=7),value=<?>,index=12>
Variable Delete,method=Main#dfs:14 <name=next_station,type=int (id=7),value=<?>,index=13>
Variable Write,context=Main#dfs:14,node1=2
Variable Write,context=Main#dfs:14,node2=3
Variable Write,context=Main#dfs:14,cost=2
Variable Write,context=Main#dfs:14,next_station=-1
Variable Write,context=Main#dfs:14,i=3
Variable Delete,method=Main#dfs:14 <name=node1,type=int (id=7),value=<?>,index=10>
Variable Delete,method=Main#dfs:14 <name=node2,type=int (id=7),value=<?>,index=11>
Variable Delete,method=Main#dfs:14 <name=cost,type=int (id=7),value=<?>,index=12>
Variable Delete,method=Main#dfs:14 <name=next_station,type=int (id=7),value=<?>,index=13>
Variable Write,context=Main#dfs:14,node1=3
Variable Write,context=Main#dfs:14,node2=4
Variable Write,context=Main#dfs:14,cost=13
Variable Write,context=Main#dfs:14,next_station=-1
Variable Write,context=Main#dfs:14,i=4
Variable Delete,method=Main#dfs:14 <name=node1,type=int (id=7),value=<?>,index=10>
Variable Delete,method=Main#dfs:14 <name=node2,type=int (id=7),value=<?>,index=11>
Variable Delete,method=Main#dfs:14 <name=cost,type=int (id=7),value=<?>,index=12>
Variable Delete,method=Main#dfs:14 <name=next_station,type=int (id=7),value=<?>,index=13>
Variable Write,context=Main#dfs:14,node1=3
Variable Write,context=Main#dfs:14,node2=5
Variable Write,context=Main#dfs:14,cost=11
Variable Write,context=Main#dfs:14,next_station=-1
Variable Delete,method=Main#dfs:14 <name=node1,type=int (id=7),value=<?>,index=10>
Variable Delete,method=Main#dfs:14 <name=node2,type=int (id=7),value=<?>,index=11>
Variable Delete,method=Main#dfs:14 <name=cost,type=int (id=7),value=<?>,index=12>
Variable Delete,method=Main#dfs:14 <name=next_station,type=int (id=7),value=<?>,index=13>
Variable Delete,method=Main#dfs:14 <name=i,type=int (id=7),value=<?>,index=9>
Variable Write,context=Main#dfs:14,result=0
Method Exit,returner=Main#dfs:14,value=0
Variable Write,context=Main#dfs:13,ret=10
Variable Write,context=Main#dfs:13,max_next_path=0
Variable Write,context=Main#dfs:13,max_cost=10
Variable Write,context=Main#dfs:13,max_next_station=0
Variable Write,context=Main#dfs:13,i=1
Variable Delete,method=Main#dfs:13 <name=node1,type=int (id=7),value=<?>,index=10>
Variable Delete,method=Main#dfs:13 <name=node2,type=int (id=7),value=<?>,index=11>
Variable Delete,method=Main#dfs:13 <name=cost,type=int (id=7),value=<?>,index=12>
Variable Delete,method=Main#dfs:13 <name=next_station,type=int (id=7),value=<?>,index=13>
Variable Delete,method=Main#dfs:13 <name=ret,type=int (id=7),value=<?>,index=14>
Variable Write,context=Main#dfs:13,node1=1
Variable Write,context=Main#dfs:13,node2=2
Variable Write,context=Main#dfs:13,cost=12
Variable Write,context=Main#dfs:13,next_station=-1
Variable Write,context=Main#dfs:13,next_station=1
Method Call,caller=Main#dfs:13,target=Main#dfs:15
Variable Write,context=Main#dfs:15,next=int[][]:1
Variable Write,context=Main#dfs:15,adj_list=int[][]:2
Variable Write,context=Main#dfs:15,nl=5
Variable Write,context=Main#dfs:15,bit=2
Variable Write,context=Main#dfs:15,cur_station=1
Variable Write,context=Main#dfs:15,ns=6
Variable Write,context=Main#dfs:15,max_next_path=2147483647
Variable Write,context=Main#dfs:15,max_next_station=2147483647
Variable Write,context=Main#dfs:15,max_cost=0
Variable Write,context=Main#dfs:15,i=0
Variable Write,context=Main#dfs:15,node1=0
Variable Write,context=Main#dfs:15,node2=2
Variable Write,context=Main#dfs:15,cost=10
Variable Write,context=Main#dfs:15,next_station=-1
Variable Write,context=Main#dfs:15,i=1
Variable Delete,method=Main#dfs:15 <name=node1,type=int (id=7),value=<?>,index=10>
Variable Delete,method=Main#dfs:15 <name=node2,type=int (id=7),value=<?>,index=11>
Variable Delete,method=Main#dfs:15 <name=cost,type=int (id=7),value=<?>,index=12>
Variable Delete,method=Main#dfs:15 <name=next_station,type=int (id=7),value=<?>,index=13>
Variable Write,context=Main#dfs:15,i=2
Variable Write,context=Main#dfs:15,node1=2
Variable Write,context=Main#dfs:15,node2=3
Variable Write,context=Main#dfs:15,cost=2
Variable Write,context=Main#dfs:15,next_station=-1
Variable Write,context=Main#dfs:15,i=3
Variable Delete,method=Main#dfs:15 <name=node1,type=int (id=7),value=<?>,index=10>
Variable Delete,method=Main#dfs:15 <name=node2,type=int (id=7),value=<?>,index=11>
Variable Delete,method=Main#dfs:15 <name=cost,type=int (id=7),value=<?>,index=12>
Variable Delete,method=Main#dfs:15 <name=next_station,type=int (id=7),value=<?>,index=13>
Variable Write,context=Main#dfs:15,node1=3
Variable Write,context=Main#dfs:15,node2=4
Variable Write,context=Main#dfs:15,cost=13
Variable Write,context=Main#dfs:15,next_station=-1
Variable Write,context=Main#dfs:15,i=4
Variable Delete,method=Main#dfs:15 <name=node1,type=int (id=7),value=<?>,index=10>
Variable Delete,method=Main#dfs:15 <name=node2,type=int (id=7),value=<?>,index=11>
Variable Delete,method=Main#dfs:15 <name=cost,type=int (id=7),value=<?>,index=12>
Variable Delete,method=Main#dfs:15 <name=next_station,type=int (id=7),value=<?>,index=13>
Variable Write,context=Main#dfs:15,node1=3
Variable Write,context=Main#dfs:15,node2=5
Variable Write,context=Main#dfs:15,cost=11
Variable Write,context=Main#dfs:15,next_station=-1
Variable Delete,method=Main#dfs:15 <name=node1,type=int (id=7),value=<?>,index=10>
Variable Delete,method=Main#dfs:15 <name=node2,type=int (id=7),value=<?>,index=11>
Variable Delete,method=Main#dfs:15 <name=cost,type=int (id=7),value=<?>,index=12>
Variable Delete,method=Main#dfs:15 <name=next_station,type=int (id=7),value=<?>,index=13>
Variable Delete,method=Main#dfs:15 <name=i,type=int (id=7),value=<?>,index=9>
Variable Write,context=Main#dfs:15,result=0
Method Exit,returner=Main#dfs:15,value=0
Variable Write,context=Main#dfs:13,ret=12
Variable Write,context=Main#dfs:13,max_next_path=1
Variable Write,context=Main#dfs:13,max_cost=12
Variable Write,context=Main#dfs:13,max_next_station=1
Variable Write,context=Main#dfs:13,i=2
Variable Delete,method=Main#dfs:13 <name=node1,type=int (id=7),value=<?>,index=10>
Variable Delete,method=Main#dfs:13 <name=node2,type=int (id=7),value=<?>,index=11>
Variable Delete,method=Main#dfs:13 <name=cost,type=int (id=7),value=<?>,index=12>
Variable Delete,method=Main#dfs:13 <name=next_station,type=int (id=7),value=<?>,index=13>
Variable Delete,method=Main#dfs:13 <name=ret,type=int (id=7),value=<?>,index=14>
Variable Write,context=Main#dfs:13,node1=2
Variable Write,context=Main#dfs:13,node2=3
Variable Write,context=Main#dfs:13,cost=2
Variable Write,context=Main#dfs:13,next_station=-1
Variable Write,context=Main#dfs:13,next_station=3
Method Call,caller=Main#dfs:13,target=Main#dfs:16
Variable Write,context=Main#dfs:16,next=int[][]:1
Variable Write,context=Main#dfs:16,adj_list=int[][]:2
Variable Write,context=Main#dfs:16,nl=5
Variable Write,context=Main#dfs:16,bit=4
Variable Write,context=Main#dfs:16,cur_station=3
Variable Write,context=Main#dfs:16,ns=6
Variable Write,context=Main#dfs:16,max_next_path=2147483647
Variable Write,context=Main#dfs:16,max_next_station=2147483647
Variable Write,context=Main#dfs:16,max_cost=0
Variable Write,context=Main#dfs:16,i=0
Variable Write,context=Main#dfs:16,node1=0
Variable Write,context=Main#dfs:16,node2=2
Variable Write,context=Main#dfs:16,cost=10
Variable Write,context=Main#dfs:16,next_station=-1
Variable Write,context=Main#dfs:16,i=1
Variable Delete,method=Main#dfs:16 <name=node1,type=int (id=7),value=<?>,index=10>
Variable Delete,method=Main#dfs:16 <name=node2,type=int (id=7),value=<?>,index=11>
Variable Delete,method=Main#dfs:16 <name=cost,type=int (id=7),value=<?>,index=12>
Variable Delete,method=Main#dfs:16 <name=next_station,type=int (id=7),value=<?>,index=13>
Variable Write,context=Main#dfs:16,node1=1
Variable Write,context=Main#dfs:16,node2=2
Variable Write,context=Main#dfs:16,cost=12
Variable Write,context=Main#dfs:16,next_station=-1
Variable Write,context=Main#dfs:16,i=2
Variable Delete,method=Main#dfs:16 <name=node1,type=int (id=7),value=<?>,index=10>
Variable Delete,method=Main#dfs:16 <name=node2,type=int (id=7),value=<?>,index=11>
Variable Delete,method=Main#dfs:16 <name=cost,type=int (id=7),value=<?>,index=12>
Variable Delete,method=Main#dfs:16 <name=next_station,type=int (id=7),value=<?>,index=13>
Variable Write,context=Main#dfs:16,i=3
Variable Write,context=Main#dfs:16,node1=3
Variable Write,context=Main#dfs:16,node2=4
Variable Write,context=Main#dfs:16,cost=13
Variable Write,context=Main#dfs:16,next_station=-1
Variable Write,context=Main#dfs:16,next_station=4
Method Call,caller=Main#dfs:16,target=Main#dfs:17
Variable Write,context=Main#dfs:17,next=int[][]:1
Variable Write,context=Main#dfs:17,adj_list=int[][]:2
Variable Write,context=Main#dfs:17,nl=5
Variable Write,context=Main#dfs:17,bit=12
Variable Write,context=Main#dfs:17,cur_station=4
Variable Write,context=Main#dfs:17,ns=6
Variable Write,context=Main#dfs:17,max_next_path=2147483647
Variable Write,context=Main#dfs:17,max_next_station=2147483647
Variable Write,context=Main#dfs:17,max_cost=0
Variable Write,context=Main#dfs:17,i=0
Variable Write,context=Main#dfs:17,node1=0
Variable Write,context=Main#dfs:17,node2=2
Variable Write,context=Main#dfs:17,cost=10
Variable Write,context=Main#dfs:17,next_station=-1
Variable Write,context=Main#dfs:17,i=1
Variable Delete,method=Main#dfs:17 <name=node1,type=int (id=7),value=<?>,index=10>
Variable Delete,method=Main#dfs:17 <name=node2,type=int (id=7),value=<?>,index=11>
Variable Delete,method=Main#dfs:17 <name=cost,type=int (id=7),value=<?>,index=12>
Variable Delete,method=Main#dfs:17 <name=next_station,type=int (id=7),value=<?>,index=13>
Variable Write,context=Main#dfs:17,node1=1
Variable Write,context=Main#dfs:17,node2=2
Variable Write,context=Main#dfs:17,cost=12
Variable Write,context=Main#dfs:17,next_station=-1
Variable Write,context=Main#dfs:17,i=2
Variable Delete,method=Main#dfs:17 <name=node1,type=int (id=7),value=<?>,index=10>
Variable Delete,method=Main#dfs:17 <name=node2,type=int (id=7),value=<?>,index=11>
Variable Delete,method=Main#dfs:17 <name=cost,type=int (id=7),value=<?>,index=12>
Variable Delete,method=Main#dfs:17 <name=next_station,type=int (id=7),value=<?>,index=13>
Variable Write,context=Main#dfs:17,i=3
Variable Write,context=Main#dfs:17,i=4
Variable Write,context=Main#dfs:17,node1=3
Variable Write,context=Main#dfs:17,node2=5
Variable Write,context=Main#dfs:17,cost=11
Variable Write,context=Main#dfs:17,next_station=-1
Variable Delete,method=Main#dfs:17 <name=node1,type=int (id=7),value=<?>,index=10>
Variable Delete,method=Main#dfs:17 <name=node2,type=int (id=7),value=<?>,index=11>
Variable Delete,method=Main#dfs:17 <name=cost,type=int (id=7),value=<?>,index=12>
Variable Delete,method=Main#dfs:17 <name=next_station,type=int (id=7),value=<?>,index=13>
Variable Delete,method=Main#dfs:17 <name=i,type=int (id=7),value=<?>,index=9>
Variable Write,context=Main#dfs:17,result=0
Method Exit,returner=Main#dfs:17,value=0
Variable Write,context=Main#dfs:16,ret=13
Variable Write,context=Main#dfs:16,max_next_path=3
Variable Write,context=Main#dfs:16,max_cost=13
Variable Write,context=Main#dfs:16,max_next_station=4
Variable Write,context=Main#dfs:16,i=4
Variable Delete,method=Main#dfs:16 <name=node1,type=int (id=7),value=<?>,index=10>
Variable Delete,method=Main#dfs:16 <name=node2,type=int (id=7),value=<?>,index=11>
Variable Delete,method=Main#dfs:16 <name=cost,type=int (id=7),value=<?>,index=12>
Variable Delete,method=Main#dfs:16 <name=next_station,type=int (id=7),value=<?>,index=13>
Variable Delete,method=Main#dfs:16 <name=ret,type=int (id=7),value=<?>,index=14>
Variable Write,context=Main#dfs:16,node1=3
Variable Write,context=Main#dfs:16,node2=5
Variable Write,context=Main#dfs:16,cost=11
Variable Write,context=Main#dfs:16,next_station=-1
Variable Write,context=Main#dfs:16,next_station=5
Method Call,caller=Main#dfs:16,target=Main#dfs:18
Variable Write,context=Main#dfs:18,next=int[][]:1
Variable Write,context=Main#dfs:18,adj_list=int[][]:2
Variable Write,context=Main#dfs:18,nl=5
Variable Write,context=Main#dfs:18,bit=20
Variable Write,context=Main#dfs:18,cur_station=5
Variable Write,context=Main#dfs:18,ns=6
Variable Write,context=Main#dfs:18,max_next_path=2147483647
Variable Write,context=Main#dfs:18,max_next_station=2147483647
Variable Write,context=Main#dfs:18,max_cost=0
Variable Write,context=Main#dfs:18,i=0
Variable Write,context=Main#dfs:18,node1=0
Variable Write,context=Main#dfs:18,node2=2
Variable Write,context=Main#dfs:18,cost=10
Variable Write,context=Main#dfs:18,next_station=-1
Variable Write,context=Main#dfs:18,i=1
Variable Delete,method=Main#dfs:18 <name=node1,type=int (id=7),value=<?>,index=10>
Variable Delete,method=Main#dfs:18 <name=node2,type=int (id=7),value=<?>,index=11>
Variable Delete,method=Main#dfs:18 <name=cost,type=int (id=7),value=<?>,index=12>
Variable Delete,method=Main#dfs:18 <name=next_station,type=int (id=7),value=<?>,index=13>
Variable Write,context=Main#dfs:18,node1=1
Variable Write,context=Main#dfs:18,node2=2
Variable Write,context=Main#dfs:18,cost=12
Variable Write,context=Main#dfs:18,next_station=-1
Variable Write,context=Main#dfs:18,i=2
Variable Delete,method=Main#dfs:18 <name=node1,type=int (id=7),value=<?>,index=10>
Variable Delete,method=Main#dfs:18 <name=node2,type=int (id=7),value=<?>,index=11>
Variable Delete,method=Main#dfs:18 <name=cost,type=int (id=7),value=<?>,index=12>
Variable Delete,method=Main#dfs:18 <name=next_station,type=int (id=7),value=<?>,index=13>
Variable Write,context=Main#dfs:18,i=3
Variable Write,context=Main#dfs:18,node1=3
Variable Write,context=Main#dfs:18,node2=4
Variable Write,context=Main#dfs:18,cost=13
Variable Write,context=Main#dfs:18,next_station=-1
Variable Write,context=Main#dfs:18,i=4
Variable Delete,method=Main#dfs:18 <name=node1,type=int (id=7),value=<?>,index=10>
Variable Delete,method=Main#dfs:18 <name=node2,type=int (id=7),value=<?>,index=11>
Variable Delete,method=Main#dfs:18 <name=cost,type=int (id=7),value=<?>,index=12>
Variable Delete,method=Main#dfs:18 <name=next_station,type=int (id=7),value=<?>,index=13>
Variable Delete,method=Main#dfs:18 <name=i,type=int (id=7),value=<?>,index=9>
Variable Write,context=Main#dfs:18,result=0
Method Exit,returner=Main#dfs:18,value=0
Variable Write,context=Main#dfs:16,ret=11
Variable Delete,method=Main#dfs:16 <name=node1,type=int (id=7),value=<?>,index=10>
Variable Delete,method=Main#dfs:16 <name=node2,type=int (id=7),value=<?>,index=11>
Variable Delete,method=Main#dfs:16 <name=cost,type=int (id=7),value=<?>,index=12>
Variable Delete,method=Main#dfs:16 <name=next_station,type=int (id=7),value=<?>,index=13>
Variable Delete,method=Main#dfs:16 <name=ret,type=int (id=7),value=<?>,index=14>
Variable Delete,method=Main#dfs:16 <name=i,type=int (id=7),value=<?>,index=9>
Variable Write,context=Main#dfs:16,next=int[][]:1
Variable Write,context=Main#dfs:16,result=13
Method Exit,returner=Main#dfs:16,value=13
Variable Write,context=Main#dfs:13,ret=15
Variable Write,context=Main#dfs:13,max_next_path=2
Variable Write,context=Main#dfs:13,max_cost=15
Variable Write,context=Main#dfs:13,max_next_station=3
Variable Write,context=Main#dfs:13,i=3
Variable Delete,method=Main#dfs:13 <name=node1,type=int (id=7),value=<?>,index=10>
Variable Delete,method=Main#dfs:13 <name=node2,type=int (id=7),value=<?>,index=11>
Variable Delete,method=Main#dfs:13 <name=cost,type=int (id=7),value=<?>,index=12>
Variable Delete,method=Main#dfs:13 <name=next_station,type=int (id=7),value=<?>,index=13>
Variable Delete,method=Main#dfs:13 <name=ret,type=int (id=7),value=<?>,index=14>
Variable Write,context=Main#dfs:13,node1=3
Variable Write,context=Main#dfs:13,node2=4
Variable Write,context=Main#dfs:13,cost=13
Variable Write,context=Main#dfs:13,next_station=-1
Variable Write,context=Main#dfs:13,i=4
Variable Delete,method=Main#dfs:13 <name=node1,type=int (id=7),value=<?>,index=10>
Variable Delete,method=Main#dfs:13 <name=node2,type=int (id=7),value=<?>,index=11>
Variable Delete,method=Main#dfs:13 <name=cost,type=int (id=7),value=<?>,index=12>
Variable Delete,method=Main#dfs:13 <name=next_station,type=int (id=7),value=<?>,index=13>
Variable Write,context=Main#dfs:13,node1=3
Variable Write,context=Main#dfs:13,node2=5
Variable Write,context=Main#dfs:13,cost=11
Variable Write,context=Main#dfs:13,next_station=-1
Variable Delete,method=Main#dfs:13 <name=node1,type=int (id=7),value=<?>,index=10>
Variable Delete,method=Main#dfs:13 <name=node2,type=int (id=7),value=<?>,index=11>
Variable Delete,method=Main#dfs:13 <name=cost,type=int (id=7),value=<?>,index=12>
Variable Delete,method=Main#dfs:13 <name=next_station,type=int (id=7),value=<?>,index=13>
Variable Delete,method=Main#dfs:13 <name=i,type=int (id=7),value=<?>,index=9>
Variable Write,context=Main#dfs:13,next=int[][]:1
Variable Write,context=Main#dfs:13,result=15
Method Exit,returner=Main#dfs:13,value=15
Variable Write,context=Main#main:1,cost=15
Variable Write,context=Main#main:1,start=3
Variable Delete,method=Main#main:1 <name=cost,type=int (id=7),value=<?>,index=12>
Method Call,caller=Main#main:1,target=Main#dfs:19
Variable Write,context=Main#dfs:19,next=int[][]:1
Variable Write,context=Main#dfs:19,adj_list=int[][]:2
Variable Write,context=Main#dfs:19,nl=5
Variable Write,context=Main#dfs:19,bit=0
Variable Write,context=Main#dfs:19,cur_station=3
Variable Write,context=Main#dfs:19,ns=6
Variable Write,context=Main#dfs:19,max_next_path=2147483647
Variable Write,context=Main#dfs:19,max_next_station=2147483647
Variable Write,context=Main#dfs:19,max_cost=0
Variable Write,context=Main#dfs:19,i=0
Variable Write,context=Main#dfs:19,node1=0
Variable Write,context=Main#dfs:19,node2=2
Variable Write,context=Main#dfs:19,cost=10
Variable Write,context=Main#dfs:19,next_station=-1
Variable Write,context=Main#dfs:19,i=1
Variable Delete,method=Main#dfs:19 <name=node1,type=int (id=7),value=<?>,index=10>
Variable Delete,method=Main#dfs:19 <name=node2,type=int (id=7),value=<?>,index=11>
Variable Delete,method=Main#dfs:19 <name=cost,type=int (id=7),value=<?>,index=12>
Variable Delete,method=Main#dfs:19 <name=next_station,type=int (id=7),value=<?>,index=13>
Variable Write,context=Main#dfs:19,node1=1
Variable Write,context=Main#dfs:19,node2=2
Variable Write,context=Main#dfs:19,cost=12
Variable Write,context=Main#dfs:19,next_station=-1
Variable Write,context=Main#dfs:19,i=2
Variable Delete,method=Main#dfs:19 <name=node1,type=int (id=7),value=<?>,index=10>
Variable Delete,method=Main#dfs:19 <name=node2,type=int (id=7),value=<?>,index=11>
Variable Delete,method=Main#dfs:19 <name=cost,type=int (id=7),value=<?>,index=12>
Variable Delete,method=Main#dfs:19 <name=next_station,type=int (id=7),value=<?>,index=13>
Variable Write,context=Main#dfs:19,node1=2
Variable Write,context=Main#dfs:19,node2=3
Variable Write,context=Main#dfs:19,cost=2
Variable Write,context=Main#dfs:19,next_station=-1
Variable Write,context=Main#dfs:19,next_station=2
Method Call,caller=Main#dfs:19,target=Main#dfs:20
Variable Write,context=Main#dfs:20,next=int[][]:1
Variable Write,context=Main#dfs:20,adj_list=int[][]:2
Variable Write,context=Main#dfs:20,nl=5
Variable Write,context=Main#dfs:20,bit=4
Variable Write,context=Main#dfs:20,cur_station=2
Variable Write,context=Main#dfs:20,ns=6
Variable Write,context=Main#dfs:20,max_next_path=2147483647
Variable Write,context=Main#dfs:20,max_next_station=2147483647
Variable Write,context=Main#dfs:20,max_cost=0
Variable Write,context=Main#dfs:20,i=0
Variable Write,context=Main#dfs:20,node1=0
Variable Write,context=Main#dfs:20,node2=2
Variable Write,context=Main#dfs:20,cost=10
Variable Write,context=Main#dfs:20,next_station=-1
Variable Write,context=Main#dfs:20,next_station=0
Method Call,caller=Main#dfs:20,target=Main#dfs:21
Variable Write,context=Main#dfs:21,next=int[][]:1
Variable Write,context=Main#dfs:21,adj_list=int[][]:2
Variable Write,context=Main#dfs:21,nl=5
Variable Write,context=Main#dfs:21,bit=5
Variable Write,context=Main#dfs:21,cur_station=0
Variable Write,context=Main#dfs:21,ns=6
Variable Write,context=Main#dfs:21,max_next_path=2147483647
Variable Write,context=Main#dfs:21,max_next_station=2147483647
Variable Write,context=Main#dfs:21,max_cost=0
Variable Write,context=Main#dfs:21,i=0
Variable Write,context=Main#dfs:21,i=1
Variable Write,context=Main#dfs:21,node1=1
Variable Write,context=Main#dfs:21,node2=2
Variable Write,context=Main#dfs:21,cost=12
Variable Write,context=Main#dfs:21,next_station=-1
Variable Write,context=Main#dfs:21,i=2
Variable Delete,method=Main#dfs:21 <name=node1,type=int (id=7),value=<?>,index=10>
Variable Delete,method=Main#dfs:21 <name=node2,type=int (id=7),value=<?>,index=11>
Variable Delete,method=Main#dfs:21 <name=cost,type=int (id=7),value=<?>,index=12>
Variable Delete,method=Main#dfs:21 <name=next_station,type=int (id=7),value=<?>,index=13>
Variable Write,context=Main#dfs:21,i=3
Variable Write,context=Main#dfs:21,node1=3
Variable Write,context=Main#dfs:21,node2=4
Variable Write,context=Main#dfs:21,cost=13
Variable Write,context=Main#dfs:21,next_station=-1
Variable Write,context=Main#dfs:21,i=4
Variable Delete,method=Main#dfs:21 <name=node1,type=int (id=7),value=<?>,index=10>
Variable Delete,method=Main#dfs:21 <name=node2,type=int (id=7),value=<?>,index=11>
Variable Delete,method=Main#dfs:21 <name=cost,type=int (id=7),value=<?>,index=12>
Variable Delete,method=Main#dfs:21 <name=next_station,type=int (id=7),value=<?>,index=13>
Variable Write,context=Main#dfs:21,node1=3
Variable Write,context=Main#dfs:21,node2=5
Variable Write,context=Main#dfs:21,cost=11
Variable Write,context=Main#dfs:21,next_station=-1
Variable Delete,method=Main#dfs:21 <name=node1,type=int (id=7),value=<?>,index=10>
Variable Delete,method=Main#dfs:21 <name=node2,type=int (id=7),value=<?>,index=11>
Variable Delete,method=Main#dfs:21 <name=cost,type=int (id=7),value=<?>,index=12>
Variable Delete,method=Main#dfs:21 <name=next_station,type=int (id=7),value=<?>,index=13>
Variable Delete,method=Main#dfs:21 <name=i,type=int (id=7),value=<?>,index=9>
Variable Write,context=Main#dfs:21,result=0
Method Exit,returner=Main#dfs:21,value=0
Variable Write,context=Main#dfs:20,ret=10
Variable Write,context=Main#dfs:20,max_next_path=0
Variable Write,context=Main#dfs:20,max_cost=10
Variable Write,context=Main#dfs:20,max_next_station=0
Variable Write,context=Main#dfs:20,i=1
Variable Delete,method=Main#dfs:20 <name=node1,type=int (id=7),value=<?>,index=10>
Variable Delete,method=Main#dfs:20 <name=node2,type=int (id=7),value=<?>,index=11>
Variable Delete,method=Main#dfs:20 <name=cost,type=int (id=7),value=<?>,index=12>
Variable Delete,method=Main#dfs:20 <name=next_station,type=int (id=7),value=<?>,index=13>
Variable Delete,method=Main#dfs:20 <name=ret,type=int (id=7),value=<?>,index=14>
Variable Write,context=Main#dfs:20,node1=1
Variable Write,context=Main#dfs:20,node2=2
Variable Write,context=Main#dfs:20,cost=12
Variable Write,context=Main#dfs:20,next_station=-1
Variable Write,context=Main#dfs:20,next_station=1
Method Call,caller=Main#dfs:20,target=Main#dfs:22
Variable Write,context=Main#dfs:22,next=int[][]:1
Variable Write,context=Main#dfs:22,adj_list=int[][]:2
Variable Write,context=Main#dfs:22,nl=5
Variable Write,context=Main#dfs:22,bit=6
Variable Write,context=Main#dfs:22,cur_station=1
Variable Write,context=Main#dfs:22,ns=6
Variable Write,context=Main#dfs:22,max_next_path=2147483647
Variable Write,context=Main#dfs:22,max_next_station=2147483647
Variable Write,context=Main#dfs:22,max_cost=0
Variable Write,context=Main#dfs:22,i=0
Variable Write,context=Main#dfs:22,node1=0
Variable Write,context=Main#dfs:22,node2=2
Variable Write,context=Main#dfs:22,cost=10
Variable Write,context=Main#dfs:22,next_station=-1
Variable Write,context=Main#dfs:22,i=1
Variable Delete,method=Main#dfs:22 <name=node1,type=int (id=7),value=<?>,index=10>
Variable Delete,method=Main#dfs:22 <name=node2,type=int (id=7),value=<?>,index=11>
Variable Delete,method=Main#dfs:22 <name=cost,type=int (id=7),value=<?>,index=12>
Variable Delete,method=Main#dfs:22 <name=next_station,type=int (id=7),value=<?>,index=13>
Variable Write,context=Main#dfs:22,i=2
Variable Write,context=Main#dfs:22,i=3
Variable Write,context=Main#dfs:22,node1=3
Variable Write,context=Main#dfs:22,node2=4
Variable Write,context=Main#dfs:22,cost=13
Variable Write,context=Main#dfs:22,next_station=-1
Variable Write,context=Main#dfs:22,i=4
Variable Delete,method=Main#dfs:22 <name=node1,type=int (id=7),value=<?>,index=10>
Variable Delete,method=Main#dfs:22 <name=node2,type=int (id=7),value=<?>,index=11>
Variable Delete,method=Main#dfs:22 <name=cost,type=int (id=7),value=<?>,index=12>
Variable Delete,method=Main#dfs:22 <name=next_station,type=int (id=7),value=<?>,index=13>
Variable Write,context=Main#dfs:22,node1=3
Variable Write,context=Main#dfs:22,node2=5
Variable Write,context=Main#dfs:22,cost=11
Variable Write,context=Main#dfs:22,next_station=-1
Variable Delete,method=Main#dfs:22 <name=node1,type=int (id=7),value=<?>,index=10>
Variable Delete,method=Main#dfs:22 <name=node2,type=int (id=7),value=<?>,index=11>
Variable Delete,method=Main#dfs:22 <name=cost,type=int (id=7),value=<?>,index=12>
Variable Delete,method=Main#dfs:22 <name=next_station,type=int (id=7),value=<?>,index=13>
Variable Delete,method=Main#dfs:22 <name=i,type=int (id=7),value=<?>,index=9>
Variable Write,context=Main#dfs:22,result=0
Method Exit,returner=Main#dfs:22,value=0
Variable Write,context=Main#dfs:20,ret=12
Variable Write,context=Main#dfs:20,max_next_path=1
Variable Write,context=Main#dfs:20,max_cost=12
Variable Write,context=Main#dfs:20,max_next_station=1
Variable Write,context=Main#dfs:20,i=2
Variable Delete,method=Main#dfs:20 <name=node1,type=int (id=7),value=<?>,index=10>
Variable Delete,method=Main#dfs:20 <name=node2,type=int (id=7),value=<?>,index=11>
Variable Delete,method=Main#dfs:20 <name=cost,type=int (id=7),value=<?>,index=12>
Variable Delete,method=Main#dfs:20 <name=next_station,type=int (id=7),value=<?>,index=13>
Variable Delete,method=Main#dfs:20 <name=ret,type=int (id=7),value=<?>,index=14>
Variable Write,context=Main#dfs:20,i=3
Variable Write,context=Main#dfs:20,node1=3
Variable Write,context=Main#dfs:20,node2=4
Variable Write,context=Main#dfs:20,cost=13
Variable Write,context=Main#dfs:20,next_station=-1
Variable Write,context=Main#dfs:20,i=4
Variable Delete,method=Main#dfs:20 <name=node1,type=int (id=7),value=<?>,index=10>
Variable Delete,method=Main#dfs:20 <name=node2,type=int (id=7),value=<?>,index=11>
Variable Delete,method=Main#dfs:20 <name=cost,type=int (id=7),value=<?>,index=12>
Variable Delete,method=Main#dfs:20 <name=next_station,type=int (id=7),value=<?>,index=13>
Variable Write,context=Main#dfs:20,node1=3
Variable Write,context=Main#dfs:20,node2=5
Variable Write,context=Main#dfs:20,cost=11
Variable Write,context=Main#dfs:20,next_station=-1
Variable Delete,method=Main#dfs:20 <name=node1,type=int (id=7),value=<?>,index=10>
Variable Delete,method=Main#dfs:20 <name=node2,type=int (id=7),value=<?>,index=11>
Variable Delete,method=Main#dfs:20 <name=cost,type=int (id=7),value=<?>,index=12>
Variable Delete,method=Main#dfs:20 <name=next_station,type=int (id=7),value=<?>,index=13>
Variable Delete,method=Main#dfs:20 <name=i,type=int (id=7),value=<?>,index=9>
Variable Write,context=Main#dfs:20,next=int[][]:1
Variable Write,context=Main#dfs:20,result=12
Method Exit,returner=Main#dfs:20,value=12
Variable Write,context=Main#dfs:19,ret=14
Variable Write,context=Main#dfs:19,max_next_path=2
Variable Write,context=Main#dfs:19,max_cost=14
Variable Write,context=Main#dfs:19,max_next_station=2
Variable Write,context=Main#dfs:19,i=3
Variable Delete,method=Main#dfs:19 <name=node1,type=int (id=7),value=<?>,index=10>
Variable Delete,method=Main#dfs:19 <name=node2,type=int (id=7),value=<?>,index=11>
Variable Delete,method=Main#dfs:19 <name=cost,type=int (id=7),value=<?>,index=12>
Variable Delete,method=Main#dfs:19 <name=next_station,type=int (id=7),value=<?>,index=13>
Variable Delete,method=Main#dfs:19 <name=ret,type=int (id=7),value=<?>,index=14>
Variable Write,context=Main#dfs:19,node1=3
Variable Write,context=Main#dfs:19,node2=4
Variable Write,context=Main#dfs:19,cost=13
Variable Write,context=Main#dfs:19,next_station=-1
Variable Write,context=Main#dfs:19,next_station=4
Method Call,caller=Main#dfs:19,target=Main#dfs:23
Variable Write,context=Main#dfs:23,next=int[][]:1
Variable Write,context=Main#dfs:23,adj_list=int[][]:2
Variable Write,context=Main#dfs:23,nl=5
Variable Write,context=Main#dfs:23,bit=8
Variable Write,context=Main#dfs:23,cur_station=4
Variable Write,context=Main#dfs:23,ns=6
Variable Write,context=Main#dfs:23,max_next_path=2147483647
Variable Write,context=Main#dfs:23,max_next_station=2147483647
Variable Write,context=Main#dfs:23,max_cost=0
Variable Write,context=Main#dfs:23,i=0
Variable Write,context=Main#dfs:23,node1=0
Variable Write,context=Main#dfs:23,node2=2
Variable Write,context=Main#dfs:23,cost=10
Variable Write,context=Main#dfs:23,next_station=-1
Variable Write,context=Main#dfs:23,i=1
Variable Delete,method=Main#dfs:23 <name=node1,type=int (id=7),value=<?>,index=10>
Variable Delete,method=Main#dfs:23 <name=node2,type=int (id=7),value=<?>,index=11>
Variable Delete,method=Main#dfs:23 <name=cost,type=int (id=7),value=<?>,index=12>
Variable Delete,method=Main#dfs:23 <name=next_station,type=int (id=7),value=<?>,index=13>
Variable Write,context=Main#dfs:23,node1=1
Variable Write,context=Main#dfs:23,node2=2
Variable Write,context=Main#dfs:23,cost=12
Variable Write,context=Main#dfs:23,next_station=-1
Variable Write,context=Main#dfs:23,i=2
Variable Delete,method=Main#dfs:23 <name=node1,type=int (id=7),value=<?>,index=10>
Variable Delete,method=Main#dfs:23 <name=node2,type=int (id=7),value=<?>,index=11>
Variable Delete,method=Main#dfs:23 <name=cost,type=int (id=7),value=<?>,index=12>
Variable Delete,method=Main#dfs:23 <name=next_station,type=int (id=7),value=<?>,index=13>
Variable Write,context=Main#dfs:23,node1=2
Variable Write,context=Main#dfs:23,node2=3
Variable Write,context=Main#dfs:23,cost=2
Variable Write,context=Main#dfs:23,next_station=-1
Variable Write,context=Main#dfs:23,i=3
Variable Delete,method=Main#dfs:23 <name=node1,type=int (id=7),value=<?>,index=10>
Variable Delete,method=Main#dfs:23 <name=node2,type=int (id=7),value=<?>,index=11>
Variable Delete,method=Main#dfs:23 <name=cost,type=int (id=7),value=<?>,index=12>
Variable Delete,method=Main#dfs:23 <name=next_station,type=int (id=7),value=<?>,index=13>
Variable Write,context=Main#dfs:23,i=4
Variable Write,context=Main#dfs:23,node1=3
Variable Write,context=Main#dfs:23,node2=5
Variable Write,context=Main#dfs:23,cost=11
Variable Write,context=Main#dfs:23,next_station=-1
Variable Delete,method=Main#dfs:23 <name=node1,type=int (id=7),value=<?>,index=10>
Variable Delete,method=Main#dfs:23 <name=node2,type=int (id=7),value=<?>,index=11>
Variable Delete,method=Main#dfs:23 <name=cost,type=int (id=7),value=<?>,index=12>
Variable Delete,method=Main#dfs:23 <name=next_station,type=int (id=7),value=<?>,index=13>
Variable Delete,method=Main#dfs:23 <name=i,type=int (id=7),value=<?>,index=9>
Variable Write,context=Main#dfs:23,result=0
Method Exit,returner=Main#dfs:23,value=0
Variable Write,context=Main#dfs:19,ret=13
Variable Write,context=Main#dfs:19,i=4
Variable Delete,method=Main#dfs:19 <name=node1,type=int (id=7),value=<?>,index=10>
Variable Delete,method=Main#dfs:19 <name=node2,type=int (id=7),value=<?>,index=11>
Variable Delete,method=Main#dfs:19 <name=cost,type=int (id=7),value=<?>,index=12>
Variable Delete,method=Main#dfs:19 <name=next_station,type=int (id=7),value=<?>,index=13>
Variable Delete,method=Main#dfs:19 <name=ret,type=int (id=7),value=<?>,index=14>
Variable Write,context=Main#dfs:19,node1=3
Variable Write,context=Main#dfs:19,node2=5
Variable Write,context=Main#dfs:19,cost=11
Variable Write,context=Main#dfs:19,next_station=-1
Variable Write,context=Main#dfs:19,next_station=5
Method Call,caller=Main#dfs:19,target=Main#dfs:24
Variable Write,context=Main#dfs:24,next=int[][]:1
Variable Write,context=Main#dfs:24,adj_list=int[][]:2
Variable Write,context=Main#dfs:24,nl=5
Variable Write,context=Main#dfs:24,bit=16
Variable Write,context=Main#dfs:24,cur_station=5
Variable Write,context=Main#dfs:24,ns=6
Variable Write,context=Main#dfs:24,max_next_path=2147483647
Variable Write,context=Main#dfs:24,max_next_station=2147483647
Variable Write,context=Main#dfs:24,max_cost=0
Variable Write,context=Main#dfs:24,i=0
Variable Write,context=Main#dfs:24,node1=0
Variable Write,context=Main#dfs:24,node2=2
Variable Write,context=Main#dfs:24,cost=10
Variable Write,context=Main#dfs:24,next_station=-1
Variable Write,context=Main#dfs:24,i=1
Variable Delete,method=Main#dfs:24 <name=node1,type=int (id=7),value=<?>,index=10>
Variable Delete,method=Main#dfs:24 <name=node2,type=int (id=7),value=<?>,index=11>
Variable Delete,method=Main#dfs:24 <name=cost,type=int (id=7),value=<?>,index=12>
Variable Delete,method=Main#dfs:24 <name=next_station,type=int (id=7),value=<?>,index=13>
Variable Write,context=Main#dfs:24,node1=1
Variable Write,context=Main#dfs:24,node2=2
Variable Write,context=Main#dfs:24,cost=12
Variable Write,context=Main#dfs:24,next_station=-1
Variable Write,context=Main#dfs:24,i=2
Variable Delete,method=Main#dfs:24 <name=node1,type=int (id=7),value=<?>,index=10>
Variable Delete,method=Main#dfs:24 <name=node2,type=int (id=7),value=<?>,index=11>
Variable Delete,method=Main#dfs:24 <name=cost,type=int (id=7),value=<?>,index=12>
Variable Delete,method=Main#dfs:24 <name=next_station,type=int (id=7),value=<?>,index=13>
Variable Write,context=Main#dfs:24,node1=2
Variable Write,context=Main#dfs:24,node2=3
Variable Write,context=Main#dfs:24,cost=2
Variable Write,context=Main#dfs:24,next_station=-1
Variable Write,context=Main#dfs:24,i=3
Variable Delete,method=Main#dfs:24 <name=node1,type=int (id=7),value=<?>,index=10>
Variable Delete,method=Main#dfs:24 <name=node2,type=int (id=7),value=<?>,index=11>
Variable Delete,method=Main#dfs:24 <name=cost,type=int (id=7),value=<?>,index=12>
Variable Delete,method=Main#dfs:24 <name=next_station,type=int (id=7),value=<?>,index=13>
Variable Write,context=Main#dfs:24,node1=3
Variable Write,context=Main#dfs:24,node2=4
Variable Write,context=Main#dfs:24,cost=13
Variable Write,context=Main#dfs:24,next_station=-1
Variable Write,context=Main#dfs:24,i=4
Variable Delete,method=Main#dfs:24 <name=node1,type=int (id=7),value=<?>,index=10>
Variable Delete,method=Main#dfs:24 <name=node2,type=int (id=7),value=<?>,index=11>
Variable Delete,method=Main#dfs:24 <name=cost,type=int (id=7),value=<?>,index=12>
Variable Delete,method=Main#dfs:24 <name=next_station,type=int (id=7),value=<?>,index=13>
Variable Delete,method=Main#dfs:24 <name=i,type=int (id=7),value=<?>,index=9>
Variable Write,context=Main#dfs:24,result=0
Method Exit,returner=Main#dfs:24,value=0
Variable Write,context=Main#dfs:19,ret=11
Variable Delete,method=Main#dfs:19 <name=node1,type=int (id=7),value=<?>,index=10>
Variable Delete,method=Main#dfs:19 <name=node2,type=int (id=7),value=<?>,index=11>
Variable Delete,method=Main#dfs:19 <name=cost,type=int (id=7),value=<?>,index=12>
Variable Delete,method=Main#dfs:19 <name=next_station,type=int (id=7),value=<?>,index=13>
Variable Delete,method=Main#dfs:19 <name=ret,type=int (id=7),value=<?>,index=14>
Variable Delete,method=Main#dfs:19 <name=i,type=int (id=7),value=<?>,index=9>
Variable Write,context=Main#dfs:19,next=int[][]:1
Variable Write,context=Main#dfs:19,result=14
Method Exit,returner=Main#dfs:19,value=14
Variable Write,context=Main#main:1,cost=14
Variable Write,context=Main#main:1,start=4
Variable Delete,method=Main#main:1 <name=cost,type=int (id=7),value=<?>,index=12>
Method Call,caller=Main#main:1,target=Main#dfs:25
Variable Write,context=Main#dfs:25,next=int[][]:1
Variable Write,context=Main#dfs:25,adj_list=int[][]:2
Variable Write,context=Main#dfs:25,nl=5
Variable Write,context=Main#dfs:25,bit=0
Variable Write,context=Main#dfs:25,cur_station=4
Variable Write,context=Main#dfs:25,ns=6
Variable Write,context=Main#dfs:25,max_next_path=2147483647
Variable Write,context=Main#dfs:25,max_next_station=2147483647
Variable Write,context=Main#dfs:25,max_cost=0
Variable Write,context=Main#dfs:25,i=0
Variable Write,context=Main#dfs:25,node1=0
Variable Write,context=Main#dfs:25,node2=2
Variable Write,context=Main#dfs:25,cost=10
Variable Write,context=Main#dfs:25,next_station=-1
Variable Write,context=Main#dfs:25,i=1
Variable Delete,method=Main#dfs:25 <name=node1,type=int (id=7),value=<?>,index=10>
Variable Delete,method=Main#dfs:25 <name=node2,type=int (id=7),value=<?>,index=11>
Variable Delete,method=Main#dfs:25 <name=cost,type=int (id=7),value=<?>,index=12>
Variable Delete,method=Main#dfs:25 <name=next_station,type=int (id=7),value=<?>,index=13>
Variable Write,context=Main#dfs:25,node1=1
Variable Write,context=Main#dfs:25,node2=2
Variable Write,context=Main#dfs:25,cost=12
Variable Write,context=Main#dfs:25,next_station=-1
Variable Write,context=Main#dfs:25,i=2
Variable Delete,method=Main#dfs:25 <name=node1,type=int (id=7),value=<?>,index=10>
Variable Delete,method=Main#dfs:25 <name=node2,type=int (id=7),value=<?>,index=11>
Variable Delete,method=Main#dfs:25 <name=cost,type=int (id=7),value=<?>,index=12>
Variable Delete,method=Main#dfs:25 <name=next_station,type=int (id=7),value=<?>,index=13>
Variable Write,context=Main#dfs:25,node1=2
Variable Write,context=Main#dfs:25,node2=3
Variable Write,context=Main#dfs:25,cost=2
Variable Write,context=Main#dfs:25,next_station=-1
Variable Write,context=Main#dfs:25,i=3
Variable Delete,method=Main#dfs:25 <name=node1,type=int (id=7),value=<?>,index=10>
Variable Delete,method=Main#dfs:25 <name=node2,type=int (id=7),value=<?>,index=11>
Variable Delete,method=Main#dfs:25 <name=cost,type=int (id=7),value=<?>,index=12>
Variable Delete,method=Main#dfs:25 <name=next_station,type=int (id=7),value=<?>,index=13>
Variable Write,context=Main#dfs:25,node1=3
Variable Write,context=Main#dfs:25,node2=4
Variable Write,context=Main#dfs:25,cost=13
Variable Write,context=Main#dfs:25,next_station=-1
Variable Write,context=Main#dfs:25,next_station=3
Method Call,caller=Main#dfs:25,target=Main#dfs:26
Variable Write,context=Main#dfs:26,next=int[][]:1
Variable Write,context=Main#dfs:26,adj_list=int[][]:2
Variable Write,context=Main#dfs:26,nl=5
Variable Write,context=Main#dfs:26,bit=8
Variable Write,context=Main#dfs:26,cur_station=3
Variable Write,context=Main#dfs:26,ns=6
Variable Write,context=Main#dfs:26,max_next_path=2147483647
Variable Write,context=Main#dfs:26,max_next_station=2147483647
Variable Write,context=Main#dfs:26,max_cost=0
Variable Write,context=Main#dfs:26,i=0
Variable Write,context=Main#dfs:26,node1=0
Variable Write,context=Main#dfs:26,node2=2
Variable Write,context=Main#dfs:26,cost=10
Variable Write,context=Main#dfs:26,next_station=-1
Variable Write,context=Main#dfs:26,i=1
Variable Delete,method=Main#dfs:26 <name=node1,type=int (id=7),value=<?>,index=10>
Variable Delete,method=Main#dfs:26 <name=node2,type=int (id=7),value=<?>,index=11>
Variable Delete,method=Main#dfs:26 <name=cost,type=int (id=7),value=<?>,index=12>
Variable Delete,method=Main#dfs:26 <name=next_station,type=int (id=7),value=<?>,index=13>
Variable Write,context=Main#dfs:26,node1=1
Variable Write,context=Main#dfs:26,node2=2
Variable Write,context=Main#dfs:26,cost=12
Variable Write,context=Main#dfs:26,next_station=-1
Variable Write,context=Main#dfs:26,i=2
Variable Delete,method=Main#dfs:26 <name=node1,type=int (id=7),value=<?>,index=10>
Variable Delete,method=Main#dfs:26 <name=node2,type=int (id=7),value=<?>,index=11>
Variable Delete,method=Main#dfs:26 <name=cost,type=int (id=7),value=<?>,index=12>
Variable Delete,method=Main#dfs:26 <name=next_station,type=int (id=7),value=<?>,index=13>
Variable Write,context=Main#dfs:26,node1=2
Variable Write,context=Main#dfs:26,node2=3
Variable Write,context=Main#dfs:26,cost=2
Variable Write,context=Main#dfs:26,next_station=-1
Variable Write,context=Main#dfs:26,next_station=2
Method Call,caller=Main#dfs:26,target=Main#dfs:27
Variable Write,context=Main#dfs:27,next=int[][]:1
Variable Write,context=Main#dfs:27,adj_list=int[][]:2
Variable Write,context=Main#dfs:27,nl=5
Variable Write,context=Main#dfs:27,bit=12
Variable Write,context=Main#dfs:27,cur_station=2
Variable Write,context=Main#dfs:27,ns=6
Variable Write,context=Main#dfs:27,max_next_path=2147483647
Variable Write,context=Main#dfs:27,max_next_station=2147483647
Variable Write,context=Main#dfs:27,max_cost=0
Variable Write,context=Main#dfs:27,i=0
Variable Write,context=Main#dfs:27,node1=0
Variable Write,context=Main#dfs:27,node2=2
Variable Write,context=Main#dfs:27,cost=10
Variable Write,context=Main#dfs:27,next_station=-1
Variable Write,context=Main#dfs:27,next_station=0
Method Call,caller=Main#dfs:27,target=Main#dfs:28
Variable Write,context=Main#dfs:28,next=int[][]:1
Variable Write,context=Main#dfs:28,adj_list=int[][]:2
Variable Write,context=Main#dfs:28,nl=5
Variable Write,context=Main#dfs:28,bit=13
Variable Write,context=Main#dfs:28,cur_station=0
Variable Write,context=Main#dfs:28,ns=6
Variable Write,context=Main#dfs:28,max_next_path=2147483647
Variable Write,context=Main#dfs:28,max_next_station=2147483647
Variable Write,context=Main#dfs:28,max_cost=0
Variable Write,context=Main#dfs:28,i=0
Variable Write,context=Main#dfs:28,i=1
Variable Write,context=Main#dfs:28,node1=1
Variable Write,context=Main#dfs:28,node2=2
Variable Write,context=Main#dfs:28,cost=12
Variable Write,context=Main#dfs:28,next_station=-1
Variable Write,context=Main#dfs:28,i=2
Variable Delete,method=Main#dfs:28 <name=node1,type=int (id=7),value=<?>,index=10>
Variable Delete,method=Main#dfs:28 <name=node2,type=int (id=7),value=<?>,index=11>
Variable Delete,method=Main#dfs:28 <name=cost,type=int (id=7),value=<?>,index=12>
Variable Delete,method=Main#dfs:28 <name=next_station,type=int (id=7),value=<?>,index=13>
Variable Write,context=Main#dfs:28,i=3
Variable Write,context=Main#dfs:28,i=4
Variable Write,context=Main#dfs:28,node1=3
Variable Write,context=Main#dfs:28,node2=5
Variable Write,context=Main#dfs:28,cost=11
Variable Write,context=Main#dfs:28,next_station=-1
Variable Delete,method=Main#dfs:28 <name=node1,type=int (id=7),value=<?>,index=10>
Variable Delete,method=Main#dfs:28 <name=node2,type=int (id=7),value=<?>,index=11>
Variable Delete,method=Main#dfs:28 <name=cost,type=int (id=7),value=<?>,index=12>
Variable Delete,method=Main#dfs:28 <name=next_station,type=int (id=7),value=<?>,index=13>
Variable Delete,method=Main#dfs:28 <name=i,type=int (id=7),value=<?>,index=9>
Variable Write,context=Main#dfs:28,result=0
Method Exit,returner=Main#dfs:28,value=0
Variable Write,context=Main#dfs:27,ret=10
Variable Write,context=Main#dfs:27,max_next_path=0
Variable Write,context=Main#dfs:27,max_cost=10
Variable Write,context=Main#dfs:27,max_next_station=0
Variable Write,context=Main#dfs:27,i=1
Variable Delete,method=Main#dfs:27 <name=node1,type=int (id=7),value=<?>,index=10>
Variable Delete,method=Main#dfs:27 <name=node2,type=int (id=7),value=<?>,index=11>
Variable Delete,method=Main#dfs:27 <name=cost,type=int (id=7),value=<?>,index=12>
Variable Delete,method=Main#dfs:27 <name=next_station,type=int (id=7),value=<?>,index=13>
Variable Delete,method=Main#dfs:27 <name=ret,type=int (id=7),value=<?>,index=14>
Variable Write,context=Main#dfs:27,node1=1
Variable Write,context=Main#dfs:27,node2=2
Variable Write,context=Main#dfs:27,cost=12
Variable Write,context=Main#dfs:27,next_station=-1
Variable Write,context=Main#dfs:27,next_station=1
Method Call,caller=Main#dfs:27,target=Main#dfs:29
Variable Write,context=Main#dfs:29,next=int[][]:1
Variable Write,context=Main#dfs:29,adj_list=int[][]:2
Variable Write,context=Main#dfs:29,nl=5
Variable Write,context=Main#dfs:29,bit=14
Variable Write,context=Main#dfs:29,cur_station=1
Variable Write,context=Main#dfs:29,ns=6
Variable Write,context=Main#dfs:29,max_next_path=2147483647
Variable Write,context=Main#dfs:29,max_next_station=2147483647
Variable Write,context=Main#dfs:29,max_cost=0
Variable Write,context=Main#dfs:29,i=0
Variable Write,context=Main#dfs:29,node1=0
Variable Write,context=Main#dfs:29,node2=2
Variable Write,context=Main#dfs:29,cost=10
Variable Write,context=Main#dfs:29,next_station=-1
Variable Write,context=Main#dfs:29,i=1
Variable Delete,method=Main#dfs:29 <name=node1,type=int (id=7),value=<?>,index=10>
Variable Delete,method=Main#dfs:29 <name=node2,type=int (id=7),value=<?>,index=11>
Variable Delete,method=Main#dfs:29 <name=cost,type=int (id=7),value=<?>,index=12>
Variable Delete,method=Main#dfs:29 <name=next_station,type=int (id=7),value=<?>,index=13>
Variable Write,context=Main#dfs:29,i=2
Variable Write,context=Main#dfs:29,i=3
Variable Write,context=Main#dfs:29,i=4
Variable Write,context=Main#dfs:29,node1=3
Variable Write,context=Main#dfs:29,node2=5
Variable Write,context=Main#dfs:29,cost=11
Variable Write,context=Main#dfs:29,next_station=-1
Variable Delete,method=Main#dfs:29 <name=node1,type=int (id=7),value=<?>,index=10>
Variable Delete,method=Main#dfs:29 <name=node2,type=int (id=7),value=<?>,index=11>
Variable Delete,method=Main#dfs:29 <name=cost,type=int (id=7),value=<?>,index=12>
Variable Delete,method=Main#dfs:29 <name=next_station,type=int (id=7),value=<?>,index=13>
Variable Delete,method=Main#dfs:29 <name=i,type=int (id=7),value=<?>,index=9>
Variable Write,context=Main#dfs:29,result=0
Method Exit,returner=Main#dfs:29,value=0
Variable Write,context=Main#dfs:27,ret=12
Variable Write,context=Main#dfs:27,max_next_path=1
Variable Write,context=Main#dfs:27,max_cost=12
Variable Write,context=Main#dfs:27,max_next_station=1
Variable Write,context=Main#dfs:27,i=2
Variable Delete,method=Main#dfs:27 <name=node1,type=int (id=7),value=<?>,index=10>
Variable Delete,method=Main#dfs:27 <name=node2,type=int (id=7),value=<?>,index=11>
Variable Delete,method=Main#dfs:27 <name=cost,type=int (id=7),value=<?>,index=12>
Variable Delete,method=Main#dfs:27 <name=next_station,type=int (id=7),value=<?>,index=13>
Variable Delete,method=Main#dfs:27 <name=ret,type=int (id=7),value=<?>,index=14>
Variable Write,context=Main#dfs:27,i=3
Variable Write,context=Main#dfs:27,i=4
Variable Write,context=Main#dfs:27,node1=3
Variable Write,context=Main#dfs:27,node2=5
Variable Write,context=Main#dfs:27,cost=11
Variable Write,context=Main#dfs:27,next_station=-1
Variable Delete,method=Main#dfs:27 <name=node1,type=int (id=7),value=<?>,index=10>
Variable Delete,method=Main#dfs:27 <name=node2,type=int (id=7),value=<?>,index=11>
Variable Delete,method=Main#dfs:27 <name=cost,type=int (id=7),value=<?>,index=12>
Variable Delete,method=Main#dfs:27 <name=next_station,type=int (id=7),value=<?>,index=13>
Variable Delete,method=Main#dfs:27 <name=i,type=int (id=7),value=<?>,index=9>
Variable Write,context=Main#dfs:27,next=int[][]:1
Variable Write,context=Main#dfs:27,result=12
Method Exit,returner=Main#dfs:27,value=12
Variable Write,context=Main#dfs:26,ret=14
Variable Write,context=Main#dfs:26,max_next_path=2
Variable Write,context=Main#dfs:26,max_cost=14
Variable Write,context=Main#dfs:26,max_next_station=2
Variable Write,context=Main#dfs:26,i=3
Variable Delete,method=Main#dfs:26 <name=node1,type=int (id=7),value=<?>,index=10>
Variable Delete,method=Main#dfs:26 <name=node2,type=int (id=7),value=<?>,index=11>
Variable Delete,method=Main#dfs:26 <name=cost,type=int (id=7),value=<?>,index=12>
Variable Delete,method=Main#dfs:26 <name=next_station,type=int (id=7),value=<?>,index=13>
Variable Delete,method=Main#dfs:26 <name=ret,type=int (id=7),value=<?>,index=14>
Variable Write,context=Main#dfs:26,i=4
Variable Write,context=Main#dfs:26,node1=3
Variable Write,context=Main#dfs:26,node2=5
Variable Write,context=Main#dfs:26,cost=11
Variable Write,context=Main#dfs:26,next_station=-1
Variable Write,context=Main#dfs:26,next_station=5
Method Call,caller=Main#dfs:26,target=Main#dfs:30
Variable Write,context=Main#dfs:30,next=int[][]:1
Variable Write,context=Main#dfs:30,adj_list=int[][]:2
Variable Write,context=Main#dfs:30,nl=5
Variable Write,context=Main#dfs:30,bit=24
Variable Write,context=Main#dfs:30,cur_station=5
Variable Write,context=Main#dfs:30,ns=6
Variable Write,context=Main#dfs:30,max_next_path=2147483647
Variable Write,context=Main#dfs:30,max_next_station=2147483647
Variable Write,context=Main#dfs:30,max_cost=0
Variable Write,context=Main#dfs:30,i=0
Variable Write,context=Main#dfs:30,node1=0
Variable Write,context=Main#dfs:30,node2=2
Variable Write,context=Main#dfs:30,cost=10
Variable Write,context=Main#dfs:30,next_station=-1
Variable Write,context=Main#dfs:30,i=1
Variable Delete,method=Main#dfs:30 <name=node1,type=int (id=7),value=<?>,index=10>
Variable Delete,method=Main#dfs:30 <name=node2,type=int (id=7),value=<?>,index=11>
Variable Delete,method=Main#dfs:30 <name=cost,type=int (id=7),value=<?>,index=12>
Variable Delete,method=Main#dfs:30 <name=next_station,type=int (id=7),value=<?>,index=13>
Variable Write,context=Main#dfs:30,node1=1
Variable Write,context=Main#dfs:30,node2=2
Variable Write,context=Main#dfs:30,cost=12
Variable Write,context=Main#dfs:30,next_station=-1
Variable Write,context=Main#dfs:30,i=2
Variable Delete,method=Main#dfs:30 <name=node1,type=int (id=7),value=<?>,index=10>
Variable Delete,method=Main#dfs:30 <name=node2,type=int (id=7),value=<?>,index=11>
Variable Delete,method=Main#dfs:30 <name=cost,type=int (id=7),value=<?>,index=12>
Variable Delete,method=Main#dfs:30 <name=next_station,type=int (id=7),value=<?>,index=13>
Variable Write,context=Main#dfs:30,node1=2
Variable Write,context=Main#dfs:30,node2=3
Variable Write,context=Main#dfs:30,cost=2
Variable Write,context=Main#dfs:30,next_station=-1
Variable Write,context=Main#dfs:30,i=3
Variable Delete,method=Main#dfs:30 <name=node1,type=int (id=7),value=<?>,index=10>
Variable Delete,method=Main#dfs:30 <name=node2,type=int (id=7),value=<?>,index=11>
Variable Delete,method=Main#dfs:30 <name=cost,type=int (id=7),value=<?>,index=12>
Variable Delete,method=Main#dfs:30 <name=next_station,type=int (id=7),value=<?>,index=13>
Variable Write,context=Main#dfs:30,i=4
Variable Delete,method=Main#dfs:30 <name=i,type=int (id=7),value=<?>,index=9>
Variable Write,context=Main#dfs:30,result=0
Method Exit,returner=Main#dfs:30,value=0
Variable Write,context=Main#dfs:26,ret=11
Variable Delete,method=Main#dfs:26 <name=node1,type=int (id=7),value=<?>,index=10>
Variable Delete,method=Main#dfs:26 <name=node2,type=int (id=7),value=<?>,index=11>
Variable Delete,method=Main#dfs:26 <name=cost,type=int (id=7),value=<?>,index=12>
Variable Delete,method=Main#dfs:26 <name=next_station,type=int (id=7),value=<?>,index=13>
Variable Delete,method=Main#dfs:26 <name=ret,type=int (id=7),value=<?>,index=14>
Variable Delete,method=Main#dfs:26 <name=i,type=int (id=7),value=<?>,index=9>
Variable Write,context=Main#dfs:26,next=int[][]:1
Variable Write,context=Main#dfs:26,result=14
Method Exit,returner=Main#dfs:26,value=14
Variable Write,context=Main#dfs:25,ret=27
Variable Write,context=Main#dfs:25,max_next_path=3
Variable Write,context=Main#dfs:25,max_cost=27
Variable Write,context=Main#dfs:25,max_next_station=3
Variable Write,context=Main#dfs:25,i=4
Variable Delete,method=Main#dfs:25 <name=node1,type=int (id=7),value=<?>,index=10>
Variable Delete,method=Main#dfs:25 <name=node2,type=int (id=7),value=<?>,index=11>
Variable Delete,method=Main#dfs:25 <name=cost,type=int (id=7),value=<?>,index=12>
Variable Delete,method=Main#dfs:25 <name=next_station,type=int (id=7),value=<?>,index=13>
Variable Delete,method=Main#dfs:25 <name=ret,type=int (id=7),value=<?>,index=14>
Variable Write,context=Main#dfs:25,node1=3
Variable Write,context=Main#dfs:25,node2=5
Variable Write,context=Main#dfs:25,cost=11
Variable Write,context=Main#dfs:25,next_station=-1
Variable Delete,method=Main#dfs:25 <name=node1,type=int (id=7),value=<?>,index=10>
Variable Delete,method=Main#dfs:25 <name=node2,type=int (id=7),value=<?>,index=11>
Variable Delete,method=Main#dfs:25 <name=cost,type=int (id=7),value=<?>,index=12>
Variable Delete,method=Main#dfs:25 <name=next_station,type=int (id=7),value=<?>,index=13>
Variable Delete,method=Main#dfs:25 <name=i,type=int (id=7),value=<?>,index=9>
Variable Write,context=Main#dfs:25,next=int[][]:1
Variable Write,context=Main#dfs:25,result=27
Method Exit,returner=Main#dfs:25,value=27
Variable Write,context=Main#main:1,cost=27
Variable Write,context=Main#main:1,start=5
Variable Delete,method=Main#main:1 <name=cost,type=int (id=7),value=<?>,index=12>
Method Call,caller=Main#main:1,target=Main#dfs:31
Variable Write,context=Main#dfs:31,next=int[][]:1
Variable Write,context=Main#dfs:31,adj_list=int[][]:2
Variable Write,context=Main#dfs:31,nl=5
Variable Write,context=Main#dfs:31,bit=0
Variable Write,context=Main#dfs:31,cur_station=5
Variable Write,context=Main#dfs:31,ns=6
Variable Write,context=Main#dfs:31,max_next_path=2147483647
Variable Write,context=Main#dfs:31,max_next_station=2147483647
Variable Write,context=Main#dfs:31,max_cost=0
Variable Write,context=Main#dfs:31,i=0
Variable Write,context=Main#dfs:31,node1=0
Variable Write,context=Main#dfs:31,node2=2
Variable Write,context=Main#dfs:31,cost=10
Variable Write,context=Main#dfs:31,next_station=-1
Variable Write,context=Main#dfs:31,i=1
Variable Delete,method=Main#dfs:31 <name=node1,type=int (id=7),value=<?>,index=10>
Variable Delete,method=Main#dfs:31 <name=node2,type=int (id=7),value=<?>,index=11>
Variable Delete,method=Main#dfs:31 <name=cost,type=int (id=7),value=<?>,index=12>
Variable Delete,method=Main#dfs:31 <name=next_station,type=int (id=7),value=<?>,index=13>
Variable Write,context=Main#dfs:31,node1=1
Variable Write,context=Main#dfs:31,node2=2
Variable Write,context=Main#dfs:31,cost=12
Variable Write,context=Main#dfs:31,next_station=-1
Variable Write,context=Main#dfs:31,i=2
Variable Delete,method=Main#dfs:31 <name=node1,type=int (id=7),value=<?>,index=10>
Variable Delete,method=Main#dfs:31 <name=node2,type=int (id=7),value=<?>,index=11>
Variable Delete,method=Main#dfs:31 <name=cost,type=int (id=7),value=<?>,index=12>
Variable Delete,method=Main#dfs:31 <name=next_station,type=int (id=7),value=<?>,index=13>
Variable Write,context=Main#dfs:31,node1=2
Variable Write,context=Main#dfs:31,node2=3
Variable Write,context=Main#dfs:31,cost=2
Variable Write,context=Main#dfs:31,next_station=-1
Variable Write,context=Main#dfs:31,i=3
Variable Delete,method=Main#dfs:31 <name=node1,type=int (id=7),value=<?>,index=10>
Variable Delete,method=Main#dfs:31 <name=node2,type=int (id=7),value=<?>,index=11>
Variable Delete,method=Main#dfs:31 <name=cost,type=int (id=7),value=<?>,index=12>
Variable Delete,method=Main#dfs:31 <name=next_station,type=int (id=7),value=<?>,index=13>
Variable Write,context=Main#dfs:31,node1=3
Variable Write,context=Main#dfs:31,node2=4
Variable Write,context=Main#dfs:31,cost=13
Variable Write,context=Main#dfs:31,next_station=-1
Variable Write,context=Main#dfs:31,i=4
Variable Delete,method=Main#dfs:31 <name=node1,type=int (id=7),value=<?>,index=10>
Variable Delete,method=Main#dfs:31 <name=node2,type=int (id=7),value=<?>,index=11>
Variable Delete,method=Main#dfs:31 <name=cost,type=int (id=7),value=<?>,index=12>
Variable Delete,method=Main#dfs:31 <name=next_station,type=int (id=7),value=<?>,index=13>
Variable Write,context=Main#dfs:31,node1=3
Variable Write,context=Main#dfs:31,node2=5
Variable Write,context=Main#dfs:31,cost=11
Variable Write,context=Main#dfs:31,next_station=-1
Variable Write,context=Main#dfs:31,next_station=3
Method Call,caller=Main#dfs:31,target=Main#dfs:32
Variable Write,context=Main#dfs:32,next=int[][]:1
Variable Write,context=Main#dfs:32,adj_list=int[][]:2
Variable Write,context=Main#dfs:32,nl=5
Variable Write,context=Main#dfs:32,bit=16
Variable Write,context=Main#dfs:32,cur_station=3
Variable Write,context=Main#dfs:32,ns=6
Variable Write,context=Main#dfs:32,max_next_path=2147483647
Variable Write,context=Main#dfs:32,max_next_station=2147483647
Variable Write,context=Main#dfs:32,max_cost=0
Variable Write,context=Main#dfs:32,i=0
Variable Write,context=Main#dfs:32,node1=0
Variable Write,context=Main#dfs:32,node2=2
Variable Write,context=Main#dfs:32,cost=10
Variable Write,context=Main#dfs:32,next_station=-1
Variable Write,context=Main#dfs:32,i=1
Variable Delete,method=Main#dfs:32 <name=node1,type=int (id=7),value=<?>,index=10>
Variable Delete,method=Main#dfs:32 <name=node2,type=int (id=7),value=<?>,index=11>
Variable Delete,method=Main#dfs:32 <name=cost,type=int (id=7),value=<?>,index=12>
Variable Delete,method=Main#dfs:32 <name=next_station,type=int (id=7),value=<?>,index=13>
Variable Write,context=Main#dfs:32,node1=1
Variable Write,context=Main#dfs:32,node2=2
Variable Write,context=Main#dfs:32,cost=12
Variable Write,context=Main#dfs:32,next_station=-1
Variable Write,context=Main#dfs:32,i=2
Variable Delete,method=Main#dfs:32 <name=node1,type=int (id=7),value=<?>,index=10>
Variable Delete,method=Main#dfs:32 <name=node2,type=int (id=7),value=<?>,index=11>
Variable Delete,method=Main#dfs:32 <name=cost,type=int (id=7),value=<?>,index=12>
Variable Delete,method=Main#dfs:32 <name=next_station,type=int (id=7),value=<?>,index=13>
Variable Write,context=Main#dfs:32,node1=2
Variable Write,context=Main#dfs:32,node2=3
Variable Write,context=Main#dfs:32,cost=2
Variable Write,context=Main#dfs:32,next_station=-1
Variable Write,context=Main#dfs:32,next_station=2
Method Call,caller=Main#dfs:32,target=Main#dfs:33
Variable Write,context=Main#dfs:33,next=int[][]:1
Variable Write,context=Main#dfs:33,adj_list=int[][]:2
Variable Write,context=Main#dfs:33,nl=5
Variable Write,context=Main#dfs:33,bit=20
Variable Write,context=Main#dfs:33,cur_station=2
Variable Write,context=Main#dfs:33,ns=6
Variable Write,context=Main#dfs:33,max_next_path=2147483647
Variable Write,context=Main#dfs:33,max_next_station=2147483647
Variable Write,context=Main#dfs:33,max_cost=0
Variable Write,context=Main#dfs:33,i=0
Variable Write,context=Main#dfs:33,node1=0
Variable Write,context=Main#dfs:33,node2=2
Variable Write,context=Main#dfs:33,cost=10
Variable Write,context=Main#dfs:33,next_station=-1
Variable Write,context=Main#dfs:33,next_station=0
Method Call,caller=Main#dfs:33,target=Main#dfs:34
Variable Write,context=Main#dfs:34,next=int[][]:1
Variable Write,context=Main#dfs:34,adj_list=int[][]:2
Variable Write,context=Main#dfs:34,nl=5
Variable Write,context=Main#dfs:34,bit=21
Variable Write,context=Main#dfs:34,cur_station=0
Variable Write,context=Main#dfs:34,ns=6
Variable Write,context=Main#dfs:34,max_next_path=2147483647
Variable Write,context=Main#dfs:34,max_next_station=2147483647
Variable Write,context=Main#dfs:34,max_cost=0
Variable Write,context=Main#dfs:34,i=0
Variable Write,context=Main#dfs:34,i=1
Variable Write,context=Main#dfs:34,node1=1
Variable Write,context=Main#dfs:34,node2=2
Variable Write,context=Main#dfs:34,cost=12
Variable Write,context=Main#dfs:34,next_station=-1
Variable Write,context=Main#dfs:34,i=2
Variable Delete,method=Main#dfs:34 <name=node1,type=int (id=7),value=<?>,index=10>
Variable Delete,method=Main#dfs:34 <name=node2,type=int (id=7),value=<?>,index=11>
Variable Delete,method=Main#dfs:34 <name=cost,type=int (id=7),value=<?>,index=12>
Variable Delete,method=Main#dfs:34 <name=next_station,type=int (id=7),value=<?>,index=13>
Variable Write,context=Main#dfs:34,i=3
Variable Write,context=Main#dfs:34,node1=3
Variable Write,context=Main#dfs:34,node2=4
Variable Write,context=Main#dfs:34,cost=13
Variable Write,context=Main#dfs:34,next_station=-1
Variable Write,context=Main#dfs:34,i=4
Variable Delete,method=Main#dfs:34 <name=node1,type=int (id=7),value=<?>,index=10>
Variable Delete,method=Main#dfs:34 <name=node2,type=int (id=7),value=<?>,index=11>
Variable Delete,method=Main#dfs:34 <name=cost,type=int (id=7),value=<?>,index=12>
Variable Delete,method=Main#dfs:34 <name=next_station,type=int (id=7),value=<?>,index=13>
Variable Delete,method=Main#dfs:34 <name=i,type=int (id=7),value=<?>,index=9>
Variable Write,context=Main#dfs:34,result=0
Method Exit,returner=Main#dfs:34,value=0
Variable Write,context=Main#dfs:33,ret=10
Variable Write,context=Main#dfs:33,max_next_path=0
Variable Write,context=Main#dfs:33,max_cost=10
Variable Write,context=Main#dfs:33,max_next_station=0
Variable Write,context=Main#dfs:33,i=1
Variable Delete,method=Main#dfs:33 <name=node1,type=int (id=7),value=<?>,index=10>
Variable Delete,method=Main#dfs:33 <name=node2,type=int (id=7),value=<?>,index=11>
Variable Delete,method=Main#dfs:33 <name=cost,type=int (id=7),value=<?>,index=12>
Variable Delete,method=Main#dfs:33 <name=next_station,type=int (id=7),value=<?>,index=13>
Variable Delete,method=Main#dfs:33 <name=ret,type=int (id=7),value=<?>,index=14>
Variable Write,context=Main#dfs:33,node1=1
Variable Write,context=Main#dfs:33,node2=2
Variable Write,context=Main#dfs:33,cost=12
Variable Write,context=Main#dfs:33,next_station=-1
Variable Write,context=Main#dfs:33,next_station=1
Method Call,caller=Main#dfs:33,target=Main#dfs:35
Variable Write,context=Main#dfs:35,next=int[][]:1
Variable Write,context=Main#dfs:35,adj_list=int[][]:2
Variable Write,context=Main#dfs:35,nl=5
Variable Write,context=Main#dfs:35,bit=22
Variable Write,context=Main#dfs:35,cur_station=1
Variable Write,context=Main#dfs:35,ns=6
Variable Write,context=Main#dfs:35,max_next_path=2147483647
Variable Write,context=Main#dfs:35,max_next_station=2147483647
Variable Write,context=Main#dfs:35,max_cost=0
Variable Write,context=Main#dfs:35,i=0
Variable Write,context=Main#dfs:35,node1=0
Variable Write,context=Main#dfs:35,node2=2
Variable Write,context=Main#dfs:35,cost=10
Variable Write,context=Main#dfs:35,next_station=-1
Variable Write,context=Main#dfs:35,i=1
Variable Delete,method=Main#dfs:35 <name=node1,type=int (id=7),value=<?>,index=10>
Variable Delete,method=Main#dfs:35 <name=node2,type=int (id=7),value=<?>,index=11>
Variable Delete,method=Main#dfs:35 <name=cost,type=int (id=7),value=<?>,index=12>
Variable Delete,method=Main#dfs:35 <name=next_station,type=int (id=7),value=<?>,index=13>
Variable Write,context=Main#dfs:35,i=2
Variable Write,context=Main#dfs:35,i=3
Variable Write,context=Main#dfs:35,node1=3
Variable Write,context=Main#dfs:35,node2=4
Variable Write,context=Main#dfs:35,cost=13
Variable Write,context=Main#dfs:35,next_station=-1
Variable Write,context=Main#dfs:35,i=4
Variable Delete,method=Main#dfs:35 <name=node1,type=int (id=7),value=<?>,index=10>
Variable Delete,method=Main#dfs:35 <name=node2,type=int (id=7),value=<?>,index=11>
Variable Delete,method=Main#dfs:35 <name=cost,type=int (id=7),value=<?>,index=12>
Variable Delete,method=Main#dfs:35 <name=next_station,type=int (id=7),value=<?>,index=13>
Variable Delete,method=Main#dfs:35 <name=i,type=int (id=7),value=<?>,index=9>
Variable Write,context=Main#dfs:35,result=0
Method Exit,returner=Main#dfs:35,value=0
Variable Write,context=Main#dfs:33,ret=12
Variable Write,context=Main#dfs:33,max_next_path=1
Variable Write,context=Main#dfs:33,max_cost=12
Variable Write,context=Main#dfs:33,max_next_station=1
Variable Write,context=Main#dfs:33,i=2
Variable Delete,method=Main#dfs:33 <name=node1,type=int (id=7),value=<?>,index=10>
Variable Delete,method=Main#dfs:33 <name=node2,type=int (id=7),value=<?>,index=11>
Variable Delete,method=Main#dfs:33 <name=cost,type=int (id=7),value=<?>,index=12>
Variable Delete,method=Main#dfs:33 <name=next_station,type=int (id=7),value=<?>,index=13>
Variable Delete,method=Main#dfs:33 <name=ret,type=int (id=7),value=<?>,index=14>
Variable Write,context=Main#dfs:33,i=3
Variable Write,context=Main#dfs:33,node1=3
Variable Write,context=Main#dfs:33,node2=4
Variable Write,context=Main#dfs:33,cost=13
Variable Write,context=Main#dfs:33,next_station=-1
Variable Write,context=Main#dfs:33,i=4
Variable Delete,method=Main#dfs:33 <name=node1,type=int (id=7),value=<?>,index=10>
Variable Delete,method=Main#dfs:33 <name=node2,type=int (id=7),value=<?>,index=11>
Variable Delete,method=Main#dfs:33 <name=cost,type=int (id=7),value=<?>,index=12>
Variable Delete,method=Main#dfs:33 <name=next_station,type=int (id=7),value=<?>,index=13>
Variable Delete,method=Main#dfs:33 <name=i,type=int (id=7),value=<?>,index=9>
Variable Write,context=Main#dfs:33,next=int[][]:1
Variable Write,context=Main#dfs:33,result=12
Method Exit,returner=Main#dfs:33,value=12
Variable Write,context=Main#dfs:32,ret=14
Variable Write,context=Main#dfs:32,max_next_path=2
Variable Write,context=Main#dfs:32,max_cost=14
Variable Write,context=Main#dfs:32,max_next_station=2
Variable Write,context=Main#dfs:32,i=3
Variable Delete,method=Main#dfs:32 <name=node1,type=int (id=7),value=<?>,index=10>
Variable Delete,method=Main#dfs:32 <name=node2,type=int (id=7),value=<?>,index=11>
Variable Delete,method=Main#dfs:32 <name=cost,type=int (id=7),value=<?>,index=12>
Variable Delete,method=Main#dfs:32 <name=next_station,type=int (id=7),value=<?>,index=13>
Variable Delete,method=Main#dfs:32 <name=ret,type=int (id=7),value=<?>,index=14>
Variable Write,context=Main#dfs:32,node1=3
Variable Write,context=Main#dfs:32,node2=4
Variable Write,context=Main#dfs:32,cost=13
Variable Write,context=Main#dfs:32,next_station=-1
Variable Write,context=Main#dfs:32,next_station=4
Method Call,caller=Main#dfs:32,target=Main#dfs:36
Variable Write,context=Main#dfs:36,next=int[][]:1
Variable Write,context=Main#dfs:36,adj_list=int[][]:2
Variable Write,context=Main#dfs:36,nl=5
Variable Write,context=Main#dfs:36,bit=24
Variable Write,context=Main#dfs:36,cur_station=4
Variable Write,context=Main#dfs:36,ns=6
Variable Write,context=Main#dfs:36,max_next_path=2147483647
Variable Write,context=Main#dfs:36,max_next_station=2147483647
Variable Write,context=Main#dfs:36,max_cost=0
Variable Write,context=Main#dfs:36,i=0
Variable Write,context=Main#dfs:36,node1=0
Variable Write,context=Main#dfs:36,node2=2
Variable Write,context=Main#dfs:36,cost=10
Variable Write,context=Main#dfs:36,next_station=-1
Variable Write,context=Main#dfs:36,i=1
Variable Delete,method=Main#dfs:36 <name=node1,type=int (id=7),value=<?>,index=10>
Variable Delete,method=Main#dfs:36 <name=node2,type=int (id=7),value=<?>,index=11>
Variable Delete,method=Main#dfs:36 <name=cost,type=int (id=7),value=<?>,index=12>
Variable Delete,method=Main#dfs:36 <name=next_station,type=int (id=7),value=<?>,index=13>
Variable Write,context=Main#dfs:36,node1=1
Variable Write,context=Main#dfs:36,node2=2
Variable Write,context=Main#dfs:36,cost=12
Variable Write,context=Main#dfs:36,next_station=-1
Variable Write,context=Main#dfs:36,i=2
Variable Delete,method=Main#dfs:36 <name=node1,type=int (id=7),value=<?>,index=10>
Variable Delete,method=Main#dfs:36 <name=node2,type=int (id=7),value=<?>,index=11>
Variable Delete,method=Main#dfs:36 <name=cost,type=int (id=7),value=<?>,index=12>
Variable Delete,method=Main#dfs:36 <name=next_station,type=int (id=7),value=<?>,index=13>
Variable Write,context=Main#dfs:36,node1=2
Variable Write,context=Main#dfs:36,node2=3
Variable Write,context=Main#dfs:36,cost=2
Variable Write,context=Main#dfs:36,next_station=-1
Variable Write,context=Main#dfs:36,i=3
Variable Delete,method=Main#dfs:36 <name=node1,type=int (id=7),value=<?>,index=10>
Variable Delete,method=Main#dfs:36 <name=node2,type=int (id=7),value=<?>,index=11>
Variable Delete,method=Main#dfs:36 <name=cost,type=int (id=7),value=<?>,index=12>
Variable Delete,method=Main#dfs:36 <name=next_station,type=int (id=7),value=<?>,index=13>
Variable Write,context=Main#dfs:36,i=4
Variable Delete,method=Main#dfs:36 <name=i,type=int (id=7),value=<?>,index=9>
Variable Write,context=Main#dfs:36,result=0
Method Exit,returner=Main#dfs:36,value=0
Variable Write,context=Main#dfs:32,ret=13
Variable Write,context=Main#dfs:32,i=4
Variable Delete,method=Main#dfs:32 <name=node1,type=int (id=7),value=<?>,index=10>
Variable Delete,method=Main#dfs:32 <name=node2,type=int (id=7),value=<?>,index=11>
Variable Delete,method=Main#dfs:32 <name=cost,type=int (id=7),value=<?>,index=12>
Variable Delete,method=Main#dfs:32 <name=next_station,type=int (id=7),value=<?>,index=13>
Variable Delete,method=Main#dfs:32 <name=ret,type=int (id=7),value=<?>,index=14>
Variable Delete,method=Main#dfs:32 <name=i,type=int (id=7),value=<?>,index=9>
Variable Write,context=Main#dfs:32,next=int[][]:1
Variable Write,context=Main#dfs:32,result=14
Method Exit,returner=Main#dfs:32,value=14
Variable Write,context=Main#dfs:31,ret=25
Variable Write,context=Main#dfs:31,max_next_path=4
Variable Write,context=Main#dfs:31,max_cost=25
Variable Write,context=Main#dfs:31,max_next_station=3
Variable Delete,method=Main#dfs:31 <name=node1,type=int (id=7),value=<?>,index=10>
Variable Delete,method=Main#dfs:31 <name=node2,type=int (id=7),value=<?>,index=11>
Variable Delete,method=Main#dfs:31 <name=cost,type=int (id=7),value=<?>,index=12>
Variable Delete,method=Main#dfs:31 <name=next_station,type=int (id=7),value=<?>,index=13>
Variable Delete,method=Main#dfs:31 <name=ret,type=int (id=7),value=<?>,index=14>
Variable Delete,method=Main#dfs:31 <name=i,type=int (id=7),value=<?>,index=9>
Variable Write,context=Main#dfs:31,next=int[][]:1
Variable Write,context=Main#dfs:31,result=25
Method Exit,returner=Main#dfs:31,value=25
Variable Write,context=Main#main:1,cost=25
Variable Delete,method=Main#main:1 <name=cost,type=int (id=7),value=<?>,index=12>
Variable Delete,method=Main#main:1 <name=start,type=int (id=7),value=4,index=11>
Variable Write,context=Main#main:1,first=true
Variable Write,context=Main#main:1,cur_pos=1
Variable Write,context=Main#main:1,bit=0
Variable Write,context=Main#main:1,first=false
Variable Write,context=Main#main:1,next=1
Variable Write,context=Main#main:1,cur_pos=2
Variable Write,context=Main#main:1,bit=2
Variable Delete,method=Main#main:1 <name=next,type=int (id=7),value=<?>,index=16>
Variable Write,context=Main#main:1,next=2
Variable Write,context=Main#main:1,cur_pos=3
Variable Write,context=Main#main:1,bit=6
Variable Delete,method=Main#main:1 <name=next,type=int (id=7),value=<?>,index=16>
Variable Write,context=Main#main:1,next=3
Variable Write,context=Main#main:1,cur_pos=4
Variable Write,context=Main#main:1,bit=14
Variable Delete,method=Main#main:1 <name=next,type=int (id=7),value=<?>,index=16>
Variable Write,context=Main#main:1,next=-1
Variable Delete,method=Main#main:1 <name=next,type=int (id=7),value=<?>,index=16>
Variable Delete,method=Main#main:1 <name=ns,type=int (id=7),value=10,index=3>
Variable Delete,method=Main#main:1 <name=nl,type=int (id=7),value=10,index=4>
Variable Delete,method=Main#main:1 <name=adj_list,type=int[][] (id=95),value=int[][]:3,index=5>
Variable Delete,method=Main#main:1 <name=max_start,type=int (id=7),value=3,index=9>
Variable Delete,method=Main#main:1 <name=max_cost,type=int (id=7),value=356,index=10>
Variable Delete,method=Main#main:1 <name=first,type=boolean (id=2),value=<?>,index=13>
Variable Delete,method=Main#main:1 <name=cur_pos,type=int (id=7),value=<?>,index=14>
Variable Delete,method=Main#main:1 <name=bit,type=int (id=7),value=<?>,index=15>
Variable Write,context=Main#main:1,ns=10
Variable Write,context=Main#main:1,nl=10
New Object,object=int[][]:3
New Object,object=int[]:6
Field Write,context=int[]:6,0=0
Field Write,context=int[]:6,1=0
Field Write,context=int[]:6,2=0
Field Write,context=int[][]:3,0=int[]:6
New Object,object=int[]:7
Field Write,context=int[]:7,0=0
Field Write,context=int[]:7,1=0
Field Write,context=int[]:7,2=0
Field Write,context=int[][]:3,1=int[]:7
New Object,object=int[]:8
Field Write,context=int[]:8,0=0
Field Write,context=int[]:8,1=0
Field Write,context=int[]:8,2=0
Field Write,context=int[][]:3,2=int[]:8
New Object,object=int[]:9
Field Write,context=int[]:9,0=0
Field Write,context=int[]:9,1=0
Field Write,context=int[]:9,2=0
Field Write,context=int[][]:3,3=int[]:9
New Object,object=int[]:10
Field Write,context=int[]:10,0=0
Field Write,context=int[]:10,1=0
Field Write,context=int[]:10,2=0
Field Write,context=int[][]:3,4=int[]:10
New Object,object=int[]:11
Field Write,context=int[]:11,0=0
Field Write,context=int[]:11,1=0
Field Write,context=int[]:11,2=0
Field Write,context=int[][]:3,5=int[]:11
New Object,object=int[]:12
Field Write,context=int[]:12,0=0
Field Write,context=int[]:12,1=0
Field Write,context=int[]:12,2=0
Field Write,context=int[][]:3,6=int[]:12
New Object,object=int[]:13
Field Write,context=int[]:13,0=0
Field Write,context=int[]:13,1=0
Field Write,context=int[]:13,2=0
Field Write,context=int[][]:3,7=int[]:13
New Object,object=int[]:14
Field Write,context=int[]:14,0=0
Field Write,context=int[]:14,1=0
Field Write,context=int[]:14,2=0
Field Write,context=int[][]:3,8=int[]:14
New Object,object=int[]:15
Field Write,context=int[]:15,0=0
Field Write,context=int[]:15,1=0
Field Write,context=int[]:15,2=0
Field Write,context=int[][]:3,9=int[]:15
Variable Write,context=Main#main:1,adj_list=int[][]:3
Variable Write,context=Main#main:1,i=0
Variable Write,context=Main#main:1,j=0
Variable Write,context=Main#main:1,adj_list=int[][]:3
Variable Write,context=Main#main:1,j=1
Variable Write,context=Main#main:1,adj_list=int[][]:3
Variable Write,context=Main#main:1,j=2
Variable Write,context=Main#main:1,adj_list=int[][]:3
Variable Write,context=Main#main:1,i=1
Variable Delete,method=Main#main:1 <name=j,type=int (id=7),value=<?>,index=7>
Variable Write,context=Main#main:1,j=0
Variable Write,context=Main#main:1,adj_list=int[][]:3
Variable Write,context=Main#main:1,j=1
Variable Write,context=Main#main:1,adj_list=int[][]:3
Variable Write,context=Main#main:1,j=2
Variable Write,context=Main#main:1,adj_list=int[][]:3
Variable Write,context=Main#main:1,i=2
Variable Delete,method=Main#main:1 <name=j,type=int (id=7),value=<?>,index=7>
Variable Write,context=Main#main:1,j=0
Variable Write,context=Main#main:1,adj_list=int[][]:3
Variable Write,context=Main#main:1,j=1
Variable Write,context=Main#main:1,adj_list=int[][]:3
Variable Write,context=Main#main:1,j=2
Variable Write,context=Main#main:1,adj_list=int[][]:3
Variable Write,context=Main#main:1,i=3
Variable Delete,method=Main#main:1 <name=j,type=int (id=7),value=<?>,index=7>
Variable Write,context=Main#main:1,j=0
Variable Write,context=Main#main:1,adj_list=int[][]:3
Variable Write,context=Main#main:1,j=1
Variable Write,context=Main#main:1,adj_list=int[][]:3
Variable Write,context=Main#main:1,j=2
Variable Write,context=Main#main:1,adj_list=int[][]:3
Variable Write,context=Main#main:1,i=4
Variable Delete,method=Main#main:1 <name=j,type=int (id=7),value=<?>,index=7>
Variable Write,context=Main#main:1,j=0
Variable Write,context=Main#main:1,adj_list=int[][]:3
Variable Write,context=Main#main:1,j=1
Variable Write,context=Main#main:1,adj_list=int[][]:3
Variable Write,context=Main#main:1,j=2
Variable Write,context=Main#main:1,adj_list=int[][]:3
Variable Write,context=Main#main:1,i=5
Variable Delete,method=Main#main:1 <name=j,type=int (id=7),value=<?>,index=7>
Variable Write,context=Main#main:1,j=0
Variable Write,context=Main#main:1,adj_list=int[][]:3
Variable Write,context=Main#main:1,j=1
Variable Write,context=Main#main:1,adj_list=int[][]:3
Variable Write,context=Main#main:1,j=2
Variable Write,context=Main#main:1,adj_list=int[][]:3
Variable Write,context=Main#main:1,i=6
Variable Delete,method=Main#main:1 <name=j,type=int (id=7),value=<?>,index=7>
Variable Write,context=Main#main:1,j=0
Variable Write,context=Main#main:1,adj_list=int[][]:3
Variable Write,context=Main#main:1,j=1
Variable Write,context=Main#main:1,adj_list=int[][]:3
Variable Write,context=Main#main:1,j=2
Variable Write,context=Main#main:1,adj_list=int[][]:3
Variable Write,context=Main#main:1,i=7
Variable Delete,method=Main#main:1 <name=j,type=int (id=7),value=<?>,index=7>
Variable Write,context=Main#main:1,j=0
Variable Write,context=Main#main:1,adj_list=int[][]:3
Variable Write,context=Main#main:1,j=1
Variable Write,context=Main#main:1,adj_list=int[][]:3
Variable Write,context=Main#main:1,j=2
Variable Write,context=Main#main:1,adj_list=int[][]:3
Variable Write,context=Main#main:1,i=8
Variable Delete,method=Main#main:1 <name=j,type=int (id=7),value=<?>,index=7>
Variable Write,context=Main#main:1,j=0
Variable Write,context=Main#main:1,adj_list=int[][]:3
Variable Write,context=Main#main:1,j=1
Variable Write,context=Main#main:1,adj_list=int[][]:3
Variable Write,context=Main#main:1,j=2
Variable Write,context=Main#main:1,adj_list=int[][]:3
Variable Write,context=Main#main:1,i=9
Variable Delete,method=Main#main:1 <name=j,type=int (id=7),value=<?>,index=7>
Variable Write,context=Main#main:1,j=0
Variable Write,context=Main#main:1,adj_list=int[][]:3
Variable Write,context=Main#main:1,j=1
Variable Write,context=Main#main:1,adj_list=int[][]:3
Variable Write,context=Main#main:1,j=2
Variable Write,context=Main#main:1,adj_list=int[][]:3
Variable Delete,method=Main#main:1 <name=j,type=int (id=7),value=<?>,index=7>
Variable Delete,method=Main#main:1 <name=i,type=int (id=7),value=<?>,index=6>
Variable Write,context=Main#main:1,i=0
Variable Write,context=Main#main:1,i=1
Variable Write,context=Main#main:1,i=2
Variable Write,context=Main#main:1,i=3
Variable Write,context=Main#main:1,i=4
Variable Write,context=Main#main:1,i=5
Variable Write,context=Main#main:1,i=6
Variable Write,context=Main#main:1,i=7
Variable Write,context=Main#main:1,i=8
Variable Write,context=Main#main:1,i=9
Variable Delete,method=Main#main:1 <name=i,type=int (id=7),value=<?>,index=8>
Variable Write,context=Main#main:1,max_start=-1
Variable Write,context=Main#main:1,max_cost=0
Variable Write,context=Main#main:1,start=0
Method Call,caller=Main#main:1,target=Main#dfs:37
Variable Write,context=Main#dfs:37,next=int[][]:1
Variable Write,context=Main#dfs:37,adj_list=int[][]:3
Variable Write,context=Main#dfs:37,nl=10
Variable Write,context=Main#dfs:37,bit=0
Variable Write,context=Main#dfs:37,cur_station=0
Variable Write,context=Main#dfs:37,ns=10
Variable Write,context=Main#dfs:37,max_next_path=2147483647
Variable Write,context=Main#dfs:37,max_next_station=2147483647
Variable Write,context=Main#dfs:37,max_cost=0
Variable Write,context=Main#dfs:37,i=0
Variable Write,context=Main#dfs:37,node1=0
Variable Write,context=Main#dfs:37,node2=1
Variable Write,context=Main#dfs:37,cost=11
Variable Write,context=Main#dfs:37,next_station=-1
Variable Write,context=Main#dfs:37,next_station=1
Method Call,caller=Main#dfs:37,target=Main#dfs:38
Variable Write,context=Main#dfs:38,next=int[][]:1
Variable Write,context=Main#dfs:38,adj_list=int[][]:3
Variable Write,context=Main#dfs:38,nl=10
Variable Write,context=Main#dfs:38,bit=1
Variable Write,context=Main#dfs:38,cur_station=1
Variable Write,context=Main#dfs:38,ns=10
Variable Write,context=Main#dfs:38,max_next_path=2147483647
Variable Write,context=Main#dfs:38,max_next_station=2147483647
Variable Write,context=Main#dfs:38,max_cost=0
Variable Write,context=Main#dfs:38,i=0
Variable Write,context=Main#dfs:38,i=1
Variable Write,context=Main#dfs:38,node1=1
Variable Write,context=Main#dfs:38,node2=2
Variable Write,context=Main#dfs:38,cost=25
Variable Write,context=Main#dfs:38,next_station=-1
Variable Write,context=Main#dfs:38,next_station=2
Method Call,caller=Main#dfs:38,target=Main#dfs:39
Variable Write,context=Main#dfs:39,next=int[][]:1
Variable Write,context=Main#dfs:39,adj_list=int[][]:3
Variable Write,context=Main#dfs:39,nl=10
Variable Write,context=Main#dfs:39,bit=3
Variable Write,context=Main#dfs:39,cur_station=2
Variable Write,context=Main#dfs:39,ns=10
Variable Write,context=Main#dfs:39,max_next_path=2147483647
Variable Write,context=Main#dfs:39,max_next_station=2147483647
Variable Write,context=Main#dfs:39,max_cost=0
Variable Write,context=Main#dfs:39,i=0
Variable Write,context=Main#dfs:39,i=1
Variable Write,context=Main#dfs:39,i=2
Variable Write,context=Main#dfs:39,node1=1
Variable Write,context=Main#dfs:39,node2=4
Variable Write,context=Main#dfs:39,cost=81
Variable Write,context=Main#dfs:39,next_station=-1
Variable Write,context=Main#dfs:39,i=3
Variable Delete,method=Main#dfs:39 <name=node1,type=int (id=7),value=<?>,index=10>
Variable Delete,method=Main#dfs:39 <name=node2,type=int (id=7),value=<?>,index=11>
Variable Delete,method=Main#dfs:39 <name=cost,type=int (id=7),value=<?>,index=12>
Variable Delete,method=Main#dfs:39 <name=next_station,type=int (id=7),value=<?>,index=13>
Variable Write,context=Main#dfs:39,node1=1
Variable Write,context=Main#dfs:39,node2=5
Variable Write,context=Main#dfs:39,cost=82
Variable Write,context=Main#dfs:39,next_station=-1
Variable Write,context=Main#dfs:39,i=4
Variable Delete,method=Main#dfs:39 <name=node1,type=int (id=7),value=<?>,index=10>
Variable Delete,method=Main#dfs:39 <name=node2,type=int (id=7),value=<?>,index=11>
Variable Delete,method=Main#dfs:39 <name=cost,type=int (id=7),value=<?>,index=12>
Variable Delete,method=Main#dfs:39 <name=next_station,type=int (id=7),value=<?>,index=13>
Variable Write,context=Main#dfs:39,node1=3
Variable Write,context=Main#dfs:39,node2=4
Variable Write,context=Main#dfs:39,cost=58
Variable Write,context=Main#dfs:39,next_station=-1
Variable Write,context=Main#dfs:39,i=5
Variable Delete,method=Main#dfs:39 <name=node1,type=int (id=7),value=<?>,index=10>
Variable Delete,method=Main#dfs:39 <name=node2,type=int (id=7),value=<?>,index=11>
Variable Delete,method=Main#dfs:39 <name=cost,type=int (id=7),value=<?>,index=12>
Variable Delete,method=Main#dfs:39 <name=next_station,type=int (id=7),value=<?>,index=13>
Variable Write,context=Main#dfs:39,node1=4
Variable Write,context=Main#dfs:39,node2=8
Variable Write,context=Main#dfs:39,cost=68
Variable Write,context=Main#dfs:39,next_station=-1
Variable Write,context=Main#dfs:39,i=6
Variable Delete,method=Main#dfs:39 <name=node1,type=int (id=7),value=<?>,index=10>
Variable Delete,method=Main#dfs:39 <name=node2,type=int (id=7),value=<?>,index=11>
Variable Delete,method=Main#dfs:39 <name=cost,type=int (id=7),value=<?>,index=12>
Variable Delete,method=Main#dfs:39 <name=next_station,type=int (id=7),value=<?>,index=13>
Variable Write,context=Main#dfs:39,node1=5
Variable Write,context=Main#dfs:39,node2=6
Variable Write,context=Main#dfs:39,cost=80
Variable Write,context=Main#dfs:39,next_station=-1
Variable Write,context=Main#dfs:39,i=7
Variable Delete,method=Main#dfs:39 <name=node1,type=int (id=7),value=<?>,index=10>
Variable Delete,method=Main#dfs:39 <name=node2,type=int (id=7),value=<?>,index=11>
Variable Delete,method=Main#dfs:39 <name=cost,type=int (id=7),value=<?>,index=12>
Variable Delete,method=Main#dfs:39 <name=next_station,type=int (id=7),value=<?>,index=13>
Variable Write,context=Main#dfs:39,node1=5
Variable Write,context=Main#dfs:39,node2=8
Variable Write,context=Main#dfs:39,cost=67
Variable Write,context=Main#dfs:39,next_station=-1
Variable Write,context=Main#dfs:39,i=8
Variable Delete,method=Main#dfs:39 <name=node1,type=int (id=7),value=<?>,index=10>
Variable Delete,method=Main#dfs:39 <name=node2,type=int (id=7),value=<?>,index=11>
Variable Delete,method=Main#dfs:39 <name=cost,type=int (id=7),value=<?>,index=12>
Variable Delete,method=Main#dfs:39 <name=next_station,type=int (id=7),value=<?>,index=13>
Variable Write,context=Main#dfs:39,node1=7
Variable Write,context=Main#dfs:39,node2=8
Variable Write,context=Main#dfs:39,cost=44
Variable Write,context=Main#dfs:39,next_station=-1
Variable Write,context=Main#dfs:39,i=9
Variable Delete,method=Main#dfs:39 <name=node1,type=int (id=7),value=<?>,index=10>
Variable Delete,method=Main#dfs:39 <name=node2,type=int (id=7),value=<?>,index=11>
Variable Delete,method=Main#dfs:39 <name=cost,type=int (id=7),value=<?>,index=12>
Variable Delete,method=Main#dfs:39 <name=next_station,type=int (id=7),value=<?>,index=13>
Variable Write,context=Main#dfs:39,node1=8
Variable Write,context=Main#dfs:39,node2=9
Variable Write,context=Main#dfs:39,cost=21
Variable Write,context=Main#dfs:39,next_station=-1
Variable Delete,method=Main#dfs:39 <name=node1,type=int (id=7),value=<?>,index=10>
Variable Delete,method=Main#dfs:39 <name=node2,type=int (id=7),value=<?>,index=11>
Variable Delete,method=Main#dfs:39 <name=cost,type=int (id=7),value=<?>,index=12>
Variable Delete,method=Main#dfs:39 <name=next_station,type=int (id=7),value=<?>,index=13>
Variable Delete,method=Main#dfs:39 <name=i,type=int (id=7),value=<?>,index=9>
Variable Write,context=Main#dfs:39,result=0
Method Exit,returner=Main#dfs:39,value=0
Variable Write,context=Main#dfs:38,ret=25
Variable Write,context=Main#dfs:38,max_next_path=1
Variable Write,context=Main#dfs:38,max_cost=25
Variable Write,context=Main#dfs:38,max_next_station=2
Variable Write,context=Main#dfs:38,i=2
Variable Delete,method=Main#dfs:38 <name=node1,type=int (id=7),value=<?>,index=10>
Variable Delete,method=Main#dfs:38 <name=node2,type=int (id=7),value=<?>,index=11>
Variable Delete,method=Main#dfs:38 <name=cost,type=int (id=7),value=<?>,index=12>
Variable Delete,method=Main#dfs:38 <name=next_station,type=int (id=7),value=<?>,index=13>
Variable Delete,method=Main#dfs:38 <name=ret,type=int (id=7),value=<?>,index=14>
Variable Write,context=Main#dfs:38,node1=1
Variable Write,context=Main#dfs:38,node2=4
Variable Write,context=Main#dfs:38,cost=81
Variable Write,context=Main#dfs:38,next_station=-1
Variable Write,context=Main#dfs:38,next_station=4
Method Call,caller=Main#dfs:38,target=Main#dfs:40
Variable Write,context=Main#dfs:40,next=int[][]:1
Variable Write,context=Main#dfs:40,adj_list=int[][]:3
Variable Write,context=Main#dfs:40,nl=10
Variable Write,context=Main#dfs:40,bit=5
Variable Write,context=Main#dfs:40,cur_station=4
Variable Write,context=Main#dfs:40,ns=10
Variable Write,context=Main#dfs:40,max_next_path=2147483647
Variable Write,context=Main#dfs:40,max_next_station=2147483647
Variable Write,context=Main#dfs:40,max_cost=0
Variable Write,context=Main#dfs:40,i=0
Variable Write,context=Main#dfs:40,i=1
Variable Write,context=Main#dfs:40,node1=1
Variable Write,context=Main#dfs:40,node2=2
Variable Write,context=Main#dfs:40,cost=25
Variable Write,context=Main#dfs:40,next_station=-1
Variable Write,context=Main#dfs:40,i=2
Variable Delete,method=Main#dfs:40 <name=node1,type=int (id=7),value=<?>,index=10>
Variable Delete,method=Main#dfs:40 <name=node2,type=int (id=7),value=<?>,index=11>
Variable Delete,method=Main#dfs:40 <name=cost,type=int (id=7),value=<?>,index=12>
Variable Delete,method=Main#dfs:40 <name=next_station,type=int (id=7),value=<?>,index=13>
Variable Write,context=Main#dfs:40,i=3
Variable Write,context=Main#dfs:40,node1=1
Variable Write,context=Main#dfs:40,node2=5
Variable Write,context=Main#dfs:40,cost=82
Variable Write,context=Main#dfs:40,next_station=-1
Variable Write,context=Main#dfs:40,i=4
Variable Delete,method=Main#dfs:40 <name=node1,type=int (id=7),value=<?>,index=10>
Variable Delete,method=Main#dfs:40 <name=node2,type=int (id=7),value=<?>,index=11>
Variable Delete,method=Main#dfs:40 <name=cost,type=int (id=7),value=<?>,index=12>
Variable Delete,method=Main#dfs:40 <name=next_station,type=int (id=7),value=<?>,index=13>
Variable Write,context=Main#dfs:40,node1=3
Variable Write,context=Main#dfs:40,node2=4
Variable Write,context=Main#dfs:40,cost=58
Variable Write,context=Main#dfs:40,next_station=-1
Variable Write,context=Main#dfs:40,next_station=3
Method Call,caller=Main#dfs:40,target=Main#dfs:41
Variable Write,context=Main#dfs:41,next=int[][]:1
Variable Write,context=Main#dfs:41,adj_list=int[][]:3
Variable Write,context=Main#dfs:41,nl=10
Variable Write,context=Main#dfs:41,bit=21
Variable Write,context=Main#dfs:41,cur_station=3
Variable Write,context=Main#dfs:41,ns=10
Variable Write,context=Main#dfs:41,max_next_path=2147483647
Variable Write,context=Main#dfs:41,max_next_station=2147483647
Variable Write,context=Main#dfs:41,max_cost=0
Variable Write,context=Main#dfs:41,i=0
Variable Write,context=Main#dfs:41,i=1
Variable Write,context=Main#dfs:41,node1=1
Variable Write,context=Main#dfs:41,node2=2
Variable Write,context=Main#dfs:41,cost=25
Variable Write,context=Main#dfs:41,next_station=-1
Variable Write,context=Main#dfs:41,i=2
Variable Delete,method=Main#dfs:41 <name=node1,type=int (id=7),value=<?>,index=10>
Variable Delete,method=Main#dfs:41 <name=node2,type=int (id=7),value=<?>,index=11>
Variable Delete,method=Main#dfs:41 <name=cost,type=int (id=7),value=<?>,index=12>
Variable Delete,method=Main#dfs:41 <name=next_station,type=int (id=7),value=<?>,index=13>
Variable Write,context=Main#dfs:41,i=3
Variable Write,context=Main#dfs:41,node1=1
Variable Write,context=Main#dfs:41,node2=5
Variable Write,context=Main#dfs:41,cost=82
Variable Write,context=Main#dfs:41,next_station=-1
Variable Write,context=Main#dfs:41,i=4
Variable Delete,method=Main#dfs:41 <name=node1,type=int (id=7),value=<?>,index=10>
Variable Delete,method=Main#dfs:41 <name=node2,type=int (id=7),value=<?>,index=11>
Variable Delete,method=Main#dfs:41 <name=cost,type=int (id=7),value=<?>,index=12>
Variable Delete,method=Main#dfs:41 <name=next_station,type=int (id=7),value=<?>,index=13>
Variable Write,context=Main#dfs:41,i=5
Variable Write,context=Main#dfs:41,node1=4
Variable Write,context=Main#dfs:41,node2=8
Variable Write,context=Main#dfs:41,cost=68
Variable Write,context=Main#dfs:41,next_station=-1
Variable Write,context=Main#dfs:41,i=6
Variable Delete,method=Main#dfs:41 <name=node1,type=int (id=7),value=<?>,index=10>
Variable Delete,method=Main#dfs:41 <name=node2,type=int (id=7),value=<?>,index=11>
Variable Delete,method=Main#dfs:41 <name=cost,type=int (id=7),value=<?>,index=12>
Variable Delete,method=Main#dfs:41 <name=next_station,type=int (id=7),value=<?>,index=13>
Variable Write,context=Main#dfs:41,node1=5
Variable Write,context=Main#dfs:41,node2=6
Variable Write,context=Main#dfs:41,cost=80
Variable Write,context=Main#dfs:41,next_station=-1
Variable Write,context=Main#dfs:41,i=7
Variable Delete,method=Main#dfs:41 <name=node1,type=int (id=7),value=<?>,index=10>
Variable Delete,method=Main#dfs:41 <name=node2,type=int (id=7),value=<?>,index=11>
Variable Delete,method=Main#dfs:41 <name=cost,type=int (id=7),value=<?>,index=12>
Variable Delete,method=Main#dfs:41 <name=next_station,type=int (id=7),value=<?>,index=13>
Variable Write,context=Main#dfs:41,node1=5
Variable Write,context=Main#dfs:41,node2=8
Variable Write,context=Main#dfs:41,cost=67
Variable Write,context=Main#dfs:41,next_station=-1
Variable Write,context=Main#dfs:41,i=8
Variable Delete,method=Main#dfs:41 <name=node1,type=int (id=7),value=<?>,index=10>
Variable Delete,method=Main#dfs:41 <name=node2,type=int (id=7),value=<?>,index=11>
Variable Delete,method=Main#dfs:41 <name=cost,type=int (id=7),value=<?>,index=12>
Variable Delete,method=Main#dfs:41 <name=next_station,type=int (id=7),value=<?>,index=13>
Variable Write,context=Main#dfs:41,node1=7
Variable Write,context=Main#dfs:41,node2=8
Variable Write,context=Main#dfs:41,cost=44
Variable Write,context=Main#dfs:41,next_station=-1
Variable Write,context=Main#dfs:41,i=9
Variable Delete,method=Main#dfs:41 <name=node1,type=int (id=7),value=<?>,index=10>
Variable Delete,method=Main#dfs:41 <name=node2,type=int (id=7),value=<?>,index=11>
Variable Delete,method=Main#dfs:41 <name=cost,type=int (id=7),value=<?>,index=12>
Variable Delete,method=Main#dfs:41 <name=next_station,type=int (id=7),value=<?>,index=13>
Variable Write,context=Main#dfs:41,node1=8
Variable Write,context=Main#dfs:41,node2=9
Variable Write,context=Main#dfs:41,cost=21
Variable Write,context=Main#dfs:41,next_station=-1
Variable Delete,method=Main#dfs:41 <name=node1,type=int (id=7),value=<?>,index=10>
Variable Delete,method=Main#dfs:41 <name=node2,type=int (id=7),value=<?>,index=11>
Variable Delete,method=Main#dfs:41 <name=cost,type=int (id=7),value=<?>,index=12>
Variable Delete,method=Main#dfs:41 <name=next_station,type=int (id=7),value=<?>,index=13>
Variable Delete,method=Main#dfs:41 <name=i,type=int (id=7),value=<?>,index=9>
Variable Write,context=Main#dfs:41,result=0
Method Exit,returner=Main#dfs:41,value=0
Variable Write,context=Main#dfs:40,ret=58
Variable Write,context=Main#dfs:40,max_next_path=4
Variable Write,context=Main#dfs:40,max_cost=58
Variable Write,context=Main#dfs:40,max_next_station=3
Variable Write,context=Main#dfs:40,i=5
Variable Delete,method=Main#dfs:40 <name=node1,type=int (id=7),value=<?>,index=10>
Variable Delete,method=Main#dfs:40 <name=node2,type=int (id=7),value=<?>,index=11>
Variable Delete,method=Main#dfs:40 <name=cost,type=int (id=7),value=<?>,index=12>
Variable Delete,method=Main#dfs:40 <name=next_station,type=int (id=7),value=<?>,index=13>
Variable Delete,method=Main#dfs:40 <name=ret,type=int (id=7),value=<?>,index=14>
Variable Write,context=Main#dfs:40,node1=4
Variable Write,context=Main#dfs:40,node2=8
Variable Write,context=Main#dfs:40,cost=68
Variable Write,context=Main#dfs:40,next_station=-1
Variable Write,context=Main#dfs:40,next_station=8
Method Call,caller=Main#dfs:40,target=Main#dfs:42
Variable Write,context=Main#dfs:42,next=int[][]:1
Variable Write,context=Main#dfs:42,adj_list=int[][]:3
Variable Write,context=Main#dfs:42,nl=10
Variable Write,context=Main#dfs:42,bit=37
Variable Write,context=Main#dfs:42,cur_station=8
Variable Write,context=Main#dfs:42,ns=10
Variable Write,context=Main#dfs:42,max_next_path=2147483647
Variable Write,context=Main#dfs:42,max_next_station=2147483647
Variable Write,context=Main#dfs:42,max_cost=0
Variable Write,context=Main#dfs:42,i=0
Variable Write,context=Main#dfs:42,i=1
Variable Write,context=Main#dfs:42,node1=1
Variable Write,context=Main#dfs:42,node2=2
Variable Write,context=Main#dfs:42,cost=25
Variable Write,context=Main#dfs:42,next_station=-1
Variable Write,context=Main#dfs:42,i=2
Variable Delete,method=Main#dfs:42 <name=node1,type=int (id=7),value=<?>,index=10>
Variable Delete,method=Main#dfs:42 <name=node2,type=int (id=7),value=<?>,index=11>
Variable Delete,method=Main#dfs:42 <name=cost,type=int (id=7),value=<?>,index=12>
Variable Delete,method=Main#dfs:42 <name=next_station,type=int (id=7),value=<?>,index=13>
Variable Write,context=Main#dfs:42,i=3
Variable Write,context=Main#dfs:42,node1=1
Variable Write,context=Main#dfs:42,node2=5
Variable Write,context=Main#dfs:42,cost=82
Variable Write,context=Main#dfs:42,next_station=-1
Variable Write,context=Main#dfs:42,i=4
Variable Delete,method=Main#dfs:42 <name=node1,type=int (id=7),value=<?>,index=10>
Variable Delete,method=Main#dfs:42 <name=node2,type=int (id=7),value=<?>,index=11>
Variable Delete,method=Main#dfs:42 <name=cost,type=int (id=7),value=<?>,index=12>
Variable Delete,method=Main#dfs:42 <name=next_station,type=int (id=7),value=<?>,index=13>
Variable Write,context=Main#dfs:42,node1=3
Variable Write,context=Main#dfs:42,node2=4
Variable Write,context=Main#dfs:42,cost=58
Variable Write,context=Main#dfs:42,next_station=-1
Variable Write,context=Main#dfs:42,i=5
Variable Delete,method=Main#dfs:42 <name=node1,type=int (id=7),value=<?>,index=10>
Variable Delete,method=Main#dfs:42 <name=node2,type=int (id=7),value=<?>,index=11>
Variable Delete,method=Main#dfs:42 <name=cost,type=int (id=7),value=<?>,index=12>
Variable Delete,method=Main#dfs:42 <name=next_station,type=int (id=7),value=<?>,index=13>
Variable Write,context=Main#dfs:42,i=6
Variable Write,context=Main#dfs:42,node1=5
Variable Write,context=Main#dfs:42,node2=6
Variable Write,context=Main#dfs:42,cost=80
Variable Write,context=Main#dfs:42,next_station=-1
Variable Write,context=Main#dfs:42,i=7
Variable Delete,method=Main#dfs:42 <name=node1,type=int (id=7),value=<?>,index=10>
Variable Delete,method=Main#dfs:42 <name=node2,type=int (id=7),value=<?>,index=11>
Variable Delete,method=Main#dfs:42 <name=cost,type=int (id=7),value=<?>,index=12>
Variable Delete,method=Main#dfs:42 <name=next_station,type=int (id=7),value=<?>,index=13>
Variable Write,context=Main#dfs:42,node1=5
Variable Write,context=Main#dfs:42,node2=8
Variable Write,context=Main#dfs:42,cost=67
Variable Write,context=Main#dfs:42,next_station=-1
Variable Write,context=Main#dfs:42,next_station=5
Method Call,caller=Main#dfs:42,target=Main#dfs:43
Variable Write,context=Main#dfs:43,next=int[][]:1
Variable Write,context=Main#dfs:43,adj_list=int[][]:3
Variable Write,context=Main#dfs:43,nl=10
Variable Write,context=Main#dfs:43,bit=165
Variable Write,context=Main#dfs:43,cur_station=5
Variable Write,context=Main#dfs:43,ns=10
Variable Write,context=Main#dfs:43,max_next_path=2147483647
Variable Write,context=Main#dfs:43,max_next_station=2147483647
Variable Write,context=Main#dfs:43,max_cost=0
Variable Write,context=Main#dfs:43,i=0
Variable Write,context=Main#dfs:43,i=1
Variable Write,context=Main#dfs:43,node1=1
Variable Write,context=Main#dfs:43,node2=2
Variable Write,context=Main#dfs:43,cost=25
Variable Write,context=Main#dfs:43,next_station=-1
Variable Write,context=Main#dfs:43,i=2
Variable Delete,method=Main#dfs:43 <name=node1,type=int (id=7),value=<?>,index=10>
Variable Delete,method=Main#dfs:43 <name=node2,type=int (id=7),value=<?>,index=11>
Variable Delete,method=Main#dfs:43 <name=cost,type=int (id=7),value=<?>,index=12>
Variable Delete,method=Main#dfs:43 <name=next_station,type=int (id=7),value=<?>,index=13>
Variable Write,context=Main#dfs:43,i=3
Variable Write,context=Main#dfs:43,node1=1
Variable Write,context=Main#dfs:43,node2=5
Variable Write,context=Main#dfs:43,cost=82
Variable Write,context=Main#dfs:43,next_station=-1
Variable Write,context=Main#dfs:43,next_station=1
Method Call,caller=Main#dfs:43,target=Main#dfs:44
Variable Write,context=Main#dfs:44,next=int[][]:1
Variable Write,context=Main#dfs:44,adj_list=int[][]:3
Variable Write,context=Main#dfs:44,nl=10
Variable Write,context=Main#dfs:44,bit=173
Variable Write,context=Main#dfs:44,cur_station=1
Variable Write,context=Main#dfs:44,ns=10
Variable Write,context=Main#dfs:44,max_next_path=2147483647
Variable Write,context=Main#dfs:44,max_next_station=2147483647
Variable Write,context=Main#dfs:44,max_cost=0
Variable Write,context=Main#dfs:44,i=0
Variable Write,context=Main#dfs:44,i=1
Variable Write,context=Main#dfs:44,node1=1
Variable Write,context=Main#dfs:44,node2=2
Variable Write,context=Main#dfs:44,cost=25
Variable Write,context=Main#dfs:44,next_station=-1
Variable Write,context=Main#dfs:44,next_station=2
Method Call,caller=Main#dfs:44,target=Main#dfs:45
Variable Write,context=Main#dfs:45,next=int[][]:1
Variable Write,context=Main#dfs:45,adj_list=int[][]:3
Variable Write,context=Main#dfs:45,nl=10
Variable Write,context=Main#dfs:45,bit=175
Variable Write,context=Main#dfs:45,cur_station=2
Variable Write,context=Main#dfs:45,ns=10
Variable Write,context=Main#dfs:45,max_next_path=2147483647
Variable Write,context=Main#dfs:45,max_next_station=2147483647
Variable Write,context=Main#dfs:45,max_cost=0
Variable Write,context=Main#dfs:45,i=0
Variable Write,context=Main#dfs:45,i=1
Variable Write,context=Main#dfs:45,i=2
Variable Write,context=Main#dfs:45,i=3
Variable Write,context=Main#dfs:45,i=4
Variable Write,context=Main#dfs:45,node1=3
Variable Write,context=Main#dfs:45,node2=4
Variable Write,context=Main#dfs:45,cost=58
Variable Write,context=Main#dfs:45,next_station=-1
Variable Write,context=Main#dfs:45,i=5
Variable Delete,method=Main#dfs:45 <name=node1,type=int (id=7),value=<?>,index=10>
Variable Delete,method=Main#dfs:45 <name=node2,type=int (id=7),value=<?>,index=11>
Variable Delete,method=Main#dfs:45 <name=cost,type=int (id=7),value=<?>,index=12>
Variable Delete,method=Main#dfs:45 <name=next_station,type=int (id=7),value=<?>,index=13>
Variable Write,context=Main#dfs:45,i=6
Variable Write,context=Main#dfs:45,node1=5
Variable Write,context=Main#dfs:45,node2=6
Variable Write,context=Main#dfs:45,cost=80
Variable Write,context=Main#dfs:45,next_station=-1
Variable Write,context=Main#dfs:45,i=7
Variable Delete,method=Main#dfs:45 <name=node1,type=int (id=7),value=<?>,index=10>
Variable Delete,method=Main#dfs:45 <name=node2,type=int (id=7),value=<?>,index=11>
Variable Delete,method=Main#dfs:45 <name=cost,type=int (id=7),value=<?>,index=12>
Variable Delete,method=Main#dfs:45 <name=next_station,type=int (id=7),value=<?>,index=13>
Variable Write,context=Main#dfs:45,i=8
Variable Write,context=Main#dfs:45,node1=7
Variable Write,context=Main#dfs:45,node2=8
Variable Write,context=Main#dfs:45,cost=44
Variable Write,context=Main#dfs:45,next_station=-1
Variable Write,context=Main#dfs:45,i=9
Variable Delete,method=Main#dfs:45 <name=node1,type=int (id=7),value=<?>,index=10>
Variable Delete,method=Main#dfs:45 <name=node2,type=int (id=7),value=<?>,index=11>
Variable Delete,method=Main#dfs:45 <name=cost,type=int (id=7),value=<?>,index=12>
Variable Delete,method=Main#dfs:45 <name=next_station,type=int (id=7),value=<?>,index=13>
Variable Write,context=Main#dfs:45,node1=8
Variable Write,context=Main#dfs:45,node2=9
Variable Write,context=Main#dfs:45,cost=21
Variable Write,context=Main#dfs:45,next_station=-1
Variable Delete,method=Main#dfs:45 <name=node1,type=int (id=7),value=<?>,index=10>
Variable Delete,method=Main#dfs:45 <name=node2,type=int (id=7),value=<?>,index=11>
Variable Delete,method=Main#dfs:45 <name=cost,type=int (id=7),value=<?>,index=12>
Variable Delete,method=Main#dfs:45 <name=next_station,type=int (id=7),value=<?>,index=13>
Variable Delete,method=Main#dfs:45 <name=i,type=int (id=7),value=<?>,index=9>
Variable Write,context=Main#dfs:45,result=0
Method Exit,returner=Main#dfs:45,value=0
Variable Write,context=Main#dfs:44,ret=25
Variable Write,context=Main#dfs:44,max_next_path=1
Variable Write,context=Main#dfs:44,max_cost=25
Variable Write,context=Main#dfs:44,max_next_station=2
Variable Write,context=Main#dfs:44,i=2
Variable Delete,method=Main#dfs:44 <name=node1,type=int (id=7),value=<?>,index=10>
Variable Delete,method=Main#dfs:44 <name=node2,type=int (id=7),value=<?>,index=11>
Variable Delete,method=Main#dfs:44 <name=cost,type=int (id=7),value=<?>,index=12>
Variable Delete,method=Main#dfs:44 <name=next_station,type=int (id=7),value=<?>,index=13>
Variable Delete,method=Main#dfs:44 <name=ret,type=int (id=7),value=<?>,index=14>
Variable Write,context=Main#dfs:44,i=3
Variable Write,context=Main#dfs:44,i=4
Variable Write,context=Main#dfs:44,node1=3
Variable Write,context=Main#dfs:44,node2=4
Variable Write,context=Main#dfs:44,cost=58
Variable Write,context=Main#dfs:44,next_station=-1
Variable Write,context=Main#dfs:44,i=5
Variable Delete,method=Main#dfs:44 <name=node1,type=int (id=7),value=<?>,index=10>
Variable Delete,method=Main#dfs:44 <name=node2,type=int (id=7),value=<?>,index=11>
Variable Delete,method=Main#dfs:44 <name=cost,type=int (id=7),value=<?>,index=12>
Variable Delete,method=Main#dfs:44 <name=next_station,type=int (id=7),value=<?>,index=13>
Variable Write,context=Main#dfs:44,i=6
Variable Write,context=Main#dfs:44,node1=5
Variable Write,context=Main#dfs:44,node2=6
Variable Write,context=Main#dfs:44,cost=80
Variable Write,context=Main#dfs:44,next_station=-1
Variable Write,context=Main#dfs:44,i=7
Variable Delete,method=Main#dfs:44 <name=node1,type=int (id=7),value=<?>,index=10>
Variable Delete,method=Main#dfs:44 <name=node2,type=int (id=7),value=<?>,index=11>
Variable Delete,method=Main#dfs:44 <name=cost,type=int (id=7),value=<?>,index=12>
Variable Delete,method=Main#dfs:44 <name=next_station,type=int (id=7),value=<?>,index=13>
Variable Write,context=Main#dfs:44,i=8
Variable Write,context=Main#dfs:44,node1=7
Variable Write,context=Main#dfs:44,node2=8
Variable Write,context=Main#dfs:44,cost=44
Variable Write,context=Main#dfs:44,next_station=-1
Variable Write,context=Main#dfs:44,i=9
Variable Delete,method=Main#dfs:44 <name=node1,type=int (id=7),value=<?>,index=10>
Variable Delete,method=Main#dfs:44 <name=node2,type=int (id=7),value=<?>,index=11>
Variable Delete,method=Main#dfs:44 <name=cost,type=int (id=7),value=<?>,index=12>
Variable Delete,method=Main#dfs:44 <name=next_station,type=int (id=7),value=<?>,index=13>
Variable Write,context=Main#dfs:44,node1=8
Variable Write,context=Main#dfs:44,node2=9
Variable Write,context=Main#dfs:44,cost=21
Variable Write,context=Main#dfs:44,next_station=-1
Variable Delete,method=Main#dfs:44 <name=node1,type=int (id=7),value=<?>,index=10>
Variable Delete,method=Main#dfs:44 <name=node2,type=int (id=7),value=<?>,index=11>
Variable Delete,method=Main#dfs:44 <name=cost,type=int (id=7),value=<?>,index=12>
Variable Delete,method=Main#dfs:44 <name=next_station,type=int (id=7),value=<?>,index=13>
Variable Delete,method=Main#dfs:44 <name=i,type=int (id=7),value=<?>,index=9>
Variable Write,context=Main#dfs:44,next=int[][]:1
Variable Write,context=Main#dfs:44,result=25
Method Exit,returner=Main#dfs:44,value=25
Variable Write,context=Main#dfs:43,ret=107
Variable Write,context=Main#dfs:43,max_next_path=3
Variable Write,context=Main#dfs:43,max_cost=107
Variable Write,context=Main#dfs:43,max_next_station=1
Variable Write,context=Main#dfs:43,i=4
Variable Delete,method=Main#dfs:43 <name=node1,type=int (id=7),value=<?>,index=10>
Variable Delete,method=Main#dfs:43 <name=node2,type=int (id=7),value=<?>,index=11>
Variable Delete,method=Main#dfs:43 <name=cost,type=int (id=7),value=<?>,index=12>
Variable Delete,method=Main#dfs:43 <name=next_station,type=int (id=7),value=<?>,index=13>
Variable Delete,method=Main#dfs:43 <name=ret,type=int (id=7),value=<?>,index=14>
Variable Write,context=Main#dfs:43,node1=3
Variable Write,context=Main#dfs:43,node2=4
Variable Write,context=Main#dfs:43,cost=58
Variable Write,context=Main#dfs:43,next_station=-1
Variable Write,context=Main#dfs:43,i=5
Variable Delete,method=Main#dfs:43 <name=node1,type=int (id=7),value=<?>,index=10>
Variable Delete,method=Main#dfs:43 <name=node2,type=int (id=7),value=<?>,index=11>
Variable Delete,method=Main#dfs:43 <name=cost,type=int (id=7),value=<?>,index=12>
Variable Delete,method=Main#dfs:43 <name=next_station,type=int (id=7),value=<?>,index=13>
Variable Write,context=Main#dfs:43,i=6
Variable Write,context=Main#dfs:43,node1=5
Variable Write,context=Main#dfs:43,node2=6
Variable Write,context=Main#dfs:43,cost=80
Variable Write,context=Main#dfs:43,next_station=-1
Variable Write,context=Main#dfs:43,next_station=6
Method Call,caller=Main#dfs:43,target=Main#dfs:46
Variable Write,context=Main#dfs:46,next=int[][]:1
Variable Write,context=Main#dfs:46,adj_list=int[][]:3
Variable Write,context=Main#dfs:46,nl=10
Variable Write,context=Main#dfs:46,bit=229
Variable Write,context=Main#dfs:46,cur_station=6
Variable Write,context=Main#dfs:46,ns=10
Variable Write,context=Main#dfs:46,max_next_path=2147483647
Variable Write,context=Main#dfs:46,max_next_station=2147483647
Variable Write,context=Main#dfs:46,max_cost=0
Variable Write,context=Main#dfs:46,i=0
Variable Write,context=Main#dfs:46,i=1
Variable Write,context=Main#dfs:46,node1=1
Variable Write,context=Main#dfs:46,node2=2
Variable Write,context=Main#dfs:46,cost=25
Variable Write,context=Main#dfs:46,next_station=-1
Variable Write,context=Main#dfs:46,i=2
Variable Delete,method=Main#dfs:46 <name=node1,type=int (id=7),value=<?>,index=10>
Variable Delete,method=Main#dfs:46 <name=node2,type=int (id=7),value=<?>,index=11>
Variable Delete,method=Main#dfs:46 <name=cost,type=int (id=7),value=<?>,index=12>
Variable Delete,method=Main#dfs:46 <name=next_station,type=int (id=7),value=<?>,index=13>
Variable Write,context=Main#dfs:46,i=3
Variable Write,context=Main#dfs:46,node1=1
Variable Write,context=Main#dfs:46,node2=5
Variable Write,context=Main#dfs:46,cost=82
Variable Write,context=Main#dfs:46,next_station=-1
Variable Write,context=Main#dfs:46,i=4
Variable Delete,method=Main#dfs:46 <name=node1,type=int (id=7),value=<?>,index=10>
Variable Delete,method=Main#dfs:46 <name=node2,type=int (id=7),value=<?>,index=11>
Variable Delete,method=Main#dfs:46 <name=cost,type=int (id=7),value=<?>,index=12>
Variable Delete,method=Main#dfs:46 <name=next_station,type=int (id=7),value=<?>,index=13>
Variable Write,context=Main#dfs:46,node1=3
Variable Write,context=Main#dfs:46,node2=4
Variable Write,context=Main#dfs:46,cost=58
Variable Write,context=Main#dfs:46,next_station=-1
Variable Write,context=Main#dfs:46,i=5
Variable Delete,method=Main#dfs:46 <name=node1,type=int (id=7),value=<?>,index=10>
Variable Delete,method=Main#dfs:46 <name=node2,type=int (id=7),value=<?>,index=11>
Variable Delete,method=Main#dfs:46 <name=cost,type=int (id=7),value=<?>,index=12>
Variable Delete,method=Main#dfs:46 <name=next_station,type=int (id=7),value=<?>,index=13>
Variable Write,context=Main#dfs:46,i=6
Variable Write,context=Main#dfs:46,i=7
Variable Write,context=Main#dfs:46,i=8
Variable Write,context=Main#dfs:46,node1=7
Variable Write,context=Main#dfs:46,node2=8
Variable Write,context=Main#dfs:46,cost=44
Variable Write,context=Main#dfs:46,next_station=-1
Variable Write,context=Main#dfs:46,i=9
Variable Delete,method=Main#dfs:46 <name=node1,type=int (id=7),value=<?>,index=10>
Variable Delete,method=Main#dfs:46 <name=node2,type=int (id=7),value=<?>,index=11>
Variable Delete,method=Main#dfs:46 <name=cost,type=int (id=7),value=<?>,index=12>
Variable Delete,method=Main#dfs:46 <name=next_station,type=int (id=7),value=<?>,index=13>
Variable Write,context=Main#dfs:46,node1=8
Variable Write,context=Main#dfs:46,node2=9
Variable Write,context=Main#dfs:46,cost=21
Variable Write,context=Main#dfs:46,next_station=-1
Variable Delete,method=Main#dfs:46 <name=node1,type=int (id=7),value=<?>,index=10>
Variable Delete,method=Main#dfs:46 <name=node2,type=int (id=7),value=<?>,index=11>
Variable Delete,method=Main#dfs:46 <name=cost,type=int (id=7),value=<?>,index=12>
Variable Delete,method=Main#dfs:46 <name=next_station,type=int (id=7),value=<?>,index=13>
Variable Delete,method=Main#dfs:46 <name=i,type=int (id=7),value=<?>,index=9>
Variable Write,context=Main#dfs:46,result=0
Method Exit,returner=Main#dfs:46,value=0
Variable Write,context=Main#dfs:43,ret=80
Variable Write,context=Main#dfs:43,i=7
Variable Delete,method=Main#dfs:43 <name=node1,type=int (id=7),value=<?>,index=10>
Variable Delete,method=Main#dfs:43 <name=node2,type=int (id=7),value=<?>,index=11>
Variable Delete,method=Main#dfs:43 <name=cost,type=int (id=7),value=<?>,index=12>
Variable Delete,method=Main#dfs:43 <name=next_station,type=int (id=7),value=<?>,index=13>
Variable Delete,method=Main#dfs:43 <name=ret,type=int (id=7),value=<?>,index=14>
Variable Write,context=Main#dfs:43,i=8
Variable Write,context=Main#dfs:43,node1=7
Variable Write,context=Main#dfs:43,node2=8
Variable Write,context=Main#dfs:43,cost=44
Variable Write,context=Main#dfs:43,next_station=-1
Variable Write,context=Main#dfs:43,i=9
Variable Delete,method=Main#dfs:43 <name=node1,type=int (id=7),value=<?>,index=10>
Variable Delete,method=Main#dfs:43 <name=node2,type=int (id=7),value=<?>,index=11>
Variable Delete,method=Main#dfs:43 <name=cost,type=int (id=7),value=<?>,index=12>
Variable Delete,method=Main#dfs:43 <name=next_station,type=int (id=7),value=<?>,index=13>
Variable Write,context=Main#dfs:43,node1=8
Variable Write,context=Main#dfs:43,node2=9
Variable Write,context=Main#dfs:43,cost=21
Variable Write,context=Main#dfs:43,next_station=-1
Variable Delete,method=Main#dfs:43 <name=node1,type=int (id=7),value=<?>,index=10>
Variable Delete,method=Main#dfs:43 <name=node2,type=int (id=7),value=<?>,index=11>
Variable Delete,method=Main#dfs:43 <name=cost,type=int (id=7),value=<?>,index=12>
Variable Delete,method=Main#dfs:43 <name=next_station,type=int (id=7),value=<?>,index=13>
Variable Delete,method=Main#dfs:43 <name=i,type=int (id=7),value=<?>,index=9>
Variable Write,context=Main#dfs:43,next=int[][]:1
Variable Write,context=Main#dfs:43,result=107
Method Exit,returner=Main#dfs:43,value=107
Variable Write,context=Main#dfs:42,ret=174
Variable Write,context=Main#dfs:42,max_next_path=7
Variable Write,context=Main#dfs:42,max_cost=174
Variable Write,context=Main#dfs:42,max_next_station=5
Variable Write,context=Main#dfs:42,i=8
Variable Delete,method=Main#dfs:42 <name=node1,type=int (id=7),value=<?>,index=10>
Variable Delete,method=Main#dfs:42 <name=node2,type=int (id=7),value=<?>,index=11>
Variable Delete,method=Main#dfs:42 <name=cost,type=int (id=7),value=<?>,index=12>
Variable Delete,method=Main#dfs:42 <name=next_station,type=int (id=7),value=<?>,index=13>
Variable Delete,method=Main#dfs:42 <name=ret,type=int (id=7),value=<?>,index=14>
Variable Write,context=Main#dfs:42,node1=7
Variable Write,context=Main#dfs:42,node2=8
Variable Write,context=Main#dfs:42,cost=44
Variable Write,context=Main#dfs:42,next_station=-1
Variable Write,context=Main#dfs:42,next_station=7
Method Call,caller=Main#dfs:42,target=Main#dfs:47
Variable Write,context=Main#dfs:47,next=int[][]:1
Variable Write,context=Main#dfs:47,adj_list=int[][]:3
Variable Write,context=Main#dfs:47,nl=10
Variable Write,context=Main#dfs:47,bit=293
Variable Write,context=Main#dfs:47,cur_station=7
Variable Write,context=Main#dfs:47,ns=10
Variable Write,context=Main#dfs:47,max_next_path=2147483647
Variable Write,context=Main#dfs:47,max_next_station=2147483647
Variable Write,context=Main#dfs:47,max_cost=0
Variable Write,context=Main#dfs:47,i=0
Variable Write,context=Main#dfs:47,i=1
Variable Write,context=Main#dfs:47,node1=1
Variable Write,context=Main#dfs:47,node2=2
Variable Write,context=Main#dfs:47,cost=25
Variable Write,context=Main#dfs:47,next_station=-1
Variable Write,context=Main#dfs:47,i=2
Variable Delete,method=Main#dfs:47 <name=node1,type=int (id=7),value=<?>,index=10>
Variable Delete,method=Main#dfs:47 <name=node2,type=int (id=7),value=<?>,index=11>
Variable Delete,method=Main#dfs:47 <name=cost,type=int (id=7),value=<?>,index=12>
Variable Delete,method=Main#dfs:47 <name=next_station,type=int (id=7),value=<?>,index=13>
Variable Write,context=Main#dfs:47,i=3
Variable Write,context=Main#dfs:47,node1=1
Variable Write,context=Main#dfs:47,node2=5
Variable Write,context=Main#dfs:47,cost=82
Variable Write,context=Main#dfs:47,next_station=-1
Variable Write,context=Main#dfs:47,i=4
Variable Delete,method=Main#dfs:47 <name=node1,type=int (id=7),value=<?>,index=10>
Variable Delete,method=Main#dfs:47 <name=node2,type=int (id=7),value=<?>,index=11>
Variable Delete,method=Main#dfs:47 <name=cost,type=int (id=7),value=<?>,index=12>
Variable Delete,method=Main#dfs:47 <name=next_station,type=int (id=7),value=<?>,index=13>
Variable Write,context=Main#dfs:47,node1=3
Variable Write,context=Main#dfs:47,node2=4
Variable Write,context=Main#dfs:47,cost=58
Variable Write,context=Main#dfs:47,next_station=-1
Variable Write,context=Main#dfs:47,i=5
Variable Delete,method=Main#dfs:47 <name=node1,type=int (id=7),value=<?>,index=10>
Variable Delete,method=Main#dfs:47 <name=node2,type=int (id=7),value=<?>,index=11>
Variable Delete,method=Main#dfs:47 <name=cost,type=int (id=7),value=<?>,index=12>
Variable Delete,method=Main#dfs:47 <name=next_station,type=int (id=7),value=<?>,index=13>
Variable Write,context=Main#dfs:47,i=6
Variable Write,context=Main#dfs:47,node1=5
Variable Write,context=Main#dfs:47,node2=6
Variable Write,context=Main#dfs:47,cost=80
Variable Write,context=Main#dfs:47,next_station=-1
Variable Write,context=Main#dfs:47,i=7
Variable Delete,method=Main#dfs:47 <name=node1,type=int (id=7),value=<?>,index=10>
Variable Delete,method=Main#dfs:47 <name=node2,type=int (id=7),value=<?>,index=11>
Variable Delete,method=Main#dfs:47 <name=cost,type=int (id=7),value=<?>,index=12>
Variable Delete,method=Main#dfs:47 <name=next_station,type=int (id=7),value=<?>,index=13>
Variable Write,context=Main#dfs:47,node1=5
Variable Write,context=Main#dfs:47,node2=8
Variable Write,context=Main#dfs:47,cost=67
Variable Write,context=Main#dfs:47,next_station=-1
Variable Write,context=Main#dfs:47,i=8
Variable Delete,method=Main#dfs:47 <name=node1,type=int (id=7),value=<?>,index=10>
Variable Delete,method=Main#dfs:47 <name=node2,type=int (id=7),value=<?>,index=11>
Variable Delete,method=Main#dfs:47 <name=cost,type=int (id=7),value=<?>,index=12>
Variable Delete,method=Main#dfs:47 <name=next_station,type=int (id=7),value=<?>,index=13>
Variable Write,context=Main#dfs:47,i=9
Variable Write,context=Main#dfs:47,node1=8
Variable Write,context=Main#dfs:47,node2=9
Variable Write,context=Main#dfs:47,cost=21
Variable Write,context=Main#dfs:47,next_station=-1
Variable Delete,method=Main#dfs:47 <name=node1,type=int (id=7),value=<?>,index=10>
Variable Delete,method=Main#dfs:47 <name=node2,type=int (id=7),value=<?>,index=11>
Variable Delete,method=Main#dfs:47 <name=cost,type=int (id=7),value=<?>,index=12>
Variable Delete,method=Main#dfs:47 <name=next_station,type=int (id=7),value=<?>,index=13>
Variable Delete,method=Main#dfs:47 <name=i,type=int (id=7),value=<?>,index=9>
Variable Write,context=Main#dfs:47,result=0
Method Exit,returner=Main#dfs:47,value=0
Variable Write,context=Main#dfs:42,ret=44
Variable Write,context=Main#dfs:42,i=9
Variable Delete,method=Main#dfs:42 <name=node1,type=int (id=7),value=<?>,index=10>
Variable Delete,method=Main#dfs:42 <name=node2,type=int (id=7),value=<?>,index=11>
Variable Delete,method=Main#dfs:42 <name=cost,type=int (id=7),value=<?>,index=12>
Variable Delete,method=Main#dfs:42 <name=next_station,type=int (id=7),value=<?>,index=13>
Variable Delete,method=Main#dfs:42 <name=ret,type=int (id=7),value=<?>,index=14>
Variable Write,context=Main#dfs:42,node1=8
Variable Write,context=Main#dfs:42,node2=9
Variable Write,context=Main#dfs:42,cost=21
Variable Write,context=Main#dfs:42,next_station=-1
Variable Write,context=Main#dfs:42,next_station=9
Method Call,caller=Main#dfs:42,target=Main#dfs:48
Variable Write,context=Main#dfs:48,next=int[][]:1
Variable Write,context=Main#dfs:48,adj_list=int[][]:3
Variable Write,context=Main#dfs:48,nl=10
Variable Write,context=Main#dfs:48,bit=549
Variable Write,context=Main#dfs:48,cur_station=9
Variable Write,context=Main#dfs:48,ns=10
Variable Write,context=Main#dfs:48,max_next_path=2147483647
Variable Write,context=Main#dfs:48,max_next_station=2147483647
Variable Write,context=Main#dfs:48,max_cost=0
Variable Write,context=Main#dfs:48,i=0
Variable Write,context=Main#dfs:48,i=1
Variable Write,context=Main#dfs:48,node1=1
Variable Write,context=Main#dfs:48,node2=2
Variable Write,context=Main#dfs:48,cost=25
Variable Write,context=Main#dfs:48,next_station=-1
Variable Write,context=Main#dfs:48,i=2
Variable Delete,method=Main#dfs:48 <name=node1,type=int (id=7),value=<?>,index=10>
Variable Delete,method=Main#dfs:48 <name=node2,type=int (id=7),value=<?>,index=11>
Variable Delete,method=Main#dfs:48 <name=cost,type=int (id=7),value=<?>,index=12>
Variable Delete,method=Main#dfs:48 <name=next_station,type=int (id=7),value=<?>,index=13>
Variable Write,context=Main#dfs:48,i=3
Variable Write,context=Main#dfs:48,node1=1
Variable Write,context=Main#dfs:48,node2=5
Variable Write,context=Main#dfs:48,cost=82
Variable Write,context=Main#dfs:48,next_station=-1
Variable Write,context=Main#dfs:48,i=4
Variable Delete,method=Main#dfs:48 <name=node1,type=int (id=7),value=<?>,index=10>
Variable Delete,method=Main#dfs:48 <name=node2,type=int (id=7),value=<?>,index=11>
Variable Delete,method=Main#dfs:48 <name=cost,type=int (id=7),value=<?>,index=12>
Variable Delete,method=Main#dfs:48 <name=next_station,type=int (id=7),value=<?>,index=13>
Variable Write,context=Main#dfs:48,node1=3
Variable Write,context=Main#dfs:48,node2=4
Variable Write,context=Main#dfs:48,cost=58
Variable Write,context=Main#dfs:48,next_station=-1
Variable Write,context=Main#dfs:48,i=5
Variable Delete,method=Main#dfs:48 <name=node1,type=int (id=7),value=<?>,index=10>
Variable Delete,method=Main#dfs:48 <name=node2,type=int (id=7),value=<?>,index=11>
Variable Delete,method=Main#dfs:48 <name=cost,type=int (id=7),value=<?>,index=12>
Variable Delete,method=Main#dfs:48 <name=next_station,type=int (id=7),value=<?>,index=13>
Variable Write,context=Main#dfs:48,i=6
Variable Write,context=Main#dfs:48,node1=5
Variable Write,context=Main#dfs:48,node2=6
Variable Write,context=Main#dfs:48,cost=80
Variable Write,context=Main#dfs:48,next_station=-1
Variable Write,context=Main#dfs:48,i=7
Variable Delete,method=Main#dfs:48 <name=node1,type=int (id=7),value=<?>,index=10>
Variable Delete,method=Main#dfs:48 <name=node2,type=int (id=7),value=<?>,index=11>
Variable Delete,method=Main#dfs:48 <name=cost,type=int (id=7),value=<?>,index=12>
Variable Delete,method=Main#dfs:48 <name=next_station,type=int (id=7),value=<?>,index=13>
Variable Write,context=Main#dfs:48,node1=5
Variable Write,context=Main#dfs:48,node2=8
Variable Write,context=Main#dfs:48,cost=67
Variable Write,context=Main#dfs:48,next_station=-1
Variable Write,context=Main#dfs:48,i=8
Variable Delete,method=Main#dfs:48 <name=node1,type=int (id=7),value=<?>,index=10>
Variable Delete,method=Main#dfs:48 <name=node2,type=int (id=7),value=<?>,index=11>
Variable Delete,method=Main#dfs:48 <name=cost,type=int (id=7),value=<?>,index=12>
Variable Delete,method=Main#dfs:48 <name=next_station,type=int (id=7),value=<?>,index=13>
Variable Write,context=Main#dfs:48,node1=7
Variable Write,context=Main#dfs:48,node2=8
Variable Write,context=Main#dfs:48,cost=44
Variable Write,context=Main#dfs:48,next_station=-1
Variable Write,context=Main#dfs:48,i=9
Variable Delete,method=Main#dfs:48 <name=node1,type=int (id=7),value=<?>,index=10>
Variable Delete,method=Main#dfs:48 <name=node2,type=int (id=7),value=<?>,index=11>
Variable Delete,method=Main#dfs:48 <name=cost,type=int (id=7),value=<?>,index=12>
Variable Delete,method=Main#dfs:48 <name=next_station,type=int (id=7),value=<?>,index=13>
Variable Delete,method=Main#dfs:48 <name=i,type=int (id=7),value=<?>,index=9>
Variable Write,context=Main#dfs:48,result=0
Method Exit,returner=Main#dfs:48,value=0
Variable Write,context=Main#dfs:42,ret=21
Variable Delete,method=Main#dfs:42 <name=node1,type=int (id=7),value=<?>,index=10>
Variable Delete,method=Main#dfs:42 <name=node2,type=int (id=7),value=<?>,index=11>
Variable Delete,method=Main#dfs:42 <name=cost,type=int (id=7),value=<?>,index=12>
Variable Delete,method=Main#dfs:42 <name=next_station,type=int (id=7),value=<?>,index=13>
Variable Delete,method=Main#dfs:42 <name=ret,type=int (id=7),value=<?>,index=14>
Variable Delete,method=Main#dfs:42 <name=i,type=int (id=7),value=<?>,index=9>
Variable Write,context=Main#dfs:42,next=int[][]:1
Variable Write,context=Main#dfs:42,result=174
Method Exit,returner=Main#dfs:42,value=174
Variable Write,context=Main#dfs:40,ret=242
Variable Write,context=Main#dfs:40,max_next_path=5
Variable Write,context=Main#dfs:40,max_cost=242
Variable Write,context=Main#dfs:40,max_next_station=8
Variable Write,context=Main#dfs:40,i=6
Variable Delete,method=Main#dfs:40 <name=node1,type=int (id=7),value=<?>,index=10>
Variable Delete,method=Main#dfs:40 <name=node2,type=int (id=7),value=<?>,index=11>
Variable Delete,method=Main#dfs:40 <name=cost,type=int (id=7),value=<?>,index=12>
Variable Delete,method=Main#dfs:40 <name=next_station,type=int (id=7),value=<?>,index=13>
Variable Delete,method=Main#dfs:40 <name=ret,type=int (id=7),value=<?>,index=14>
Variable Write,context=Main#dfs:40,node1=5
Variable Write,context=Main#dfs:40,node2=6
Variable Write,context=Main#dfs:40,cost=80
Variable Write,context=Main#dfs:40,next_station=-1
Variable Write,context=Main#dfs:40,i=7
Variable Delete,method=Main#dfs:40 <name=node1,type=int (id=7),value=<?>,index=10>
Variable Delete,method=Main#dfs:40 <name=node2,type=int (id=7),value=<?>,index=11>
Variable Delete,method=Main#dfs:40 <name=cost,type=int (id=7),value=<?>,index=12>
Variable Delete,method=Main#dfs:40 <name=next_station,type=int (id=7),value=<?>,index=13>
Variable Write,context=Main#dfs:40,node1=5
Variable Write,context=Main#dfs:40,node2=8
Variable Write,context=Main#dfs:40,cost=67
Variable Write,context=Main#dfs:40,next_station=-1
Variable Write,context=Main#dfs:40,i=8
Variable Delete,method=Main#dfs:40 <name=node1,type=int (id=7),value=<?>,index=10>
Variable Delete,method=Main#dfs:40 <name=node2,type=int (id=7),value=<?>,index=11>
Variable Delete,method=Main#dfs:40 <name=cost,type=int (id=7),value=<?>,index=12>
Variable Delete,method=Main#dfs:40 <name=next_station,type=int (id=7),value=<?>,index=13>
Variable Write,context=Main#dfs:40,node1=7
Variable Write,context=Main#dfs:40,node2=8
Variable Write,context=Main#dfs:40,cost=44
Variable Write,context=Main#dfs:40,next_station=-1
Variable Write,context=Main#dfs:40,i=9
Variable Delete,method=Main#dfs:40 <name=node1,type=int (id=7),value=<?>,index=10>
Variable Delete,method=Main#dfs:40 <name=node2,type=int (id=7),value=<?>,index=11>
Variable Delete,method=Main#dfs:40 <name=cost,type=int (id=7),value=<?>,index=12>
Variable Delete,method=Main#dfs:40 <name=next_station,type=int (id=7),value=<?>,index=13>
Variable Write,context=Main#dfs:40,node1=8
Variable Write,context=Main#dfs:40,node2=9
Variable Write,context=Main#dfs:40,cost=21
Variable Write,context=Main#dfs:40,next_station=-1
Variable Delete,method=Main#dfs:40 <name=node1,type=int (id=7),value=<?>,index=10>
Variable Delete,method=Main#dfs:40 <name=node2,type=int (id=7),value=<?>,index=11>
Variable Delete,method=Main#dfs:40 <name=cost,type=int (id=7),value=<?>,index=12>
Variable Delete,method=Main#dfs:40 <name=next_station,type=int (id=7),value=<?>,index=13>
Variable Delete,method=Main#dfs:40 <name=i,type=int (id=7),value=<?>,index=9>
Variable Write,context=Main#dfs:40,next=int[][]:1
Variable Write,context=Main#dfs:40,result=242
Method Exit,returner=Main#dfs:40,value=242
Variable Write,context=Main#dfs:38,ret=323
Variable Write,context=Main#dfs:38,max_next_path=2
Variable Write,context=Main#dfs:38,max_cost=323
Variable Write,context=Main#dfs:38,max_next_station=4
Variable Write,context=Main#dfs:38,i=3
Variable Delete,method=Main#dfs:38 <name=node1,type=int (id=7),value=<?>,index=10>
Variable Delete,method=Main#dfs:38 <name=node2,type=int (id=7),value=<?>,index=11>
Variable Delete,method=Main#dfs:38 <name=cost,type=int (id=7),value=<?>,index=12>
Variable Delete,method=Main#dfs:38 <name=next_station,type=int (id=7),value=<?>,index=13>
Variable Delete,method=Main#dfs:38 <name=ret,type=int (id=7),value=<?>,index=14>
Variable Write,context=Main#dfs:38,node1=1
Variable Write,context=Main#dfs:38,node2=5
Variable Write,context=Main#dfs:38,cost=82
Variable Write,context=Main#dfs:38,next_station=-1
Variable Write,context=Main#dfs:38,next_station=5
Method Call,caller=Main#dfs:38,target=Main#dfs:49
Variable Write,context=Main#dfs:49,next=int[][]:1
Variable Write,context=Main#dfs:49,adj_list=int[][]:3
Variable Write,context=Main#dfs:49,nl=10
Variable Write,context=Main#dfs:49,bit=9
Variable Write,context=Main#dfs:49,cur_station=5
Variable Write,context=Main#dfs:49,ns=10
Variable Write,context=Main#dfs:49,max_next_path=2147483647
Variable Write,context=Main#dfs:49,max_next_station=2147483647
Variable Write,context=Main#dfs:49,max_cost=0
Variable Write,context=Main#dfs:49,i=0
Variable Write,context=Main#dfs:49,i=1
Variable Write,context=Main#dfs:49,node1=1
Variable Write,context=Main#dfs:49,node2=2
Variable Write,context=Main#dfs:49,cost=25
Variable Write,context=Main#dfs:49,next_station=-1
Variable Write,context=Main#dfs:49,i=2
Variable Delete,method=Main#dfs:49 <name=node1,type=int (id=7),value=<?>,index=10>
Variable Delete,method=Main#dfs:49 <name=node2,type=int (id=7),value=<?>,index=11>
Variable Delete,method=Main#dfs:49 <name=cost,type=int (id=7),value=<?>,index=12>
Variable Delete,method=Main#dfs:49 <name=next_station,type=int (id=7),value=<?>,index=13>
Variable Write,context=Main#dfs:49,node1=1
Variable Write,context=Main#dfs:49,node2=4
Variable Write,context=Main#dfs:49,cost=81
Variable Write,context=Main#dfs:49,next_station=-1
Variable Write,context=Main#dfs:49,i=3
Variable Delete,method=Main#dfs:49 <name=node1,type=int (id=7),value=<?>,index=10>
Variable Delete,method=Main#dfs:49 <name=node2,type=int (id=7),value=<?>,index=11>
Variable Delete,method=Main#dfs:49 <name=cost,type=int (id=7),value=<?>,index=12>
Variable Delete,method=Main#dfs:49 <name=next_station,type=int (id=7),value=<?>,index=13>
Variable Write,context=Main#dfs:49,i=4
Variable Write,context=Main#dfs:49,node1=3
Variable Write,context=Main#dfs:49,node2=4
Variable Write,context=Main#dfs:49,cost=58
Variable Write,context=Main#dfs:49,next_station=-1
Variable Write,context=Main#dfs:49,i=5
Variable Delete,method=Main#dfs:49 <name=node1,type=int (id=7),value=<?>,index=10>
Variable Delete,method=Main#dfs:49 <name=node2,type=int (id=7),value=<?>,index=11>
Variable Delete,method=Main#dfs:49 <name=cost,type=int (id=7),value=<?>,index=12>
Variable Delete,method=Main#dfs:49 <name=next_station,type=int (id=7),value=<?>,index=13>
Variable Write,context=Main#dfs:49,node1=4
Variable Write,context=Main#dfs:49,node2=8
Variable Write,context=Main#dfs:49,cost=68
Variable Write,context=Main#dfs:49,next_station=-1
Variable Write,context=Main#dfs:49,i=6
Variable Delete,method=Main#dfs:49 <name=node1,type=int (id=7),value=<?>,index=10>
Variable Delete,method=Main#dfs:49 <name=node2,type=int (id=7),value=<?>,index=11>
Variable Delete,method=Main#dfs:49 <name=cost,type=int (id=7),value=<?>,index=12>
Variable Delete,method=Main#dfs:49 <name=next_station,type=int (id=7),value=<?>,index=13>
Variable Write,context=Main#dfs:49,node1=5
Variable Write,context=Main#dfs:49,node2=6
Variable Write,context=Main#dfs:49,cost=80
Variable Write,context=Main#dfs:49,next_station=-1
Variable Write,context=Main#dfs:49,next_station=6
Method Call,caller=Main#dfs:49,target=Main#dfs:50
Variable Write,context=Main#dfs:50,next=int[][]:1
Variable Write,context=Main#dfs:50,adj_list=int[][]:3
Variable Write,context=Main#dfs:50,nl=10
Variable Write,context=Main#dfs:50,bit=73
Variable Write,context=Main#dfs:50,cur_station=6
Variable Write,context=Main#dfs:50,ns=10
Variable Write,context=Main#dfs:50,max_next_path=2147483647
Variable Write,context=Main#dfs:50,max_next_station=2147483647
Variable Write,context=Main#dfs:50,max_cost=0
Variable Write,context=Main#dfs:50,i=0
Variable Write,context=Main#dfs:50,i=1
Variable Write,context=Main#dfs:50,node1=1
Variable Write,context=Main#dfs:50,node2=2
Variable Write,context=Main#dfs:50,cost=25
Variable Write,context=Main#dfs:50,next_station=-1
Variable Write,context=Main#dfs:50,i=2
Variable Delete,method=Main#dfs:50 <name=node1,type=int (id=7),value=<?>,index=10>
Variable Delete,method=Main#dfs:50 <name=node2,type=int (id=7),value=<?>,index=11>
Variable Delete,method=Main#dfs:50 <name=cost,type=int (id=7),value=<?>,index=12>
Variable Delete,method=Main#dfs:50 <name=next_station,type=int (id=7),value=<?>,index=13>
Variable Write,context=Main#dfs:50,node1=1
Variable Write,context=Main#dfs:50,node2=4
Variable Write,context=Main#dfs:50,cost=81
Variable Write,context=Main#dfs:50,next_station=-1
Variable Write,context=Main#dfs:50,i=3
Variable Delete,method=Main#dfs:50 <name=node1,type=int (id=7),value=<?>,index=10>
Variable Delete,method=Main#dfs:50 <name=node2,type=int (id=7),value=<?>,index=11>
Variable Delete,method=Main#dfs:50 <name=cost,type=int (id=7),value=<?>,index=12>
Variable Delete,method=Main#dfs:50 <name=next_station,type=int (id=7),value=<?>,index=13>
Variable Write,context=Main#dfs:50,i=4
Variable Write,context=Main#dfs:50,node1=3
Variable Write,context=Main#dfs:50,node2=4
Variable Write,context=Main#dfs:50,cost=58
Variable Write,context=Main#dfs:50,next_station=-1
Variable Write,context=Main#dfs:50,i=5
Variable Delete,method=Main#dfs:50 <name=node1,type=int (id=7),value=<?>,index=10>
Variable Delete,method=Main#dfs:50 <name=node2,type=int (id=7),value=<?>,index=11>
Variable Delete,method=Main#dfs:50 <name=cost,type=int (id=7),value=<?>,index=12>
Variable Delete,method=Main#dfs:50 <name=next_station,type=int (id=7),value=<?>,index=13>
Variable Write,context=Main#dfs:50,node1=4
Variable Write,context=Main#dfs:50,node2=8
Variable Write,context=Main#dfs:50,cost=68
Variable Write,context=Main#dfs:50,next_station=-1
Variable Write,context=Main#dfs:50,i=6
Variable Delete,method=Main#dfs:50 <name=node1,type=int (id=7),value=<?>,index=10>
Variable Delete,method=Main#dfs:50 <name=node2,type=int (id=7),value=<?>,index=11>
Variable Delete,method=Main#dfs:50 <name=cost,type=int (id=7),value=<?>,index=12>
Variable Delete,method=Main#dfs:50 <name=next_station,type=int (id=7),value=<?>,index=13>
Variable Write,context=Main#dfs:50,i=7
Variable Write,context=Main#dfs:50,node1=5
Variable Write,context=Main#dfs:50,node2=8
Variable Write,context=Main#dfs:50,cost=67
Variable Write,context=Main#dfs:50,next_station=-1
Variable Write,context=Main#dfs:50,i=8
Variable Delete,method=Main#dfs:50 <name=node1,type=int (id=7),value=<?>,index=10>
Variable Delete,method=Main#dfs:50 <name=node2,type=int (id=7),value=<?>,index=11>
Variable Delete,method=Main#dfs:50 <name=cost,type=int (id=7),value=<?>,index=12>
Variable Delete,method=Main#dfs:50 <name=next_station,type=int (id=7),value=<?>,index=13>
Variable Write,context=Main#dfs:50,node1=7
Variable Write,context=Main#dfs:50,node2=8
Variable Write,context=Main#dfs:50,cost=44
Variable Write,context=Main#dfs:50,next_station=-1
Variable Write,context=Main#dfs:50,i=9
Variable Delete,method=Main#dfs:50 <name=node1,type=int (id=7),value=<?>,index=10>
Variable Delete,method=Main#dfs:50 <name=node2,type=int (id=7),value=<?>,index=11>
Variable Delete,method=Main#dfs:50 <name=cost,type=int (id=7),value=<?>,index=12>
Variable Delete,method=Main#dfs:50 <name=next_station,type=int (id=7),value=<?>,index=13>
Variable Write,context=Main#dfs:50,node1=8
Variable Write,context=Main#dfs:50,node2=9
Variable Write,context=Main#dfs:50,cost=21
Variable Write,context=Main#dfs:50,next_station=-1
Variable Delete,method=Main#dfs:50 <name=node1,type=int (id=7),value=<?>,index=10>
Variable Delete,method=Main#dfs:50 <name=node2,type=int (id=7),value=<?>,index=11>
Variable Delete,method=Main#dfs:50 <name=cost,type=int (id=7),value=<?>,index=12>
Variable Delete,method=Main#dfs:50 <name=next_station,type=int (id=7),value=<?>,index=13>
Variable Delete,method=Main#dfs:50 <name=i,type=int (id=7),value=<?>,index=9>
Variable Write,context=Main#dfs:50,result=0
Method Exit,returner=Main#dfs:50,value=0
Variable Write,context=Main#dfs:49,ret=80
Variable Write,context=Main#dfs:49,max_next_path=6
Variable Write,context=Main#dfs:49,max_cost=80
Variable Write,context=Main#dfs:49,max_next_station=6
Variable Write,context=Main#dfs:49,i=7
Variable Delete,method=Main#dfs:49 <name=node1,type=int (id=7),value=<?>,index=10>
Variable Delete,method=Main#dfs:49 <name=node2,type=int (id=7),value=<?>,index=11>
Variable Delete,method=Main#dfs:49 <name=cost,type=int (id=7),value=<?>,index=12>
Variable Delete,method=Main#dfs:49 <name=next_station,type=int (id=7),value=<?>,index=13>
Variable Delete,method=Main#dfs:49 <name=ret,type=int (id=7),value=<?>,index=14>
Variable Write,context=Main#dfs:49,node1=5
Variable Write,context=Main#dfs:49,node2=8
Variable Write,context=Main#dfs:49,cost=67
Variable Write,context=Main#dfs:49,next_station=-1
Variable Write,context=Main#dfs:49,next_station=8
Method Call,caller=Main#dfs:49,target=Main#dfs:51
Variable Write,context=Main#dfs:51,next=int[][]:1
Variable Write,context=Main#dfs:51,adj_list=int[][]:3
Variable Write,context=Main#dfs:51,nl=10
Variable Write,context=Main#dfs:51,bit=137
Variable Write,context=Main#dfs:51,cur_station=8
Variable Write,context=Main#dfs:51,ns=10
Variable Write,context=Main#dfs:51,max_next_path=2147483647
Variable Write,context=Main#dfs:51,max_next_station=2147483647
Variable Write,context=Main#dfs:51,max_cost=0
Variable Write,context=Main#dfs:51,i=0
Variable Write,context=Main#dfs:51,i=1
Variable Write,context=Main#dfs:51,node1=1
Variable Write,context=Main#dfs:51,node2=2
Variable Write,context=Main#dfs:51,cost=25
Variable Write,context=Main#dfs:51,next_station=-1
Variable Write,context=Main#dfs:51,i=2
Variable Delete,method=Main#dfs:51 <name=node1,type=int (id=7),value=<?>,index=10>
Variable Delete,method=Main#dfs:51 <name=node2,type=int (id=7),value=<?>,index=11>
Variable Delete,method=Main#dfs:51 <name=cost,type=int (id=7),value=<?>,index=12>
Variable Delete,method=Main#dfs:51 <name=next_station,type=int (id=7),value=<?>,index=13>
Variable Write,context=Main#dfs:51,node1=1
Variable Write,context=Main#dfs:51,node2=4
Variable Write,context=Main#dfs:51,cost=81
Variable Write,context=Main#dfs:51,next_station=-1
Variable Write,context=Main#dfs:51,i=3
Variable Delete,method=Main#dfs:51 <name=node1,type=int (id=7),value=<?>,index=10>
Variable Delete,method=Main#dfs:51 <name=node2,type=int (id=7),value=<?>,index=11>
Variable Delete,method=Main#dfs:51 <name=cost,type=int (id=7),value=<?>,index=12>
Variable Delete,method=Main#dfs:51 <name=next_station,type=int (id=7),value=<?>,index=13>
Variable Write,context=Main#dfs:51,i=4
Variable Write,context=Main#dfs:51,node1=3
Variable Write,context=Main#dfs:51,node2=4
Variable Write,context=Main#dfs:51,cost=58
Variable Write,context=Main#dfs:51,next_station=-1
Variable Write,context=Main#dfs:51,i=5
Variable Delete,method=Main#dfs:51 <name=node1,type=int (id=7),value=<?>,index=10>
Variable Delete,method=Main#dfs:51 <name=node2,type=int (id=7),value=<?>,index=11>
Variable Delete,method=Main#dfs:51 <name=cost,type=int (id=7),value=<?>,index=12>
Variable Delete,method=Main#dfs:51 <name=next_station,type=int (id=7),value=<?>,index=13>
Variable Write,context=Main#dfs:51,node1=4
Variable Write,context=Main#dfs:51,node2=8
Variable Write,context=Main#dfs:51,cost=68
Variable Write,context=Main#dfs:51,next_station=-1
Variable Write,context=Main#dfs:51,next_station=4
Method Call,caller=Main#dfs:51,target=Main#dfs:52
Variable Write,context=Main#dfs:52,next=int[][]:1
Variable Write,context=Main#dfs:52,adj_list=int[][]:3
Variable Write,context=Main#dfs:52,nl=10
Variable Write,context=Main#dfs:52,bit=169
Variable Write,context=Main#dfs:52,cur_station=4
Variable Write,context=Main#dfs:52,ns=10
Variable Write,context=Main#dfs:52,max_next_path=2147483647
Variable Write,context=Main#dfs:52,max_next_station=2147483647
Variable Write,context=Main#dfs:52,max_cost=0
Variable Write,context=Main#dfs:52,i=0
Variable Write,context=Main#dfs:52,i=1
Variable Write,context=Main#dfs:52,node1=1
Variable Write,context=Main#dfs:52,node2=2
Variable Write,context=Main#dfs:52,cost=25
Variable Write,context=Main#dfs:52,next_station=-1
Variable Write,context=Main#dfs:52,i=2
Variable Delete,method=Main#dfs:52 <name=node1,type=int (id=7),value=<?>,index=10>
Variable Delete,method=Main#dfs:52 <name=node2,type=int (id=7),value=<?>,index=11>
Variable Delete,method=Main#dfs:52 <name=cost,type=int (id=7),value=<?>,index=12>
Variable Delete,method=Main#dfs:52 <name=next_station,type=int (id=7),value=<?>,index=13>
Variable Write,context=Main#dfs:52,node1=1
Variable Write,context=Main#dfs:52,node2=4
Variable Write,context=Main#dfs:52,cost=81
Variable Write,context=Main#dfs:52,next_station=-1
Variable Write,context=Main#dfs:52,next_station=1
Method Call,caller=Main#dfs:52,target=Main#dfs:53
Variable Write,context=Main#dfs:53,next=int[][]:1
Variable Write,context=Main#dfs:53,adj_list=int[][]:3
Variable Write,context=Main#dfs:53,nl=10
Variable Write,context=Main#dfs:53,bit=173
Variable Write,context=Main#dfs:53,cur_station=1
Variable Write,context=Main#dfs:53,ns=10
Variable Write,context=Main#dfs:53,max_next_path=2147483647
Variable Write,context=Main#dfs:53,max_next_station=2147483647
Variable Write,context=Main#dfs:53,max_cost=0
Variable Write,context=Main#dfs:53,i=0
Variable Write,context=Main#dfs:53,i=1
Variable Write,context=Main#dfs:53,node1=1
Variable Write,context=Main#dfs:53,node2=2
Variable Write,context=Main#dfs:53,cost=25
Variable Write,context=Main#dfs:53,next_station=-1
Variable Write,context=Main#dfs:53,next_station=2
Method Call,caller=Main#dfs:53,target=Main#dfs:54
Variable Write,context=Main#dfs:54,next=int[][]:1
Variable Write,context=Main#dfs:54,adj_list=int[][]:3
Variable Write,context=Main#dfs:54,nl=10
Variable Write,context=Main#dfs:54,bit=175
Variable Write,context=Main#dfs:54,cur_station=2
Variable Write,context=Main#dfs:54,ns=10
Variable Write,context=Main#dfs:54,max_next_path=2147483647
Variable Write,context=Main#dfs:54,max_next_station=2147483647
Variable Write,context=Main#dfs:54,max_cost=0
Variable Write,context=Main#dfs:54,i=0
Variable Write,context=Main#dfs:54,i=1
Variable Write,context=Main#dfs:54,i=2
Variable Write,context=Main#dfs:54,i=3
Variable Write,context=Main#dfs:54,i=4
Variable Write,context=Main#dfs:54,node1=3
Variable Write,context=Main#dfs:54,node2=4
Variable Write,context=Main#dfs:54,cost=58
Variable Write,context=Main#dfs:54,next_station=-1
Variable Write,context=Main#dfs:54,i=5
Variable Delete,method=Main#dfs:54 <name=node1,type=int (id=7),value=<?>,index=10>
Variable Delete,method=Main#dfs:54 <name=node2,type=int (id=7),value=<?>,index=11>
Variable Delete,method=Main#dfs:54 <name=cost,type=int (id=7),value=<?>,index=12>
Variable Delete,method=Main#dfs:54 <name=next_station,type=int (id=7),value=<?>,index=13>
Variable Write,context=Main#dfs:54,i=6
Variable Write,context=Main#dfs:54,node1=5
Variable Write,context=Main#dfs:54,node2=6
Variable Write,context=Main#dfs:54,cost=80
Variable Write,context=Main#dfs:54,next_station=-1
Variable Write,context=Main#dfs:54,i=7
Variable Delete,method=Main#dfs:54 <name=node1,type=int (id=7),value=<?>,index=10>
Variable Delete,method=Main#dfs:54 <name=node2,type=int (id=7),value=<?>,index=11>
Variable Delete,method=Main#dfs:54 <name=cost,type=int (id=7),value=<?>,index=12>
Variable Delete,method=Main#dfs:54 <name=next_station,type=int (id=7),value=<?>,index=13>
Variable Write,context=Main#dfs:54,i=8
Variable Write,context=Main#dfs:54,node1=7
Variable Write,context=Main#dfs:54,node2=8
Variable Write,context=Main#dfs:54,cost=44
Variable Write,context=Main#dfs:54,next_station=-1
Variable Write,context=Main#dfs:54,i=9
Variable Delete,method=Main#dfs:54 <name=node1,type=int (id=7),value=<?>,index=10>
Variable Delete,method=Main#dfs:54 <name=node2,type=int (id=7),value=<?>,index=11>
Variable Delete,method=Main#dfs:54 <name=cost,type=int (id=7),value=<?>,index=12>
Variable Delete,method=Main#dfs:54 <name=next_station,type=int (id=7),value=<?>,index=13>
Variable Write,context=Main#dfs:54,node1=8
Variable Write,context=Main#dfs:54,node2=9
Variable Write,context=Main#dfs:54,cost=21
Variable Write,context=Main#dfs:54,next_station=-1
Variable Delete,method=Main#dfs:54 <name=node1,type=int (id=7),value=<?>,index=10>
Variable Delete,method=Main#dfs:54 <name=node2,type=int (id=7),value=<?>,index=11>
Variable Delete,method=Main#dfs:54 <name=cost,type=int (id=7),value=<?>,index=12>
Variable Delete,method=Main#dfs:54 <name=next_station,type=int (id=7),value=<?>,index=13>
Variable Delete,method=Main#dfs:54 <name=i,type=int (id=7),value=<?>,index=9>
Variable Write,context=Main#dfs:54,result=0
Method Exit,returner=Main#dfs:54,value=0
Variable Write,context=Main#dfs:53,ret=25
Variable Write,context=Main#dfs:53,max_next_path=1
Variable Write,context=Main#dfs:53,max_cost=25
Variable Write,context=Main#dfs:53,max_next_station=2
Variable Write,context=Main#dfs:53,i=2
Variable Delete,method=Main#dfs:53 <name=node1,type=int (id=7),value=<?>,index=10>
Variable Delete,method=Main#dfs:53 <name=node2,type=int (id=7),value=<?>,index=11>
Variable Delete,method=Main#dfs:53 <name=cost,type=int (id=7),value=<?>,index=12>
Variable Delete,method=Main#dfs:53 <name=next_station,type=int (id=7),value=<?>,index=13>
Variable Delete,method=Main#dfs:53 <name=ret,type=int (id=7),value=<?>,index=14>
Variable Write,context=Main#dfs:53,i=3
Variable Write,context=Main#dfs:53,i=4
Variable Write,context=Main#dfs:53,node1=3
Variable Write,context=Main#dfs:53,node2=4
Variable Write,context=Main#dfs:53,cost=58
Variable Write,context=Main#dfs:53,next_station=-1
Variable Write,context=Main#dfs:53,i=5
Variable Delete,method=Main#dfs:53 <name=node1,type=int (id=7),value=<?>,index=10>
Variable Delete,method=Main#dfs:53 <name=node2,type=int (id=7),value=<?>,index=11>
Variable Delete,method=Main#dfs:53 <name=cost,type=int (id=7),value=<?>,index=12>
Variable Delete,method=Main#dfs:53 <name=next_station,type=int (id=7),value=<?>,index=13>
Variable Write,context=Main#dfs:53,i=6
Variable Write,context=Main#dfs:53,node1=5
Variable Write,context=Main#dfs:53,node2=6
Variable Write,context=Main#dfs:53,cost=80
Variable Write,context=Main#dfs:53,next_station=-1
Variable Write,context=Main#dfs:53,i=7
Variable Delete,method=Main#dfs:53 <name=node1,type=int (id=7),value=<?>,index=10>
Variable Delete,method=Main#dfs:53 <name=node2,type=int (id=7),value=<?>,index=11>
Variable Delete,method=Main#dfs:53 <name=cost,type=int (id=7),value=<?>,index=12>
Variable Delete,method=Main#dfs:53 <name=next_station,type=int (id=7),value=<?>,index=13>
Variable Write,context=Main#dfs:53,i=8
Variable Write,context=Main#dfs:53,node1=7
Variable Write,context=Main#dfs:53,node2=8
Variable Write,context=Main#dfs:53,cost=44
Variable Write,context=Main#dfs:53,next_station=-1
Variable Write,context=Main#dfs:53,i=9
Variable Delete,method=Main#dfs:53 <name=node1,type=int (id=7),value=<?>,index=10>
Variable Delete,method=Main#dfs:53 <name=node2,type=int (id=7),value=<?>,index=11>
Variable Delete,method=Main#dfs:53 <name=cost,type=int (id=7),value=<?>,index=12>
Variable Delete,method=Main#dfs:53 <name=next_station,type=int (id=7),value=<?>,index=13>
Variable Write,context=Main#dfs:53,node1=8
Variable Write,context=Main#dfs:53,node2=9
Variable Write,context=Main#dfs:53,cost=21
Variable Write,context=Main#dfs:53,next_station=-1
Variable Delete,method=Main#dfs:53 <name=node1,type=int (id=7),value=<?>,index=10>
Variable Delete,method=Main#dfs:53 <name=node2,type=int (id=7),value=<?>,index=11>
Variable Delete,method=Main#dfs:53 <name=cost,type=int (id=7),value=<?>,index=12>
Variable Delete,method=Main#dfs:53 <name=next_station,type=int (id=7),value=<?>,index=13>
Variable Delete,method=Main#dfs:53 <name=i,type=int (id=7),value=<?>,index=9>
Variable Write,context=Main#dfs:53,next=int[][]:1
Variable Write,context=Main#dfs:53,result=25
Method Exit,returner=Main#dfs:53,value=25
Variable Write,context=Main#dfs:52,ret=106
Variable Write,context=Main#dfs:52,max_next_path=2
Variable Write,context=Main#dfs:52,max_cost=106
Variable Write,context=Main#dfs:52,max_next_station=1
Variable Write,context=Main#dfs:52,i=3
Variable Delete,method=Main#dfs:52 <name=node1,type=int (id=7),value=<?>,index=10>
Variable Delete,method=Main#dfs:52 <name=node2,type=int (id=7),value=<?>,index=11>
Variable Delete,method=Main#dfs:52 <name=cost,type=int (id=7),value=<?>,index=12>
Variable Delete,method=Main#dfs:52 <name=next_station,type=int (id=7),value=<?>,index=13>
Variable Delete,method=Main#dfs:52 <name=ret,type=int (id=7),value=<?>,index=14>
Variable Write,context=Main#dfs:52,i=4
Variable Write,context=Main#dfs:52,node1=3
Variable Write,context=Main#dfs:52,node2=4
Variable Write,context=Main#dfs:52,cost=58
Variable Write,context=Main#dfs:52,next_station=-1
Variable Write,context=Main#dfs:52,next_station=3
Method Call,caller=Main#dfs:52,target=Main#dfs:55
Variable Write,context=Main#dfs:55,next=int[][]:1
Variable Write,context=Main#dfs:55,adj_list=int[][]:3
Variable Write,context=Main#dfs:55,nl=10
Variable Write,context=Main#dfs:55,bit=185
Variable Write,context=Main#dfs:55,cur_station=3
Variable Write,context=Main#dfs:55,ns=10
Variable Write,context=Main#dfs:55,max_next_path=2147483647
Variable Write,context=Main#dfs:55,max_next_station=2147483647
Variable Write,context=Main#dfs:55,max_cost=0
Variable Write,context=Main#dfs:55,i=0
Variable Write,context=Main#dfs:55,i=1
Variable Write,context=Main#dfs:55,node1=1
Variable Write,context=Main#dfs:55,node2=2
Variable Write,context=Main#dfs:55,cost=25
Variable Write,context=Main#dfs:55,next_station=-1
Variable Write,context=Main#dfs:55,i=2
Variable Delete,method=Main#dfs:55 <name=node1,type=int (id=7),value=<?>,index=10>
Variable Delete,method=Main#dfs:55 <name=node2,type=int (id=7),value=<?>,index=11>
Variable Delete,method=Main#dfs:55 <name=cost,type=int (id=7),value=<?>,index=12>
Variable Delete,method=Main#dfs:55 <name=next_station,type=int (id=7),value=<?>,index=13>
Variable Write,context=Main#dfs:55,node1=1
Variable Write,context=Main#dfs:55,node2=4
Variable Write,context=Main#dfs:55,cost=81
Variable Write,context=Main#dfs:55,next_station=-1
Variable Write,context=Main#dfs:55,i=3
Variable Delete,method=Main#dfs:55 <name=node1,type=int (id=7),value=<?>,index=10>
Variable Delete,method=Main#dfs:55 <name=node2,type=int (id=7),value=<?>,index=11>
Variable Delete,method=Main#dfs:55 <name=cost,type=int (id=7),value=<?>,index=12>
Variable Delete,method=Main#dfs:55 <name=next_station,type=int (id=7),value=<?>,index=13>
Variable Write,context=Main#dfs:55,i=4
Variable Write,context=Main#dfs:55,i=5
Variable Write,context=Main#dfs:55,i=6
Variable Write,context=Main#dfs:55,node1=5
Variable Write,context=Main#dfs:55,node2=6
Variable Write,context=Main#dfs:55,cost=80
Variable Write,context=Main#dfs:55,next_station=-1
Variable Write,context=Main#dfs:55,i=7
Variable Delete,method=Main#dfs:55 <name=node1,type=int (id=7),value=<?>,index=10>
Variable Delete,method=Main#dfs:55 <name=node2,type=int (id=7),value=<?>,index=11>
Variable Delete,method=Main#dfs:55 <name=cost,type=int (id=7),value=<?>,index=12>
Variable Delete,method=Main#dfs:55 <name=next_station,type=int (id=7),value=<?>,index=13>
Variable Write,context=Main#dfs:55,i=8
Variable Write,context=Main#dfs:55,node1=7
Variable Write,context=Main#dfs:55,node2=8
Variable Write,context=Main#dfs:55,cost=44
Variable Write,context=Main#dfs:55,next_station=-1
Variable Write,context=Main#dfs:55,i=9
Variable Delete,method=Main#dfs:55 <name=node1,type=int (id=7),value=<?>,index=10>
Variable Delete,method=Main#dfs:55 <name=node2,type=int (id=7),value=<?>,index=11>
Variable Delete,method=Main#dfs:55 <name=cost,type=int (id=7),value=<?>,index=12>
Variable Delete,method=Main#dfs:55 <name=next_station,type=int (id=7),value=<?>,index=13>
Variable Write,context=Main#dfs:55,node1=8
Variable Write,context=Main#dfs:55,node2=9
Variable Write,context=Main#dfs:55,cost=21
Variable Write,context=Main#dfs:55,next_station=-1
Variable Delete,method=Main#dfs:55 <name=node1,type=int (id=7),value=<?>,index=10>
Variable Delete,method=Main#dfs:55 <name=node2,type=int (id=7),value=<?>,index=11>
Variable Delete,method=Main#dfs:55 <name=cost,type=int (id=7),value=<?>,index=12>
Variable Delete,method=Main#dfs:55 <name=next_station,type=int (id=7),value=<?>,index=13>
Variable Delete,method=Main#dfs:55 <name=i,type=int (id=7),value=<?>,index=9>
Variable Write,context=Main#dfs:55,result=0
Method Exit,returner=Main#dfs:55,value=0
Variable Write,context=Main#dfs:52,ret=58
Variable Write,context=Main#dfs:52,i=5
Variable Delete,method=Main#dfs:52 <name=node1,type=int (id=7),value=<?>,index=10>
Variable Delete,method=Main#dfs:52 <name=node2,type=int (id=7),value=<?>,index=11>
Variable Delete,method=Main#dfs:52 <name=cost,type=int (id=7),value=<?>,index=12>
Variable Delete,method=Main#dfs:52 <name=next_station,type=int (id=7),value=<?>,index=13>
Variable Delete,method=Main#dfs:52 <name=ret,type=int (id=7),value=<?>,index=14>
Variable Write,context=Main#dfs:52,i=6
Variable Write,context=Main#dfs:52,node1=5
Variable Write,context=Main#dfs:52,node2=6
Variable Write,context=Main#dfs:52,cost=80
Variable Write,context=Main#dfs:52,next_station=-1
Variable Write,context=Main#dfs:52,i=7
Variable Delete,method=Main#dfs:52 <name=node1,type=int (id=7),value=<?>,index=10>
Variable Delete,method=Main#dfs:52 <name=node2,type=int (id=7),value=<?>,index=11>
Variable Delete,method=Main#dfs:52 <name=cost,type=int (id=7),value=<?>,index=12>
Variable Delete,method=Main#dfs:52 <name=next_station,type=int (id=7),value=<?>,index=13>
Variable Write,context=Main#dfs:52,i=8
Variable Write,context=Main#dfs:52,node1=7
Variable Write,context=Main#dfs:52,node2=8
Variable Write,context=Main#dfs:52,cost=44
Variable Write,context=Main#dfs:52,next_station=-1
Variable Write,context=Main#dfs:52,i=9
Variable Delete,method=Main#dfs:52 <name=node1,type=int (id=7),value=<?>,index=10>
Variable Delete,method=Main#dfs:52 <name=node2,type=int (id=7),value=<?>,index=11>
Variable Delete,method=Main#dfs:52 <name=cost,type=int (id=7),value=<?>,index=12>
Variable Delete,method=Main#dfs:52 <name=next_station,type=int (id=7),value=<?>,index=13>
Variable Write,context=Main#dfs:52,node1=8
Variable Write,context=Main#dfs:52,node2=9
Variable Write,context=Main#dfs:52,cost=21
Variable Write,context=Main#dfs:52,next_station=-1
Variable Delete,method=Main#dfs:52 <name=node1,type=int (id=7),value=<?>,index=10>
Variable Delete,method=Main#dfs:52 <name=node2,type=int (id=7),value=<?>,index=11>
Variable Delete,method=Main#dfs:52 <name=cost,type=int (id=7),value=<?>,index=12>
Variable Delete,method=Main#dfs:52 <name=next_station,type=int (id=7),value=<?>,index=13>
Variable Delete,method=Main#dfs:52 <name=i,type=int (id=7),value=<?>,index=9>
Variable Write,context=Main#dfs:52,next=int[][]:1
Variable Write,context=Main#dfs:52,result=106
Method Exit,returner=Main#dfs:52,value=106
Variable Write,context=Main#dfs:51,ret=174
Variable Write,context=Main#dfs:51,max_next_path=5
Variable Write,context=Main#dfs:51,max_cost=174
Variable Write,context=Main#dfs:51,max_next_station=4
Variable Write,context=Main#dfs:51,i=6
Variable Delete,method=Main#dfs:51 <name=node1,type=int (id=7),value=<?>,index=10>
Variable Delete,method=Main#dfs:51 <name=node2,type=int (id=7),value=<?>,index=11>
Variable Delete,method=Main#dfs:51 <name=cost,type=int (id=7),value=<?>,index=12>
Variable Delete,method=Main#dfs:51 <name=next_station,type=int (id=7),value=<?>,index=13>
Variable Delete,method=Main#dfs:51 <name=ret,type=int (id=7),value=<?>,index=14>
Variable Write,context=Main#dfs:51,node1=5
Variable Write,context=Main#dfs:51,node2=6
Variable Write,context=Main#dfs:51,cost=80
Variable Write,context=Main#dfs:51,next_station=-1
Variable Write,context=Main#dfs:51,i=7
Variable Delete,method=Main#dfs:51 <name=node1,type=int (id=7),value=<?>,index=10>
Variable Delete,method=Main#dfs:51 <name=node2,type=int (id=7),value=<?>,index=11>
Variable Delete,method=Main#dfs:51 <name=cost,type=int (id=7),value=<?>,index=12>
Variable Delete,method=Main#dfs:51 <name=next_station,type=int (id=7),value=<?>,index=13>
Variable Write,context=Main#dfs:51,i=8
Variable Write,context=Main#dfs:51,node1=7
Variable Write,context=Main#dfs:51,node2=8
Variable Write,context=Main#dfs:51,cost=44
Variable Write,context=Main#dfs:51,next_station=-1
Variable Write,context=Main#dfs:51,next_station=7
Method Call,caller=Main#dfs:51,target=Main#dfs:56
Variable Write,context=Main#dfs:56,next=int[][]:1
Variable Write,context=Main#dfs:56,adj_list=int[][]:3
Variable Write,context=Main#dfs:56,nl=10
Variable Write,context=Main#dfs:56,bit=393
Variable Write,context=Main#dfs:56,cur_station=7
Variable Write,context=Main#dfs:56,ns=10
Variable Write,context=Main#dfs:56,max_next_path=2147483647
Variable Write,context=Main#dfs:56,max_next_station=2147483647
Variable Write,context=Main#dfs:56,max_cost=0
Variable Write,context=Main#dfs:56,i=0
Variable Write,context=Main#dfs:56,i=1
Variable Write,context=Main#dfs:56,node1=1
Variable Write,context=Main#dfs:56,node2=2
Variable Write,context=Main#dfs:56,cost=25
Variable Write,context=Main#dfs:56,next_station=-1
Variable Write,context=Main#dfs:56,i=2
Variable Delete,method=Main#dfs:56 <name=node1,type=int (id=7),value=<?>,index=10>
Variable Delete,method=Main#dfs:56 <name=node2,type=int (id=7),value=<?>,index=11>
Variable Delete,method=Main#dfs:56 <name=cost,type=int (id=7),value=<?>,index=12>
Variable Delete,method=Main#dfs:56 <name=next_station,type=int (id=7),value=<?>,index=13>
Variable Write,context=Main#dfs:56,node1=1
Variable Write,context=Main#dfs:56,node2=4
Variable Write,context=Main#dfs:56,cost=81
Variable Write,context=Main#dfs:56,next_station=-1
Variable Write,context=Main#dfs:56,i=3
Variable Delete,method=Main#dfs:56 <name=node1,type=int (id=7),value=<?>,index=10>
Variable Delete,method=Main#dfs:56 <name=node2,type=int (id=7),value=<?>,index=11>
Variable Delete,method=Main#dfs:56 <name=cost,type=int (id=7),value=<?>,index=12>
Variable Delete,method=Main#dfs:56 <name=next_station,type=int (id=7),value=<?>,index=13>
Variable Write,context=Main#dfs:56,i=4
Variable Write,context=Main#dfs:56,node1=3
Variable Write,context=Main#dfs:56,node2=4
Variable Write,context=Main#dfs:56,cost=58
Variable Write,context=Main#dfs:56,next_station=-1
Variable Write,context=Main#dfs:56,i=5
Variable Delete,method=Main#dfs:56 <name=node1,type=int (id=7),value=<?>,index=10>
Variable Delete,method=Main#dfs:56 <name=node2,type=int (id=7),value=<?>,index=11>
Variable Delete,method=Main#dfs:56 <name=cost,type=int (id=7),value=<?>,index=12>
Variable Delete,method=Main#dfs:56 <name=next_station,type=int (id=7),value=<?>,index=13>
Variable Write,context=Main#dfs:56,node1=4
Variable Write,context=Main#dfs:56,node2=8
Variable Write,context=Main#dfs:56,cost=68
Variable Write,context=Main#dfs:56,next_station=-1
Variable Write,context=Main#dfs:56,i=6
Variable Delete,method=Main#dfs:56 <name=node1,type=int (id=7),value=<?>,index=10>
Variable Delete,method=Main#dfs:56 <name=node2,type=int (id=7),value=<?>,index=11>
Variable Delete,method=Main#dfs:56 <name=cost,type=int (id=7),value=<?>,index=12>
Variable Delete,method=Main#dfs:56 <name=next_station,type=int (id=7),value=<?>,index=13>
Variable Write,context=Main#dfs:56,node1=5
Variable Write,context=Main#dfs:56,node2=6
Variable Write,context=Main#dfs:56,cost=80
Variable Write,context=Main#dfs:56,next_station=-1
Variable Write,context=Main#dfs:56,i=7
Variable Delete,method=Main#dfs:56 <name=node1,type=int (id=7),value=<?>,index=10>
Variable Delete,method=Main#dfs:56 <name=node2,type=int (id=7),value=<?>,index=11>
Variable Delete,method=Main#dfs:56 <name=cost,type=int (id=7),value=<?>,index=12>
Variable Delete,method=Main#dfs:56 <name=next_station,type=int (id=7),value=<?>,index=13>
Variable Write,context=Main#dfs:56,i=8
Variable Write,context=Main#dfs:56,i=9
Variable Write,context=Main#dfs:56,node1=8
Variable Write,context=Main#dfs:56,node2=9
Variable Write,context=Main#dfs:56,cost=21
Variable Write,context=Main#dfs:56,next_station=-1
Variable Delete,method=Main#dfs:56 <name=node1,type=int (id=7),value=<?>,index=10>
Variable Delete,method=Main#dfs:56 <name=node2,type=int (id=7),value=<?>,index=11>
Variable Delete,method=Main#dfs:56 <name=cost,type=int (id=7),value=<?>,index=12>
Variable Delete,method=Main#dfs:56 <name=next_station,type=int (id=7),value=<?>,index=13>
Variable Delete,method=Main#dfs:56 <name=i,type=int (id=7),value=<?>,index=9>
Variable Write,context=Main#dfs:56,result=0
Method Exit,returner=Main#dfs:56,value=0
Variable Write,context=Main#dfs:51,ret=44
Variable Write,context=Main#dfs:51,i=9
Variable Delete,method=Main#dfs:51 <name=node1,type=int (id=7),value=<?>,index=10>
Variable Delete,method=Main#dfs:51 <name=node2,type=int (id=7),value=<?>,index=11>
Variable Delete,method=Main#dfs:51 <name=cost,type=int (id=7),value=<?>,index=12>
Variable Delete,method=Main#dfs:51 <name=next_station,type=int (id=7),value=<?>,index=13>
Variable Delete,method=Main#dfs:51 <name=ret,type=int (id=7),value=<?>,index=14>
Variable Write,context=Main#dfs:51,node1=8
Variable Write,context=Main#dfs:51,node2=9
Variable Write,context=Main#dfs:51,cost=21
Variable Write,context=Main#dfs:51,next_station=-1
Variable Write,context=Main#dfs:51,next_station=9
Method Call,caller=Main#dfs:51,target=Main#dfs:57
Variable Write,context=Main#dfs:57,next=int[][]:1
Variable Write,context=Main#dfs:57,adj_list=int[][]:3
Variable Write,context=Main#dfs:57,nl=10
Variable Write,context=Main#dfs:57,bit=649
Variable Write,context=Main#dfs:57,cur_station=9
Variable Write,context=Main#dfs:57,ns=10
Variable Write,context=Main#dfs:57,max_next_path=2147483647
Variable Write,context=Main#dfs:57,max_next_station=2147483647
Variable Write,context=Main#dfs:57,max_cost=0
Variable Write,context=Main#dfs:57,i=0
Variable Write,context=Main#dfs:57,i=1
Variable Write,context=Main#dfs:57,node1=1
Variable Write,context=Main#dfs:57,node2=2
Variable Write,context=Main#dfs:57,cost=25
Variable Write,context=Main#dfs:57,next_station=-1
Variable Write,context=Main#dfs:57,i=2
Variable Delete,method=Main#dfs:57 <name=node1,type=int (id=7),value=<?>,index=10>
Variable Delete,method=Main#dfs:57 <name=node2,type=int (id=7),value=<?>,index=11>
Variable Delete,method=Main#dfs:57 <name=cost,type=int (id=7),value=<?>,index=12>
Variable Delete,method=Main#dfs:57 <name=next_station,type=int (id=7),value=<?>,index=13>
Variable Write,context=Main#dfs:57,node1=1
Variable Write,context=Main#dfs:57,node2=4
Variable Write,context=Main#dfs:57,cost=81
Variable Write,context=Main#dfs:57,next_station=-1
Variable Write,context=Main#dfs:57,i=3
Variable Delete,method=Main#dfs:57 <name=node1,type=int (id=7),value=<?>,index=10>
Variable Delete,method=Main#dfs:57 <name=node2,type=int (id=7),value=<?>,index=11>
Variable Delete,method=Main#dfs:57 <name=cost,type=int (id=7),value=<?>,index=12>
Variable Delete,method=Main#dfs:57 <name=next_station,type=int (id=7),value=<?>,index=13>
Variable Write,context=Main#dfs:57,i=4
Variable Write,context=Main#dfs:57,node1=3
Variable Write,context=Main#dfs:57,node2=4
Variable Write,context=Main#dfs:57,cost=58
Variable Write,context=Main#dfs:57,next_station=-1
Variable Write,context=Main#dfs:57,i=5
Variable Delete,method=Main#dfs:57 <name=node1,type=int (id=7),value=<?>,index=10>
Variable Delete,method=Main#dfs:57 <name=node2,type=int (id=7),value=<?>,index=11>
Variable Delete,method=Main#dfs:57 <name=cost,type=int (id=7),value=<?>,index=12>
Variable Delete,method=Main#dfs:57 <name=next_station,type=int (id=7),value=<?>,index=13>
Variable Write,context=Main#dfs:57,node1=4
Variable Write,context=Main#dfs:57,node2=8
Variable Write,context=Main#dfs:57,cost=68
Variable Write,context=Main#dfs:57,next_station=-1
Variable Write,context=Main#dfs:57,i=6
Variable Delete,method=Main#dfs:57 <name=node1,type=int (id=7),value=<?>,index=10>
Variable Delete,method=Main#dfs:57 <name=node2,type=int (id=7),value=<?>,index=11>
Variable Delete,method=Main#dfs:57 <name=cost,type=int (id=7),value=<?>,index=12>
Variable Delete,method=Main#dfs:57 <name=next_station,type=int (id=7),value=<?>,index=13>
Variable Write,context=Main#dfs:57,node1=5
Variable Write,context=Main#dfs:57,node2=6
Variable Write,context=Main#dfs:57,cost=80
Variable Write,context=Main#dfs:57,next_station=-1
Variable Write,context=Main#dfs:57,i=7
Variable Delete,method=Main#dfs:57 <name=node1,type=int (id=7),value=<?>,index=10>
Variable Delete,method=Main#dfs:57 <name=node2,type=int (id=7),value=<?>,index=11>
Variable Delete,method=Main#dfs:57 <name=cost,type=int (id=7),value=<?>,index=12>
Variable Delete,method=Main#dfs:57 <name=next_station,type=int (id=7),value=<?>,index=13>
Variable Write,context=Main#dfs:57,i=8
Variable Write,context=Main#dfs:57,node1=7
Variable Write,context=Main#dfs:57,node2=8
Variable Write,context=Main#dfs:57,cost=44
Variable Write,context=Main#dfs:57,next_station=-1
Variable Write,context=Main#dfs:57,i=9
Variable Delete,method=Main#dfs:57 <name=node1,type=int (id=7),value=<?>,index=10>
Variable Delete,method=Main#dfs:57 <name=node2,type=int (id=7),value=<?>,index=11>
Variable Delete,method=Main#dfs:57 <name=cost,type=int (id=7),value=<?>,index=12>
Variable Delete,method=Main#dfs:57 <name=next_station,type=int (id=7),value=<?>,index=13>
Variable Delete,method=Main#dfs:57 <name=i,type=int (id=7),value=<?>,index=9>
Variable Write,context=Main#dfs:57,result=0
Method Exit,returner=Main#dfs:57,value=0
Variable Write,context=Main#dfs:51,ret=21
Variable Delete,method=Main#dfs:51 <name=node1,type=int (id=7),value=<?>,index=10>
Variable Delete,method=Main#dfs:51 <name=node2,type=int (id=7),value=<?>,index=11>
Variable Delete,method=Main#dfs:51 <name=cost,type=int (id=7),value=<?>,index=12>
Variable Delete,method=Main#dfs:51 <name=next_station,type=int (id=7),value=<?>,index=13>
Variable Delete,method=Main#dfs:51 <name=ret,type=int (id=7),value=<?>,index=14>
Variable Delete,method=Main#dfs:51 <name=i,type=int (id=7),value=<?>,index=9>
Variable Write,context=Main#dfs:51,next=int[][]:1
Variable Write,context=Main#dfs:51,result=174
Method Exit,returner=Main#dfs:51,value=174
Variable Write,context=Main#dfs:49,ret=241
Variable Write,context=Main#dfs:49,max_next_path=7
Variable Write,context=Main#dfs:49,max_cost=241
Variable Write,context=Main#dfs:49,max_next_station=8
Variable Write,context=Main#dfs:49,i=8
Variable Delete,method=Main#dfs:49 <name=node1,type=int (id=7),value=<?>,index=10>
Variable Delete,method=Main#dfs:49 <name=node2,type=int (id=7),value=<?>,index=11>
Variable Delete,method=Main#dfs:49 <name=cost,type=int (id=7),value=<?>,index=12>
Variable Delete,method=Main#dfs:49 <name=next_station,type=int (id=7),value=<?>,index=13>
Variable Delete,method=Main#dfs:49 <name=ret,type=int (id=7),value=<?>,index=14>
Variable Write,context=Main#dfs:49,node1=7
Variable Write,context=Main#dfs:49,node2=8
Variable Write,context=Main#dfs:49,cost=44
Variable Write,context=Main#dfs:49,next_station=-1
Variable Write,context=Main#dfs:49,i=9
Variable Delete,method=Main#dfs:49 <name=node1,type=int (id=7),value=<?>,index=10>
Variable Delete,method=Main#dfs:49 <name=node2,type=int (id=7),value=<?>,index=11>
Variable Delete,method=Main#dfs:49 <name=cost,type=int (id=7),value=<?>,index=12>
Variable Delete,method=Main#dfs:49 <name=next_station,type=int (id=7),value=<?>,index=13>
Variable Write,context=Main#dfs:49,node1=8
Variable Write,context=Main#dfs:49,node2=9
Variable Write,context=Main#dfs:49,cost=21
Variable Write,context=Main#dfs:49,next_station=-1
Variable Delete,method=Main#dfs:49 <name=node1,type=int (id=7),value=<?>,index=10>
Variable Delete,method=Main#dfs:49 <name=node2,type=int (id=7),value=<?>,index=11>
Variable Delete,method=Main#dfs:49 <name=cost,type=int (id=7),value=<?>,index=12>
Variable Delete,method=Main#dfs:49 <name=next_station,type=int (id=7),value=<?>,index=13>
Variable Delete,method=Main#dfs:49 <name=i,type=int (id=7),value=<?>,index=9>
Variable Write,context=Main#dfs:49,next=int[][]:1
Variable Write,context=Main#dfs:49,result=241
Method Exit,returner=Main#dfs:49,value=241
Variable Write,context=Main#dfs:38,ret=323
Variable Write,context=Main#dfs:38,i=4
Variable Delete,method=Main#dfs:38 <name=node1,type=int (id=7),value=<?>,index=10>
Variable Delete,method=Main#dfs:38 <name=node2,type=int (id=7),value=<?>,index=11>
Variable Delete,method=Main#dfs:38 <name=cost,type=int (id=7),value=<?>,index=12>
Variable Delete,method=Main#dfs:38 <name=next_station,type=int (id=7),value=<?>,index=13>
Variable Delete,method=Main#dfs:38 <name=ret,type=int (id=7),value=<?>,index=14>
Variable Write,context=Main#dfs:38,node1=3
Variable Write,context=Main#dfs:38,node2=4
Variable Write,context=Main#dfs:38,cost=58
Variable Write,context=Main#dfs:38,next_station=-1
Variable Write,context=Main#dfs:38,i=5
Variable Delete,method=Main#dfs:38 <name=node1,type=int (id=7),value=<?>,index=10>
Variable Delete,method=Main#dfs:38 <name=node2,type=int (id=7),value=<?>,index=11>
Variable Delete,method=Main#dfs:38 <name=cost,type=int (id=7),value=<?>,index=12>
Variable Delete,method=Main#dfs:38 <name=next_station,type=int (id=7),value=<?>,index=13>
Variable Write,context=Main#dfs:38,node1=4
Variable Write,context=Main#dfs:38,node2=8
Variable Write,context=Main#dfs:38,cost=68
Variable Write,context=Main#dfs:38,next_station=-1
Variable Write,context=Main#dfs:38,i=6
Variable Delete,method=Main#dfs:38 <name=node1,type=int (id=7),value=<?>,index=10>
Variable Delete,method=Main#dfs:38 <name=node2,type=int (id=7),value=<?>,index=11>
Variable Delete,method=Main#dfs:38 <name=cost,type=int (id=7),value=<?>,index=12>
Variable Delete,method=Main#dfs:38 <name=next_station,type=int (id=7),value=<?>,index=13>
Variable Write,context=Main#dfs:38,node1=5
Variable Write,context=Main#dfs:38,node2=6
Variable Write,context=Main#dfs:38,cost=80
Variable Write,context=Main#dfs:38,next_station=-1
Variable Write,context=Main#dfs:38,i=7
Variable Delete,method=Main#dfs:38 <name=node1,type=int (id=7),value=<?>,index=10>
Variable Delete,method=Main#dfs:38 <name=node2,type=int (id=7),value=<?>,index=11>
Variable Delete,method=Main#dfs:38 <name=cost,type=int (id=7),value=<?>,index=12>
Variable Delete,method=Main#dfs:38 <name=next_station,type=int (id=7),value=<?>,index=13>
Variable Write,context=Main#dfs:38,node1=5
Variable Write,context=Main#dfs:38,node2=8
Variable Write,context=Main#dfs:38,cost=67
Variable Write,context=Main#dfs:38,next_station=-1
Variable Write,context=Main#dfs:38,i=8
Variable Delete,method=Main#dfs:38 <name=node1,type=int (id=7),value=<?>,index=10>
Variable Delete,method=Main#dfs:38 <name=node2,type=int (id=7),value=<?>,index=11>
Variable Delete,method=Main#dfs:38 <name=cost,type=int (id=7),value=<?>,index=12>
Variable Delete,method=Main#dfs:38 <name=next_station,type=int (id=7),value=<?>,index=13>
Variable Write,context=Main#dfs:38,node1=7
Variable Write,context=Main#dfs:38,node2=8
Variable Write,context=Main#dfs:38,cost=44
Variable Write,context=Main#dfs:38,next_station=-1
Variable Write,context=Main#dfs:38,i=9
Variable Delete,method=Main#dfs:38 <name=node1,type=int (id=7),value=<?>,index=10>
Variable Delete,method=Main#dfs:38 <name=node2,type=int (id=7),value=<?>,index=11>
Variable Delete,method=Main#dfs:38 <name=cost,type=int (id=7),value=<?>,index=12>
Variable Delete,method=Main#dfs:38 <name=next_station,type=int (id=7),value=<?>,index=13>
Variable Write,context=Main#dfs:38,node1=8
Variable Write,context=Main#dfs:38,node2=9
Variable Write,context=Main#dfs:38,cost=21
Variable Write,context=Main#dfs:38,next_station=-1
Variable Delete,method=Main#dfs:38 <name=node1,type=int (id=7),value=<?>,index=10>
Variable Delete,method=Main#dfs:38 <name=node2,type=int (id=7),value=<?>,index=11>
Variable Delete,method=Main#dfs:38 <name=cost,type=int (id=7),value=<?>,index=12>
Variable Delete,method=Main#dfs:38 <name=next_station,type=int (id=7),value=<?>,index=13>
Variable Delete,method=Main#dfs:38 <name=i,type=int (id=7),value=<?>,index=9>
Variable Write,context=Main#dfs:38,next=int[][]:1
Variable Write,context=Main#dfs:38,result=323
Method Exit,returner=Main#dfs:38,value=323
Variable Write,context=Main#dfs:37,ret=334
Variable Write,context=Main#dfs:37,max_next_path=0
Variable Write,context=Main#dfs:37,max_cost=334
Variable Write,context=Main#dfs:37,max_next_station=1
Variable Write,context=Main#dfs:37,i=1
Variable Delete,method=Main#dfs:37 <name=node1,type=int (id=7),value=<?>,index=10>
Variable Delete,method=Main#dfs:37 <name=node2,type=int (id=7),value=<?>,index=11>
Variable Delete,method=Main#dfs:37 <name=cost,type=int (id=7),value=<?>,index=12>
Variable Delete,method=Main#dfs:37 <name=next_station,type=int (id=7),value=<?>,index=13>
Variable Delete,method=Main#dfs:37 <name=ret,type=int (id=7),value=<?>,index=14>
Variable Write,context=Main#dfs:37,node1=1
Variable Write,context=Main#dfs:37,node2=2
Variable Write,context=Main#dfs:37,cost=25
Variable Write,context=Main#dfs:37,next_station=-1
Variable Write,context=Main#dfs:37,i=2
Variable Delete,method=Main#dfs:37 <name=node1,type=int (id=7),value=<?>,index=10>
Variable Delete,method=Main#dfs:37 <name=node2,type=int (id=7),value=<?>,index=11>
Variable Delete,method=Main#dfs:37 <name=cost,type=int (id=7),value=<?>,index=12>
Variable Delete,method=Main#dfs:37 <name=next_station,type=int (id=7),value=<?>,index=13>
Variable Write,context=Main#dfs:37,node1=1
Variable Write,context=Main#dfs:37,node2=4
Variable Write,context=Main#dfs:37,cost=81
Variable Write,context=Main#dfs:37,next_station=-1
Variable Write,context=Main#dfs:37,i=3
Variable Delete,method=Main#dfs:37 <name=node1,type=int (id=7),value=<?>,index=10>
Variable Delete,method=Main#dfs:37 <name=node2,type=int (id=7),value=<?>,index=11>
Variable Delete,method=Main#dfs:37 <name=cost,type=int (id=7),value=<?>,index=12>
Variable Delete,method=Main#dfs:37 <name=next_station,type=int (id=7),value=<?>,index=13>
Variable Write,context=Main#dfs:37,node1=1
Variable Write,context=Main#dfs:37,node2=5
Variable Write,context=Main#dfs:37,cost=82
Variable Write,context=Main#dfs:37,next_station=-1
Variable Write,context=Main#dfs:37,i=4
Variable Delete,method=Main#dfs:37 <name=node1,type=int (id=7),value=<?>,index=10>
Variable Delete,method=Main#dfs:37 <name=node2,type=int (id=7),value=<?>,index=11>
Variable Delete,method=Main#dfs:37 <name=cost,type=int (id=7),value=<?>,index=12>
Variable Delete,method=Main#dfs:37 <name=next_station,type=int (id=7),value=<?>,index=13>
Variable Write,context=Main#dfs:37,node1=3
Variable Write,context=Main#dfs:37,node2=4
Variable Write,context=Main#dfs:37,cost=58
Variable Write,context=Main#dfs:37,next_station=-1
Variable Write,context=Main#dfs:37,i=5
Variable Delete,method=Main#dfs:37 <name=node1,type=int (id=7),value=<?>,index=10>
Variable Delete,method=Main#dfs:37 <name=node2,type=int (id=7),value=<?>,index=11>
Variable Delete,method=Main#dfs:37 <name=cost,type=int (id=7),value=<?>,index=12>
Variable Delete,method=Main#dfs:37 <name=next_station,type=int (id=7),value=<?>,index=13>
Variable Write,context=Main#dfs:37,node1=4
Variable Write,context=Main#dfs:37,node2=8
Variable Write,context=Main#dfs:37,cost=68
Variable Write,context=Main#dfs:37,next_station=-1
Variable Write,context=Main#dfs:37,i=6
Variable Delete,method=Main#dfs:37 <name=node1,type=int (id=7),value=<?>,index=10>
Variable Delete,method=Main#dfs:37 <name=node2,type=int (id=7),value=<?>,index=11>
Variable Delete,method=Main#dfs:37 <name=cost,type=int (id=7),value=<?>,index=12>
Variable Delete,method=Main#dfs:37 <name=next_station,type=int (id=7),value=<?>,index=13>
Variable Write,context=Main#dfs:37,node1=5
Variable Write,context=Main#dfs:37,node2=6
Variable Write,context=Main#dfs:37,cost=80
Variable Write,context=Main#dfs:37,next_station=-1
Variable Write,context=Main#dfs:37,i=7
Variable Delete,method=Main#dfs:37 <name=node1,type=int (id=7),value=<?>,index=10>
Variable Delete,method=Main#dfs:37 <name=node2,type=int (id=7),value=<?>,index=11>
Variable Delete,method=Main#dfs:37 <name=cost,type=int (id=7),value=<?>,index=12>
Variable Delete,method=Main#dfs:37 <name=next_station,type=int (id=7),value=<?>,index=13>
Variable Write,context=Main#dfs:37,node1=5
Variable Write,context=Main#dfs:37,node2=8
Variable Write,context=Main#dfs:37,cost=67
Variable Write,context=Main#dfs:37,next_station=-1
Variable Write,context=Main#dfs:37,i=8
Variable Delete,method=Main#dfs:37 <name=node1,type=int (id=7),value=<?>,index=10>
Variable Delete,method=Main#dfs:37 <name=node2,type=int (id=7),value=<?>,index=11>
Variable Delete,method=Main#dfs:37 <name=cost,type=int (id=7),value=<?>,index=12>
Variable Delete,method=Main#dfs:37 <name=next_station,type=int (id=7),value=<?>,index=13>
Variable Write,context=Main#dfs:37,node1=7
Variable Write,context=Main#dfs:37,node2=8
Variable Write,context=Main#dfs:37,cost=44
Variable Write,context=Main#dfs:37,next_station=-1
Variable Write,context=Main#dfs:37,i=9
Variable Delete,method=Main#dfs:37 <name=node1,type=int (id=7),value=<?>,index=10>
Variable Delete,method=Main#dfs:37 <name=node2,type=int (id=7),value=<?>,index=11>
Variable Delete,method=Main#dfs:37 <name=cost,type=int (id=7),value=<?>,index=12>
Variable Delete,method=Main#dfs:37 <name=next_station,type=int (id=7),value=<?>,index=13>
Variable Write,context=Main#dfs:37,node1=8
Variable Write,context=Main#dfs:37,node2=9
Variable Write,context=Main#dfs:37,cost=21
Variable Write,context=Main#dfs:37,next_station=-1
Variable Delete,method=Main#dfs:37 <name=node1,type=int (id=7),value=<?>,index=10>
Variable Delete,method=Main#dfs:37 <name=node2,type=int (id=7),value=<?>,index=11>
Variable Delete,method=Main#dfs:37 <name=cost,type=int (id=7),value=<?>,index=12>
Variable Delete,method=Main#dfs:37 <name=next_station,type=int (id=7),value=<?>,index=13>
Variable Delete,method=Main#dfs:37 <name=i,type=int (id=7),value=<?>,index=9>
Variable Write,context=Main#dfs:37,next=int[][]:1
Variable Write,context=Main#dfs:37,result=334
Method Exit,returner=Main#dfs:37,value=334
Variable Write,context=Main#main:1,cost=334
Variable Write,context=Main#main:1,max_start=0
Variable Write,context=Main#main:1,max_cost=334
Variable Write,context=Main#main:1,start=1
Variable Delete,method=Main#main:1 <name=cost,type=int (id=7),value=<?>,index=12>
Method Call,caller=Main#main:1,target=Main#dfs:58
Variable Write,context=Main#dfs:58,next=int[][]:1
Variable Write,context=Main#dfs:58,adj_list=int[][]:3
Variable Write,context=Main#dfs:58,nl=10
Variable Write,context=Main#dfs:58,bit=0
Variable Write,context=Main#dfs:58,cur_station=1
Variable Write,context=Main#dfs:58,ns=10
Variable Write,context=Main#dfs:58,max_next_path=2147483647
Variable Write,context=Main#dfs:58,max_next_station=2147483647
Variable Write,context=Main#dfs:58,max_cost=0
Variable Write,context=Main#dfs:58,i=0
Variable Write,context=Main#dfs:58,node1=0
Variable Write,context=Main#dfs:58,node2=1
Variable Write,context=Main#dfs:58,cost=11
Variable Write,context=Main#dfs:58,next_station=-1
Variable Write,context=Main#dfs:58,next_station=0
Method Call,caller=Main#dfs:58,target=Main#dfs:59
Variable Write,context=Main#dfs:59,next=int[][]:1
Variable Write,context=Main#dfs:59,adj_list=int[][]:3
Variable Write,context=Main#dfs:59,nl=10
Variable Write,context=Main#dfs:59,bit=1
Variable Write,context=Main#dfs:59,cur_station=0
Variable Write,context=Main#dfs:59,ns=10
Variable Write,context=Main#dfs:59,max_next_path=2147483647
Variable Write,context=Main#dfs:59,max_next_station=2147483647
Variable Write,context=Main#dfs:59,max_cost=0
Variable Write,context=Main#dfs:59,i=0
Variable Write,context=Main#dfs:59,i=1
Variable Write,context=Main#dfs:59,node1=1
Variable Write,context=Main#dfs:59,node2=2
Variable Write,context=Main#dfs:59,cost=25
Variable Write,context=Main#dfs:59,next_station=-1
Variable Write,context=Main#dfs:59,i=2
Variable Delete,method=Main#dfs:59 <name=node1,type=int (id=7),value=<?>,index=10>
Variable Delete,method=Main#dfs:59 <name=node2,type=int (id=7),value=<?>,index=11>
Variable Delete,method=Main#dfs:59 <name=cost,type=int (id=7),value=<?>,index=12>
Variable Delete,method=Main#dfs:59 <name=next_station,type=int (id=7),value=<?>,index=13>
Variable Write,context=Main#dfs:59,node1=1
Variable Write,context=Main#dfs:59,node2=4
Variable Write,context=Main#dfs:59,cost=81
Variable Write,context=Main#dfs:59,next_station=-1
Variable Write,context=Main#dfs:59,i=3
Variable Delete,method=Main#dfs:59 <name=node1,type=int (id=7),value=<?>,index=10>
Variable Delete,method=Main#dfs:59 <name=node2,type=int (id=7),value=<?>,index=11>
Variable Delete,method=Main#dfs:59 <name=cost,type=int (id=7),value=<?>,index=12>
Variable Delete,method=Main#dfs:59 <name=next_station,type=int (id=7),value=<?>,index=13>
Variable Write,context=Main#dfs:59,node1=1
Variable Write,context=Main#dfs:59,node2=5
Variable Write,context=Main#dfs:59,cost=82
Variable Write,context=Main#dfs:59,next_station=-1
Variable Write,context=Main#dfs:59,i=4
Variable Delete,method=Main#dfs:59 <name=node1,type=int (id=7),value=<?>,index=10>
Variable Delete,method=Main#dfs:59 <name=node2,type=int (id=7),value=<?>,index=11>
Variable Delete,method=Main#dfs:59 <name=cost,type=int (id=7),value=<?>,index=12>
Variable Delete,method=Main#dfs:59 <name=next_station,type=int (id=7),value=<?>,index=13>
Variable Write,context=Main#dfs:59,node1=3
Variable Write,context=Main#dfs:59,node2=4
Variable Write,context=Main#dfs:59,cost=58
Variable Write,context=Main#dfs:59,next_station=-1
Variable Write,context=Main#dfs:59,i=5
Variable Delete,method=Main#dfs:59 <name=node1,type=int (id=7),value=<?>,index=10>
Variable Delete,method=Main#dfs:59 <name=node2,type=int (id=7),value=<?>,index=11>
Variable Delete,method=Main#dfs:59 <name=cost,type=int (id=7),value=<?>,index=12>
Variable Delete,method=Main#dfs:59 <name=next_station,type=int (id=7),value=<?>,index=13>
Variable Write,context=Main#dfs:59,node1=4
Variable Write,context=Main#dfs:59,node2=8
Variable Write,context=Main#dfs:59,cost=68
Variable Write,context=Main#dfs:59,next_station=-1
Variable Write,context=Main#dfs:59,i=6
Variable Delete,method=Main#dfs:59 <name=node1,type=int (id=7),value=<?>,index=10>
Variable Delete,method=Main#dfs:59 <name=node2,type=int (id=7),value=<?>,index=11>
Variable Delete,method=Main#dfs:59 <name=cost,type=int (id=7),value=<?>,index=12>
Variable Delete,method=Main#dfs:59 <name=next_station,type=int (id=7),value=<?>,index=13>
Variable Write,context=Main#dfs:59,node1=5
Variable Write,context=Main#dfs:59,node2=6
Variable Write,context=Main#dfs:59,cost=80
Variable Write,context=Main#dfs:59,next_station=-1
Variable Write,context=Main#dfs:59,i=7
Variable Delete,method=Main#dfs:59 <name=node1,type=int (id=7),value=<?>,index=10>
Variable Delete,method=Main#dfs:59 <name=node2,type=int (id=7),value=<?>,index=11>
Variable Delete,method=Main#dfs:59 <name=cost,type=int (id=7),value=<?>,index=12>
Variable Delete,method=Main#dfs:59 <name=next_station,type=int (id=7),value=<?>,index=13>
Variable Write,context=Main#dfs:59,node1=5
Variable Write,context=Main#dfs:59,node2=8
Variable Write,context=Main#dfs:59,cost=67
Variable Write,context=Main#dfs:59,next_station=-1
Variable Write,context=Main#dfs:59,i=8
Variable Delete,method=Main#dfs:59 <name=node1,type=int (id=7),value=<?>,index=10>
Variable Delete,method=Main#dfs:59 <name=node2,type=int (id=7),value=<?>,index=11>
Variable Delete,method=Main#dfs:59 <name=cost,type=int (id=7),value=<?>,index=12>
Variable Delete,method=Main#dfs:59 <name=next_station,type=int (id=7),value=<?>,index=13>
Variable Write,context=Main#dfs:59,node1=7
Variable Write,context=Main#dfs:59,node2=8
Variable Write,context=Main#dfs:59,cost=44
Variable Write,context=Main#dfs:59,next_station=-1
Variable Write,context=Main#dfs:59,i=9
Variable Delete,method=Main#dfs:59 <name=node1,type=int (id=7),value=<?>,index=10>
Variable Delete,method=Main#dfs:59 <name=node2,type=int (id=7),value=<?>,index=11>
Variable Delete,method=Main#dfs:59 <name=cost,type=int (id=7),value=<?>,index=12>
Variable Delete,method=Main#dfs:59 <name=next_station,type=int (id=7),value=<?>,index=13>
Variable Write,context=Main#dfs:59,node1=8
Variable Write,context=Main#dfs:59,node2=9
Variable Write,context=Main#dfs:59,cost=21
Variable Write,context=Main#dfs:59,next_station=-1
Variable Delete,method=Main#dfs:59 <name=node1,type=int (id=7),value=<?>,index=10>
Variable Delete,method=Main#dfs:59 <name=node2,type=int (id=7),value=<?>,index=11>
Variable Delete,method=Main#dfs:59 <name=cost,type=int (id=7),value=<?>,index=12>
Variable Delete,method=Main#dfs:59 <name=next_station,type=int (id=7),value=<?>,index=13>
Variable Delete,method=Main#dfs:59 <name=i,type=int (id=7),value=<?>,index=9>
Variable Write,context=Main#dfs:59,result=0
Method Exit,returner=Main#dfs:59,value=0
Variable Write,context=Main#dfs:58,ret=11
Variable Write,context=Main#dfs:58,max_next_path=0
Variable Write,context=Main#dfs:58,max_cost=11
Variable Write,context=Main#dfs:58,max_next_station=0
Variable Write,context=Main#dfs:58,i=1
Variable Delete,method=Main#dfs:58 <name=node1,type=int (id=7),value=<?>,index=10>
Variable Delete,method=Main#dfs:58 <name=node2,type=int (id=7),value=<?>,index=11>
Variable Delete,method=Main#dfs:58 <name=cost,type=int (id=7),value=<?>,index=12>
Variable Delete,method=Main#dfs:58 <name=next_station,type=int (id=7),value=<?>,index=13>
Variable Delete,method=Main#dfs:58 <name=ret,type=int (id=7),value=<?>,index=14>
Variable Write,context=Main#dfs:58,node1=1
Variable Write,context=Main#dfs:58,node2=2
Variable Write,context=Main#dfs:58,cost=25
Variable Write,context=Main#dfs:58,next_station=-1
Variable Write,context=Main#dfs:58,next_station=2
Method Call,caller=Main#dfs:58,target=Main#dfs:60
Variable Write,context=Main#dfs:60,next=int[][]:1
Variable Write,context=Main#dfs:60,adj_list=int[][]:3
Variable Write,context=Main#dfs:60,nl=10
Variable Write,context=Main#dfs:60,bit=2
Variable Write,context=Main#dfs:60,cur_station=2
Variable Write,context=Main#dfs:60,ns=10
Variable Write,context=Main#dfs:60,max_next_path=2147483647
Variable Write,context=Main#dfs:60,max_next_station=2147483647
Variable Write,context=Main#dfs:60,max_cost=0
Variable Write,context=Main#dfs:60,i=0
Variable Write,context=Main#dfs:60,node1=0
Variable Write,context=Main#dfs:60,node2=1
Variable Write,context=Main#dfs:60,cost=11
Variable Write,context=Main#dfs:60,next_station=-1
Variable Write,context=Main#dfs:60,i=1
Variable Delete,method=Main#dfs:60 <name=node1,type=int (id=7),value=<?>,index=10>
Variable Delete,method=Main#dfs:60 <name=node2,type=int (id=7),value=<?>,index=11>
Variable Delete,method=Main#dfs:60 <name=cost,type=int (id=7),value=<?>,index=12>
Variable Delete,method=Main#dfs:60 <name=next_station,type=int (id=7),value=<?>,index=13>
Variable Write,context=Main#dfs:60,i=2
Variable Write,context=Main#dfs:60,node1=1
Variable Write,context=Main#dfs:60,node2=4
Variable Write,context=Main#dfs:60,cost=81
Variable Write,context=Main#dfs:60,next_station=-1
Variable Write,context=Main#dfs:60,i=3
Variable Delete,method=Main#dfs:60 <name=node1,type=int (id=7),value=<?>,index=10>
Variable Delete,method=Main#dfs:60 <name=node2,type=int (id=7),value=<?>,index=11>
Variable Delete,method=Main#dfs:60 <name=cost,type=int (id=7),value=<?>,index=12>
Variable Delete,method=Main#dfs:60 <name=next_station,type=int (id=7),value=<?>,index=13>
Variable Write,context=Main#dfs:60,node1=1
Variable Write,context=Main#dfs:60,node2=5
Variable Write,context=Main#dfs:60,cost=82
Variable Write,context=Main#dfs:60,next_station=-1
Variable Write,context=Main#dfs:60,i=4
Variable Delete,method=Main#dfs:60 <name=node1,type=int (id=7),value=<?>,index=10>
Variable Delete,method=Main#dfs:60 <name=node2,type=int (id=7),value=<?>,index=11>
Variable Delete,method=Main#dfs:60 <name=cost,type=int (id=7),value=<?>,index=12>
Variable Delete,method=Main#dfs:60 <name=next_station,type=int (id=7),value=<?>,index=13>
Variable Write,context=Main#dfs:60,node1=3
Variable Write,context=Main#dfs:60,node2=4
Variable Write,context=Main#dfs:60,cost=58
Variable Write,context=Main#dfs:60,next_station=-1
Variable Write,context=Main#dfs:60,i=5
Variable Delete,method=Main#dfs:60 <name=node1,type=int (id=7),value=<?>,index=10>
Variable Delete,method=Main#dfs:60 <name=node2,type=int (id=7),value=<?>,index=11>
Variable Delete,method=Main#dfs:60 <name=cost,type=int (id=7),value=<?>,index=12>
Variable Delete,method=Main#dfs:60 <name=next_station,type=int (id=7),value=<?>,index=13>
Variable Write,context=Main#dfs:60,node1=4
Variable Write,context=Main#dfs:60,node2=8
Variable Write,context=Main#dfs:60,cost=68
Variable Write,context=Main#dfs:60,next_station=-1
Variable Write,context=Main#dfs:60,i=6
Variable Delete,method=Main#dfs:60 <name=node1,type=int (id=7),value=<?>,index=10>
Variable Delete,method=Main#dfs:60 <name=node2,type=int (id=7),value=<?>,index=11>
Variable Delete,method=Main#dfs:60 <name=cost,type=int (id=7),value=<?>,index=12>
Variable Delete,method=Main#dfs:60 <name=next_station,type=int (id=7),value=<?>,index=13>
Variable Write,context=Main#dfs:60,node1=5
Variable Write,context=Main#dfs:60,node2=6
Variable Write,context=Main#dfs:60,cost=80
Variable Write,context=Main#dfs:60,next_station=-1
Variable Write,context=Main#dfs:60,i=7
Variable Delete,method=Main#dfs:60 <name=node1,type=int (id=7),value=<?>,index=10>
Variable Delete,method=Main#dfs:60 <name=node2,type=int (id=7),value=<?>,index=11>
Variable Delete,method=Main#dfs:60 <name=cost,type=int (id=7),value=<?>,index=12>
Variable Delete,method=Main#dfs:60 <name=next_station,type=int (id=7),value=<?>,index=13>
Variable Write,context=Main#dfs:60,node1=5
Variable Write,context=Main#dfs:60,node2=8
Variable Write,context=Main#dfs:60,cost=67
Variable Write,context=Main#dfs:60,next_station=-1
Variable Write,context=Main#dfs:60,i=8
Variable Delete,method=Main#dfs:60 <name=node1,type=int (id=7),value=<?>,index=10>
Variable Delete,method=Main#dfs:60 <name=node2,type=int (id=7),value=<?>,index=11>
Variable Delete,method=Main#dfs:60 <name=cost,type=int (id=7),value=<?>,index=12>
Variable Delete,method=Main#dfs:60 <name=next_station,type=int (id=7),value=<?>,index=13>
Variable Write,context=Main#dfs:60,node1=7
Variable Write,context=Main#dfs:60,node2=8
Variable Write,context=Main#dfs:60,cost=44
Variable Write,context=Main#dfs:60,next_station=-1
Variable Write,context=Main#dfs:60,i=9
Variable Delete,method=Main#dfs:60 <name=node1,type=int (id=7),value=<?>,index=10>
Variable Delete,method=Main#dfs:60 <name=node2,type=int (id=7),value=<?>,index=11>
Variable Delete,method=Main#dfs:60 <name=cost,type=int (id=7),value=<?>,index=12>
Variable Delete,method=Main#dfs:60 <name=next_station,type=int (id=7),value=<?>,index=13>
Variable Write,context=Main#dfs:60,node1=8
Variable Write,context=Main#dfs:60,node2=9
Variable Write,context=Main#dfs:60,cost=21
Variable Write,context=Main#dfs:60,next_station=-1
Variable Delete,method=Main#dfs:60 <name=node1,type=int (id=7),value=<?>,index=10>
Variable Delete,method=Main#dfs:60 <name=node2,type=int (id=7),value=<?>,index=11>
Variable Delete,method=Main#dfs:60 <name=cost,type=int (id=7),value=<?>,index=12>
Variable Delete,method=Main#dfs:60 <name=next_station,type=int (id=7),value=<?>,index=13>
Variable Delete,method=Main#dfs:60 <name=i,type=int (id=7),value=<?>,index=9>
Variable Write,context=Main#dfs:60,result=0
Method Exit,returner=Main#dfs:60,value=0
Variable Write,context=Main#dfs:58,ret=25
Variable Write,context=Main#dfs:58,max_next_path=1
Variable Write,context=Main#dfs:58,max_cost=25
Variable Write,context=Main#dfs:58,max_next_station=2
Variable Write,context=Main#dfs:58,i=2
Variable Delete,method=Main#dfs:58 <name=node1,type=int (id=7),value=<?>,index=10>
Variable Delete,method=Main#dfs:58 <name=node2,type=int (id=7),value=<?>,index=11>
Variable Delete,method=Main#dfs:58 <name=cost,type=int (id=7),value=<?>,index=12>
Variable Delete,method=Main#dfs:58 <name=next_station,type=int (id=7),value=<?>,index=13>
Variable Delete,method=Main#dfs:58 <name=ret,type=int (id=7),value=<?>,index=14>
Variable Write,context=Main#dfs:58,node1=1
Variable Write,context=Main#dfs:58,node2=4
Variable Write,context=Main#dfs:58,cost=81
Variable Write,context=Main#dfs:58,next_station=-1
Variable Write,context=Main#dfs:58,next_station=4
Method Call,caller=Main#dfs:58,target=Main#dfs:61
Variable Write,context=Main#dfs:61,next=int[][]:1
Variable Write,context=Main#dfs:61,adj_list=int[][]:3
Variable Write,context=Main#dfs:61,nl=10
Variable Write,context=Main#dfs:61,bit=4
Variable Write,context=Main#dfs:61,cur_station=4
Variable Write,context=Main#dfs:61,ns=10
Variable Write,context=Main#dfs:61,max_next_path=2147483647
Variable Write,context=Main#dfs:61,max_next_station=2147483647
Variable Write,context=Main#dfs:61,max_cost=0
Variable Write,context=Main#dfs:61,i=0
Variable Write,context=Main#dfs:61,node1=0
Variable Write,context=Main#dfs:61,node2=1
Variable Write,context=Main#dfs:61,cost=11
Variable Write,context=Main#dfs:61,next_station=-1
Variable Write,context=Main#dfs:61,i=1
Variable Delete,method=Main#dfs:61 <name=node1,type=int (id=7),value=<?>,index=10>
Variable Delete,method=Main#dfs:61 <name=node2,type=int (id=7),value=<?>,index=11>
Variable Delete,method=Main#dfs:61 <name=cost,type=int (id=7),value=<?>,index=12>
Variable Delete,method=Main#dfs:61 <name=next_station,type=int (id=7),value=<?>,index=13>
Variable Write,context=Main#dfs:61,node1=1
Variable Write,context=Main#dfs:61,node2=2
Variable Write,context=Main#dfs:61,cost=25
Variable Write,context=Main#dfs:61,next_station=-1
Variable Write,context=Main#dfs:61,i=2
Variable Delete,method=Main#dfs:61 <name=node1,type=int (id=7),value=<?>,index=10>
Variable Delete,method=Main#dfs:61 <name=node2,type=int (id=7),value=<?>,index=11>
Variable Delete,method=Main#dfs:61 <name=cost,type=int (id=7),value=<?>,index=12>
Variable Delete,method=Main#dfs:61 <name=next_station,type=int (id=7),value=<?>,index=13>
Variable Write,context=Main#dfs:61,i=3
Variable Write,context=Main#dfs:61,node1=1
Variable Write,context=Main#dfs:61,node2=5
Variable Write,context=Main#dfs:61,cost=82
Variable Write,context=Main#dfs:61,next_station=-1
Variable Write,context=Main#dfs:61,i=4
Variable Delete,method=Main#dfs:61 <name=node1,type=int (id=7),value=<?>,index=10>
Variable Delete,method=Main#dfs:61 <name=node2,type=int (id=7),value=<?>,index=11>
Variable Delete,method=Main#dfs:61 <name=cost,type=int (id=7),value=<?>,index=12>
Variable Delete,method=Main#dfs:61 <name=next_station,type=int (id=7),value=<?>,index=13>
Variable Write,context=Main#dfs:61,node1=3
Variable Write,context=Main#dfs:61,node2=4
Variable Write,context=Main#dfs:61,cost=58
Variable Write,context=Main#dfs:61,next_station=-1
Variable Write,context=Main#dfs:61,next_station=3
Method Call,caller=Main#dfs:61,target=Main#dfs:62
Variable Write,context=Main#dfs:62,next=int[][]:1
Variable Write,context=Main#dfs:62,adj_list=int[][]:3
Variable Write,context=Main#dfs:62,nl=10
Variable Write,context=Main#dfs:62,bit=20
Variable Write,context=Main#dfs:62,cur_station=3
Variable Write,context=Main#dfs:62,ns=10
Variable Write,context=Main#dfs:62,max_next_path=2147483647
Variable Write,context=Main#dfs:62,max_next_station=2147483647
Variable Write,context=Main#dfs:62,max_cost=0
Variable Write,context=Main#dfs:62,i=0
Variable Write,context=Main#dfs:62,node1=0
Variable Write,context=Main#dfs:62,node2=1
Variable Write,context=Main#dfs:62,cost=11
Variable Write,context=Main#dfs:62,next_station=-1
Variable Write,context=Main#dfs:62,i=1
Variable Delete,method=Main#dfs:62 <name=node1,type=int (id=7),value=<?>,index=10>
Variable Delete,method=Main#dfs:62 <name=node2,type=int (id=7),value=<?>,index=11>
Variable Delete,method=Main#dfs:62 <name=cost,type=int (id=7),value=<?>,index=12>
Variable Delete,method=Main#dfs:62 <name=next_station,type=int (id=7),value=<?>,index=13>
Variable Write,context=Main#dfs:62,node1=1
Variable Write,context=Main#dfs:62,node2=2
Variable Write,context=Main#dfs:62,cost=25
Variable Write,context=Main#dfs:62,next_station=-1
Variable Write,context=Main#dfs:62,i=2
Variable Delete,method=Main#dfs:62 <name=node1,type=int (id=7),value=<?>,index=10>
Variable Delete,method=Main#dfs:62 <name=node2,type=int (id=7),value=<?>,index=11>
Variable Delete,method=Main#dfs:62 <name=cost,type=int (id=7),value=<?>,index=12>
Variable Delete,method=Main#dfs:62 <name=next_station,type=int (id=7),value=<?>,index=13>
Variable Write,context=Main#dfs:62,i=3
Variable Write,context=Main#dfs:62,node1=1
Variable Write,context=Main#dfs:62,node2=5
Variable Write,context=Main#dfs:62,cost=82
Variable Write,context=Main#dfs:62,next_station=-1
Variable Write,context=Main#dfs:62,i=4
Variable Delete,method=Main#dfs:62 <name=node1,type=int (id=7),value=<?>,index=10>
Variable Delete,method=Main#dfs:62 <name=node2,type=int (id=7),value=<?>,index=11>
Variable Delete,method=Main#dfs:62 <name=cost,type=int (id=7),value=<?>,index=12>
Variable Delete,method=Main#dfs:62 <name=next_station,type=int (id=7),value=<?>,index=13>
Variable Write,context=Main#dfs:62,i=5
Variable Write,context=Main#dfs:62,node1=4
Variable Write,context=Main#dfs:62,node2=8
Variable Write,context=Main#dfs:62,cost=68
Variable Write,context=Main#dfs:62,next_station=-1
Variable Write,context=Main#dfs:62,i=6
Variable Delete,method=Main#dfs:62 <name=node1,type=int (id=7),value=<?>,index=10>
Variable Delete,method=Main#dfs:62 <name=node2,type=int (id=7),value=<?>,index=11>
Variable Delete,method=Main#dfs:62 <name=cost,type=int (id=7),value=<?>,index=12>
Variable Delete,method=Main#dfs:62 <name=next_station,type=int (id=7),value=<?>,index=13>
Variable Write,context=Main#dfs:62,node1=5
Variable Write,context=Main#dfs:62,node2=6
Variable Write,context=Main#dfs:62,cost=80
Variable Write,context=Main#dfs:62,next_station=-1
Variable Write,context=Main#dfs:62,i=7
Variable Delete,method=Main#dfs:62 <name=node1,type=int (id=7),value=<?>,index=10>
Variable Delete,method=Main#dfs:62 <name=node2,type=int (id=7),value=<?>,index=11>
Variable Delete,method=Main#dfs:62 <name=cost,type=int (id=7),value=<?>,index=12>
Variable Delete,method=Main#dfs:62 <name=next_station,type=int (id=7),value=<?>,index=13>
Variable Write,context=Main#dfs:62,node1=5
Variable Write,context=Main#dfs:62,node2=8
Variable Write,context=Main#dfs:62,cost=67
Variable Write,context=Main#dfs:62,next_station=-1
Variable Write,context=Main#dfs:62,i=8
Variable Delete,method=Main#dfs:62 <name=node1,type=int (id=7),value=<?>,index=10>
Variable Delete,method=Main#dfs:62 <name=node2,type=int (id=7),value=<?>,index=11>
Variable Delete,method=Main#dfs:62 <name=cost,type=int (id=7),value=<?>,index=12>
Variable Delete,method=Main#dfs:62 <name=next_station,type=int (id=7),value=<?>,index=13>
Variable Write,context=Main#dfs:62,node1=7
Variable Write,context=Main#dfs:62,node2=8
Variable Write,context=Main#dfs:62,cost=44
Variable Write,context=Main#dfs:62,next_station=-1
Variable Write,context=Main#dfs:62,i=9
Variable Delete,method=Main#dfs:62 <name=node1,type=int (id=7),value=<?>,index=10>
Variable Delete,method=Main#dfs:62 <name=node2,type=int (id=7),value=<?>,index=11>
Variable Delete,method=Main#dfs:62 <name=cost,type=int (id=7),value=<?>,index=12>
Variable Delete,method=Main#dfs:62 <name=next_station,type=int (id=7),value=<?>,index=13>
Variable Write,context=Main#dfs:62,node1=8
Variable Write,context=Main#dfs:62,node2=9
Variable Write,context=Main#dfs:62,cost=21
Variable Write,context=Main#dfs:62,next_station=-1
Variable Delete,method=Main#dfs:62 <name=node1,type=int (id=7),value=<?>,index=10>
Variable Delete,method=Main#dfs:62 <name=node2,type=int (id=7),value=<?>,index=11>
Variable Delete,method=Main#dfs:62 <name=cost,type=int (id=7),value=<?>,index=12>
Variable Delete,method=Main#dfs:62 <name=next_station,type=int (id=7),value=<?>,index=13>
Variable Delete,method=Main#dfs:62 <name=i,type=int (id=7),value=<?>,index=9>
Variable Write,context=Main#dfs:62,result=0
Method Exit,returner=Main#dfs:62,value=0
Variable Write,context=Main#dfs:61,ret=58
Variable Write,context=Main#dfs:61,max_next_path=4
Variable Write,context=Main#dfs:61,max_cost=58
Variable Write,context=Main#dfs:61,max_next_station=3
Variable Write,context=Main#dfs:61,i=5
Variable Delete,method=Main#dfs:61 <name=node1,type=int (id=7),value=<?>,index=10>
Variable Delete,method=Main#dfs:61 <name=node2,type=int (id=7),value=<?>,index=11>
Variable Delete,method=Main#dfs:61 <name=cost,type=int (id=7),value=<?>,index=12>
Variable Delete,method=Main#dfs:61 <name=next_station,type=int (id=7),value=<?>,index=13>
Variable Delete,method=Main#dfs:61 <name=ret,type=int (id=7),value=<?>,index=14>
Variable Write,context=Main#dfs:61,node1=4
Variable Write,context=Main#dfs:61,node2=8
Variable Write,context=Main#dfs:61,cost=68
Variable Write,context=Main#dfs:61,next_station=-1
Variable Write,context=Main#dfs:61,next_station=8
Method Call,caller=Main#dfs:61,target=Main#dfs:63
Variable Write,context=Main#dfs:63,next=int[][]:1
Variable Write,context=Main#dfs:63,adj_list=int[][]:3
Variable Write,context=Main#dfs:63,nl=10
Variable Write,context=Main#dfs:63,bit=36
Variable Write,context=Main#dfs:63,cur_station=8
Variable Write,context=Main#dfs:63,ns=10
Variable Write,context=Main#dfs:63,max_next_path=2147483647
Variable Write,context=Main#dfs:63,max_next_station=2147483647
Variable Write,context=Main#dfs:63,max_cost=0
Variable Write,context=Main#dfs:63,i=0
Variable Write,context=Main#dfs:63,node1=0
Variable Write,context=Main#dfs:63,node2=1
Variable Write,context=Main#dfs:63,cost=11
Variable Write,context=Main#dfs:63,next_station=-1
Variable Write,context=Main#dfs:63,i=1
Variable Delete,method=Main#dfs:63 <name=node1,type=int (id=7),value=<?>,index=10>
Variable Delete,method=Main#dfs:63 <name=node2,type=int (id=7),value=<?>,index=11>
Variable Delete,method=Main#dfs:63 <name=cost,type=int (id=7),value=<?>,index=12>
Variable Delete,method=Main#dfs:63 <name=next_station,type=int (id=7),value=<?>,index=13>
Variable Write,context=Main#dfs:63,node1=1
Variable Write,context=Main#dfs:63,node2=2
Variable Write,context=Main#dfs:63,cost=25
Variable Write,context=Main#dfs:63,next_station=-1
Variable Write,context=Main#dfs:63,i=2
Variable Delete,method=Main#dfs:63 <name=node1,type=int (id=7),value=<?>,index=10>
Variable Delete,method=Main#dfs:63 <name=node2,type=int (id=7),value=<?>,index=11>
Variable Delete,method=Main#dfs:63 <name=cost,type=int (id=7),value=<?>,index=12>
Variable Delete,method=Main#dfs:63 <name=next_station,type=int (id=7),value=<?>,index=13>
Variable Write,context=Main#dfs:63,i=3
Variable Write,context=Main#dfs:63,node1=1
Variable Write,context=Main#dfs:63,node2=5
Variable Write,context=Main#dfs:63,cost=82
Variable Write,context=Main#dfs:63,next_station=-1
Variable Write,context=Main#dfs:63,i=4
Variable Delete,method=Main#dfs:63 <name=node1,type=int (id=7),value=<?>,index=10>
Variable Delete,method=Main#dfs:63 <name=node2,type=int (id=7),value=<?>,index=11>
Variable Delete,method=Main#dfs:63 <name=cost,type=int (id=7),value=<?>,index=12>
Variable Delete,method=Main#dfs:63 <name=next_station,type=int (id=7),value=<?>,index=13>
Variable Write,context=Main#dfs:63,node1=3
Variable Write,context=Main#dfs:63,node2=4
Variable Write,context=Main#dfs:63,cost=58
Variable Write,context=Main#dfs:63,next_station=-1
Variable Write,context=Main#dfs:63,i=5
Variable Delete,method=Main#dfs:63 <name=node1,type=int (id=7),value=<?>,index=10>
Variable Delete,method=Main#dfs:63 <name=node2,type=int (id=7),value=<?>,index=11>
Variable Delete,method=Main#dfs:63 <name=cost,type=int (id=7),value=<?>,index=12>
Variable Delete,method=Main#dfs:63 <name=next_station,type=int (id=7),value=<?>,index=13>
Variable Write,context=Main#dfs:63,i=6
Variable Write,context=Main#dfs:63,node1=5
Variable Write,context=Main#dfs:63,node2=6
Variable Write,context=Main#dfs:63,cost=80
Variable Write,context=Main#dfs:63,next_station=-1
Variable Write,context=Main#dfs:63,i=7
Variable Delete,method=Main#dfs:63 <name=node1,type=int (id=7),value=<?>,index=10>
Variable Delete,method=Main#dfs:63 <name=node2,type=int (id=7),value=<?>,index=11>
Variable Delete,method=Main#dfs:63 <name=cost,type=int (id=7),value=<?>,index=12>
Variable Delete,method=Main#dfs:63 <name=next_station,type=int (id=7),value=<?>,index=13>
Variable Write,context=Main#dfs:63,node1=5
Variable Write,context=Main#dfs:63,node2=8
Variable Write,context=Main#dfs:63,cost=67
Variable Write,context=Main#dfs:63,next_station=-1
Variable Write,context=Main#dfs:63,next_station=5
Method Call,caller=Main#dfs:63,target=Main#dfs:64
Variable Write,context=Main#dfs:64,next=int[][]:1
Variable Write,context=Main#dfs:64,adj_list=int[][]:3
Variable Write,context=Main#dfs:64,nl=10
Variable Write,context=Main#dfs:64,bit=164
Variable Write,context=Main#dfs:64,cur_station=5
Variable Write,context=Main#dfs:64,ns=10
Variable Write,context=Main#dfs:64,max_next_path=2147483647
Variable Write,context=Main#dfs:64,max_next_station=2147483647
Variable Write,context=Main#dfs:64,max_cost=0
Variable Write,context=Main#dfs:64,i=0
Variable Write,context=Main#dfs:64,node1=0
Variable Write,context=Main#dfs:64,node2=1
Variable Write,context=Main#dfs:64,cost=11
Variable Write,context=Main#dfs:64,next_station=-1
Variable Write,context=Main#dfs:64,i=1
Variable Delete,method=Main#dfs:64 <name=node1,type=int (id=7),value=<?>,index=10>
Variable Delete,method=Main#dfs:64 <name=node2,type=int (id=7),value=<?>,index=11>
Variable Delete,method=Main#dfs:64 <name=cost,type=int (id=7),value=<?>,index=12>
Variable Delete,method=Main#dfs:64 <name=next_station,type=int (id=7),value=<?>,index=13>
Variable Write,context=Main#dfs:64,node1=1
Variable Write,context=Main#dfs:64,node2=2
Variable Write,context=Main#dfs:64,cost=25
Variable Write,context=Main#dfs:64,next_station=-1
Variable Write,context=Main#dfs:64,i=2
Variable Delete,method=Main#dfs:64 <name=node1,type=int (id=7),value=<?>,index=10>
Variable Delete,method=Main#dfs:64 <name=node2,type=int (id=7),value=<?>,index=11>
Variable Delete,method=Main#dfs:64 <name=cost,type=int (id=7),value=<?>,index=12>
Variable Delete,method=Main#dfs:64 <name=next_station,type=int (id=7),value=<?>,index=13>
Variable Write,context=Main#dfs:64,i=3
Variable Write,context=Main#dfs:64,node1=1
Variable Write,context=Main#dfs:64,node2=5
Variable Write,context=Main#dfs:64,cost=82
Variable Write,context=Main#dfs:64,next_station=-1
Variable Write,context=Main#dfs:64,next_station=1
Method Call,caller=Main#dfs:64,target=Main#dfs:65
Variable Write,context=Main#dfs:65,next=int[][]:1
Variable Write,context=Main#dfs:65,adj_list=int[][]:3
Variable Write,context=Main#dfs:65,nl=10
Variable Write,context=Main#dfs:65,bit=172
Variable Write,context=Main#dfs:65,cur_station=1
Variable Write,context=Main#dfs:65,ns=10
Variable Write,context=Main#dfs:65,max_next_path=2147483647
Variable Write,context=Main#dfs:65,max_next_station=2147483647
Variable Write,context=Main#dfs:65,max_cost=0
Variable Write,context=Main#dfs:65,i=0
Variable Write,context=Main#dfs:65,node1=0
Variable Write,context=Main#dfs:65,node2=1
Variable Write,context=Main#dfs:65,cost=11
Variable Write,context=Main#dfs:65,next_station=-1
Variable Write,context=Main#dfs:65,next_station=0
Method Call,caller=Main#dfs:65,target=Main#dfs:66
Variable Write,context=Main#dfs:66,next=int[][]:1
Variable Write,context=Main#dfs:66,adj_list=int[][]:3
Variable Write,context=Main#dfs:66,nl=10
Variable Write,context=Main#dfs:66,bit=173
Variable Write,context=Main#dfs:66,cur_station=0
Variable Write,context=Main#dfs:66,ns=10
Variable Write,context=Main#dfs:66,max_next_path=2147483647
Variable Write,context=Main#dfs:66,max_next_station=2147483647
Variable Write,context=Main#dfs:66,max_cost=0
Variable Write,context=Main#dfs:66,i=0
Variable Write,context=Main#dfs:66,i=1
Variable Write,context=Main#dfs:66,node1=1
Variable Write,context=Main#dfs:66,node2=2
Variable Write,context=Main#dfs:66,cost=25
Variable Write,context=Main#dfs:66,next_station=-1
Variable Write,context=Main#dfs:66,i=2
Variable Delete,method=Main#dfs:66 <name=node1,type=int (id=7),value=<?>,index=10>
Variable Delete,method=Main#dfs:66 <name=node2,type=int (id=7),value=<?>,index=11>
Variable Delete,method=Main#dfs:66 <name=cost,type=int (id=7),value=<?>,index=12>
Variable Delete,method=Main#dfs:66 <name=next_station,type=int (id=7),value=<?>,index=13>
Variable Write,context=Main#dfs:66,i=3
Variable Write,context=Main#dfs:66,i=4
Variable Write,context=Main#dfs:66,node1=3
Variable Write,context=Main#dfs:66,node2=4
Variable Write,context=Main#dfs:66,cost=58
Variable Write,context=Main#dfs:66,next_station=-1
Variable Write,context=Main#dfs:66,i=5
Variable Delete,method=Main#dfs:66 <name=node1,type=int (id=7),value=<?>,index=10>
Variable Delete,method=Main#dfs:66 <name=node2,type=int (id=7),value=<?>,index=11>
Variable Delete,method=Main#dfs:66 <name=cost,type=int (id=7),value=<?>,index=12>
Variable Delete,method=Main#dfs:66 <name=next_station,type=int (id=7),value=<?>,index=13>
Variable Write,context=Main#dfs:66,i=6
Variable Write,context=Main#dfs:66,node1=5
Variable Write,context=Main#dfs:66,node2=6
Variable Write,context=Main#dfs:66,cost=80
Variable Write,context=Main#dfs:66,next_station=-1
Variable Write,context=Main#dfs:66,i=7
Variable Delete,method=Main#dfs:66 <name=node1,type=int (id=7),value=<?>,index=10>
Variable Delete,method=Main#dfs:66 <name=node2,type=int (id=7),value=<?>,index=11>
Variable Delete,method=Main#dfs:66 <name=cost,type=int (id=7),value=<?>,index=12>
Variable Delete,method=Main#dfs:66 <name=next_station,type=int (id=7),value=<?>,index=13>
Variable Write,context=Main#dfs:66,i=8
Variable Write,context=Main#dfs:66,node1=7
Variable Write,context=Main#dfs:66,node2=8
Variable Write,context=Main#dfs:66,cost=44
Variable Write,context=Main#dfs:66,next_station=-1
Variable Write,context=Main#dfs:66,i=9
Variable Delete,method=Main#dfs:66 <name=node1,type=int (id=7),value=<?>,index=10>
Variable Delete,method=Main#dfs:66 <name=node2,type=int (id=7),value=<?>,index=11>
Variable Delete,method=Main#dfs:66 <name=cost,type=int (id=7),value=<?>,index=12>
Variable Delete,method=Main#dfs:66 <name=next_station,type=int (id=7),value=<?>,index=13>
Variable Write,context=Main#dfs:66,node1=8
Variable Write,context=Main#dfs:66,node2=9
Variable Write,context=Main#dfs:66,cost=21
Variable Write,context=Main#dfs:66,next_station=-1
Variable Delete,method=Main#dfs:66 <name=node1,type=int (id=7),value=<?>,index=10>
Variable Delete,method=Main#dfs:66 <name=node2,type=int (id=7),value=<?>,index=11>
Variable Delete,method=Main#dfs:66 <name=cost,type=int (id=7),value=<?>,index=12>
Variable Delete,method=Main#dfs:66 <name=next_station,type=int (id=7),value=<?>,index=13>
Variable Delete,method=Main#dfs:66 <name=i,type=int (id=7),value=<?>,index=9>
Variable Write,context=Main#dfs:66,result=0
Method Exit,returner=Main#dfs:66,value=0
Variable Write,context=Main#dfs:65,ret=11
Variable Write,context=Main#dfs:65,max_next_path=0
Variable Write,context=Main#dfs:65,max_cost=11
Variable Write,context=Main#dfs:65,max_next_station=0
Variable Write,context=Main#dfs:65,i=1
Variable Delete,method=Main#dfs:65 <name=node1,type=int (id=7),value=<?>,index=10>
Variable Delete,method=Main#dfs:65 <name=node2,type=int (id=7),value=<?>,index=11>
Variable Delete,method=Main#dfs:65 <name=cost,type=int (id=7),value=<?>,index=12>
Variable Delete,method=Main#dfs:65 <name=next_station,type=int (id=7),value=<?>,index=13>
Variable Delete,method=Main#dfs:65 <name=ret,type=int (id=7),value=<?>,index=14>
Variable Write,context=Main#dfs:65,node1=1
Variable Write,context=Main#dfs:65,node2=2
Variable Write,context=Main#dfs:65,cost=25
Variable Write,context=Main#dfs:65,next_station=-1
Variable Write,context=Main#dfs:65,next_station=2
Method Call,caller=Main#dfs:65,target=Main#dfs:67
Variable Write,context=Main#dfs:67,next=int[][]:1
Variable Write,context=Main#dfs:67,adj_list=int[][]:3
Variable Write,context=Main#dfs:67,nl=10
Variable Write,context=Main#dfs:67,bit=174
Variable Write,context=Main#dfs:67,cur_station=2
Variable Write,context=Main#dfs:67,ns=10
Variable Write,context=Main#dfs:67,max_next_path=2147483647
Variable Write,context=Main#dfs:67,max_next_station=2147483647
Variable Write,context=Main#dfs:67,max_cost=0
Variable Write,context=Main#dfs:67,i=0
Variable Write,context=Main#dfs:67,node1=0
Variable Write,context=Main#dfs:67,node2=1
Variable Write,context=Main#dfs:67,cost=11
Variable Write,context=Main#dfs:67,next_station=-1
Variable Write,context=Main#dfs:67,i=1
Variable Delete,method=Main#dfs:67 <name=node1,type=int (id=7),value=<?>,index=10>
Variable Delete,method=Main#dfs:67 <name=node2,type=int (id=7),value=<?>,index=11>
Variable Delete,method=Main#dfs:67 <name=cost,type=int (id=7),value=<?>,index=12>
Variable Delete,method=Main#dfs:67 <name=next_station,type=int (id=7),value=<?>,index=13>
Variable Write,context=Main#dfs:67,i=2
Variable Write,context=Main#dfs:67,i=3
Variable Write,context=Main#dfs:67,i=4
Variable Write,context=Main#dfs:67,node1=3
Variable Write,context=Main#dfs:67,node2=4
Variable Write,context=Main#dfs:67,cost=58
Variable Write,context=Main#dfs:67,next_station=-1
Variable Write,context=Main#dfs:67,i=5
Variable Delete,method=Main#dfs:67 <name=node1,type=int (id=7),value=<?>,index=10>
Variable Delete,method=Main#dfs:67 <name=node2,type=int (id=7),value=<?>,index=11>
Variable Delete,method=Main#dfs:67 <name=cost,type=int (id=7),value=<?>,index=12>
Variable Delete,method=Main#dfs:67 <name=next_station,type=int (id=7),value=<?>,index=13>
Variable Write,context=Main#dfs:67,i=6
Variable Write,context=Main#dfs:67,node1=5
Variable Write,context=Main#dfs:67,node2=6
Variable Write,context=Main#dfs:67,cost=80
Variable Write,context=Main#dfs:67,next_station=-1
Variable Write,context=Main#dfs:67,i=7
Variable Delete,method=Main#dfs:67 <name=node1,type=int (id=7),value=<?>,index=10>
Variable Delete,method=Main#dfs:67 <name=node2,type=int (id=7),value=<?>,index=11>
Variable Delete,method=Main#dfs:67 <name=cost,type=int (id=7),value=<?>,index=12>
Variable Delete,method=Main#dfs:67 <name=next_station,type=int (id=7),value=<?>,index=13>
Variable Write,context=Main#dfs:67,i=8
Variable Write,context=Main#dfs:67,node1=7
Variable Write,context=Main#dfs:67,node2=8
Variable Write,context=Main#dfs:67,cost=44
Variable Write,context=Main#dfs:67,next_station=-1
Variable Write,context=Main#dfs:67,i=9
Variable Delete,method=Main#dfs:67 <name=node1,type=int (id=7),value=<?>,index=10>
Variable Delete,method=Main#dfs:67 <name=node2,type=int (id=7),value=<?>,index=11>
Variable Delete,method=Main#dfs:67 <name=cost,type=int (id=7),value=<?>,index=12>
Variable Delete,method=Main#dfs:67 <name=next_station,type=int (id=7),value=<?>,index=13>
Variable Write,context=Main#dfs:67,node1=8
Variable Write,context=Main#dfs:67,node2=9
Variable Write,context=Main#dfs:67,cost=21
Variable Write,context=Main#dfs:67,next_station=-1
Variable Delete,method=Main#dfs:67 <name=node1,type=int (id=7),value=<?>,index=10>
Variable Delete,method=Main#dfs:67 <name=node2,type=int (id=7),value=<?>,index=11>
Variable Delete,method=Main#dfs:67 <name=cost,type=int (id=7),value=<?>,index=12>
Variable Delete,method=Main#dfs:67 <name=next_station,type=int (id=7),value=<?>,index=13>
Variable Delete,method=Main#dfs:67 <name=i,type=int (id=7),value=<?>,index=9>
Variable Write,context=Main#dfs:67,result=0
Method Exit,returner=Main#dfs:67,value=0
Variable Write,context=Main#dfs:65,ret=25
Variable Write,context=Main#dfs:65,max_next_path=1
Variable Write,context=Main#dfs:65,max_cost=25
Variable Write,context=Main#dfs:65,max_next_station=2
Variable Write,context=Main#dfs:65,i=2
Variable Delete,method=Main#dfs:65 <name=node1,type=int (id=7),value=<?>,index=10>
Variable Delete,method=Main#dfs:65 <name=node2,type=int (id=7),value=<?>,index=11>
Variable Delete,method=Main#dfs:65 <name=cost,type=int (id=7),value=<?>,index=12>
Variable Delete,method=Main#dfs:65 <name=next_station,type=int (id=7),value=<?>,index=13>
Variable Delete,method=Main#dfs:65 <name=ret,type=int (id=7),value=<?>,index=14>
Variable Write,context=Main#dfs:65,i=3
Variable Write,context=Main#dfs:65,i=4
Variable Write,context=Main#dfs:65,node1=3
Variable Write,context=Main#dfs:65,node2=4
Variable Write,context=Main#dfs:65,cost=58
Variable Write,context=Main#dfs:65,next_station=-1
Variable Write,context=Main#dfs:65,i=5
Variable Delete,method=Main#dfs:65 <name=node1,type=int (id=7),value=<?>,index=10>
Variable Delete,method=Main#dfs:65 <name=node2,type=int (id=7),value=<?>,index=11>
Variable Delete,method=Main#dfs:65 <name=cost,type=int (id=7),value=<?>,index=12>
Variable Delete,method=Main#dfs:65 <name=next_station,type=int (id=7),value=<?>,index=13>
Variable Write,context=Main#dfs:65,i=6
Variable Write,context=Main#dfs:65,node1=5
Variable Write,context=Main#dfs:65,node2=6
Variable Write,context=Main#dfs:65,cost=80
Variable Write,context=Main#dfs:65,next_station=-1
Variable Write,context=Main#dfs:65,i=7
Variable Delete,method=Main#dfs:65 <name=node1,type=int (id=7),value=<?>,index=10>
Variable Delete,method=Main#dfs:65 <name=node2,type=int (id=7),value=<?>,index=11>
Variable Delete,method=Main#dfs:65 <name=cost,type=int (id=7),value=<?>,index=12>
Variable Delete,method=Main#dfs:65 <name=next_station,type=int (id=7),value=<?>,index=13>
Variable Write,context=Main#dfs:65,i=8
Variable Write,context=Main#dfs:65,node1=7
Variable Write,context=Main#dfs:65,node2=8
Variable Write,context=Main#dfs:65,cost=44
Variable Write,context=Main#dfs:65,next_station=-1
Variable Write,context=Main#dfs:65,i=9
Variable Delete,method=Main#dfs:65 <name=node1,type=int (id=7),value=<?>,index=10>
Variable Delete,method=Main#dfs:65 <name=node2,type=int (id=7),value=<?>,index=11>
Variable Delete,method=Main#dfs:65 <name=cost,type=int (id=7),value=<?>,index=12>
Variable Delete,method=Main#dfs:65 <name=next_station,type=int (id=7),value=<?>,index=13>
Variable Write,context=Main#dfs:65,node1=8
Variable Write,context=Main#dfs:65,node2=9
Variable Write,context=Main#dfs:65,cost=21
Variable Write,context=Main#dfs:65,next_station=-1
Variable Delete,method=Main#dfs:65 <name=node1,type=int (id=7),value=<?>,index=10>
Variable Delete,method=Main#dfs:65 <name=node2,type=int (id=7),value=<?>,index=11>
Variable Delete,method=Main#dfs:65 <name=cost,type=int (id=7),value=<?>,index=12>
Variable Delete,method=Main#dfs:65 <name=next_station,type=int (id=7),value=<?>,index=13>
Variable Delete,method=Main#dfs:65 <name=i,type=int (id=7),value=<?>,index=9>
Variable Write,context=Main#dfs:65,next=int[][]:1
Variable Write,context=Main#dfs:65,result=25
Method Exit,returner=Main#dfs:65,value=25
Variable Write,context=Main#dfs:64,ret=107
Variable Write,context=Main#dfs:64,max_next_path=3
Variable Write,context=Main#dfs:64,max_cost=107
Variable Write,context=Main#dfs:64,max_next_station=1
Variable Write,context=Main#dfs:64,i=4
Variable Delete,method=Main#dfs:64 <name=node1,type=int (id=7),value=<?>,index=10>
Variable Delete,method=Main#dfs:64 <name=node2,type=int (id=7),value=<?>,index=11>
Variable Delete,method=Main#dfs:64 <name=cost,type=int (id=7),value=<?>,index=12>
Variable Delete,method=Main#dfs:64 <name=next_station,type=int (id=7),value=<?>,index=13>
Variable Delete,method=Main#dfs:64 <name=ret,type=int (id=7),value=<?>,index=14>
Variable Write,context=Main#dfs:64,node1=3
Variable Write,context=Main#dfs:64,node2=4
Variable Write,context=Main#dfs:64,cost=58
Variable Write,context=Main#dfs:64,next_station=-1
Variable Write,context=Main#dfs:64,i=5
Variable Delete,method=Main#dfs:64 <name=node1,type=int (id=7),value=<?>,index=10>
Variable Delete,method=Main#dfs:64 <name=node2,type=int (id=7),value=<?>,index=11>
Variable Delete,method=Main#dfs:64 <name=cost,type=int (id=7),value=<?>,index=12>
Variable Delete,method=Main#dfs:64 <name=next_station,type=int (id=7),value=<?>,index=13>
Variable Write,context=Main#dfs:64,i=6
Variable Write,context=Main#dfs:64,node1=5
Variable Write,context=Main#dfs:64,node2=6
Variable Write,context=Main#dfs:64,cost=80
Variable Write,context=Main#dfs:64,next_station=-1
Variable Write,context=Main#dfs:64,next_station=6
Method Call,caller=Main#dfs:64,target=Main#dfs:68
Variable Write,context=Main#dfs:68,next=int[][]:1
Variable Write,context=Main#dfs:68,adj_list=int[][]:3
Variable Write,context=Main#dfs:68,nl=10
Variable Write,context=Main#dfs:68,bit=228
Variable Write,context=Main#dfs:68,cur_station=6
Variable Write,context=Main#dfs:68,ns=10
Variable Write,context=Main#dfs:68,max_next_path=2147483647
Variable Write,context=Main#dfs:68,max_next_station=2147483647
Variable Write,context=Main#dfs:68,max_cost=0
Variable Write,context=Main#dfs:68,i=0
Variable Write,context=Main#dfs:68,node1=0
Variable Write,context=Main#dfs:68,node2=1
Variable Write,context=Main#dfs:68,cost=11
Variable Write,context=Main#dfs:68,next_station=-1
Variable Write,context=Main#dfs:68,i=1
Variable Delete,method=Main#dfs:68 <name=node1,type=int (id=7),value=<?>,index=10>
Variable Delete,method=Main#dfs:68 <name=node2,type=int (id=7),value=<?>,index=11>
Variable Delete,method=Main#dfs:68 <name=cost,type=int (id=7),value=<?>,index=12>
Variable Delete,method=Main#dfs:68 <name=next_station,type=int (id=7),value=<?>,index=13>
Variable Write,context=Main#dfs:68,node1=1
Variable Write,context=Main#dfs:68,node2=2
Variable Write,context=Main#dfs:68,cost=25
Variable Write,context=Main#dfs:68,next_station=-1
Variable Write,context=Main#dfs:68,i=2
Variable Delete,method=Main#dfs:68 <name=node1,type=int (id=7),value=<?>,index=10>
Variable Delete,method=Main#dfs:68 <name=node2,type=int (id=7),value=<?>,index=11>
Variable Delete,method=Main#dfs:68 <name=cost,type=int (id=7),value=<?>,index=12>
Variable Delete,method=Main#dfs:68 <name=next_station,type=int (id=7),value=<?>,index=13>
Variable Write,context=Main#dfs:68,i=3
Variable Write,context=Main#dfs:68,node1=1
Variable Write,context=Main#dfs:68,node2=5
Variable Write,context=Main#dfs:68,cost=82
Variable Write,context=Main#dfs:68,next_station=-1
Variable Write,context=Main#dfs:68,i=4
Variable Delete,method=Main#dfs:68 <name=node1,type=int (id=7),value=<?>,index=10>
Variable Delete,method=Main#dfs:68 <name=node2,type=int (id=7),value=<?>,index=11>
Variable Delete,method=Main#dfs:68 <name=cost,type=int (id=7),value=<?>,index=12>
Variable Delete,method=Main#dfs:68 <name=next_station,type=int (id=7),value=<?>,index=13>
Variable Write,context=Main#dfs:68,node1=3
Variable Write,context=Main#dfs:68,node2=4
Variable Write,context=Main#dfs:68,cost=58
Variable Write,context=Main#dfs:68,next_station=-1
Variable Write,context=Main#dfs:68,i=5
Variable Delete,method=Main#dfs:68 <name=node1,type=int (id=7),value=<?>,index=10>
Variable Delete,method=Main#dfs:68 <name=node2,type=int (id=7),value=<?>,index=11>
Variable Delete,method=Main#dfs:68 <name=cost,type=int (id=7),value=<?>,index=12>
Variable Delete,method=Main#dfs:68 <name=next_station,type=int (id=7),value=<?>,index=13>
Variable Write,context=Main#dfs:68,i=6
Variable Write,context=Main#dfs:68,i=7
Variable Write,context=Main#dfs:68,i=8
Variable Write,context=Main#dfs:68,node1=7
Variable Write,context=Main#dfs:68,node2=8
Variable Write,context=Main#dfs:68,cost=44
Variable Write,context=Main#dfs:68,next_station=-1
Variable Write,context=Main#dfs:68,i=9
Variable Delete,method=Main#dfs:68 <name=node1,type=int (id=7),value=<?>,index=10>
Variable Delete,method=Main#dfs:68 <name=node2,type=int (id=7),value=<?>,index=11>
Variable Delete,method=Main#dfs:68 <name=cost,type=int (id=7),value=<?>,index=12>
Variable Delete,method=Main#dfs:68 <name=next_station,type=int (id=7),value=<?>,index=13>
Variable Write,context=Main#dfs:68,node1=8
Variable Write,context=Main#dfs:68,node2=9
Variable Write,context=Main#dfs:68,cost=21
Variable Write,context=Main#dfs:68,next_station=-1
Variable Delete,method=Main#dfs:68 <name=node1,type=int (id=7),value=<?>,index=10>
Variable Delete,method=Main#dfs:68 <name=node2,type=int (id=7),value=<?>,index=11>
Variable Delete,method=Main#dfs:68 <name=cost,type=int (id=7),value=<?>,index=12>
Variable Delete,method=Main#dfs:68 <name=next_station,type=int (id=7),value=<?>,index=13>
Variable Delete,method=Main#dfs:68 <name=i,type=int (id=7),value=<?>,index=9>
Variable Write,context=Main#dfs:68,result=0
Method Exit,returner=Main#dfs:68,value=0
Variable Write,context=Main#dfs:64,ret=80
Variable Write,context=Main#dfs:64,i=7
Variable Delete,method=Main#dfs:64 <name=node1,type=int (id=7),value=<?>,index=10>
Variable Delete,method=Main#dfs:64 <name=node2,type=int (id=7),value=<?>,index=11>
Variable Delete,method=Main#dfs:64 <name=cost,type=int (id=7),value=<?>,index=12>
Variable Delete,method=Main#dfs:64 <name=next_station,type=int (id=7),value=<?>,index=13>
Variable Delete,method=Main#dfs:64 <name=ret,type=int (id=7),value=<?>,index=14>
Variable Write,context=Main#dfs:64,i=8
Variable Write,context=Main#dfs:64,node1=7
Variable Write,context=Main#dfs:64,node2=8
Variable Write,context=Main#dfs:64,cost=44
Variable Write,context=Main#dfs:64,next_station=-1
Variable Write,context=Main#dfs:64,i=9
Variable Delete,method=Main#dfs:64 <name=node1,type=int (id=7),value=<?>,index=10>
Variable Delete,method=Main#dfs:64 <name=node2,type=int (id=7),value=<?>,index=11>
Variable Delete,method=Main#dfs:64 <name=cost,type=int (id=7),value=<?>,index=12>
Variable Delete,method=Main#dfs:64 <name=next_station,type=int (id=7),value=<?>,index=13>
Variable Write,context=Main#dfs:64,node1=8
Variable Write,context=Main#dfs:64,node2=9
Variable Write,context=Main#dfs:64,cost=21
Variable Write,context=Main#dfs:64,next_station=-1
Variable Delete,method=Main#dfs:64 <name=node1,type=int (id=7),value=<?>,index=10>
Variable Delete,method=Main#dfs:64 <name=node2,type=int (id=7),value=<?>,index=11>
Variable Delete,method=Main#dfs:64 <name=cost,type=int (id=7),value=<?>,index=12>
Variable Delete,method=Main#dfs:64 <name=next_station,type=int (id=7),value=<?>,index=13>
Variable Delete,method=Main#dfs:64 <name=i,type=int (id=7),value=<?>,index=9>
Variable Write,context=Main#dfs:64,next=int[][]:1
Variable Write,context=Main#dfs:64,result=107
Method Exit,returner=Main#dfs:64,value=107
Variable Write,context=Main#dfs:63,ret=174
Variable Write,context=Main#dfs:63,max_next_path=7
Variable Write,context=Main#dfs:63,max_cost=174
Variable Write,context=Main#dfs:63,max_next_station=5
Variable Write,context=Main#dfs:63,i=8
Variable Delete,method=Main#dfs:63 <name=node1,type=int (id=7),value=<?>,index=10>
Variable Delete,method=Main#dfs:63 <name=node2,type=int (id=7),value=<?>,index=11>
Variable Delete,method=Main#dfs:63 <name=cost,type=int (id=7),value=<?>,index=12>
Variable Delete,method=Main#dfs:63 <name=next_station,type=int (id=7),value=<?>,index=13>
Variable Delete,method=Main#dfs:63 <name=ret,type=int (id=7),value=<?>,index=14>
Variable Write,context=Main#dfs:63,node1=7
Variable Write,context=Main#dfs:63,node2=8
Variable Write,context=Main#dfs:63,cost=44
Variable Write,context=Main#dfs:63,next_station=-1
Variable Write,context=Main#dfs:63,next_station=7
Method Call,caller=Main#dfs:63,target=Main#dfs:69
Variable Write,context=Main#dfs:69,next=int[][]:1
Variable Write,context=Main#dfs:69,adj_list=int[][]:3
Variable Write,context=Main#dfs:69,nl=10
Variable Write,context=Main#dfs:69,bit=292
Variable Write,context=Main#dfs:69,cur_station=7
Variable Write,context=Main#dfs:69,ns=10
Variable Write,context=Main#dfs:69,max_next_path=2147483647
Variable Write,context=Main#dfs:69,max_next_station=2147483647
Variable Write,context=Main#dfs:69,max_cost=0
Variable Write,context=Main#dfs:69,i=0
Variable Write,context=Main#dfs:69,node1=0
Variable Write,context=Main#dfs:69,node2=1
Variable Write,context=Main#dfs:69,cost=11
Variable Write,context=Main#dfs:69,next_station=-1
Variable Write,context=Main#dfs:69,i=1
Variable Delete,method=Main#dfs:69 <name=node1,type=int (id=7),value=<?>,index=10>
Variable Delete,method=Main#dfs:69 <name=node2,type=int (id=7),value=<?>,index=11>
Variable Delete,method=Main#dfs:69 <name=cost,type=int (id=7),value=<?>,index=12>
Variable Delete,method=Main#dfs:69 <name=next_station,type=int (id=7),value=<?>,index=13>
Variable Write,context=Main#dfs:69,node1=1
Variable Write,context=Main#dfs:69,node2=2
Variable Write,context=Main#dfs:69,cost=25
Variable Write,context=Main#dfs:69,next_station=-1
Variable Write,context=Main#dfs:69,i=2
Variable Delete,method=Main#dfs:69 <name=node1,type=int (id=7),value=<?>,index=10>
Variable Delete,method=Main#dfs:69 <name=node2,type=int (id=7),value=<?>,index=11>
Variable Delete,method=Main#dfs:69 <name=cost,type=int (id=7),value=<?>,index=12>
Variable Delete,method=Main#dfs:69 <name=next_station,type=int (id=7),value=<?>,index=13>
Variable Write,context=Main#dfs:69,i=3
Variable Write,context=Main#dfs:69,node1=1
Variable Write,context=Main#dfs:69,node2=5
Variable Write,context=Main#dfs:69,cost=82
Variable Write,context=Main#dfs:69,next_station=-1
Variable Write,context=Main#dfs:69,i=4
Variable Delete,method=Main#dfs:69 <name=node1,type=int (id=7),value=<?>,index=10>
Variable Delete,method=Main#dfs:69 <name=node2,type=int (id=7),value=<?>,index=11>
Variable Delete,method=Main#dfs:69 <name=cost,type=int (id=7),value=<?>,index=12>
Variable Delete,method=Main#dfs:69 <name=next_station,type=int (id=7),value=<?>,index=13>
Variable Write,context=Main#dfs:69,node1=3
Variable Write,context=Main#dfs:69,node2=4
Variable Write,context=Main#dfs:69,cost=58
Variable Write,context=Main#dfs:69,next_station=-1
Variable Write,context=Main#dfs:69,i=5
Variable Delete,method=Main#dfs:69 <name=node1,type=int (id=7),value=<?>,index=10>
Variable Delete,method=Main#dfs:69 <name=node2,type=int (id=7),value=<?>,index=11>
Variable Delete,method=Main#dfs:69 <name=cost,type=int (id=7),value=<?>,index=12>
Variable Delete,method=Main#dfs:69 <name=next_station,type=int (id=7),value=<?>,index=13>
Variable Write,context=Main#dfs:69,i=6
Variable Write,context=Main#dfs:69,node1=5
Variable Write,context=Main#dfs:69,node2=6
Variable Write,context=Main#dfs:69,cost=80
Variable Write,context=Main#dfs:69,next_station=-1
Variable Write,context=Main#dfs:69,i=7
Variable Delete,method=Main#dfs:69 <name=node1,type=int (id=7),value=<?>,index=10>
Variable Delete,method=Main#dfs:69 <name=node2,type=int (id=7),value=<?>,index=11>
Variable Delete,method=Main#dfs:69 <name=cost,type=int (id=7),value=<?>,index=12>
Variable Delete,method=Main#dfs:69 <name=next_station,type=int (id=7),value=<?>,index=13>
Variable Write,context=Main#dfs:69,node1=5
Variable Write,context=Main#dfs:69,node2=8
Variable Write,context=Main#dfs:69,cost=67
Variable Write,context=Main#dfs:69,next_station=-1
Variable Write,context=Main#dfs:69,i=8
Variable Delete,method=Main#dfs:69 <name=node1,type=int (id=7),value=<?>,index=10>
Variable Delete,method=Main#dfs:69 <name=node2,type=int (id=7),value=<?>,index=11>
Variable Delete,method=Main#dfs:69 <name=cost,type=int (id=7),value=<?>,index=12>
Variable Delete,method=Main#dfs:69 <name=next_station,type=int (id=7),value=<?>,index=13>
Variable Write,context=Main#dfs:69,i=9
Variable Write,context=Main#dfs:69,node1=8
Variable Write,context=Main#dfs:69,node2=9
Variable Write,context=Main#dfs:69,cost=21
Variable Write,context=Main#dfs:69,next_station=-1
Variable Delete,method=Main#dfs:69 <name=node1,type=int (id=7),value=<?>,index=10>
Variable Delete,method=Main#dfs:69 <name=node2,type=int (id=7),value=<?>,index=11>
Variable Delete,method=Main#dfs:69 <name=cost,type=int (id=7),value=<?>,index=12>
Variable Delete,method=Main#dfs:69 <name=next_station,type=int (id=7),value=<?>,index=13>
Variable Delete,method=Main#dfs:69 <name=i,type=int (id=7),value=<?>,index=9>
Variable Write,context=Main#dfs:69,result=0
Method Exit,returner=Main#dfs:69,value=0
Variable Write,context=Main#dfs:63,ret=44
Variable Write,context=Main#dfs:63,i=9
Variable Delete,method=Main#dfs:63 <name=node1,type=int (id=7),value=<?>,index=10>
Variable Delete,method=Main#dfs:63 <name=node2,type=int (id=7),value=<?>,index=11>
Variable Delete,method=Main#dfs:63 <name=cost,type=int (id=7),value=<?>,index=12>
Variable Delete,method=Main#dfs:63 <name=next_station,type=int (id=7),value=<?>,index=13>
Variable Delete,method=Main#dfs:63 <name=ret,type=int (id=7),value=<?>,index=14>
Variable Write,context=Main#dfs:63,node1=8
Variable Write,context=Main#dfs:63,node2=9
Variable Write,context=Main#dfs:63,cost=21
Variable Write,context=Main#dfs:63,next_station=-1
Variable Write,context=Main#dfs:63,next_station=9
Method Call,caller=Main#dfs:63,target=Main#dfs:70
Variable Write,context=Main#dfs:70,next=int[][]:1
Variable Write,context=Main#dfs:70,adj_list=int[][]:3
Variable Write,context=Main#dfs:70,nl=10
Variable Write,context=Main#dfs:70,bit=548
Variable Write,context=Main#dfs:70,cur_station=9
Variable Write,context=Main#dfs:70,ns=10
Variable Write,context=Main#dfs:70,max_next_path=2147483647
Variable Write,context=Main#dfs:70,max_next_station=2147483647
Variable Write,context=Main#dfs:70,max_cost=0
Variable Write,context=Main#dfs:70,i=0
Variable Write,context=Main#dfs:70,node1=0
Variable Write,context=Main#dfs:70,node2=1
Variable Write,context=Main#dfs:70,cost=11
Variable Write,context=Main#dfs:70,next_station=-1
Variable Write,context=Main#dfs:70,i=1
Variable Delete,method=Main#dfs:70 <name=node1,type=int (id=7),value=<?>,index=10>
Variable Delete,method=Main#dfs:70 <name=node2,type=int (id=7),value=<?>,index=11>
Variable Delete,method=Main#dfs:70 <name=cost,type=int (id=7),value=<?>,index=12>
Variable Delete,method=Main#dfs:70 <name=next_station,type=int (id=7),value=<?>,index=13>
Variable Write,context=Main#dfs:70,node1=1
Variable Write,context=Main#dfs:70,node2=2
Variable Write,context=Main#dfs:70,cost=25
Variable Write,context=Main#dfs:70,next_station=-1
Variable Write,context=Main#dfs:70,i=2
Variable Delete,method=Main#dfs:70 <name=node1,type=int (id=7),value=<?>,index=10>
Variable Delete,method=Main#dfs:70 <name=node2,type=int (id=7),value=<?>,index=11>
Variable Delete,method=Main#dfs:70 <name=cost,type=int (id=7),value=<?>,index=12>
Variable Delete,method=Main#dfs:70 <name=next_station,type=int (id=7),value=<?>,index=13>
Variable Write,context=Main#dfs:70,i=3
Variable Write,context=Main#dfs:70,node1=1
Variable Write,context=Main#dfs:70,node2=5
Variable Write,context=Main#dfs:70,cost=82
Variable Write,context=Main#dfs:70,next_station=-1
Variable Write,context=Main#dfs:70,i=4
Variable Delete,method=Main#dfs:70 <name=node1,type=int (id=7),value=<?>,index=10>
Variable Delete,method=Main#dfs:70 <name=node2,type=int (id=7),value=<?>,index=11>
Variable Delete,method=Main#dfs:70 <name=cost,type=int (id=7),value=<?>,index=12>
Variable Delete,method=Main#dfs:70 <name=next_station,type=int (id=7),value=<?>,index=13>
Variable Write,context=Main#dfs:70,node1=3
Variable Write,context=Main#dfs:70,node2=4
Variable Write,context=Main#dfs:70,cost=58
Variable Write,context=Main#dfs:70,next_station=-1
Variable Write,context=Main#dfs:70,i=5
Variable Delete,method=Main#dfs:70 <name=node1,type=int (id=7),value=<?>,index=10>
Variable Delete,method=Main#dfs:70 <name=node2,type=int (id=7),value=<?>,index=11>
Variable Delete,method=Main#dfs:70 <name=cost,type=int (id=7),value=<?>,index=12>
Variable Delete,method=Main#dfs:70 <name=next_station,type=int (id=7),value=<?>,index=13>
Variable Write,context=Main#dfs:70,i=6
Variable Write,context=Main#dfs:70,node1=5
Variable Write,context=Main#dfs:70,node2=6
Variable Write,context=Main#dfs:70,cost=80
Variable Write,context=Main#dfs:70,next_station=-1
Variable Write,context=Main#dfs:70,i=7
Variable Delete,method=Main#dfs:70 <name=node1,type=int (id=7),value=<?>,index=10>
Variable Delete,method=Main#dfs:70 <name=node2,type=int (id=7),value=<?>,index=11>
Variable Delete,method=Main#dfs:70 <name=cost,type=int (id=7),value=<?>,index=12>
Variable Delete,method=Main#dfs:70 <name=next_station,type=int (id=7),value=<?>,index=13>
Variable Write,context=Main#dfs:70,node1=5
Variable Write,context=Main#dfs:70,node2=8
Variable Write,context=Main#dfs:70,cost=67
Variable Write,context=Main#dfs:70,next_station=-1
Variable Write,context=Main#dfs:70,i=8
Variable Delete,method=Main#dfs:70 <name=node1,type=int (id=7),value=<?>,index=10>
Variable Delete,method=Main#dfs:70 <name=node2,type=int (id=7),value=<?>,index=11>
Variable Delete,method=Main#dfs:70 <name=cost,type=int (id=7),value=<?>,index=12>
Variable Delete,method=Main#dfs:70 <name=next_station,type=int (id=7),value=<?>,index=13>
Variable Write,context=Main#dfs:70,node1=7
Variable Write,context=Main#dfs:70,node2=8
Variable Write,context=Main#dfs:70,cost=44
Variable Write,context=Main#dfs:70,next_station=-1
Variable Write,context=Main#dfs:70,i=9
Variable Delete,method=Main#dfs:70 <name=node1,type=int (id=7),value=<?>,index=10>
Variable Delete,method=Main#dfs:70 <name=node2,type=int (id=7),value=<?>,index=11>
Variable Delete,method=Main#dfs:70 <name=cost,type=int (id=7),value=<?>,index=12>
Variable Delete,method=Main#dfs:70 <name=next_station,type=int (id=7),value=<?>,index=13>
Variable Delete,method=Main#dfs:70 <name=i,type=int (id=7),value=<?>,index=9>
Variable Write,context=Main#dfs:70,result=0
Method Exit,returner=Main#dfs:70,value=0
Variable Write,context=Main#dfs:63,ret=21
Variable Delete,method=Main#dfs:63 <name=node1,type=int (id=7),value=<?>,index=10>
Variable Delete,method=Main#dfs:63 <name=node2,type=int (id=7),value=<?>,index=11>
Variable Delete,method=Main#dfs:63 <name=cost,type=int (id=7),value=<?>,index=12>
Variable Delete,method=Main#dfs:63 <name=next_station,type=int (id=7),value=<?>,index=13>
Variable Delete,method=Main#dfs:63 <name=ret,type=int (id=7),value=<?>,index=14>
Variable Delete,method=Main#dfs:63 <name=i,type=int (id=7),value=<?>,index=9>
Variable Write,context=Main#dfs:63,next=int[][]:1
Variable Write,context=Main#dfs:63,result=174
Method Exit,returner=Main#dfs:63,value=174
Variable Write,context=Main#dfs:61,ret=242
Variable Write,context=Main#dfs:61,max_next_path=5
Variable Write,context=Main#dfs:61,max_cost=242
Variable Write,context=Main#dfs:61,max_next_station=8
Variable Write,context=Main#dfs:61,i=6
Variable Delete,method=Main#dfs:61 <name=node1,type=int (id=7),value=<?>,index=10>
Variable Delete,method=Main#dfs:61 <name=node2,type=int (id=7),value=<?>,index=11>
Variable Delete,method=Main#dfs:61 <name=cost,type=int (id=7),value=<?>,index=12>
Variable Delete,method=Main#dfs:61 <name=next_station,type=int (id=7),value=<?>,index=13>
Variable Delete,method=Main#dfs:61 <name=ret,type=int (id=7),value=<?>,index=14>
Variable Write,context=Main#dfs:61,node1=5
Variable Write,context=Main#dfs:61,node2=6
Variable Write,context=Main#dfs:61,cost=80
Variable Write,context=Main#dfs:61,next_station=-1
Variable Write,context=Main#dfs:61,i=7
Variable Delete,method=Main#dfs:61 <name=node1,type=int (id=7),value=<?>,index=10>
Variable Delete,method=Main#dfs:61 <name=node2,type=int (id=7),value=<?>,index=11>
Variable Delete,method=Main#dfs:61 <name=cost,type=int (id=7),value=<?>,index=12>
Variable Delete,method=Main#dfs:61 <name=next_station,type=int (id=7),value=<?>,index=13>
Variable Write,context=Main#dfs:61,node1=5
Variable Write,context=Main#dfs:61,node2=8
Variable Write,context=Main#dfs:61,cost=67
Variable Write,context=Main#dfs:61,next_station=-1
Variable Write,context=Main#dfs:61,i=8
Variable Delete,method=Main#dfs:61 <name=node1,type=int (id=7),value=<?>,index=10>
Variable Delete,method=Main#dfs:61 <name=node2,type=int (id=7),value=<?>,index=11>
Variable Delete,method=Main#dfs:61 <name=cost,type=int (id=7),value=<?>,index=12>
Variable Delete,method=Main#dfs:61 <name=next_station,type=int (id=7),value=<?>,index=13>
Variable Write,context=Main#dfs:61,node1=7
Variable Write,context=Main#dfs:61,node2=8
Variable Write,context=Main#dfs:61,cost=44
Variable Write,context=Main#dfs:61,next_station=-1
Variable Write,context=Main#dfs:61,i=9
Variable Delete,method=Main#dfs:61 <name=node1,type=int (id=7),value=<?>,index=10>
Variable Delete,method=Main#dfs:61 <name=node2,type=int (id=7),value=<?>,index=11>
Variable Delete,method=Main#dfs:61 <name=cost,type=int (id=7),value=<?>,index=12>
Variable Delete,method=Main#dfs:61 <name=next_station,type=int (id=7),value=<?>,index=13>
Variable Write,context=Main#dfs:61,node1=8
Variable Write,context=Main#dfs:61,node2=9
Variable Write,context=Main#dfs:61,cost=21
Variable Write,context=Main#dfs:61,next_station=-1
Variable Delete,method=Main#dfs:61 <name=node1,type=int (id=7),value=<?>,index=10>
Variable Delete,method=Main#dfs:61 <name=node2,type=int (id=7),value=<?>,index=11>
Variable Delete,method=Main#dfs:61 <name=cost,type=int (id=7),value=<?>,index=12>
Variable Delete,method=Main#dfs:61 <name=next_station,type=int (id=7),value=<?>,index=13>
Variable Delete,method=Main#dfs:61 <name=i,type=int (id=7),value=<?>,index=9>
Variable Write,context=Main#dfs:61,next=int[][]:1
Variable Write,context=Main#dfs:61,result=242
Method Exit,returner=Main#dfs:61,value=242
Variable Write,context=Main#dfs:58,ret=323
Variable Write,context=Main#dfs:58,max_next_path=2
Variable Write,context=Main#dfs:58,max_cost=323
Variable Write,context=Main#dfs:58,max_next_station=4
Variable Write,context=Main#dfs:58,i=3
Variable Delete,method=Main#dfs:58 <name=node1,type=int (id=7),value=<?>,index=10>
Variable Delete,method=Main#dfs:58 <name=node2,type=int (id=7),value=<?>,index=11>
Variable Delete,method=Main#dfs:58 <name=cost,type=int (id=7),value=<?>,index=12>
Variable Delete,method=Main#dfs:58 <name=next_station,type=int (id=7),value=<?>,index=13>
Variable Delete,method=Main#dfs:58 <name=ret,type=int (id=7),value=<?>,index=14>
Variable Write,context=Main#dfs:58,node1=1
Variable Write,context=Main#dfs:58,node2=5
Variable Write,context=Main#dfs:58,cost=82
Variable Write,context=Main#dfs:58,next_station=-1
Variable Write,context=Main#dfs:58,next_station=5
Method Call,caller=Main#dfs:58,target=Main#dfs:71
Variable Write,context=Main#dfs:71,next=int[][]:1
Variable Write,context=Main#dfs:71,adj_list=int[][]:3
Variable Write,context=Main#dfs:71,nl=10
Variable Write,context=Main#dfs:71,bit=8
Variable Write,context=Main#dfs:71,cur_station=5
Variable Write,context=Main#dfs:71,ns=10
Variable Write,context=Main#dfs:71,max_next_path=2147483647
Variable Write,context=Main#dfs:71,max_next_station=2147483647
Variable Write,context=Main#dfs:71,max_cost=0
Variable Write,context=Main#dfs:71,i=0
Variable Write,context=Main#dfs:71,node1=0
Variable Write,context=Main#dfs:71,node2=1
Variable Write,context=Main#dfs:71,cost=11
Variable Write,context=Main#dfs:71,next_station=-1
Variable Write,context=Main#dfs:71,i=1
Variable Delete,method=Main#dfs:71 <name=node1,type=int (id=7),value=<?>,index=10>
Variable Delete,method=Main#dfs:71 <name=node2,type=int (id=7),value=<?>,index=11>
Variable Delete,method=Main#dfs:71 <name=cost,type=int (id=7),value=<?>,index=12>
Variable Delete,method=Main#dfs:71 <name=next_station,type=int (id=7),value=<?>,index=13>
Variable Write,context=Main#dfs:71,node1=1
Variable Write,context=Main#dfs:71,node2=2
Variable Write,context=Main#dfs:71,cost=25
Variable Write,context=Main#dfs:71,next_station=-1
Variable Write,context=Main#dfs:71,i=2
Variable Delete,method=Main#dfs:71 <name=node1,type=int (id=7),value=<?>,index=10>
Variable Delete,method=Main#dfs:71 <name=node2,type=int (id=7),value=<?>,index=11>
Variable Delete,method=Main#dfs:71 <name=cost,type=int (id=7),value=<?>,index=12>
Variable Delete,method=Main#dfs:71 <name=next_station,type=int (id=7),value=<?>,index=13>
Variable Write,context=Main#dfs:71,node1=1
Variable Write,context=Main#dfs:71,node2=4
Variable Write,context=Main#dfs:71,cost=81
Variable Write,context=Main#dfs:71,next_station=-1
Variable Write,context=Main#dfs:71,i=3
Variable Delete,method=Main#dfs:71 <name=node1,type=int (id=7),value=<?>,index=10>
Variable Delete,method=Main#dfs:71 <name=node2,type=int (id=7),value=<?>,index=11>
Variable Delete,method=Main#dfs:71 <name=cost,type=int (id=7),value=<?>,index=12>
Variable Delete,method=Main#dfs:71 <name=next_station,type=int (id=7),value=<?>,index=13>
Variable Write,context=Main#dfs:71,i=4
Variable Write,context=Main#dfs:71,node1=3
Variable Write,context=Main#dfs:71,node2=4
Variable Write,context=Main#dfs:71,cost=58
Variable Write,context=Main#dfs:71,next_station=-1
Variable Write,context=Main#dfs:71,i=5
Variable Delete,method=Main#dfs:71 <name=node1,type=int (id=7),value=<?>,index=10>
Variable Delete,method=Main#dfs:71 <name=node2,type=int (id=7),value=<?>,index=11>
Variable Delete,method=Main#dfs:71 <name=cost,type=int (id=7),value=<?>,index=12>
Variable Delete,method=Main#dfs:71 <name=next_station,type=int (id=7),value=<?>,index=13>
Variable Write,context=Main#dfs:71,node1=4
Variable Write,context=Main#dfs:71,node2=8
Variable Write,context=Main#dfs:71,cost=68
Variable Write,context=Main#dfs:71,next_station=-1
Variable Write,context=Main#dfs:71,i=6
Variable Delete,method=Main#dfs:71 <name=node1,type=int (id=7),value=<?>,index=10>
Variable Delete,method=Main#dfs:71 <name=node2,type=int (id=7),value=<?>,index=11>
Variable Delete,method=Main#dfs:71 <name=cost,type=int (id=7),value=<?>,index=12>
Variable Delete,method=Main#dfs:71 <name=next_station,type=int (id=7),value=<?>,index=13>
Variable Write,context=Main#dfs:71,node1=5
Variable Write,context=Main#dfs:71,node2=6
Variable Write,context=Main#dfs:71,cost=80
Variable Write,context=Main#dfs:71,next_station=-1
Variable Write,context=Main#dfs:71,next_station=6
Method Call,caller=Main#dfs:71,target=Main#dfs:72
Variable Write,context=Main#dfs:72,next=int[][]:1
Variable Write,context=Main#dfs:72,adj_list=int[][]:3
Variable Write,context=Main#dfs:72,nl=10
Variable Write,context=Main#dfs:72,bit=72
Variable Write,context=Main#dfs:72,cur_station=6
Variable Write,context=Main#dfs:72,ns=10
Variable Write,context=Main#dfs:72,max_next_path=2147483647
Variable Write,context=Main#dfs:72,max_next_station=2147483647
Variable Write,context=Main#dfs:72,max_cost=0
Variable Write,context=Main#dfs:72,i=0
Variable Write,context=Main#dfs:72,node1=0
Variable Write,context=Main#dfs:72,node2=1
Variable Write,context=Main#dfs:72,cost=11
Variable Write,context=Main#dfs:72,next_station=-1
Variable Write,context=Main#dfs:72,i=1
Variable Delete,method=Main#dfs:72 <name=node1,type=int (id=7),value=<?>,index=10>
Variable Delete,method=Main#dfs:72 <name=node2,type=int (id=7),value=<?>,index=11>
Variable Delete,method=Main#dfs:72 <name=cost,type=int (id=7),value=<?>,index=12>
Variable Delete,method=Main#dfs:72 <name=next_station,type=int (id=7),value=<?>,index=13>
Variable Write,context=Main#dfs:72,node1=1
Variable Write,context=Main#dfs:72,node2=2
Variable Write,context=Main#dfs:72,cost=25
Variable Write,context=Main#dfs:72,next_station=-1
Variable Write,context=Main#dfs:72,i=2
Variable Delete,method=Main#dfs:72 <name=node1,type=int (id=7),value=<?>,index=10>
Variable Delete,method=Main#dfs:72 <name=node2,type=int (id=7),value=<?>,index=11>
Variable Delete,method=Main#dfs:72 <name=cost,type=int (id=7),value=<?>,index=12>
Variable Delete,method=Main#dfs:72 <name=next_station,type=int (id=7),value=<?>,index=13>
Variable Write,context=Main#dfs:72,node1=1
Variable Write,context=Main#dfs:72,node2=4
Variable Write,context=Main#dfs:72,cost=81
Variable Write,context=Main#dfs:72,next_station=-1
Variable Write,context=Main#dfs:72,i=3
Variable Delete,method=Main#dfs:72 <name=node1,type=int (id=7),value=<?>,index=10>
Variable Delete,method=Main#dfs:72 <name=node2,type=int (id=7),value=<?>,index=11>
Variable Delete,method=Main#dfs:72 <name=cost,type=int (id=7),value=<?>,index=12>
Variable Delete,method=Main#dfs:72 <name=next_station,type=int (id=7),value=<?>,index=13>
Variable Write,context=Main#dfs:72,i=4
Variable Write,context=Main#dfs:72,node1=3
Variable Write,context=Main#dfs:72,node2=4
Variable Write,context=Main#dfs:72,cost=58
Variable Write,context=Main#dfs:72,next_station=-1
Variable Write,context=Main#dfs:72,i=5
Variable Delete,method=Main#dfs:72 <name=node1,type=int (id=7),value=<?>,index=10>
Variable Delete,method=Main#dfs:72 <name=node2,type=int (id=7),value=<?>,index=11>
Variable Delete,method=Main#dfs:72 <name=cost,type=int (id=7),value=<?>,index=12>
Variable Delete,method=Main#dfs:72 <name=next_station,type=int (id=7),value=<?>,index=13>
Variable Write,context=Main#dfs:72,node1=4
Variable Write,context=Main#dfs:72,node2=8
Variable Write,context=Main#dfs:72,cost=68
Variable Write,context=Main#dfs:72,next_station=-1
Variable Write,context=Main#dfs:72,i=6
Variable Delete,method=Main#dfs:72 <name=node1,type=int (id=7),value=<?>,index=10>
Variable Delete,method=Main#dfs:72 <name=node2,type=int (id=7),value=<?>,index=11>
Variable Delete,method=Main#dfs:72 <name=cost,type=int (id=7),value=<?>,index=12>
Variable Delete,method=Main#dfs:72 <name=next_station,type=int (id=7),value=<?>,index=13>
Variable Write,context=Main#dfs:72,i=7
Variable Write,context=Main#dfs:72,node1=5
Variable Write,context=Main#dfs:72,node2=8
Variable Write,context=Main#dfs:72,cost=67
Variable Write,context=Main#dfs:72,next_station=-1
Variable Write,context=Main#dfs:72,i=8
Variable Delete,method=Main#dfs:72 <name=node1,type=int (id=7),value=<?>,index=10>
Variable Delete,method=Main#dfs:72 <name=node2,type=int (id=7),value=<?>,index=11>
Variable Delete,method=Main#dfs:72 <name=cost,type=int (id=7),value=<?>,index=12>
Variable Delete,method=Main#dfs:72 <name=next_station,type=int (id=7),value=<?>,index=13>
Variable Write,context=Main#dfs:72,node1=7
Variable Write,context=Main#dfs:72,node2=8
Variable Write,context=Main#dfs:72,cost=44
Variable Write,context=Main#dfs:72,next_station=-1
Variable Write,context=Main#dfs:72,i=9
Variable Delete,method=Main#dfs:72 <name=node1,type=int (id=7),value=<?>,index=10>
Variable Delete,method=Main#dfs:72 <name=node2,type=int (id=7),value=<?>,index=11>
Variable Delete,method=Main#dfs:72 <name=cost,type=int (id=7),value=<?>,index=12>
Variable Delete,method=Main#dfs:72 <name=next_station,type=int (id=7),value=<?>,index=13>
Variable Write,context=Main#dfs:72,node1=8
Variable Write,context=Main#dfs:72,node2=9
Variable Write,context=Main#dfs:72,cost=21
Variable Write,context=Main#dfs:72,next_station=-1
Variable Delete,method=Main#dfs:72 <name=node1,type=int (id=7),value=<?>,index=10>
Variable Delete,method=Main#dfs:72 <name=node2,type=int (id=7),value=<?>,index=11>
Variable Delete,method=Main#dfs:72 <name=cost,type=int (id=7),value=<?>,index=12>
Variable Delete,method=Main#dfs:72 <name=next_station,type=int (id=7),value=<?>,index=13>
Variable Delete,method=Main#dfs:72 <name=i,type=int (id=7),value=<?>,index=9>
Variable Write,context=Main#dfs:72,result=0
Method Exit,returner=Main#dfs:72,value=0
Variable Write,context=Main#dfs:71,ret=80
Variable Write,context=Main#dfs:71,max_next_path=6
Variable Write,context=Main#dfs:71,max_cost=80
Variable Write,context=Main#dfs:71,max_next_station=6
Variable Write,context=Main#dfs:71,i=7
Variable Delete,method=Main#dfs:71 <name=node1,type=int (id=7),value=<?>,index=10>
Variable Delete,method=Main#dfs:71 <name=node2,type=int (id=7),value=<?>,index=11>
Variable Delete,method=Main#dfs:71 <name=cost,type=int (id=7),value=<?>,index=12>
Variable Delete,method=Main#dfs:71 <name=next_station,type=int (id=7),value=<?>,index=13>
Variable Delete,method=Main#dfs:71 <name=ret,type=int (id=7),value=<?>,index=14>
Variable Write,context=Main#dfs:71,node1=5
Variable Write,context=Main#dfs:71,node2=8
Variable Write,context=Main#dfs:71,cost=67
Variable Write,context=Main#dfs:71,next_station=-1
Variable Write,context=Main#dfs:71,next_station=8
Method Call,caller=Main#dfs:71,target=Main#dfs:73
Variable Write,context=Main#dfs:73,next=int[][]:1
Variable Write,context=Main#dfs:73,adj_list=int[][]:3
Variable Write,context=Main#dfs:73,nl=10
Variable Write,context=Main#dfs:73,bit=136
Variable Write,context=Main#dfs:73,cur_station=8
Variable Write,context=Main#dfs:73,ns=10
Variable Write,context=Main#dfs:73,max_next_path=2147483647
Variable Write,context=Main#dfs:73,max_next_station=2147483647
Variable Write,context=Main#dfs:73,max_cost=0
Variable Write,context=Main#dfs:73,i=0
Variable Write,context=Main#dfs:73,node1=0
Variable Write,context=Main#dfs:73,node2=1
Variable Write,context=Main#dfs:73,cost=11
Variable Write,context=Main#dfs:73,next_station=-1
Variable Write,context=Main#dfs:73,i=1
Variable Delete,method=Main#dfs:73 <name=node1,type=int (id=7),value=<?>,index=10>
Variable Delete,method=Main#dfs:73 <name=node2,type=int (id=7),value=<?>,index=11>
Variable Delete,method=Main#dfs:73 <name=cost,type=int (id=7),value=<?>,index=12>
Variable Delete,method=Main#dfs:73 <name=next_station,type=int (id=7),value=<?>,index=13>
Variable Write,context=Main#dfs:73,node1=1
Variable Write,context=Main#dfs:73,node2=2
Variable Write,context=Main#dfs:73,cost=25
Variable Write,context=Main#dfs:73,next_station=-1
Variable Write,context=Main#dfs:73,i=2
Variable Delete,method=Main#dfs:73 <name=node1,type=int (id=7),value=<?>,index=10>
Variable Delete,method=Main#dfs:73 <name=node2,type=int (id=7),value=<?>,index=11>
Variable Delete,method=Main#dfs:73 <name=cost,type=int (id=7),value=<?>,index=12>
Variable Delete,method=Main#dfs:73 <name=next_station,type=int (id=7),value=<?>,index=13>
Variable Write,context=Main#dfs:73,node1=1
Variable Write,context=Main#dfs:73,node2=4
Variable Write,context=Main#dfs:73,cost=81
Variable Write,context=Main#dfs:73,next_station=-1
Variable Write,context=Main#dfs:73,i=3
Variable Delete,method=Main#dfs:73 <name=node1,type=int (id=7),value=<?>,index=10>
Variable Delete,method=Main#dfs:73 <name=node2,type=int (id=7),value=<?>,index=11>
Variable Delete,method=Main#dfs:73 <name=cost,type=int (id=7),value=<?>,index=12>
Variable Delete,method=Main#dfs:73 <name=next_station,type=int (id=7),value=<?>,index=13>
Variable Write,context=Main#dfs:73,i=4
Variable Write,context=Main#dfs:73,node1=3
Variable Write,context=Main#dfs:73,node2=4
Variable Write,context=Main#dfs:73,cost=58
Variable Write,context=Main#dfs:73,next_station=-1
Variable Write,context=Main#dfs:73,i=5
Variable Delete,method=Main#dfs:73 <name=node1,type=int (id=7),value=<?>,index=10>
Variable Delete,method=Main#dfs:73 <name=node2,type=int (id=7),value=<?>,index=11>
Variable Delete,method=Main#dfs:73 <name=cost,type=int (id=7),value=<?>,index=12>
Variable Delete,method=Main#dfs:73 <name=next_station,type=int (id=7),value=<?>,index=13>
Variable Write,context=Main#dfs:73,node1=4
Variable Write,context=Main#dfs:73,node2=8
Variable Write,context=Main#dfs:73,cost=68
Variable Write,context=Main#dfs:73,next_station=-1
Variable Write,context=Main#dfs:73,next_station=4
Method Call,caller=Main#dfs:73,target=Main#dfs:74
Variable Write,context=Main#dfs:74,next=int[][]:1
Variable Write,context=Main#dfs:74,adj_list=int[][]:3
Variable Write,context=Main#dfs:74,nl=10
Variable Write,context=Main#dfs:74,bit=168
Variable Write,context=Main#dfs:74,cur_station=4
Variable Write,context=Main#dfs:74,ns=10
Variable Write,context=Main#dfs:74,max_next_path=2147483647
Variable Write,context=Main#dfs:74,max_next_station=2147483647
Variable Write,context=Main#dfs:74,max_cost=0
Variable Write,context=Main#dfs:74,i=0
Variable Write,context=Main#dfs:74,node1=0
Variable Write,context=Main#dfs:74,node2=1
Variable Write,context=Main#dfs:74,cost=11
Variable Write,context=Main#dfs:74,next_station=-1
Variable Write,context=Main#dfs:74,i=1
Variable Delete,method=Main#dfs:74 <name=node1,type=int (id=7),value=<?>,index=10>
Variable Delete,method=Main#dfs:74 <name=node2,type=int (id=7),value=<?>,index=11>
Variable Delete,method=Main#dfs:74 <name=cost,type=int (id=7),value=<?>,index=12>
Variable Delete,method=Main#dfs:74 <name=next_station,type=int (id=7),value=<?>,index=13>
Variable Write,context=Main#dfs:74,node1=1
Variable Write,context=Main#dfs:74,node2=2
Variable Write,context=Main#dfs:74,cost=25
Variable Write,context=Main#dfs:74,next_station=-1
Variable Write,context=Main#dfs:74,i=2
Variable Delete,method=Main#dfs:74 <name=node1,type=int (id=7),value=<?>,index=10>
Variable Delete,method=Main#dfs:74 <name=node2,type=int (id=7),value=<?>,index=11>
Variable Delete,method=Main#dfs:74 <name=cost,type=int (id=7),value=<?>,index=12>
Variable Delete,method=Main#dfs:74 <name=next_station,type=int (id=7),value=<?>,index=13>
Variable Write,context=Main#dfs:74,node1=1
Variable Write,context=Main#dfs:74,node2=4
Variable Write,context=Main#dfs:74,cost=81
Variable Write,context=Main#dfs:74,next_station=-1
Variable Write,context=Main#dfs:74,next_station=1
Method Call,caller=Main#dfs:74,target=Main#dfs:75
Variable Write,context=Main#dfs:75,next=int[][]:1
Variable Write,context=Main#dfs:75,adj_list=int[][]:3
Variable Write,context=Main#dfs:75,nl=10
Variable Write,context=Main#dfs:75,bit=172
Variable Write,context=Main#dfs:75,cur_station=1
Variable Write,context=Main#dfs:75,ns=10
Variable Write,context=Main#dfs:75,max_next_path=2147483647
Variable Write,context=Main#dfs:75,max_next_station=2147483647
Variable Write,context=Main#dfs:75,max_cost=0
Variable Write,context=Main#dfs:75,i=0
Variable Write,context=Main#dfs:75,node1=0
Variable Write,context=Main#dfs:75,node2=1
Variable Write,context=Main#dfs:75,cost=11
Variable Write,context=Main#dfs:75,next_station=-1
Variable Write,context=Main#dfs:75,next_station=0
Method Call,caller=Main#dfs:75,target=Main#dfs:76
Variable Write,context=Main#dfs:76,next=int[][]:1
Variable Write,context=Main#dfs:76,adj_list=int[][]:3
Variable Write,context=Main#dfs:76,nl=10
Variable Write,context=Main#dfs:76,bit=173
Variable Write,context=Main#dfs:76,cur_station=0
Variable Write,context=Main#dfs:76,ns=10
Variable Write,context=Main#dfs:76,max_next_path=2147483647
Variable Write,context=Main#dfs:76,max_next_station=2147483647
Variable Write,context=Main#dfs:76,max_cost=0
Variable Write,context=Main#dfs:76,i=0
Variable Write,context=Main#dfs:76,i=1
Variable Write,context=Main#dfs:76,node1=1
Variable Write,context=Main#dfs:76,node2=2
Variable Write,context=Main#dfs:76,cost=25
Variable Write,context=Main#dfs:76,next_station=-1
Variable Write,context=Main#dfs:76,i=2
Variable Delete,method=Main#dfs:76 <name=node1,type=int (id=7),value=<?>,index=10>
Variable Delete,method=Main#dfs:76 <name=node2,type=int (id=7),value=<?>,index=11>
Variable Delete,method=Main#dfs:76 <name=cost,type=int (id=7),value=<?>,index=12>
Variable Delete,method=Main#dfs:76 <name=next_station,type=int (id=7),value=<?>,index=13>
Variable Write,context=Main#dfs:76,i=3
Variable Write,context=Main#dfs:76,i=4
Variable Write,context=Main#dfs:76,node1=3
Variable Write,context=Main#dfs:76,node2=4
Variable Write,context=Main#dfs:76,cost=58
Variable Write,context=Main#dfs:76,next_station=-1
Variable Write,context=Main#dfs:76,i=5
Variable Delete,method=Main#dfs:76 <name=node1,type=int (id=7),value=<?>,index=10>
Variable Delete,method=Main#dfs:76 <name=node2,type=int (id=7),value=<?>,index=11>
Variable Delete,method=Main#dfs:76 <name=cost,type=int (id=7),value=<?>,index=12>
Variable Delete,method=Main#dfs:76 <name=next_station,type=int (id=7),value=<?>,index=13>
Variable Write,context=Main#dfs:76,i=6
Variable Write,context=Main#dfs:76,node1=5
Variable Write,context=Main#dfs:76,node2=6
Variable Write,context=Main#dfs:76,cost=80
Variable Write,context=Main#dfs:76,next_station=-1
Variable Write,context=Main#dfs:76,i=7
Variable Delete,method=Main#dfs:76 <name=node1,type=int (id=7),value=<?>,index=10>
Variable Delete,method=Main#dfs:76 <name=node2,type=int (id=7),value=<?>,index=11>
Variable Delete,method=Main#dfs:76 <name=cost,type=int (id=7),value=<?>,index=12>
Variable Delete,method=Main#dfs:76 <name=next_station,type=int (id=7),value=<?>,index=13>
Variable Write,context=Main#dfs:76,i=8
Variable Write,context=Main#dfs:76,node1=7
Variable Write,context=Main#dfs:76,node2=8
Variable Write,context=Main#dfs:76,cost=44
Variable Write,context=Main#dfs:76,next_station=-1
Variable Write,context=Main#dfs:76,i=9
Variable Delete,method=Main#dfs:76 <name=node1,type=int (id=7),value=<?>,index=10>
Variable Delete,method=Main#dfs:76 <name=node2,type=int (id=7),value=<?>,index=11>
Variable Delete,method=Main#dfs:76 <name=cost,type=int (id=7),value=<?>,index=12>
Variable Delete,method=Main#dfs:76 <name=next_station,type=int (id=7),value=<?>,index=13>
Variable Write,context=Main#dfs:76,node1=8
Variable Write,context=Main#dfs:76,node2=9
Variable Write,context=Main#dfs:76,cost=21
Variable Write,context=Main#dfs:76,next_station=-1
Variable Delete,method=Main#dfs:76 <name=node1,type=int (id=7),value=<?>,index=10>
Variable Delete,method=Main#dfs:76 <name=node2,type=int (id=7),value=<?>,index=11>
Variable Delete,method=Main#dfs:76 <name=cost,type=int (id=7),value=<?>,index=12>
Variable Delete,method=Main#dfs:76 <name=next_station,type=int (id=7),value=<?>,index=13>
Variable Delete,method=Main#dfs:76 <name=i,type=int (id=7),value=<?>,index=9>
Variable Write,context=Main#dfs:76,result=0
Method Exit,returner=Main#dfs:76,value=0
Variable Write,context=Main#dfs:75,ret=11
Variable Write,context=Main#dfs:75,max_next_path=0
Variable Write,context=Main#dfs:75,max_cost=11
Variable Write,context=Main#dfs:75,max_next_station=0
Variable Write,context=Main#dfs:75,i=1
Variable Delete,method=Main#dfs:75 <name=node1,type=int (id=7),value=<?>,index=10>
Variable Delete,method=Main#dfs:75 <name=node2,type=int (id=7),value=<?>,index=11>
Variable Delete,method=Main#dfs:75 <name=cost,type=int (id=7),value=<?>,index=12>
Variable Delete,method=Main#dfs:75 <name=next_station,type=int (id=7),value=<?>,index=13>
Variable Delete,method=Main#dfs:75 <name=ret,type=int (id=7),value=<?>,index=14>
Variable Write,context=Main#dfs:75,node1=1
Variable Write,context=Main#dfs:75,node2=2
Variable Write,context=Main#dfs:75,cost=25
Variable Write,context=Main#dfs:75,next_station=-1
Variable Write,context=Main#dfs:75,next_station=2
Method Call,caller=Main#dfs:75,target=Main#dfs:77
Variable Write,context=Main#dfs:77,next=int[][]:1
Variable Write,context=Main#dfs:77,adj_list=int[][]:3
Variable Write,context=Main#dfs:77,nl=10
Variable Write,context=Main#dfs:77,bit=174
Variable Write,context=Main#dfs:77,cur_station=2
Variable Write,context=Main#dfs:77,ns=10
Variable Write,context=Main#dfs:77,max_next_path=2147483647
Variable Write,context=Main#dfs:77,max_next_station=2147483647
Variable Write,context=Main#dfs:77,max_cost=0
Variable Write,context=Main#dfs:77,i=0
Variable Write,context=Main#dfs:77,node1=0
Variable Write,context=Main#dfs:77,node2=1
Variable Write,context=Main#dfs:77,cost=11
Variable Write,context=Main#dfs:77,next_station=-1
Variable Write,context=Main#dfs:77,i=1
Variable Delete,method=Main#dfs:77 <name=node1,type=int (id=7),value=<?>,index=10>
Variable Delete,method=Main#dfs:77 <name=node2,type=int (id=7),value=<?>,index=11>
Variable Delete,method=Main#dfs:77 <name=cost,type=int (id=7),value=<?>,index=12>
Variable Delete,method=Main#dfs:77 <name=next_station,type=int (id=7),value=<?>,index=13>
Variable Write,context=Main#dfs:77,i=2
Variable Write,context=Main#dfs:77,i=3
Variable Write,context=Main#dfs:77,i=4
Variable Write,context=Main#dfs:77,node1=3
Variable Write,context=Main#dfs:77,node2=4
Variable Write,context=Main#dfs:77,cost=58
Variable Write,context=Main#dfs:77,next_station=-1
Variable Write,context=Main#dfs:77,i=5
Variable Delete,method=Main#dfs:77 <name=node1,type=int (id=7),value=<?>,index=10>
Variable Delete,method=Main#dfs:77 <name=node2,type=int (id=7),value=<?>,index=11>
Variable Delete,method=Main#dfs:77 <name=cost,type=int (id=7),value=<?>,index=12>
Variable Delete,method=Main#dfs:77 <name=next_station,type=int (id=7),value=<?>,index=13>
Variable Write,context=Main#dfs:77,i=6
Variable Write,context=Main#dfs:77,node1=5
Variable Write,context=Main#dfs:77,node2=6
Variable Write,context=Main#dfs:77,cost=80
Variable Write,context=Main#dfs:77,next_station=-1
Variable Write,context=Main#dfs:77,i=7
Variable Delete,method=Main#dfs:77 <name=node1,type=int (id=7),value=<?>,index=10>
Variable Delete,method=Main#dfs:77 <name=node2,type=int (id=7),value=<?>,index=11>
Variable Delete,method=Main#dfs:77 <name=cost,type=int (id=7),value=<?>,index=12>
Variable Delete,method=Main#dfs:77 <name=next_station,type=int (id=7),value=<?>,index=13>
Variable Write,context=Main#dfs:77,i=8
Variable Write,context=Main#dfs:77,node1=7
Variable Write,context=Main#dfs:77,node2=8
Variable Write,context=Main#dfs:77,cost=44
Variable Write,context=Main#dfs:77,next_station=-1
Variable Write,context=Main#dfs:77,i=9
Variable Delete,method=Main#dfs:77 <name=node1,type=int (id=7),value=<?>,index=10>
Variable Delete,method=Main#dfs:77 <name=node2,type=int (id=7),value=<?>,index=11>
Variable Delete,method=Main#dfs:77 <name=cost,type=int (id=7),value=<?>,index=12>
Variable Delete,method=Main#dfs:77 <name=next_station,type=int (id=7),value=<?>,index=13>
Variable Write,context=Main#dfs:77,node1=8
Variable Write,context=Main#dfs:77,node2=9
Variable Write,context=Main#dfs:77,cost=21
Variable Write,context=Main#dfs:77,next_station=-1
Variable Delete,method=Main#dfs:77 <name=node1,type=int (id=7),value=<?>,index=10>
Variable Delete,method=Main#dfs:77 <name=node2,type=int (id=7),value=<?>,index=11>
Variable Delete,method=Main#dfs:77 <name=cost,type=int (id=7),value=<?>,index=12>
Variable Delete,method=Main#dfs:77 <name=next_station,type=int (id=7),value=<?>,index=13>
Variable Delete,method=Main#dfs:77 <name=i,type=int (id=7),value=<?>,index=9>
Variable Write,context=Main#dfs:77,result=0
Method Exit,returner=Main#dfs:77,value=0
Variable Write,context=Main#dfs:75,ret=25
Variable Write,context=Main#dfs:75,max_next_path=1
Variable Write,context=Main#dfs:75,max_cost=25
Variable Write,context=Main#dfs:75,max_next_station=2
Variable Write,context=Main#dfs:75,i=2
Variable Delete,method=Main#dfs:75 <name=node1,type=int (id=7),value=<?>,index=10>
Variable Delete,method=Main#dfs:75 <name=node2,type=int (id=7),value=<?>,index=11>
Variable Delete,method=Main#dfs:75 <name=cost,type=int (id=7),value=<?>,index=12>
Variable Delete,method=Main#dfs:75 <name=next_station,type=int (id=7),value=<?>,index=13>
Variable Delete,method=Main#dfs:75 <name=ret,type=int (id=7),value=<?>,index=14>
Variable Write,context=Main#dfs:75,i=3
Variable Write,context=Main#dfs:75,i=4
Variable Write,context=Main#dfs:75,node1=3
Variable Write,context=Main#dfs:75,node2=4
Variable Write,context=Main#dfs:75,cost=58
Variable Write,context=Main#dfs:75,next_station=-1
Variable Write,context=Main#dfs:75,i=5
Variable Delete,method=Main#dfs:75 <name=node1,type=int (id=7),value=<?>,index=10>
Variable Delete,method=Main#dfs:75 <name=node2,type=int (id=7),value=<?>,index=11>
Variable Delete,method=Main#dfs:75 <name=cost,type=int (id=7),value=<?>,index=12>
Variable Delete,method=Main#dfs:75 <name=next_station,type=int (id=7),value=<?>,index=13>
Variable Write,context=Main#dfs:75,i=6
Variable Write,context=Main#dfs:75,node1=5
Variable Write,context=Main#dfs:75,node2=6
Variable Write,context=Main#dfs:75,cost=80
Variable Write,context=Main#dfs:75,next_station=-1
Variable Write,context=Main#dfs:75,i=7
Variable Delete,method=Main#dfs:75 <name=node1,type=int (id=7),value=<?>,index=10>
Variable Delete,method=Main#dfs:75 <name=node2,type=int (id=7),value=<?>,index=11>
Variable Delete,method=Main#dfs:75 <name=cost,type=int (id=7),value=<?>,index=12>
Variable Delete,method=Main#dfs:75 <name=next_station,type=int (id=7),value=<?>,index=13>
Variable Write,context=Main#dfs:75,i=8
Variable Write,context=Main#dfs:75,node1=7
Variable Write,context=Main#dfs:75,node2=8
Variable Write,context=Main#dfs:75,cost=44
Variable Write,context=Main#dfs:75,next_station=-1
Variable Write,context=Main#dfs:75,i=9
Variable Delete,method=Main#dfs:75 <name=node1,type=int (id=7),value=<?>,index=10>
Variable Delete,method=Main#dfs:75 <name=node2,type=int (id=7),value=<?>,index=11>
Variable Delete,method=Main#dfs:75 <name=cost,type=int (id=7),value=<?>,index=12>
Variable Delete,method=Main#dfs:75 <name=next_station,type=int (id=7),value=<?>,index=13>
Variable Write,context=Main#dfs:75,node1=8
Variable Write,context=Main#dfs:75,node2=9
Variable Write,context=Main#dfs:75,cost=21
Variable Write,context=Main#dfs:75,next_station=-1
Variable Delete,method=Main#dfs:75 <name=node1,type=int (id=7),value=<?>,index=10>
Variable Delete,method=Main#dfs:75 <name=node2,type=int (id=7),value=<?>,index=11>
Variable Delete,method=Main#dfs:75 <name=cost,type=int (id=7),value=<?>,index=12>
Variable Delete,method=Main#dfs:75 <name=next_station,type=int (id=7),value=<?>,index=13>
Variable Delete,method=Main#dfs:75 <name=i,type=int (id=7),value=<?>,index=9>
Variable Write,context=Main#dfs:75,next=int[][]:1
Variable Write,context=Main#dfs:75,result=25
Method Exit,returner=Main#dfs:75,value=25
Variable Write,context=Main#dfs:74,ret=106
Variable Write,context=Main#dfs:74,max_next_path=2
Variable Write,context=Main#dfs:74,max_cost=106
Variable Write,context=Main#dfs:74,max_next_station=1
Variable Write,context=Main#dfs:74,i=3
Variable Delete,method=Main#dfs:74 <name=node1,type=int (id=7),value=<?>,index=10>
Variable Delete,method=Main#dfs:74 <name=node2,type=int (id=7),value=<?>,index=11>
Variable Delete,method=Main#dfs:74 <name=cost,type=int (id=7),value=<?>,index=12>
Variable Delete,method=Main#dfs:74 <name=next_station,type=int (id=7),value=<?>,index=13>
Variable Delete,method=Main#dfs:74 <name=ret,type=int (id=7),value=<?>,index=14>
Variable Write,context=Main#dfs:74,i=4
Variable Write,context=Main#dfs:74,node1=3
Variable Write,context=Main#dfs:74,node2=4
Variable Write,context=Main#dfs:74,cost=58
Variable Write,context=Main#dfs:74,next_station=-1
Variable Write,context=Main#dfs:74,next_station=3
Method Call,caller=Main#dfs:74,target=Main#dfs:78
Variable Write,context=Main#dfs:78,next=int[][]:1
Variable Write,context=Main#dfs:78,adj_list=int[][]:3
Variable Write,context=Main#dfs:78,nl=10
Variable Write,context=Main#dfs:78,bit=184
Variable Write,context=Main#dfs:78,cur_station=3
Variable Write,context=Main#dfs:78,ns=10
Variable Write,context=Main#dfs:78,max_next_path=2147483647
Variable Write,context=Main#dfs:78,max_next_station=2147483647
Variable Write,context=Main#dfs:78,max_cost=0
Variable Write,context=Main#dfs:78,i=0
Variable Write,context=Main#dfs:78,node1=0
Variable Write,context=Main#dfs:78,node2=1
Variable Write,context=Main#dfs:78,cost=11
Variable Write,context=Main#dfs:78,next_station=-1
Variable Write,context=Main#dfs:78,i=1
Variable Delete,method=Main#dfs:78 <name=node1,type=int (id=7),value=<?>,index=10>
Variable Delete,method=Main#dfs:78 <name=node2,type=int (id=7),value=<?>,index=11>
Variable Delete,method=Main#dfs:78 <name=cost,type=int (id=7),value=<?>,index=12>
Variable Delete,method=Main#dfs:78 <name=next_station,type=int (id=7),value=<?>,index=13>
Variable Write,context=Main#dfs:78,node1=1
Variable Write,context=Main#dfs:78,node2=2
Variable Write,context=Main#dfs:78,cost=25
Variable Write,context=Main#dfs:78,next_station=-1
Variable Write,context=Main#dfs:78,i=2
Variable Delete,method=Main#dfs:78 <name=node1,type=int (id=7),value=<?>,index=10>
Variable Delete,method=Main#dfs:78 <name=node2,type=int (id=7),value=<?>,index=11>
Variable Delete,method=Main#dfs:78 <name=cost,type=int (id=7),value=<?>,index=12>
Variable Delete,method=Main#dfs:78 <name=next_station,type=int (id=7),value=<?>,index=13>
Variable Write,context=Main#dfs:78,node1=1
Variable Write,context=Main#dfs:78,node2=4
Variable Write,context=Main#dfs:78,cost=81
Variable Write,context=Main#dfs:78,next_station=-1
Variable Write,context=Main#dfs:78,i=3
Variable Delete,method=Main#dfs:78 <name=node1,type=int (id=7),value=<?>,index=10>
Variable Delete,method=Main#dfs:78 <name=node2,type=int (id=7),value=<?>,index=11>
Variable Delete,method=Main#dfs:78 <name=cost,type=int (id=7),value=<?>,index=12>
Variable Delete,method=Main#dfs:78 <name=next_station,type=int (id=7),value=<?>,index=13>
Variable Write,context=Main#dfs:78,i=4
Variable Write,context=Main#dfs:78,i=5
Variable Write,context=Main#dfs:78,i=6
Variable Write,context=Main#dfs:78,node1=5
Variable Write,context=Main#dfs:78,node2=6
Variable Write,context=Main#dfs:78,cost=80
Variable Write,context=Main#dfs:78,next_station=-1
Variable Write,context=Main#dfs:78,i=7
Variable Delete,method=Main#dfs:78 <name=node1,type=int (id=7),value=<?>,index=10>
Variable Delete,method=Main#dfs:78 <name=node2,type=int (id=7),value=<?>,index=11>
Variable Delete,method=Main#dfs:78 <name=cost,type=int (id=7),value=<?>,index=12>
Variable Delete,method=Main#dfs:78 <name=next_station,type=int (id=7),value=<?>,index=13>
Variable Write,context=Main#dfs:78,i=8
Variable Write,context=Main#dfs:78,node1=7
Variable Write,context=Main#dfs:78,node2=8
Variable Write,context=Main#dfs:78,cost=44
Variable Write,context=Main#dfs:78,next_station=-1
Variable Write,context=Main#dfs:78,i=9
Variable Delete,method=Main#dfs:78 <name=node1,type=int (id=7),value=<?>,index=10>
Variable Delete,method=Main#dfs:78 <name=node2,type=int (id=7),value=<?>,index=11>
Variable Delete,method=Main#dfs:78 <name=cost,type=int (id=7),value=<?>,index=12>
Variable Delete,method=Main#dfs:78 <name=next_station,type=int (id=7),value=<?>,index=13>
Variable Write,context=Main#dfs:78,node1=8
Variable Write,context=Main#dfs:78,node2=9
Variable Write,context=Main#dfs:78,cost=21
Variable Write,context=Main#dfs:78,next_station=-1
Variable Delete,method=Main#dfs:78 <name=node1,type=int (id=7),value=<?>,index=10>
Variable Delete,method=Main#dfs:78 <name=node2,type=int (id=7),value=<?>,index=11>
Variable Delete,method=Main#dfs:78 <name=cost,type=int (id=7),value=<?>,index=12>
Variable Delete,method=Main#dfs:78 <name=next_station,type=int (id=7),value=<?>,index=13>
Variable Delete,method=Main#dfs:78 <name=i,type=int (id=7),value=<?>,index=9>
Variable Write,context=Main#dfs:78,result=0
Method Exit,returner=Main#dfs:78,value=0
Variable Write,context=Main#dfs:74,ret=58
Variable Write,context=Main#dfs:74,i=5
Variable Delete,method=Main#dfs:74 <name=node1,type=int (id=7),value=<?>,index=10>
Variable Delete,method=Main#dfs:74 <name=node2,type=int (id=7),value=<?>,index=11>
Variable Delete,method=Main#dfs:74 <name=cost,type=int (id=7),value=<?>,index=12>
Variable Delete,method=Main#dfs:74 <name=next_station,type=int (id=7),value=<?>,index=13>
Variable Delete,method=Main#dfs:74 <name=ret,type=int (id=7),value=<?>,index=14>
Variable Write,context=Main#dfs:74,i=6
Variable Write,context=Main#dfs:74,node1=5
Variable Write,context=Main#dfs:74,node2=6
Variable Write,context=Main#dfs:74,cost=80
Variable Write,context=Main#dfs:74,next_station=-1
Variable Write,context=Main#dfs:74,i=7
Variable Delete,method=Main#dfs:74 <name=node1,type=int (id=7),value=<?>,index=10>
Variable Delete,method=Main#dfs:74 <name=node2,type=int (id=7),value=<?>,index=11>
Variable Delete,method=Main#dfs:74 <name=cost,type=int (id=7),value=<?>,index=12>
Variable Delete,method=Main#dfs:74 <name=next_station,type=int (id=7),value=<?>,index=13>
Variable Write,context=Main#dfs:74,i=8
Variable Write,context=Main#dfs:74,node1=7
Variable Write,context=Main#dfs:74,node2=8
Variable Write,context=Main#dfs:74,cost=44
Variable Write,context=Main#dfs:74,next_station=-1
Variable Write,context=Main#dfs:74,i=9
Variable Delete,method=Main#dfs:74 <name=node1,type=int (id=7),value=<?>,index=10>
Variable Delete,method=Main#dfs:74 <name=node2,type=int (id=7),value=<?>,index=11>
Variable Delete,method=Main#dfs:74 <name=cost,type=int (id=7),value=<?>,index=12>
Variable Delete,method=Main#dfs:74 <name=next_station,type=int (id=7),value=<?>,index=13>
Variable Write,context=Main#dfs:74,node1=8
Variable Write,context=Main#dfs:74,node2=9
Variable Write,context=Main#dfs:74,cost=21
Variable Write,context=Main#dfs:74,next_station=-1
Variable Delete,method=Main#dfs:74 <name=node1,type=int (id=7),value=<?>,index=10>
Variable Delete,method=Main#dfs:74 <name=node2,type=int (id=7),value=<?>,index=11>
Variable Delete,method=Main#dfs:74 <name=cost,type=int (id=7),value=<?>,index=12>
Variable Delete,method=Main#dfs:74 <name=next_station,type=int (id=7),value=<?>,index=13>
Variable Delete,method=Main#dfs:74 <name=i,type=int (id=7),value=<?>,index=9>
Variable Write,context=Main#dfs:74,next=int[][]:1
Variable Write,context=Main#dfs:74,result=106
Method Exit,returner=Main#dfs:74,value=106
Variable Write,context=Main#dfs:73,ret=174
Variable Write,context=Main#dfs:73,max_next_path=5
Variable Write,context=Main#dfs:73,max_cost=174
Variable Write,context=Main#dfs:73,max_next_station=4
Variable Write,context=Main#dfs:73,i=6
Variable Delete,method=Main#dfs:73 <name=node1,type=int (id=7),value=<?>,index=10>
Variable Delete,method=Main#dfs:73 <name=node2,type=int (id=7),value=<?>,index=11>
Variable Delete,method=Main#dfs:73 <name=cost,type=int (id=7),value=<?>,index=12>
Variable Delete,method=Main#dfs:73 <name=next_station,type=int (id=7),value=<?>,index=13>
Variable Delete,method=Main#dfs:73 <name=ret,type=int (id=7),value=<?>,index=14>
Variable Write,context=Main#dfs:73,node1=5
Variable Write,context=Main#dfs:73,node2=6
Variable Write,context=Main#dfs:73,cost=80
Variable Write,context=Main#dfs:73,next_station=-1
Variable Write,context=Main#dfs:73,i=7
Variable Delete,method=Main#dfs:73 <name=node1,type=int (id=7),value=<?>,index=10>
Variable Delete,method=Main#dfs:73 <name=node2,type=int (id=7),value=<?>,index=11>
Variable Delete,method=Main#dfs:73 <name=cost,type=int (id=7),value=<?>,index=12>
Variable Delete,method=Main#dfs:73 <name=next_station,type=int (id=7),value=<?>,index=13>
Variable Write,context=Main#dfs:73,i=8
Variable Write,context=Main#dfs:73,node1=7
Variable Write,context=Main#dfs:73,node2=8
Variable Write,context=Main#dfs:73,cost=44
Variable Write,context=Main#dfs:73,next_station=-1
Variable Write,context=Main#dfs:73,next_station=7
Method Call,caller=Main#dfs:73,target=Main#dfs:79
Variable Write,context=Main#dfs:79,next=int[][]:1
Variable Write,context=Main#dfs:79,adj_list=int[][]:3
Variable Write,context=Main#dfs:79,nl=10
Variable Write,context=Main#dfs:79,bit=392
Variable Write,context=Main#dfs:79,cur_station=7
Variable Write,context=Main#dfs:79,ns=10
Variable Write,context=Main#dfs:79,max_next_path=2147483647
Variable Write,context=Main#dfs:79,max_next_station=2147483647
Variable Write,context=Main#dfs:79,max_cost=0
Variable Write,context=Main#dfs:79,i=0
Variable Write,context=Main#dfs:79,node1=0
Variable Write,context=Main#dfs:79,node2=1
Variable Write,context=Main#dfs:79,cost=11
Variable Write,context=Main#dfs:79,next_station=-1
Variable Write,context=Main#dfs:79,i=1
Variable Delete,method=Main#dfs:79 <name=node1,type=int (id=7),value=<?>,index=10>
Variable Delete,method=Main#dfs:79 <name=node2,type=int (id=7),value=<?>,index=11>
Variable Delete,method=Main#dfs:79 <name=cost,type=int (id=7),value=<?>,index=12>
Variable Delete,method=Main#dfs:79 <name=next_station,type=int (id=7),value=<?>,index=13>
Variable Write,context=Main#dfs:79,node1=1
Variable Write,context=Main#dfs:79,node2=2
Variable Write,context=Main#dfs:79,cost=25
Variable Write,context=Main#dfs:79,next_station=-1
Variable Write,context=Main#dfs:79,i=2
Variable Delete,method=Main#dfs:79 <name=node1,type=int (id=7),value=<?>,index=10>
Variable Delete,method=Main#dfs:79 <name=node2,type=int (id=7),value=<?>,index=11>
Variable Delete,method=Main#dfs:79 <name=cost,type=int (id=7),value=<?>,index=12>
Variable Delete,method=Main#dfs:79 <name=next_station,type=int (id=7),value=<?>,index=13>
Variable Write,context=Main#dfs:79,node1=1
Variable Write,context=Main#dfs:79,node2=4
Variable Write,context=Main#dfs:79,cost=81
Variable Write,context=Main#dfs:79,next_station=-1
Variable Write,context=Main#dfs:79,i=3
Variable Delete,method=Main#dfs:79 <name=node1,type=int (id=7),value=<?>,index=10>
Variable Delete,method=Main#dfs:79 <name=node2,type=int (id=7),value=<?>,index=11>
Variable Delete,method=Main#dfs:79 <name=cost,type=int (id=7),value=<?>,index=12>
Variable Delete,method=Main#dfs:79 <name=next_station,type=int (id=7),value=<?>,index=13>
Variable Write,context=Main#dfs:79,i=4
Variable Write,context=Main#dfs:79,node1=3
Variable Write,context=Main#dfs:79,node2=4
Variable Write,context=Main#dfs:79,cost=58
Variable Write,context=Main#dfs:79,next_station=-1
Variable Write,context=Main#dfs:79,i=5
Variable Delete,method=Main#dfs:79 <name=node1,type=int (id=7),value=<?>,index=10>
Variable Delete,method=Main#dfs:79 <name=node2,type=int (id=7),value=<?>,index=11>
Variable Delete,method=Main#dfs:79 <name=cost,type=int (id=7),value=<?>,index=12>
Variable Delete,method=Main#dfs:79 <name=next_station,type=int (id=7),value=<?>,index=13>
Variable Write,context=Main#dfs:79,node1=4
Variable Write,context=Main#dfs:79,node2=8
Variable Write,context=Main#dfs:79,cost=68
Variable Write,context=Main#dfs:79,next_station=-1
Variable Write,context=Main#dfs:79,i=6
Variable Delete,method=Main#dfs:79 <name=node1,type=int (id=7),value=<?>,index=10>
Variable Delete,method=Main#dfs:79 <name=node2,type=int (id=7),value=<?>,index=11>
Variable Delete,method=Main#dfs:79 <name=cost,type=int (id=7),value=<?>,index=12>
Variable Delete,method=Main#dfs:79 <name=next_station,type=int (id=7),value=<?>,index=13>
Variable Write,context=Main#dfs:79,node1=5
Variable Write,context=Main#dfs:79,node2=6
Variable Write,context=Main#dfs:79,cost=80
Variable Write,context=Main#dfs:79,next_station=-1
Variable Write,context=Main#dfs:79,i=7
Variable Delete,method=Main#dfs:79 <name=node1,type=int (id=7),value=<?>,index=10>
Variable Delete,method=Main#dfs:79 <name=node2,type=int (id=7),value=<?>,index=11>
Variable Delete,method=Main#dfs:79 <name=cost,type=int (id=7),value=<?>,index=12>
Variable Delete,method=Main#dfs:79 <name=next_station,type=int (id=7),value=<?>,index=13>
Variable Write,context=Main#dfs:79,i=8
Variable Write,context=Main#dfs:79,i=9
Variable Write,context=Main#dfs:79,node1=8
Variable Write,context=Main#dfs:79,node2=9
Variable Write,context=Main#dfs:79,cost=21
Variable Write,context=Main#dfs:79,next_station=-1
Variable Delete,method=Main#dfs:79 <name=node1,type=int (id=7),value=<?>,index=10>
Variable Delete,method=Main#dfs:79 <name=node2,type=int (id=7),value=<?>,index=11>
Variable Delete,method=Main#dfs:79 <name=cost,type=int (id=7),value=<?>,index=12>
Variable Delete,method=Main#dfs:79 <name=next_station,type=int (id=7),value=<?>,index=13>
Variable Delete,method=Main#dfs:79 <name=i,type=int (id=7),value=<?>,index=9>
Variable Write,context=Main#dfs:79,result=0
Method Exit,returner=Main#dfs:79,value=0
Variable Write,context=Main#dfs:73,ret=44
Variable Write,context=Main#dfs:73,i=9
Variable Delete,method=Main#dfs:73 <name=node1,type=int (id=7),value=<?>,index=10>
Variable Delete,method=Main#dfs:73 <name=node2,type=int (id=7),value=<?>,index=11>
Variable Delete,method=Main#dfs:73 <name=cost,type=int (id=7),value=<?>,index=12>
Variable Delete,method=Main#dfs:73 <name=next_station,type=int (id=7),value=<?>,index=13>
Variable Delete,method=Main#dfs:73 <name=ret,type=int (id=7),value=<?>,index=14>
Variable Write,context=Main#dfs:73,node1=8
Variable Write,context=Main#dfs:73,node2=9
Variable Write,context=Main#dfs:73,cost=21
Variable Write,context=Main#dfs:73,next_station=-1
Variable Write,context=Main#dfs:73,next_station=9
Method Call,caller=Main#dfs:73,target=Main#dfs:80
Variable Write,context=Main#dfs:80,next=int[][]:1
Variable Write,context=Main#dfs:80,adj_list=int[][]:3
Variable Write,context=Main#dfs:80,nl=10
Variable Write,context=Main#dfs:80,bit=648
Variable Write,context=Main#dfs:80,cur_station=9
Variable Write,context=Main#dfs:80,ns=10
Variable Write,context=Main#dfs:80,max_next_path=2147483647
Variable Write,context=Main#dfs:80,max_next_station=2147483647
Variable Write,context=Main#dfs:80,max_cost=0
Variable Write,context=Main#dfs:80,i=0
Variable Write,context=Main#dfs:80,node1=0
Variable Write,context=Main#dfs:80,node2=1
Variable Write,context=Main#dfs:80,cost=11
Variable Write,context=Main#dfs:80,next_station=-1
Variable Write,context=Main#dfs:80,i=1
Variable Delete,method=Main#dfs:80 <name=node1,type=int (id=7),value=<?>,index=10>
Variable Delete,method=Main#dfs:80 <name=node2,type=int (id=7),value=<?>,index=11>
Variable Delete,method=Main#dfs:80 <name=cost,type=int (id=7),value=<?>,index=12>
Variable Delete,method=Main#dfs:80 <name=next_station,type=int (id=7),value=<?>,index=13>
Variable Write,context=Main#dfs:80,node1=1
Variable Write,context=Main#dfs:80,node2=2
Variable Write,context=Main#dfs:80,cost=25
Variable Write,context=Main#dfs:80,next_station=-1
Variable Write,context=Main#dfs:80,i=2
Variable Delete,method=Main#dfs:80 <name=node1,type=int (id=7),value=<?>,index=10>
Variable Delete,method=Main#dfs:80 <name=node2,type=int (id=7),value=<?>,index=11>
Variable Delete,method=Main#dfs:80 <name=cost,type=int (id=7),value=<?>,index=12>
Variable Delete,method=Main#dfs:80 <name=next_station,type=int (id=7),value=<?>,index=13>
Variable Write,context=Main#dfs:80,node1=1
Variable Write,context=Main#dfs:80,node2=4
Variable Write,context=Main#dfs:80,cost=81
Variable Write,context=Main#dfs:80,next_station=-1
Variable Write,context=Main#dfs:80,i=3
Variable Delete,method=Main#dfs:80 <name=node1,type=int (id=7),value=<?>,index=10>
Variable Delete,method=Main#dfs:80 <name=node2,type=int (id=7),value=<?>,index=11>
Variable Delete,method=Main#dfs:80 <name=cost,type=int (id=7),value=<?>,index=12>
Variable Delete,method=Main#dfs:80 <name=next_station,type=int (id=7),value=<?>,index=13>
Variable Write,context=Main#dfs:80,i=4
Variable Write,context=Main#dfs:80,node1=3
Variable Write,context=Main#dfs:80,node2=4
Variable Write,context=Main#dfs:80,cost=58
Variable Write,context=Main#dfs:80,next_station=-1
Variable Write,context=Main#dfs:80,i=5
Variable Delete,method=Main#dfs:80 <name=node1,type=int (id=7),value=<?>,index=10>
Variable Delete,method=Main#dfs:80 <name=node2,type=int (id=7),value=<?>,index=11>
Variable Delete,method=Main#dfs:80 <name=cost,type=int (id=7),value=<?>,index=12>
Variable Delete,method=Main#dfs:80 <name=next_station,type=int (id=7),value=<?>,index=13>
Variable Write,context=Main#dfs:80,node1=4
Variable Write,context=Main#dfs:80,node2=8
Variable Write,context=Main#dfs:80,cost=68
Variable Write,context=Main#dfs:80,next_station=-1
Variable Write,context=Main#dfs:80,i=6
Variable Delete,method=Main#dfs:80 <name=node1,type=int (id=7),value=<?>,index=10>
Variable Delete,method=Main#dfs:80 <name=node2,type=int (id=7),value=<?>,index=11>
Variable Delete,method=Main#dfs:80 <name=cost,type=int (id=7),value=<?>,index=12>
Variable Delete,method=Main#dfs:80 <name=next_station,type=int (id=7),value=<?>,index=13>
Variable Write,context=Main#dfs:80,node1=5
Variable Write,context=Main#dfs:80,node2=6
Variable Write,context=Main#dfs:80,cost=80
Variable Write,context=Main#dfs:80,next_station=-1
Variable Write,context=Main#dfs:80,i=7
Variable Delete,method=Main#dfs:80 <name=node1,type=int (id=7),value=<?>,index=10>
Variable Delete,method=Main#dfs:80 <name=node2,type=int (id=7),value=<?>,index=11>
Variable Delete,method=Main#dfs:80 <name=cost,type=int (id=7),value=<?>,index=12>
Variable Delete,method=Main#dfs:80 <name=next_station,type=int (id=7),value=<?>,index=13>
Variable Write,context=Main#dfs:80,i=8
Variable Write,context=Main#dfs:80,node1=7
Variable Write,context=Main#dfs:80,node2=8
Variable Write,context=Main#dfs:80,cost=44
Variable Write,context=Main#dfs:80,next_station=-1
Variable Write,context=Main#dfs:80,i=9
Variable Delete,method=Main#dfs:80 <name=node1,type=int (id=7),value=<?>,index=10>
Variable Delete,method=Main#dfs:80 <name=node2,type=int (id=7),value=<?>,index=11>
Variable Delete,method=Main#dfs:80 <name=cost,type=int (id=7),value=<?>,index=12>
Variable Delete,method=Main#dfs:80 <name=next_station,type=int (id=7),value=<?>,index=13>
Variable Delete,method=Main#dfs:80 <name=i,type=int (id=7),value=<?>,index=9>
Variable Write,context=Main#dfs:80,result=0
Method Exit,returner=Main#dfs:80,value=0
Variable Write,context=Main#dfs:73,ret=21
Variable Delete,method=Main#dfs:73 <name=node1,type=int (id=7),value=<?>,index=10>
Variable Delete,method=Main#dfs:73 <name=node2,type=int (id=7),value=<?>,index=11>
Variable Delete,method=Main#dfs:73 <name=cost,type=int (id=7),value=<?>,index=12>
Variable Delete,method=Main#dfs:73 <name=next_station,type=int (id=7),value=<?>,index=13>
Variable Delete,method=Main#dfs:73 <name=ret,type=int (id=7),value=<?>,index=14>
Variable Delete,method=Main#dfs:73 <name=i,type=int (id=7),value=<?>,index=9>
Variable Write,context=Main#dfs:73,next=int[][]:1
Variable Write,context=Main#dfs:73,result=174
Method Exit,returner=Main#dfs:73,value=174
Variable Write,context=Main#dfs:71,ret=241
Variable Write,context=Main#dfs:71,max_next_path=7
Variable Write,context=Main#dfs:71,max_cost=241
Variable Write,context=Main#dfs:71,max_next_station=8
Variable Write,context=Main#dfs:71,i=8
Variable Delete,method=Main#dfs:71 <name=node1,type=int (id=7),value=<?>,index=10>
Variable Delete,method=Main#dfs:71 <name=node2,type=int (id=7),value=<?>,index=11>
Variable Delete,method=Main#dfs:71 <name=cost,type=int (id=7),value=<?>,index=12>
Variable Delete,method=Main#dfs:71 <name=next_station,type=int (id=7),value=<?>,index=13>
Variable Delete,method=Main#dfs:71 <name=ret,type=int (id=7),value=<?>,index=14>
Variable Write,context=Main#dfs:71,node1=7
Variable Write,context=Main#dfs:71,node2=8
Variable Write,context=Main#dfs:71,cost=44
Variable Write,context=Main#dfs:71,next_station=-1
Variable Write,context=Main#dfs:71,i=9
Variable Delete,method=Main#dfs:71 <name=node1,type=int (id=7),value=<?>,index=10>
Variable Delete,method=Main#dfs:71 <name=node2,type=int (id=7),value=<?>,index=11>
Variable Delete,method=Main#dfs:71 <name=cost,type=int (id=7),value=<?>,index=12>
Variable Delete,method=Main#dfs:71 <name=next_station,type=int (id=7),value=<?>,index=13>
Variable Write,context=Main#dfs:71,node1=8
Variable Write,context=Main#dfs:71,node2=9
Variable Write,context=Main#dfs:71,cost=21
Variable Write,context=Main#dfs:71,next_station=-1
Variable Delete,method=Main#dfs:71 <name=node1,type=int (id=7),value=<?>,index=10>
Variable Delete,method=Main#dfs:71 <name=node2,type=int (id=7),value=<?>,index=11>
Variable Delete,method=Main#dfs:71 <name=cost,type=int (id=7),value=<?>,index=12>
Variable Delete,method=Main#dfs:71 <name=next_station,type=int (id=7),value=<?>,index=13>
Variable Delete,method=Main#dfs:71 <name=i,type=int (id=7),value=<?>,index=9>
Variable Write,context=Main#dfs:71,next=int[][]:1
Variable Write,context=Main#dfs:71,result=241
Method Exit,returner=Main#dfs:71,value=241
Variable Write,context=Main#dfs:58,ret=323
Variable Write,context=Main#dfs:58,i=4
Variable Delete,method=Main#dfs:58 <name=node1,type=int (id=7),value=<?>,index=10>
Variable Delete,method=Main#dfs:58 <name=node2,type=int (id=7),value=<?>,index=11>
Variable Delete,method=Main#dfs:58 <name=cost,type=int (id=7),value=<?>,index=12>
Variable Delete,method=Main#dfs:58 <name=next_station,type=int (id=7),value=<?>,index=13>
Variable Delete,method=Main#dfs:58 <name=ret,type=int (id=7),value=<?>,index=14>
Variable Write,context=Main#dfs:58,node1=3
Variable Write,context=Main#dfs:58,node2=4
Variable Write,context=Main#dfs:58,cost=58
Variable Write,context=Main#dfs:58,next_station=-1
Variable Write,context=Main#dfs:58,i=5
Variable Delete,method=Main#dfs:58 <name=node1,type=int (id=7),value=<?>,index=10>
Variable Delete,method=Main#dfs:58 <name=node2,type=int (id=7),value=<?>,index=11>
Variable Delete,method=Main#dfs:58 <name=cost,type=int (id=7),value=<?>,index=12>
Variable Delete,method=Main#dfs:58 <name=next_station,type=int (id=7),value=<?>,index=13>
Variable Write,context=Main#dfs:58,node1=4
Variable Write,context=Main#dfs:58,node2=8
Variable Write,context=Main#dfs:58,cost=68
Variable Write,context=Main#dfs:58,next_station=-1
Variable Write,context=Main#dfs:58,i=6
Variable Delete,method=Main#dfs:58 <name=node1,type=int (id=7),value=<?>,index=10>
Variable Delete,method=Main#dfs:58 <name=node2,type=int (id=7),value=<?>,index=11>
Variable Delete,method=Main#dfs:58 <name=cost,type=int (id=7),value=<?>,index=12>
Variable Delete,method=Main#dfs:58 <name=next_station,type=int (id=7),value=<?>,index=13>
Variable Write,context=Main#dfs:58,node1=5
Variable Write,context=Main#dfs:58,node2=6
Variable Write,context=Main#dfs:58,cost=80
Variable Write,context=Main#dfs:58,next_station=-1
Variable Write,context=Main#dfs:58,i=7
Variable Delete,method=Main#dfs:58 <name=node1,type=int (id=7),value=<?>,index=10>
Variable Delete,method=Main#dfs:58 <name=node2,type=int (id=7),value=<?>,index=11>
Variable Delete,method=Main#dfs:58 <name=cost,type=int (id=7),value=<?>,index=12>
Variable Delete,method=Main#dfs:58 <name=next_station,type=int (id=7),value=<?>,index=13>
Variable Write,context=Main#dfs:58,node1=5
Variable Write,context=Main#dfs:58,node2=8
Variable Write,context=Main#dfs:58,cost=67
Variable Write,context=Main#dfs:58,next_station=-1
Variable Write,context=Main#dfs:58,i=8
Variable Delete,method=Main#dfs:58 <name=node1,type=int (id=7),value=<?>,index=10>
Variable Delete,method=Main#dfs:58 <name=node2,type=int (id=7),value=<?>,index=11>
Variable Delete,method=Main#dfs:58 <name=cost,type=int (id=7),value=<?>,index=12>
Variable Delete,method=Main#dfs:58 <name=next_station,type=int (id=7),value=<?>,index=13>
Variable Write,context=Main#dfs:58,node1=7
Variable Write,context=Main#dfs:58,node2=8
Variable Write,context=Main#dfs:58,cost=44
Variable Write,context=Main#dfs:58,next_station=-1
Variable Write,context=Main#dfs:58,i=9
Variable Delete,method=Main#dfs:58 <name=node1,type=int (id=7),value=<?>,index=10>
Variable Delete,method=Main#dfs:58 <name=node2,type=int (id=7),value=<?>,index=11>
Variable Delete,method=Main#dfs:58 <name=cost,type=int (id=7),value=<?>,index=12>
Variable Delete,method=Main#dfs:58 <name=next_station,type=int (id=7),value=<?>,index=13>
Variable Write,context=Main#dfs:58,node1=8
Variable Write,context=Main#dfs:58,node2=9
Variable Write,context=Main#dfs:58,cost=21
Variable Write,context=Main#dfs:58,next_station=-1
Variable Delete,method=Main#dfs:58 <name=node1,type=int (id=7),value=<?>,index=10>
Variable Delete,method=Main#dfs:58 <name=node2,type=int (id=7),value=<?>,index=11>
Variable Delete,method=Main#dfs:58 <name=cost,type=int (id=7),value=<?>,index=12>
Variable Delete,method=Main#dfs:58 <name=next_station,type=int (id=7),value=<?>,index=13>
Variable Delete,method=Main#dfs:58 <name=i,type=int (id=7),value=<?>,index=9>
Variable Write,context=Main#dfs:58,next=int[][]:1
Variable Write,context=Main#dfs:58,result=323
Method Exit,returner=Main#dfs:58,value=323
Variable Write,context=Main#main:1,cost=323
Variable Write,context=Main#main:1,start=2
Variable Delete,method=Main#main:1 <name=cost,type=int (id=7),value=<?>,index=12>
Method Call,caller=Main#main:1,target=Main#dfs:81
Variable Write,context=Main#dfs:81,next=int[][]:1
Variable Write,context=Main#dfs:81,adj_list=int[][]:3
Variable Write,context=Main#dfs:81,nl=10
Variable Write,context=Main#dfs:81,bit=0
Variable Write,context=Main#dfs:81,cur_station=2
Variable Write,context=Main#dfs:81,ns=10
Variable Write,context=Main#dfs:81,max_next_path=2147483647
Variable Write,context=Main#dfs:81,max_next_station=2147483647
Variable Write,context=Main#dfs:81,max_cost=0
Variable Write,context=Main#dfs:81,i=0
Variable Write,context=Main#dfs:81,node1=0
Variable Write,context=Main#dfs:81,node2=1
Variable Write,context=Main#dfs:81,cost=11
Variable Write,context=Main#dfs:81,next_station=-1
Variable Write,context=Main#dfs:81,i=1
Variable Delete,method=Main#dfs:81 <name=node1,type=int (id=7),value=<?>,index=10>
Variable Delete,method=Main#dfs:81 <name=node2,type=int (id=7),value=<?>,index=11>
Variable Delete,method=Main#dfs:81 <name=cost,type=int (id=7),value=<?>,index=12>
Variable Delete,method=Main#dfs:81 <name=next_station,type=int (id=7),value=<?>,index=13>
Variable Write,context=Main#dfs:81,node1=1
Variable Write,context=Main#dfs:81,node2=2
Variable Write,context=Main#dfs:81,cost=25
Variable Write,context=Main#dfs:81,next_station=-1
Variable Write,context=Main#dfs:81,next_station=1
Method Call,caller=Main#dfs:81,target=Main#dfs:82
Variable Write,context=Main#dfs:82,next=int[][]:1
Variable Write,context=Main#dfs:82,adj_list=int[][]:3
Variable Write,context=Main#dfs:82,nl=10
Variable Write,context=Main#dfs:82,bit=2
Variable Write,context=Main#dfs:82,cur_station=1
Variable Write,context=Main#dfs:82,ns=10
Variable Write,context=Main#dfs:82,max_next_path=2147483647
Variable Write,context=Main#dfs:82,max_next_station=2147483647
Variable Write,context=Main#dfs:82,max_cost=0
Variable Write,context=Main#dfs:82,i=0
Variable Write,context=Main#dfs:82,node1=0
Variable Write,context=Main#dfs:82,node2=1
Variable Write,context=Main#dfs:82,cost=11
Variable Write,context=Main#dfs:82,next_station=-1
Variable Write,context=Main#dfs:82,next_station=0
Method Call,caller=Main#dfs:82,target=Main#dfs:83
Variable Write,context=Main#dfs:83,next=int[][]:1
Variable Write,context=Main#dfs:83,adj_list=int[][]:3
Variable Write,context=Main#dfs:83,nl=10
Variable Write,context=Main#dfs:83,bit=3
Variable Write,context=Main#dfs:83,cur_station=0
Variable Write,context=Main#dfs:83,ns=10
Variable Write,context=Main#dfs:83,max_next_path=2147483647
Variable Write,context=Main#dfs:83,max_next_station=2147483647
Variable Write,context=Main#dfs:83,max_cost=0
Variable Write,context=Main#dfs:83,i=0
Variable Write,context=Main#dfs:83,i=1
Variable Write,context=Main#dfs:83,i=2
Variable Write,context=Main#dfs:83,node1=1
Variable Write,context=Main#dfs:83,node2=4
Variable Write,context=Main#dfs:83,cost=81
Variable Write,context=Main#dfs:83,next_station=-1
Variable Write,context=Main#dfs:83,i=3
Variable Delete,method=Main#dfs:83 <name=node1,type=int (id=7),value=<?>,index=10>
Variable Delete,method=Main#dfs:83 <name=node2,type=int (id=7),value=<?>,index=11>
Variable Delete,method=Main#dfs:83 <name=cost,type=int (id=7),value=<?>,index=12>
Variable Delete,method=Main#dfs:83 <name=next_station,type=int (id=7),value=<?>,index=13>
Variable Write,context=Main#dfs:83,node1=1
Variable Write,context=Main#dfs:83,node2=5
Variable Write,context=Main#dfs:83,cost=82
Variable Write,context=Main#dfs:83,next_station=-1
Variable Write,context=Main#dfs:83,i=4
Variable Delete,method=Main#dfs:83 <name=node1,type=int (id=7),value=<?>,index=10>
Variable Delete,method=Main#dfs:83 <name=node2,type=int (id=7),value=<?>,index=11>
Variable Delete,method=Main#dfs:83 <name=cost,type=int (id=7),value=<?>,index=12>
Variable Delete,method=Main#dfs:83 <name=next_station,type=int (id=7),value=<?>,index=13>
Variable Write,context=Main#dfs:83,node1=3
Variable Write,context=Main#dfs:83,node2=4
Variable Write,context=Main#dfs:83,cost=58
Variable Write,context=Main#dfs:83,next_station=-1
Variable Write,context=Main#dfs:83,i=5
Variable Delete,method=Main#dfs:83 <name=node1,type=int (id=7),value=<?>,index=10>
Variable Delete,method=Main#dfs:83 <name=node2,type=int (id=7),value=<?>,index=11>
Variable Delete,method=Main#dfs:83 <name=cost,type=int (id=7),value=<?>,index=12>
Variable Delete,method=Main#dfs:83 <name=next_station,type=int (id=7),value=<?>,index=13>
Variable Write,context=Main#dfs:83,node1=4
Variable Write,context=Main#dfs:83,node2=8
Variable Write,context=Main#dfs:83,cost=68
Variable Write,context=Main#dfs:83,next_station=-1
Variable Write,context=Main#dfs:83,i=6
Variable Delete,method=Main#dfs:83 <name=node1,type=int (id=7),value=<?>,index=10>
Variable Delete,method=Main#dfs:83 <name=node2,type=int (id=7),value=<?>,index=11>
Variable Delete,method=Main#dfs:83 <name=cost,type=int (id=7),value=<?>,index=12>
Variable Delete,method=Main#dfs:83 <name=next_station,type=int (id=7),value=<?>,index=13>
Variable Write,context=Main#dfs:83,node1=5
Variable Write,context=Main#dfs:83,node2=6
Variable Write,context=Main#dfs:83,cost=80
Variable Write,context=Main#dfs:83,next_station=-1
Variable Write,context=Main#dfs:83,i=7
Variable Delete,method=Main#dfs:83 <name=node1,type=int (id=7),value=<?>,index=10>
Variable Delete,method=Main#dfs:83 <name=node2,type=int (id=7),value=<?>,index=11>
Variable Delete,method=Main#dfs:83 <name=cost,type=int (id=7),value=<?>,index=12>
Variable Delete,method=Main#dfs:83 <name=next_station,type=int (id=7),value=<?>,index=13>
Variable Write,context=Main#dfs:83,node1=5
Variable Write,context=Main#dfs:83,node2=8
Variable Write,context=Main#dfs:83,cost=67
Variable Write,context=Main#dfs:83,next_station=-1
Variable Write,context=Main#dfs:83,i=8
Variable Delete,method=Main#dfs:83 <name=node1,type=int (id=7),value=<?>,index=10>
Variable Delete,method=Main#dfs:83 <name=node2,type=int (id=7),value=<?>,index=11>
Variable Delete,method=Main#dfs:83 <name=cost,type=int (id=7),value=<?>,index=12>
Variable Delete,method=Main#dfs:83 <name=next_station,type=int (id=7),value=<?>,index=13>
Variable Write,context=Main#dfs:83,node1=7
Variable Write,context=Main#dfs:83,node2=8
Variable Write,context=Main#dfs:83,cost=44
Variable Write,context=Main#dfs:83,next_station=-1
Variable Write,context=Main#dfs:83,i=9
Variable Delete,method=Main#dfs:83 <name=node1,type=int (id=7),value=<?>,index=10>
Variable Delete,method=Main#dfs:83 <name=node2,type=int (id=7),value=<?>,index=11>
Variable Delete,method=Main#dfs:83 <name=cost,type=int (id=7),value=<?>,index=12>
Variable Delete,method=Main#dfs:83 <name=next_station,type=int (id=7),value=<?>,index=13>
Variable Write,context=Main#dfs:83,node1=8
Variable Write,context=Main#dfs:83,node2=9
Variable Write,context=Main#dfs:83,cost=21
Variable Write,context=Main#dfs:83,next_station=-1
Variable Delete,method=Main#dfs:83 <name=node1,type=int (id=7),value=<?>,index=10>
Variable Delete,method=Main#dfs:83 <name=node2,type=int (id=7),value=<?>,index=11>
Variable Delete,method=Main#dfs:83 <name=cost,type=int (id=7),value=<?>,index=12>
Variable Delete,method=Main#dfs:83 <name=next_station,type=int (id=7),value=<?>,index=13>
Variable Delete,method=Main#dfs:83 <name=i,type=int (id=7),value=<?>,index=9>
Variable Write,context=Main#dfs:83,result=0
Method Exit,returner=Main#dfs:83,value=0
Variable Write,context=Main#dfs:82,ret=11
Variable Write,context=Main#dfs:82,max_next_path=0
Variable Write,context=Main#dfs:82,max_cost=11
Variable Write,context=Main#dfs:82,max_next_station=0
Variable Write,context=Main#dfs:82,i=1
Variable Delete,method=Main#dfs:82 <name=node1,type=int (id=7),value=<?>,index=10>
Variable Delete,method=Main#dfs:82 <name=node2,type=int (id=7),value=<?>,index=11>
Variable Delete,method=Main#dfs:82 <name=cost,type=int (id=7),value=<?>,index=12>
Variable Delete,method=Main#dfs:82 <name=next_station,type=int (id=7),value=<?>,index=13>
Variable Delete,method=Main#dfs:82 <name=ret,type=int (id=7),value=<?>,index=14>
Variable Write,context=Main#dfs:82,i=2
Variable Write,context=Main#dfs:82,node1=1
Variable Write,context=Main#dfs:82,node2=4
Variable Write,context=Main#dfs:82,cost=81
Variable Write,context=Main#dfs:82,next_station=-1
Variable Write,context=Main#dfs:82,next_station=4
Method Call,caller=Main#dfs:82,target=Main#dfs:84
Variable Write,context=Main#dfs:84,next=int[][]:1
Variable Write,context=Main#dfs:84,adj_list=int[][]:3
Variable Write,context=Main#dfs:84,nl=10
Variable Write,context=Main#dfs:84,bit=6
Variable Write,context=Main#dfs:84,cur_station=4
Variable Write,context=Main#dfs:84,ns=10
Variable Write,context=Main#dfs:84,max_next_path=2147483647
Variable Write,context=Main#dfs:84,max_next_station=2147483647
Variable Write,context=Main#dfs:84,max_cost=0
Variable Write,context=Main#dfs:84,i=0
Variable Write,context=Main#dfs:84,node1=0
Variable Write,context=Main#dfs:84,node2=1
Variable Write,context=Main#dfs:84,cost=11
Variable Write,context=Main#dfs:84,next_station=-1
Variable Write,context=Main#dfs:84,i=1
Variable Delete,method=Main#dfs:84 <name=node1,type=int (id=7),value=<?>,index=10>
Variable Delete,method=Main#dfs:84 <name=node2,type=int (id=7),value=<?>,index=11>
Variable Delete,method=Main#dfs:84 <name=cost,type=int (id=7),value=<?>,index=12>
Variable Delete,method=Main#dfs:84 <name=next_station,type=int (id=7),value=<?>,index=13>
Variable Write,context=Main#dfs:84,i=2
Variable Write,context=Main#dfs:84,i=3
Variable Write,context=Main#dfs:84,node1=1
Variable Write,context=Main#dfs:84,node2=5
Variable Write,context=Main#dfs:84,cost=82
Variable Write,context=Main#dfs:84,next_station=-1
Variable Write,context=Main#dfs:84,i=4
Variable Delete,method=Main#dfs:84 <name=node1,type=int (id=7),value=<?>,index=10>
Variable Delete,method=Main#dfs:84 <name=node2,type=int (id=7),value=<?>,index=11>
Variable Delete,method=Main#dfs:84 <name=cost,type=int (id=7),value=<?>,index=12>
Variable Delete,method=Main#dfs:84 <name=next_station,type=int (id=7),value=<?>,index=13>
Variable Write,context=Main#dfs:84,node1=3
Variable Write,context=Main#dfs:84,node2=4
Variable Write,context=Main#dfs:84,cost=58
Variable Write,context=Main#dfs:84,next_station=-1
Variable Write,context=Main#dfs:84,next_station=3
Method Call,caller=Main#dfs:84,target=Main#dfs:85
Variable Write,context=Main#dfs:85,next=int[][]:1
Variable Write,context=Main#dfs:85,adj_list=int[][]:3
Variable Write,context=Main#dfs:85,nl=10
Variable Write,context=Main#dfs:85,bit=22
Variable Write,context=Main#dfs:85,cur_station=3
Variable Write,context=Main#dfs:85,ns=10
Variable Write,context=Main#dfs:85,max_next_path=2147483647
Variable Write,context=Main#dfs:85,max_next_station=2147483647
Variable Write,context=Main#dfs:85,max_cost=0
Variable Write,context=Main#dfs:85,i=0
Variable Write,context=Main#dfs:85,node1=0
Variable Write,context=Main#dfs:85,node2=1
Variable Write,context=Main#dfs:85,cost=11
Variable Write,context=Main#dfs:85,next_station=-1
Variable Write,context=Main#dfs:85,i=1
Variable Delete,method=Main#dfs:85 <name=node1,type=int (id=7),value=<?>,index=10>
Variable Delete,method=Main#dfs:85 <name=node2,type=int (id=7),value=<?>,index=11>
Variable Delete,method=Main#dfs:85 <name=cost,type=int (id=7),value=<?>,index=12>
Variable Delete,method=Main#dfs:85 <name=next_station,type=int (id=7),value=<?>,index=13>
Variable Write,context=Main#dfs:85,i=2
Variable Write,context=Main#dfs:85,i=3
Variable Write,context=Main#dfs:85,node1=1
Variable Write,context=Main#dfs:85,node2=5
Variable Write,context=Main#dfs:85,cost=82
Variable Write,context=Main#dfs:85,next_station=-1
Variable Write,context=Main#dfs:85,i=4
Variable Delete,method=Main#dfs:85 <name=node1,type=int (id=7),value=<?>,index=10>
Variable Delete,method=Main#dfs:85 <name=node2,type=int (id=7),value=<?>,index=11>
Variable Delete,method=Main#dfs:85 <name=cost,type=int (id=7),value=<?>,index=12>
Variable Delete,method=Main#dfs:85 <name=next_station,type=int (id=7),value=<?>,index=13>
Variable Write,context=Main#dfs:85,i=5
Variable Write,context=Main#dfs:85,node1=4
Variable Write,context=Main#dfs:85,node2=8
Variable Write,context=Main#dfs:85,cost=68
Variable Write,context=Main#dfs:85,next_station=-1
Variable Write,context=Main#dfs:85,i=6
Variable Delete,method=Main#dfs:85 <name=node1,type=int (id=7),value=<?>,index=10>
Variable Delete,method=Main#dfs:85 <name=node2,type=int (id=7),value=<?>,index=11>
Variable Delete,method=Main#dfs:85 <name=cost,type=int (id=7),value=<?>,index=12>
Variable Delete,method=Main#dfs:85 <name=next_station,type=int (id=7),value=<?>,index=13>
Variable Write,context=Main#dfs:85,node1=5
Variable Write,context=Main#dfs:85,node2=6
Variable Write,context=Main#dfs:85,cost=80
Variable Write,context=Main#dfs:85,next_station=-1
Variable Write,context=Main#dfs:85,i=7
Variable Delete,method=Main#dfs:85 <name=node1,type=int (id=7),value=<?>,index=10>
Variable Delete,method=Main#dfs:85 <name=node2,type=int (id=7),value=<?>,index=11>
Variable Delete,method=Main#dfs:85 <name=cost,type=int (id=7),value=<?>,index=12>
Variable Delete,method=Main#dfs:85 <name=next_station,type=int (id=7),value=<?>,index=13>
Variable Write,context=Main#dfs:85,node1=5
Variable Write,context=Main#dfs:85,node2=8
Variable Write,context=Main#dfs:85,cost=67
Variable Write,context=Main#dfs:85,next_station=-1
Variable Write,context=Main#dfs:85,i=8
Variable Delete,method=Main#dfs:85 <name=node1,type=int (id=7),value=<?>,index=10>
Variable Delete,method=Main#dfs:85 <name=node2,type=int (id=7),value=<?>,index=11>
Variable Delete,method=Main#dfs:85 <name=cost,type=int (id=7),value=<?>,index=12>
Variable Delete,method=Main#dfs:85 <name=next_station,type=int (id=7),value=<?>,index=13>
Variable Write,context=Main#dfs:85,node1=7
Variable Write,context=Main#dfs:85,node2=8
Variable Write,context=Main#dfs:85,cost=44
Variable Write,context=Main#dfs:85,next_station=-1
Variable Write,context=Main#dfs:85,i=9
Variable Delete,method=Main#dfs:85 <name=node1,type=int (id=7),value=<?>,index=10>
Variable Delete,method=Main#dfs:85 <name=node2,type=int (id=7),value=<?>,index=11>
Variable Delete,method=Main#dfs:85 <name=cost,type=int (id=7),value=<?>,index=12>
Variable Delete,method=Main#dfs:85 <name=next_station,type=int (id=7),value=<?>,index=13>
Variable Write,context=Main#dfs:85,node1=8
Variable Write,context=Main#dfs:85,node2=9
Variable Write,context=Main#dfs:85,cost=21
Variable Write,context=Main#dfs:85,next_station=-1
Variable Delete,method=Main#dfs:85 <name=node1,type=int (id=7),value=<?>,index=10>
Variable Delete,method=Main#dfs:85 <name=node2,type=int (id=7),value=<?>,index=11>
Variable Delete,method=Main#dfs:85 <name=cost,type=int (id=7),value=<?>,index=12>
Variable Delete,method=Main#dfs:85 <name=next_station,type=int (id=7),value=<?>,index=13>
Variable Delete,method=Main#dfs:85 <name=i,type=int (id=7),value=<?>,index=9>
Variable Write,context=Main#dfs:85,result=0
Method Exit,returner=Main#dfs:85,value=0
Variable Write,context=Main#dfs:84,ret=58
Variable Write,context=Main#dfs:84,max_next_path=4
Variable Write,context=Main#dfs:84,max_cost=58
Variable Write,context=Main#dfs:84,max_next_station=3
Variable Write,context=Main#dfs:84,i=5
Variable Delete,method=Main#dfs:84 <name=node1,type=int (id=7),value=<?>,index=10>
Variable Delete,method=Main#dfs:84 <name=node2,type=int (id=7),value=<?>,index=11>
Variable Delete,method=Main#dfs:84 <name=cost,type=int (id=7),value=<?>,index=12>
Variable Delete,method=Main#dfs:84 <name=next_station,type=int (id=7),value=<?>,index=13>
Variable Delete,method=Main#dfs:84 <name=ret,type=int (id=7),value=<?>,index=14>
Variable Write,context=Main#dfs:84,node1=4
Variable Write,context=Main#dfs:84,node2=8
Variable Write,context=Main#dfs:84,cost=68
Variable Write,context=Main#dfs:84,next_station=-1
Variable Write,context=Main#dfs:84,next_station=8
Method Call,caller=Main#dfs:84,target=Main#dfs:86
Variable Write,context=Main#dfs:86,next=int[][]:1
Variable Write,context=Main#dfs:86,adj_list=int[][]:3
Variable Write,context=Main#dfs:86,nl=10
Variable Write,context=Main#dfs:86,bit=38
Variable Write,context=Main#dfs:86,cur_station=8
Variable Write,context=Main#dfs:86,ns=10
Variable Write,context=Main#dfs:86,max_next_path=2147483647
Variable Write,context=Main#dfs:86,max_next_station=2147483647
Variable Write,context=Main#dfs:86,max_cost=0
Variable Write,context=Main#dfs:86,i=0
Variable Write,context=Main#dfs:86,node1=0
Variable Write,context=Main#dfs:86,node2=1
Variable Write,context=Main#dfs:86,cost=11
Variable Write,context=Main#dfs:86,next_station=-1
Variable Write,context=Main#dfs:86,i=1
Variable Delete,method=Main#dfs:86 <name=node1,type=int (id=7),value=<?>,index=10>
Variable Delete,method=Main#dfs:86 <name=node2,type=int (id=7),value=<?>,index=11>
Variable Delete,method=Main#dfs:86 <name=cost,type=int (id=7),value=<?>,index=12>
Variable Delete,method=Main#dfs:86 <name=next_station,type=int (id=7),value=<?>,index=13>
Variable Write,context=Main#dfs:86,i=2
Variable Write,context=Main#dfs:86,i=3
Variable Write,context=Main#dfs:86,node1=1
Variable Write,context=Main#dfs:86,node2=5
Variable Write,context=Main#dfs:86,cost=82
Variable Write,context=Main#dfs:86,next_station=-1
Variable Write,context=Main#dfs:86,i=4
Variable Delete,method=Main#dfs:86 <name=node1,type=int (id=7),value=<?>,index=10>
Variable Delete,method=Main#dfs:86 <name=node2,type=int (id=7),value=<?>,index=11>
Variable Delete,method=Main#dfs:86 <name=cost,type=int (id=7),value=<?>,index=12>
Variable Delete,method=Main#dfs:86 <name=next_station,type=int (id=7),value=<?>,index=13>
Variable Write,context=Main#dfs:86,node1=3
Variable Write,context=Main#dfs:86,node2=4
Variable Write,context=Main#dfs:86,cost=58
Variable Write,context=Main#dfs:86,next_station=-1
Variable Write,context=Main#dfs:86,i=5
Variable Delete,method=Main#dfs:86 <name=node1,type=int (id=7),value=<?>,index=10>
Variable Delete,method=Main#dfs:86 <name=node2,type=int (id=7),value=<?>,index=11>
Variable Delete,method=Main#dfs:86 <name=cost,type=int (id=7),value=<?>,index=12>
Variable Delete,method=Main#dfs:86 <name=next_station,type=int (id=7),value=<?>,index=13>
Variable Write,context=Main#dfs:86,i=6
Variable Write,context=Main#dfs:86,node1=5
Variable Write,context=Main#dfs:86,node2=6
Variable Write,context=Main#dfs:86,cost=80
Variable Write,context=Main#dfs:86,next_station=-1
Variable Write,context=Main#dfs:86,i=7
Variable Delete,method=Main#dfs:86 <name=node1,type=int (id=7),value=<?>,index=10>
Variable Delete,method=Main#dfs:86 <name=node2,type=int (id=7),value=<?>,index=11>
Variable Delete,method=Main#dfs:86 <name=cost,type=int (id=7),value=<?>,index=12>
Variable Delete,method=Main#dfs:86 <name=next_station,type=int (id=7),value=<?>,index=13>
Variable Write,context=Main#dfs:86,node1=5
Variable Write,context=Main#dfs:86,node2=8
Variable Write,context=Main#dfs:86,cost=67
Variable Write,context=Main#dfs:86,next_station=-1
Variable Write,context=Main#dfs:86,next_station=5
Method Call,caller=Main#dfs:86,target=Main#dfs:87
Variable Write,context=Main#dfs:87,next=int[][]:1
Variable Write,context=Main#dfs:87,adj_list=int[][]:3
Variable Write,context=Main#dfs:87,nl=10
Variable Write,context=Main#dfs:87,bit=166
Variable Write,context=Main#dfs:87,cur_station=5
Variable Write,context=Main#dfs:87,ns=10
Variable Write,context=Main#dfs:87,max_next_path=2147483647
Variable Write,context=Main#dfs:87,max_next_station=2147483647
Variable Write,context=Main#dfs:87,max_cost=0
Variable Write,context=Main#dfs:87,i=0
Variable Write,context=Main#dfs:87,node1=0
Variable Write,context=Main#dfs:87,node2=1
Variable Write,context=Main#dfs:87,cost=11
Variable Write,context=Main#dfs:87,next_station=-1
Variable Write,context=Main#dfs:87,i=1
Variable Delete,method=Main#dfs:87 <name=node1,type=int (id=7),value=<?>,index=10>
Variable Delete,method=Main#dfs:87 <name=node2,type=int (id=7),value=<?>,index=11>
Variable Delete,method=Main#dfs:87 <name=cost,type=int (id=7),value=<?>,index=12>
Variable Delete,method=Main#dfs:87 <name=next_station,type=int (id=7),value=<?>,index=13>
Variable Write,context=Main#dfs:87,i=2
Variable Write,context=Main#dfs:87,i=3
Variable Write,context=Main#dfs:87,node1=1
Variable Write,context=Main#dfs:87,node2=5
Variable Write,context=Main#dfs:87,cost=82
Variable Write,context=Main#dfs:87,next_station=-1
Variable Write,context=Main#dfs:87,next_station=1
Method Call,caller=Main#dfs:87,target=Main#dfs:88
Variable Write,context=Main#dfs:88,next=int[][]:1
Variable Write,context=Main#dfs:88,adj_list=int[][]:3
Variable Write,context=Main#dfs:88,nl=10
Variable Write,context=Main#dfs:88,bit=174
Variable Write,context=Main#dfs:88,cur_station=1
Variable Write,context=Main#dfs:88,ns=10
Variable Write,context=Main#dfs:88,max_next_path=2147483647
Variable Write,context=Main#dfs:88,max_next_station=2147483647
Variable Write,context=Main#dfs:88,max_cost=0
Variable Write,context=Main#dfs:88,i=0
Variable Write,context=Main#dfs:88,node1=0
Variable Write,context=Main#dfs:88,node2=1
Variable Write,context=Main#dfs:88,cost=11
Variable Write,context=Main#dfs:88,next_station=-1
Variable Write,context=Main#dfs:88,next_station=0
Method Call,caller=Main#dfs:88,target=Main#dfs:89
Variable Write,context=Main#dfs:89,next=int[][]:1
Variable Write,context=Main#dfs:89,adj_list=int[][]:3
Variable Write,context=Main#dfs:89,nl=10
Variable Write,context=Main#dfs:89,bit=175
Variable Write,context=Main#dfs:89,cur_station=0
Variable Write,context=Main#dfs:89,ns=10
Variable Write,context=Main#dfs:89,max_next_path=2147483647
Variable Write,context=Main#dfs:89,max_next_station=2147483647
Variable Write,context=Main#dfs:89,max_cost=0
Variable Write,context=Main#dfs:89,i=0
Variable Write,context=Main#dfs:89,i=1
Variable Write,context=Main#dfs:89,i=2
Variable Write,context=Main#dfs:89,i=3
Variable Write,context=Main#dfs:89,i=4
Variable Write,context=Main#dfs:89,node1=3
Variable Write,context=Main#dfs:89,node2=4
Variable Write,context=Main#dfs:89,cost=58
Variable Write,context=Main#dfs:89,next_station=-1
Variable Write,context=Main#dfs:89,i=5
Variable Delete,method=Main#dfs:89 <name=node1,type=int (id=7),value=<?>,index=10>
Variable Delete,method=Main#dfs:89 <name=node2,type=int (id=7),value=<?>,index=11>
Variable Delete,method=Main#dfs:89 <name=cost,type=int (id=7),value=<?>,index=12>
Variable Delete,method=Main#dfs:89 <name=next_station,type=int (id=7),value=<?>,index=13>
Variable Write,context=Main#dfs:89,i=6
Variable Write,context=Main#dfs:89,node1=5
Variable Write,context=Main#dfs:89,node2=6
Variable Write,context=Main#dfs:89,cost=80
Variable Write,context=Main#dfs:89,next_station=-1
Variable Write,context=Main#dfs:89,i=7
Variable Delete,method=Main#dfs:89 <name=node1,type=int (id=7),value=<?>,index=10>
Variable Delete,method=Main#dfs:89 <name=node2,type=int (id=7),value=<?>,index=11>
Variable Delete,method=Main#dfs:89 <name=cost,type=int (id=7),value=<?>,index=12>
Variable Delete,method=Main#dfs:89 <name=next_station,type=int (id=7),value=<?>,index=13>
Variable Write,context=Main#dfs:89,i=8
Variable Write,context=Main#dfs:89,node1=7
Variable Write,context=Main#dfs:89,node2=8
Variable Write,context=Main#dfs:89,cost=44
Variable Write,context=Main#dfs:89,next_station=-1
Variable Write,context=Main#dfs:89,i=9
Variable Delete,method=Main#dfs:89 <name=node1,type=int (id=7),value=<?>,index=10>
Variable Delete,method=Main#dfs:89 <name=node2,type=int (id=7),value=<?>,index=11>
Variable Delete,method=Main#dfs:89 <name=cost,type=int (id=7),value=<?>,index=12>
Variable Delete,method=Main#dfs:89 <name=next_station,type=int (id=7),value=<?>,index=13>
Variable Write,context=Main#dfs:89,node1=8
Variable Write,context=Main#dfs:89,node2=9
Variable Write,context=Main#dfs:89,cost=21
Variable Write,context=Main#dfs:89,next_station=-1
Variable Delete,method=Main#dfs:89 <name=node1,type=int (id=7),value=<?>,index=10>
Variable Delete,method=Main#dfs:89 <name=node2,type=int (id=7),value=<?>,index=11>
Variable Delete,method=Main#dfs:89 <name=cost,type=int (id=7),value=<?>,index=12>
Variable Delete,method=Main#dfs:89 <name=next_station,type=int (id=7),value=<?>,index=13>
Variable Delete,method=Main#dfs:89 <name=i,type=int (id=7),value=<?>,index=9>
Variable Write,context=Main#dfs:89,result=0
Method Exit,returner=Main#dfs:89,value=0
Variable Write,context=Main#dfs:88,ret=11
Variable Write,context=Main#dfs:88,max_next_path=0
Variable Write,context=Main#dfs:88,max_cost=11
Variable Write,context=Main#dfs:88,max_next_station=0
Variable Write,context=Main#dfs:88,i=1
Variable Delete,method=Main#dfs:88 <name=node1,type=int (id=7),value=<?>,index=10>
Variable Delete,method=Main#dfs:88 <name=node2,type=int (id=7),value=<?>,index=11>
Variable Delete,method=Main#dfs:88 <name=cost,type=int (id=7),value=<?>,index=12>
Variable Delete,method=Main#dfs:88 <name=next_station,type=int (id=7),value=<?>,index=13>
Variable Delete,method=Main#dfs:88 <name=ret,type=int (id=7),value=<?>,index=14>
Variable Write,context=Main#dfs:88,i=2
Variable Write,context=Main#dfs:88,i=3
Variable Write,context=Main#dfs:88,i=4
Variable Write,context=Main#dfs:88,node1=3
Variable Write,context=Main#dfs:88,node2=4
Variable Write,context=Main#dfs:88,cost=58
Variable Write,context=Main#dfs:88,next_station=-1
Variable Write,context=Main#dfs:88,i=5
Variable Delete,method=Main#dfs:88 <name=node1,type=int (id=7),value=<?>,index=10>
Variable Delete,method=Main#dfs:88 <name=node2,type=int (id=7),value=<?>,index=11>
Variable Delete,method=Main#dfs:88 <name=cost,type=int (id=7),value=<?>,index=12>
Variable Delete,method=Main#dfs:88 <name=next_station,type=int (id=7),value=<?>,index=13>
Variable Write,context=Main#dfs:88,i=6
Variable Write,context=Main#dfs:88,node1=5
Variable Write,context=Main#dfs:88,node2=6
Variable Write,context=Main#dfs:88,cost=80
Variable Write,context=Main#dfs:88,next_station=-1
Variable Write,context=Main#dfs:88,i=7
Variable Delete,method=Main#dfs:88 <name=node1,type=int (id=7),value=<?>,index=10>
Variable Delete,method=Main#dfs:88 <name=node2,type=int (id=7),value=<?>,index=11>
Variable Delete,method=Main#dfs:88 <name=cost,type=int (id=7),value=<?>,index=12>
Variable Delete,method=Main#dfs:88 <name=next_station,type=int (id=7),value=<?>,index=13>
Variable Write,context=Main#dfs:88,i=8
Variable Write,context=Main#dfs:88,node1=7
Variable Write,context=Main#dfs:88,node2=8
Variable Write,context=Main#dfs:88,cost=44
Variable Write,context=Main#dfs:88,next_station=-1
Variable Write,context=Main#dfs:88,i=9
Variable Delete,method=Main#dfs:88 <name=node1,type=int (id=7),value=<?>,index=10>
Variable Delete,method=Main#dfs:88 <name=node2,type=int (id=7),value=<?>,index=11>
Variable Delete,method=Main#dfs:88 <name=cost,type=int (id=7),value=<?>,index=12>
Variable Delete,method=Main#dfs:88 <name=next_station,type=int (id=7),value=<?>,index=13>
Variable Write,context=Main#dfs:88,node1=8
Variable Write,context=Main#dfs:88,node2=9
Variable Write,context=Main#dfs:88,cost=21
Variable Write,context=Main#dfs:88,next_station=-1
Variable Delete,method=Main#dfs:88 <name=node1,type=int (id=7),value=<?>,index=10>
Variable Delete,method=Main#dfs:88 <name=node2,type=int (id=7),value=<?>,index=11>
Variable Delete,method=Main#dfs:88 <name=cost,type=int (id=7),value=<?>,index=12>
Variable Delete,method=Main#dfs:88 <name=next_station,type=int (id=7),value=<?>,index=13>
Variable Delete,method=Main#dfs:88 <name=i,type=int (id=7),value=<?>,index=9>
Variable Write,context=Main#dfs:88,next=int[][]:1
Variable Write,context=Main#dfs:88,result=11
Method Exit,returner=Main#dfs:88,value=11
Variable Write,context=Main#dfs:87,ret=93
Variable Write,context=Main#dfs:87,max_next_path=3
Variable Write,context=Main#dfs:87,max_cost=93
Variable Write,context=Main#dfs:87,max_next_station=1
Variable Write,context=Main#dfs:87,i=4
Variable Delete,method=Main#dfs:87 <name=node1,type=int (id=7),value=<?>,index=10>
Variable Delete,method=Main#dfs:87 <name=node2,type=int (id=7),value=<?>,index=11>
Variable Delete,method=Main#dfs:87 <name=cost,type=int (id=7),value=<?>,index=12>
Variable Delete,method=Main#dfs:87 <name=next_station,type=int (id=7),value=<?>,index=13>
Variable Delete,method=Main#dfs:87 <name=ret,type=int (id=7),value=<?>,index=14>
Variable Write,context=Main#dfs:87,node1=3
Variable Write,context=Main#dfs:87,node2=4
Variable Write,context=Main#dfs:87,cost=58
Variable Write,context=Main#dfs:87,next_station=-1
Variable Write,context=Main#dfs:87,i=5
Variable Delete,method=Main#dfs:87 <name=node1,type=int (id=7),value=<?>,index=10>
Variable Delete,method=Main#dfs:87 <name=node2,type=int (id=7),value=<?>,index=11>
Variable Delete,method=Main#dfs:87 <name=cost,type=int (id=7),value=<?>,index=12>
Variable Delete,method=Main#dfs:87 <name=next_station,type=int (id=7),value=<?>,index=13>
Variable Write,context=Main#dfs:87,i=6
Variable Write,context=Main#dfs:87,node1=5
Variable Write,context=Main#dfs:87,node2=6
Variable Write,context=Main#dfs:87,cost=80
Variable Write,context=Main#dfs:87,next_station=-1
Variable Write,context=Main#dfs:87,next_station=6
Method Call,caller=Main#dfs:87,target=Main#dfs:90
Variable Write,context=Main#dfs:90,next=int[][]:1
Variable Write,context=Main#dfs:90,adj_list=int[][]:3
Variable Write,context=Main#dfs:90,nl=10
Variable Write,context=Main#dfs:90,bit=230
Variable Write,context=Main#dfs:90,cur_station=6
Variable Write,context=Main#dfs:90,ns=10
Variable Write,context=Main#dfs:90,max_next_path=2147483647
Variable Write,context=Main#dfs:90,max_next_station=2147483647
Variable Write,context=Main#dfs:90,max_cost=0
Variable Write,context=Main#dfs:90,i=0
Variable Write,context=Main#dfs:90,node1=0
Variable Write,context=Main#dfs:90,node2=1
Variable Write,context=Main#dfs:90,cost=11
Variable Write,context=Main#dfs:90,next_station=-1
Variable Write,context=Main#dfs:90,i=1
Variable Delete,method=Main#dfs:90 <name=node1,type=int (id=7),value=<?>,index=10>
Variable Delete,method=Main#dfs:90 <name=node2,type=int (id=7),value=<?>,index=11>
Variable Delete,method=Main#dfs:90 <name=cost,type=int (id=7),value=<?>,index=12>
Variable Delete,method=Main#dfs:90 <name=next_station,type=int (id=7),value=<?>,index=13>
Variable Write,context=Main#dfs:90,i=2
Variable Write,context=Main#dfs:90,i=3
Variable Write,context=Main#dfs:90,node1=1
Variable Write,context=Main#dfs:90,node2=5
Variable Write,context=Main#dfs:90,cost=82
Variable Write,context=Main#dfs:90,next_station=-1
Variable Write,context=Main#dfs:90,i=4
Variable Delete,method=Main#dfs:90 <name=node1,type=int (id=7),value=<?>,index=10>
Variable Delete,method=Main#dfs:90 <name=node2,type=int (id=7),value=<?>,index=11>
Variable Delete,method=Main#dfs:90 <name=cost,type=int (id=7),value=<?>,index=12>
Variable Delete,method=Main#dfs:90 <name=next_station,type=int (id=7),value=<?>,index=13>
Variable Write,context=Main#dfs:90,node1=3
Variable Write,context=Main#dfs:90,node2=4
Variable Write,context=Main#dfs:90,cost=58
Variable Write,context=Main#dfs:90,next_station=-1
Variable Write,context=Main#dfs:90,i=5
Variable Delete,method=Main#dfs:90 <name=node1,type=int (id=7),value=<?>,index=10>
Variable Delete,method=Main#dfs:90 <name=node2,type=int (id=7),value=<?>,index=11>
Variable Delete,method=Main#dfs:90 <name=cost,type=int (id=7),value=<?>,index=12>
Variable Delete,method=Main#dfs:90 <name=next_station,type=int (id=7),value=<?>,index=13>
Variable Write,context=Main#dfs:90,i=6
Variable Write,context=Main#dfs:90,i=7
Variable Write,context=Main#dfs:90,i=8
Variable Write,context=Main#dfs:90,node1=7
Variable Write,context=Main#dfs:90,node2=8
Variable Write,context=Main#dfs:90,cost=44
Variable Write,context=Main#dfs:90,next_station=-1
Variable Write,context=Main#dfs:90,i=9
Variable Delete,method=Main#dfs:90 <name=node1,type=int (id=7),value=<?>,index=10>
Variable Delete,method=Main#dfs:90 <name=node2,type=int (id=7),value=<?>,index=11>
Variable Delete,method=Main#dfs:90 <name=cost,type=int (id=7),value=<?>,index=12>
Variable Delete,method=Main#dfs:90 <name=next_station,type=int (id=7),value=<?>,index=13>
Variable Write,context=Main#dfs:90,node1=8
Variable Write,context=Main#dfs:90,node2=9
Variable Write,context=Main#dfs:90,cost=21
Variable Write,context=Main#dfs:90,next_station=-1
Variable Delete,method=Main#dfs:90 <name=node1,type=int (id=7),value=<?>,index=10>
Variable Delete,method=Main#dfs:90 <name=node2,type=int (id=7),value=<?>,index=11>
Variable Delete,method=Main#dfs:90 <name=cost,type=int (id=7),value=<?>,index=12>
Variable Delete,method=Main#dfs:90 <name=next_station,type=int (id=7),value=<?>,index=13>
Variable Delete,method=Main#dfs:90 <name=i,type=int (id=7),value=<?>,index=9>
Variable Write,context=Main#dfs:90,result=0
Method Exit,returner=Main#dfs:90,value=0
Variable Write,context=Main#dfs:87,ret=80
Variable Write,context=Main#dfs:87,i=7
Variable Delete,method=Main#dfs:87 <name=node1,type=int (id=7),value=<?>,index=10>
Variable Delete,method=Main#dfs:87 <name=node2,type=int (id=7),value=<?>,index=11>
Variable Delete,method=Main#dfs:87 <name=cost,type=int (id=7),value=<?>,index=12>
Variable Delete,method=Main#dfs:87 <name=next_station,type=int (id=7),value=<?>,index=13>
Variable Delete,method=Main#dfs:87 <name=ret,type=int (id=7),value=<?>,index=14>
Variable Write,context=Main#dfs:87,i=8
Variable Write,context=Main#dfs:87,node1=7
Variable Write,context=Main#dfs:87,node2=8
Variable Write,context=Main#dfs:87,cost=44
Variable Write,context=Main#dfs:87,next_station=-1
Variable Write,context=Main#dfs:87,i=9
Variable Delete,method=Main#dfs:87 <name=node1,type=int (id=7),value=<?>,index=10>
Variable Delete,method=Main#dfs:87 <name=node2,type=int (id=7),value=<?>,index=11>
Variable Delete,method=Main#dfs:87 <name=cost,type=int (id=7),value=<?>,index=12>
Variable Delete,method=Main#dfs:87 <name=next_station,type=int (id=7),value=<?>,index=13>
Variable Write,context=Main#dfs:87,node1=8
Variable Write,context=Main#dfs:87,node2=9
Variable Write,context=Main#dfs:87,cost=21
Variable Write,context=Main#dfs:87,next_station=-1
Variable Delete,method=Main#dfs:87 <name=node1,type=int (id=7),value=<?>,index=10>
Variable Delete,method=Main#dfs:87 <name=node2,type=int (id=7),value=<?>,index=11>
Variable Delete,method=Main#dfs:87 <name=cost,type=int (id=7),value=<?>,index=12>
Variable Delete,method=Main#dfs:87 <name=next_station,type=int (id=7),value=<?>,index=13>
Variable Delete,method=Main#dfs:87 <name=i,type=int (id=7),value=<?>,index=9>
Variable Write,context=Main#dfs:87,next=int[][]:1
Variable Write,context=Main#dfs:87,result=93
Method Exit,returner=Main#dfs:87,value=93
Variable Write,context=Main#dfs:86,ret=160
Variable Write,context=Main#dfs:86,max_next_path=7
Variable Write,context=Main#dfs:86,max_cost=160
Variable Write,context=Main#dfs:86,max_next_station=5
Variable Write,context=Main#dfs:86,i=8
Variable Delete,method=Main#dfs:86 <name=node1,type=int (id=7),value=<?>,index=10>
Variable Delete,method=Main#dfs:86 <name=node2,type=int (id=7),value=<?>,index=11>
Variable Delete,method=Main#dfs:86 <name=cost,type=int (id=7),value=<?>,index=12>
Variable Delete,method=Main#dfs:86 <name=next_station,type=int (id=7),value=<?>,index=13>
Variable Delete,method=Main#dfs:86 <name=ret,type=int (id=7),value=<?>,index=14>
Variable Write,context=Main#dfs:86,node1=7
Variable Write,context=Main#dfs:86,node2=8
Variable Write,context=Main#dfs:86,cost=44
Variable Write,context=Main#dfs:86,next_station=-1
Variable Write,context=Main#dfs:86,next_station=7
Method Call,caller=Main#dfs:86,target=Main#dfs:91
Variable Write,context=Main#dfs:91,next=int[][]:1
Variable Write,context=Main#dfs:91,adj_list=int[][]:3
Variable Write,context=Main#dfs:91,nl=10
Variable Write,context=Main#dfs:91,bit=294
Variable Write,context=Main#dfs:91,cur_station=7
Variable Write,context=Main#dfs:91,ns=10
Variable Write,context=Main#dfs:91,max_next_path=2147483647
Variable Write,context=Main#dfs:91,max_next_station=2147483647
Variable Write,context=Main#dfs:91,max_cost=0
Variable Write,context=Main#dfs:91,i=0
Variable Write,context=Main#dfs:91,node1=0
Variable Write,context=Main#dfs:91,node2=1
Variable Write,context=Main#dfs:91,cost=11
Variable Write,context=Main#dfs:91,next_station=-1
Variable Write,context=Main#dfs:91,i=1
Variable Delete,method=Main#dfs:91 <name=node1,type=int (id=7),value=<?>,index=10>
Variable Delete,method=Main#dfs:91 <name=node2,type=int (id=7),value=<?>,index=11>
Variable Delete,method=Main#dfs:91 <name=cost,type=int (id=7),value=<?>,index=12>
Variable Delete,method=Main#dfs:91 <name=next_station,type=int (id=7),value=<?>,index=13>
Variable Write,context=Main#dfs:91,i=2
Variable Write,context=Main#dfs:91,i=3
Variable Write,context=Main#dfs:91,node1=1
Variable Write,context=Main#dfs:91,node2=5
Variable Write,context=Main#dfs:91,cost=82
Variable Write,context=Main#dfs:91,next_station=-1
Variable Write,context=Main#dfs:91,i=4
Variable Delete,method=Main#dfs:91 <name=node1,type=int (id=7),value=<?>,index=10>
Variable Delete,method=Main#dfs:91 <name=node2,type=int (id=7),value=<?>,index=11>
Variable Delete,method=Main#dfs:91 <name=cost,type=int (id=7),value=<?>,index=12>
Variable Delete,method=Main#dfs:91 <name=next_station,type=int (id=7),value=<?>,index=13>
Variable Write,context=Main#dfs:91,node1=3
Variable Write,context=Main#dfs:91,node2=4
Variable Write,context=Main#dfs:91,cost=58
Variable Write,context=Main#dfs:91,next_station=-1
Variable Write,context=Main#dfs:91,i=5
Variable Delete,method=Main#dfs:91 <name=node1,type=int (id=7),value=<?>,index=10>
Variable Delete,method=Main#dfs:91 <name=node2,type=int (id=7),value=<?>,index=11>
Variable Delete,method=Main#dfs:91 <name=cost,type=int (id=7),value=<?>,index=12>
Variable Delete,method=Main#dfs:91 <name=next_station,type=int (id=7),value=<?>,index=13>
Variable Write,context=Main#dfs:91,i=6
Variable Write,context=Main#dfs:91,node1=5
Variable Write,context=Main#dfs:91,node2=6
Variable Write,context=Main#dfs:91,cost=80
Variable Write,context=Main#dfs:91,next_station=-1
Variable Write,context=Main#dfs:91,i=7
Variable Delete,method=Main#dfs:91 <name=node1,type=int (id=7),value=<?>,index=10>
Variable Delete,method=Main#dfs:91 <name=node2,type=int (id=7),value=<?>,index=11>
Variable Delete,method=Main#dfs:91 <name=cost,type=int (id=7),value=<?>,index=12>
Variable Delete,method=Main#dfs:91 <name=next_station,type=int (id=7),value=<?>,index=13>
Variable Write,context=Main#dfs:91,node1=5
Variable Write,context=Main#dfs:91,node2=8
Variable Write,context=Main#dfs:91,cost=67
Variable Write,context=Main#dfs:91,next_station=-1
Variable Write,context=Main#dfs:91,i=8
Variable Delete,method=Main#dfs:91 <name=node1,type=int (id=7),value=<?>,index=10>
Variable Delete,method=Main#dfs:91 <name=node2,type=int (id=7),value=<?>,index=11>
Variable Delete,method=Main#dfs:91 <name=cost,type=int (id=7),value=<?>,index=12>
Variable Delete,method=Main#dfs:91 <name=next_station,type=int (id=7),value=<?>,index=13>
Variable Write,context=Main#dfs:91,i=9
Variable Write,context=Main#dfs:91,node1=8
Variable Write,context=Main#dfs:91,node2=9
Variable Write,context=Main#dfs:91,cost=21
Variable Write,context=Main#dfs:91,next_station=-1
Variable Delete,method=Main#dfs:91 <name=node1,type=int (id=7),value=<?>,index=10>
Variable Delete,method=Main#dfs:91 <name=node2,type=int (id=7),value=<?>,index=11>
Variable Delete,method=Main#dfs:91 <name=cost,type=int (id=7),value=<?>,index=12>
Variable Delete,method=Main#dfs:91 <name=next_station,type=int (id=7),value=<?>,index=13>
Variable Delete,method=Main#dfs:91 <name=i,type=int (id=7),value=<?>,index=9>
Variable Write,context=Main#dfs:91,result=0
Method Exit,returner=Main#dfs:91,value=0
Variable Write,context=Main#dfs:86,ret=44
Variable Write,context=Main#dfs:86,i=9
Variable Delete,method=Main#dfs:86 <name=node1,type=int (id=7),value=<?>,index=10>
Variable Delete,method=Main#dfs:86 <name=node2,type=int (id=7),value=<?>,index=11>
Variable Delete,method=Main#dfs:86 <name=cost,type=int (id=7),value=<?>,index=12>
Variable Delete,method=Main#dfs:86 <name=next_station,type=int (id=7),value=<?>,index=13>
Variable Delete,method=Main#dfs:86 <name=ret,type=int (id=7),value=<?>,index=14>
Variable Write,context=Main#dfs:86,node1=8
Variable Write,context=Main#dfs:86,node2=9
Variable Write,context=Main#dfs:86,cost=21
Variable Write,context=Main#dfs:86,next_station=-1
Variable Write,context=Main#dfs:86,next_station=9
Method Call,caller=Main#dfs:86,target=Main#dfs:92
Variable Write,context=Main#dfs:92,next=int[][]:1
Variable Write,context=Main#dfs:92,adj_list=int[][]:3
Variable Write,context=Main#dfs:92,nl=10
Variable Write,context=Main#dfs:92,bit=550
Variable Write,context=Main#dfs:92,cur_station=9
Variable Write,context=Main#dfs:92,ns=10
Variable Write,context=Main#dfs:92,max_next_path=2147483647
Variable Write,context=Main#dfs:92,max_next_station=2147483647
Variable Write,context=Main#dfs:92,max_cost=0
Variable Write,context=Main#dfs:92,i=0
Variable Write,context=Main#dfs:92,node1=0
Variable Write,context=Main#dfs:92,node2=1
Variable Write,context=Main#dfs:92,cost=11
Variable Write,context=Main#dfs:92,next_station=-1
Variable Write,context=Main#dfs:92,i=1
Variable Delete,method=Main#dfs:92 <name=node1,type=int (id=7),value=<?>,index=10>
Variable Delete,method=Main#dfs:92 <name=node2,type=int (id=7),value=<?>,index=11>
Variable Delete,method=Main#dfs:92 <name=cost,type=int (id=7),value=<?>,index=12>
Variable Delete,method=Main#dfs:92 <name=next_station,type=int (id=7),value=<?>,index=13>
Variable Write,context=Main#dfs:92,i=2
Variable Write,context=Main#dfs:92,i=3
Variable Write,context=Main#dfs:92,node1=1
Variable Write,context=Main#dfs:92,node2=5
Variable Write,context=Main#dfs:92,cost=82
Variable Write,context=Main#dfs:92,next_station=-1
Variable Write,context=Main#dfs:92,i=4
Variable Delete,method=Main#dfs:92 <name=node1,type=int (id=7),value=<?>,index=10>
Variable Delete,method=Main#dfs:92 <name=node2,type=int (id=7),value=<?>,index=11>
Variable Delete,method=Main#dfs:92 <name=cost,type=int (id=7),value=<?>,index=12>
Variable Delete,method=Main#dfs:92 <name=next_station,type=int (id=7),value=<?>,index=13>
Variable Write,context=Main#dfs:92,node1=3
Variable Write,context=Main#dfs:92,node2=4
Variable Write,context=Main#dfs:92,cost=58
Variable Write,context=Main#dfs:92,next_station=-1
Variable Write,context=Main#dfs:92,i=5
Variable Delete,method=Main#dfs:92 <name=node1,type=int (id=7),value=<?>,index=10>
Variable Delete,method=Main#dfs:92 <name=node2,type=int (id=7),value=<?>,index=11>
Variable Delete,method=Main#dfs:92 <name=cost,type=int (id=7),value=<?>,index=12>
Variable Delete,method=Main#dfs:92 <name=next_station,type=int (id=7),value=<?>,index=13>
Variable Write,context=Main#dfs:92,i=6
Variable Write,context=Main#dfs:92,node1=5
Variable Write,context=Main#dfs:92,node2=6
Variable Write,context=Main#dfs:92,cost=80
Variable Write,context=Main#dfs:92,next_station=-1
Variable Write,context=Main#dfs:92,i=7
Variable Delete,method=Main#dfs:92 <name=node1,type=int (id=7),value=<?>,index=10>
Variable Delete,method=Main#dfs:92 <name=node2,type=int (id=7),value=<?>,index=11>
Variable Delete,method=Main#dfs:92 <name=cost,type=int (id=7),value=<?>,index=12>
Variable Delete,method=Main#dfs:92 <name=next_station,type=int (id=7),value=<?>,index=13>
Variable Write,context=Main#dfs:92,node1=5
Variable Write,context=Main#dfs:92,node2=8
Variable Write,context=Main#dfs:92,cost=67
Variable Write,context=Main#dfs:92,next_station=-1
Variable Write,context=Main#dfs:92,i=8
Variable Delete,method=Main#dfs:92 <name=node1,type=int (id=7),value=<?>,index=10>
Variable Delete,method=Main#dfs:92 <name=node2,type=int (id=7),value=<?>,index=11>
Variable Delete,method=Main#dfs:92 <name=cost,type=int (id=7),value=<?>,index=12>
Variable Delete,method=Main#dfs:92 <name=next_station,type=int (id=7),value=<?>,index=13>
Variable Write,context=Main#dfs:92,node1=7
Variable Write,context=Main#dfs:92,node2=8
Variable Write,context=Main#dfs:92,cost=44
Variable Write,context=Main#dfs:92,next_station=-1
Variable Write,context=Main#dfs:92,i=9
Variable Delete,method=Main#dfs:92 <name=node1,type=int (id=7),value=<?>,index=10>
Variable Delete,method=Main#dfs:92 <name=node2,type=int (id=7),value=<?>,index=11>
Variable Delete,method=Main#dfs:92 <name=cost,type=int (id=7),value=<?>,index=12>
Variable Delete,method=Main#dfs:92 <name=next_station,type=int (id=7),value=<?>,index=13>
Variable Delete,method=Main#dfs:92 <name=i,type=int (id=7),value=<?>,index=9>
Variable Write,context=Main#dfs:92,result=0
Method Exit,returner=Main#dfs:92,value=0
Variable Write,context=Main#dfs:86,ret=21
Variable Delete,method=Main#dfs:86 <name=node1,type=int (id=7),value=<?>,index=10>
Variable Delete,method=Main#dfs:86 <name=node2,type=int (id=7),value=<?>,index=11>
Variable Delete,method=Main#dfs:86 <name=cost,type=int (id=7),value=<?>,index=12>
Variable Delete,method=Main#dfs:86 <name=next_station,type=int (id=7),value=<?>,index=13>
Variable Delete,method=Main#dfs:86 <name=ret,type=int (id=7),value=<?>,index=14>
Variable Delete,method=Main#dfs:86 <name=i,type=int (id=7),value=<?>,index=9>
Variable Write,context=Main#dfs:86,next=int[][]:1
Variable Write,context=Main#dfs:86,result=160
Method Exit,returner=Main#dfs:86,value=160
Variable Write,context=Main#dfs:84,ret=228
Variable Write,context=Main#dfs:84,max_next_path=5
Variable Write,context=Main#dfs:84,max_cost=228
Variable Write,context=Main#dfs:84,max_next_station=8
Variable Write,context=Main#dfs:84,i=6
Variable Delete,method=Main#dfs:84 <name=node1,type=int (id=7),value=<?>,index=10>
Variable Delete,method=Main#dfs:84 <name=node2,type=int (id=7),value=<?>,index=11>
Variable Delete,method=Main#dfs:84 <name=cost,type=int (id=7),value=<?>,index=12>
Variable Delete,method=Main#dfs:84 <name=next_station,type=int (id=7),value=<?>,index=13>
Variable Delete,method=Main#dfs:84 <name=ret,type=int (id=7),value=<?>,index=14>
Variable Write,context=Main#dfs:84,node1=5
Variable Write,context=Main#dfs:84,node2=6
Variable Write,context=Main#dfs:84,cost=80
Variable Write,context=Main#dfs:84,next_station=-1
Variable Write,context=Main#dfs:84,i=7
Variable Delete,method=Main#dfs:84 <name=node1,type=int (id=7),value=<?>,index=10>
Variable Delete,method=Main#dfs:84 <name=node2,type=int (id=7),value=<?>,index=11>
Variable Delete,method=Main#dfs:84 <name=cost,type=int (id=7),value=<?>,index=12>
Variable Delete,method=Main#dfs:84 <name=next_station,type=int (id=7),value=<?>,index=13>
Variable Write,context=Main#dfs:84,node1=5
Variable Write,context=Main#dfs:84,node2=8
Variable Write,context=Main#dfs:84,cost=67
Variable Write,context=Main#dfs:84,next_station=-1
Variable Write,context=Main#dfs:84,i=8
Variable Delete,method=Main#dfs:84 <name=node1,type=int (id=7),value=<?>,index=10>
Variable Delete,method=Main#dfs:84 <name=node2,type=int (id=7),value=<?>,index=11>
Variable Delete,method=Main#dfs:84 <name=cost,type=int (id=7),value=<?>,index=12>
Variable Delete,method=Main#dfs:84 <name=next_station,type=int (id=7),value=<?>,index=13>
Variable Write,context=Main#dfs:84,node1=7
Variable Write,context=Main#dfs:84,node2=8
Variable Write,context=Main#dfs:84,cost=44
Variable Write,context=Main#dfs:84,next_station=-1
Variable Write,context=Main#dfs:84,i=9
Variable Delete,method=Main#dfs:84 <name=node1,type=int (id=7),value=<?>,index=10>
Variable Delete,method=Main#dfs:84 <name=node2,type=int (id=7),value=<?>,index=11>
Variable Delete,method=Main#dfs:84 <name=cost,type=int (id=7),value=<?>,index=12>
Variable Delete,method=Main#dfs:84 <name=next_station,type=int (id=7),value=<?>,index=13>
Variable Write,context=Main#dfs:84,node1=8
Variable Write,context=Main#dfs:84,node2=9
Variable Write,context=Main#dfs:84,cost=21
Variable Write,context=Main#dfs:84,next_station=-1
Variable Delete,method=Main#dfs:84 <name=node1,type=int (id=7),value=<?>,index=10>
Variable Delete,method=Main#dfs:84 <name=node2,type=int (id=7),value=<?>,index=11>
Variable Delete,method=Main#dfs:84 <name=cost,type=int (id=7),value=<?>,index=12>
Variable Delete,method=Main#dfs:84 <name=next_station,type=int (id=7),value=<?>,index=13>
Variable Delete,method=Main#dfs:84 <name=i,type=int (id=7),value=<?>,index=9>
Variable Write,context=Main#dfs:84,next=int[][]:1
Variable Write,context=Main#dfs:84,result=228
Method Exit,returner=Main#dfs:84,value=228
Variable Write,context=Main#dfs:82,ret=309
Variable Write,context=Main#dfs:82,max_next_path=2
Variable Write,context=Main#dfs:82,max_cost=309
Variable Write,context=Main#dfs:82,max_next_station=4
Variable Write,context=Main#dfs:82,i=3
Variable Delete,method=Main#dfs:82 <name=node1,type=int (id=7),value=<?>,index=10>
Variable Delete,method=Main#dfs:82 <name=node2,type=int (id=7),value=<?>,index=11>
Variable Delete,method=Main#dfs:82 <name=cost,type=int (id=7),value=<?>,index=12>
Variable Delete,method=Main#dfs:82 <name=next_station,type=int (id=7),value=<?>,index=13>
Variable Delete,method=Main#dfs:82 <name=ret,type=int (id=7),value=<?>,index=14>
Variable Write,context=Main#dfs:82,node1=1
Variable Write,context=Main#dfs:82,node2=5
Variable Write,context=Main#dfs:82,cost=82
Variable Write,context=Main#dfs:82,next_station=-1
Variable Write,context=Main#dfs:82,next_station=5
Method Call,caller=Main#dfs:82,target=Main#dfs:93
Variable Write,context=Main#dfs:93,next=int[][]:1
Variable Write,context=Main#dfs:93,adj_list=int[][]:3
Variable Write,context=Main#dfs:93,nl=10
Variable Write,context=Main#dfs:93,bit=10
Variable Write,context=Main#dfs:93,cur_station=5
Variable Write,context=Main#dfs:93,ns=10
Variable Write,context=Main#dfs:93,max_next_path=2147483647
Variable Write,context=Main#dfs:93,max_next_station=2147483647
Variable Write,context=Main#dfs:93,max_cost=0
Variable Write,context=Main#dfs:93,i=0
Variable Write,context=Main#dfs:93,node1=0
Variable Write,context=Main#dfs:93,node2=1
Variable Write,context=Main#dfs:93,cost=11
Variable Write,context=Main#dfs:93,next_station=-1
Variable Write,context=Main#dfs:93,i=1
Variable Delete,method=Main#dfs:93 <name=node1,type=int (id=7),value=<?>,index=10>
Variable Delete,method=Main#dfs:93 <name=node2,type=int (id=7),value=<?>,index=11>
Variable Delete,method=Main#dfs:93 <name=cost,type=int (id=7),value=<?>,index=12>
Variable Delete,method=Main#dfs:93 <name=next_station,type=int (id=7),value=<?>,index=13>
Variable Write,context=Main#dfs:93,i=2
Variable Write,context=Main#dfs:93,node1=1
Variable Write,context=Main#dfs:93,node2=4
Variable Write,context=Main#dfs:93,cost=81
Variable Write,context=Main#dfs:93,next_station=-1
Variable Write,context=Main#dfs:93,i=3
Variable Delete,method=Main#dfs:93 <name=node1,type=int (id=7),value=<?>,index=10>
Variable Delete,method=Main#dfs:93 <name=node2,type=int (id=7),value=<?>,index=11>
Variable Delete,method=Main#dfs:93 <name=cost,type=int (id=7),value=<?>,index=12>
Variable Delete,method=Main#dfs:93 <name=next_station,type=int (id=7),value=<?>,index=13>
Variable Write,context=Main#dfs:93,i=4
Variable Write,context=Main#dfs:93,node1=3
Variable Write,context=Main#dfs:93,node2=4
Variable Write,context=Main#dfs:93,cost=58
Variable Write,context=Main#dfs:93,next_station=-1
Variable Write,context=Main#dfs:93,i=5
Variable Delete,method=Main#dfs:93 <name=node1,type=int (id=7),value=<?>,index=10>
Variable Delete,method=Main#dfs:93 <name=node2,type=int (id=7),value=<?>,index=11>
Variable Delete,method=Main#dfs:93 <name=cost,type=int (id=7),value=<?>,index=12>
Variable Delete,method=Main#dfs:93 <name=next_station,type=int (id=7),value=<?>,index=13>
Variable Write,context=Main#dfs:93,node1=4
Variable Write,context=Main#dfs:93,node2=8
Variable Write,context=Main#dfs:93,cost=68
Variable Write,context=Main#dfs:93,next_station=-1
Variable Write,context=Main#dfs:93,i=6
Variable Delete,method=Main#dfs:93 <name=node1,type=int (id=7),value=<?>,index=10>
Variable Delete,method=Main#dfs:93 <name=node2,type=int (id=7),value=<?>,index=11>
Variable Delete,method=Main#dfs:93 <name=cost,type=int (id=7),value=<?>,index=12>
Variable Delete,method=Main#dfs:93 <name=next_station,type=int (id=7),value=<?>,index=13>
Variable Write,context=Main#dfs:93,node1=5
Variable Write,context=Main#dfs:93,node2=6
Variable Write,context=Main#dfs:93,cost=80
Variable Write,context=Main#dfs:93,next_station=-1
Variable Write,context=Main#dfs:93,next_station=6
Method Call,caller=Main#dfs:93,target=Main#dfs:94
Variable Write,context=Main#dfs:94,next=int[][]:1
Variable Write,context=Main#dfs:94,adj_list=int[][]:3
Variable Write,context=Main#dfs:94,nl=10
Variable Write,context=Main#dfs:94,bit=74
Variable Write,context=Main#dfs:94,cur_station=6
Variable Write,context=Main#dfs:94,ns=10
Variable Write,context=Main#dfs:94,max_next_path=2147483647
Variable Write,context=Main#dfs:94,max_next_station=2147483647
Variable Write,context=Main#dfs:94,max_cost=0
Variable Write,context=Main#dfs:94,i=0
Variable Write,context=Main#dfs:94,node1=0
Variable Write,context=Main#dfs:94,node2=1
Variable Write,context=Main#dfs:94,cost=11
Variable Write,context=Main#dfs:94,next_station=-1
Variable Write,context=Main#dfs:94,i=1
Variable Delete,method=Main#dfs:94 <name=node1,type=int (id=7),value=<?>,index=10>
Variable Delete,method=Main#dfs:94 <name=node2,type=int (id=7),value=<?>,index=11>
Variable Delete,method=Main#dfs:94 <name=cost,type=int (id=7),value=<?>,index=12>
Variable Delete,method=Main#dfs:94 <name=next_station,type=int (id=7),value=<?>,index=13>
Variable Write,context=Main#dfs:94,i=2
Variable Write,context=Main#dfs:94,node1=1
Variable Write,context=Main#dfs:94,node2=4
Variable Write,context=Main#dfs:94,cost=81
Variable Write,context=Main#dfs:94,next_station=-1
Variable Write,context=Main#dfs:94,i=3
Variable Delete,method=Main#dfs:94 <name=node1,type=int (id=7),value=<?>,index=10>
Variable Delete,method=Main#dfs:94 <name=node2,type=int (id=7),value=<?>,index=11>
Variable Delete,method=Main#dfs:94 <name=cost,type=int (id=7),value=<?>,index=12>
Variable Delete,method=Main#dfs:94 <name=next_station,type=int (id=7),value=<?>,index=13>
Variable Write,context=Main#dfs:94,i=4
Variable Write,context=Main#dfs:94,node1=3
Variable Write,context=Main#dfs:94,node2=4
Variable Write,context=Main#dfs:94,cost=58
Variable Write,context=Main#dfs:94,next_station=-1
Variable Write,context=Main#dfs:94,i=5
Variable Delete,method=Main#dfs:94 <name=node1,type=int (id=7),value=<?>,index=10>
Variable Delete,method=Main#dfs:94 <name=node2,type=int (id=7),value=<?>,index=11>
Variable Delete,method=Main#dfs:94 <name=cost,type=int (id=7),value=<?>,index=12>
Variable Delete,method=Main#dfs:94 <name=next_station,type=int (id=7),value=<?>,index=13>
Variable Write,context=Main#dfs:94,node1=4
Variable Write,context=Main#dfs:94,node2=8
Variable Write,context=Main#dfs:94,cost=68
Variable Write,context=Main#dfs:94,next_station=-1
Variable Write,context=Main#dfs:94,i=6
Variable Delete,method=Main#dfs:94 <name=node1,type=int (id=7),value=<?>,index=10>
Variable Delete,method=Main#dfs:94 <name=node2,type=int (id=7),value=<?>,index=11>
Variable Delete,method=Main#dfs:94 <name=cost,type=int (id=7),value=<?>,index=12>
Variable Delete,method=Main#dfs:94 <name=next_station,type=int (id=7),value=<?>,index=13>
Variable Write,context=Main#dfs:94,i=7
Variable Write,context=Main#dfs:94,node1=5
Variable Write,context=Main#dfs:94,node2=8
Variable Write,context=Main#dfs:94,cost=67
Variable Write,context=Main#dfs:94,next_station=-1
Variable Write,context=Main#dfs:94,i=8
Variable Delete,method=Main#dfs:94 <name=node1,type=int (id=7),value=<?>,index=10>
Variable Delete,method=Main#dfs:94 <name=node2,type=int (id=7),value=<?>,index=11>
Variable Delete,method=Main#dfs:94 <name=cost,type=int (id=7),value=<?>,index=12>
Variable Delete,method=Main#dfs:94 <name=next_station,type=int (id=7),value=<?>,index=13>
Variable Write,context=Main#dfs:94,node1=7
Variable Write,context=Main#dfs:94,node2=8
Variable Write,context=Main#dfs:94,cost=44
Variable Write,context=Main#dfs:94,next_station=-1
Variable Write,context=Main#dfs:94,i=9
Variable Delete,method=Main#dfs:94 <name=node1,type=int (id=7),value=<?>,index=10>
Variable Delete,method=Main#dfs:94 <name=node2,type=int (id=7),value=<?>,index=11>
Variable Delete,method=Main#dfs:94 <name=cost,type=int (id=7),value=<?>,index=12>
Variable Delete,method=Main#dfs:94 <name=next_station,type=int (id=7),value=<?>,index=13>
Variable Write,context=Main#dfs:94,node1=8
Variable Write,context=Main#dfs:94,node2=9
Variable Write,context=Main#dfs:94,cost=21
Variable Write,context=Main#dfs:94,next_station=-1
Variable Delete,method=Main#dfs:94 <name=node1,type=int (id=7),value=<?>,index=10>
Variable Delete,method=Main#dfs:94 <name=node2,type=int (id=7),value=<?>,index=11>
Variable Delete,method=Main#dfs:94 <name=cost,type=int (id=7),value=<?>,index=12>
Variable Delete,method=Main#dfs:94 <name=next_station,type=int (id=7),value=<?>,index=13>
Variable Delete,method=Main#dfs:94 <name=i,type=int (id=7),value=<?>,index=9>
Variable Write,context=Main#dfs:94,result=0
Method Exit,returner=Main#dfs:94,value=0
Variable Write,context=Main#dfs:93,ret=80
Variable Write,context=Main#dfs:93,max_next_path=6
Variable Write,context=Main#dfs:93,max_cost=80
Variable Write,context=Main#dfs:93,max_next_station=6
Variable Write,context=Main#dfs:93,i=7
Variable Delete,method=Main#dfs:93 <name=node1,type=int (id=7),value=<?>,index=10>
Variable Delete,method=Main#dfs:93 <name=node2,type=int (id=7),value=<?>,index=11>
Variable Delete,method=Main#dfs:93 <name=cost,type=int (id=7),value=<?>,index=12>
Variable Delete,method=Main#dfs:93 <name=next_station,type=int (id=7),value=<?>,index=13>
Variable Delete,method=Main#dfs:93 <name=ret,type=int (id=7),value=<?>,index=14>
Variable Write,context=Main#dfs:93,node1=5
Variable Write,context=Main#dfs:93,node2=8
Variable Write,context=Main#dfs:93,cost=67
Variable Write,context=Main#dfs:93,next_station=-1
Variable Write,context=Main#dfs:93,next_station=8
Method Call,caller=Main#dfs:93,target=Main#dfs:95
Variable Write,context=Main#dfs:95,next=int[][]:1
Variable Write,context=Main#dfs:95,adj_list=int[][]:3
Variable Write,context=Main#dfs:95,nl=10
Variable Write,context=Main#dfs:95,bit=138
Variable Write,context=Main#dfs:95,cur_station=8
Variable Write,context=Main#dfs:95,ns=10
Variable Write,context=Main#dfs:95,max_next_path=2147483647
Variable Write,context=Main#dfs:95,max_next_station=2147483647
Variable Write,context=Main#dfs:95,max_cost=0
Variable Write,context=Main#dfs:95,i=0
Variable Write,context=Main#dfs:95,node1=0
Variable Write,context=Main#dfs:95,node2=1
Variable Write,context=Main#dfs:95,cost=11
Variable Write,context=Main#dfs:95,next_station=-1
Variable Write,context=Main#dfs:95,i=1
Variable Delete,method=Main#dfs:95 <name=node1,type=int (id=7),value=<?>,index=10>
Variable Delete,method=Main#dfs:95 <name=node2,type=int (id=7),value=<?>,index=11>
Variable Delete,method=Main#dfs:95 <name=cost,type=int (id=7),value=<?>,index=12>
Variable Delete,method=Main#dfs:95 <name=next_station,type=int (id=7),value=<?>,index=13>
Variable Write,context=Main#dfs:95,i=2
Variable Write,context=Main#dfs:95,node1=1
Variable Write,context=Main#dfs:95,node2=4
Variable Write,context=Main#dfs:95,cost=81
Variable Write,context=Main#dfs:95,next_station=-1
Variable Write,context=Main#dfs:95,i=3
Variable Delete,method=Main#dfs:95 <name=node1,type=int (id=7),value=<?>,index=10>
Variable Delete,method=Main#dfs:95 <name=node2,type=int (id=7),value=<?>,index=11>
Variable Delete,method=Main#dfs:95 <name=cost,type=int (id=7),value=<?>,index=12>
Variable Delete,method=Main#dfs:95 <name=next_station,type=int (id=7),value=<?>,index=13>
Variable Write,context=Main#dfs:95,i=4
Variable Write,context=Main#dfs:95,node1=3
Variable Write,context=Main#dfs:95,node2=4
Variable Write,context=Main#dfs:95,cost=58
Variable Write,context=Main#dfs:95,next_station=-1
Variable Write,context=Main#dfs:95,i=5
Variable Delete,method=Main#dfs:95 <name=node1,type=int (id=7),value=<?>,index=10>
Variable Delete,method=Main#dfs:95 <name=node2,type=int (id=7),value=<?>,index=11>
Variable Delete,method=Main#dfs:95 <name=cost,type=int (id=7),value=<?>,index=12>
Variable Delete,method=Main#dfs:95 <name=next_station,type=int (id=7),value=<?>,index=13>
Variable Write,context=Main#dfs:95,node1=4
Variable Write,context=Main#dfs:95,node2=8
Variable Write,context=Main#dfs:95,cost=68
Variable Write,context=Main#dfs:95,next_station=-1
Variable Write,context=Main#dfs:95,next_station=4
Method Call,caller=Main#dfs:95,target=Main#dfs:96
Variable Write,context=Main#dfs:96,next=int[][]:1
Variable Write,context=Main#dfs:96,adj_list=int[][]:3
Variable Write,context=Main#dfs:96,nl=10
Variable Write,context=Main#dfs:96,bit=170
Variable Write,context=Main#dfs:96,cur_station=4
Variable Write,context=Main#dfs:96,ns=10
Variable Write,context=Main#dfs:96,max_next_path=2147483647
Variable Write,context=Main#dfs:96,max_next_station=2147483647
Variable Write,context=Main#dfs:96,max_cost=0
Variable Write,context=Main#dfs:96,i=0
Variable Write,context=Main#dfs:96,node1=0
Variable Write,context=Main#dfs:96,node2=1
Variable Write,context=Main#dfs:96,cost=11
Variable Write,context=Main#dfs:96,next_station=-1
Variable Write,context=Main#dfs:96,i=1
Variable Delete,method=Main#dfs:96 <name=node1,type=int (id=7),value=<?>,index=10>
Variable Delete,method=Main#dfs:96 <name=node2,type=int (id=7),value=<?>,index=11>
Variable Delete,method=Main#dfs:96 <name=cost,type=int (id=7),value=<?>,index=12>
Variable Delete,method=Main#dfs:96 <name=next_station,type=int (id=7),value=<?>,index=13>
Variable Write,context=Main#dfs:96,i=2
Variable Write,context=Main#dfs:96,node1=1
Variable Write,context=Main#dfs:96,node2=4
Variable Write,context=Main#dfs:96,cost=81
Variable Write,context=Main#dfs:96,next_station=-1
Variable Write,context=Main#dfs:96,next_station=1
Method Call,caller=Main#dfs:96,target=Main#dfs:97
Variable Write,context=Main#dfs:97,next=int[][]:1
Variable Write,context=Main#dfs:97,adj_list=int[][]:3
Variable Write,context=Main#dfs:97,nl=10
Variable Write,context=Main#dfs:97,bit=174
Variable Write,context=Main#dfs:97,cur_station=1
Variable Write,context=Main#dfs:97,ns=10
Variable Write,context=Main#dfs:97,max_next_path=2147483647
Variable Write,context=Main#dfs:97,max_next_station=2147483647
Variable Write,context=Main#dfs:97,max_cost=0
Variable Write,context=Main#dfs:97,i=0
Variable Write,context=Main#dfs:97,node1=0
Variable Write,context=Main#dfs:97,node2=1
Variable Write,context=Main#dfs:97,cost=11
Variable Write,context=Main#dfs:97,next_station=-1
Variable Write,context=Main#dfs:97,next_station=0
Method Call,caller=Main#dfs:97,target=Main#dfs:98
Variable Write,context=Main#dfs:98,next=int[][]:1
Variable Write,context=Main#dfs:98,adj_list=int[][]:3
Variable Write,context=Main#dfs:98,nl=10
Variable Write,context=Main#dfs:98,bit=175
Variable Write,context=Main#dfs:98,cur_station=0
Variable Write,context=Main#dfs:98,ns=10
Variable Write,context=Main#dfs:98,max_next_path=2147483647
Variable Write,context=Main#dfs:98,max_next_station=2147483647
Variable Write,context=Main#dfs:98,max_cost=0
Variable Write,context=Main#dfs:98,i=0
Variable Write,context=Main#dfs:98,i=1
Variable Write,context=Main#dfs:98,i=2
Variable Write,context=Main#dfs:98,i=3
Variable Write,context=Main#dfs:98,i=4
Variable Write,context=Main#dfs:98,node1=3
Variable Write,context=Main#dfs:98,node2=4
Variable Write,context=Main#dfs:98,cost=58
Variable Write,context=Main#dfs:98,next_station=-1
Variable Write,context=Main#dfs:98,i=5
Variable Delete,method=Main#dfs:98 <name=node1,type=int (id=7),value=<?>,index=10>
Variable Delete,method=Main#dfs:98 <name=node2,type=int (id=7),value=<?>,index=11>
Variable Delete,method=Main#dfs:98 <name=cost,type=int (id=7),value=<?>,index=12>
Variable Delete,method=Main#dfs:98 <name=next_station,type=int (id=7),value=<?>,index=13>
Variable Write,context=Main#dfs:98,i=6
Variable Write,context=Main#dfs:98,node1=5
Variable Write,context=Main#dfs:98,node2=6
Variable Write,context=Main#dfs:98,cost=80
Variable Write,context=Main#dfs:98,next_station=-1
Variable Write,context=Main#dfs:98,i=7
Variable Delete,method=Main#dfs:98 <name=node1,type=int (id=7),value=<?>,index=10>
Variable Delete,method=Main#dfs:98 <name=node2,type=int (id=7),value=<?>,index=11>
Variable Delete,method=Main#dfs:98 <name=cost,type=int (id=7),value=<?>,index=12>
Variable Delete,method=Main#dfs:98 <name=next_station,type=int (id=7),value=<?>,index=13>
Variable Write,context=Main#dfs:98,i=8
Variable Write,context=Main#dfs:98,node1=7
Variable Write,context=Main#dfs:98,node2=8
Variable Write,context=Main#dfs:98,cost=44
Variable Write,context=Main#dfs:98,next_station=-1
Variable Write,context=Main#dfs:98,i=9
Variable Delete,method=Main#dfs:98 <name=node1,type=int (id=7),value=<?>,index=10>
Variable Delete,method=Main#dfs:98 <name=node2,type=int (id=7),value=<?>,index=11>
Variable Delete,method=Main#dfs:98 <name=cost,type=int (id=7),value=<?>,index=12>
Variable Delete,method=Main#dfs:98 <name=next_station,type=int (id=7),value=<?>,index=13>
Variable Write,context=Main#dfs:98,node1=8
Variable Write,context=Main#dfs:98,node2=9
Variable Write,context=Main#dfs:98,cost=21
Variable Write,context=Main#dfs:98,next_station=-1
Variable Delete,method=Main#dfs:98 <name=node1,type=int (id=7),value=<?>,index=10>
Variable Delete,method=Main#dfs:98 <name=node2,type=int (id=7),value=<?>,index=11>
Variable Delete,method=Main#dfs:98 <name=cost,type=int (id=7),value=<?>,index=12>
Variable Delete,method=Main#dfs:98 <name=next_station,type=int (id=7),value=<?>,index=13>
Variable Delete,method=Main#dfs:98 <name=i,type=int (id=7),value=<?>,index=9>
Variable Write,context=Main#dfs:98,result=0
Method Exit,returner=Main#dfs:98,value=0
Variable Write,context=Main#dfs:97,ret=11
Variable Write,context=Main#dfs:97,max_next_path=0
Variable Write,context=Main#dfs:97,max_cost=11
Variable Write,context=Main#dfs:97,max_next_station=0
Variable Write,context=Main#dfs:97,i=1
Variable Delete,method=Main#dfs:97 <name=node1,type=int (id=7),value=<?>,index=10>
Variable Delete,method=Main#dfs:97 <name=node2,type=int (id=7),value=<?>,index=11>
Variable Delete,method=Main#dfs:97 <name=cost,type=int (id=7),value=<?>,index=12>
Variable Delete,method=Main#dfs:97 <name=next_station,type=int (id=7),value=<?>,index=13>
Variable Delete,method=Main#dfs:97 <name=ret,type=int (id=7),value=<?>,index=14>
Variable Write,context=Main#dfs:97,i=2
Variable Write,context=Main#dfs:97,i=3
Variable Write,context=Main#dfs:97,i=4
Variable Write,context=Main#dfs:97,node1=3
Variable Write,context=Main#dfs:97,node2=4
Variable Write,context=Main#dfs:97,cost=58
Variable Write,context=Main#dfs:97,next_station=-1
Variable Write,context=Main#dfs:97,i=5
Variable Delete,method=Main#dfs:97 <name=node1,type=int (id=7),value=<?>,index=10>
Variable Delete,method=Main#dfs:97 <name=node2,type=int (id=7),value=<?>,index=11>
Variable Delete,method=Main#dfs:97 <name=cost,type=int (id=7),value=<?>,index=12>
Variable Delete,method=Main#dfs:97 <name=next_station,type=int (id=7),value=<?>,index=13>
Variable Write,context=Main#dfs:97,i=6
Variable Write,context=Main#dfs:97,node1=5
Variable Write,context=Main#dfs:97,node2=6
Variable Write,context=Main#dfs:97,cost=80
Variable Write,context=Main#dfs:97,next_station=-1
Variable Write,context=Main#dfs:97,i=7
Variable Delete,method=Main#dfs:97 <name=node1,type=int (id=7),value=<?>,index=10>
Variable Delete,method=Main#dfs:97 <name=node2,type=int (id=7),value=<?>,index=11>
Variable Delete,method=Main#dfs:97 <name=cost,type=int (id=7),value=<?>,index=12>
Variable Delete,method=Main#dfs:97 <name=next_station,type=int (id=7),value=<?>,index=13>
Variable Write,context=Main#dfs:97,i=8
Variable Write,context=Main#dfs:97,node1=7
Variable Write,context=Main#dfs:97,node2=8
Variable Write,context=Main#dfs:97,cost=44
Variable Write,context=Main#dfs:97,next_station=-1
Variable Write,context=Main#dfs:97,i=9
Variable Delete,method=Main#dfs:97 <name=node1,type=int (id=7),value=<?>,index=10>
Variable Delete,method=Main#dfs:97 <name=node2,type=int (id=7),value=<?>,index=11>
Variable Delete,method=Main#dfs:97 <name=cost,type=int (id=7),value=<?>,index=12>
Variable Delete,method=Main#dfs:97 <name=next_station,type=int (id=7),value=<?>,index=13>
Variable Write,context=Main#dfs:97,node1=8
Variable Write,context=Main#dfs:97,node2=9
Variable Write,context=Main#dfs:97,cost=21
Variable Write,context=Main#dfs:97,next_station=-1
Variable Delete,method=Main#dfs:97 <name=node1,type=int (id=7),value=<?>,index=10>
Variable Delete,method=Main#dfs:97 <name=node2,type=int (id=7),value=<?>,index=11>
Variable Delete,method=Main#dfs:97 <name=cost,type=int (id=7),value=<?>,index=12>
Variable Delete,method=Main#dfs:97 <name=next_station,type=int (id=7),value=<?>,index=13>
Variable Delete,method=Main#dfs:97 <name=i,type=int (id=7),value=<?>,index=9>
Variable Write,context=Main#dfs:97,next=int[][]:1
Variable Write,context=Main#dfs:97,result=11
Method Exit,returner=Main#dfs:97,value=11
Variable Write,context=Main#dfs:96,ret=92
Variable Write,context=Main#dfs:96,max_next_path=2
Variable Write,context=Main#dfs:96,max_cost=92
Variable Write,context=Main#dfs:96,max_next_station=1
Variable Write,context=Main#dfs:96,i=3
Variable Delete,method=Main#dfs:96 <name=node1,type=int (id=7),value=<?>,index=10>
Variable Delete,method=Main#dfs:96 <name=node2,type=int (id=7),value=<?>,index=11>
Variable Delete,method=Main#dfs:96 <name=cost,type=int (id=7),value=<?>,index=12>
Variable Delete,method=Main#dfs:96 <name=next_station,type=int (id=7),value=<?>,index=13>
Variable Delete,method=Main#dfs:96 <name=ret,type=int (id=7),value=<?>,index=14>
Variable Write,context=Main#dfs:96,i=4
Variable Write,context=Main#dfs:96,node1=3
Variable Write,context=Main#dfs:96,node2=4
Variable Write,context=Main#dfs:96,cost=58
Variable Write,context=Main#dfs:96,next_station=-1
Variable Write,context=Main#dfs:96,next_station=3
Method Call,caller=Main#dfs:96,target=Main#dfs:99
Variable Write,context=Main#dfs:99,next=int[][]:1
Variable Write,context=Main#dfs:99,adj_list=int[][]:3
Variable Write,context=Main#dfs:99,nl=10
Variable Write,context=Main#dfs:99,bit=186
Variable Write,context=Main#dfs:99,cur_station=3
Variable Write,context=Main#dfs:99,ns=10
Variable Write,context=Main#dfs:99,max_next_path=2147483647
Variable Write,context=Main#dfs:99,max_next_station=2147483647
Variable Write,context=Main#dfs:99,max_cost=0
Variable Write,context=Main#dfs:99,i=0
Variable Write,context=Main#dfs:99,node1=0
Variable Write,context=Main#dfs:99,node2=1
Variable Write,context=Main#dfs:99,cost=11
Variable Write,context=Main#dfs:99,next_station=-1
Variable Write,context=Main#dfs:99,i=1
Variable Delete,method=Main#dfs:99 <name=node1,type=int (id=7),value=<?>,index=10>
Variable Delete,method=Main#dfs:99 <name=node2,type=int (id=7),value=<?>,index=11>
Variable Delete,method=Main#dfs:99 <name=cost,type=int (id=7),value=<?>,index=12>
Variable Delete,method=Main#dfs:99 <name=next_station,type=int (id=7),value=<?>,index=13>
Variable Write,context=Main#dfs:99,i=2
Variable Write,context=Main#dfs:99,node1=1
Variable Write,context=Main#dfs:99,node2=4
Variable Write,context=Main#dfs:99,cost=81
Variable Write,context=Main#dfs:99,next_station=-1
Variable Write,context=Main#dfs:99,i=3
Variable Delete,method=Main#dfs:99 <name=node1,type=int (id=7),value=<?>,index=10>
Variable Delete,method=Main#dfs:99 <name=node2,type=int (id=7),value=<?>,index=11>
Variable Delete,method=Main#dfs:99 <name=cost,type=int (id=7),value=<?>,index=12>
Variable Delete,method=Main#dfs:99 <name=next_station,type=int (id=7),value=<?>,index=13>
Variable Write,context=Main#dfs:99,i=4
Variable Write,context=Main#dfs:99,i=5
Variable Write,context=Main#dfs:99,i=6
Variable Write,context=Main#dfs:99,node1=5
Variable Write,context=Main#dfs:99,node2=6
Variable Write,context=Main#dfs:99,cost=80
Variable Write,context=Main#dfs:99,next_station=-1
Variable Write,context=Main#dfs:99,i=7
Variable Delete,method=Main#dfs:99 <name=node1,type=int (id=7),value=<?>,index=10>
Variable Delete,method=Main#dfs:99 <name=node2,type=int (id=7),value=<?>,index=11>
Variable Delete,method=Main#dfs:99 <name=cost,type=int (id=7),value=<?>,index=12>
Variable Delete,method=Main#dfs:99 <name=next_station,type=int (id=7),value=<?>,index=13>
Variable Write,context=Main#dfs:99,i=8
Variable Write,context=Main#dfs:99,node1=7
Variable Write,context=Main#dfs:99,node2=8
Variable Write,context=Main#dfs:99,cost=44
Variable Write,context=Main#dfs:99,next_station=-1
Variable Write,context=Main#dfs:99,i=9
Variable Delete,method=Main#dfs:99 <name=node1,type=int (id=7),value=<?>,index=10>
Variable Delete,method=Main#dfs:99 <name=node2,type=int (id=7),value=<?>,index=11>
Variable Delete,method=Main#dfs:99 <name=cost,type=int (id=7),value=<?>,index=12>
Variable Delete,method=Main#dfs:99 <name=next_station,type=int (id=7),value=<?>,index=13>
Variable Write,context=Main#dfs:99,node1=8
Variable Write,context=Main#dfs:99,node2=9
Variable Write,context=Main#dfs:99,cost=21
Variable Write,context=Main#dfs:99,next_station=-1
Variable Delete,method=Main#dfs:99 <name=node1,type=int (id=7),value=<?>,index=10>
Variable Delete,method=Main#dfs:99 <name=node2,type=int (id=7),value=<?>,index=11>
Variable Delete,method=Main#dfs:99 <name=cost,type=int (id=7),value=<?>,index=12>
Variable Delete,method=Main#dfs:99 <name=next_station,type=int (id=7),value=<?>,index=13>
Variable Delete,method=Main#dfs:99 <name=i,type=int (id=7),value=<?>,index=9>
Variable Write,context=Main#dfs:99,result=0
Method Exit,returner=Main#dfs:99,value=0
Variable Write,context=Main#dfs:96,ret=58
Variable Write,context=Main#dfs:96,i=5
Variable Delete,method=Main#dfs:96 <name=node1,type=int (id=7),value=<?>,index=10>
Variable Delete,method=Main#dfs:96 <name=node2,type=int (id=7),value=<?>,index=11>
Variable Delete,method=Main#dfs:96 <name=cost,type=int (id=7),value=<?>,index=12>
Variable Delete,method=Main#dfs:96 <name=next_station,type=int (id=7),value=<?>,index=13>
Variable Delete,method=Main#dfs:96 <name=ret,type=int (id=7),value=<?>,index=14>
Variable Write,context=Main#dfs:96,i=6
Variable Write,context=Main#dfs:96,node1=5
Variable Write,context=Main#dfs:96,node2=6
Variable Write,context=Main#dfs:96,cost=80
Variable Write,context=Main#dfs:96,next_station=-1
Variable Write,context=Main#dfs:96,i=7
Variable Delete,method=Main#dfs:96 <name=node1,type=int (id=7),value=<?>,index=10>
Variable Delete,method=Main#dfs:96 <name=node2,type=int (id=7),value=<?>,index=11>
Variable Delete,method=Main#dfs:96 <name=cost,type=int (id=7),value=<?>,index=12>
Variable Delete,method=Main#dfs:96 <name=next_station,type=int (id=7),value=<?>,index=13>
Variable Write,context=Main#dfs:96,i=8
Variable Write,context=Main#dfs:96,node1=7
Variable Write,context=Main#dfs:96,node2=8
Variable Write,context=Main#dfs:96,cost=44
Variable Write,context=Main#dfs:96,next_station=-1
Variable Write,context=Main#dfs:96,i=9
Variable Delete,method=Main#dfs:96 <name=node1,type=int (id=7),value=<?>,index=10>
Variable Delete,method=Main#dfs:96 <name=node2,type=int (id=7),value=<?>,index=11>
Variable Delete,method=Main#dfs:96 <name=cost,type=int (id=7),value=<?>,index=12>
Variable Delete,method=Main#dfs:96 <name=next_station,type=int (id=7),value=<?>,index=13>
Variable Write,context=Main#dfs:96,node1=8
Variable Write,context=Main#dfs:96,node2=9
Variable Write,context=Main#dfs:96,cost=21
Variable Write,context=Main#dfs:96,next_station=-1
Variable Delete,method=Main#dfs:96 <name=node1,type=int (id=7),value=<?>,index=10>
Variable Delete,method=Main#dfs:96 <name=node2,type=int (id=7),value=<?>,index=11>
Variable Delete,method=Main#dfs:96 <name=cost,type=int (id=7),value=<?>,index=12>
Variable Delete,method=Main#dfs:96 <name=next_station,type=int (id=7),value=<?>,index=13>
Variable Delete,method=Main#dfs:96 <name=i,type=int (id=7),value=<?>,index=9>
Variable Write,context=Main#dfs:96,next=int[][]:1
Variable Write,context=Main#dfs:96,result=92
Method Exit,returner=Main#dfs:96,value=92
Variable Write,context=Main#dfs:95,ret=160
Variable Write,context=Main#dfs:95,max_next_path=5
Variable Write,context=Main#dfs:95,max_cost=160
Variable Write,context=Main#dfs:95,max_next_station=4
Variable Write,context=Main#dfs:95,i=6
Variable Delete,method=Main#dfs:95 <name=node1,type=int (id=7),value=<?>,index=10>
Variable Delete,method=Main#dfs:95 <name=node2,type=int (id=7),value=<?>,index=11>
Variable Delete,method=Main#dfs:95 <name=cost,type=int (id=7),value=<?>,index=12>
Variable Delete,method=Main#dfs:95 <name=next_station,type=int (id=7),value=<?>,index=13>
Variable Delete,method=Main#dfs:95 <name=ret,type=int (id=7),value=<?>,index=14>
Variable Write,context=Main#dfs:95,node1=5
Variable Write,context=Main#dfs:95,node2=6
Variable Write,context=Main#dfs:95,cost=80
Variable Write,context=Main#dfs:95,next_station=-1
Variable Write,context=Main#dfs:95,i=7
Variable Delete,method=Main#dfs:95 <name=node1,type=int (id=7),value=<?>,index=10>
Variable Delete,method=Main#dfs:95 <name=node2,type=int (id=7),value=<?>,index=11>
Variable Delete,method=Main#dfs:95 <name=cost,type=int (id=7),value=<?>,index=12>
Variable Delete,method=Main#dfs:95 <name=next_station,type=int (id=7),value=<?>,index=13>
Variable Write,context=Main#dfs:95,i=8
Variable Write,context=Main#dfs:95,node1=7
Variable Write,context=Main#dfs:95,node2=8
Variable Write,context=Main#dfs:95,cost=44
Variable Write,context=Main#dfs:95,next_station=-1
Variable Write,context=Main#dfs:95,next_station=7
Method Call,caller=Main#dfs:95,target=Main#dfs:100
Variable Write,context=Main#dfs:100,next=int[][]:1
Variable Write,context=Main#dfs:100,adj_list=int[][]:3
Variable Write,context=Main#dfs:100,nl=10
Variable Write,context=Main#dfs:100,bit=394
Variable Write,context=Main#dfs:100,cur_station=7
Variable Write,context=Main#dfs:100,ns=10
Variable Write,context=Main#dfs:100,max_next_path=2147483647
Variable Write,context=Main#dfs:100,max_next_station=2147483647
Variable Write,context=Main#dfs:100,max_cost=0
Variable Write,context=Main#dfs:100,i=0
Variable Write,context=Main#dfs:100,node1=0
Variable Write,context=Main#dfs:100,node2=1
Variable Write,context=Main#dfs:100,cost=11
Variable Write,context=Main#dfs:100,next_station=-1
Variable Write,context=Main#dfs:100,i=1
Variable Delete,method=Main#dfs:100 <name=node1,type=int (id=7),value=<?>,index=10>
Variable Delete,method=Main#dfs:100 <name=node2,type=int (id=7),value=<?>,index=11>
Variable Delete,method=Main#dfs:100 <name=cost,type=int (id=7),value=<?>,index=12>
Variable Delete,method=Main#dfs:100 <name=next_station,type=int (id=7),value=<?>,index=13>
Variable Write,context=Main#dfs:100,i=2
Variable Write,context=Main#dfs:100,node1=1
Variable Write,context=Main#dfs:100,node2=4
Variable Write,context=Main#dfs:100,cost=81
Variable Write,context=Main#dfs:100,next_station=-1
Variable Write,context=Main#dfs:100,i=3
Variable Delete,method=Main#dfs:100 <name=node1,type=int (id=7),value=<?>,index=10>
Variable Delete,method=Main#dfs:100 <name=node2,type=int (id=7),value=<?>,index=11>
Variable Delete,method=Main#dfs:100 <name=cost,type=int (id=7),value=<?>,index=12>
Variable Delete,method=Main#dfs:100 <name=next_station,type=int (id=7),value=<?>,index=13>
Variable Write,context=Main#dfs:100,i=4
Variable Write,context=Main#dfs:100,node1=3
Variable Write,context=Main#dfs:100,node2=4
Variable Write,context=Main#dfs:100,cost=58
Variable Write,context=Main#dfs:100,next_station=-1
Variable Write,context=Main#dfs:100,i=5
Variable Delete,method=Main#dfs:100 <name=node1,type=int (id=7),value=<?>,index=10>
Variable Delete,method=Main#dfs:100 <name=node2,type=int (id=7),value=<?>,index=11>
Variable Delete,method=Main#dfs:100 <name=cost,type=int (id=7),value=<?>,index=12>
Variable Delete,method=Main#dfs:100 <name=next_station,type=int (id=7),value=<?>,index=13>
Variable Write,context=Main#dfs:100,node1=4
Variable Write,context=Main#dfs:100,node2=8
Variable Write,context=Main#dfs:100,cost=68
Variable Write,context=Main#dfs:100,next_station=-1
Variable Write,context=Main#dfs:100,i=6
Variable Delete,method=Main#dfs:100 <name=node1,type=int (id=7),value=<?>,index=10>
Variable Delete,method=Main#dfs:100 <name=node2,type=int (id=7),value=<?>,index=11>
Variable Delete,method=Main#dfs:100 <name=cost,type=int (id=7),value=<?>,index=12>
Variable Delete,method=Main#dfs:100 <name=next_station,type=int (id=7),value=<?>,index=13>
Variable Write,context=Main#dfs:100,node1=5
Variable Write,context=Main#dfs:100,node2=6
Variable Write,context=Main#dfs:100,cost=80
Variable Write,context=Main#dfs:100,next_station=-1
Variable Write,context=Main#dfs:100,i=7
Variable Delete,method=Main#dfs:100 <name=node1,type=int (id=7),value=<?>,index=10>
Variable Delete,method=Main#dfs:100 <name=node2,type=int (id=7),value=<?>,index=11>
Variable Delete,method=Main#dfs:100 <name=cost,type=int (id=7),value=<?>,index=12>
Variable Delete,method=Main#dfs:100 <name=next_station,type=int (id=7),value=<?>,index=13>
Variable Write,context=Main#dfs:100,i=8
Variable Write,context=Main#dfs:100,i=9
Variable Write,context=Main#dfs:100,node1=8
Variable Write,context=Main#dfs:100,node2=9
Variable Write,context=Main#dfs:100,cost=21
Variable Write,context=Main#dfs:100,next_station=-1
Variable Delete,method=Main#dfs:100 <name=node1,type=int (id=7),value=<?>,index=10>
Variable Delete,method=Main#dfs:100 <name=node2,type=int (id=7),value=<?>,index=11>
Variable Delete,method=Main#dfs:100 <name=cost,type=int (id=7),value=<?>,index=12>
Variable Delete,method=Main#dfs:100 <name=next_station,type=int (id=7),value=<?>,index=13>
Variable Delete,method=Main#dfs:100 <name=i,type=int (id=7),value=<?>,index=9>
Variable Write,context=Main#dfs:100,result=0
Method Exit,returner=Main#dfs:100,value=0
Variable Write,context=Main#dfs:95,ret=44
Variable Write,context=Main#dfs:95,i=9
Variable Delete,method=Main#dfs:95 <name=node1,type=int (id=7),value=<?>,index=10>
Variable Delete,method=Main#dfs:95 <name=node2,type=int (id=7),value=<?>,index=11>
Variable Delete,method=Main#dfs:95 <name=cost,type=int (id=7),value=<?>,index=12>
Variable Delete,method=Main#dfs:95 <name=next_station,type=int (id=7),value=<?>,index=13>
Variable Delete,method=Main#dfs:95 <name=ret,type=int (id=7),value=<?>,index=14>
Variable Write,context=Main#dfs:95,node1=8
Variable Write,context=Main#dfs:95,node2=9
Variable Write,context=Main#dfs:95,cost=21
Variable Write,context=Main#dfs:95,next_station=-1
Variable Write,context=Main#dfs:95,next_station=9
Method Call,caller=Main#dfs:95,target=Main#dfs:101
Variable Write,context=Main#dfs:101,next=int[][]:1
Variable Write,context=Main#dfs:101,adj_list=int[][]:3
Variable Write,context=Main#dfs:101,nl=10
Variable Write,context=Main#dfs:101,bit=650
Variable Write,context=Main#dfs:101,cur_station=9
Variable Write,context=Main#dfs:101,ns=10
Variable Write,context=Main#dfs:101,max_next_path=2147483647
Variable Write,context=Main#dfs:101,max_next_station=2147483647
Variable Write,context=Main#dfs:101,max_cost=0
Variable Write,context=Main#dfs:101,i=0
Variable Write,context=Main#dfs:101,node1=0
Variable Write,context=Main#dfs:101,node2=1
Variable Write,context=Main#dfs:101,cost=11
Variable Write,context=Main#dfs:101,next_station=-1
Variable Write,context=Main#dfs:101,i=1
Variable Delete,method=Main#dfs:101 <name=node1,type=int (id=7),value=<?>,index=10>
Variable Delete,method=Main#dfs:101 <name=node2,type=int (id=7),value=<?>,index=11>
Variable Delete,method=Main#dfs:101 <name=cost,type=int (id=7),value=<?>,index=12>
Variable Delete,method=Main#dfs:101 <name=next_station,type=int (id=7),value=<?>,index=13>
Variable Write,context=Main#dfs:101,i=2
Variable Write,context=Main#dfs:101,node1=1
Variable Write,context=Main#dfs:101,node2=4
Variable Write,context=Main#dfs:101,cost=81
Variable Write,context=Main#dfs:101,next_station=-1
Variable Write,context=Main#dfs:101,i=3
Variable Delete,method=Main#dfs:101 <name=node1,type=int (id=7),value=<?>,index=10>
Variable Delete,method=Main#dfs:101 <name=node2,type=int (id=7),value=<?>,index=11>
Variable Delete,method=Main#dfs:101 <name=cost,type=int (id=7),value=<?>,index=12>
Variable Delete,method=Main#dfs:101 <name=next_station,type=int (id=7),value=<?>,index=13>
Variable Write,context=Main#dfs:101,i=4
Variable Write,context=Main#dfs:101,node1=3
Variable Write,context=Main#dfs:101,node2=4
Variable Write,context=Main#dfs:101,cost=58
Variable Write,context=Main#dfs:101,next_station=-1
Variable Write,context=Main#dfs:101,i=5
Variable Delete,method=Main#dfs:101 <name=node1,type=int (id=7),value=<?>,index=10>
Variable Delete,method=Main#dfs:101 <name=node2,type=int (id=7),value=<?>,index=11>
Variable Delete,method=Main#dfs:101 <name=cost,type=int (id=7),value=<?>,index=12>
Variable Delete,method=Main#dfs:101 <name=next_station,type=int (id=7),value=<?>,index=13>
Variable Write,context=Main#dfs:101,node1=4
Variable Write,context=Main#dfs:101,node2=8
Variable Write,context=Main#dfs:101,cost=68
Variable Write,context=Main#dfs:101,next_station=-1
Variable Write,context=Main#dfs:101,i=6
Variable Delete,method=Main#dfs:101 <name=node1,type=int (id=7),value=<?>,index=10>
Variable Delete,method=Main#dfs:101 <name=node2,type=int (id=7),value=<?>,index=11>
Variable Delete,method=Main#dfs:101 <name=cost,type=int (id=7),value=<?>,index=12>
Variable Delete,method=Main#dfs:101 <name=next_station,type=int (id=7),value=<?>,index=13>
Variable Write,context=Main#dfs:101,node1=5
Variable Write,context=Main#dfs:101,node2=6
Variable Write,context=Main#dfs:101,cost=80
Variable Write,context=Main#dfs:101,next_station=-1
Variable Write,context=Main#dfs:101,i=7
Variable Delete,method=Main#dfs:101 <name=node1,type=int (id=7),value=<?>,index=10>
Variable Delete,method=Main#dfs:101 <name=node2,type=int (id=7),value=<?>,index=11>
Variable Delete,method=Main#dfs:101 <name=cost,type=int (id=7),value=<?>,index=12>
Variable Delete,method=Main#dfs:101 <name=next_station,type=int (id=7),value=<?>,index=13>
Variable Write,context=Main#dfs:101,i=8
Variable Write,context=Main#dfs:101,node1=7
Variable Write,context=Main#dfs:101,node2=8
Variable Write,context=Main#dfs:101,cost=44
Variable Write,context=Main#dfs:101,next_station=-1
Variable Write,context=Main#dfs:101,i=9
Variable Delete,method=Main#dfs:101 <name=node1,type=int (id=7),value=<?>,index=10>
Variable Delete,method=Main#dfs:101 <name=node2,type=int (id=7),value=<?>,index=11>
Variable Delete,method=Main#dfs:101 <name=cost,type=int (id=7),value=<?>,index=12>
Variable Delete,method=Main#dfs:101 <name=next_station,type=int (id=7),value=<?>,index=13>
Variable Delete,method=Main#dfs:101 <name=i,type=int (id=7),value=<?>,index=9>
Variable Write,context=Main#dfs:101,result=0
Method Exit,returner=Main#dfs:101,value=0
Variable Write,context=Main#dfs:95,ret=21
Variable Delete,method=Main#dfs:95 <name=node1,type=int (id=7),value=<?>,index=10>
Variable Delete,method=Main#dfs:95 <name=node2,type=int (id=7),value=<?>,index=11>
Variable Delete,method=Main#dfs:95 <name=cost,type=int (id=7),value=<?>,index=12>
Variable Delete,method=Main#dfs:95 <name=next_station,type=int (id=7),value=<?>,index=13>
Variable Delete,method=Main#dfs:95 <name=ret,type=int (id=7),value=<?>,index=14>
Variable Delete,method=Main#dfs:95 <name=i,type=int (id=7),value=<?>,index=9>
Variable Write,context=Main#dfs:95,next=int[][]:1
Variable Write,context=Main#dfs:95,result=160
Method Exit,returner=Main#dfs:95,value=160
Variable Write,context=Main#dfs:93,ret=227
Variable Write,context=Main#dfs:93,max_next_path=7
Variable Write,context=Main#dfs:93,max_cost=227
Variable Write,context=Main#dfs:93,max_next_station=8
Variable Write,context=Main#dfs:93,i=8
Variable Delete,method=Main#dfs:93 <name=node1,type=int (id=7),value=<?>,index=10>
Variable Delete,method=Main#dfs:93 <name=node2,type=int (id=7),value=<?>,index=11>
Variable Delete,method=Main#dfs:93 <name=cost,type=int (id=7),value=<?>,index=12>
Variable Delete,method=Main#dfs:93 <name=next_station,type=int (id=7),value=<?>,index=13>
Variable Delete,method=Main#dfs:93 <name=ret,type=int (id=7),value=<?>,index=14>
Variable Write,context=Main#dfs:93,node1=7
Variable Write,context=Main#dfs:93,node2=8
Variable Write,context=Main#dfs:93,cost=44
Variable Write,context=Main#dfs:93,next_station=-1
Variable Write,context=Main#dfs:93,i=9
Variable Delete,method=Main#dfs:93 <name=node1,type=int (id=7),value=<?>,index=10>
Variable Delete,method=Main#dfs:93 <name=node2,type=int (id=7),value=<?>,index=11>
Variable Delete,method=Main#dfs:93 <name=cost,type=int (id=7),value=<?>,index=12>
Variable Delete,method=Main#dfs:93 <name=next_station,type=int (id=7),value=<?>,index=13>
Variable Write,context=Main#dfs:93,node1=8
Variable Write,context=Main#dfs:93,node2=9
Variable Write,context=Main#dfs:93,cost=21
Variable Write,context=Main#dfs:93,next_station=-1
Variable Delete,method=Main#dfs:93 <name=node1,type=int (id=7),value=<?>,index=10>
Variable Delete,method=Main#dfs:93 <name=node2,type=int (id=7),value=<?>,index=11>
Variable Delete,method=Main#dfs:93 <name=cost,type=int (id=7),value=<?>,index=12>
Variable Delete,method=Main#dfs:93 <name=next_station,type=int (id=7),value=<?>,index=13>
Variable Delete,method=Main#dfs:93 <name=i,type=int (id=7),value=<?>,index=9>
Variable Write,context=Main#dfs:93,next=int[][]:1
Variable Write,context=Main#dfs:93,result=227
Method Exit,returner=Main#dfs:93,value=227
Variable Write,context=Main#dfs:82,ret=309
Variable Write,context=Main#dfs:82,i=4
Variable Delete,method=Main#dfs:82 <name=node1,type=int (id=7),value=<?>,index=10>
Variable Delete,method=Main#dfs:82 <name=node2,type=int (id=7),value=<?>,index=11>
Variable Delete,method=Main#dfs:82 <name=cost,type=int (id=7),value=<?>,index=12>
Variable Delete,method=Main#dfs:82 <name=next_station,type=int (id=7),value=<?>,index=13>
Variable Delete,method=Main#dfs:82 <name=ret,type=int (id=7),value=<?>,index=14>
Variable Write,context=Main#dfs:82,node1=3
Variable Write,context=Main#dfs:82,node2=4
Variable Write,context=Main#dfs:82,cost=58
Variable Write,context=Main#dfs:82,next_station=-1
Variable Write,context=Main#dfs:82,i=5
Variable Delete,method=Main#dfs:82 <name=node1,type=int (id=7),value=<?>,index=10>
Variable Delete,method=Main#dfs:82 <name=node2,type=int (id=7),value=<?>,index=11>
Variable Delete,method=Main#dfs:82 <name=cost,type=int (id=7),value=<?>,index=12>
Variable Delete,method=Main#dfs:82 <name=next_station,type=int (id=7),value=<?>,index=13>
Variable Write,context=Main#dfs:82,node1=4
Variable Write,context=Main#dfs:82,node2=8
Variable Write,context=Main#dfs:82,cost=68
Variable Write,context=Main#dfs:82,next_station=-1
Variable Write,context=Main#dfs:82,i=6
Variable Delete,method=Main#dfs:82 <name=node1,type=int (id=7),value=<?>,index=10>
Variable Delete,method=Main#dfs:82 <name=node2,type=int (id=7),value=<?>,index=11>
Variable Delete,method=Main#dfs:82 <name=cost,type=int (id=7),value=<?>,index=12>
Variable Delete,method=Main#dfs:82 <name=next_station,type=int (id=7),value=<?>,index=13>
Variable Write,context=Main#dfs:82,node1=5
Variable Write,context=Main#dfs:82,node2=6
Variable Write,context=Main#dfs:82,cost=80
Variable Write,context=Main#dfs:82,next_station=-1
Variable Write,context=Main#dfs:82,i=7
Variable Delete,method=Main#dfs:82 <name=node1,type=int (id=7),value=<?>,index=10>
Variable Delete,method=Main#dfs:82 <name=node2,type=int (id=7),value=<?>,index=11>
Variable Delete,method=Main#dfs:82 <name=cost,type=int (id=7),value=<?>,index=12>
Variable Delete,method=Main#dfs:82 <name=next_station,type=int (id=7),value=<?>,index=13>
Variable Write,context=Main#dfs:82,node1=5
Variable Write,context=Main#dfs:82,node2=8
Variable Write,context=Main#dfs:82,cost=67
Variable Write,context=Main#dfs:82,next_station=-1
Variable Write,context=Main#dfs:82,i=8
Variable Delete,method=Main#dfs:82 <name=node1,type=int (id=7),value=<?>,index=10>
Variable Delete,method=Main#dfs:82 <name=node2,type=int (id=7),value=<?>,index=11>
Variable Delete,method=Main#dfs:82 <name=cost,type=int (id=7),value=<?>,index=12>
Variable Delete,method=Main#dfs:82 <name=next_station,type=int (id=7),value=<?>,index=13>
Variable Write,context=Main#dfs:82,node1=7
Variable Write,context=Main#dfs:82,node2=8
Variable Write,context=Main#dfs:82,cost=44
Variable Write,context=Main#dfs:82,next_station=-1
Variable Write,context=Main#dfs:82,i=9
Variable Delete,method=Main#dfs:82 <name=node1,type=int (id=7),value=<?>,index=10>
Variable Delete,method=Main#dfs:82 <name=node2,type=int (id=7),value=<?>,index=11>
Variable Delete,method=Main#dfs:82 <name=cost,type=int (id=7),value=<?>,index=12>
Variable Delete,method=Main#dfs:82 <name=next_station,type=int (id=7),value=<?>,index=13>
Variable Write,context=Main#dfs:82,node1=8
Variable Write,context=Main#dfs:82,node2=9
Variable Write,context=Main#dfs:82,cost=21
Variable Write,context=Main#dfs:82,next_station=-1
Variable Delete,method=Main#dfs:82 <name=node1,type=int (id=7),value=<?>,index=10>
Variable Delete,method=Main#dfs:82 <name=node2,type=int (id=7),value=<?>,index=11>
Variable Delete,method=Main#dfs:82 <name=cost,type=int (id=7),value=<?>,index=12>
Variable Delete,method=Main#dfs:82 <name=next_station,type=int (id=7),value=<?>,index=13>
Variable Delete,method=Main#dfs:82 <name=i,type=int (id=7),value=<?>,index=9>
Variable Write,context=Main#dfs:82,next=int[][]:1
Variable Write,context=Main#dfs:82,result=309
Method Exit,returner=Main#dfs:82,value=309
Variable Write,context=Main#dfs:81,ret=334
Variable Write,context=Main#dfs:81,max_next_path=1
Variable Write,context=Main#dfs:81,max_cost=334
Variable Write,context=Main#dfs:81,max_next_station=1
Variable Write,context=Main#dfs:81,i=2
Variable Delete,method=Main#dfs:81 <name=node1,type=int (id=7),value=<?>,index=10>
Variable Delete,method=Main#dfs:81 <name=node2,type=int (id=7),value=<?>,index=11>
Variable Delete,method=Main#dfs:81 <name=cost,type=int (id=7),value=<?>,index=12>
Variable Delete,method=Main#dfs:81 <name=next_station,type=int (id=7),value=<?>,index=13>
Variable Delete,method=Main#dfs:81 <name=ret,type=int (id=7),value=<?>,index=14>
Variable Write,context=Main#dfs:81,node1=1
Variable Write,context=Main#dfs:81,node2=4
Variable Write,context=Main#dfs:81,cost=81
Variable Write,context=Main#dfs:81,next_station=-1
Variable Write,context=Main#dfs:81,i=3
Variable Delete,method=Main#dfs:81 <name=node1,type=int (id=7),value=<?>,index=10>
Variable Delete,method=Main#dfs:81 <name=node2,type=int (id=7),value=<?>,index=11>
Variable Delete,method=Main#dfs:81 <name=cost,type=int (id=7),value=<?>,index=12>
Variable Delete,method=Main#dfs:81 <name=next_station,type=int (id=7),value=<?>,index=13>
Variable Write,context=Main#dfs:81,node1=1
Variable Write,context=Main#dfs:81,node2=5
Variable Write,context=Main#dfs:81,cost=82
Variable Write,context=Main#dfs:81,next_station=-1
Variable Write,context=Main#dfs:81,i=4
Variable Delete,method=Main#dfs:81 <name=node1,type=int (id=7),value=<?>,index=10>
Variable Delete,method=Main#dfs:81 <name=node2,type=int (id=7),value=<?>,index=11>
Variable Delete,method=Main#dfs:81 <name=cost,type=int (id=7),value=<?>,index=12>
Variable Delete,method=Main#dfs:81 <name=next_station,type=int (id=7),value=<?>,index=13>
Variable Write,context=Main#dfs:81,node1=3
Variable Write,context=Main#dfs:81,node2=4
Variable Write,context=Main#dfs:81,cost=58
Variable Write,context=Main#dfs:81,next_station=-1
Variable Write,context=Main#dfs:81,i=5
Variable Delete,method=Main#dfs:81 <name=node1,type=int (id=7),value=<?>,index=10>
Variable Delete,method=Main#dfs:81 <name=node2,type=int (id=7),value=<?>,index=11>
Variable Delete,method=Main#dfs:81 <name=cost,type=int (id=7),value=<?>,index=12>
Variable Delete,method=Main#dfs:81 <name=next_station,type=int (id=7),value=<?>,index=13>
Variable Write,context=Main#dfs:81,node1=4
Variable Write,context=Main#dfs:81,node2=8
Variable Write,context=Main#dfs:81,cost=68
Variable Write,context=Main#dfs:81,next_station=-1
Variable Write,context=Main#dfs:81,i=6
Variable Delete,method=Main#dfs:81 <name=node1,type=int (id=7),value=<?>,index=10>
Variable Delete,method=Main#dfs:81 <name=node2,type=int (id=7),value=<?>,index=11>
Variable Delete,method=Main#dfs:81 <name=cost,type=int (id=7),value=<?>,index=12>
Variable Delete,method=Main#dfs:81 <name=next_station,type=int (id=7),value=<?>,index=13>
Variable Write,context=Main#dfs:81,node1=5
Variable Write,context=Main#dfs:81,node2=6
Variable Write,context=Main#dfs:81,cost=80
Variable Write,context=Main#dfs:81,next_station=-1
Variable Write,context=Main#dfs:81,i=7
Variable Delete,method=Main#dfs:81 <name=node1,type=int (id=7),value=<?>,index=10>
Variable Delete,method=Main#dfs:81 <name=node2,type=int (id=7),value=<?>,index=11>
Variable Delete,method=Main#dfs:81 <name=cost,type=int (id=7),value=<?>,index=12>
Variable Delete,method=Main#dfs:81 <name=next_station,type=int (id=7),value=<?>,index=13>
Variable Write,context=Main#dfs:81,node1=5
Variable Write,context=Main#dfs:81,node2=8
Variable Write,context=Main#dfs:81,cost=67
Variable Write,context=Main#dfs:81,next_station=-1
Variable Write,context=Main#dfs:81,i=8
Variable Delete,method=Main#dfs:81 <name=node1,type=int (id=7),value=<?>,index=10>
Variable Delete,method=Main#dfs:81 <name=node2,type=int (id=7),value=<?>,index=11>
Variable Delete,method=Main#dfs:81 <name=cost,type=int (id=7),value=<?>,index=12>
Variable Delete,method=Main#dfs:81 <name=next_station,type=int (id=7),value=<?>,index=13>
Variable Write,context=Main#dfs:81,node1=7
Variable Write,context=Main#dfs:81,node2=8
Variable Write,context=Main#dfs:81,cost=44
Variable Write,context=Main#dfs:81,next_station=-1
Variable Write,context=Main#dfs:81,i=9
Variable Delete,method=Main#dfs:81 <name=node1,type=int (id=7),value=<?>,index=10>
Variable Delete,method=Main#dfs:81 <name=node2,type=int (id=7),value=<?>,index=11>
Variable Delete,method=Main#dfs:81 <name=cost,type=int (id=7),value=<?>,index=12>
Variable Delete,method=Main#dfs:81 <name=next_station,type=int (id=7),value=<?>,index=13>
Variable Write,context=Main#dfs:81,node1=8
Variable Write,context=Main#dfs:81,node2=9
Variable Write,context=Main#dfs:81,cost=21
Variable Write,context=Main#dfs:81,next_station=-1
Variable Delete,method=Main#dfs:81 <name=node1,type=int (id=7),value=<?>,index=10>
Variable Delete,method=Main#dfs:81 <name=node2,type=int (id=7),value=<?>,index=11>
Variable Delete,method=Main#dfs:81 <name=cost,type=int (id=7),value=<?>,index=12>
Variable Delete,method=Main#dfs:81 <name=next_station,type=int (id=7),value=<?>,index=13>
Variable Delete,method=Main#dfs:81 <name=i,type=int (id=7),value=<?>,index=9>
Variable Write,context=Main#dfs:81,next=int[][]:1
Variable Write,context=Main#dfs:81,result=334
Method Exit,returner=Main#dfs:81,value=334
Variable Write,context=Main#main:1,cost=334
Variable Write,context=Main#main:1,start=3
Variable Delete,method=Main#main:1 <name=cost,type=int (id=7),value=<?>,index=12>
Method Call,caller=Main#main:1,target=Main#dfs:102
Variable Write,context=Main#dfs:102,next=int[][]:1
Variable Write,context=Main#dfs:102,adj_list=int[][]:3
Variable Write,context=Main#dfs:102,nl=10
Variable Write,context=Main#dfs:102,bit=0
Variable Write,context=Main#dfs:102,cur_station=3
Variable Write,context=Main#dfs:102,ns=10
Variable Write,context=Main#dfs:102,max_next_path=2147483647
Variable Write,context=Main#dfs:102,max_next_station=2147483647
Variable Write,context=Main#dfs:102,max_cost=0
Variable Write,context=Main#dfs:102,i=0
Variable Write,context=Main#dfs:102,node1=0
Variable Write,context=Main#dfs:102,node2=1
Variable Write,context=Main#dfs:102,cost=11
Variable Write,context=Main#dfs:102,next_station=-1
Variable Write,context=Main#dfs:102,i=1
Variable Delete,method=Main#dfs:102 <name=node1,type=int (id=7),value=<?>,index=10>
Variable Delete,method=Main#dfs:102 <name=node2,type=int (id=7),value=<?>,index=11>
Variable Delete,method=Main#dfs:102 <name=cost,type=int (id=7),value=<?>,index=12>
Variable Delete,method=Main#dfs:102 <name=next_station,type=int (id=7),value=<?>,index=13>
Variable Write,context=Main#dfs:102,node1=1
Variable Write,context=Main#dfs:102,node2=2
Variable Write,context=Main#dfs:102,cost=25
Variable Write,context=Main#dfs:102,next_station=-1
Variable Write,context=Main#dfs:102,i=2
Variable Delete,method=Main#dfs:102 <name=node1,type=int (id=7),value=<?>,index=10>
Variable Delete,method=Main#dfs:102 <name=node2,type=int (id=7),value=<?>,index=11>
Variable Delete,method=Main#dfs:102 <name=cost,type=int (id=7),value=<?>,index=12>
Variable Delete,method=Main#dfs:102 <name=next_station,type=int (id=7),value=<?>,index=13>
Variable Write,context=Main#dfs:102,node1=1
Variable Write,context=Main#dfs:102,node2=4
Variable Write,context=Main#dfs:102,cost=81
Variable Write,context=Main#dfs:102,next_station=-1
Variable Write,context=Main#dfs:102,i=3
Variable Delete,method=Main#dfs:102 <name=node1,type=int (id=7),value=<?>,index=10>
Variable Delete,method=Main#dfs:102 <name=node2,type=int (id=7),value=<?>,index=11>
Variable Delete,method=Main#dfs:102 <name=cost,type=int (id=7),value=<?>,index=12>
Variable Delete,method=Main#dfs:102 <name=next_station,type=int (id=7),value=<?>,index=13>
Variable Write,context=Main#dfs:102,node1=1
Variable Write,context=Main#dfs:102,node2=5
Variable Write,context=Main#dfs:102,cost=82
Variable Write,context=Main#dfs:102,next_station=-1
Variable Write,context=Main#dfs:102,i=4
Variable Delete,method=Main#dfs:102 <name=node1,type=int (id=7),value=<?>,index=10>
Variable Delete,method=Main#dfs:102 <name=node2,type=int (id=7),value=<?>,index=11>
Variable Delete,method=Main#dfs:102 <name=cost,type=int (id=7),value=<?>,index=12>
Variable Delete,method=Main#dfs:102 <name=next_station,type=int (id=7),value=<?>,index=13>
Variable Write,context=Main#dfs:102,node1=3
Variable Write,context=Main#dfs:102,node2=4
Variable Write,context=Main#dfs:102,cost=58
Variable Write,context=Main#dfs:102,next_station=-1
Variable Write,context=Main#dfs:102,next_station=4
Method Call,caller=Main#dfs:102,target=Main#dfs:103
Variable Write,context=Main#dfs:103,next=int[][]:1
Variable Write,context=Main#dfs:103,adj_list=int[][]:3
Variable Write,context=Main#dfs:103,nl=10
Variable Write,context=Main#dfs:103,bit=16
Variable Write,context=Main#dfs:103,cur_station=4
Variable Write,context=Main#dfs:103,ns=10
Variable Write,context=Main#dfs:103,max_next_path=2147483647
Variable Write,context=Main#dfs:103,max_next_station=2147483647
Variable Write,context=Main#dfs:103,max_cost=0
Variable Write,context=Main#dfs:103,i=0
Variable Write,context=Main#dfs:103,node1=0
Variable Write,context=Main#dfs:103,node2=1
Variable Write,context=Main#dfs:103,cost=11
Variable Write,context=Main#dfs:103,next_station=-1
Variable Write,context=Main#dfs:103,i=1
Variable Delete,method=Main#dfs:103 <name=node1,type=int (id=7),value=<?>,index=10>
Variable Delete,method=Main#dfs:103 <name=node2,type=int (id=7),value=<?>,index=11>
Variable Delete,method=Main#dfs:103 <name=cost,type=int (id=7),value=<?>,index=12>
Variable Delete,method=Main#dfs:103 <name=next_station,type=int (id=7),value=<?>,index=13>
Variable Write,context=Main#dfs:103,node1=1
Variable Write,context=Main#dfs:103,node2=2
Variable Write,context=Main#dfs:103,cost=25
Variable Write,context=Main#dfs:103,next_station=-1
Variable Write,context=Main#dfs:103,i=2
Variable Delete,method=Main#dfs:103 <name=node1,type=int (id=7),value=<?>,index=10>
Variable Delete,method=Main#dfs:103 <name=node2,type=int (id=7),value=<?>,index=11>
Variable Delete,method=Main#dfs:103 <name=cost,type=int (id=7),value=<?>,index=12>
Variable Delete,method=Main#dfs:103 <name=next_station,type=int (id=7),value=<?>,index=13>
Variable Write,context=Main#dfs:103,node1=1
Variable Write,context=Main#dfs:103,node2=4
Variable Write,context=Main#dfs:103,cost=81
Variable Write,context=Main#dfs:103,next_station=-1
Variable Write,context=Main#dfs:103,next_station=1
Method Call,caller=Main#dfs:103,target=Main#dfs:104
Variable Write,context=Main#dfs:104,next=int[][]:1
Variable Write,context=Main#dfs:104,adj_list=int[][]:3
Variable Write,context=Main#dfs:104,nl=10
Variable Write,context=Main#dfs:104,bit=20
Variable Write,context=Main#dfs:104,cur_station=1
Variable Write,context=Main#dfs:104,ns=10
Variable Write,context=Main#dfs:104,max_next_path=2147483647
Variable Write,context=Main#dfs:104,max_next_station=2147483647
Variable Write,context=Main#dfs:104,max_cost=0
Variable Write,context=Main#dfs:104,i=0
Variable Write,context=Main#dfs:104,node1=0
Variable Write,context=Main#dfs:104,node2=1
Variable Write,context=Main#dfs:104,cost=11
Variable Write,context=Main#dfs:104,next_station=-1
Variable Write,context=Main#dfs:104,next_station=0
Method Call,caller=Main#dfs:104,target=Main#dfs:105
Variable Write,context=Main#dfs:105,next=int[][]:1
Variable Write,context=Main#dfs:105,adj_list=int[][]:3
Variable Write,context=Main#dfs:105,nl=10
Variable Write,context=Main#dfs:105,bit=21
Variable Write,context=Main#dfs:105,cur_station=0
Variable Write,context=Main#dfs:105,ns=10
Variable Write,context=Main#dfs:105,max_next_path=2147483647
Variable Write,context=Main#dfs:105,max_next_station=2147483647
Variable Write,context=Main#dfs:105,max_cost=0
Variable Write,context=Main#dfs:105,i=0
Variable Write,context=Main#dfs:105,i=1
Variable Write,context=Main#dfs:105,node1=1
Variable Write,context=Main#dfs:105,node2=2
Variable Write,context=Main#dfs:105,cost=25
Variable Write,context=Main#dfs:105,next_station=-1
Variable Write,context=Main#dfs:105,i=2
Variable Delete,method=Main#dfs:105 <name=node1,type=int (id=7),value=<?>,index=10>
Variable Delete,method=Main#dfs:105 <name=node2,type=int (id=7),value=<?>,index=11>
Variable Delete,method=Main#dfs:105 <name=cost,type=int (id=7),value=<?>,index=12>
Variable Delete,method=Main#dfs:105 <name=next_station,type=int (id=7),value=<?>,index=13>
Variable Write,context=Main#dfs:105,i=3
Variable Write,context=Main#dfs:105,node1=1
Variable Write,context=Main#dfs:105,node2=5
Variable Write,context=Main#dfs:105,cost=82
Variable Write,context=Main#dfs:105,next_station=-1
Variable Write,context=Main#dfs:105,i=4
Variable Delete,method=Main#dfs:105 <name=node1,type=int (id=7),value=<?>,index=10>
Variable Delete,method=Main#dfs:105 <name=node2,type=int (id=7),value=<?>,index=11>
Variable Delete,method=Main#dfs:105 <name=cost,type=int (id=7),value=<?>,index=12>
Variable Delete,method=Main#dfs:105 <name=next_station,type=int (id=7),value=<?>,index=13>
Variable Write,context=Main#dfs:105,i=5
Variable Write,context=Main#dfs:105,node1=4
Variable Write,context=Main#dfs:105,node2=8
Variable Write,context=Main#dfs:105,cost=68
Variable Write,context=Main#dfs:105,next_station=-1
Variable Write,context=Main#dfs:105,i=6
Variable Delete,method=Main#dfs:105 <name=node1,type=int (id=7),value=<?>,index=10>
Variable Delete,method=Main#dfs:105 <name=node2,type=int (id=7),value=<?>,index=11>
Variable Delete,method=Main#dfs:105 <name=cost,type=int (id=7),value=<?>,index=12>
Variable Delete,method=Main#dfs:105 <name=next_station,type=int (id=7),value=<?>,index=13>
Variable Write,context=Main#dfs:105,node1=5
Variable Write,context=Main#dfs:105,node2=6
Variable Write,context=Main#dfs:105,cost=80
Variable Write,context=Main#dfs:105,next_station=-1
Variable Write,context=Main#dfs:105,i=7
Variable Delete,method=Main#dfs:105 <name=node1,type=int (id=7),value=<?>,index=10>
Variable Delete,method=Main#dfs:105 <name=node2,type=int (id=7),value=<?>,index=11>
Variable Delete,method=Main#dfs:105 <name=cost,type=int (id=7),value=<?>,index=12>
Variable Delete,method=Main#dfs:105 <name=next_station,type=int (id=7),value=<?>,index=13>
Variable Write,context=Main#dfs:105,node1=5
Variable Write,context=Main#dfs:105,node2=8
Variable Write,context=Main#dfs:105,cost=67
Variable Write,context=Main#dfs:105,next_station=-1
Variable Write,context=Main#dfs:105,i=8
Variable Delete,method=Main#dfs:105 <name=node1,type=int (id=7),value=<?>,index=10>
Variable Delete,method=Main#dfs:105 <name=node2,type=int (id=7),value=<?>,index=11>
Variable Delete,method=Main#dfs:105 <name=cost,type=int (id=7),value=<?>,index=12>
Variable Delete,method=Main#dfs:105 <name=next_station,type=int (id=7),value=<?>,index=13>
Variable Write,context=Main#dfs:105,node1=7
Variable Write,context=Main#dfs:105,node2=8
Variable Write,context=Main#dfs:105,cost=44
Variable Write,context=Main#dfs:105,next_station=-1
Variable Write,context=Main#dfs:105,i=9
Variable Delete,method=Main#dfs:105 <name=node1,type=int (id=7),value=<?>,index=10>
Variable Delete,method=Main#dfs:105 <name=node2,type=int (id=7),value=<?>,index=11>
Variable Delete,method=Main#dfs:105 <name=cost,type=int (id=7),value=<?>,index=12>
Variable Delete,method=Main#dfs:105 <name=next_station,type=int (id=7),value=<?>,index=13>
Variable Write,context=Main#dfs:105,node1=8
Variable Write,context=Main#dfs:105,node2=9
Variable Write,context=Main#dfs:105,cost=21
Variable Write,context=Main#dfs:105,next_station=-1
Variable Delete,method=Main#dfs:105 <name=node1,type=int (id=7),value=<?>,index=10>
Variable Delete,method=Main#dfs:105 <name=node2,type=int (id=7),value=<?>,index=11>
Variable Delete,method=Main#dfs:105 <name=cost,type=int (id=7),value=<?>,index=12>
Variable Delete,method=Main#dfs:105 <name=next_station,type=int (id=7),value=<?>,index=13>
Variable Delete,method=Main#dfs:105 <name=i,type=int (id=7),value=<?>,index=9>
Variable Write,context=Main#dfs:105,result=0
Method Exit,returner=Main#dfs:105,value=0
Variable Write,context=Main#dfs:104,ret=11
Variable Write,context=Main#dfs:104,max_next_path=0
Variable Write,context=Main#dfs:104,max_cost=11
Variable Write,context=Main#dfs:104,max_next_station=0
Variable Write,context=Main#dfs:104,i=1
Variable Delete,method=Main#dfs:104 <name=node1,type=int (id=7),value=<?>,index=10>
Variable Delete,method=Main#dfs:104 <name=node2,type=int (id=7),value=<?>,index=11>
Variable Delete,method=Main#dfs:104 <name=cost,type=int (id=7),value=<?>,index=12>
Variable Delete,method=Main#dfs:104 <name=next_station,type=int (id=7),value=<?>,index=13>
Variable Delete,method=Main#dfs:104 <name=ret,type=int (id=7),value=<?>,index=14>
Variable Write,context=Main#dfs:104,node1=1
Variable Write,context=Main#dfs:104,node2=2
Variable Write,context=Main#dfs:104,cost=25
Variable Write,context=Main#dfs:104,next_station=-1
Variable Write,context=Main#dfs:104,next_station=2
Method Call,caller=Main#dfs:104,target=Main#dfs:106
Variable Write,context=Main#dfs:106,next=int[][]:1
Variable Write,context=Main#dfs:106,adj_list=int[][]:3
Variable Write,context=Main#dfs:106,nl=10
Variable Write,context=Main#dfs:106,bit=22
Variable Write,context=Main#dfs:106,cur_station=2
Variable Write,context=Main#dfs:106,ns=10
Variable Write,context=Main#dfs:106,max_next_path=2147483647
Variable Write,context=Main#dfs:106,max_next_station=2147483647
Variable Write,context=Main#dfs:106,max_cost=0
Variable Write,context=Main#dfs:106,i=0
Variable Write,context=Main#dfs:106,node1=0
Variable Write,context=Main#dfs:106,node2=1
Variable Write,context=Main#dfs:106,cost=11
Variable Write,context=Main#dfs:106,next_station=-1
Variable Write,context=Main#dfs:106,i=1
Variable Delete,method=Main#dfs:106 <name=node1,type=int (id=7),value=<?>,index=10>
Variable Delete,method=Main#dfs:106 <name=node2,type=int (id=7),value=<?>,index=11>
Variable Delete,method=Main#dfs:106 <name=cost,type=int (id=7),value=<?>,index=12>
Variable Delete,method=Main#dfs:106 <name=next_station,type=int (id=7),value=<?>,index=13>
Variable Write,context=Main#dfs:106,i=2
Variable Write,context=Main#dfs:106,i=3
Variable Write,context=Main#dfs:106,node1=1
Variable Write,context=Main#dfs:106,node2=5
Variable Write,context=Main#dfs:106,cost=82
Variable Write,context=Main#dfs:106,next_station=-1
Variable Write,context=Main#dfs:106,i=4
Variable Delete,method=Main#dfs:106 <name=node1,type=int (id=7),value=<?>,index=10>
Variable Delete,method=Main#dfs:106 <name=node2,type=int (id=7),value=<?>,index=11>
Variable Delete,method=Main#dfs:106 <name=cost,type=int (id=7),value=<?>,index=12>
Variable Delete,method=Main#dfs:106 <name=next_station,type=int (id=7),value=<?>,index=13>
Variable Write,context=Main#dfs:106,i=5
Variable Write,context=Main#dfs:106,node1=4
Variable Write,context=Main#dfs:106,node2=8
Variable Write,context=Main#dfs:106,cost=68
Variable Write,context=Main#dfs:106,next_station=-1
Variable Write,context=Main#dfs:106,i=6
Variable Delete,method=Main#dfs:106 <name=node1,type=int (id=7),value=<?>,index=10>
Variable Delete,method=Main#dfs:106 <name=node2,type=int (id=7),value=<?>,index=11>
Variable Delete,method=Main#dfs:106 <name=cost,type=int (id=7),value=<?>,index=12>
Variable Delete,method=Main#dfs:106 <name=next_station,type=int (id=7),value=<?>,index=13>
Variable Write,context=Main#dfs:106,node1=5
Variable Write,context=Main#dfs:106,node2=6
Variable Write,context=Main#dfs:106,cost=80
Variable Write,context=Main#dfs:106,next_station=-1
Variable Write,context=Main#dfs:106,i=7
Variable Delete,method=Main#dfs:106 <name=node1,type=int (id=7),value=<?>,index=10>
Variable Delete,method=Main#dfs:106 <name=node2,type=int (id=7),value=<?>,index=11>
Variable Delete,method=Main#dfs:106 <name=cost,type=int (id=7),value=<?>,index=12>
Variable Delete,method=Main#dfs:106 <name=next_station,type=int (id=7),value=<?>,index=13>
Variable Write,context=Main#dfs:106,node1=5
Variable Write,context=Main#dfs:106,node2=8
Variable Write,context=Main#dfs:106,cost=67
Variable Write,context=Main#dfs:106,next_station=-1
Variable Write,context=Main#dfs:106,i=8
Variable Delete,method=Main#dfs:106 <name=node1,type=int (id=7),value=<?>,index=10>
Variable Delete,method=Main#dfs:106 <name=node2,type=int (id=7),value=<?>,index=11>
Variable Delete,method=Main#dfs:106 <name=cost,type=int (id=7),value=<?>,index=12>
Variable Delete,method=Main#dfs:106 <name=next_station,type=int (id=7),value=<?>,index=13>
Variable Write,context=Main#dfs:106,node1=7
Variable Write,context=Main#dfs:106,node2=8
Variable Write,context=Main#dfs:106,cost=44
Variable Write,context=Main#dfs:106,next_station=-1
Variable Write,context=Main#dfs:106,i=9
Variable Delete,method=Main#dfs:106 <name=node1,type=int (id=7),value=<?>,index=10>
Variable Delete,method=Main#dfs:106 <name=node2,type=int (id=7),value=<?>,index=11>
Variable Delete,method=Main#dfs:106 <name=cost,type=int (id=7),value=<?>,index=12>
Variable Delete,method=Main#dfs:106 <name=next_station,type=int (id=7),value=<?>,index=13>
Variable Write,context=Main#dfs:106,node1=8
Variable Write,context=Main#dfs:106,node2=9
Variable Write,context=Main#dfs:106,cost=21
Variable Write,context=Main#dfs:106,next_station=-1
Variable Delete,method=Main#dfs:106 <name=node1,type=int (id=7),value=<?>,index=10>
Variable Delete,method=Main#dfs:106 <name=node2,type=int (id=7),value=<?>,index=11>
Variable Delete,method=Main#dfs:106 <name=cost,type=int (id=7),value=<?>,index=12>
Variable Delete,method=Main#dfs:106 <name=next_station,type=int (id=7),value=<?>,index=13>
Variable Delete,method=Main#dfs:106 <name=i,type=int (id=7),value=<?>,index=9>
Variable Write,context=Main#dfs:106,result=0
Method Exit,returner=Main#dfs:106,value=0
Variable Write,context=Main#dfs:104,ret=25
Variable Write,context=Main#dfs:104,max_next_path=1
Variable Write,context=Main#dfs:104,max_cost=25
Variable Write,context=Main#dfs:104,max_next_station=2
Variable Write,context=Main#dfs:104,i=2
Variable Delete,method=Main#dfs:104 <name=node1,type=int (id=7),value=<?>,index=10>
Variable Delete,method=Main#dfs:104 <name=node2,type=int (id=7),value=<?>,index=11>
Variable Delete,method=Main#dfs:104 <name=cost,type=int (id=7),value=<?>,index=12>
Variable Delete,method=Main#dfs:104 <name=next_station,type=int (id=7),value=<?>,index=13>
Variable Delete,method=Main#dfs:104 <name=ret,type=int (id=7),value=<?>,index=14>
Variable Write,context=Main#dfs:104,i=3
Variable Write,context=Main#dfs:104,node1=1
Variable Write,context=Main#dfs:104,node2=5
Variable Write,context=Main#dfs:104,cost=82
Variable Write,context=Main#dfs:104,next_station=-1
Variable Write,context=Main#dfs:104,next_station=5
Method Call,caller=Main#dfs:104,target=Main#dfs:107
Variable Write,context=Main#dfs:107,next=int[][]:1
Variable Write,context=Main#dfs:107,adj_list=int[][]:3
Variable Write,context=Main#dfs:107,nl=10
Variable Write,context=Main#dfs:107,bit=28
Variable Write,context=Main#dfs:107,cur_station=5
Variable Write,context=Main#dfs:107,ns=10
Variable Write,context=Main#dfs:107,max_next_path=2147483647
Variable Write,context=Main#dfs:107,max_next_station=2147483647
Variable Write,context=Main#dfs:107,max_cost=0
Variable Write,context=Main#dfs:107,i=0
Variable Write,context=Main#dfs:107,node1=0
Variable Write,context=Main#dfs:107,node2=1
Variable Write,context=Main#dfs:107,cost=11
Variable Write,context=Main#dfs:107,next_station=-1
Variable Write,context=Main#dfs:107,i=1
Variable Delete,method=Main#dfs:107 <name=node1,type=int (id=7),value=<?>,index=10>
Variable Delete,method=Main#dfs:107 <name=node2,type=int (id=7),value=<?>,index=11>
Variable Delete,method=Main#dfs:107 <name=cost,type=int (id=7),value=<?>,index=12>
Variable Delete,method=Main#dfs:107 <name=next_station,type=int (id=7),value=<?>,index=13>
Variable Write,context=Main#dfs:107,node1=1
Variable Write,context=Main#dfs:107,node2=2
Variable Write,context=Main#dfs:107,cost=25
Variable Write,context=Main#dfs:107,next_station=-1
Variable Write,context=Main#dfs:107,i=2
Variable Delete,method=Main#dfs:107 <name=node1,type=int (id=7),value=<?>,index=10>
Variable Delete,method=Main#dfs:107 <name=node2,type=int (id=7),value=<?>,index=11>
Variable Delete,method=Main#dfs:107 <name=cost,type=int (id=7),value=<?>,index=12>
Variable Delete,method=Main#dfs:107 <name=next_station,type=int (id=7),value=<?>,index=13>
Variable Write,context=Main#dfs:107,i=3
Variable Write,context=Main#dfs:107,i=4
Variable Write,context=Main#dfs:107,i=5
Variable Write,context=Main#dfs:107,node1=4
Variable Write,context=Main#dfs:107,node2=8
Variable Write,context=Main#dfs:107,cost=68
Variable Write,context=Main#dfs:107,next_station=-1
Variable Write,context=Main#dfs:107,i=6
Variable Delete,method=Main#dfs:107 <name=node1,type=int (id=7),value=<?>,index=10>
Variable Delete,method=Main#dfs:107 <name=node2,type=int (id=7),value=<?>,index=11>
Variable Delete,method=Main#dfs:107 <name=cost,type=int (id=7),value=<?>,index=12>
Variable Delete,method=Main#dfs:107 <name=next_station,type=int (id=7),value=<?>,index=13>
Variable Write,context=Main#dfs:107,node1=5
Variable Write,context=Main#dfs:107,node2=6
Variable Write,context=Main#dfs:107,cost=80
Variable Write,context=Main#dfs:107,next_station=-1
Variable Write,context=Main#dfs:107,next_station=6
Method Call,caller=Main#dfs:107,target=Main#dfs:108
Variable Write,context=Main#dfs:108,next=int[][]:1
Variable Write,context=Main#dfs:108,adj_list=int[][]:3
Variable Write,context=Main#dfs:108,nl=10
Variable Write,context=Main#dfs:108,bit=92
Variable Write,context=Main#dfs:108,cur_station=6
Variable Write,context=Main#dfs:108,ns=10
Variable Write,context=Main#dfs:108,max_next_path=2147483647
Variable Write,context=Main#dfs:108,max_next_station=2147483647
Variable Write,context=Main#dfs:108,max_cost=0
Variable Write,context=Main#dfs:108,i=0
Variable Write,context=Main#dfs:108,node1=0
Variable Write,context=Main#dfs:108,node2=1
Variable Write,context=Main#dfs:108,cost=11
Variable Write,context=Main#dfs:108,next_station=-1
Variable Write,context=Main#dfs:108,i=1
Variable Delete,method=Main#dfs:108 <name=node1,type=int (id=7),value=<?>,index=10>
Variable Delete,method=Main#dfs:108 <name=node2,type=int (id=7),value=<?>,index=11>
Variable Delete,method=Main#dfs:108 <name=cost,type=int (id=7),value=<?>,index=12>
Variable Delete,method=Main#dfs:108 <name=next_station,type=int (id=7),value=<?>,index=13>
Variable Write,context=Main#dfs:108,node1=1
Variable Write,context=Main#dfs:108,node2=2
Variable Write,context=Main#dfs:108,cost=25
Variable Write,context=Main#dfs:108,next_station=-1
Variable Write,context=Main#dfs:108,i=2
Variable Delete,method=Main#dfs:108 <name=node1,type=int (id=7),value=<?>,index=10>
Variable Delete,method=Main#dfs:108 <name=node2,type=int (id=7),value=<?>,index=11>
Variable Delete,method=Main#dfs:108 <name=cost,type=int (id=7),value=<?>,index=12>
Variable Delete,method=Main#dfs:108 <name=next_station,type=int (id=7),value=<?>,index=13>
Variable Write,context=Main#dfs:108,i=3
Variable Write,context=Main#dfs:108,i=4
Variable Write,context=Main#dfs:108,i=5
Variable Write,context=Main#dfs:108,node1=4
Variable Write,context=Main#dfs:108,node2=8
Variable Write,context=Main#dfs:108,cost=68
Variable Write,context=Main#dfs:108,next_station=-1
Variable Write,context=Main#dfs:108,i=6
Variable Delete,method=Main#dfs:108 <name=node1,type=int (id=7),value=<?>,index=10>
Variable Delete,method=Main#dfs:108 <name=node2,type=int (id=7),value=<?>,index=11>
Variable Delete,method=Main#dfs:108 <name=cost,type=int (id=7),value=<?>,index=12>
Variable Delete,method=Main#dfs:108 <name=next_station,type=int (id=7),value=<?>,index=13>
Variable Write,context=Main#dfs:108,i=7
Variable Write,context=Main#dfs:108,node1=5
Variable Write,context=Main#dfs:108,node2=8
Variable Write,context=Main#dfs:108,cost=67
Variable Write,context=Main#dfs:108,next_station=-1
Variable Write,context=Main#dfs:108,i=8
Variable Delete,method=Main#dfs:108 <name=node1,type=int (id=7),value=<?>,index=10>
Variable Delete,method=Main#dfs:108 <name=node2,type=int (id=7),value=<?>,index=11>
Variable Delete,method=Main#dfs:108 <name=cost,type=int (id=7),value=<?>,index=12>
Variable Delete,method=Main#dfs:108 <name=next_station,type=int (id=7),value=<?>,index=13>
Variable Write,context=Main#dfs:108,node1=7
Variable Write,context=Main#dfs:108,node2=8
Variable Write,context=Main#dfs:108,cost=44
Variable Write,context=Main#dfs:108,next_station=-1
Variable Write,context=Main#dfs:108,i=9
Variable Delete,method=Main#dfs:108 <name=node1,type=int (id=7),value=<?>,index=10>
Variable Delete,method=Main#dfs:108 <name=node2,type=int (id=7),value=<?>,index=11>
Variable Delete,method=Main#dfs:108 <name=cost,type=int (id=7),value=<?>,index=12>
Variable Delete,method=Main#dfs:108 <name=next_station,type=int (id=7),value=<?>,index=13>
Variable Write,context=Main#dfs:108,node1=8
Variable Write,context=Main#dfs:108,node2=9
Variable Write,context=Main#dfs:108,cost=21
Variable Write,context=Main#dfs:108,next_station=-1
Variable Delete,method=Main#dfs:108 <name=node1,type=int (id=7),value=<?>,index=10>
Variable Delete,method=Main#dfs:108 <name=node2,type=int (id=7),value=<?>,index=11>
Variable Delete,method=Main#dfs:108 <name=cost,type=int (id=7),value=<?>,index=12>
Variable Delete,method=Main#dfs:108 <name=next_station,type=int (id=7),value=<?>,index=13>
Variable Delete,method=Main#dfs:108 <name=i,type=int (id=7),value=<?>,index=9>
Variable Write,context=Main#dfs:108,result=0
Method Exit,returner=Main#dfs:108,value=0
Variable Write,context=Main#dfs:107,ret=80
Variable Write,context=Main#dfs:107,max_next_path=6
Variable Write,context=Main#dfs:107,max_cost=80
Variable Write,context=Main#dfs:107,max_next_station=6
Variable Write,context=Main#dfs:107,i=7
Variable Delete,method=Main#dfs:107 <name=node1,type=int (id=7),value=<?>,index=10>
Variable Delete,method=Main#dfs:107 <name=node2,type=int (id=7),value=<?>,index=11>
Variable Delete,method=Main#dfs:107 <name=cost,type=int (id=7),value=<?>,index=12>
Variable Delete,method=Main#dfs:107 <name=next_station,type=int (id=7),value=<?>,index=13>
Variable Delete,method=Main#dfs:107 <name=ret,type=int (id=7),value=<?>,index=14>
Variable Write,context=Main#dfs:107,node1=5
Variable Write,context=Main#dfs:107,node2=8
Variable Write,context=Main#dfs:107,cost=67
Variable Write,context=Main#dfs:107,next_station=-1
Variable Write,context=Main#dfs:107,next_station=8
Method Call,caller=Main#dfs:107,target=Main#dfs:109
Variable Write,context=Main#dfs:109,next=int[][]:1
Variable Write,context=Main#dfs:109,adj_list=int[][]:3
Variable Write,context=Main#dfs:109,nl=10
Variable Write,context=Main#dfs:109,bit=156
Variable Write,context=Main#dfs:109,cur_station=8
Variable Write,context=Main#dfs:109,ns=10
Variable Write,context=Main#dfs:109,max_next_path=2147483647
Variable Write,context=Main#dfs:109,max_next_station=2147483647
Variable Write,context=Main#dfs:109,max_cost=0
Variable Write,context=Main#dfs:109,i=0
Variable Write,context=Main#dfs:109,node1=0
Variable Write,context=Main#dfs:109,node2=1
Variable Write,context=Main#dfs:109,cost=11
Variable Write,context=Main#dfs:109,next_station=-1
Variable Write,context=Main#dfs:109,i=1
Variable Delete,method=Main#dfs:109 <name=node1,type=int (id=7),value=<?>,index=10>
Variable Delete,method=Main#dfs:109 <name=node2,type=int (id=7),value=<?>,index=11>
Variable Delete,method=Main#dfs:109 <name=cost,type=int (id=7),value=<?>,index=12>
Variable Delete,method=Main#dfs:109 <name=next_station,type=int (id=7),value=<?>,index=13>
Variable Write,context=Main#dfs:109,node1=1
Variable Write,context=Main#dfs:109,node2=2
Variable Write,context=Main#dfs:109,cost=25
Variable Write,context=Main#dfs:109,next_station=-1
Variable Write,context=Main#dfs:109,i=2
Variable Delete,method=Main#dfs:109 <name=node1,type=int (id=7),value=<?>,index=10>
Variable Delete,method=Main#dfs:109 <name=node2,type=int (id=7),value=<?>,index=11>
Variable Delete,method=Main#dfs:109 <name=cost,type=int (id=7),value=<?>,index=12>
Variable Delete,method=Main#dfs:109 <name=next_station,type=int (id=7),value=<?>,index=13>
Variable Write,context=Main#dfs:109,i=3
Variable Write,context=Main#dfs:109,i=4
Variable Write,context=Main#dfs:109,i=5
Variable Write,context=Main#dfs:109,node1=4
Variable Write,context=Main#dfs:109,node2=8
Variable Write,context=Main#dfs:109,cost=68
Variable Write,context=Main#dfs:109,next_station=-1
Variable Write,context=Main#dfs:109,next_station=4
Method Call,caller=Main#dfs:109,target=Main#dfs:110
Variable Write,context=Main#dfs:110,next=int[][]:1
Variable Write,context=Main#dfs:110,adj_list=int[][]:3
Variable Write,context=Main#dfs:110,nl=10
Variable Write,context=Main#dfs:110,bit=188
Variable Write,context=Main#dfs:110,cur_station=4
Variable Write,context=Main#dfs:110,ns=10
Variable Write,context=Main#dfs:110,max_next_path=2147483647
Variable Write,context=Main#dfs:110,max_next_station=2147483647
Variable Write,context=Main#dfs:110,max_cost=0
Variable Write,context=Main#dfs:110,i=0
Variable Write,context=Main#dfs:110,node1=0
Variable Write,context=Main#dfs:110,node2=1
Variable Write,context=Main#dfs:110,cost=11
Variable Write,context=Main#dfs:110,next_station=-1
Variable Write,context=Main#dfs:110,i=1
Variable Delete,method=Main#dfs:110 <name=node1,type=int (id=7),value=<?>,index=10>
Variable Delete,method=Main#dfs:110 <name=node2,type=int (id=7),value=<?>,index=11>
Variable Delete,method=Main#dfs:110 <name=cost,type=int (id=7),value=<?>,index=12>
Variable Delete,method=Main#dfs:110 <name=next_station,type=int (id=7),value=<?>,index=13>
Variable Write,context=Main#dfs:110,node1=1
Variable Write,context=Main#dfs:110,node2=2
Variable Write,context=Main#dfs:110,cost=25
Variable Write,context=Main#dfs:110,next_station=-1
Variable Write,context=Main#dfs:110,i=2
Variable Delete,method=Main#dfs:110 <name=node1,type=int (id=7),value=<?>,index=10>
Variable Delete,method=Main#dfs:110 <name=node2,type=int (id=7),value=<?>,index=11>
Variable Delete,method=Main#dfs:110 <name=cost,type=int (id=7),value=<?>,index=12>
Variable Delete,method=Main#dfs:110 <name=next_station,type=int (id=7),value=<?>,index=13>
Variable Write,context=Main#dfs:110,i=3
Variable Write,context=Main#dfs:110,i=4
Variable Write,context=Main#dfs:110,i=5
Variable Write,context=Main#dfs:110,i=6
Variable Write,context=Main#dfs:110,node1=5
Variable Write,context=Main#dfs:110,node2=6
Variable Write,context=Main#dfs:110,cost=80
Variable Write,context=Main#dfs:110,next_station=-1
Variable Write,context=Main#dfs:110,i=7
Variable Delete,method=Main#dfs:110 <name=node1,type=int (id=7),value=<?>,index=10>
Variable Delete,method=Main#dfs:110 <name=node2,type=int (id=7),value=<?>,index=11>
Variable Delete,method=Main#dfs:110 <name=cost,type=int (id=7),value=<?>,index=12>
Variable Delete,method=Main#dfs:110 <name=next_station,type=int (id=7),value=<?>,index=13>
Variable Write,context=Main#dfs:110,i=8
Variable Write,context=Main#dfs:110,node1=7
Variable Write,context=Main#dfs:110,node2=8
Variable Write,context=Main#dfs:110,cost=44
Variable Write,context=Main#dfs:110,next_station=-1
Variable Write,context=Main#dfs:110,i=9
Variable Delete,method=Main#dfs:110 <name=node1,type=int (id=7),value=<?>,index=10>
Variable Delete,method=Main#dfs:110 <name=node2,type=int (id=7),value=<?>,index=11>
Variable Delete,method=Main#dfs:110 <name=cost,type=int (id=7),value=<?>,index=12>
Variable Delete,method=Main#dfs:110 <name=next_station,type=int (id=7),value=<?>,index=13>
Variable Write,context=Main#dfs:110,node1=8
Variable Write,context=Main#dfs:110,node2=9
Variable Write,context=Main#dfs:110,cost=21
Variable Write,context=Main#dfs:110,next_station=-1
Variable Delete,method=Main#dfs:110 <name=node1,type=int (id=7),value=<?>,index=10>
Variable Delete,method=Main#dfs:110 <name=node2,type=int (id=7),value=<?>,index=11>
Variable Delete,method=Main#dfs:110 <name=cost,type=int (id=7),value=<?>,index=12>
Variable Delete,method=Main#dfs:110 <name=next_station,type=int (id=7),value=<?>,index=13>
Variable Delete,method=Main#dfs:110 <name=i,type=int (id=7),value=<?>,index=9>
Variable Write,context=Main#dfs:110,result=0
Method Exit,returner=Main#dfs:110,value=0
Variable Write,context=Main#dfs:109,ret=68
Variable Write,context=Main#dfs:109,max_next_path=5
Variable Write,context=Main#dfs:109,max_cost=68
Variable Write,context=Main#dfs:109,max_next_station=4
Variable Write,context=Main#dfs:109,i=6
Variable Delete,method=Main#dfs:109 <name=node1,type=int (id=7),value=<?>,index=10>
Variable Delete,method=Main#dfs:109 <name=node2,type=int (id=7),value=<?>,index=11>
Variable Delete,method=Main#dfs:109 <name=cost,type=int (id=7),value=<?>,index=12>
Variable Delete,method=Main#dfs:109 <name=next_station,type=int (id=7),value=<?>,index=13>
Variable Delete,method=Main#dfs:109 <name=ret,type=int (id=7),value=<?>,index=14>
Variable Write,context=Main#dfs:109,node1=5
Variable Write,context=Main#dfs:109,node2=6
Variable Write,context=Main#dfs:109,cost=80
Variable Write,context=Main#dfs:109,next_station=-1
Variable Write,context=Main#dfs:109,i=7
Variable Delete,method=Main#dfs:109 <name=node1,type=int (id=7),value=<?>,index=10>
Variable Delete,method=Main#dfs:109 <name=node2,type=int (id=7),value=<?>,index=11>
Variable Delete,method=Main#dfs:109 <name=cost,type=int (id=7),value=<?>,index=12>
Variable Delete,method=Main#dfs:109 <name=next_station,type=int (id=7),value=<?>,index=13>
Variable Write,context=Main#dfs:109,i=8
Variable Write,context=Main#dfs:109,node1=7
Variable Write,context=Main#dfs:109,node2=8
Variable Write,context=Main#dfs:109,cost=44
Variable Write,context=Main#dfs:109,next_station=-1
Variable Write,context=Main#dfs:109,next_station=7
Method Call,caller=Main#dfs:109,target=Main#dfs:111
Variable Write,context=Main#dfs:111,next=int[][]:1
Variable Write,context=Main#dfs:111,adj_list=int[][]:3
Variable Write,context=Main#dfs:111,nl=10
Variable Write,context=Main#dfs:111,bit=412
Variable Write,context=Main#dfs:111,cur_station=7
Variable Write,context=Main#dfs:111,ns=10
Variable Write,context=Main#dfs:111,max_next_path=2147483647
Variable Write,context=Main#dfs:111,max_next_station=2147483647
Variable Write,context=Main#dfs:111,max_cost=0
Variable Write,context=Main#dfs:111,i=0
Variable Write,context=Main#dfs:111,node1=0
Variable Write,context=Main#dfs:111,node2=1
Variable Write,context=Main#dfs:111,cost=11
Variable Write,context=Main#dfs:111,next_station=-1
Variable Write,context=Main#dfs:111,i=1
Variable Delete,method=Main#dfs:111 <name=node1,type=int (id=7),value=<?>,index=10>
Variable Delete,method=Main#dfs:111 <name=node2,type=int (id=7),value=<?>,index=11>
Variable Delete,method=Main#dfs:111 <name=cost,type=int (id=7),value=<?>,index=12>
Variable Delete,method=Main#dfs:111 <name=next_station,type=int (id=7),value=<?>,index=13>
Variable Write,context=Main#dfs:111,node1=1
Variable Write,context=Main#dfs:111,node2=2
Variable Write,context=Main#dfs:111,cost=25
Variable Write,context=Main#dfs:111,next_station=-1
Variable Write,context=Main#dfs:111,i=2
Variable Delete,method=Main#dfs:111 <name=node1,type=int (id=7),value=<?>,index=10>
Variable Delete,method=Main#dfs:111 <name=node2,type=int (id=7),value=<?>,index=11>
Variable Delete,method=Main#dfs:111 <name=cost,type=int (id=7),value=<?>,index=12>
Variable Delete,method=Main#dfs:111 <name=next_station,type=int (id=7),value=<?>,index=13>
Variable Write,context=Main#dfs:111,i=3
Variable Write,context=Main#dfs:111,i=4
Variable Write,context=Main#dfs:111,i=5
Variable Write,context=Main#dfs:111,node1=4
Variable Write,context=Main#dfs:111,node2=8
Variable Write,context=Main#dfs:111,cost=68
Variable Write,context=Main#dfs:111,next_station=-1
Variable Write,context=Main#dfs:111,i=6
Variable Delete,method=Main#dfs:111 <name=node1,type=int (id=7),value=<?>,index=10>
Variable Delete,method=Main#dfs:111 <name=node2,type=int (id=7),value=<?>,index=11>
Variable Delete,method=Main#dfs:111 <name=cost,type=int (id=7),value=<?>,index=12>
Variable Delete,method=Main#dfs:111 <name=next_station,type=int (id=7),value=<?>,index=13>
Variable Write,context=Main#dfs:111,node1=5
Variable Write,context=Main#dfs:111,node2=6
Variable Write,context=Main#dfs:111,cost=80
Variable Write,context=Main#dfs:111,next_station=-1
Variable Write,context=Main#dfs:111,i=7
Variable Delete,method=Main#dfs:111 <name=node1,type=int (id=7),value=<?>,index=10>
Variable Delete,method=Main#dfs:111 <name=node2,type=int (id=7),value=<?>,index=11>
Variable Delete,method=Main#dfs:111 <name=cost,type=int (id=7),value=<?>,index=12>
Variable Delete,method=Main#dfs:111 <name=next_station,type=int (id=7),value=<?>,index=13>
Variable Write,context=Main#dfs:111,i=8
Variable Write,context=Main#dfs:111,i=9
Variable Write,context=Main#dfs:111,node1=8
Variable Write,context=Main#dfs:111,node2=9
Variable Write,context=Main#dfs:111,cost=21
Variable Write,context=Main#dfs:111,next_station=-1
Variable Delete,method=Main#dfs:111 <name=node1,type=int (id=7),value=<?>,index=10>
Variable Delete,method=Main#dfs:111 <name=node2,type=int (id=7),value=<?>,index=11>
Variable Delete,method=Main#dfs:111 <name=cost,type=int (id=7),value=<?>,index=12>
Variable Delete,method=Main#dfs:111 <name=next_station,type=int (id=7),value=<?>,index=13>
Variable Delete,method=Main#dfs:111 <name=i,type=int (id=7),value=<?>,index=9>
Variable Write,context=Main#dfs:111,result=0
Method Exit,returner=Main#dfs:111,value=0
Variable Write,context=Main#dfs:109,ret=44
Variable Write,context=Main#dfs:109,i=9
Variable Delete,method=Main#dfs:109 <name=node1,type=int (id=7),value=<?>,index=10>
Variable Delete,method=Main#dfs:109 <name=node2,type=int (id=7),value=<?>,index=11>
Variable Delete,method=Main#dfs:109 <name=cost,type=int (id=7),value=<?>,index=12>
Variable Delete,method=Main#dfs:109 <name=next_station,type=int (id=7),value=<?>,index=13>
Variable Delete,method=Main#dfs:109 <name=ret,type=int (id=7),value=<?>,index=14>
Variable Write,context=Main#dfs:109,node1=8
Variable Write,context=Main#dfs:109,node2=9
Variable Write,context=Main#dfs:109,cost=21
Variable Write,context=Main#dfs:109,next_station=-1
Variable Write,context=Main#dfs:109,next_station=9
Method Call,caller=Main#dfs:109,target=Main#dfs:112
Variable Write,context=Main#dfs:112,next=int[][]:1
Variable Write,context=Main#dfs:112,adj_list=int[][]:3
Variable Write,context=Main#dfs:112,nl=10
Variable Write,context=Main#dfs:112,bit=668
Variable Write,context=Main#dfs:112,cur_station=9
Variable Write,context=Main#dfs:112,ns=10
Variable Write,context=Main#dfs:112,max_next_path=2147483647
Variable Write,context=Main#dfs:112,max_next_station=2147483647
Variable Write,context=Main#dfs:112,max_cost=0
Variable Write,context=Main#dfs:112,i=0
Variable Write,context=Main#dfs:112,node1=0
Variable Write,context=Main#dfs:112,node2=1
Variable Write,context=Main#dfs:112,cost=11
Variable Write,context=Main#dfs:112,next_station=-1
Variable Write,context=Main#dfs:112,i=1
Variable Delete,method=Main#dfs:112 <name=node1,type=int (id=7),value=<?>,index=10>
Variable Delete,method=Main#dfs:112 <name=node2,type=int (id=7),value=<?>,index=11>
Variable Delete,method=Main#dfs:112 <name=cost,type=int (id=7),value=<?>,index=12>
Variable Delete,method=Main#dfs:112 <name=next_station,type=int (id=7),value=<?>,index=13>
Variable Write,context=Main#dfs:112,node1=1
Variable Write,context=Main#dfs:112,node2=2
Variable Write,context=Main#dfs:112,cost=25
Variable Write,context=Main#dfs:112,next_station=-1
Variable Write,context=Main#dfs:112,i=2
Variable Delete,method=Main#dfs:112 <name=node1,type=int (id=7),value=<?>,index=10>
Variable Delete,method=Main#dfs:112 <name=node2,type=int (id=7),value=<?>,index=11>
Variable Delete,method=Main#dfs:112 <name=cost,type=int (id=7),value=<?>,index=12>
Variable Delete,method=Main#dfs:112 <name=next_station,type=int (id=7),value=<?>,index=13>
Variable Write,context=Main#dfs:112,i=3
Variable Write,context=Main#dfs:112,i=4
Variable Write,context=Main#dfs:112,i=5
Variable Write,context=Main#dfs:112,node1=4
Variable Write,context=Main#dfs:112,node2=8
Variable Write,context=Main#dfs:112,cost=68
Variable Write,context=Main#dfs:112,next_station=-1
Variable Write,context=Main#dfs:112,i=6
Variable Delete,method=Main#dfs:112 <name=node1,type=int (id=7),value=<?>,index=10>
Variable Delete,method=Main#dfs:112 <name=node2,type=int (id=7),value=<?>,index=11>
Variable Delete,method=Main#dfs:112 <name=cost,type=int (id=7),value=<?>,index=12>
Variable Delete,method=Main#dfs:112 <name=next_station,type=int (id=7),value=<?>,index=13>
Variable Write,context=Main#dfs:112,node1=5
Variable Write,context=Main#dfs:112,node2=6
Variable Write,context=Main#dfs:112,cost=80
Variable Write,context=Main#dfs:112,next_station=-1
Variable Write,context=Main#dfs:112,i=7
Variable Delete,method=Main#dfs:112 <name=node1,type=int (id=7),value=<?>,index=10>
Variable Delete,method=Main#dfs:112 <name=node2,type=int (id=7),value=<?>,index=11>
Variable Delete,method=Main#dfs:112 <name=cost,type=int (id=7),value=<?>,index=12>
Variable Delete,method=Main#dfs:112 <name=next_station,type=int (id=7),value=<?>,index=13>
Variable Write,context=Main#dfs:112,i=8
Variable Write,context=Main#dfs:112,node1=7
Variable Write,context=Main#dfs:112,node2=8
Variable Write,context=Main#dfs:112,cost=44
Variable Write,context=Main#dfs:112,next_station=-1
Variable Write,context=Main#dfs:112,i=9
Variable Delete,method=Main#dfs:112 <name=node1,type=int (id=7),value=<?>,index=10>
Variable Delete,method=Main#dfs:112 <name=node2,type=int (id=7),value=<?>,index=11>
Variable Delete,method=Main#dfs:112 <name=cost,type=int (id=7),value=<?>,index=12>
Variable Delete,method=Main#dfs:112 <name=next_station,type=int (id=7),value=<?>,index=13>
Variable Delete,method=Main#dfs:112 <name=i,type=int (id=7),value=<?>,index=9>
Variable Write,context=Main#dfs:112,result=0
Method Exit,returner=Main#dfs:112,value=0
Variable Write,context=Main#dfs:109,ret=21
Variable Delete,method=Main#dfs:109 <name=node1,type=int (id=7),value=<?>,index=10>
Variable Delete,method=Main#dfs:109 <name=node2,type=int (id=7),value=<?>,index=11>
Variable Delete,method=Main#dfs:109 <name=cost,type=int (id=7),value=<?>,index=12>
Variable Delete,method=Main#dfs:109 <name=next_station,type=int (id=7),value=<?>,index=13>
Variable Delete,method=Main#dfs:109 <name=ret,type=int (id=7),value=<?>,index=14>
Variable Delete,method=Main#dfs:109 <name=i,type=int (id=7),value=<?>,index=9>
Variable Write,context=Main#dfs:109,next=int[][]:1
Variable Write,context=Main#dfs:109,result=68
Method Exit,returner=Main#dfs:109,value=68
Variable Write,context=Main#dfs:107,ret=135
Variable Write,context=Main#dfs:107,max_next_path=7
Variable Write,context=Main#dfs:107,max_cost=135
Variable Write,context=Main#dfs:107,max_next_station=8
Variable Write,context=Main#dfs:107,i=8
Variable Delete,method=Main#dfs:107 <name=node1,type=int (id=7),value=<?>,index=10>
Variable Delete,method=Main#dfs:107 <name=node2,type=int (id=7),value=<?>,index=11>
Variable Delete,method=Main#dfs:107 <name=cost,type=int (id=7),value=<?>,index=12>
Variable Delete,method=Main#dfs:107 <name=next_station,type=int (id=7),value=<?>,index=13>
Variable Delete,method=Main#dfs:107 <name=ret,type=int (id=7),value=<?>,index=14>
Variable Write,context=Main#dfs:107,node1=7
Variable Write,context=Main#dfs:107,node2=8
Variable Write,context=Main#dfs:107,cost=44
Variable Write,context=Main#dfs:107,next_station=-1
Variable Write,context=Main#dfs:107,i=9
Variable Delete,method=Main#dfs:107 <name=node1,type=int (id=7),value=<?>,index=10>
Variable Delete,method=Main#dfs:107 <name=node2,type=int (id=7),value=<?>,index=11>
Variable Delete,method=Main#dfs:107 <name=cost,type=int (id=7),value=<?>,index=12>
Variable Delete,method=Main#dfs:107 <name=next_station,type=int (id=7),value=<?>,index=13>
Variable Write,context=Main#dfs:107,node1=8
Variable Write,context=Main#dfs:107,node2=9
Variable Write,context=Main#dfs:107,cost=21
Variable Write,context=Main#dfs:107,next_station=-1
Variable Delete,method=Main#dfs:107 <name=node1,type=int (id=7),value=<?>,index=10>
Variable Delete,method=Main#dfs:107 <name=node2,type=int (id=7),value=<?>,index=11>
Variable Delete,method=Main#dfs:107 <name=cost,type=int (id=7),value=<?>,index=12>
Variable Delete,method=Main#dfs:107 <name=next_station,type=int (id=7),value=<?>,index=13>
Variable Delete,method=Main#dfs:107 <name=i,type=int (id=7),value=<?>,index=9>
Variable Write,context=Main#dfs:107,next=int[][]:1
Variable Write,context=Main#dfs:107,result=135
Method Exit,returner=Main#dfs:107,value=135
Variable Write,context=Main#dfs:104,ret=217
Variable Write,context=Main#dfs:104,max_next_path=3
Variable Write,context=Main#dfs:104,max_cost=217
Variable Write,context=Main#dfs:104,max_next_station=5
Variable Write,context=Main#dfs:104,i=4
Variable Delete,method=Main#dfs:104 <name=node1,type=int (id=7),value=<?>,index=10>
Variable Delete,method=Main#dfs:104 <name=node2,type=int (id=7),value=<?>,index=11>
Variable Delete,method=Main#dfs:104 <name=cost,type=int (id=7),value=<?>,index=12>
Variable Delete,method=Main#dfs:104 <name=next_station,type=int (id=7),value=<?>,index=13>
Variable Delete,method=Main#dfs:104 <name=ret,type=int (id=7),value=<?>,index=14>
Variable Write,context=Main#dfs:104,i=5
Variable Write,context=Main#dfs:104,node1=4
Variable Write,context=Main#dfs:104,node2=8
Variable Write,context=Main#dfs:104,cost=68
Variable Write,context=Main#dfs:104,next_station=-1
Variable Write,context=Main#dfs:104,i=6
Variable Delete,method=Main#dfs:104 <name=node1,type=int (id=7),value=<?>,index=10>
Variable Delete,method=Main#dfs:104 <name=node2,type=int (id=7),value=<?>,index=11>
Variable Delete,method=Main#dfs:104 <name=cost,type=int (id=7),value=<?>,index=12>
Variable Delete,method=Main#dfs:104 <name=next_station,type=int (id=7),value=<?>,index=13>
Variable Write,context=Main#dfs:104,node1=5
Variable Write,context=Main#dfs:104,node2=6
Variable Write,context=Main#dfs:104,cost=80
Variable Write,context=Main#dfs:104,next_station=-1
Variable Write,context=Main#dfs:104,i=7
Variable Delete,method=Main#dfs:104 <name=node1,type=int (id=7),value=<?>,index=10>
Variable Delete,method=Main#dfs:104 <name=node2,type=int (id=7),value=<?>,index=11>
Variable Delete,method=Main#dfs:104 <name=cost,type=int (id=7),value=<?>,index=12>
Variable Delete,method=Main#dfs:104 <name=next_station,type=int (id=7),value=<?>,index=13>
Variable Write,context=Main#dfs:104,node1=5
Variable Write,context=Main#dfs:104,node2=8
Variable Write,context=Main#dfs:104,cost=67
Variable Write,context=Main#dfs:104,next_station=-1
Variable Write,context=Main#dfs:104,i=8
Variable Delete,method=Main#dfs:104 <name=node1,type=int (id=7),value=<?>,index=10>
Variable Delete,method=Main#dfs:104 <name=node2,type=int (id=7),value=<?>,index=11>
Variable Delete,method=Main#dfs:104 <name=cost,type=int (id=7),value=<?>,index=12>
Variable Delete,method=Main#dfs:104 <name=next_station,type=int (id=7),value=<?>,index=13>
Variable Write,context=Main#dfs:104,node1=7
Variable Write,context=Main#dfs:104,node2=8
Variable Write,context=Main#dfs:104,cost=44
Variable Write,context=Main#dfs:104,next_station=-1
Variable Write,context=Main#dfs:104,i=9
Variable Delete,method=Main#dfs:104 <name=node1,type=int (id=7),value=<?>,index=10>
Variable Delete,method=Main#dfs:104 <name=node2,type=int (id=7),value=<?>,index=11>
Variable Delete,method=Main#dfs:104 <name=cost,type=int (id=7),value=<?>,index=12>
Variable Delete,method=Main#dfs:104 <name=next_station,type=int (id=7),value=<?>,index=13>
Variable Write,context=Main#dfs:104,node1=8
Variable Write,context=Main#dfs:104,node2=9
Variable Write,context=Main#dfs:104,cost=21
Variable Write,context=Main#dfs:104,next_station=-1
Variable Delete,method=Main#dfs:104 <name=node1,type=int (id=7),value=<?>,index=10>
Variable Delete,method=Main#dfs:104 <name=node2,type=int (id=7),value=<?>,index=11>
Variable Delete,method=Main#dfs:104 <name=cost,type=int (id=7),value=<?>,index=12>
Variable Delete,method=Main#dfs:104 <name=next_station,type=int (id=7),value=<?>,index=13>
Variable Delete,method=Main#dfs:104 <name=i,type=int (id=7),value=<?>,index=9>
Variable Write,context=Main#dfs:104,next=int[][]:1
Variable Write,context=Main#dfs:104,result=217
Method Exit,returner=Main#dfs:104,value=217
Variable Write,context=Main#dfs:103,ret=298
Variable Write,context=Main#dfs:103,max_next_path=2
Variable Write,context=Main#dfs:103,max_cost=298
Variable Write,context=Main#dfs:103,max_next_station=1
Variable Write,context=Main#dfs:103,i=3
Variable Delete,method=Main#dfs:103 <name=node1,type=int (id=7),value=<?>,index=10>
Variable Delete,method=Main#dfs:103 <name=node2,type=int (id=7),value=<?>,index=11>
Variable Delete,method=Main#dfs:103 <name=cost,type=int (id=7),value=<?>,index=12>
Variable Delete,method=Main#dfs:103 <name=next_station,type=int (id=7),value=<?>,index=13>
Variable Delete,method=Main#dfs:103 <name=ret,type=int (id=7),value=<?>,index=14>
Variable Write,context=Main#dfs:103,node1=1
Variable Write,context=Main#dfs:103,node2=5
Variable Write,context=Main#dfs:103,cost=82
Variable Write,context=Main#dfs:103,next_station=-1
Variable Write,context=Main#dfs:103,i=4
Variable Delete,method=Main#dfs:103 <name=node1,type=int (id=7),value=<?>,index=10>
Variable Delete,method=Main#dfs:103 <name=node2,type=int (id=7),value=<?>,index=11>
Variable Delete,method=Main#dfs:103 <name=cost,type=int (id=7),value=<?>,index=12>
Variable Delete,method=Main#dfs:103 <name=next_station,type=int (id=7),value=<?>,index=13>
Variable Write,context=Main#dfs:103,i=5
Variable Write,context=Main#dfs:103,node1=4
Variable Write,context=Main#dfs:103,node2=8
Variable Write,context=Main#dfs:103,cost=68
Variable Write,context=Main#dfs:103,next_station=-1
Variable Write,context=Main#dfs:103,next_station=8
Method Call,caller=Main#dfs:103,target=Main#dfs:113
Variable Write,context=Main#dfs:113,next=int[][]:1
Variable Write,context=Main#dfs:113,adj_list=int[][]:3
Variable Write,context=Main#dfs:113,nl=10
Variable Write,context=Main#dfs:113,bit=48
Variable Write,context=Main#dfs:113,cur_station=8
Variable Write,context=Main#dfs:113,ns=10
Variable Write,context=Main#dfs:113,max_next_path=2147483647
Variable Write,context=Main#dfs:113,max_next_station=2147483647
Variable Write,context=Main#dfs:113,max_cost=0
Variable Write,context=Main#dfs:113,i=0
Variable Write,context=Main#dfs:113,node1=0
Variable Write,context=Main#dfs:113,node2=1
Variable Write,context=Main#dfs:113,cost=11
Variable Write,context=Main#dfs:113,next_station=-1
Variable Write,context=Main#dfs:113,i=1
Variable Delete,method=Main#dfs:113 <name=node1,type=int (id=7),value=<?>,index=10>
Variable Delete,method=Main#dfs:113 <name=node2,type=int (id=7),value=<?>,index=11>
Variable Delete,method=Main#dfs:113 <name=cost,type=int (id=7),value=<?>,index=12>
Variable Delete,method=Main#dfs:113 <name=next_station,type=int (id=7),value=<?>,index=13>
Variable Write,context=Main#dfs:113,node1=1
Variable Write,context=Main#dfs:113,node2=2
Variable Write,context=Main#dfs:113,cost=25
Variable Write,context=Main#dfs:113,next_station=-1
Variable Write,context=Main#dfs:113,i=2
Variable Delete,method=Main#dfs:113 <name=node1,type=int (id=7),value=<?>,index=10>
Variable Delete,method=Main#dfs:113 <name=node2,type=int (id=7),value=<?>,index=11>
Variable Delete,method=Main#dfs:113 <name=cost,type=int (id=7),value=<?>,index=12>
Variable Delete,method=Main#dfs:113 <name=next_station,type=int (id=7),value=<?>,index=13>
Variable Write,context=Main#dfs:113,node1=1
Variable Write,context=Main#dfs:113,node2=4
Variable Write,context=Main#dfs:113,cost=81
Variable Write,context=Main#dfs:113,next_station=-1
Variable Write,context=Main#dfs:113,i=3
Variable Delete,method=Main#dfs:113 <name=node1,type=int (id=7),value=<?>,index=10>
Variable Delete,method=Main#dfs:113 <name=node2,type=int (id=7),value=<?>,index=11>
Variable Delete,method=Main#dfs:113 <name=cost,type=int (id=7),value=<?>,index=12>
Variable Delete,method=Main#dfs:113 <name=next_station,type=int (id=7),value=<?>,index=13>
Variable Write,context=Main#dfs:113,node1=1
Variable Write,context=Main#dfs:113,node2=5
Variable Write,context=Main#dfs:113,cost=82
Variable Write,context=Main#dfs:113,next_station=-1
Variable Write,context=Main#dfs:113,i=4
Variable Delete,method=Main#dfs:113 <name=node1,type=int (id=7),value=<?>,index=10>
Variable Delete,method=Main#dfs:113 <name=node2,type=int (id=7),value=<?>,index=11>
Variable Delete,method=Main#dfs:113 <name=cost,type=int (id=7),value=<?>,index=12>
Variable Delete,method=Main#dfs:113 <name=next_station,type=int (id=7),value=<?>,index=13>
Variable Write,context=Main#dfs:113,i=5
Variable Write,context=Main#dfs:113,i=6
Variable Write,context=Main#dfs:113,node1=5
Variable Write,context=Main#dfs:113,node2=6
Variable Write,context=Main#dfs:113,cost=80
Variable Write,context=Main#dfs:113,next_station=-1
Variable Write,context=Main#dfs:113,i=7
Variable Delete,method=Main#dfs:113 <name=node1,type=int (id=7),value=<?>,index=10>
Variable Delete,method=Main#dfs:113 <name=node2,type=int (id=7),value=<?>,index=11>
Variable Delete,method=Main#dfs:113 <name=cost,type=int (id=7),value=<?>,index=12>
Variable Delete,method=Main#dfs:113 <name=next_station,type=int (id=7),value=<?>,index=13>
Variable Write,context=Main#dfs:113,node1=5
Variable Write,context=Main#dfs:113,node2=8
Variable Write,context=Main#dfs:113,cost=67
Variable Write,context=Main#dfs:113,next_station=-1
Variable Write,context=Main#dfs:113,next_station=5
Method Call,caller=Main#dfs:113,target=Main#dfs:114
Variable Write,context=Main#dfs:114,next=int[][]:1
Variable Write,context=Main#dfs:114,adj_list=int[][]:3
Variable Write,context=Main#dfs:114,nl=10
Variable Write,context=Main#dfs:114,bit=176
Variable Write,context=Main#dfs:114,cur_station=5
Variable Write,context=Main#dfs:114,ns=10
Variable Write,context=Main#dfs:114,max_next_path=2147483647
Variable Write,context=Main#dfs:114,max_next_station=2147483647
Variable Write,context=Main#dfs:114,max_cost=0
Variable Write,context=Main#dfs:114,i=0
Variable Write,context=Main#dfs:114,node1=0
Variable Write,context=Main#dfs:114,node2=1
Variable Write,context=Main#dfs:114,cost=11
Variable Write,context=Main#dfs:114,next_station=-1
Variable Write,context=Main#dfs:114,i=1
Variable Delete,method=Main#dfs:114 <name=node1,type=int (id=7),value=<?>,index=10>
Variable Delete,method=Main#dfs:114 <name=node2,type=int (id=7),value=<?>,index=11>
Variable Delete,method=Main#dfs:114 <name=cost,type=int (id=7),value=<?>,index=12>
Variable Delete,method=Main#dfs:114 <name=next_station,type=int (id=7),value=<?>,index=13>
Variable Write,context=Main#dfs:114,node1=1
Variable Write,context=Main#dfs:114,node2=2
Variable Write,context=Main#dfs:114,cost=25
Variable Write,context=Main#dfs:114,next_station=-1
Variable Write,context=Main#dfs:114,i=2
Variable Delete,method=Main#dfs:114 <name=node1,type=int (id=7),value=<?>,index=10>
Variable Delete,method=Main#dfs:114 <name=node2,type=int (id=7),value=<?>,index=11>
Variable Delete,method=Main#dfs:114 <name=cost,type=int (id=7),value=<?>,index=12>
Variable Delete,method=Main#dfs:114 <name=next_station,type=int (id=7),value=<?>,index=13>
Variable Write,context=Main#dfs:114,node1=1
Variable Write,context=Main#dfs:114,node2=4
Variable Write,context=Main#dfs:114,cost=81
Variable Write,context=Main#dfs:114,next_station=-1
Variable Write,context=Main#dfs:114,i=3
Variable Delete,method=Main#dfs:114 <name=node1,type=int (id=7),value=<?>,index=10>
Variable Delete,method=Main#dfs:114 <name=node2,type=int (id=7),value=<?>,index=11>
Variable Delete,method=Main#dfs:114 <name=cost,type=int (id=7),value=<?>,index=12>
Variable Delete,method=Main#dfs:114 <name=next_station,type=int (id=7),value=<?>,index=13>
Variable Write,context=Main#dfs:114,node1=1
Variable Write,context=Main#dfs:114,node2=5
Variable Write,context=Main#dfs:114,cost=82
Variable Write,context=Main#dfs:114,next_station=-1
Variable Write,context=Main#dfs:114,next_station=1
Method Call,caller=Main#dfs:114,target=Main#dfs:115
Variable Write,context=Main#dfs:115,next=int[][]:1
Variable Write,context=Main#dfs:115,adj_list=int[][]:3
Variable Write,context=Main#dfs:115,nl=10
Variable Write,context=Main#dfs:115,bit=184
Variable Write,context=Main#dfs:115,cur_station=1
Variable Write,context=Main#dfs:115,ns=10
Variable Write,context=Main#dfs:115,max_next_path=2147483647
Variable Write,context=Main#dfs:115,max_next_station=2147483647
Variable Write,context=Main#dfs:115,max_cost=0
Variable Write,context=Main#dfs:115,i=0
Variable Write,context=Main#dfs:115,node1=0
Variable Write,context=Main#dfs:115,node2=1
Variable Write,context=Main#dfs:115,cost=11
Variable Write,context=Main#dfs:115,next_station=-1
Variable Write,context=Main#dfs:115,next_station=0
Method Call,caller=Main#dfs:115,target=Main#dfs:116
Variable Write,context=Main#dfs:116,next=int[][]:1
Variable Write,context=Main#dfs:116,adj_list=int[][]:3
Variable Write,context=Main#dfs:116,nl=10
Variable Write,context=Main#dfs:116,bit=185
Variable Write,context=Main#dfs:116,cur_station=0
Variable Write,context=Main#dfs:116,ns=10
Variable Write,context=Main#dfs:116,max_next_path=2147483647
Variable Write,context=Main#dfs:116,max_next_station=2147483647
Variable Write,context=Main#dfs:116,max_cost=0
Variable Write,context=Main#dfs:116,i=0
Variable Write,context=Main#dfs:116,i=1
Variable Write,context=Main#dfs:116,node1=1
Variable Write,context=Main#dfs:116,node2=2
Variable Write,context=Main#dfs:116,cost=25
Variable Write,context=Main#dfs:116,next_station=-1
Variable Write,context=Main#dfs:116,i=2
Variable Delete,method=Main#dfs:116 <name=node1,type=int (id=7),value=<?>,index=10>
Variable Delete,method=Main#dfs:116 <name=node2,type=int (id=7),value=<?>,index=11>
Variable Delete,method=Main#dfs:116 <name=cost,type=int (id=7),value=<?>,index=12>
Variable Delete,method=Main#dfs:116 <name=next_station,type=int (id=7),value=<?>,index=13>
Variable Write,context=Main#dfs:116,node1=1
Variable Write,context=Main#dfs:116,node2=4
Variable Write,context=Main#dfs:116,cost=81
Variable Write,context=Main#dfs:116,next_station=-1
Variable Write,context=Main#dfs:116,i=3
Variable Delete,method=Main#dfs:116 <name=node1,type=int (id=7),value=<?>,index=10>
Variable Delete,method=Main#dfs:116 <name=node2,type=int (id=7),value=<?>,index=11>
Variable Delete,method=Main#dfs:116 <name=cost,type=int (id=7),value=<?>,index=12>
Variable Delete,method=Main#dfs:116 <name=next_station,type=int (id=7),value=<?>,index=13>
Variable Write,context=Main#dfs:116,i=4
Variable Write,context=Main#dfs:116,i=5
Variable Write,context=Main#dfs:116,i=6
Variable Write,context=Main#dfs:116,node1=5
Variable Write,context=Main#dfs:116,node2=6
Variable Write,context=Main#dfs:116,cost=80
Variable Write,context=Main#dfs:116,next_station=-1
Variable Write,context=Main#dfs:116,i=7
Variable Delete,method=Main#dfs:116 <name=node1,type=int (id=7),value=<?>,index=10>
Variable Delete,method=Main#dfs:116 <name=node2,type=int (id=7),value=<?>,index=11>
Variable Delete,method=Main#dfs:116 <name=cost,type=int (id=7),value=<?>,index=12>
Variable Delete,method=Main#dfs:116 <name=next_station,type=int (id=7),value=<?>,index=13>
Variable Write,context=Main#dfs:116,i=8
Variable Write,context=Main#dfs:116,node1=7
Variable Write,context=Main#dfs:116,node2=8
Variable Write,context=Main#dfs:116,cost=44
Variable Write,context=Main#dfs:116,next_station=-1
Variable Write,context=Main#dfs:116,i=9
Variable Delete,method=Main#dfs:116 <name=node1,type=int (id=7),value=<?>,index=10>
Variable Delete,method=Main#dfs:116 <name=node2,type=int (id=7),value=<?>,index=11>
Variable Delete,method=Main#dfs:116 <name=cost,type=int (id=7),value=<?>,index=12>
Variable Delete,method=Main#dfs:116 <name=next_station,type=int (id=7),value=<?>,index=13>
Variable Write,context=Main#dfs:116,node1=8
Variable Write,context=Main#dfs:116,node2=9
Variable Write,context=Main#dfs:116,cost=21
Variable Write,context=Main#dfs:116,next_station=-1
Variable Delete,method=Main#dfs:116 <name=node1,type=int (id=7),value=<?>,index=10>
Variable Delete,method=Main#dfs:116 <name=node2,type=int (id=7),value=<?>,index=11>
Variable Delete,method=Main#dfs:116 <name=cost,type=int (id=7),value=<?>,index=12>
Variable Delete,method=Main#dfs:116 <name=next_station,type=int (id=7),value=<?>,index=13>
Variable Delete,method=Main#dfs:116 <name=i,type=int (id=7),value=<?>,index=9>
Variable Write,context=Main#dfs:116,result=0
Method Exit,returner=Main#dfs:116,value=0
Variable Write,context=Main#dfs:115,ret=11
Variable Write,context=Main#dfs:115,max_next_path=0
Variable Write,context=Main#dfs:115,max_cost=11
Variable Write,context=Main#dfs:115,max_next_station=0
Variable Write,context=Main#dfs:115,i=1
Variable Delete,method=Main#dfs:115 <name=node1,type=int (id=7),value=<?>,index=10>
Variable Delete,method=Main#dfs:115 <name=node2,type=int (id=7),value=<?>,index=11>
Variable Delete,method=Main#dfs:115 <name=cost,type=int (id=7),value=<?>,index=12>
Variable Delete,method=Main#dfs:115 <name=next_station,type=int (id=7),value=<?>,index=13>
Variable Delete,method=Main#dfs:115 <name=ret,type=int (id=7),value=<?>,index=14>
Variable Write,context=Main#dfs:115,node1=1
Variable Write,context=Main#dfs:115,node2=2
Variable Write,context=Main#dfs:115,cost=25
Variable Write,context=Main#dfs:115,next_station=-1
Variable Write,context=Main#dfs:115,next_station=2
Method Call,caller=Main#dfs:115,target=Main#dfs:117
Variable Write,context=Main#dfs:117,next=int[][]:1
Variable Write,context=Main#dfs:117,adj_list=int[][]:3
Variable Write,context=Main#dfs:117,nl=10
Variable Write,context=Main#dfs:117,bit=186
Variable Write,context=Main#dfs:117,cur_station=2
Variable Write,context=Main#dfs:117,ns=10
Variable Write,context=Main#dfs:117,max_next_path=2147483647
Variable Write,context=Main#dfs:117,max_next_station=2147483647
Variable Write,context=Main#dfs:117,max_cost=0
Variable Write,context=Main#dfs:117,i=0
Variable Write,context=Main#dfs:117,node1=0
Variable Write,context=Main#dfs:117,node2=1
Variable Write,context=Main#dfs:117,cost=11
Variable Write,context=Main#dfs:117,next_station=-1
Variable Write,context=Main#dfs:117,i=1
Variable Delete,method=Main#dfs:117 <name=node1,type=int (id=7),value=<?>,index=10>
Variable Delete,method=Main#dfs:117 <name=node2,type=int (id=7),value=<?>,index=11>
Variable Delete,method=Main#dfs:117 <name=cost,type=int (id=7),value=<?>,index=12>
Variable Delete,method=Main#dfs:117 <name=next_station,type=int (id=7),value=<?>,index=13>
Variable Write,context=Main#dfs:117,i=2
Variable Write,context=Main#dfs:117,node1=1
Variable Write,context=Main#dfs:117,node2=4
Variable Write,context=Main#dfs:117,cost=81
Variable Write,context=Main#dfs:117,next_station=-1
Variable Write,context=Main#dfs:117,i=3
Variable Delete,method=Main#dfs:117 <name=node1,type=int (id=7),value=<?>,index=10>
Variable Delete,method=Main#dfs:117 <name=node2,type=int (id=7),value=<?>,index=11>
Variable Delete,method=Main#dfs:117 <name=cost,type=int (id=7),value=<?>,index=12>
Variable Delete,method=Main#dfs:117 <name=next_station,type=int (id=7),value=<?>,index=13>
Variable Write,context=Main#dfs:117,i=4
Variable Write,context=Main#dfs:117,i=5
Variable Write,context=Main#dfs:117,i=6
Variable Write,context=Main#dfs:117,node1=5
Variable Write,context=Main#dfs:117,node2=6
Variable Write,context=Main#dfs:117,cost=80
Variable Write,context=Main#dfs:117,next_station=-1
Variable Write,context=Main#dfs:117,i=7
Variable Delete,method=Main#dfs:117 <name=node1,type=int (id=7),value=<?>,index=10>
Variable Delete,method=Main#dfs:117 <name=node2,type=int (id=7),value=<?>,index=11>
Variable Delete,method=Main#dfs:117 <name=cost,type=int (id=7),value=<?>,index=12>
Variable Delete,method=Main#dfs:117 <name=next_station,type=int (id=7),value=<?>,index=13>
Variable Write,context=Main#dfs:117,i=8
Variable Write,context=Main#dfs:117,node1=7
Variable Write,context=Main#dfs:117,node2=8
Variable Write,context=Main#dfs:117,cost=44
Variable Write,context=Main#dfs:117,next_station=-1
Variable Write,context=Main#dfs:117,i=9
Variable Delete,method=Main#dfs:117 <name=node1,type=int (id=7),value=<?>,index=10>
Variable Delete,method=Main#dfs:117 <name=node2,type=int (id=7),value=<?>,index=11>
Variable Delete,method=Main#dfs:117 <name=cost,type=int (id=7),value=<?>,index=12>
Variable Delete,method=Main#dfs:117 <name=next_station,type=int (id=7),value=<?>,index=13>
Variable Write,context=Main#dfs:117,node1=8
Variable Write,context=Main#dfs:117,node2=9
Variable Write,context=Main#dfs:117,cost=21
Variable Write,context=Main#dfs:117,next_station=-1
Variable Delete,method=Main#dfs:117 <name=node1,type=int (id=7),value=<?>,index=10>
Variable Delete,method=Main#dfs:117 <name=node2,type=int (id=7),value=<?>,index=11>
Variable Delete,method=Main#dfs:117 <name=cost,type=int (id=7),value=<?>,index=12>
Variable Delete,method=Main#dfs:117 <name=next_station,type=int (id=7),value=<?>,index=13>
Variable Delete,method=Main#dfs:117 <name=i,type=int (id=7),value=<?>,index=9>
Variable Write,context=Main#dfs:117,result=0
Method Exit,returner=Main#dfs:117,value=0
Variable Write,context=Main#dfs:115,ret=25
Variable Write,context=Main#dfs:115,max_next_path=1
Variable Write,context=Main#dfs:115,max_cost=25
Variable Write,context=Main#dfs:115,max_next_station=2
Variable Write,context=Main#dfs:115,i=2
Variable Delete,method=Main#dfs:115 <name=node1,type=int (id=7),value=<?>,index=10>
Variable Delete,method=Main#dfs:115 <name=node2,type=int (id=7),value=<?>,index=11>
Variable Delete,method=Main#dfs:115 <name=cost,type=int (id=7),value=<?>,index=12>
Variable Delete,method=Main#dfs:115 <name=next_station,type=int (id=7),value=<?>,index=13>
Variable Delete,method=Main#dfs:115 <name=ret,type=int (id=7),value=<?>,index=14>
Variable Write,context=Main#dfs:115,node1=1
Variable Write,context=Main#dfs:115,node2=4
Variable Write,context=Main#dfs:115,cost=81
Variable Write,context=Main#dfs:115,next_station=-1
Variable Write,context=Main#dfs:115,next_station=4
Method Call,caller=Main#dfs:115,target=Main#dfs:118
Variable Write,context=Main#dfs:118,next=int[][]:1
Variable Write,context=Main#dfs:118,adj_list=int[][]:3
Variable Write,context=Main#dfs:118,nl=10
Variable Write,context=Main#dfs:118,bit=188
Variable Write,context=Main#dfs:118,cur_station=4
Variable Write,context=Main#dfs:118,ns=10
Variable Write,context=Main#dfs:118,max_next_path=2147483647
Variable Write,context=Main#dfs:118,max_next_station=2147483647
Variable Write,context=Main#dfs:118,max_cost=0
Variable Write,context=Main#dfs:118,i=0
Variable Write,context=Main#dfs:118,node1=0
Variable Write,context=Main#dfs:118,node2=1
Variable Write,context=Main#dfs:118,cost=11
Variable Write,context=Main#dfs:118,next_station=-1
Variable Write,context=Main#dfs:118,i=1
Variable Delete,method=Main#dfs:118 <name=node1,type=int (id=7),value=<?>,index=10>
Variable Delete,method=Main#dfs:118 <name=node2,type=int (id=7),value=<?>,index=11>
Variable Delete,method=Main#dfs:118 <name=cost,type=int (id=7),value=<?>,index=12>
Variable Delete,method=Main#dfs:118 <name=next_station,type=int (id=7),value=<?>,index=13>
Variable Write,context=Main#dfs:118,node1=1
Variable Write,context=Main#dfs:118,node2=2
Variable Write,context=Main#dfs:118,cost=25
Variable Write,context=Main#dfs:118,next_station=-1
Variable Write,context=Main#dfs:118,i=2
Variable Delete,method=Main#dfs:118 <name=node1,type=int (id=7),value=<?>,index=10>
Variable Delete,method=Main#dfs:118 <name=node2,type=int (id=7),value=<?>,index=11>
Variable Delete,method=Main#dfs:118 <name=cost,type=int (id=7),value=<?>,index=12>
Variable Delete,method=Main#dfs:118 <name=next_station,type=int (id=7),value=<?>,index=13>
Variable Write,context=Main#dfs:118,i=3
Variable Write,context=Main#dfs:118,i=4
Variable Write,context=Main#dfs:118,i=5
Variable Write,context=Main#dfs:118,i=6
Variable Write,context=Main#dfs:118,node1=5
Variable Write,context=Main#dfs:118,node2=6
Variable Write,context=Main#dfs:118,cost=80
Variable Write,context=Main#dfs:118,next_station=-1
Variable Write,context=Main#dfs:118,i=7
Variable Delete,method=Main#dfs:118 <name=node1,type=int (id=7),value=<?>,index=10>
Variable Delete,method=Main#dfs:118 <name=node2,type=int (id=7),value=<?>,index=11>
Variable Delete,method=Main#dfs:118 <name=cost,type=int (id=7),value=<?>,index=12>
Variable Delete,method=Main#dfs:118 <name=next_station,type=int (id=7),value=<?>,index=13>
Variable Write,context=Main#dfs:118,i=8
Variable Write,context=Main#dfs:118,node1=7
Variable Write,context=Main#dfs:118,node2=8
Variable Write,context=Main#dfs:118,cost=44
Variable Write,context=Main#dfs:118,next_station=-1
Variable Write,context=Main#dfs:118,i=9
Variable Delete,method=Main#dfs:118 <name=node1,type=int (id=7),value=<?>,index=10>
Variable Delete,method=Main#dfs:118 <name=node2,type=int (id=7),value=<?>,index=11>
Variable Delete,method=Main#dfs:118 <name=cost,type=int (id=7),value=<?>,index=12>
Variable Delete,method=Main#dfs:118 <name=next_station,type=int (id=7),value=<?>,index=13>
Variable Write,context=Main#dfs:118,node1=8
Variable Write,context=Main#dfs:118,node2=9
Variable Write,context=Main#dfs:118,cost=21
Variable Write,context=Main#dfs:118,next_station=-1
Variable Delete,method=Main#dfs:118 <name=node1,type=int (id=7),value=<?>,index=10>
Variable Delete,method=Main#dfs:118 <name=node2,type=int (id=7),value=<?>,index=11>
Variable Delete,method=Main#dfs:118 <name=cost,type=int (id=7),value=<?>,index=12>
Variable Delete,method=Main#dfs:118 <name=next_station,type=int (id=7),value=<?>,index=13>
Variable Delete,method=Main#dfs:118 <name=i,type=int (id=7),value=<?>,index=9>
Variable Write,context=Main#dfs:118,result=0
Method Exit,returner=Main#dfs:118,value=0
Variable Write,context=Main#dfs:115,ret=81
Variable Write,context=Main#dfs:115,max_next_path=2
Variable Write,context=Main#dfs:115,max_cost=81
Variable Write,context=Main#dfs:115,max_next_station=4
Variable Write,context=Main#dfs:115,i=3
Variable Delete,method=Main#dfs:115 <name=node1,type=int (id=7),value=<?>,index=10>
Variable Delete,method=Main#dfs:115 <name=node2,type=int (id=7),value=<?>,index=11>
Variable Delete,method=Main#dfs:115 <name=cost,type=int (id=7),value=<?>,index=12>
Variable Delete,method=Main#dfs:115 <name=next_station,type=int (id=7),value=<?>,index=13>
Variable Delete,method=Main#dfs:115 <name=ret,type=int (id=7),value=<?>,index=14>
Variable Write,context=Main#dfs:115,i=4
Variable Write,context=Main#dfs:115,i=5
Variable Write,context=Main#dfs:115,i=6
Variable Write,context=Main#dfs:115,node1=5
Variable Write,context=Main#dfs:115,node2=6
Variable Write,context=Main#dfs:115,cost=80
Variable Write,context=Main#dfs:115,next_station=-1
Variable Write,context=Main#dfs:115,i=7
Variable Delete,method=Main#dfs:115 <name=node1,type=int (id=7),value=<?>,index=10>
Variable Delete,method=Main#dfs:115 <name=node2,type=int (id=7),value=<?>,index=11>
Variable Delete,method=Main#dfs:115 <name=cost,type=int (id=7),value=<?>,index=12>
Variable Delete,method=Main#dfs:115 <name=next_station,type=int (id=7),value=<?>,index=13>
Variable Write,context=Main#dfs:115,i=8
Variable Write,context=Main#dfs:115,node1=7
Variable Write,context=Main#dfs:115,node2=8
Variable Write,context=Main#dfs:115,cost=44
Variable Write,context=Main#dfs:115,next_station=-1
Variable Write,context=Main#dfs:115,i=9
Variable Delete,method=Main#dfs:115 <name=node1,type=int (id=7),value=<?>,index=10>
Variable Delete,method=Main#dfs:115 <name=node2,type=int (id=7),value=<?>,index=11>
Variable Delete,method=Main#dfs:115 <name=cost,type=int (id=7),value=<?>,index=12>
Variable Delete,method=Main#dfs:115 <name=next_station,type=int (id=7),value=<?>,index=13>
Variable Write,context=Main#dfs:115,node1=8
Variable Write,context=Main#dfs:115,node2=9
Variable Write,context=Main#dfs:115,cost=21
Variable Write,context=Main#dfs:115,next_station=-1
Variable Delete,method=Main#dfs:115 <name=node1,type=int (id=7),value=<?>,index=10>
Variable Delete,method=Main#dfs:115 <name=node2,type=int (id=7),value=<?>,index=11>
Variable Delete,method=Main#dfs:115 <name=cost,type=int (id=7),value=<?>,index=12>
Variable Delete,method=Main#dfs:115 <name=next_station,type=int (id=7),value=<?>,index=13>
Variable Delete,method=Main#dfs:115 <name=i,type=int (id=7),value=<?>,index=9>
Variable Write,context=Main#dfs:115,next=int[][]:1
Variable Write,context=Main#dfs:115,result=81
Method Exit,returner=Main#dfs:115,value=81
Variable Write,context=Main#dfs:114,ret=163
Variable Write,context=Main#dfs:114,max_next_path=3
Variable Write,context=Main#dfs:114,max_cost=163
Variable Write,context=Main#dfs:114,max_next_station=1
Variable Write,context=Main#dfs:114,i=4
Variable Delete,method=Main#dfs:114 <name=node1,type=int (id=7),value=<?>,index=10>
Variable Delete,method=Main#dfs:114 <name=node2,type=int (id=7),value=<?>,index=11>
Variable Delete,method=Main#dfs:114 <name=cost,type=int (id=7),value=<?>,index=12>
Variable Delete,method=Main#dfs:114 <name=next_station,type=int (id=7),value=<?>,index=13>
Variable Delete,method=Main#dfs:114 <name=ret,type=int (id=7),value=<?>,index=14>
Variable Write,context=Main#dfs:114,i=5
Variable Write,context=Main#dfs:114,i=6
Variable Write,context=Main#dfs:114,node1=5
Variable Write,context=Main#dfs:114,node2=6
Variable Write,context=Main#dfs:114,cost=80
Variable Write,context=Main#dfs:114,next_station=-1
Variable Write,context=Main#dfs:114,next_station=6
Method Call,caller=Main#dfs:114,target=Main#dfs:119
Variable Write,context=Main#dfs:119,next=int[][]:1
Variable Write,context=Main#dfs:119,adj_list=int[][]:3
Variable Write,context=Main#dfs:119,nl=10
Variable Write,context=Main#dfs:119,bit=240
Variable Write,context=Main#dfs:119,cur_station=6
Variable Write,context=Main#dfs:119,ns=10
Variable Write,context=Main#dfs:119,max_next_path=2147483647
Variable Write,context=Main#dfs:119,max_next_station=2147483647
Variable Write,context=Main#dfs:119,max_cost=0
Variable Write,context=Main#dfs:119,i=0
Variable Write,context=Main#dfs:119,node1=0
Variable Write,context=Main#dfs:119,node2=1
Variable Write,context=Main#dfs:119,cost=11
Variable Write,context=Main#dfs:119,next_station=-1
Variable Write,context=Main#dfs:119,i=1
Variable Delete,method=Main#dfs:119 <name=node1,type=int (id=7),value=<?>,index=10>
Variable Delete,method=Main#dfs:119 <name=node2,type=int (id=7),value=<?>,index=11>
Variable Delete,method=Main#dfs:119 <name=cost,type=int (id=7),value=<?>,index=12>
Variable Delete,method=Main#dfs:119 <name=next_station,type=int (id=7),value=<?>,index=13>
Variable Write,context=Main#dfs:119,node1=1
Variable Write,context=Main#dfs:119,node2=2
Variable Write,context=Main#dfs:119,cost=25
Variable Write,context=Main#dfs:119,next_station=-1
Variable Write,context=Main#dfs:119,i=2
Variable Delete,method=Main#dfs:119 <name=node1,type=int (id=7),value=<?>,index=10>
Variable Delete,method=Main#dfs:119 <name=node2,type=int (id=7),value=<?>,index=11>
Variable Delete,method=Main#dfs:119 <name=cost,type=int (id=7),value=<?>,index=12>
Variable Delete,method=Main#dfs:119 <name=next_station,type=int (id=7),value=<?>,index=13>
Variable Write,context=Main#dfs:119,node1=1
Variable Write,context=Main#dfs:119,node2=4
Variable Write,context=Main#dfs:119,cost=81
Variable Write,context=Main#dfs:119,next_station=-1
Variable Write,context=Main#dfs:119,i=3
Variable Delete,method=Main#dfs:119 <name=node1,type=int (id=7),value=<?>,index=10>
Variable Delete,method=Main#dfs:119 <name=node2,type=int (id=7),value=<?>,index=11>
Variable Delete,method=Main#dfs:119 <name=cost,type=int (id=7),value=<?>,index=12>
Variable Delete,method=Main#dfs:119 <name=next_station,type=int (id=7),value=<?>,index=13>
Variable Write,context=Main#dfs:119,node1=1
Variable Write,context=Main#dfs:119,node2=5
Variable Write,context=Main#dfs:119,cost=82
Variable Write,context=Main#dfs:119,next_station=-1
Variable Write,context=Main#dfs:119,i=4
Variable Delete,method=Main#dfs:119 <name=node1,type=int (id=7),value=<?>,index=10>
Variable Delete,method=Main#dfs:119 <name=node2,type=int (id=7),value=<?>,index=11>
Variable Delete,method=Main#dfs:119 <name=cost,type=int (id=7),value=<?>,index=12>
Variable Delete,method=Main#dfs:119 <name=next_station,type=int (id=7),value=<?>,index=13>
Variable Write,context=Main#dfs:119,i=5
Variable Write,context=Main#dfs:119,i=6
Variable Write,context=Main#dfs:119,i=7
Variable Write,context=Main#dfs:119,i=8
Variable Write,context=Main#dfs:119,node1=7
Variable Write,context=Main#dfs:119,node2=8
Variable Write,context=Main#dfs:119,cost=44
Variable Write,context=Main#dfs:119,next_station=-1
Variable Write,context=Main#dfs:119,i=9
Variable Delete,method=Main#dfs:119 <name=node1,type=int (id=7),value=<?>,index=10>
Variable Delete,method=Main#dfs:119 <name=node2,type=int (id=7),value=<?>,index=11>
Variable Delete,method=Main#dfs:119 <name=cost,type=int (id=7),value=<?>,index=12>
Variable Delete,method=Main#dfs:119 <name=next_station,type=int (id=7),value=<?>,index=13>
Variable Write,context=Main#dfs:119,node1=8
Variable Write,context=Main#dfs:119,node2=9
Variable Write,context=Main#dfs:119,cost=21
Variable Write,context=Main#dfs:119,next_station=-1
Variable Delete,method=Main#dfs:119 <name=node1,type=int (id=7),value=<?>,index=10>
Variable Delete,method=Main#dfs:119 <name=node2,type=int (id=7),value=<?>,index=11>
Variable Delete,method=Main#dfs:119 <name=cost,type=int (id=7),value=<?>,index=12>
Variable Delete,method=Main#dfs:119 <name=next_station,type=int (id=7),value=<?>,index=13>
Variable Delete,method=Main#dfs:119 <name=i,type=int (id=7),value=<?>,index=9>
Variable Write,context=Main#dfs:119,result=0
Method Exit,returner=Main#dfs:119,value=0
Variable Write,context=Main#dfs:114,ret=80
Variable Write,context=Main#dfs:114,i=7
Variable Delete,method=Main#dfs:114 <name=node1,type=int (id=7),value=<?>,index=10>
Variable Delete,method=Main#dfs:114 <name=node2,type=int (id=7),value=<?>,index=11>
Variable Delete,method=Main#dfs:114 <name=cost,type=int (id=7),value=<?>,index=12>
Variable Delete,method=Main#dfs:114 <name=next_station,type=int (id=7),value=<?>,index=13>
Variable Delete,method=Main#dfs:114 <name=ret,type=int (id=7),value=<?>,index=14>
Variable Write,context=Main#dfs:114,i=8
Variable Write,context=Main#dfs:114,node1=7
Variable Write,context=Main#dfs:114,node2=8
Variable Write,context=Main#dfs:114,cost=44
Variable Write,context=Main#dfs:114,next_station=-1
Variable Write,context=Main#dfs:114,i=9
Variable Delete,method=Main#dfs:114 <name=node1,type=int (id=7),value=<?>,index=10>
Variable Delete,method=Main#dfs:114 <name=node2,type=int (id=7),value=<?>,index=11>
Variable Delete,method=Main#dfs:114 <name=cost,type=int (id=7),value=<?>,index=12>
Variable Delete,method=Main#dfs:114 <name=next_station,type=int (id=7),value=<?>,index=13>
Variable Write,context=Main#dfs:114,node1=8
Variable Write,context=Main#dfs:114,node2=9
Variable Write,context=Main#dfs:114,cost=21
Variable Write,context=Main#dfs:114,next_station=-1
Variable Delete,method=Main#dfs:114 <name=node1,type=int (id=7),value=<?>,index=10>
Variable Delete,method=Main#dfs:114 <name=node2,type=int (id=7),value=<?>,index=11>
Variable Delete,method=Main#dfs:114 <name=cost,type=int (id=7),value=<?>,index=12>
Variable Delete,method=Main#dfs:114 <name=next_station,type=int (id=7),value=<?>,index=13>
Variable Delete,method=Main#dfs:114 <name=i,type=int (id=7),value=<?>,index=9>
Variable Write,context=Main#dfs:114,next=int[][]:1
Variable Write,context=Main#dfs:114,result=163
Method Exit,returner=Main#dfs:114,value=163
Variable Write,context=Main#dfs:113,ret=230
Variable Write,context=Main#dfs:113,max_next_path=7
Variable Write,context=Main#dfs:113,max_cost=230
Variable Write,context=Main#dfs:113,max_next_station=5
Variable Write,context=Main#dfs:113,i=8
Variable Delete,method=Main#dfs:113 <name=node1,type=int (id=7),value=<?>,index=10>
Variable Delete,method=Main#dfs:113 <name=node2,type=int (id=7),value=<?>,index=11>
Variable Delete,method=Main#dfs:113 <name=cost,type=int (id=7),value=<?>,index=12>
Variable Delete,method=Main#dfs:113 <name=next_station,type=int (id=7),value=<?>,index=13>
Variable Delete,method=Main#dfs:113 <name=ret,type=int (id=7),value=<?>,index=14>
Variable Write,context=Main#dfs:113,node1=7
Variable Write,context=Main#dfs:113,node2=8
Variable Write,context=Main#dfs:113,cost=44
Variable Write,context=Main#dfs:113,next_station=-1
Variable Write,context=Main#dfs:113,next_station=7
Method Call,caller=Main#dfs:113,target=Main#dfs:120
Variable Write,context=Main#dfs:120,next=int[][]:1
Variable Write,context=Main#dfs:120,adj_list=int[][]:3
Variable Write,context=Main#dfs:120,nl=10
Variable Write,context=Main#dfs:120,bit=304
Variable Write,context=Main#dfs:120,cur_station=7
Variable Write,context=Main#dfs:120,ns=10
Variable Write,context=Main#dfs:120,max_next_path=2147483647
Variable Write,context=Main#dfs:120,max_next_station=2147483647
Variable Write,context=Main#dfs:120,max_cost=0
Variable Write,context=Main#dfs:120,i=0
Variable Write,context=Main#dfs:120,node1=0
Variable Write,context=Main#dfs:120,node2=1
Variable Write,context=Main#dfs:120,cost=11
Variable Write,context=Main#dfs:120,next_station=-1
Variable Write,context=Main#dfs:120,i=1
Variable Delete,method=Main#dfs:120 <name=node1,type=int (id=7),value=<?>,index=10>
Variable Delete,method=Main#dfs:120 <name=node2,type=int (id=7),value=<?>,index=11>
Variable Delete,method=Main#dfs:120 <name=cost,type=int (id=7),value=<?>,index=12>
Variable Delete,method=Main#dfs:120 <name=next_station,type=int (id=7),value=<?>,index=13>
Variable Write,context=Main#dfs:120,node1=1
Variable Write,context=Main#dfs:120,node2=2
Variable Write,context=Main#dfs:120,cost=25
Variable Write,context=Main#dfs:120,next_station=-1
Variable Write,context=Main#dfs:120,i=2
Variable Delete,method=Main#dfs:120 <name=node1,type=int (id=7),value=<?>,index=10>
Variable Delete,method=Main#dfs:120 <name=node2,type=int (id=7),value=<?>,index=11>
Variable Delete,method=Main#dfs:120 <name=cost,type=int (id=7),value=<?>,index=12>
Variable Delete,method=Main#dfs:120 <name=next_station,type=int (id=7),value=<?>,index=13>
Variable Write,context=Main#dfs:120,node1=1
Variable Write,context=Main#dfs:120,node2=4
Variable Write,context=Main#dfs:120,cost=81
Variable Write,context=Main#dfs:120,next_station=-1
Variable Write,context=Main#dfs:120,i=3
Variable Delete,method=Main#dfs:120 <name=node1,type=int (id=7),value=<?>,index=10>
Variable Delete,method=Main#dfs:120 <name=node2,type=int (id=7),value=<?>,index=11>
Variable Delete,method=Main#dfs:120 <name=cost,type=int (id=7),value=<?>,index=12>
Variable Delete,method=Main#dfs:120 <name=next_station,type=int (id=7),value=<?>,index=13>
Variable Write,context=Main#dfs:120,node1=1
Variable Write,context=Main#dfs:120,node2=5
Variable Write,context=Main#dfs:120,cost=82
Variable Write,context=Main#dfs:120,next_station=-1
Variable Write,context=Main#dfs:120,i=4
Variable Delete,method=Main#dfs:120 <name=node1,type=int (id=7),value=<?>,index=10>
Variable Delete,method=Main#dfs:120 <name=node2,type=int (id=7),value=<?>,index=11>
Variable Delete,method=Main#dfs:120 <name=cost,type=int (id=7),value=<?>,index=12>
Variable Delete,method=Main#dfs:120 <name=next_station,type=int (id=7),value=<?>,index=13>
Variable Write,context=Main#dfs:120,i=5
Variable Write,context=Main#dfs:120,i=6
Variable Write,context=Main#dfs:120,node1=5
Variable Write,context=Main#dfs:120,node2=6
Variable Write,context=Main#dfs:120,cost=80
Variable Write,context=Main#dfs:120,next_station=-1
Variable Write,context=Main#dfs:120,i=7
Variable Delete,method=Main#dfs:120 <name=node1,type=int (id=7),value=<?>,index=10>
Variable Delete,method=Main#dfs:120 <name=node2,type=int (id=7),value=<?>,index=11>
Variable Delete,method=Main#dfs:120 <name=cost,type=int (id=7),value=<?>,index=12>
Variable Delete,method=Main#dfs:120 <name=next_station,type=int (id=7),value=<?>,index=13>
Variable Write,context=Main#dfs:120,node1=5
Variable Write,context=Main#dfs:120,node2=8
Variable Write,context=Main#dfs:120,cost=67
Variable Write,context=Main#dfs:120,next_station=-1
Variable Write,context=Main#dfs:120,i=8
Variable Delete,method=Main#dfs:120 <name=node1,type=int (id=7),value=<?>,index=10>
Variable Delete,method=Main#dfs:120 <name=node2,type=int (id=7),value=<?>,index=11>
Variable Delete,method=Main#dfs:120 <name=cost,type=int (id=7),value=<?>,index=12>
Variable Delete,method=Main#dfs:120 <name=next_station,type=int (id=7),value=<?>,index=13>
Variable Write,context=Main#dfs:120,i=9
Variable Write,context=Main#dfs:120,node1=8
Variable Write,context=Main#dfs:120,node2=9
Variable Write,context=Main#dfs:120,cost=21
Variable Write,context=Main#dfs:120,next_station=-1
Variable Delete,method=Main#dfs:120 <name=node1,type=int (id=7),value=<?>,index=10>
Variable Delete,method=Main#dfs:120 <name=node2,type=int (id=7),value=<?>,index=11>
Variable Delete,method=Main#dfs:120 <name=cost,type=int (id=7),value=<?>,index=12>
Variable Delete,method=Main#dfs:120 <name=next_station,type=int (id=7),value=<?>,index=13>
Variable Delete,method=Main#dfs:120 <name=i,type=int (id=7),value=<?>,index=9>
Variable Write,context=Main#dfs:120,result=0
Method Exit,returner=Main#dfs:120,value=0
Variable Write,context=Main#dfs:113,ret=44
Variable Write,context=Main#dfs:113,i=9
Variable Delete,method=Main#dfs:113 <name=node1,type=int (id=7),value=<?>,index=10>
Variable Delete,method=Main#dfs:113 <name=node2,type=int (id=7),value=<?>,index=11>
Variable Delete,method=Main#dfs:113 <name=cost,type=int (id=7),value=<?>,index=12>
Variable Delete,method=Main#dfs:113 <name=next_station,type=int (id=7),value=<?>,index=13>
Variable Delete,method=Main#dfs:113 <name=ret,type=int (id=7),value=<?>,index=14>
Variable Write,context=Main#dfs:113,node1=8
Variable Write,context=Main#dfs:113,node2=9
Variable Write,context=Main#dfs:113,cost=21
Variable Write,context=Main#dfs:113,next_station=-1
Variable Write,context=Main#dfs:113,next_station=9
Method Call,caller=Main#dfs:113,target=Main#dfs:121
Variable Write,context=Main#dfs:121,next=int[][]:1
Variable Write,context=Main#dfs:121,adj_list=int[][]:3
Variable Write,context=Main#dfs:121,nl=10
Variable Write,context=Main#dfs:121,bit=560
Variable Write,context=Main#dfs:121,cur_station=9
Variable Write,context=Main#dfs:121,ns=10
Variable Write,context=Main#dfs:121,max_next_path=2147483647
Variable Write,context=Main#dfs:121,max_next_station=2147483647
Variable Write,context=Main#dfs:121,max_cost=0
Variable Write,context=Main#dfs:121,i=0
Variable Write,context=Main#dfs:121,node1=0
Variable Write,context=Main#dfs:121,node2=1
Variable Write,context=Main#dfs:121,cost=11
Variable Write,context=Main#dfs:121,next_station=-1
Variable Write,context=Main#dfs:121,i=1
Variable Delete,method=Main#dfs:121 <name=node1,type=int (id=7),value=<?>,index=10>
Variable Delete,method=Main#dfs:121 <name=node2,type=int (id=7),value=<?>,index=11>
Variable Delete,method=Main#dfs:121 <name=cost,type=int (id=7),value=<?>,index=12>
Variable Delete,method=Main#dfs:121 <name=next_station,type=int (id=7),value=<?>,index=13>
Variable Write,context=Main#dfs:121,node1=1
Variable Write,context=Main#dfs:121,node2=2
Variable Write,context=Main#dfs:121,cost=25
Variable Write,context=Main#dfs:121,next_station=-1
Variable Write,context=Main#dfs:121,i=2
Variable Delete,method=Main#dfs:121 <name=node1,type=int (id=7),value=<?>,index=10>
Variable Delete,method=Main#dfs:121 <name=node2,type=int (id=7),value=<?>,index=11>
Variable Delete,method=Main#dfs:121 <name=cost,type=int (id=7),value=<?>,index=12>
Variable Delete,method=Main#dfs:121 <name=next_station,type=int (id=7),value=<?>,index=13>
Variable Write,context=Main#dfs:121,node1=1
Variable Write,context=Main#dfs:121,node2=4
Variable Write,context=Main#dfs:121,cost=81
Variable Write,context=Main#dfs:121,next_station=-1
Variable Write,context=Main#dfs:121,i=3
Variable Delete,method=Main#dfs:121 <name=node1,type=int (id=7),value=<?>,index=10>
Variable Delete,method=Main#dfs:121 <name=node2,type=int (id=7),value=<?>,index=11>
Variable Delete,method=Main#dfs:121 <name=cost,type=int (id=7),value=<?>,index=12>
Variable Delete,method=Main#dfs:121 <name=next_station,type=int (id=7),value=<?>,index=13>
Variable Write,context=Main#dfs:121,node1=1
Variable Write,context=Main#dfs:121,node2=5
Variable Write,context=Main#dfs:121,cost=82
Variable Write,context=Main#dfs:121,next_station=-1
Variable Write,context=Main#dfs:121,i=4
Variable Delete,method=Main#dfs:121 <name=node1,type=int (id=7),value=<?>,index=10>
Variable Delete,method=Main#dfs:121 <name=node2,type=int (id=7),value=<?>,index=11>
Variable Delete,method=Main#dfs:121 <name=cost,type=int (id=7),value=<?>,index=12>
Variable Delete,method=Main#dfs:121 <name=next_station,type=int (id=7),value=<?>,index=13>
Variable Write,context=Main#dfs:121,i=5
Variable Write,context=Main#dfs:121,i=6
Variable Write,context=Main#dfs:121,node1=5
Variable Write,context=Main#dfs:121,node2=6
Variable Write,context=Main#dfs:121,cost=80
Variable Write,context=Main#dfs:121,next_station=-1
Variable Write,context=Main#dfs:121,i=7
Variable Delete,method=Main#dfs:121 <name=node1,type=int (id=7),value=<?>,index=10>
Variable Delete,method=Main#dfs:121 <name=node2,type=int (id=7),value=<?>,index=11>
Variable Delete,method=Main#dfs:121 <name=cost,type=int (id=7),value=<?>,index=12>
Variable Delete,method=Main#dfs:121 <name=next_station,type=int (id=7),value=<?>,index=13>
Variable Write,context=Main#dfs:121,node1=5
Variable Write,context=Main#dfs:121,node2=8
Variable Write,context=Main#dfs:121,cost=67
Variable Write,context=Main#dfs:121,next_station=-1
Variable Write,context=Main#dfs:121,i=8
Variable Delete,method=Main#dfs:121 <name=node1,type=int (id=7),value=<?>,index=10>
Variable Delete,method=Main#dfs:121 <name=node2,type=int (id=7),value=<?>,index=11>
Variable Delete,method=Main#dfs:121 <name=cost,type=int (id=7),value=<?>,index=12>
Variable Delete,method=Main#dfs:121 <name=next_station,type=int (id=7),value=<?>,index=13>
Variable Write,context=Main#dfs:121,node1=7
Variable Write,context=Main#dfs:121,node2=8
Variable Write,context=Main#dfs:121,cost=44
Variable Write,context=Main#dfs:121,next_station=-1
Variable Write,context=Main#dfs:121,i=9
Variable Delete,method=Main#dfs:121 <name=node1,type=int (id=7),value=<?>,index=10>
Variable Delete,method=Main#dfs:121 <name=node2,type=int (id=7),value=<?>,index=11>
Variable Delete,method=Main#dfs:121 <name=cost,type=int (id=7),value=<?>,index=12>
Variable Delete,method=Main#dfs:121 <name=next_station,type=int (id=7),value=<?>,index=13>
Variable Delete,method=Main#dfs:121 <name=i,type=int (id=7),value=<?>,index=9>
Variable Write,context=Main#dfs:121,result=0
Method Exit,returner=Main#dfs:121,value=0
Variable Write,context=Main#dfs:113,ret=21
Variable Delete,method=Main#dfs:113 <name=node1,type=int (id=7),value=<?>,index=10>
Variable Delete,method=Main#dfs:113 <name=node2,type=int (id=7),value=<?>,index=11>
Variable Delete,method=Main#dfs:113 <name=cost,type=int (id=7),value=<?>,index=12>
Variable Delete,method=Main#dfs:113 <name=next_station,type=int (id=7),value=<?>,index=13>
Variable Delete,method=Main#dfs:113 <name=ret,type=int (id=7),value=<?>,index=14>
Variable Delete,method=Main#dfs:113 <name=i,type=int (id=7),value=<?>,index=9>
Variable Write,context=Main#dfs:113,next=int[][]:1
Variable Write,context=Main#dfs:113,result=230
Method Exit,returner=Main#dfs:113,value=230
Variable Write,context=Main#dfs:103,ret=298
Variable Write,context=Main#dfs:103,i=6
Variable Delete,method=Main#dfs:103 <name=node1,type=int (id=7),value=<?>,index=10>
Variable Delete,method=Main#dfs:103 <name=node2,type=int (id=7),value=<?>,index=11>
Variable Delete,method=Main#dfs:103 <name=cost,type=int (id=7),value=<?>,index=12>
Variable Delete,method=Main#dfs:103 <name=next_station,type=int (id=7),value=<?>,index=13>
Variable Delete,method=Main#dfs:103 <name=ret,type=int (id=7),value=<?>,index=14>
Variable Write,context=Main#dfs:103,node1=5
Variable Write,context=Main#dfs:103,node2=6
Variable Write,context=Main#dfs:103,cost=80
Variable Write,context=Main#dfs:103,next_station=-1
Variable Write,context=Main#dfs:103,i=7
Variable Delete,method=Main#dfs:103 <name=node1,type=int (id=7),value=<?>,index=10>
Variable Delete,method=Main#dfs:103 <name=node2,type=int (id=7),value=<?>,index=11>
Variable Delete,method=Main#dfs:103 <name=cost,type=int (id=7),value=<?>,index=12>
Variable Delete,method=Main#dfs:103 <name=next_station,type=int (id=7),value=<?>,index=13>
Variable Write,context=Main#dfs:103,node1=5
Variable Write,context=Main#dfs:103,node2=8
Variable Write,context=Main#dfs:103,cost=67
Variable Write,context=Main#dfs:103,next_station=-1
Variable Write,context=Main#dfs:103,i=8
Variable Delete,method=Main#dfs:103 <name=node1,type=int (id=7),value=<?>,index=10>
Variable Delete,method=Main#dfs:103 <name=node2,type=int (id=7),value=<?>,index=11>
Variable Delete,method=Main#dfs:103 <name=cost,type=int (id=7),value=<?>,index=12>
Variable Delete,method=Main#dfs:103 <name=next_station,type=int (id=7),value=<?>,index=13>
Variable Write,context=Main#dfs:103,node1=7
Variable Write,context=Main#dfs:103,node2=8
Variable Write,context=Main#dfs:103,cost=44
Variable Write,context=Main#dfs:103,next_station=-1
Variable Write,context=Main#dfs:103,i=9
Variable Delete,method=Main#dfs:103 <name=node1,type=int (id=7),value=<?>,index=10>
Variable Delete,method=Main#dfs:103 <name=node2,type=int (id=7),value=<?>,index=11>
Variable Delete,method=Main#dfs:103 <name=cost,type=int (id=7),value=<?>,index=12>
Variable Delete,method=Main#dfs:103 <name=next_station,type=int (id=7),value=<?>,index=13>
Variable Write,context=Main#dfs:103,node1=8
Variable Write,context=Main#dfs:103,node2=9
Variable Write,context=Main#dfs:103,cost=21
Variable Write,context=Main#dfs:103,next_station=-1
Variable Delete,method=Main#dfs:103 <name=node1,type=int (id=7),value=<?>,index=10>
Variable Delete,method=Main#dfs:103 <name=node2,type=int (id=7),value=<?>,index=11>
Variable Delete,method=Main#dfs:103 <name=cost,type=int (id=7),value=<?>,index=12>
Variable Delete,method=Main#dfs:103 <name=next_station,type=int (id=7),value=<?>,index=13>
Variable Delete,method=Main#dfs:103 <name=i,type=int (id=7),value=<?>,index=9>
Variable Write,context=Main#dfs:103,next=int[][]:1
Variable Write,context=Main#dfs:103,result=298
Method Exit,returner=Main#dfs:103,value=298
Variable Write,context=Main#dfs:102,ret=356
Variable Write,context=Main#dfs:102,max_next_path=4
Variable Write,context=Main#dfs:102,max_cost=356
Variable Write,context=Main#dfs:102,max_next_station=4
Variable Write,context=Main#dfs:102,i=5
Variable Delete,method=Main#dfs:102 <name=node1,type=int (id=7),value=<?>,index=10>
Variable Delete,method=Main#dfs:102 <name=node2,type=int (id=7),value=<?>,index=11>
Variable Delete,method=Main#dfs:102 <name=cost,type=int (id=7),value=<?>,index=12>
Variable Delete,method=Main#dfs:102 <name=next_station,type=int (id=7),value=<?>,index=13>
Variable Delete,method=Main#dfs:102 <name=ret,type=int (id=7),value=<?>,index=14>
Variable Write,context=Main#dfs:102,node1=4
Variable Write,context=Main#dfs:102,node2=8
Variable Write,context=Main#dfs:102,cost=68
Variable Write,context=Main#dfs:102,next_station=-1
Variable Write,context=Main#dfs:102,i=6
Variable Delete,method=Main#dfs:102 <name=node1,type=int (id=7),value=<?>,index=10>
Variable Delete,method=Main#dfs:102 <name=node2,type=int (id=7),value=<?>,index=11>
Variable Delete,method=Main#dfs:102 <name=cost,type=int (id=7),value=<?>,index=12>
Variable Delete,method=Main#dfs:102 <name=next_station,type=int (id=7),value=<?>,index=13>
Variable Write,context=Main#dfs:102,node1=5
Variable Write,context=Main#dfs:102,node2=6
Variable Write,context=Main#dfs:102,cost=80
Variable Write,context=Main#dfs:102,next_station=-1
Variable Write,context=Main#dfs:102,i=7
Variable Delete,method=Main#dfs:102 <name=node1,type=int (id=7),value=<?>,index=10>
Variable Delete,method=Main#dfs:102 <name=node2,type=int (id=7),value=<?>,index=11>
Variable Delete,method=Main#dfs:102 <name=cost,type=int (id=7),value=<?>,index=12>
Variable Delete,method=Main#dfs:102 <name=next_station,type=int (id=7),value=<?>,index=13>
Variable Write,context=Main#dfs:102,node1=5
Variable Write,context=Main#dfs:102,node2=8
Variable Write,context=Main#dfs:102,cost=67
Variable Write,context=Main#dfs:102,next_station=-1
Variable Write,context=Main#dfs:102,i=8
Variable Delete,method=Main#dfs:102 <name=node1,type=int (id=7),value=<?>,index=10>
Variable Delete,method=Main#dfs:102 <name=node2,type=int (id=7),value=<?>,index=11>
Variable Delete,method=Main#dfs:102 <name=cost,type=int (id=7),value=<?>,index=12>
Variable Delete,method=Main#dfs:102 <name=next_station,type=int (id=7),value=<?>,index=13>
Variable Write,context=Main#dfs:102,node1=7
Variable Write,context=Main#dfs:102,node2=8
Variable Write,context=Main#dfs:102,cost=44
Variable Write,context=Main#dfs:102,next_station=-1
Variable Write,context=Main#dfs:102,i=9
Variable Delete,method=Main#dfs:102 <name=node1,type=int (id=7),value=<?>,index=10>
Variable Delete,method=Main#dfs:102 <name=node2,type=int (id=7),value=<?>,index=11>
Variable Delete,method=Main#dfs:102 <name=cost,type=int (id=7),value=<?>,index=12>
Variable Delete,method=Main#dfs:102 <name=next_station,type=int (id=7),value=<?>,index=13>
Variable Write,context=Main#dfs:102,node1=8
Variable Write,context=Main#dfs:102,node2=9
Variable Write,context=Main#dfs:102,cost=21
Variable Write,context=Main#dfs:102,next_station=-1
Variable Delete,method=Main#dfs:102 <name=node1,type=int (id=7),value=<?>,index=10>
Variable Delete,method=Main#dfs:102 <name=node2,type=int (id=7),value=<?>,index=11>
Variable Delete,method=Main#dfs:102 <name=cost,type=int (id=7),value=<?>,index=12>
Variable Delete,method=Main#dfs:102 <name=next_station,type=int (id=7),value=<?>,index=13>
Variable Delete,method=Main#dfs:102 <name=i,type=int (id=7),value=<?>,index=9>
Variable Write,context=Main#dfs:102,next=int[][]:1
Variable Write,context=Main#dfs:102,result=356
Method Exit,returner=Main#dfs:102,value=356
Variable Write,context=Main#main:1,cost=356
Variable Write,context=Main#main:1,max_start=3
Variable Write,context=Main#main:1,max_cost=356
Variable Write,context=Main#main:1,start=4
Variable Delete,method=Main#main:1 <name=cost,type=int (id=7),value=<?>,index=12>
Method Call,caller=Main#main:1,target=Main#dfs:122
Variable Write,context=Main#dfs:122,next=int[][]:1
Variable Write,context=Main#dfs:122,adj_list=int[][]:3
Variable Write,context=Main#dfs:122,nl=10
Variable Write,context=Main#dfs:122,bit=0
Variable Write,context=Main#dfs:122,cur_station=4
Variable Write,context=Main#dfs:122,ns=10
Variable Write,context=Main#dfs:122,max_next_path=2147483647
Variable Write,context=Main#dfs:122,max_next_station=2147483647
Variable Write,context=Main#dfs:122,max_cost=0
Variable Write,context=Main#dfs:122,i=0
Variable Write,context=Main#dfs:122,node1=0
Variable Write,context=Main#dfs:122,node2=1
Variable Write,context=Main#dfs:122,cost=11
Variable Write,context=Main#dfs:122,next_station=-1
Variable Write,context=Main#dfs:122,i=1
Variable Delete,method=Main#dfs:122 <name=node1,type=int (id=7),value=4,index=10>
Variable Delete,method=Main#dfs:122 <name=node2,type=int (id=7),value=8,index=11>
Variable Delete,method=Main#dfs:122 <name=cost,type=int (id=7),value=68,index=12>
Variable Delete,method=Main#dfs:122 <name=next_station,type=int (id=7),value=8,index=13>
Variable Write,context=Main#dfs:122,node1=1
Variable Write,context=Main#dfs:122,node2=2
Variable Write,context=Main#dfs:122,cost=25
Variable Write,context=Main#dfs:122,next_station=-1
Variable Write,context=Main#dfs:122,i=2
Variable Delete,method=Main#dfs:122 <name=node1,type=int (id=7),value=4,index=10>
Variable Delete,method=Main#dfs:122 <name=node2,type=int (id=7),value=8,index=11>
Variable Delete,method=Main#dfs:122 <name=cost,type=int (id=7),value=68,index=12>
Variable Delete,method=Main#dfs:122 <name=next_station,type=int (id=7),value=8,index=13>
Variable Write,context=Main#dfs:122,node1=1
Variable Write,context=Main#dfs:122,node2=4
Variable Write,context=Main#dfs:122,cost=81
Variable Write,context=Main#dfs:122,next_station=-1
Variable Write,context=Main#dfs:122,next_station=1
Method Call,caller=Main#dfs:122,target=Main#dfs:123
Variable Write,context=Main#dfs:123,next=int[][]:1
Variable Write,context=Main#dfs:123,adj_list=int[][]:3
Variable Write,context=Main#dfs:123,nl=10
Variable Write,context=Main#dfs:123,bit=4
Variable Write,context=Main#dfs:123,cur_station=1
Variable Write,context=Main#dfs:123,ns=10
Variable Write,context=Main#dfs:123,max_next_path=2147483647
Variable Write,context=Main#dfs:123,max_next_station=2147483647
Variable Write,context=Main#dfs:123,max_cost=0
Variable Write,context=Main#dfs:123,i=0
Variable Write,context=Main#dfs:123,node1=0
Variable Write,context=Main#dfs:123,node2=1
Variable Write,context=Main#dfs:123,cost=11
Variable Write,context=Main#dfs:123,next_station=-1
Variable Write,context=Main#dfs:123,next_station=0
Method Call,caller=Main#dfs:123,target=Main#dfs:124
Variable Write,context=Main#dfs:124,next=int[][]:1
Variable Write,context=Main#dfs:124,adj_list=int[][]:3
Variable Write,context=Main#dfs:124,nl=10
Variable Write,context=Main#dfs:124,bit=5
Variable Write,context=Main#dfs:124,cur_station=0
Variable Write,context=Main#dfs:124,ns=10
Variable Write,context=Main#dfs:124,max_next_path=2147483647
Variable Write,context=Main#dfs:124,max_next_station=2147483647
Variable Write,context=Main#dfs:124,max_cost=0
Variable Write,context=Main#dfs:124,i=0
Variable Write,context=Main#dfs:124,i=1
Variable Write,context=Main#dfs:124,node1=1
Variable Write,context=Main#dfs:124,node2=2
Variable Write,context=Main#dfs:124,cost=25
Variable Write,context=Main#dfs:124,next_station=-1
Variable Write,context=Main#dfs:124,i=2
Variable Delete,method=Main#dfs:124 <name=node1,type=int (id=7),value=<?>,index=10>
Variable Delete,method=Main#dfs:124 <name=node2,type=int (id=7),value=<?>,index=11>
Variable Delete,method=Main#dfs:124 <name=cost,type=int (id=7),value=<?>,index=12>
Variable Delete,method=Main#dfs:124 <name=next_station,type=int (id=7),value=<?>,index=13>
Variable Write,context=Main#dfs:124,i=3
Variable Write,context=Main#dfs:124,node1=1
Variable Write,context=Main#dfs:124,node2=5
Variable Write,context=Main#dfs:124,cost=82
Variable Write,context=Main#dfs:124,next_station=-1
Variable Write,context=Main#dfs:124,i=4
Variable Delete,method=Main#dfs:124 <name=node1,type=int (id=7),value=<?>,index=10>
Variable Delete,method=Main#dfs:124 <name=node2,type=int (id=7),value=<?>,index=11>
Variable Delete,method=Main#dfs:124 <name=cost,type=int (id=7),value=<?>,index=12>
Variable Delete,method=Main#dfs:124 <name=next_station,type=int (id=7),value=<?>,index=13>
Variable Write,context=Main#dfs:124,node1=3
Variable Write,context=Main#dfs:124,node2=4
Variable Write,context=Main#dfs:124,cost=58
Variable Write,context=Main#dfs:124,next_station=-1
Variable Write,context=Main#dfs:124,i=5
Variable Delete,method=Main#dfs:124 <name=node1,type=int (id=7),value=<?>,index=10>
Variable Delete,method=Main#dfs:124 <name=node2,type=int (id=7),value=<?>,index=11>
Variable Delete,method=Main#dfs:124 <name=cost,type=int (id=7),value=<?>,index=12>
Variable Delete,method=Main#dfs:124 <name=next_station,type=int (id=7),value=<?>,index=13>
Variable Write,context=Main#dfs:124,node1=4
Variable Write,context=Main#dfs:124,node2=8
Variable Write,context=Main#dfs:124,cost=68
Variable Write,context=Main#dfs:124,next_station=-1
Variable Write,context=Main#dfs:124,i=6
Variable Delete,method=Main#dfs:124 <name=node1,type=int (id=7),value=<?>,index=10>
Variable Delete,method=Main#dfs:124 <name=node2,type=int (id=7),value=<?>,index=11>
Variable Delete,method=Main#dfs:124 <name=cost,type=int (id=7),value=<?>,index=12>
Variable Delete,method=Main#dfs:124 <name=next_station,type=int (id=7),value=<?>,index=13>
Variable Write,context=Main#dfs:124,node1=5
Variable Write,context=Main#dfs:124,node2=6
Variable Write,context=Main#dfs:124,cost=80
Variable Write,context=Main#dfs:124,next_station=-1
Variable Write,context=Main#dfs:124,i=7
Variable Delete,method=Main#dfs:124 <name=node1,type=int (id=7),value=<?>,index=10>
Variable Delete,method=Main#dfs:124 <name=node2,type=int (id=7),value=<?>,index=11>
Variable Delete,method=Main#dfs:124 <name=cost,type=int (id=7),value=<?>,index=12>
Variable Delete,method=Main#dfs:124 <name=next_station,type=int (id=7),value=<?>,index=13>
Variable Write,context=Main#dfs:124,node1=5
Variable Write,context=Main#dfs:124,node2=8
Variable Write,context=Main#dfs:124,cost=67
Variable Write,context=Main#dfs:124,next_station=-1
Variable Write,context=Main#dfs:124,i=8
Variable Delete,method=Main#dfs:124 <name=node1,type=int (id=7),value=<?>,index=10>
Variable Delete,method=Main#dfs:124 <name=node2,type=int (id=7),value=<?>,index=11>
Variable Delete,method=Main#dfs:124 <name=cost,type=int (id=7),value=<?>,index=12>
Variable Delete,method=Main#dfs:124 <name=next_station,type=int (id=7),value=<?>,index=13>
Variable Write,context=Main#dfs:124,node1=7
Variable Write,context=Main#dfs:124,node2=8
Variable Write,context=Main#dfs:124,cost=44
Variable Write,context=Main#dfs:124,next_station=-1
Variable Write,context=Main#dfs:124,i=9
Variable Delete,method=Main#dfs:124 <name=node1,type=int (id=7),value=<?>,index=10>
Variable Delete,method=Main#dfs:124 <name=node2,type=int (id=7),value=<?>,index=11>
Variable Delete,method=Main#dfs:124 <name=cost,type=int (id=7),value=<?>,index=12>
Variable Delete,method=Main#dfs:124 <name=next_station,type=int (id=7),value=<?>,index=13>
Variable Write,context=Main#dfs:124,node1=8
Variable Write,context=Main#dfs:124,node2=9
Variable Write,context=Main#dfs:124,cost=21
Variable Write,context=Main#dfs:124,next_station=-1
Variable Delete,method=Main#dfs:124 <name=node1,type=int (id=7),value=<?>,index=10>
Variable Delete,method=Main#dfs:124 <name=node2,type=int (id=7),value=<?>,index=11>
Variable Delete,method=Main#dfs:124 <name=cost,type=int (id=7),value=<?>,index=12>
Variable Delete,method=Main#dfs:124 <name=next_station,type=int (id=7),value=<?>,index=13>
Variable Delete,method=Main#dfs:124 <name=i,type=int (id=7),value=<?>,index=9>
Variable Write,context=Main#dfs:124,result=0
Method Exit,returner=Main#dfs:124,value=0
Variable Write,context=Main#dfs:123,ret=11
Variable Write,context=Main#dfs:123,max_next_path=0
Variable Write,context=Main#dfs:123,max_cost=11
Variable Write,context=Main#dfs:123,max_next_station=0
Variable Write,context=Main#dfs:123,i=1
Variable Delete,method=Main#dfs:123 <name=node1,type=int (id=7),value=<?>,index=10>
Variable Delete,method=Main#dfs:123 <name=node2,type=int (id=7),value=<?>,index=11>
Variable Delete,method=Main#dfs:123 <name=cost,type=int (id=7),value=<?>,index=12>
Variable Delete,method=Main#dfs:123 <name=next_station,type=int (id=7),value=<?>,index=13>
Variable Delete,method=Main#dfs:123 <name=ret,type=int (id=7),value=<?>,index=14>
Variable Write,context=Main#dfs:123,node1=1
Variable Write,context=Main#dfs:123,node2=2
Variable Write,context=Main#dfs:123,cost=25
Variable Write,context=Main#dfs:123,next_station=-1
Variable Write,context=Main#dfs:123,next_station=2
Method Call,caller=Main#dfs:123,target=Main#dfs:125
Variable Write,context=Main#dfs:125,next=int[][]:1
Variable Write,context=Main#dfs:125,adj_list=int[][]:3
Variable Write,context=Main#dfs:125,nl=10
Variable Write,context=Main#dfs:125,bit=6
Variable Write,context=Main#dfs:125,cur_station=2
Variable Write,context=Main#dfs:125,ns=10
Variable Write,context=Main#dfs:125,max_next_path=2147483647
Variable Write,context=Main#dfs:125,max_next_station=2147483647
Variable Write,context=Main#dfs:125,max_cost=0
Variable Write,context=Main#dfs:125,i=0
Variable Write,context=Main#dfs:125,node1=0
Variable Write,context=Main#dfs:125,node2=1
Variable Write,context=Main#dfs:125,cost=11
Variable Write,context=Main#dfs:125,next_station=-1
Variable Write,context=Main#dfs:125,i=1
Variable Delete,method=Main#dfs:125 <name=node1,type=int (id=7),value=<?>,index=10>
Variable Delete,method=Main#dfs:125 <name=node2,type=int (id=7),value=<?>,index=11>
Variable Delete,method=Main#dfs:125 <name=cost,type=int (id=7),value=<?>,index=12>
Variable Delete,method=Main#dfs:125 <name=next_station,type=int (id=7),value=<?>,index=13>
Variable Write,context=Main#dfs:125,i=2
Variable Write,context=Main#dfs:125,i=3
Variable Write,context=Main#dfs:125,node1=1
Variable Write,context=Main#dfs:125,node2=5
Variable Write,context=Main#dfs:125,cost=82
Variable Write,context=Main#dfs:125,next_station=-1
Variable Write,context=Main#dfs:125,i=4
Variable Delete,method=Main#dfs:125 <name=node1,type=int (id=7),value=<?>,index=10>
Variable Delete,method=Main#dfs:125 <name=node2,type=int (id=7),value=<?>,index=11>
Variable Delete,method=Main#dfs:125 <name=cost,type=int (id=7),value=<?>,index=12>
Variable Delete,method=Main#dfs:125 <name=next_station,type=int (id=7),value=<?>,index=13>
Variable Write,context=Main#dfs:125,node1=3
Variable Write,context=Main#dfs:125,node2=4
Variable Write,context=Main#dfs:125,cost=58
Variable Write,context=Main#dfs:125,next_station=-1
Variable Write,context=Main#dfs:125,i=5
Variable Delete,method=Main#dfs:125 <name=node1,type=int (id=7),value=<?>,index=10>
Variable Delete,method=Main#dfs:125 <name=node2,type=int (id=7),value=<?>,index=11>
Variable Delete,method=Main#dfs:125 <name=cost,type=int (id=7),value=<?>,index=12>
Variable Delete,method=Main#dfs:125 <name=next_station,type=int (id=7),value=<?>,index=13>
Variable Write,context=Main#dfs:125,node1=4
Variable Write,context=Main#dfs:125,node2=8
Variable Write,context=Main#dfs:125,cost=68
Variable Write,context=Main#dfs:125,next_station=-1
Variable Write,context=Main#dfs:125,i=6
Variable Delete,method=Main#dfs:125 <name=node1,type=int (id=7),value=<?>,index=10>
Variable Delete,method=Main#dfs:125 <name=node2,type=int (id=7),value=<?>,index=11>
Variable Delete,method=Main#dfs:125 <name=cost,type=int (id=7),value=<?>,index=12>
Variable Delete,method=Main#dfs:125 <name=next_station,type=int (id=7),value=<?>,index=13>
Variable Write,context=Main#dfs:125,node1=5
Variable Write,context=Main#dfs:125,node2=6
Variable Write,context=Main#dfs:125,cost=80
Variable Write,context=Main#dfs:125,next_station=-1
Variable Write,context=Main#dfs:125,i=7
Variable Delete,method=Main#dfs:125 <name=node1,type=int (id=7),value=<?>,index=10>
Variable Delete,method=Main#dfs:125 <name=node2,type=int (id=7),value=<?>,index=11>
Variable Delete,method=Main#dfs:125 <name=cost,type=int (id=7),value=<?>,index=12>
Variable Delete,method=Main#dfs:125 <name=next_station,type=int (id=7),value=<?>,index=13>
Variable Write,context=Main#dfs:125,node1=5
Variable Write,context=Main#dfs:125,node2=8
Variable Write,context=Main#dfs:125,cost=67
Variable Write,context=Main#dfs:125,next_station=-1
Variable Write,context=Main#dfs:125,i=8
Variable Delete,method=Main#dfs:125 <name=node1,type=int (id=7),value=<?>,index=10>
Variable Delete,method=Main#dfs:125 <name=node2,type=int (id=7),value=<?>,index=11>
Variable Delete,method=Main#dfs:125 <name=cost,type=int (id=7),value=<?>,index=12>
Variable Delete,method=Main#dfs:125 <name=next_station,type=int (id=7),value=<?>,index=13>
Variable Write,context=Main#dfs:125,node1=7
Variable Write,context=Main#dfs:125,node2=8
Variable Write,context=Main#dfs:125,cost=44
Variable Write,context=Main#dfs:125,next_station=-1
Variable Write,context=Main#dfs:125,i=9
Variable Delete,method=Main#dfs:125 <name=node1,type=int (id=7),value=<?>,index=10>
Variable Delete,method=Main#dfs:125 <name=node2,type=int (id=7),value=<?>,index=11>
Variable Delete,method=Main#dfs:125 <name=cost,type=int (id=7),value=<?>,index=12>
Variable Delete,method=Main#dfs:125 <name=next_station,type=int (id=7),value=<?>,index=13>
Variable Write,context=Main#dfs:125,node1=8
Variable Write,context=Main#dfs:125,node2=9
Variable Write,context=Main#dfs:125,cost=21
Variable Write,context=Main#dfs:125,next_station=-1
Variable Delete,method=Main#dfs:125 <name=node1,type=int (id=7),value=<?>,index=10>
Variable Delete,method=Main#dfs:125 <name=node2,type=int (id=7),value=<?>,index=11>
Variable Delete,method=Main#dfs:125 <name=cost,type=int (id=7),value=<?>,index=12>
Variable Delete,method=Main#dfs:125 <name=next_station,type=int (id=7),value=<?>,index=13>
Variable Delete,method=Main#dfs:125 <name=i,type=int (id=7),value=<?>,index=9>
Variable Write,context=Main#dfs:125,result=0
Method Exit,returner=Main#dfs:125,value=0
Variable Write,context=Main#dfs:123,ret=25
Variable Write,context=Main#dfs:123,max_next_path=1
Variable Write,context=Main#dfs:123,max_cost=25
Variable Write,context=Main#dfs:123,max_next_station=2
Variable Write,context=Main#dfs:123,i=2
Variable Delete,method=Main#dfs:123 <name=node1,type=int (id=7),value=<?>,index=10>
Variable Delete,method=Main#dfs:123 <name=node2,type=int (id=7),value=<?>,index=11>
Variable Delete,method=Main#dfs:123 <name=cost,type=int (id=7),value=<?>,index=12>
Variable Delete,method=Main#dfs:123 <name=next_station,type=int (id=7),value=<?>,index=13>
Variable Delete,method=Main#dfs:123 <name=ret,type=int (id=7),value=<?>,index=14>
Variable Write,context=Main#dfs:123,i=3
Variable Write,context=Main#dfs:123,node1=1
Variable Write,context=Main#dfs:123,node2=5
Variable Write,context=Main#dfs:123,cost=82
Variable Write,context=Main#dfs:123,next_station=-1
Variable Write,context=Main#dfs:123,next_station=5
Method Call,caller=Main#dfs:123,target=Main#dfs:126
Variable Write,context=Main#dfs:126,next=int[][]:1
Variable Write,context=Main#dfs:126,adj_list=int[][]:3
Variable Write,context=Main#dfs:126,nl=10
Variable Write,context=Main#dfs:126,bit=12
Variable Write,context=Main#dfs:126,cur_station=5
Variable Write,context=Main#dfs:126,ns=10
Variable Write,context=Main#dfs:126,max_next_path=2147483647
Variable Write,context=Main#dfs:126,max_next_station=2147483647
Variable Write,context=Main#dfs:126,max_cost=0
Variable Write,context=Main#dfs:126,i=0
Variable Write,context=Main#dfs:126,node1=0
Variable Write,context=Main#dfs:126,node2=1
Variable Write,context=Main#dfs:126,cost=11
Variable Write,context=Main#dfs:126,next_station=-1
Variable Write,context=Main#dfs:126,i=1
Variable Delete,method=Main#dfs:126 <name=node1,type=int (id=7),value=<?>,index=10>
Variable Delete,method=Main#dfs:126 <name=node2,type=int (id=7),value=<?>,index=11>
Variable Delete,method=Main#dfs:126 <name=cost,type=int (id=7),value=<?>,index=12>
Variable Delete,method=Main#dfs:126 <name=next_station,type=int (id=7),value=<?>,index=13>
Variable Write,context=Main#dfs:126,node1=1
Variable Write,context=Main#dfs:126,node2=2
Variable Write,context=Main#dfs:126,cost=25
Variable Write,context=Main#dfs:126,next_station=-1
Variable Write,context=Main#dfs:126,i=2
Variable Delete,method=Main#dfs:126 <name=node1,type=int (id=7),value=<?>,index=10>
Variable Delete,method=Main#dfs:126 <name=node2,type=int (id=7),value=<?>,index=11>
Variable Delete,method=Main#dfs:126 <name=cost,type=int (id=7),value=<?>,index=12>
Variable Delete,method=Main#dfs:126 <name=next_station,type=int (id=7),value=<?>,index=13>
Variable Write,context=Main#dfs:126,i=3
Variable Write,context=Main#dfs:126,i=4
Variable Write,context=Main#dfs:126,node1=3
Variable Write,context=Main#dfs:126,node2=4
Variable Write,context=Main#dfs:126,cost=58
Variable Write,context=Main#dfs:126,next_station=-1
Variable Write,context=Main#dfs:126,i=5
Variable Delete,method=Main#dfs:126 <name=node1,type=int (id=7),value=<?>,index=10>
Variable Delete,method=Main#dfs:126 <name=node2,type=int (id=7),value=<?>,index=11>
Variable Delete,method=Main#dfs:126 <name=cost,type=int (id=7),value=<?>,index=12>
Variable Delete,method=Main#dfs:126 <name=next_station,type=int (id=7),value=<?>,index=13>
Variable Write,context=Main#dfs:126,node1=4
Variable Write,context=Main#dfs:126,node2=8
Variable Write,context=Main#dfs:126,cost=68
Variable Write,context=Main#dfs:126,next_station=-1
Variable Write,context=Main#dfs:126,i=6
Variable Delete,method=Main#dfs:126 <name=node1,type=int (id=7),value=<?>,index=10>
Variable Delete,method=Main#dfs:126 <name=node2,type=int (id=7),value=<?>,index=11>
Variable Delete,method=Main#dfs:126 <name=cost,type=int (id=7),value=<?>,index=12>
Variable Delete,method=Main#dfs:126 <name=next_station,type=int (id=7),value=<?>,index=13>
Variable Write,context=Main#dfs:126,node1=5
Variable Write,context=Main#dfs:126,node2=6
Variable Write,context=Main#dfs:126,cost=80
Variable Write,context=Main#dfs:126,next_station=-1
Variable Write,context=Main#dfs:126,next_station=6
Method Call,caller=Main#dfs:126,target=Main#dfs:127
Variable Write,context=Main#dfs:127,next=int[][]:1
Variable Write,context=Main#dfs:127,adj_list=int[][]:3
Variable Write,context=Main#dfs:127,nl=10
Variable Write,context=Main#dfs:127,bit=76
Variable Write,context=Main#dfs:127,cur_station=6
Variable Write,context=Main#dfs:127,ns=10
Variable Write,context=Main#dfs:127,max_next_path=2147483647
Variable Write,context=Main#dfs:127,max_next_station=2147483647
Variable Write,context=Main#dfs:127,max_cost=0
Variable Write,context=Main#dfs:127,i=0
Variable Write,context=Main#dfs:127,node1=0
Variable Write,context=Main#dfs:127,node2=1
Variable Write,context=Main#dfs:127,cost=11
Variable Write,context=Main#dfs:127,next_station=-1
Variable Write,context=Main#dfs:127,i=1
Variable Delete,method=Main#dfs:127 <name=node1,type=int (id=7),value=<?>,index=10>
Variable Delete,method=Main#dfs:127 <name=node2,type=int (id=7),value=<?>,index=11>
Variable Delete,method=Main#dfs:127 <name=cost,type=int (id=7),value=<?>,index=12>
Variable Delete,method=Main#dfs:127 <name=next_station,type=int (id=7),value=<?>,index=13>
Variable Write,context=Main#dfs:127,node1=1
Variable Write,context=Main#dfs:127,node2=2
Variable Write,context=Main#dfs:127,cost=25
Variable Write,context=Main#dfs:127,next_station=-1
Variable Write,context=Main#dfs:127,i=2
Variable Delete,method=Main#dfs:127 <name=node1,type=int (id=7),value=<?>,index=10>
Variable Delete,method=Main#dfs:127 <name=node2,type=int (id=7),value=<?>,index=11>
Variable Delete,method=Main#dfs:127 <name=cost,type=int (id=7),value=<?>,index=12>
Variable Delete,method=Main#dfs:127 <name=next_station,type=int (id=7),value=<?>,index=13>
Variable Write,context=Main#dfs:127,i=3
Variable Write,context=Main#dfs:127,i=4
Variable Write,context=Main#dfs:127,node1=3
Variable Write,context=Main#dfs:127,node2=4
Variable Write,context=Main#dfs:127,cost=58
Variable Write,context=Main#dfs:127,next_station=-1
Variable Write,context=Main#dfs:127,i=5
Variable Delete,method=Main#dfs:127 <name=node1,type=int (id=7),value=<?>,index=10>
Variable Delete,method=Main#dfs:127 <name=node2,type=int (id=7),value=<?>,index=11>
Variable Delete,method=Main#dfs:127 <name=cost,type=int (id=7),value=<?>,index=12>
Variable Delete,method=Main#dfs:127 <name=next_station,type=int (id=7),value=<?>,index=13>
Variable Write,context=Main#dfs:127,node1=4
Variable Write,context=Main#dfs:127,node2=8
Variable Write,context=Main#dfs:127,cost=68
Variable Write,context=Main#dfs:127,next_station=-1
Variable Write,context=Main#dfs:127,i=6
Variable Delete,method=Main#dfs:127 <name=node1,type=int (id=7),value=<?>,index=10>
Variable Delete,method=Main#dfs:127 <name=node2,type=int (id=7),value=<?>,index=11>
Variable Delete,method=Main#dfs:127 <name=cost,type=int (id=7),value=<?>,index=12>
Variable Delete,method=Main#dfs:127 <name=next_station,type=int (id=7),value=<?>,index=13>
Variable Write,context=Main#dfs:127,i=7
Variable Write,context=Main#dfs:127,node1=5
Variable Write,context=Main#dfs:127,node2=8
Variable Write,context=Main#dfs:127,cost=67
Variable Write,context=Main#dfs:127,next_station=-1
Variable Write,context=Main#dfs:127,i=8
Variable Delete,method=Main#dfs:127 <name=node1,type=int (id=7),value=<?>,index=10>
Variable Delete,method=Main#dfs:127 <name=node2,type=int (id=7),value=<?>,index=11>
Variable Delete,method=Main#dfs:127 <name=cost,type=int (id=7),value=<?>,index=12>
Variable Delete,method=Main#dfs:127 <name=next_station,type=int (id=7),value=<?>,index=13>
Variable Write,context=Main#dfs:127,node1=7
Variable Write,context=Main#dfs:127,node2=8
Variable Write,context=Main#dfs:127,cost=44
Variable Write,context=Main#dfs:127,next_station=-1
Variable Write,context=Main#dfs:127,i=9
Variable Delete,method=Main#dfs:127 <name=node1,type=int (id=7),value=<?>,index=10>
Variable Delete,method=Main#dfs:127 <name=node2,type=int (id=7),value=<?>,index=11>
Variable Delete,method=Main#dfs:127 <name=cost,type=int (id=7),value=<?>,index=12>
Variable Delete,method=Main#dfs:127 <name=next_station,type=int (id=7),value=<?>,index=13>
Variable Write,context=Main#dfs:127,node1=8
Variable Write,context=Main#dfs:127,node2=9
Variable Write,context=Main#dfs:127,cost=21
Variable Write,context=Main#dfs:127,next_station=-1
Variable Delete,method=Main#dfs:127 <name=node1,type=int (id=7),value=<?>,index=10>
Variable Delete,method=Main#dfs:127 <name=node2,type=int (id=7),value=<?>,index=11>
Variable Delete,method=Main#dfs:127 <name=cost,type=int (id=7),value=<?>,index=12>
Variable Delete,method=Main#dfs:127 <name=next_station,type=int (id=7),value=<?>,index=13>
Variable Delete,method=Main#dfs:127 <name=i,type=int (id=7),value=<?>,index=9>
Variable Write,context=Main#dfs:127,result=0
Method Exit,returner=Main#dfs:127,value=0
Variable Write,context=Main#dfs:126,ret=80
Variable Write,context=Main#dfs:126,max_next_path=6
Variable Write,context=Main#dfs:126,max_cost=80
Variable Write,context=Main#dfs:126,max_next_station=6
Variable Write,context=Main#dfs:126,i=7
Variable Delete,method=Main#dfs:126 <name=node1,type=int (id=7),value=<?>,index=10>
Variable Delete,method=Main#dfs:126 <name=node2,type=int (id=7),value=<?>,index=11>
Variable Delete,method=Main#dfs:126 <name=cost,type=int (id=7),value=<?>,index=12>
Variable Delete,method=Main#dfs:126 <name=next_station,type=int (id=7),value=<?>,index=13>
Variable Delete,method=Main#dfs:126 <name=ret,type=int (id=7),value=<?>,index=14>
Variable Write,context=Main#dfs:126,node1=5
Variable Write,context=Main#dfs:126,node2=8
Variable Write,context=Main#dfs:126,cost=67
Variable Write,context=Main#dfs:126,next_station=-1
Variable Write,context=Main#dfs:126,next_station=8
Method Call,caller=Main#dfs:126,target=Main#dfs:128
Variable Write,context=Main#dfs:128,next=int[][]:1
Variable Write,context=Main#dfs:128,adj_list=int[][]:3
Variable Write,context=Main#dfs:128,nl=10
Variable Write,context=Main#dfs:128,bit=140
Variable Write,context=Main#dfs:128,cur_station=8
Variable Write,context=Main#dfs:128,ns=10
Variable Write,context=Main#dfs:128,max_next_path=2147483647
Variable Write,context=Main#dfs:128,max_next_station=2147483647
Variable Write,context=Main#dfs:128,max_cost=0
Variable Write,context=Main#dfs:128,i=0
Variable Write,context=Main#dfs:128,node1=0
Variable Write,context=Main#dfs:128,node2=1
Variable Write,context=Main#dfs:128,cost=11
Variable Write,context=Main#dfs:128,next_station=-1
Variable Write,context=Main#dfs:128,i=1
Variable Delete,method=Main#dfs:128 <name=node1,type=int (id=7),value=<?>,index=10>
Variable Delete,method=Main#dfs:128 <name=node2,type=int (id=7),value=<?>,index=11>
Variable Delete,method=Main#dfs:128 <name=cost,type=int (id=7),value=<?>,index=12>
Variable Delete,method=Main#dfs:128 <name=next_station,type=int (id=7),value=<?>,index=13>
Variable Write,context=Main#dfs:128,node1=1
Variable Write,context=Main#dfs:128,node2=2
Variable Write,context=Main#dfs:128,cost=25
Variable Write,context=Main#dfs:128,next_station=-1
Variable Write,context=Main#dfs:128,i=2
Variable Delete,method=Main#dfs:128 <name=node1,type=int (id=7),value=<?>,index=10>
Variable Delete,method=Main#dfs:128 <name=node2,type=int (id=7),value=<?>,index=11>
Variable Delete,method=Main#dfs:128 <name=cost,type=int (id=7),value=<?>,index=12>
Variable Delete,method=Main#dfs:128 <name=next_station,type=int (id=7),value=<?>,index=13>
Variable Write,context=Main#dfs:128,i=3
Variable Write,context=Main#dfs:128,i=4
Variable Write,context=Main#dfs:128,node1=3
Variable Write,context=Main#dfs:128,node2=4
Variable Write,context=Main#dfs:128,cost=58
Variable Write,context=Main#dfs:128,next_station=-1
Variable Write,context=Main#dfs:128,i=5
Variable Delete,method=Main#dfs:128 <name=node1,type=int (id=7),value=<?>,index=10>
Variable Delete,method=Main#dfs:128 <name=node2,type=int (id=7),value=<?>,index=11>
Variable Delete,method=Main#dfs:128 <name=cost,type=int (id=7),value=<?>,index=12>
Variable Delete,method=Main#dfs:128 <name=next_station,type=int (id=7),value=<?>,index=13>
Variable Write,context=Main#dfs:128,node1=4
Variable Write,context=Main#dfs:128,node2=8
Variable Write,context=Main#dfs:128,cost=68
Variable Write,context=Main#dfs:128,next_station=-1
Variable Write,context=Main#dfs:128,next_station=4
Method Call,caller=Main#dfs:128,target=Main#dfs:129
Variable Write,context=Main#dfs:129,next=int[][]:1
Variable Write,context=Main#dfs:129,adj_list=int[][]:3
Variable Write,context=Main#dfs:129,nl=10
Variable Write,context=Main#dfs:129,bit=172
Variable Write,context=Main#dfs:129,cur_station=4
Variable Write,context=Main#dfs:129,ns=10
Variable Write,context=Main#dfs:129,max_next_path=2147483647
Variable Write,context=Main#dfs:129,max_next_station=2147483647
Variable Write,context=Main#dfs:129,max_cost=0
Variable Write,context=Main#dfs:129,i=0
Variable Write,context=Main#dfs:129,node1=0
Variable Write,context=Main#dfs:129,node2=1
Variable Write,context=Main#dfs:129,cost=11
Variable Write,context=Main#dfs:129,next_station=-1
Variable Write,context=Main#dfs:129,i=1
Variable Delete,method=Main#dfs:129 <name=node1,type=int (id=7),value=<?>,index=10>
Variable Delete,method=Main#dfs:129 <name=node2,type=int (id=7),value=<?>,index=11>
Variable Delete,method=Main#dfs:129 <name=cost,type=int (id=7),value=<?>,index=12>
Variable Delete,method=Main#dfs:129 <name=next_station,type=int (id=7),value=<?>,index=13>
Variable Write,context=Main#dfs:129,node1=1
Variable Write,context=Main#dfs:129,node2=2
Variable Write,context=Main#dfs:129,cost=25
Variable Write,context=Main#dfs:129,next_station=-1
Variable Write,context=Main#dfs:129,i=2
Variable Delete,method=Main#dfs:129 <name=node1,type=int (id=7),value=<?>,index=10>
Variable Delete,method=Main#dfs:129 <name=node2,type=int (id=7),value=<?>,index=11>
Variable Delete,method=Main#dfs:129 <name=cost,type=int (id=7),value=<?>,index=12>
Variable Delete,method=Main#dfs:129 <name=next_station,type=int (id=7),value=<?>,index=13>
Variable Write,context=Main#dfs:129,i=3
Variable Write,context=Main#dfs:129,i=4
Variable Write,context=Main#dfs:129,node1=3
Variable Write,context=Main#dfs:129,node2=4
Variable Write,context=Main#dfs:129,cost=58
Variable Write,context=Main#dfs:129,next_station=-1
Variable Write,context=Main#dfs:129,next_station=3
Method Call,caller=Main#dfs:129,target=Main#dfs:130
Variable Write,context=Main#dfs:130,next=int[][]:1
Variable Write,context=Main#dfs:130,adj_list=int[][]:3
Variable Write,context=Main#dfs:130,nl=10
Variable Write,context=Main#dfs:130,bit=188
Variable Write,context=Main#dfs:130,cur_station=3
Variable Write,context=Main#dfs:130,ns=10
Variable Write,context=Main#dfs:130,max_next_path=2147483647
Variable Write,context=Main#dfs:130,max_next_station=2147483647
Variable Write,context=Main#dfs:130,max_cost=0
Variable Write,context=Main#dfs:130,i=0
Variable Write,context=Main#dfs:130,node1=0
Variable Write,context=Main#dfs:130,node2=1
Variable Write,context=Main#dfs:130,cost=11
Variable Write,context=Main#dfs:130,next_station=-1
Variable Write,context=Main#dfs:130,i=1
Variable Delete,method=Main#dfs:130 <name=node1,type=int (id=7),value=<?>,index=10>
Variable Delete,method=Main#dfs:130 <name=node2,type=int (id=7),value=<?>,index=11>
Variable Delete,method=Main#dfs:130 <name=cost,type=int (id=7),value=<?>,index=12>
Variable Delete,method=Main#dfs:130 <name=next_station,type=int (id=7),value=<?>,index=13>
Variable Write,context=Main#dfs:130,node1=1
Variable Write,context=Main#dfs:130,node2=2
Variable Write,context=Main#dfs:130,cost=25
Variable Write,context=Main#dfs:130,next_station=-1
Variable Write,context=Main#dfs:130,i=2
Variable Delete,method=Main#dfs:130 <name=node1,type=int (id=7),value=<?>,index=10>
Variable Delete,method=Main#dfs:130 <name=node2,type=int (id=7),value=<?>,index=11>
Variable Delete,method=Main#dfs:130 <name=cost,type=int (id=7),value=<?>,index=12>
Variable Delete,method=Main#dfs:130 <name=next_station,type=int (id=7),value=<?>,index=13>
Variable Write,context=Main#dfs:130,i=3
Variable Write,context=Main#dfs:130,i=4
Variable Write,context=Main#dfs:130,i=5
Variable Write,context=Main#dfs:130,i=6
Variable Write,context=Main#dfs:130,node1=5
Variable Write,context=Main#dfs:130,node2=6
Variable Write,context=Main#dfs:130,cost=80
Variable Write,context=Main#dfs:130,next_station=-1
Variable Write,context=Main#dfs:130,i=7
Variable Delete,method=Main#dfs:130 <name=node1,type=int (id=7),value=<?>,index=10>
Variable Delete,method=Main#dfs:130 <name=node2,type=int (id=7),value=<?>,index=11>
Variable Delete,method=Main#dfs:130 <name=cost,type=int (id=7),value=<?>,index=12>
Variable Delete,method=Main#dfs:130 <name=next_station,type=int (id=7),value=<?>,index=13>
Variable Write,context=Main#dfs:130,i=8
Variable Write,context=Main#dfs:130,node1=7
Variable Write,context=Main#dfs:130,node2=8
Variable Write,context=Main#dfs:130,cost=44
Variable Write,context=Main#dfs:130,next_station=-1
Variable Write,context=Main#dfs:130,i=9
Variable Delete,method=Main#dfs:130 <name=node1,type=int (id=7),value=<?>,index=10>
Variable Delete,method=Main#dfs:130 <name=node2,type=int (id=7),value=<?>,index=11>
Variable Delete,method=Main#dfs:130 <name=cost,type=int (id=7),value=<?>,index=12>
Variable Delete,method=Main#dfs:130 <name=next_station,type=int (id=7),value=<?>,index=13>
Variable Write,context=Main#dfs:130,node1=8
Variable Write,context=Main#dfs:130,node2=9
Variable Write,context=Main#dfs:130,cost=21
Variable Write,context=Main#dfs:130,next_station=-1
Variable Delete,method=Main#dfs:130 <name=node1,type=int (id=7),value=<?>,index=10>
Variable Delete,method=Main#dfs:130 <name=node2,type=int (id=7),value=<?>,index=11>
Variable Delete,method=Main#dfs:130 <name=cost,type=int (id=7),value=<?>,index=12>
Variable Delete,method=Main#dfs:130 <name=next_station,type=int (id=7),value=<?>,index=13>
Variable Delete,method=Main#dfs:130 <name=i,type=int (id=7),value=<?>,index=9>
Variable Write,context=Main#dfs:130,result=0
Method Exit,returner=Main#dfs:130,value=0
Variable Write,context=Main#dfs:129,ret=58
Variable Write,context=Main#dfs:129,max_next_path=4
Variable Write,context=Main#dfs:129,max_cost=58
Variable Write,context=Main#dfs:129,max_next_station=3
Variable Write,context=Main#dfs:129,i=5
Variable Delete,method=Main#dfs:129 <name=node1,type=int (id=7),value=<?>,index=10>
Variable Delete,method=Main#dfs:129 <name=node2,type=int (id=7),value=<?>,index=11>
Variable Delete,method=Main#dfs:129 <name=cost,type=int (id=7),value=<?>,index=12>
Variable Delete,method=Main#dfs:129 <name=next_station,type=int (id=7),value=<?>,index=13>
Variable Delete,method=Main#dfs:129 <name=ret,type=int (id=7),value=<?>,index=14>
Variable Write,context=Main#dfs:129,i=6
Variable Write,context=Main#dfs:129,node1=5
Variable Write,context=Main#dfs:129,node2=6
Variable Write,context=Main#dfs:129,cost=80
Variable Write,context=Main#dfs:129,next_station=-1
Variable Write,context=Main#dfs:129,i=7
Variable Delete,method=Main#dfs:129 <name=node1,type=int (id=7),value=<?>,index=10>
Variable Delete,method=Main#dfs:129 <name=node2,type=int (id=7),value=<?>,index=11>
Variable Delete,method=Main#dfs:129 <name=cost,type=int (id=7),value=<?>,index=12>
Variable Delete,method=Main#dfs:129 <name=next_station,type=int (id=7),value=<?>,index=13>
Variable Write,context=Main#dfs:129,i=8
Variable Write,context=Main#dfs:129,node1=7
Variable Write,context=Main#dfs:129,node2=8
Variable Write,context=Main#dfs:129,cost=44
Variable Write,context=Main#dfs:129,next_station=-1
Variable Write,context=Main#dfs:129,i=9
Variable Delete,method=Main#dfs:129 <name=node1,type=int (id=7),value=<?>,index=10>
Variable Delete,method=Main#dfs:129 <name=node2,type=int (id=7),value=<?>,index=11>
Variable Delete,method=Main#dfs:129 <name=cost,type=int (id=7),value=<?>,index=12>
Variable Delete,method=Main#dfs:129 <name=next_station,type=int (id=7),value=<?>,index=13>
Variable Write,context=Main#dfs:129,node1=8
Variable Write,context=Main#dfs:129,node2=9
Variable Write,context=Main#dfs:129,cost=21
Variable Write,context=Main#dfs:129,next_station=-1
Variable Delete,method=Main#dfs:129 <name=node1,type=int (id=7),value=<?>,index=10>
Variable Delete,method=Main#dfs:129 <name=node2,type=int (id=7),value=<?>,index=11>
Variable Delete,method=Main#dfs:129 <name=cost,type=int (id=7),value=<?>,index=12>
Variable Delete,method=Main#dfs:129 <name=next_station,type=int (id=7),value=<?>,index=13>
Variable Delete,method=Main#dfs:129 <name=i,type=int (id=7),value=<?>,index=9>
Variable Write,context=Main#dfs:129,next=int[][]:1
Variable Write,context=Main#dfs:129,result=58
Method Exit,returner=Main#dfs:129,value=58
Variable Write,context=Main#dfs:128,ret=126
Variable Write,context=Main#dfs:128,max_next_path=5
Variable Write,context=Main#dfs:128,max_cost=126
Variable Write,context=Main#dfs:128,max_next_station=4
Variable Write,context=Main#dfs:128,i=6
Variable Delete,method=Main#dfs:128 <name=node1,type=int (id=7),value=<?>,index=10>
Variable Delete,method=Main#dfs:128 <name=node2,type=int (id=7),value=<?>,index=11>
Variable Delete,method=Main#dfs:128 <name=cost,type=int (id=7),value=<?>,index=12>
Variable Delete,method=Main#dfs:128 <name=next_station,type=int (id=7),value=<?>,index=13>
Variable Delete,method=Main#dfs:128 <name=ret,type=int (id=7),value=<?>,index=14>
Variable Write,context=Main#dfs:128,node1=5
Variable Write,context=Main#dfs:128,node2=6
Variable Write,context=Main#dfs:128,cost=80
Variable Write,context=Main#dfs:128,next_station=-1
Variable Write,context=Main#dfs:128,i=7
Variable Delete,method=Main#dfs:128 <name=node1,type=int (id=7),value=<?>,index=10>
Variable Delete,method=Main#dfs:128 <name=node2,type=int (id=7),value=<?>,index=11>
Variable Delete,method=Main#dfs:128 <name=cost,type=int (id=7),value=<?>,index=12>
Variable Delete,method=Main#dfs:128 <name=next_station,type=int (id=7),value=<?>,index=13>
Variable Write,context=Main#dfs:128,i=8
Variable Write,context=Main#dfs:128,node1=7
Variable Write,context=Main#dfs:128,node2=8
Variable Write,context=Main#dfs:128,cost=44
Variable Write,context=Main#dfs:128,next_station=-1
Variable Write,context=Main#dfs:128,next_station=7
Method Call,caller=Main#dfs:128,target=Main#dfs:131
Variable Write,context=Main#dfs:131,next=int[][]:1
Variable Write,context=Main#dfs:131,adj_list=int[][]:3
Variable Write,context=Main#dfs:131,nl=10
Variable Write,context=Main#dfs:131,bit=396
Variable Write,context=Main#dfs:131,cur_station=7
Variable Write,context=Main#dfs:131,ns=10
Variable Write,context=Main#dfs:131,max_next_path=2147483647
Variable Write,context=Main#dfs:131,max_next_station=2147483647
Variable Write,context=Main#dfs:131,max_cost=0
Variable Write,context=Main#dfs:131,i=0
Variable Write,context=Main#dfs:131,node1=0
Variable Write,context=Main#dfs:131,node2=1
Variable Write,context=Main#dfs:131,cost=11
Variable Write,context=Main#dfs:131,next_station=-1
Variable Write,context=Main#dfs:131,i=1
Variable Delete,method=Main#dfs:131 <name=node1,type=int (id=7),value=<?>,index=10>
Variable Delete,method=Main#dfs:131 <name=node2,type=int (id=7),value=<?>,index=11>
Variable Delete,method=Main#dfs:131 <name=cost,type=int (id=7),value=<?>,index=12>
Variable Delete,method=Main#dfs:131 <name=next_station,type=int (id=7),value=<?>,index=13>
Variable Write,context=Main#dfs:131,node1=1
Variable Write,context=Main#dfs:131,node2=2
Variable Write,context=Main#dfs:131,cost=25
Variable Write,context=Main#dfs:131,next_station=-1
Variable Write,context=Main#dfs:131,i=2
Variable Delete,method=Main#dfs:131 <name=node1,type=int (id=7),value=<?>,index=10>
Variable Delete,method=Main#dfs:131 <name=node2,type=int (id=7),value=<?>,index=11>
Variable Delete,method=Main#dfs:131 <name=cost,type=int (id=7),value=<?>,index=12>
Variable Delete,method=Main#dfs:131 <name=next_station,type=int (id=7),value=<?>,index=13>
Variable Write,context=Main#dfs:131,i=3
Variable Write,context=Main#dfs:131,i=4
Variable Write,context=Main#dfs:131,node1=3
Variable Write,context=Main#dfs:131,node2=4
Variable Write,context=Main#dfs:131,cost=58
Variable Write,context=Main#dfs:131,next_station=-1
Variable Write,context=Main#dfs:131,i=5
Variable Delete,method=Main#dfs:131 <name=node1,type=int (id=7),value=<?>,index=10>
Variable Delete,method=Main#dfs:131 <name=node2,type=int (id=7),value=<?>,index=11>
Variable Delete,method=Main#dfs:131 <name=cost,type=int (id=7),value=<?>,index=12>
Variable Delete,method=Main#dfs:131 <name=next_station,type=int (id=7),value=<?>,index=13>
Variable Write,context=Main#dfs:131,node1=4
Variable Write,context=Main#dfs:131,node2=8
Variable Write,context=Main#dfs:131,cost=68
Variable Write,context=Main#dfs:131,next_station=-1
Variable Write,context=Main#dfs:131,i=6
Variable Delete,method=Main#dfs:131 <name=node1,type=int (id=7),value=<?>,index=10>
Variable Delete,method=Main#dfs:131 <name=node2,type=int (id=7),value=<?>,index=11>
Variable Delete,method=Main#dfs:131 <name=cost,type=int (id=7),value=<?>,index=12>
Variable Delete,method=Main#dfs:131 <name=next_station,type=int (id=7),value=<?>,index=13>
Variable Write,context=Main#dfs:131,node1=5
Variable Write,context=Main#dfs:131,node2=6
Variable Write,context=Main#dfs:131,cost=80
Variable Write,context=Main#dfs:131,next_station=-1
Variable Write,context=Main#dfs:131,i=7
Variable Delete,method=Main#dfs:131 <name=node1,type=int (id=7),value=<?>,index=10>
Variable Delete,method=Main#dfs:131 <name=node2,type=int (id=7),value=<?>,index=11>
Variable Delete,method=Main#dfs:131 <name=cost,type=int (id=7),value=<?>,index=12>
Variable Delete,method=Main#dfs:131 <name=next_station,type=int (id=7),value=<?>,index=13>
Variable Write,context=Main#dfs:131,i=8
Variable Write,context=Main#dfs:131,i=9
Variable Write,context=Main#dfs:131,node1=8
Variable Write,context=Main#dfs:131,node2=9
Variable Write,context=Main#dfs:131,cost=21
Variable Write,context=Main#dfs:131,next_station=-1
Variable Delete,method=Main#dfs:131 <name=node1,type=int (id=7),value=<?>,index=10>
Variable Delete,method=Main#dfs:131 <name=node2,type=int (id=7),value=<?>,index=11>
Variable Delete,method=Main#dfs:131 <name=cost,type=int (id=7),value=<?>,index=12>
Variable Delete,method=Main#dfs:131 <name=next_station,type=int (id=7),value=<?>,index=13>
Variable Delete,method=Main#dfs:131 <name=i,type=int (id=7),value=<?>,index=9>
Variable Write,context=Main#dfs:131,result=0
Method Exit,returner=Main#dfs:131,value=0
Variable Write,context=Main#dfs:128,ret=44
Variable Write,context=Main#dfs:128,i=9
Variable Delete,method=Main#dfs:128 <name=node1,type=int (id=7),value=<?>,index=10>
Variable Delete,method=Main#dfs:128 <name=node2,type=int (id=7),value=<?>,index=11>
Variable Delete,method=Main#dfs:128 <name=cost,type=int (id=7),value=<?>,index=12>
Variable Delete,method=Main#dfs:128 <name=next_station,type=int (id=7),value=<?>,index=13>
Variable Delete,method=Main#dfs:128 <name=ret,type=int (id=7),value=<?>,index=14>
Variable Write,context=Main#dfs:128,node1=8
Variable Write,context=Main#dfs:128,node2=9
Variable Write,context=Main#dfs:128,cost=21
Variable Write,context=Main#dfs:128,next_station=-1
Variable Write,context=Main#dfs:128,next_station=9
Method Call,caller=Main#dfs:128,target=Main#dfs:132
Variable Write,context=Main#dfs:132,next=int[][]:1
Variable Write,context=Main#dfs:132,adj_list=int[][]:3
Variable Write,context=Main#dfs:132,nl=10
Variable Write,context=Main#dfs:132,bit=652
Variable Write,context=Main#dfs:132,cur_station=9
Variable Write,context=Main#dfs:132,ns=10
Variable Write,context=Main#dfs:132,max_next_path=2147483647
Variable Write,context=Main#dfs:132,max_next_station=2147483647
Variable Write,context=Main#dfs:132,max_cost=0
Variable Write,context=Main#dfs:132,i=0
Variable Write,context=Main#dfs:132,node1=0
Variable Write,context=Main#dfs:132,node2=1
Variable Write,context=Main#dfs:132,cost=11
Variable Write,context=Main#dfs:132,next_station=-1
Variable Write,context=Main#dfs:132,i=1
Variable Delete,method=Main#dfs:132 <name=node1,type=int (id=7),value=<?>,index=10>
Variable Delete,method=Main#dfs:132 <name=node2,type=int (id=7),value=<?>,index=11>
Variable Delete,method=Main#dfs:132 <name=cost,type=int (id=7),value=<?>,index=12>
Variable Delete,method=Main#dfs:132 <name=next_station,type=int (id=7),value=<?>,index=13>
Variable Write,context=Main#dfs:132,node1=1
Variable Write,context=Main#dfs:132,node2=2
Variable Write,context=Main#dfs:132,cost=25
Variable Write,context=Main#dfs:132,next_station=-1
Variable Write,context=Main#dfs:132,i=2
Variable Delete,method=Main#dfs:132 <name=node1,type=int (id=7),value=<?>,index=10>
Variable Delete,method=Main#dfs:132 <name=node2,type=int (id=7),value=<?>,index=11>
Variable Delete,method=Main#dfs:132 <name=cost,type=int (id=7),value=<?>,index=12>
Variable Delete,method=Main#dfs:132 <name=next_station,type=int (id=7),value=<?>,index=13>
Variable Write,context=Main#dfs:132,i=3
Variable Write,context=Main#dfs:132,i=4
Variable Write,context=Main#dfs:132,node1=3
Variable Write,context=Main#dfs:132,node2=4
Variable Write,context=Main#dfs:132,cost=58
Variable Write,context=Main#dfs:132,next_station=-1
Variable Write,context=Main#dfs:132,i=5
Variable Delete,method=Main#dfs:132 <name=node1,type=int (id=7),value=<?>,index=10>
Variable Delete,method=Main#dfs:132 <name=node2,type=int (id=7),value=<?>,index=11>
Variable Delete,method=Main#dfs:132 <name=cost,type=int (id=7),value=<?>,index=12>
Variable Delete,method=Main#dfs:132 <name=next_station,type=int (id=7),value=<?>,index=13>
Variable Write,context=Main#dfs:132,node1=4
Variable Write,context=Main#dfs:132,node2=8
Variable Write,context=Main#dfs:132,cost=68
Variable Write,context=Main#dfs:132,next_station=-1
Variable Write,context=Main#dfs:132,i=6
Variable Delete,method=Main#dfs:132 <name=node1,type=int (id=7),value=<?>,index=10>
Variable Delete,method=Main#dfs:132 <name=node2,type=int (id=7),value=<?>,index=11>
Variable Delete,method=Main#dfs:132 <name=cost,type=int (id=7),value=<?>,index=12>
Variable Delete,method=Main#dfs:132 <name=next_station,type=int (id=7),value=<?>,index=13>
Variable Write,context=Main#dfs:132,node1=5
Variable Write,context=Main#dfs:132,node2=6
Variable Write,context=Main#dfs:132,cost=80
Variable Write,context=Main#dfs:132,next_station=-1
Variable Write,context=Main#dfs:132,i=7
Variable Delete,method=Main#dfs:132 <name=node1,type=int (id=7),value=<?>,index=10>
Variable Delete,method=Main#dfs:132 <name=node2,type=int (id=7),value=<?>,index=11>
Variable Delete,method=Main#dfs:132 <name=cost,type=int (id=7),value=<?>,index=12>
Variable Delete,method=Main#dfs:132 <name=next_station,type=int (id=7),value=<?>,index=13>
Variable Write,context=Main#dfs:132,i=8
Variable Write,context=Main#dfs:132,node1=7
Variable Write,context=Main#dfs:132,node2=8
Variable Write,context=Main#dfs:132,cost=44
Variable Write,context=Main#dfs:132,next_station=-1
Variable Write,context=Main#dfs:132,i=9
Variable Delete,method=Main#dfs:132 <name=node1,type=int (id=7),value=<?>,index=10>
Variable Delete,method=Main#dfs:132 <name=node2,type=int (id=7),value=<?>,index=11>
Variable Delete,method=Main#dfs:132 <name=cost,type=int (id=7),value=<?>,index=12>
Variable Delete,method=Main#dfs:132 <name=next_station,type=int (id=7),value=<?>,index=13>
Variable Delete,method=Main#dfs:132 <name=i,type=int (id=7),value=<?>,index=9>
Variable Write,context=Main#dfs:132,result=0
Method Exit,returner=Main#dfs:132,value=0
Variable Write,context=Main#dfs:128,ret=21
Variable Delete,method=Main#dfs:128 <name=node1,type=int (id=7),value=<?>,index=10>
Variable Delete,method=Main#dfs:128 <name=node2,type=int (id=7),value=<?>,index=11>
Variable Delete,method=Main#dfs:128 <name=cost,type=int (id=7),value=<?>,index=12>
Variable Delete,method=Main#dfs:128 <name=next_station,type=int (id=7),value=<?>,index=13>
Variable Delete,method=Main#dfs:128 <name=ret,type=int (id=7),value=<?>,index=14>
Variable Delete,method=Main#dfs:128 <name=i,type=int (id=7),value=<?>,index=9>
Variable Write,context=Main#dfs:128,next=int[][]:1
Variable Write,context=Main#dfs:128,result=126
Method Exit,returner=Main#dfs:128,value=126
Variable Write,context=Main#dfs:126,ret=193
Variable Write,context=Main#dfs:126,max_next_path=7
Variable Write,context=Main#dfs:126,max_cost=193
Variable Write,context=Main#dfs:126,max_next_station=8
Variable Write,context=Main#dfs:126,i=8
Variable Delete,method=Main#dfs:126 <name=node1,type=int (id=7),value=<?>,index=10>
Variable Delete,method=Main#dfs:126 <name=node2,type=int (id=7),value=<?>,index=11>
Variable Delete,method=Main#dfs:126 <name=cost,type=int (id=7),value=<?>,index=12>
Variable Delete,method=Main#dfs:126 <name=next_station,type=int (id=7),value=<?>,index=13>
Variable Delete,method=Main#dfs:126 <name=ret,type=int (id=7),value=<?>,index=14>
Variable Write,context=Main#dfs:126,node1=7
Variable Write,context=Main#dfs:126,node2=8
Variable Write,context=Main#dfs:126,cost=44
Variable Write,context=Main#dfs:126,next_station=-1
Variable Write,context=Main#dfs:126,i=9
Variable Delete,method=Main#dfs:126 <name=node1,type=int (id=7),value=<?>,index=10>
Variable Delete,method=Main#dfs:126 <name=node2,type=int (id=7),value=<?>,index=11>
Variable Delete,method=Main#dfs:126 <name=cost,type=int (id=7),value=<?>,index=12>
Variable Delete,method=Main#dfs:126 <name=next_station,type=int (id=7),value=<?>,index=13>
Variable Write,context=Main#dfs:126,node1=8
Variable Write,context=Main#dfs:126,node2=9
Variable Write,context=Main#dfs:126,cost=21
Variable Write,context=Main#dfs:126,next_station=-1
Variable Delete,method=Main#dfs:126 <name=node1,type=int (id=7),value=<?>,index=10>
Variable Delete,method=Main#dfs:126 <name=node2,type=int (id=7),value=<?>,index=11>
Variable Delete,method=Main#dfs:126 <name=cost,type=int (id=7),value=<?>,index=12>
Variable Delete,method=Main#dfs:126 <name=next_station,type=int (id=7),value=<?>,index=13>
Variable Delete,method=Main#dfs:126 <name=i,type=int (id=7),value=<?>,index=9>
Variable Write,context=Main#dfs:126,next=int[][]:1
Variable Write,context=Main#dfs:126,result=193
Method Exit,returner=Main#dfs:126,value=193
Variable Write,context=Main#dfs:123,ret=275
Variable Write,context=Main#dfs:123,max_next_path=3
Variable Write,context=Main#dfs:123,max_cost=275
Variable Write,context=Main#dfs:123,max_next_station=5
Variable Write,context=Main#dfs:123,i=4
Variable Delete,method=Main#dfs:123 <name=node1,type=int (id=7),value=<?>,index=10>
Variable Delete,method=Main#dfs:123 <name=node2,type=int (id=7),value=<?>,index=11>
Variable Delete,method=Main#dfs:123 <name=cost,type=int (id=7),value=<?>,index=12>
Variable Delete,method=Main#dfs:123 <name=next_station,type=int (id=7),value=<?>,index=13>
Variable Delete,method=Main#dfs:123 <name=ret,type=int (id=7),value=<?>,index=14>
Variable Write,context=Main#dfs:123,node1=3
Variable Write,context=Main#dfs:123,node2=4
Variable Write,context=Main#dfs:123,cost=58
Variable Write,context=Main#dfs:123,next_station=-1
Variable Write,context=Main#dfs:123,i=5
Variable Delete,method=Main#dfs:123 <name=node1,type=int (id=7),value=<?>,index=10>
Variable Delete,method=Main#dfs:123 <name=node2,type=int (id=7),value=<?>,index=11>
Variable Delete,method=Main#dfs:123 <name=cost,type=int (id=7),value=<?>,index=12>
Variable Delete,method=Main#dfs:123 <name=next_station,type=int (id=7),value=<?>,index=13>
Variable Write,context=Main#dfs:123,node1=4
Variable Write,context=Main#dfs:123,node2=8
Variable Write,context=Main#dfs:123,cost=68
Variable Write,context=Main#dfs:123,next_station=-1
Variable Write,context=Main#dfs:123,i=6
Variable Delete,method=Main#dfs:123 <name=node1,type=int (id=7),value=<?>,index=10>
Variable Delete,method=Main#dfs:123 <name=node2,type=int (id=7),value=<?>,index=11>
Variable Delete,method=Main#dfs:123 <name=cost,type=int (id=7),value=<?>,index=12>
Variable Delete,method=Main#dfs:123 <name=next_station,type=int (id=7),value=<?>,index=13>
Variable Write,context=Main#dfs:123,node1=5
Variable Write,context=Main#dfs:123,node2=6
Variable Write,context=Main#dfs:123,cost=80
Variable Write,context=Main#dfs:123,next_station=-1
Variable Write,context=Main#dfs:123,i=7
Variable Delete,method=Main#dfs:123 <name=node1,type=int (id=7),value=<?>,index=10>
Variable Delete,method=Main#dfs:123 <name=node2,type=int (id=7),value=<?>,index=11>
Variable Delete,method=Main#dfs:123 <name=cost,type=int (id=7),value=<?>,index=12>
Variable Delete,method=Main#dfs:123 <name=next_station,type=int (id=7),value=<?>,index=13>
Variable Write,context=Main#dfs:123,node1=5
Variable Write,context=Main#dfs:123,node2=8
Variable Write,context=Main#dfs:123,cost=67
Variable Write,context=Main#dfs:123,next_station=-1
Variable Write,context=Main#dfs:123,i=8
Variable Delete,method=Main#dfs:123 <name=node1,type=int (id=7),value=<?>,index=10>
Variable Delete,method=Main#dfs:123 <name=node2,type=int (id=7),value=<?>,index=11>
Variable Delete,method=Main#dfs:123 <name=cost,type=int (id=7),value=<?>,index=12>
Variable Delete,method=Main#dfs:123 <name=next_station,type=int (id=7),value=<?>,index=13>
Variable Write,context=Main#dfs:123,node1=7
Variable Write,context=Main#dfs:123,node2=8
Variable Write,context=Main#dfs:123,cost=44
Variable Write,context=Main#dfs:123,next_station=-1
Variable Write,context=Main#dfs:123,i=9
Variable Delete,method=Main#dfs:123 <name=node1,type=int (id=7),value=<?>,index=10>
Variable Delete,method=Main#dfs:123 <name=node2,type=int (id=7),value=<?>,index=11>
Variable Delete,method=Main#dfs:123 <name=cost,type=int (id=7),value=<?>,index=12>
Variable Delete,method=Main#dfs:123 <name=next_station,type=int (id=7),value=<?>,index=13>
Variable Write,context=Main#dfs:123,node1=8
Variable Write,context=Main#dfs:123,node2=9
Variable Write,context=Main#dfs:123,cost=21
Variable Write,context=Main#dfs:123,next_station=-1
Variable Delete,method=Main#dfs:123 <name=node1,type=int (id=7),value=<?>,index=10>
Variable Delete,method=Main#dfs:123 <name=node2,type=int (id=7),value=<?>,index=11>
Variable Delete,method=Main#dfs:123 <name=cost,type=int (id=7),value=<?>,index=12>
Variable Delete,method=Main#dfs:123 <name=next_station,type=int (id=7),value=<?>,index=13>
Variable Delete,method=Main#dfs:123 <name=i,type=int (id=7),value=<?>,index=9>
Variable Write,context=Main#dfs:123,next=int[][]:1
Variable Write,context=Main#dfs:123,result=275
Method Exit,returner=Main#dfs:123,value=275
Variable Write,context=Main#dfs:122,ret=356
Variable Write,context=Main#dfs:122,max_next_path=2
Variable Write,context=Main#dfs:122,max_cost=356
Variable Write,context=Main#dfs:122,max_next_station=1
Variable Write,context=Main#dfs:122,i=3
Variable Delete,method=Main#dfs:122 <name=node1,type=int (id=7),value=4,index=10>
Variable Delete,method=Main#dfs:122 <name=node2,type=int (id=7),value=8,index=11>
Variable Delete,method=Main#dfs:122 <name=cost,type=int (id=7),value=68,index=12>
Variable Delete,method=Main#dfs:122 <name=next_station,type=int (id=7),value=8,index=13>
Variable Delete,method=Main#dfs:122 <name=ret,type=int (id=7),value=<?>,index=14>
Variable Write,context=Main#dfs:122,node1=1
Variable Write,context=Main#dfs:122,node2=5
Variable Write,context=Main#dfs:122,cost=82
Variable Write,context=Main#dfs:122,next_station=-1
Variable Write,context=Main#dfs:122,i=4
Variable Delete,method=Main#dfs:122 <name=node1,type=int (id=7),value=4,index=10>
Variable Delete,method=Main#dfs:122 <name=node2,type=int (id=7),value=8,index=11>
Variable Delete,method=Main#dfs:122 <name=cost,type=int (id=7),value=68,index=12>
Variable Delete,method=Main#dfs:122 <name=next_station,type=int (id=7),value=8,index=13>
Variable Write,context=Main#dfs:122,node1=3
Variable Write,context=Main#dfs:122,node2=4
Variable Write,context=Main#dfs:122,cost=58
Variable Write,context=Main#dfs:122,next_station=-1
Variable Write,context=Main#dfs:122,next_station=3
Method Call,caller=Main#dfs:122,target=Main#dfs:133
Variable Write,context=Main#dfs:133,next=int[][]:1
Variable Write,context=Main#dfs:133,adj_list=int[][]:3
Variable Write,context=Main#dfs:133,nl=10
Variable Write,context=Main#dfs:133,bit=16
Variable Write,context=Main#dfs:133,cur_station=3
Variable Write,context=Main#dfs:133,ns=10
Variable Write,context=Main#dfs:133,max_next_path=2147483647
Variable Write,context=Main#dfs:133,max_next_station=2147483647
Variable Write,context=Main#dfs:133,max_cost=0
Variable Write,context=Main#dfs:133,i=0
Variable Write,context=Main#dfs:133,node1=0
Variable Write,context=Main#dfs:133,node2=1
Variable Write,context=Main#dfs:133,cost=11
Variable Write,context=Main#dfs:133,next_station=-1
Variable Write,context=Main#dfs:133,i=1
Variable Delete,method=Main#dfs:133 <name=node1,type=int (id=7),value=<?>,index=10>
Variable Delete,method=Main#dfs:133 <name=node2,type=int (id=7),value=<?>,index=11>
Variable Delete,method=Main#dfs:133 <name=cost,type=int (id=7),value=<?>,index=12>
Variable Delete,method=Main#dfs:133 <name=next_station,type=int (id=7),value=<?>,index=13>
Variable Write,context=Main#dfs:133,node1=1
Variable Write,context=Main#dfs:133,node2=2
Variable Write,context=Main#dfs:133,cost=25
Variable Write,context=Main#dfs:133,next_station=-1
Variable Write,context=Main#dfs:133,i=2
Variable Delete,method=Main#dfs:133 <name=node1,type=int (id=7),value=<?>,index=10>
Variable Delete,method=Main#dfs:133 <name=node2,type=int (id=7),value=<?>,index=11>
Variable Delete,method=Main#dfs:133 <name=cost,type=int (id=7),value=<?>,index=12>
Variable Delete,method=Main#dfs:133 <name=next_station,type=int (id=7),value=<?>,index=13>
Variable Write,context=Main#dfs:133,node1=1
Variable Write,context=Main#dfs:133,node2=4
Variable Write,context=Main#dfs:133,cost=81
Variable Write,context=Main#dfs:133,next_station=-1
Variable Write,context=Main#dfs:133,i=3
Variable Delete,method=Main#dfs:133 <name=node1,type=int (id=7),value=<?>,index=10>
Variable Delete,method=Main#dfs:133 <name=node2,type=int (id=7),value=<?>,index=11>
Variable Delete,method=Main#dfs:133 <name=cost,type=int (id=7),value=<?>,index=12>
Variable Delete,method=Main#dfs:133 <name=next_station,type=int (id=7),value=<?>,index=13>
Variable Write,context=Main#dfs:133,node1=1
Variable Write,context=Main#dfs:133,node2=5
Variable Write,context=Main#dfs:133,cost=82
Variable Write,context=Main#dfs:133,next_station=-1
Variable Write,context=Main#dfs:133,i=4
Variable Delete,method=Main#dfs:133 <name=node1,type=int (id=7),value=<?>,index=10>
Variable Delete,method=Main#dfs:133 <name=node2,type=int (id=7),value=<?>,index=11>
Variable Delete,method=Main#dfs:133 <name=cost,type=int (id=7),value=<?>,index=12>
Variable Delete,method=Main#dfs:133 <name=next_station,type=int (id=7),value=<?>,index=13>
Variable Write,context=Main#dfs:133,i=5
Variable Write,context=Main#dfs:133,node1=4
Variable Write,context=Main#dfs:133,node2=8
Variable Write,context=Main#dfs:133,cost=68
Variable Write,context=Main#dfs:133,next_station=-1
Variable Write,context=Main#dfs:133,i=6
Variable Delete,method=Main#dfs:133 <name=node1,type=int (id=7),value=<?>,index=10>
Variable Delete,method=Main#dfs:133 <name=node2,type=int (id=7),value=<?>,index=11>
Variable Delete,method=Main#dfs:133 <name=cost,type=int (id=7),value=<?>,index=12>
Variable Delete,method=Main#dfs:133 <name=next_station,type=int (id=7),value=<?>,index=13>
Variable Write,context=Main#dfs:133,node1=5
Variable Write,context=Main#dfs:133,node2=6
Variable Write,context=Main#dfs:133,cost=80
Variable Write,context=Main#dfs:133,next_station=-1
Variable Write,context=Main#dfs:133,i=7
Variable Delete,method=Main#dfs:133 <name=node1,type=int (id=7),value=<?>,index=10>
Variable Delete,method=Main#dfs:133 <name=node2,type=int (id=7),value=<?>,index=11>
Variable Delete,method=Main#dfs:133 <name=cost,type=int (id=7),value=<?>,index=12>
Variable Delete,method=Main#dfs:133 <name=next_station,type=int (id=7),value=<?>,index=13>
Variable Write,context=Main#dfs:133,node1=5
Variable Write,context=Main#dfs:133,node2=8
Variable Write,context=Main#dfs:133,cost=67
Variable Write,context=Main#dfs:133,next_station=-1
Variable Write,context=Main#dfs:133,i=8
Variable Delete,method=Main#dfs:133 <name=node1,type=int (id=7),value=<?>,index=10>
Variable Delete,method=Main#dfs:133 <name=node2,type=int (id=7),value=<?>,index=11>
Variable Delete,method=Main#dfs:133 <name=cost,type=int (id=7),value=<?>,index=12>
Variable Delete,method=Main#dfs:133 <name=next_station,type=int (id=7),value=<?>,index=13>
Variable Write,context=Main#dfs:133,node1=7
Variable Write,context=Main#dfs:133,node2=8
Variable Write,context=Main#dfs:133,cost=44
Variable Write,context=Main#dfs:133,next_station=-1
Variable Write,context=Main#dfs:133,i=9
Variable Delete,method=Main#dfs:133 <name=node1,type=int (id=7),value=<?>,index=10>
Variable Delete,method=Main#dfs:133 <name=node2,type=int (id=7),value=<?>,index=11>
Variable Delete,method=Main#dfs:133 <name=cost,type=int (id=7),value=<?>,index=12>
Variable Delete,method=Main#dfs:133 <name=next_station,type=int (id=7),value=<?>,index=13>
Variable Write,context=Main#dfs:133,node1=8
Variable Write,context=Main#dfs:133,node2=9
Variable Write,context=Main#dfs:133,cost=21
Variable Write,context=Main#dfs:133,next_station=-1
Variable Delete,method=Main#dfs:133 <name=node1,type=int (id=7),value=<?>,index=10>
Variable Delete,method=Main#dfs:133 <name=node2,type=int (id=7),value=<?>,index=11>
Variable Delete,method=Main#dfs:133 <name=cost,type=int (id=7),value=<?>,index=12>
Variable Delete,method=Main#dfs:133 <name=next_station,type=int (id=7),value=<?>,index=13>
Variable Delete,method=Main#dfs:133 <name=i,type=int (id=7),value=<?>,index=9>
Variable Write,context=Main#dfs:133,result=0
Method Exit,returner=Main#dfs:133,value=0
Variable Write,context=Main#dfs:122,ret=58
Variable Write,context=Main#dfs:122,i=5
Variable Delete,method=Main#dfs:122 <name=node1,type=int (id=7),value=4,index=10>
Variable Delete,method=Main#dfs:122 <name=node2,type=int (id=7),value=8,index=11>
Variable Delete,method=Main#dfs:122 <name=cost,type=int (id=7),value=68,index=12>
Variable Delete,method=Main#dfs:122 <name=next_station,type=int (id=7),value=8,index=13>
Variable Delete,method=Main#dfs:122 <name=ret,type=int (id=7),value=<?>,index=14>
Variable Write,context=Main#dfs:122,node1=4
Variable Write,context=Main#dfs:122,node2=8
Variable Write,context=Main#dfs:122,cost=68
Variable Write,context=Main#dfs:122,next_station=-1
Variable Write,context=Main#dfs:122,next_station=8
Method Call,caller=Main#dfs:122,target=Main#dfs:134
Variable Write,context=Main#dfs:134,next=int[][]:1
Variable Write,context=Main#dfs:134,adj_list=int[][]:3
Variable Write,context=Main#dfs:134,nl=10
Variable Write,context=Main#dfs:134,bit=32
Variable Write,context=Main#dfs:134,cur_station=8
Variable Write,context=Main#dfs:134,ns=10
Variable Write,context=Main#dfs:134,max_next_path=2147483647
Variable Write,context=Main#dfs:134,max_next_station=2147483647
Variable Write,context=Main#dfs:134,max_cost=0
Variable Write,context=Main#dfs:134,i=0
Variable Write,context=Main#dfs:134,node1=0
Variable Write,context=Main#dfs:134,node2=1
Variable Write,context=Main#dfs:134,cost=11
Variable Write,context=Main#dfs:134,next_station=-1
Variable Write,context=Main#dfs:134,i=1
Variable Delete,method=Main#dfs:134 <name=node1,type=int (id=7),value=5,index=10>
Variable Delete,method=Main#dfs:134 <name=node2,type=int (id=7),value=8,index=11>
Variable Delete,method=Main#dfs:134 <name=cost,type=int (id=7),value=67,index=12>
Variable Delete,method=Main#dfs:134 <name=next_station,type=int (id=7),value=5,index=13>
Variable Write,context=Main#dfs:134,node1=1
Variable Write,context=Main#dfs:134,node2=2
Variable Write,context=Main#dfs:134,cost=25
Variable Write,context=Main#dfs:134,next_station=-1
Variable Write,context=Main#dfs:134,i=2
Variable Delete,method=Main#dfs:134 <name=node1,type=int (id=7),value=5,index=10>
Variable Delete,method=Main#dfs:134 <name=node2,type=int (id=7),value=8,index=11>
Variable Delete,method=Main#dfs:134 <name=cost,type=int (id=7),value=67,index=12>
Variable Delete,method=Main#dfs:134 <name=next_station,type=int (id=7),value=5,index=13>
Variable Write,context=Main#dfs:134,node1=1
Variable Write,context=Main#dfs:134,node2=4
Variable Write,context=Main#dfs:134,cost=81
Variable Write,context=Main#dfs:134,next_station=-1
Variable Write,context=Main#dfs:134,i=3
Variable Delete,method=Main#dfs:134 <name=node1,type=int (id=7),value=5,index=10>
Variable Delete,method=Main#dfs:134 <name=node2,type=int (id=7),value=8,index=11>
Variable Delete,method=Main#dfs:134 <name=cost,type=int (id=7),value=67,index=12>
Variable Delete,method=Main#dfs:134 <name=next_station,type=int (id=7),value=5,index=13>
Variable Write,context=Main#dfs:134,node1=1
Variable Write,context=Main#dfs:134,node2=5
Variable Write,context=Main#dfs:134,cost=82
Variable Write,context=Main#dfs:134,next_station=-1
Variable Write,context=Main#dfs:134,i=4
Variable Delete,method=Main#dfs:134 <name=node1,type=int (id=7),value=5,index=10>
Variable Delete,method=Main#dfs:134 <name=node2,type=int (id=7),value=8,index=11>
Variable Delete,method=Main#dfs:134 <name=cost,type=int (id=7),value=67,index=12>
Variable Delete,method=Main#dfs:134 <name=next_station,type=int (id=7),value=5,index=13>
Variable Write,context=Main#dfs:134,node1=3
Variable Write,context=Main#dfs:134,node2=4
Variable Write,context=Main#dfs:134,cost=58
Variable Write,context=Main#dfs:134,next_station=-1
Variable Write,context=Main#dfs:134,i=5
Variable Delete,method=Main#dfs:134 <name=node1,type=int (id=7),value=5,index=10>
Variable Delete,method=Main#dfs:134 <name=node2,type=int (id=7),value=8,index=11>
Variable Delete,method=Main#dfs:134 <name=cost,type=int (id=7),value=67,index=12>
Variable Delete,method=Main#dfs:134 <name=next_station,type=int (id=7),value=5,index=13>
Variable Write,context=Main#dfs:134,i=6
Variable Write,context=Main#dfs:134,node1=5
Variable Write,context=Main#dfs:134,node2=6
Variable Write,context=Main#dfs:134,cost=80
Variable Write,context=Main#dfs:134,next_station=-1
Variable Write,context=Main#dfs:134,i=7
Variable Delete,method=Main#dfs:134 <name=node1,type=int (id=7),value=5,index=10>
Variable Delete,method=Main#dfs:134 <name=node2,type=int (id=7),value=8,index=11>
Variable Delete,method=Main#dfs:134 <name=cost,type=int (id=7),value=67,index=12>
Variable Delete,method=Main#dfs:134 <name=next_station,type=int (id=7),value=5,index=13>
Variable Write,context=Main#dfs:134,node1=5
Variable Write,context=Main#dfs:134,node2=8
Variable Write,context=Main#dfs:134,cost=67
Variable Write,context=Main#dfs:134,next_station=-1
Variable Write,context=Main#dfs:134,next_station=5
Method Call,caller=Main#dfs:134,target=Main#dfs:135
Variable Write,context=Main#dfs:135,next=int[][]:1
Variable Write,context=Main#dfs:135,adj_list=int[][]:3
Variable Write,context=Main#dfs:135,nl=10
Variable Write,context=Main#dfs:135,bit=160
Variable Write,context=Main#dfs:135,cur_station=5
Variable Write,context=Main#dfs:135,ns=10
Variable Write,context=Main#dfs:135,max_next_path=2147483647
Variable Write,context=Main#dfs:135,max_next_station=2147483647
Variable Write,context=Main#dfs:135,max_cost=0
Variable Write,context=Main#dfs:135,i=0
Variable Write,context=Main#dfs:135,node1=0
Variable Write,context=Main#dfs:135,node2=1
Variable Write,context=Main#dfs:135,cost=11
Variable Write,context=Main#dfs:135,next_station=-1
Variable Write,context=Main#dfs:135,i=1
Variable Delete,method=Main#dfs:135 <name=node1,type=int (id=7),value=1,index=10>
Variable Delete,method=Main#dfs:135 <name=node2,type=int (id=7),value=5,index=11>
Variable Delete,method=Main#dfs:135 <name=cost,type=int (id=7),value=82,index=12>
Variable Delete,method=Main#dfs:135 <name=next_station,type=int (id=7),value=1,index=13>
Variable Write,context=Main#dfs:135,node1=1
Variable Write,context=Main#dfs:135,node2=2
Variable Write,context=Main#dfs:135,cost=25
Variable Write,context=Main#dfs:135,next_station=-1
Variable Write,context=Main#dfs:135,i=2
Variable Delete,method=Main#dfs:135 <name=node1,type=int (id=7),value=1,index=10>
Variable Delete,method=Main#dfs:135 <name=node2,type=int (id=7),value=5,index=11>
Variable Delete,method=Main#dfs:135 <name=cost,type=int (id=7),value=82,index=12>
Variable Delete,method=Main#dfs:135 <name=next_station,type=int (id=7),value=1,index=13>
Variable Write,context=Main#dfs:135,node1=1
Variable Write,context=Main#dfs:135,node2=4
Variable Write,context=Main#dfs:135,cost=81
Variable Write,context=Main#dfs:135,next_station=-1
Variable Write,context=Main#dfs:135,i=3
Variable Delete,method=Main#dfs:135 <name=node1,type=int (id=7),value=1,index=10>
Variable Delete,method=Main#dfs:135 <name=node2,type=int (id=7),value=5,index=11>
Variable Delete,method=Main#dfs:135 <name=cost,type=int (id=7),value=82,index=12>
Variable Delete,method=Main#dfs:135 <name=next_station,type=int (id=7),value=1,index=13>
Variable Write,context=Main#dfs:135,node1=1
Variable Write,context=Main#dfs:135,node2=5
Variable Write,context=Main#dfs:135,cost=82
Variable Write,context=Main#dfs:135,next_station=-1
Variable Write,context=Main#dfs:135,next_station=1
Method Call,caller=Main#dfs:135,target=Main#dfs:136
Variable Write,context=Main#dfs:136,next=int[][]:1
Variable Write,context=Main#dfs:136,adj_list=int[][]:3
Variable Write,context=Main#dfs:136,nl=10
Variable Write,context=Main#dfs:136,bit=168
Variable Write,context=Main#dfs:136,cur_station=1
Variable Write,context=Main#dfs:136,ns=10
Variable Write,context=Main#dfs:136,max_next_path=2147483647
Variable Write,context=Main#dfs:136,max_next_station=2147483647
Variable Write,context=Main#dfs:136,max_cost=0
Variable Write,context=Main#dfs:136,i=0
Variable Write,context=Main#dfs:136,node1=0
Variable Write,context=Main#dfs:136,node2=1
Variable Write,context=Main#dfs:136,cost=11
Variable Write,context=Main#dfs:136,next_station=-1
Variable Write,context=Main#dfs:136,next_station=0
Method Call,caller=Main#dfs:136,target=Main#dfs:137
Variable Write,context=Main#dfs:137,next=int[][]:1
Variable Write,context=Main#dfs:137,adj_list=int[][]:3
Variable Write,context=Main#dfs:137,nl=10
Variable Write,context=Main#dfs:137,bit=169
Variable Write,context=Main#dfs:137,cur_station=0
Variable Write,context=Main#dfs:137,ns=10
Variable Write,context=Main#dfs:137,max_next_path=2147483647
Variable Write,context=Main#dfs:137,max_next_station=2147483647
Variable Write,context=Main#dfs:137,max_cost=0
Variable Write,context=Main#dfs:137,i=0
Variable Write,context=Main#dfs:137,i=1
Variable Write,context=Main#dfs:137,node1=1
Variable Write,context=Main#dfs:137,node2=2
Variable Write,context=Main#dfs:137,cost=25
Variable Write,context=Main#dfs:137,next_station=-1
Variable Write,context=Main#dfs:137,i=2
Variable Delete,method=Main#dfs:137 <name=node1,type=int (id=7),value=<?>,index=10>
Variable Delete,method=Main#dfs:137 <name=node2,type=int (id=7),value=<?>,index=11>
Variable Delete,method=Main#dfs:137 <name=cost,type=int (id=7),value=<?>,index=12>
Variable Delete,method=Main#dfs:137 <name=next_station,type=int (id=7),value=<?>,index=13>
Variable Write,context=Main#dfs:137,node1=1
Variable Write,context=Main#dfs:137,node2=4
Variable Write,context=Main#dfs:137,cost=81
Variable Write,context=Main#dfs:137,next_station=-1
Variable Write,context=Main#dfs:137,i=3
Variable Delete,method=Main#dfs:137 <name=node1,type=int (id=7),value=<?>,index=10>
Variable Delete,method=Main#dfs:137 <name=node2,type=int (id=7),value=<?>,index=11>
Variable Delete,method=Main#dfs:137 <name=cost,type=int (id=7),value=<?>,index=12>
Variable Delete,method=Main#dfs:137 <name=next_station,type=int (id=7),value=<?>,index=13>
Variable Write,context=Main#dfs:137,i=4
Variable Write,context=Main#dfs:137,node1=3
Variable Write,context=Main#dfs:137,node2=4
Variable Write,context=Main#dfs:137,cost=58
Variable Write,context=Main#dfs:137,next_station=-1
Variable Write,context=Main#dfs:137,i=5
Variable Delete,method=Main#dfs:137 <name=node1,type=int (id=7),value=<?>,index=10>
Variable Delete,method=Main#dfs:137 <name=node2,type=int (id=7),value=<?>,index=11>
Variable Delete,method=Main#dfs:137 <name=cost,type=int (id=7),value=<?>,index=12>
Variable Delete,method=Main#dfs:137 <name=next_station,type=int (id=7),value=<?>,index=13>
Variable Write,context=Main#dfs:137,i=6
Variable Write,context=Main#dfs:137,node1=5
Variable Write,context=Main#dfs:137,node2=6
Variable Write,context=Main#dfs:137,cost=80
Variable Write,context=Main#dfs:137,next_station=-1
Variable Write,context=Main#dfs:137,i=7
Variable Delete,method=Main#dfs:137 <name=node1,type=int (id=7),value=<?>,index=10>
Variable Delete,method=Main#dfs:137 <name=node2,type=int (id=7),value=<?>,index=11>
Variable Delete,method=Main#dfs:137 <name=cost,type=int (id=7),value=<?>,index=12>
Variable Delete,method=Main#dfs:137 <name=next_station,type=int (id=7),value=<?>,index=13>
Variable Write,context=Main#dfs:137,i=8
Variable Write,context=Main#dfs:137,node1=7
Variable Write,context=Main#dfs:137,node2=8
Variable Write,context=Main#dfs:137,cost=44
Variable Write,context=Main#dfs:137,next_station=-1
Variable Write,context=Main#dfs:137,i=9
Variable Delete,method=Main#dfs:137 <name=node1,type=int (id=7),value=<?>,index=10>
Variable Delete,method=Main#dfs:137 <name=node2,type=int (id=7),value=<?>,index=11>
Variable Delete,method=Main#dfs:137 <name=cost,type=int (id=7),value=<?>,index=12>
Variable Delete,method=Main#dfs:137 <name=next_station,type=int (id=7),value=<?>,index=13>
Variable Write,context=Main#dfs:137,node1=8
Variable Write,context=Main#dfs:137,node2=9
Variable Write,context=Main#dfs:137,cost=21
Variable Write,context=Main#dfs:137,next_station=-1
Variable Delete,method=Main#dfs:137 <name=node1,type=int (id=7),value=<?>,index=10>
Variable Delete,method=Main#dfs:137 <name=node2,type=int (id=7),value=<?>,index=11>
Variable Delete,method=Main#dfs:137 <name=cost,type=int (id=7),value=<?>,index=12>
Variable Delete,method=Main#dfs:137 <name=next_station,type=int (id=7),value=<?>,index=13>
Variable Delete,method=Main#dfs:137 <name=i,type=int (id=7),value=<?>,index=9>
Variable Write,context=Main#dfs:137,result=0
Method Exit,returner=Main#dfs:137,value=0
Variable Write,context=Main#dfs:136,ret=11
Variable Write,context=Main#dfs:136,max_next_path=0
Variable Write,context=Main#dfs:136,max_cost=11
Variable Write,context=Main#dfs:136,max_next_station=0
Variable Write,context=Main#dfs:136,i=1
Variable Delete,method=Main#dfs:136 <name=node1,type=int (id=7),value=1,index=10>
Variable Delete,method=Main#dfs:136 <name=node2,type=int (id=7),value=4,index=11>
Variable Delete,method=Main#dfs:136 <name=cost,type=int (id=7),value=81,index=12>
Variable Delete,method=Main#dfs:136 <name=next_station,type=int (id=7),value=4,index=13>
Variable Delete,method=Main#dfs:136 <name=ret,type=int (id=7),value=<?>,index=14>
Variable Write,context=Main#dfs:136,node1=1
Variable Write,context=Main#dfs:136,node2=2
Variable Write,context=Main#dfs:136,cost=25
Variable Write,context=Main#dfs:136,next_station=-1
Variable Write,context=Main#dfs:136,next_station=2
Method Call,caller=Main#dfs:136,target=Main#dfs:138
Variable Write,context=Main#dfs:138,next=int[][]:1
Variable Write,context=Main#dfs:138,adj_list=int[][]:3
Variable Write,context=Main#dfs:138,nl=10
Variable Write,context=Main#dfs:138,bit=170
Variable Write,context=Main#dfs:138,cur_station=2
Variable Write,context=Main#dfs:138,ns=10
Variable Write,context=Main#dfs:138,max_next_path=2147483647
Variable Write,context=Main#dfs:138,max_next_station=2147483647
Variable Write,context=Main#dfs:138,max_cost=0
Variable Write,context=Main#dfs:138,i=0
Variable Write,context=Main#dfs:138,node1=0
Variable Write,context=Main#dfs:138,node2=1
Variable Write,context=Main#dfs:138,cost=11
Variable Write,context=Main#dfs:138,next_station=-1
Variable Write,context=Main#dfs:138,i=1
Variable Delete,method=Main#dfs:138 <name=node1,type=int (id=7),value=<?>,index=10>
Variable Delete,method=Main#dfs:138 <name=node2,type=int (id=7),value=<?>,index=11>
Variable Delete,method=Main#dfs:138 <name=cost,type=int (id=7),value=<?>,index=12>
Variable Delete,method=Main#dfs:138 <name=next_station,type=int (id=7),value=<?>,index=13>
Variable Write,context=Main#dfs:138,i=2
Variable Write,context=Main#dfs:138,node1=1
Variable Write,context=Main#dfs:138,node2=4
Variable Write,context=Main#dfs:138,cost=81
Variable Write,context=Main#dfs:138,next_station=-1
Variable Write,context=Main#dfs:138,i=3
Variable Delete,method=Main#dfs:138 <name=node1,type=int (id=7),value=<?>,index=10>
Variable Delete,method=Main#dfs:138 <name=node2,type=int (id=7),value=<?>,index=11>
Variable Delete,method=Main#dfs:138 <name=cost,type=int (id=7),value=<?>,index=12>
Variable Delete,method=Main#dfs:138 <name=next_station,type=int (id=7),value=<?>,index=13>
Variable Write,context=Main#dfs:138,i=4
Variable Write,context=Main#dfs:138,node1=3
Variable Write,context=Main#dfs:138,node2=4
Variable Write,context=Main#dfs:138,cost=58
Variable Write,context=Main#dfs:138,next_station=-1
Variable Write,context=Main#dfs:138,i=5
Variable Delete,method=Main#dfs:138 <name=node1,type=int (id=7),value=<?>,index=10>
Variable Delete,method=Main#dfs:138 <name=node2,type=int (id=7),value=<?>,index=11>
Variable Delete,method=Main#dfs:138 <name=cost,type=int (id=7),value=<?>,index=12>
Variable Delete,method=Main#dfs:138 <name=next_station,type=int (id=7),value=<?>,index=13>
Variable Write,context=Main#dfs:138,i=6
Variable Write,context=Main#dfs:138,node1=5
Variable Write,context=Main#dfs:138,node2=6
Variable Write,context=Main#dfs:138,cost=80
Variable Write,context=Main#dfs:138,next_station=-1
Variable Write,context=Main#dfs:138,i=7
Variable Delete,method=Main#dfs:138 <name=node1,type=int (id=7),value=<?>,index=10>
Variable Delete,method=Main#dfs:138 <name=node2,type=int (id=7),value=<?>,index=11>
Variable Delete,method=Main#dfs:138 <name=cost,type=int (id=7),value=<?>,index=12>
Variable Delete,method=Main#dfs:138 <name=next_station,type=int (id=7),value=<?>,index=13>
Variable Write,context=Main#dfs:138,i=8
Variable Write,context=Main#dfs:138,node1=7
Variable Write,context=Main#dfs:138,node2=8
Variable Write,context=Main#dfs:138,cost=44
Variable Write,context=Main#dfs:138,next_station=-1
Variable Write,context=Main#dfs:138,i=9
Variable Delete,method=Main#dfs:138 <name=node1,type=int (id=7),value=<?>,index=10>
Variable Delete,method=Main#dfs:138 <name=node2,type=int (id=7),value=<?>,index=11>
Variable Delete,method=Main#dfs:138 <name=cost,type=int (id=7),value=<?>,index=12>
Variable Delete,method=Main#dfs:138 <name=next_station,type=int (id=7),value=<?>,index=13>
Variable Write,context=Main#dfs:138,node1=8
Variable Write,context=Main#dfs:138,node2=9
Variable Write,context=Main#dfs:138,cost=21
Variable Write,context=Main#dfs:138,next_station=-1
Variable Delete,method=Main#dfs:138 <name=node1,type=int (id=7),value=<?>,index=10>
Variable Delete,method=Main#dfs:138 <name=node2,type=int (id=7),value=<?>,index=11>
Variable Delete,method=Main#dfs:138 <name=cost,type=int (id=7),value=<?>,index=12>
Variable Delete,method=Main#dfs:138 <name=next_station,type=int (id=7),value=<?>,index=13>
Variable Delete,method=Main#dfs:138 <name=i,type=int (id=7),value=<?>,index=9>
Variable Write,context=Main#dfs:138,result=0
Method Exit,returner=Main#dfs:138,value=0
Variable Write,context=Main#dfs:136,ret=25
Variable Write,context=Main#dfs:136,max_next_path=1
Variable Write,context=Main#dfs:136,max_cost=25
Variable Write,context=Main#dfs:136,max_next_station=2
Variable Write,context=Main#dfs:136,i=2
Variable Delete,method=Main#dfs:136 <name=node1,type=int (id=7),value=1,index=10>
Variable Delete,method=Main#dfs:136 <name=node2,type=int (id=7),value=4,index=11>
Variable Delete,method=Main#dfs:136 <name=cost,type=int (id=7),value=81,index=12>
Variable Delete,method=Main#dfs:136 <name=next_station,type=int (id=7),value=4,index=13>
Variable Delete,method=Main#dfs:136 <name=ret,type=int (id=7),value=<?>,index=14>
Variable Write,context=Main#dfs:136,node1=1
Variable Write,context=Main#dfs:136,node2=4
Variable Write,context=Main#dfs:136,cost=81
Variable Write,context=Main#dfs:136,next_station=-1
Variable Write,context=Main#dfs:136,next_station=4
Method Call,caller=Main#dfs:136,target=Main#dfs:139
Variable Write,context=Main#dfs:139,next=int[][]:1
Variable Write,context=Main#dfs:139,adj_list=int[][]:3
Variable Write,context=Main#dfs:139,nl=10
Variable Write,context=Main#dfs:139,bit=172
Variable Write,context=Main#dfs:139,cur_station=4
Variable Write,context=Main#dfs:139,ns=10
Variable Write,context=Main#dfs:139,max_next_path=2147483647
Variable Write,context=Main#dfs:139,max_next_station=2147483647
Variable Write,context=Main#dfs:139,max_cost=0
Variable Write,context=Main#dfs:139,i=0
Variable Write,context=Main#dfs:139,node1=0
Variable Write,context=Main#dfs:139,node2=1
Variable Write,context=Main#dfs:139,cost=11
Variable Write,context=Main#dfs:139,next_station=-1
Variable Write,context=Main#dfs:139,i=1
Variable Delete,method=Main#dfs:139 <name=node1,type=int (id=7),value=3,index=10>
Variable Delete,method=Main#dfs:139 <name=node2,type=int (id=7),value=4,index=11>
Variable Delete,method=Main#dfs:139 <name=cost,type=int (id=7),value=58,index=12>
Variable Delete,method=Main#dfs:139 <name=next_station,type=int (id=7),value=3,index=13>
Variable Write,context=Main#dfs:139,node1=1
Variable Write,context=Main#dfs:139,node2=2
Variable Write,context=Main#dfs:139,cost=25
Variable Write,context=Main#dfs:139,next_station=-1
Variable Write,context=Main#dfs:139,i=2
Variable Delete,method=Main#dfs:139 <name=node1,type=int (id=7),value=3,index=10>
Variable Delete,method=Main#dfs:139 <name=node2,type=int (id=7),value=4,index=11>
Variable Delete,method=Main#dfs:139 <name=cost,type=int (id=7),value=58,index=12>
Variable Delete,method=Main#dfs:139 <name=next_station,type=int (id=7),value=3,index=13>
Variable Write,context=Main#dfs:139,i=3
Variable Write,context=Main#dfs:139,i=4
Variable Write,context=Main#dfs:139,node1=3
Variable Write,context=Main#dfs:139,node2=4
Variable Write,context=Main#dfs:139,cost=58
Variable Write,context=Main#dfs:139,next_station=-1
Variable Write,context=Main#dfs:139,next_station=3
Method Call,caller=Main#dfs:139,target=Main#dfs:140
Variable Write,context=Main#dfs:140,next=int[][]:1
Variable Write,context=Main#dfs:140,adj_list=int[][]:3
Variable Write,context=Main#dfs:140,nl=10
Variable Write,context=Main#dfs:140,bit=188
Variable Write,context=Main#dfs:140,cur_station=3
Variable Write,context=Main#dfs:140,ns=10
Variable Write,context=Main#dfs:140,max_next_path=2147483647
Variable Write,context=Main#dfs:140,max_next_station=2147483647
Variable Write,context=Main#dfs:140,max_cost=0
Variable Write,context=Main#dfs:140,i=0
Variable Write,context=Main#dfs:140,node1=0
Variable Write,context=Main#dfs:140,node2=1
Variable Write,context=Main#dfs:140,cost=11
Variable Write,context=Main#dfs:140,next_station=-1
Variable Write,context=Main#dfs:140,i=1
Variable Delete,method=Main#dfs:140 <name=node1,type=int (id=7),value=1,index=10>
Variable Delete,method=Main#dfs:140 <name=node2,type=int (id=7),value=2,index=11>
Variable Delete,method=Main#dfs:140 <name=cost,type=int (id=7),value=25,index=12>
Variable Delete,method=Main#dfs:140 <name=next_station,type=int (id=7),value=<?>,index=13>
Variable Write,context=Main#dfs:140,node1=1
Variable Write,context=Main#dfs:140,node2=2
Variable Write,context=Main#dfs:140,cost=25
