Thread Start,main (1)
Method Call,caller=SYSTEM,target=Main#main:1
New Object,object=java.lang.String[]:1
Variable Write,context=Main#main:1,args=java.lang.String[]:1
New Object,object=Main:1
Method Call,caller=Main#main:1,target=Main:1#Main:1
New Object,object=int[]:1
Field Write,context=int[]:1,0=0
Field Write,context=int[]:1,1=0
Field Write,context=int[]:1,2=1
Field Write,context=int[]:1,3=0
Field Write,context=int[]:1,4=-1
Field Write,context=Main:1,vx=int[]:1
New Object,object=int[]:2
Field Write,context=int[]:2,0=0
Field Write,context=int[]:2,1=1
Field Write,context=int[]:2,2=0
Field Write,context=int[]:2,3=-1
Field Write,context=int[]:2,4=0
Field Write,context=Main:1,vy=int[]:2
New Object,object=int[]:3
Field Write,context=int[]:3,0=0
Field Write,context=int[]:3,1=0
Field Write,context=int[]:3,2=1
Field Write,context=int[]:3,3=1
Field Write,context=Main:1,dx=int[]:3
New Object,object=int[]:4
Field Write,context=int[]:4,0=0
Field Write,context=int[]:4,1=1
Field Write,context=int[]:4,2=0
Field Write,context=int[]:4,3=1
Field Write,context=Main:1,dy=int[]:4
Field Write,context=Main:1,max=0
Method Exit,returner=Main:1#Main:1,value=<void>
Method Call,caller=Main#main:1,target=Main:1#doit:1
Variable Write,context=Main:1#doit:1,sc=java.util.Scanner (id=368)
Field Write,context=Main:1,n=1
Field Read,context=Main:1,n
Field Read,context=Main:1,n
New Object,object=int[][][]:1
New Object,object=int[][]:1
New Object,object=int[]:5
Field Write,context=int[]:5,0=0
Field Write,context=int[]:5,1=0
Field Write,context=int[]:5,2=0
Field Write,context=int[]:5,3=0
Field Write,context=int[][]:1,0=int[]:5
New Object,object=int[]:6
Field Write,context=int[]:6,0=0
Field Write,context=int[]:6,1=0
Field Write,context=int[]:6,2=0
Field Write,context=int[]:6,3=0
Field Write,context=int[][]:1,1=int[]:6
New Object,object=int[]:7
Field Write,context=int[]:7,0=0
Field Write,context=int[]:7,1=0
Field Write,context=int[]:7,2=0
Field Write,context=int[]:7,3=0
Field Write,context=int[][]:1,2=int[]:7
New Object,object=int[]:8
Field Write,context=int[]:8,0=0
Field Write,context=int[]:8,1=0
Field Write,context=int[]:8,2=0
Field Write,context=int[]:8,3=0
Field Write,context=int[][]:1,3=int[]:8
Field Write,context=int[][][]:1,0=int[][]:1
Field Write,context=Main:1,data=int[][][]:1
Field Read,context=Main:1,n
Variable Write,context=Main:1#doit:1,i=0
Variable Write,context=Main:1#doit:1,j=0
Variable Write,context=Main:1#doit:1,k=0
Field Read,context=Main:1,data
Variable Write,context=Main:1#doit:1,k=1
Field Read,context=Main:1,data
Variable Write,context=Main:1#doit:1,k=2
Field Read,context=Main:1,data
Variable Write,context=Main:1#doit:1,k=3
Field Read,context=Main:1,data
Variable Write,context=Main:1#doit:1,j=1
Variable Delete,method=Main:1#doit:1 <name=k,type=int (id=7),value=<?>,index=3>
Variable Write,context=Main:1#doit:1,k=0
Field Read,context=Main:1,data
Variable Write,context=Main:1#doit:1,k=1
Field Read,context=Main:1,data
Variable Write,context=Main:1#doit:1,k=2
Field Read,context=Main:1,data
Variable Write,context=Main:1#doit:1,k=3
Field Read,context=Main:1,data
Variable Write,context=Main:1#doit:1,j=2
Variable Delete,method=Main:1#doit:1 <name=k,type=int (id=7),value=<?>,index=3>
Variable Write,context=Main:1#doit:1,k=0
Field Read,context=Main:1,data
Variable Write,context=Main:1#doit:1,k=1
Field Read,context=Main:1,data
Variable Write,context=Main:1#doit:1,k=2
Field Read,context=Main:1,data
Variable Write,context=Main:1#doit:1,k=3
Field Read,context=Main:1,data
Variable Write,context=Main:1#doit:1,j=3
Variable Delete,method=Main:1#doit:1 <name=k,type=int (id=7),value=<?>,index=3>
Variable Write,context=Main:1#doit:1,k=0
Field Read,context=Main:1,data
Variable Write,context=Main:1#doit:1,k=1
Field Read,context=Main:1,data
Variable Write,context=Main:1#doit:1,k=2
Field Read,context=Main:1,data
Variable Write,context=Main:1#doit:1,k=3
Field Read,context=Main:1,data
Variable Delete,method=Main:1#doit:1 <name=k,type=int (id=7),value=<?>,index=3>
Field Read,context=Main:1,n
Variable Delete,method=Main:1#doit:1 <name=j,type=int (id=7),value=<?>,index=2>
Field Write,context=Main:1,ans=false
Variable Delete,method=Main:1#doit:1 <name=i,type=int (id=7),value=<?>,index=1>
Variable Write,context=Main:1#doit:1,first=false
Field Write,context=Main:1,close=java.util.HashSet (id=377)
Field Read,context=Main:1,dx
Variable Write,context=Main:1#doit:1,i=0
Field Read,context=Main:1,data
Field Read,context=Main:1,dy
Field Read,context=Main:1,dy
Variable Write,context=Main:1#doit:1,first=true
Variable Delete,method=Main:1#doit:1 <name=i,type=int (id=7),value=<?>,index=5>
Field Write,context=Main:1,n=7
Variable Delete,method=Main:1#doit:1 <name=first,type=boolean (id=2),value=false,index=4>
Field Read,context=Main:1,n
Field Read,context=Main:1,n
New Object,object=int[][][]:2
New Object,object=int[][]:2
New Object,object=int[]:9
Field Write,context=int[]:9,0=0
Field Write,context=int[]:9,1=0
Field Write,context=int[]:9,2=0
Field Write,context=int[]:9,3=0
Field Write,context=int[][]:2,0=int[]:9
New Object,object=int[]:10
Field Write,context=int[]:10,0=0
Field Write,context=int[]:10,1=0
Field Write,context=int[]:10,2=0
Field Write,context=int[]:10,3=0
Field Write,context=int[][]:2,1=int[]:10
New Object,object=int[]:11
Field Write,context=int[]:11,0=0
Field Write,context=int[]:11,1=0
Field Write,context=int[]:11,2=0
Field Write,context=int[]:11,3=0
Field Write,context=int[][]:2,2=int[]:11
New Object,object=int[]:12
Field Write,context=int[]:12,0=0
Field Write,context=int[]:12,1=0
Field Write,context=int[]:12,2=0
Field Write,context=int[]:12,3=0
Field Write,context=int[][]:2,3=int[]:12
Field Write,context=int[][][]:2,0=int[][]:2
New Object,object=int[][]:3
New Object,object=int[]:13
Field Write,context=int[]:13,0=0
Field Write,context=int[]:13,1=0
Field Write,context=int[]:13,2=0
Field Write,context=int[]:13,3=0
Field Write,context=int[][]:3,0=int[]:13
New Object,object=int[]:14
Field Write,context=int[]:14,0=0
Field Write,context=int[]:14,1=0
Field Write,context=int[]:14,2=0
Field Write,context=int[]:14,3=0
Field Write,context=int[][]:3,1=int[]:14
New Object,object=int[]:15
Field Write,context=int[]:15,0=0
Field Write,context=int[]:15,1=0
Field Write,context=int[]:15,2=0
Field Write,context=int[]:15,3=0
Field Write,context=int[][]:3,2=int[]:15
New Object,object=int[]:16
Field Write,context=int[]:16,0=0
Field Write,context=int[]:16,1=0
Field Write,context=int[]:16,2=0
Field Write,context=int[]:16,3=0
Field Write,context=int[][]:3,3=int[]:16
Field Write,context=int[][][]:2,1=int[][]:3
New Object,object=int[][]:4
New Object,object=int[]:17
Field Write,context=int[]:17,0=0
Field Write,context=int[]:17,1=0
Field Write,context=int[]:17,2=0
Field Write,context=int[]:17,3=0
Field Write,context=int[][]:4,0=int[]:17
New Object,object=int[]:18
Field Write,context=int[]:18,0=0
Field Write,context=int[]:18,1=0
Field Write,context=int[]:18,2=0
Field Write,context=int[]:18,3=0
Field Write,context=int[][]:4,1=int[]:18
New Object,object=int[]:19
Field Write,context=int[]:19,0=0
Field Write,context=int[]:19,1=0
Field Write,context=int[]:19,2=0
Field Write,context=int[]:19,3=0
Field Write,context=int[][]:4,2=int[]:19
New Object,object=int[]:20
Field Write,context=int[]:20,0=0
Field Write,context=int[]:20,1=0
Field Write,context=int[]:20,2=0
Field Write,context=int[]:20,3=0
Field Write,context=int[][]:4,3=int[]:20
Field Write,context=int[][][]:2,2=int[][]:4
New Object,object=int[][]:5
New Object,object=int[]:21
Field Write,context=int[]:21,0=0
Field Write,context=int[]:21,1=0
Field Write,context=int[]:21,2=0
Field Write,context=int[]:21,3=0
Field Write,context=int[][]:5,0=int[]:21
New Object,object=int[]:22
Field Write,context=int[]:22,0=0
Field Write,context=int[]:22,1=0
Field Write,context=int[]:22,2=0
Field Write,context=int[]:22,3=0
Field Write,context=int[][]:5,1=int[]:22
New Object,object=int[]:23
Field Write,context=int[]:23,0=0
Field Write,context=int[]:23,1=0
Field Write,context=int[]:23,2=0
Field Write,context=int[]:23,3=0
Field Write,context=int[][]:5,2=int[]:23
New Object,object=int[]:24
Field Write,context=int[]:24,0=0
Field Write,context=int[]:24,1=0
Field Write,context=int[]:24,2=0
Field Write,context=int[]:24,3=0
Field Write,context=int[][]:5,3=int[]:24
Field Write,context=int[][][]:2,3=int[][]:5
New Object,object=int[][]:6
New Object,object=int[]:25
Field Write,context=int[]:25,0=0
Field Write,context=int[]:25,1=0
Field Write,context=int[]:25,2=0
Field Write,context=int[]:25,3=0
Field Write,context=int[][]:6,0=int[]:25
New Object,object=int[]:26
Field Write,context=int[]:26,0=0
Field Write,context=int[]:26,1=0
Field Write,context=int[]:26,2=0
Field Write,context=int[]:26,3=0
Field Write,context=int[][]:6,1=int[]:26
New Object,object=int[]:27
Field Write,context=int[]:27,0=0
Field Write,context=int[]:27,1=0
Field Write,context=int[]:27,2=0
Field Write,context=int[]:27,3=0
Field Write,context=int[][]:6,2=int[]:27
New Object,object=int[]:28
Field Write,context=int[]:28,0=0
Field Write,context=int[]:28,1=0
Field Write,context=int[]:28,2=0
Field Write,context=int[]:28,3=0
Field Write,context=int[][]:6,3=int[]:28
Field Write,context=int[][][]:2,4=int[][]:6
New Object,object=int[][]:7
New Object,object=int[]:29
Field Write,context=int[]:29,0=0
Field Write,context=int[]:29,1=0
Field Write,context=int[]:29,2=0
Field Write,context=int[]:29,3=0
Field Write,context=int[][]:7,0=int[]:29
New Object,object=int[]:30
Field Write,context=int[]:30,0=0
Field Write,context=int[]:30,1=0
Field Write,context=int[]:30,2=0
Field Write,context=int[]:30,3=0
Field Write,context=int[][]:7,1=int[]:30
New Object,object=int[]:31
Field Write,context=int[]:31,0=0
Field Write,context=int[]:31,1=0
Field Write,context=int[]:31,2=0
Field Write,context=int[]:31,3=0
Field Write,context=int[][]:7,2=int[]:31
New Object,object=int[]:32
Field Write,context=int[]:32,0=0
Field Write,context=int[]:32,1=0
Field Write,context=int[]:32,2=0
Field Write,context=int[]:32,3=0
Field Write,context=int[][]:7,3=int[]:32
Field Write,context=int[][][]:2,5=int[][]:7
New Object,object=int[][]:8
New Object,object=int[]:33
Field Write,context=int[]:33,0=0
Field Write,context=int[]:33,1=0
Field Write,context=int[]:33,2=0
Field Write,context=int[]:33,3=0
Field Write,context=int[][]:8,0=int[]:33
New Object,object=int[]:34
Field Write,context=int[]:34,0=0
Field Write,context=int[]:34,1=0
Field Write,context=int[]:34,2=0
Field Write,context=int[]:34,3=0
Field Write,context=int[][]:8,1=int[]:34
New Object,object=int[]:35
Field Write,context=int[]:35,0=0
Field Write,context=int[]:35,1=0
Field Write,context=int[]:35,2=0
Field Write,context=int[]:35,3=0
Field Write,context=int[][]:8,2=int[]:35
New Object,object=int[]:36
Field Write,context=int[]:36,0=0
Field Write,context=int[]:36,1=0
Field Write,context=int[]:36,2=0
Field Write,context=int[]:36,3=0
Field Write,context=int[][]:8,3=int[]:36
Field Write,context=int[][][]:2,6=int[][]:8
Field Write,context=Main:1,data=int[][][]:2
Field Read,context=Main:1,n
Variable Write,context=Main:1#doit:1,i=0
Variable Write,context=Main:1#doit:1,j=0
Variable Write,context=Main:1#doit:1,k=0
Field Read,context=Main:1,data
Variable Write,context=Main:1#doit:1,k=1
Field Read,context=Main:1,data
Variable Write,context=Main:1#doit:1,k=2
Field Read,context=Main:1,data
Variable Write,context=Main:1#doit:1,k=3
Field Read,context=Main:1,data
Variable Write,context=Main:1#doit:1,j=1
Variable Delete,method=Main:1#doit:1 <name=k,type=int (id=7),value=<?>,index=3>
Variable Write,context=Main:1#doit:1,k=0
Field Read,context=Main:1,data
Variable Write,context=Main:1#doit:1,k=1
Field Read,context=Main:1,data
Variable Write,context=Main:1#doit:1,k=2
Field Read,context=Main:1,data
Variable Write,context=Main:1#doit:1,k=3
Field Read,context=Main:1,data
Variable Write,context=Main:1#doit:1,j=2
Variable Delete,method=Main:1#doit:1 <name=k,type=int (id=7),value=<?>,index=3>
Variable Write,context=Main:1#doit:1,k=0
Field Read,context=Main:1,data
Variable Write,context=Main:1#doit:1,k=1
Field Read,context=Main:1,data
Variable Write,context=Main:1#doit:1,k=2
Field Read,context=Main:1,data
Variable Write,context=Main:1#doit:1,k=3
Field Read,context=Main:1,data
Variable Write,context=Main:1#doit:1,j=3
Variable Delete,method=Main:1#doit:1 <name=k,type=int (id=7),value=<?>,index=3>
Variable Write,context=Main:1#doit:1,k=0
Field Read,context=Main:1,data
Variable Write,context=Main:1#doit:1,k=1
Field Read,context=Main:1,data
Variable Write,context=Main:1#doit:1,k=2
Field Read,context=Main:1,data
Variable Write,context=Main:1#doit:1,k=3
Field Read,context=Main:1,data
Variable Delete,method=Main:1#doit:1 <name=k,type=int (id=7),value=<?>,index=3>
Field Read,context=Main:1,n
Variable Write,context=Main:1#doit:1,i=1
Variable Delete,method=Main:1#doit:1 <name=j,type=int (id=7),value=<?>,index=2>
Variable Write,context=Main:1#doit:1,j=0
Variable Write,context=Main:1#doit:1,k=0
Field Read,context=Main:1,data
Variable Write,context=Main:1#doit:1,k=1
Field Read,context=Main:1,data
Variable Write,context=Main:1#doit:1,k=2
Field Read,context=Main:1,data
Variable Write,context=Main:1#doit:1,k=3
Field Read,context=Main:1,data
Variable Write,context=Main:1#doit:1,j=1
Variable Delete,method=Main:1#doit:1 <name=k,type=int (id=7),value=<?>,index=3>
Variable Write,context=Main:1#doit:1,k=0
Field Read,context=Main:1,data
Variable Write,context=Main:1#doit:1,k=1
Field Read,context=Main:1,data
Variable Write,context=Main:1#doit:1,k=2
Field Read,context=Main:1,data
Variable Write,context=Main:1#doit:1,k=3
Field Read,context=Main:1,data
Variable Write,context=Main:1#doit:1,j=2
Variable Delete,method=Main:1#doit:1 <name=k,type=int (id=7),value=<?>,index=3>
Variable Write,context=Main:1#doit:1,k=0
Field Read,context=Main:1,data
Variable Write,context=Main:1#doit:1,k=1
Field Read,context=Main:1,data
Variable Write,context=Main:1#doit:1,k=2
Field Read,context=Main:1,data
Variable Write,context=Main:1#doit:1,k=3
Field Read,context=Main:1,data
Variable Write,context=Main:1#doit:1,j=3
Variable Delete,method=Main:1#doit:1 <name=k,type=int (id=7),value=<?>,index=3>
Variable Write,context=Main:1#doit:1,k=0
Field Read,context=Main:1,data
Variable Write,context=Main:1#doit:1,k=1
Field Read,context=Main:1,data
Variable Write,context=Main:1#doit:1,k=2
Field Read,context=Main:1,data
Variable Write,context=Main:1#doit:1,k=3
Field Read,context=Main:1,data
Variable Delete,method=Main:1#doit:1 <name=k,type=int (id=7),value=<?>,index=3>
Field Read,context=Main:1,n
Variable Write,context=Main:1#doit:1,i=2
Variable Delete,method=Main:1#doit:1 <name=j,type=int (id=7),value=<?>,index=2>
Variable Write,context=Main:1#doit:1,j=0
Variable Write,context=Main:1#doit:1,k=0
Field Read,context=Main:1,data
Variable Write,context=Main:1#doit:1,k=1
Field Read,context=Main:1,data
Variable Write,context=Main:1#doit:1,k=2
Field Read,context=Main:1,data
Variable Write,context=Main:1#doit:1,k=3
Field Read,context=Main:1,data
Variable Write,context=Main:1#doit:1,j=1
Variable Delete,method=Main:1#doit:1 <name=k,type=int (id=7),value=<?>,index=3>
Variable Write,context=Main:1#doit:1,k=0
Field Read,context=Main:1,data
Variable Write,context=Main:1#doit:1,k=1
Field Read,context=Main:1,data
Variable Write,context=Main:1#doit:1,k=2
Field Read,context=Main:1,data
Variable Write,context=Main:1#doit:1,k=3
Field Read,context=Main:1,data
Variable Write,context=Main:1#doit:1,j=2
Variable Delete,method=Main:1#doit:1 <name=k,type=int (id=7),value=<?>,index=3>
Variable Write,context=Main:1#doit:1,k=0
Field Read,context=Main:1,data
Variable Write,context=Main:1#doit:1,k=1
Field Read,context=Main:1,data
Variable Write,context=Main:1#doit:1,k=2
Field Read,context=Main:1,data
Variable Write,context=Main:1#doit:1,k=3
Field Read,context=Main:1,data
Variable Write,context=Main:1#doit:1,j=3
Variable Delete,method=Main:1#doit:1 <name=k,type=int (id=7),value=<?>,index=3>
Variable Write,context=Main:1#doit:1,k=0
Field Read,context=Main:1,data
Variable Write,context=Main:1#doit:1,k=1
Field Read,context=Main:1,data
Variable Write,context=Main:1#doit:1,k=2
Field Read,context=Main:1,data
Variable Write,context=Main:1#doit:1,k=3
Field Read,context=Main:1,data
Variable Delete,method=Main:1#doit:1 <name=k,type=int (id=7),value=<?>,index=3>
Field Read,context=Main:1,n
Variable Write,context=Main:1#doit:1,i=3
Variable Delete,method=Main:1#doit:1 <name=j,type=int (id=7),value=<?>,index=2>
Variable Write,context=Main:1#doit:1,j=0
Variable Write,context=Main:1#doit:1,k=0
Field Read,context=Main:1,data
Variable Write,context=Main:1#doit:1,k=1
Field Read,context=Main:1,data
Variable Write,context=Main:1#doit:1,k=2
Field Read,context=Main:1,data
Variable Write,context=Main:1#doit:1,k=3
Field Read,context=Main:1,data
Variable Write,context=Main:1#doit:1,j=1
Variable Delete,method=Main:1#doit:1 <name=k,type=int (id=7),value=<?>,index=3>
Variable Write,context=Main:1#doit:1,k=0
Field Read,context=Main:1,data
Variable Write,context=Main:1#doit:1,k=1
Field Read,context=Main:1,data
Variable Write,context=Main:1#doit:1,k=2
Field Read,context=Main:1,data
Variable Write,context=Main:1#doit:1,k=3
Field Read,context=Main:1,data
Variable Write,context=Main:1#doit:1,j=2
Variable Delete,method=Main:1#doit:1 <name=k,type=int (id=7),value=<?>,index=3>
Variable Write,context=Main:1#doit:1,k=0
Field Read,context=Main:1,data
Variable Write,context=Main:1#doit:1,k=1
Field Read,context=Main:1,data
Variable Write,context=Main:1#doit:1,k=2
Field Read,context=Main:1,data
Variable Write,context=Main:1#doit:1,k=3
Field Read,context=Main:1,data
Variable Write,context=Main:1#doit:1,j=3
Variable Delete,method=Main:1#doit:1 <name=k,type=int (id=7),value=<?>,index=3>
Variable Write,context=Main:1#doit:1,k=0
Field Read,context=Main:1,data
Variable Write,context=Main:1#doit:1,k=1
Field Read,context=Main:1,data
Variable Write,context=Main:1#doit:1,k=2
Field Read,context=Main:1,data
Variable Write,context=Main:1#doit:1,k=3
Field Read,context=Main:1,data
Variable Delete,method=Main:1#doit:1 <name=k,type=int (id=7),value=<?>,index=3>
Field Read,context=Main:1,n
Variable Write,context=Main:1#doit:1,i=4
Variable Delete,method=Main:1#doit:1 <name=j,type=int (id=7),value=<?>,index=2>
Variable Write,context=Main:1#doit:1,j=0
Variable Write,context=Main:1#doit:1,k=0
Field Read,context=Main:1,data
Variable Write,context=Main:1#doit:1,k=1
Field Read,context=Main:1,data
Variable Write,context=Main:1#doit:1,k=2
Field Read,context=Main:1,data
Variable Write,context=Main:1#doit:1,k=3
Field Read,context=Main:1,data
Variable Write,context=Main:1#doit:1,j=1
Variable Delete,method=Main:1#doit:1 <name=k,type=int (id=7),value=<?>,index=3>
Variable Write,context=Main:1#doit:1,k=0
Field Read,context=Main:1,data
Variable Write,context=Main:1#doit:1,k=1
Field Read,context=Main:1,data
Variable Write,context=Main:1#doit:1,k=2
Field Read,context=Main:1,data
Variable Write,context=Main:1#doit:1,k=3
Field Read,context=Main:1,data
Variable Write,context=Main:1#doit:1,j=2
Variable Delete,method=Main:1#doit:1 <name=k,type=int (id=7),value=<?>,index=3>
Variable Write,context=Main:1#doit:1,k=0
Field Read,context=Main:1,data
Variable Write,context=Main:1#doit:1,k=1
Field Read,context=Main:1,data
Variable Write,context=Main:1#doit:1,k=2
Field Read,context=Main:1,data
Variable Write,context=Main:1#doit:1,k=3
Field Read,context=Main:1,data
Variable Write,context=Main:1#doit:1,j=3
Variable Delete,method=Main:1#doit:1 <name=k,type=int (id=7),value=<?>,index=3>
Variable Write,context=Main:1#doit:1,k=0
Field Read,context=Main:1,data
Variable Write,context=Main:1#doit:1,k=1
Field Read,context=Main:1,data
Variable Write,context=Main:1#doit:1,k=2
Field Read,context=Main:1,data
Variable Write,context=Main:1#doit:1,k=3
Field Read,context=Main:1,data
Variable Delete,method=Main:1#doit:1 <name=k,type=int (id=7),value=<?>,index=3>
Field Read,context=Main:1,n
Variable Write,context=Main:1#doit:1,i=5
Variable Delete,method=Main:1#doit:1 <name=j,type=int (id=7),value=<?>,index=2>
Variable Write,context=Main:1#doit:1,j=0
Variable Write,context=Main:1#doit:1,k=0
Field Read,context=Main:1,data
Variable Write,context=Main:1#doit:1,k=1
Field Read,context=Main:1,data
Variable Write,context=Main:1#doit:1,k=2
Field Read,context=Main:1,data
Variable Write,context=Main:1#doit:1,k=3
Field Read,context=Main:1,data
Variable Write,context=Main:1#doit:1,j=1
Variable Delete,method=Main:1#doit:1 <name=k,type=int (id=7),value=<?>,index=3>
Variable Write,context=Main:1#doit:1,k=0
Field Read,context=Main:1,data
Variable Write,context=Main:1#doit:1,k=1
Field Read,context=Main:1,data
Variable Write,context=Main:1#doit:1,k=2
Field Read,context=Main:1,data
Variable Write,context=Main:1#doit:1,k=3
Field Read,context=Main:1,data
Variable Write,context=Main:1#doit:1,j=2
Variable Delete,method=Main:1#doit:1 <name=k,type=int (id=7),value=<?>,index=3>
Variable Write,context=Main:1#doit:1,k=0
Field Read,context=Main:1,data
Variable Write,context=Main:1#doit:1,k=1
Field Read,context=Main:1,data
Variable Write,context=Main:1#doit:1,k=2
Field Read,context=Main:1,data
Variable Write,context=Main:1#doit:1,k=3
Field Read,context=Main:1,data
Variable Write,context=Main:1#doit:1,j=3
Variable Delete,method=Main:1#doit:1 <name=k,type=int (id=7),value=<?>,index=3>
Variable Write,context=Main:1#doit:1,k=0
Field Read,context=Main:1,data
Variable Write,context=Main:1#doit:1,k=1
Field Read,context=Main:1,data
Variable Write,context=Main:1#doit:1,k=2
Field Read,context=Main:1,data
Variable Write,context=Main:1#doit:1,k=3
Field Read,context=Main:1,data
Variable Delete,method=Main:1#doit:1 <name=k,type=int (id=7),value=<?>,index=3>
Field Read,context=Main:1,n
Variable Write,context=Main:1#doit:1,i=6
Variable Delete,method=Main:1#doit:1 <name=j,type=int (id=7),value=<?>,index=2>
Variable Write,context=Main:1#doit:1,j=0
Variable Write,context=Main:1#doit:1,k=0
Field Read,context=Main:1,data
Variable Write,context=Main:1#doit:1,k=1
Field Read,context=Main:1,data
Variable Write,context=Main:1#doit:1,k=2
Field Read,context=Main:1,data
Variable Write,context=Main:1#doit:1,k=3
Field Read,context=Main:1,data
Variable Write,context=Main:1#doit:1,j=1
Variable Delete,method=Main:1#doit:1 <name=k,type=int (id=7),value=<?>,index=3>
Variable Write,context=Main:1#doit:1,k=0
Field Read,context=Main:1,data
Variable Write,context=Main:1#doit:1,k=1
Field Read,context=Main:1,data
Variable Write,context=Main:1#doit:1,k=2
Field Read,context=Main:1,data
Variable Write,context=Main:1#doit:1,k=3
Field Read,context=Main:1,data
Variable Write,context=Main:1#doit:1,j=2
Variable Delete,method=Main:1#doit:1 <name=k,type=int (id=7),value=<?>,index=3>
Variable Write,context=Main:1#doit:1,k=0
Field Read,context=Main:1,data
Variable Write,context=Main:1#doit:1,k=1
Field Read,context=Main:1,data
Variable Write,context=Main:1#doit:1,k=2
Field Read,context=Main:1,data
Variable Write,context=Main:1#doit:1,k=3
Field Read,context=Main:1,data
Variable Write,context=Main:1#doit:1,j=3
Variable Delete,method=Main:1#doit:1 <name=k,type=int (id=7),value=<?>,index=3>
Variable Write,context=Main:1#doit:1,k=0
Field Read,context=Main:1,data
Variable Write,context=Main:1#doit:1,k=1
Field Read,context=Main:1,data
Variable Write,context=Main:1#doit:1,k=2
Field Read,context=Main:1,data
Variable Write,context=Main:1#doit:1,k=3
Field Read,context=Main:1,data
Variable Delete,method=Main:1#doit:1 <name=k,type=int (id=7),value=<?>,index=3>
Field Read,context=Main:1,n
Variable Delete,method=Main:1#doit:1 <name=j,type=int (id=7),value=<?>,index=2>
Field Write,context=Main:1,ans=false
Variable Delete,method=Main:1#doit:1 <name=i,type=int (id=7),value=<?>,index=1>
Variable Write,context=Main:1#doit:1,first=false
Field Write,context=Main:1,close=java.util.HashSet (id=415)
Field Read,context=Main:1,dx
Variable Write,context=Main:1#doit:1,i=0
Field Read,context=Main:1,data
Field Read,context=Main:1,dy
Field Read,context=Main:1,dy
Field Read,context=Main:1,dx
Variable Write,context=Main:1#doit:1,i=1
Field Read,context=Main:1,data
Field Read,context=Main:1,dy
Field Read,context=Main:1,dy
Field Read,context=Main:1,dx
Variable Write,context=Main:1#doit:1,i=2
Field Read,context=Main:1,data
Field Read,context=Main:1,dy
Field Read,context=Main:1,dy
Field Read,context=Main:1,dx
Variable Write,context=Main:1#doit:1,i=3
Field Read,context=Main:1,data
Field Read,context=Main:1,dy
Field Read,context=Main:1,dy
Field Read,context=Main:1,dx
Variable Delete,method=Main:1#doit:1 <name=i,type=int (id=7),value=<?>,index=5>
Method Call,caller=Main:1#doit:1,target=Main:1#dfs:1
Variable Write,context=Main:1#dfs:1,lt=6
Variable Write,context=Main:1#dfs:1,lb=6
Variable Write,context=Main:1#dfs:1,rt=6
Variable Write,context=Main:1#dfs:1,rb=6
Variable Write,context=Main:1#dfs:1,deep=1
Variable Write,context=Main:1#dfs:1,x=1
Variable Write,context=Main:1#dfs:1,y=1
Field Read,context=Main:1,n
Field Read,context=Main:1,vx
Variable Write,context=Main:1#dfs:1,i=0
Variable Write,context=Main:1#dfs:1,j=1
Field Read,context=Main:1,vx
Variable Write,context=Main:1#dfs:1,xx=1
Field Read,context=Main:1,vy
Variable Write,context=Main:1#dfs:1,yy=1
Method Call,caller=Main:1#dfs:1,target=Main:1#isOK:1
Variable Write,context=Main:1#isOK:1,xx=1
Variable Write,context=Main:1#isOK:1,yy=1
Variable Write,context=Main:1#isOK:1,result=true
Method Exit,returner=Main:1#isOK:1,value=true
Variable Write,context=Main:1#dfs:1,flg=true
Field Read,context=Main:1,dx
Variable Write,context=Main:1#dfs:1,k=0
Field Read,context=Main:1,dx
Variable Write,context=Main:1#dfs:1,xxx=1
Field Read,context=Main:1,dy
Variable Write,context=Main:1#dfs:1,yyy=1
Field Read,context=Main:1,data
Field Read,context=Main:1,dx
Variable Write,context=Main:1#dfs:1,k=1
Variable Delete,method=Main:1#dfs:1 <name=xxx,type=int (id=7),value=<?>,index=13>
Variable Delete,method=Main:1#dfs:1 <name=yyy,type=int (id=7),value=<?>,index=14>
Field Read,context=Main:1,dx
Variable Write,context=Main:1#dfs:1,xxx=1
Field Read,context=Main:1,dy
Variable Write,context=Main:1#dfs:1,yyy=2
Field Read,context=Main:1,data
Field Read,context=Main:1,dx
Variable Write,context=Main:1#dfs:1,k=2
Variable Delete,method=Main:1#dfs:1 <name=xxx,type=int (id=7),value=<?>,index=13>
Variable Delete,method=Main:1#dfs:1 <name=yyy,type=int (id=7),value=<?>,index=14>
Field Read,context=Main:1,dx
Variable Write,context=Main:1#dfs:1,xxx=2
Field Read,context=Main:1,dy
Variable Write,context=Main:1#dfs:1,yyy=1
Field Read,context=Main:1,data
Variable Write,context=Main:1#dfs:1,flg=false
Variable Delete,method=Main:1#dfs:1 <name=k,type=int (id=7),value=<?>,index=12>
Variable Delete,method=Main:1#dfs:1 <name=xxx,type=int (id=7),value=<?>,index=13>
Variable Delete,method=Main:1#dfs:1 <name=yyy,type=int (id=7),value=<?>,index=14>
Variable Write,context=Main:1#dfs:1,j=2
Variable Delete,method=Main:1#dfs:1 <name=xx,type=int (id=7),value=0,index=9>
Variable Delete,method=Main:1#dfs:1 <name=yy,type=int (id=7),value=1,index=10>
Variable Delete,method=Main:1#dfs:1 <name=flg,type=boolean (id=2),value=true,index=11>
Field Read,context=Main:1,vx
Variable Write,context=Main:1#dfs:1,xx=1
Field Read,context=Main:1,vy
Variable Write,context=Main:1#dfs:1,yy=1
Method Call,caller=Main:1#dfs:1,target=Main:1#isOK:2
Variable Write,context=Main:1#isOK:2,xx=1
Variable Write,context=Main:1#isOK:2,yy=1
Variable Write,context=Main:1#isOK:2,result=true
Method Exit,returner=Main:1#isOK:2,value=true
Variable Write,context=Main:1#dfs:1,flg=true
Field Read,context=Main:1,dx
Variable Write,context=Main:1#dfs:1,k=0
Field Read,context=Main:1,dx
Variable Write,context=Main:1#dfs:1,xxx=1
Field Read,context=Main:1,dy
Variable Write,context=Main:1#dfs:1,yyy=1
Field Read,context=Main:1,data
Field Read,context=Main:1,dx
Variable Write,context=Main:1#dfs:1,k=1
Variable Delete,method=Main:1#dfs:1 <name=xxx,type=int (id=7),value=<?>,index=13>
Variable Delete,method=Main:1#dfs:1 <name=yyy,type=int (id=7),value=<?>,index=14>
Field Read,context=Main:1,dx
Variable Write,context=Main:1#dfs:1,xxx=1
Field Read,context=Main:1,dy
Variable Write,context=Main:1#dfs:1,yyy=2
Field Read,context=Main:1,data
Field Read,context=Main:1,dx
Variable Write,context=Main:1#dfs:1,k=2
Variable Delete,method=Main:1#dfs:1 <name=xxx,type=int (id=7),value=<?>,index=13>
Variable Delete,method=Main:1#dfs:1 <name=yyy,type=int (id=7),value=<?>,index=14>
Field Read,context=Main:1,dx
Variable Write,context=Main:1#dfs:1,xxx=2
Field Read,context=Main:1,dy
Variable Write,context=Main:1#dfs:1,yyy=1
Field Read,context=Main:1,data
Variable Write,context=Main:1#dfs:1,flg=false
Variable Delete,method=Main:1#dfs:1 <name=k,type=int (id=7),value=<?>,index=12>
Variable Delete,method=Main:1#dfs:1 <name=xxx,type=int (id=7),value=<?>,index=13>
Variable Delete,method=Main:1#dfs:1 <name=yyy,type=int (id=7),value=<?>,index=14>
Variable Delete,method=Main:1#dfs:1 <name=xx,type=int (id=7),value=0,index=9>
Variable Delete,method=Main:1#dfs:1 <name=yy,type=int (id=7),value=1,index=10>
Variable Delete,method=Main:1#dfs:1 <name=flg,type=boolean (id=2),value=true,index=11>
Field Read,context=Main:1,vx
Variable Write,context=Main:1#dfs:1,i=1
Variable Delete,method=Main:1#dfs:1 <name=j,type=int (id=7),value=1,index=8>
Variable Write,context=Main:1#dfs:1,j=1
Field Read,context=Main:1,vx
Variable Write,context=Main:1#dfs:1,xx=1
Field Read,context=Main:1,vy
Variable Write,context=Main:1#dfs:1,yy=2
Method Call,caller=Main:1#dfs:1,target=Main:1#isOK:3
Variable Write,context=Main:1#isOK:3,xx=1
Variable Write,context=Main:1#isOK:3,yy=2
Variable Write,context=Main:1#isOK:3,result=true
Method Exit,returner=Main:1#isOK:3,value=true
Variable Write,context=Main:1#dfs:1,flg=true
Field Read,context=Main:1,dx
Variable Write,context=Main:1#dfs:1,k=0
Field Read,context=Main:1,dx
Variable Write,context=Main:1#dfs:1,xxx=1
Field Read,context=Main:1,dy
Variable Write,context=Main:1#dfs:1,yyy=2
Field Read,context=Main:1,data
Field Read,context=Main:1,dx
Variable Write,context=Main:1#dfs:1,k=1
Variable Delete,method=Main:1#dfs:1 <name=xxx,type=int (id=7),value=<?>,index=13>
Variable Delete,method=Main:1#dfs:1 <name=yyy,type=int (id=7),value=<?>,index=14>
Field Read,context=Main:1,dx
Variable Write,context=Main:1#dfs:1,xxx=1
Field Read,context=Main:1,dy
Variable Write,context=Main:1#dfs:1,yyy=3
Field Read,context=Main:1,data
Field Read,context=Main:1,dx
Variable Write,context=Main:1#dfs:1,k=2
Variable Delete,method=Main:1#dfs:1 <name=xxx,type=int (id=7),value=<?>,index=13>
Variable Delete,method=Main:1#dfs:1 <name=yyy,type=int (id=7),value=<?>,index=14>
Field Read,context=Main:1,dx
Variable Write,context=Main:1#dfs:1,xxx=2
Field Read,context=Main:1,dy
Variable Write,context=Main:1#dfs:1,yyy=2
Field Read,context=Main:1,data
Field Read,context=Main:1,dx
Variable Write,context=Main:1#dfs:1,k=3
Variable Delete,method=Main:1#dfs:1 <name=xxx,type=int (id=7),value=<?>,index=13>
Variable Delete,method=Main:1#dfs:1 <name=yyy,type=int (id=7),value=<?>,index=14>
Field Read,context=Main:1,dx
Variable Write,context=Main:1#dfs:1,xxx=2
Field Read,context=Main:1,dy
Variable Write,context=Main:1#dfs:1,yyy=3
Field Read,context=Main:1,data
Field Read,context=Main:1,dx
Variable Delete,method=Main:1#dfs:1 <name=xxx,type=int (id=7),value=<?>,index=13>
Variable Delete,method=Main:1#dfs:1 <name=yyy,type=int (id=7),value=<?>,index=14>
Variable Delete,method=Main:1#dfs:1 <name=k,type=int (id=7),value=<?>,index=12>
Variable Write,context=Main:1#dfs:1,nlt=5
Variable Write,context=Main:1#dfs:1,nlb=5
Variable Write,context=Main:1#dfs:1,nrt=5
Variable Write,context=Main:1#dfs:1,nrb=5
Variable Write,context=Main:1#dfs:1,next=2 125555
Field Read,context=Main:1,close
Field Read,context=Main:1,close
Method Call,caller=Main:1#dfs:1,target=Main:1#dfs:2
Variable Write,context=Main:1#dfs:2,lt=5
Variable Write,context=Main:1#dfs:2,lb=5
Variable Write,context=Main:1#dfs:2,rt=5
Variable Write,context=Main:1#dfs:2,rb=5
Variable Write,context=Main:1#dfs:2,deep=2
Variable Write,context=Main:1#dfs:2,x=1
Variable Write,context=Main:1#dfs:2,y=2
Field Read,context=Main:1,n
Field Read,context=Main:1,vx
Variable Write,context=Main:1#dfs:2,i=0
Variable Write,context=Main:1#dfs:2,j=1
Field Read,context=Main:1,vx
Variable Write,context=Main:1#dfs:2,xx=1
Field Read,context=Main:1,vy
Variable Write,context=Main:1#dfs:2,yy=2
Method Call,caller=Main:1#dfs:2,target=Main:1#isOK:4
Variable Write,context=Main:1#isOK:4,xx=1
Variable Write,context=Main:1#isOK:4,yy=2
Variable Write,context=Main:1#isOK:4,result=true
Method Exit,returner=Main:1#isOK:4,value=true
Variable Write,context=Main:1#dfs:2,flg=true
Field Read,context=Main:1,dx
Variable Write,context=Main:1#dfs:2,k=0
Field Read,context=Main:1,dx
Variable Write,context=Main:1#dfs:2,xxx=1
Field Read,context=Main:1,dy
Variable Write,context=Main:1#dfs:2,yyy=2
Field Read,context=Main:1,data
Field Read,context=Main:1,dx
Variable Write,context=Main:1#dfs:2,k=1
Variable Delete,method=Main:1#dfs:2 <name=xxx,type=int (id=7),value=<?>,index=13>
Variable Delete,method=Main:1#dfs:2 <name=yyy,type=int (id=7),value=<?>,index=14>
Field Read,context=Main:1,dx
Variable Write,context=Main:1#dfs:2,xxx=1
Field Read,context=Main:1,dy
Variable Write,context=Main:1#dfs:2,yyy=3
Field Read,context=Main:1,data
Variable Write,context=Main:1#dfs:2,flg=false
Variable Delete,method=Main:1#dfs:2 <name=k,type=int (id=7),value=<?>,index=12>
Variable Delete,method=Main:1#dfs:2 <name=xxx,type=int (id=7),value=<?>,index=13>
Variable Delete,method=Main:1#dfs:2 <name=yyy,type=int (id=7),value=<?>,index=14>
Variable Write,context=Main:1#dfs:2,j=2
Variable Delete,method=Main:1#dfs:2 <name=xx,type=int (id=7),value=<?>,index=9>
Variable Delete,method=Main:1#dfs:2 <name=yy,type=int (id=7),value=<?>,index=10>
Variable Delete,method=Main:1#dfs:2 <name=flg,type=boolean (id=2),value=<?>,index=11>
Field Read,context=Main:1,vx
Variable Write,context=Main:1#dfs:2,xx=1
Field Read,context=Main:1,vy
Variable Write,context=Main:1#dfs:2,yy=2
Method Call,caller=Main:1#dfs:2,target=Main:1#isOK:5
Variable Write,context=Main:1#isOK:5,xx=1
Variable Write,context=Main:1#isOK:5,yy=2
Variable Write,context=Main:1#isOK:5,result=true
Method Exit,returner=Main:1#isOK:5,value=true
Variable Write,context=Main:1#dfs:2,flg=true
Field Read,context=Main:1,dx
Variable Write,context=Main:1#dfs:2,k=0
Field Read,context=Main:1,dx
Variable Write,context=Main:1#dfs:2,xxx=1
Field Read,context=Main:1,dy
Variable Write,context=Main:1#dfs:2,yyy=2
Field Read,context=Main:1,data
Field Read,context=Main:1,dx
Variable Write,context=Main:1#dfs:2,k=1
Variable Delete,method=Main:1#dfs:2 <name=xxx,type=int (id=7),value=<?>,index=13>
Variable Delete,method=Main:1#dfs:2 <name=yyy,type=int (id=7),value=<?>,index=14>
Field Read,context=Main:1,dx
Variable Write,context=Main:1#dfs:2,xxx=1
Field Read,context=Main:1,dy
Variable Write,context=Main:1#dfs:2,yyy=3
Field Read,context=Main:1,data
Variable Write,context=Main:1#dfs:2,flg=false
Variable Delete,method=Main:1#dfs:2 <name=k,type=int (id=7),value=<?>,index=12>
Variable Delete,method=Main:1#dfs:2 <name=xxx,type=int (id=7),value=<?>,index=13>
Variable Delete,method=Main:1#dfs:2 <name=yyy,type=int (id=7),value=<?>,index=14>
Variable Delete,method=Main:1#dfs:2 <name=xx,type=int (id=7),value=<?>,index=9>
Variable Delete,method=Main:1#dfs:2 <name=yy,type=int (id=7),value=<?>,index=10>
Variable Delete,method=Main:1#dfs:2 <name=flg,type=boolean (id=2),value=<?>,index=11>
Field Read,context=Main:1,vx
Variable Write,context=Main:1#dfs:2,i=1
Variable Delete,method=Main:1#dfs:2 <name=j,type=int (id=7),value=<?>,index=8>
Variable Write,context=Main:1#dfs:2,j=1
Field Read,context=Main:1,vx
Variable Write,context=Main:1#dfs:2,xx=1
Field Read,context=Main:1,vy
Variable Write,context=Main:1#dfs:2,yy=3
Method Call,caller=Main:1#dfs:2,target=Main:1#isOK:6
Variable Write,context=Main:1#isOK:6,xx=1
Variable Write,context=Main:1#isOK:6,yy=3
Variable Write,context=Main:1#isOK:6,result=false
Method Exit,returner=Main:1#isOK:6,value=false
Variable Write,context=Main:1#dfs:2,j=2
Variable Delete,method=Main:1#dfs:2 <name=xx,type=int (id=7),value=<?>,index=9>
Variable Delete,method=Main:1#dfs:2 <name=yy,type=int (id=7),value=<?>,index=10>
Field Read,context=Main:1,vx
Variable Write,context=Main:1#dfs:2,xx=1
Field Read,context=Main:1,vy
Variable Write,context=Main:1#dfs:2,yy=4
Method Call,caller=Main:1#dfs:2,target=Main:1#isOK:7
Variable Write,context=Main:1#isOK:7,xx=1
Variable Write,context=Main:1#isOK:7,yy=4
Variable Write,context=Main:1#isOK:7,result=false
Method Exit,returner=Main:1#isOK:7,value=false
Variable Delete,method=Main:1#dfs:2 <name=xx,type=int (id=7),value=<?>,index=9>
Variable Delete,method=Main:1#dfs:2 <name=yy,type=int (id=7),value=<?>,index=10>
Field Read,context=Main:1,vx
Variable Write,context=Main:1#dfs:2,i=2
Variable Delete,method=Main:1#dfs:2 <name=j,type=int (id=7),value=<?>,index=8>
Variable Write,context=Main:1#dfs:2,j=1
Field Read,context=Main:1,vx
Variable Write,context=Main:1#dfs:2,xx=2
Field Read,context=Main:1,vy
Variable Write,context=Main:1#dfs:2,yy=2
Method Call,caller=Main:1#dfs:2,target=Main:1#isOK:8
Variable Write,context=Main:1#isOK:8,xx=2
Variable Write,context=Main:1#isOK:8,yy=2
Variable Write,context=Main:1#isOK:8,result=true
Method Exit,returner=Main:1#isOK:8,value=true
Variable Write,context=Main:1#dfs:2,flg=true
Field Read,context=Main:1,dx
Variable Write,context=Main:1#dfs:2,k=0
Field Read,context=Main:1,dx
Variable Write,context=Main:1#dfs:2,xxx=2
Field Read,context=Main:1,dy
Variable Write,context=Main:1#dfs:2,yyy=2
Field Read,context=Main:1,data
Field Read,context=Main:1,dx
Variable Write,context=Main:1#dfs:2,k=1
Variable Delete,method=Main:1#dfs:2 <name=xxx,type=int (id=7),value=<?>,index=13>
Variable Delete,method=Main:1#dfs:2 <name=yyy,type=int (id=7),value=<?>,index=14>
Field Read,context=Main:1,dx
Variable Write,context=Main:1#dfs:2,xxx=2
Field Read,context=Main:1,dy
Variable Write,context=Main:1#dfs:2,yyy=3
Field Read,context=Main:1,data
Field Read,context=Main:1,dx
Variable Write,context=Main:1#dfs:2,k=2
Variable Delete,method=Main:1#dfs:2 <name=xxx,type=int (id=7),value=<?>,index=13>
Variable Delete,method=Main:1#dfs:2 <name=yyy,type=int (id=7),value=<?>,index=14>
Field Read,context=Main:1,dx
Variable Write,context=Main:1#dfs:2,xxx=3
Field Read,context=Main:1,dy
Variable Write,context=Main:1#dfs:2,yyy=2
Field Read,context=Main:1,data
Field Read,context=Main:1,dx
Variable Write,context=Main:1#dfs:2,k=3
Variable Delete,method=Main:1#dfs:2 <name=xxx,type=int (id=7),value=<?>,index=13>
Variable Delete,method=Main:1#dfs:2 <name=yyy,type=int (id=7),value=<?>,index=14>
Field Read,context=Main:1,dx
Variable Write,context=Main:1#dfs:2,xxx=3
Field Read,context=Main:1,dy
Variable Write,context=Main:1#dfs:2,yyy=3
Field Read,context=Main:1,data
Variable Write,context=Main:1#dfs:2,flg=false
Variable Delete,method=Main:1#dfs:2 <name=k,type=int (id=7),value=<?>,index=12>
Variable Delete,method=Main:1#dfs:2 <name=xxx,type=int (id=7),value=<?>,index=13>
Variable Delete,method=Main:1#dfs:2 <name=yyy,type=int (id=7),value=<?>,index=14>
Variable Write,context=Main:1#dfs:2,j=2
Variable Delete,method=Main:1#dfs:2 <name=xx,type=int (id=7),value=<?>,index=9>
Variable Delete,method=Main:1#dfs:2 <name=yy,type=int (id=7),value=<?>,index=10>
Variable Delete,method=Main:1#dfs:2 <name=flg,type=boolean (id=2),value=<?>,index=11>
Field Read,context=Main:1,vx
Variable Write,context=Main:1#dfs:2,xx=3
Field Read,context=Main:1,vy
Variable Write,context=Main:1#dfs:2,yy=2
Method Call,caller=Main:1#dfs:2,target=Main:1#isOK:9
Variable Write,context=Main:1#isOK:9,xx=3
Variable Write,context=Main:1#isOK:9,yy=2
Variable Write,context=Main:1#isOK:9,result=false
Method Exit,returner=Main:1#isOK:9,value=false
Variable Delete,method=Main:1#dfs:2 <name=xx,type=int (id=7),value=<?>,index=9>
Variable Delete,method=Main:1#dfs:2 <name=yy,type=int (id=7),value=<?>,index=10>
Field Read,context=Main:1,vx
Variable Write,context=Main:1#dfs:2,i=3
Variable Delete,method=Main:1#dfs:2 <name=j,type=int (id=7),value=<?>,index=8>
Variable Write,context=Main:1#dfs:2,j=1
Field Read,context=Main:1,vx
Variable Write,context=Main:1#dfs:2,xx=1
Field Read,context=Main:1,vy
Variable Write,context=Main:1#dfs:2,yy=1
Method Call,caller=Main:1#dfs:2,target=Main:1#isOK:10
Variable Write,context=Main:1#isOK:10,xx=1
Variable Write,context=Main:1#isOK:10,yy=1
Variable Write,context=Main:1#isOK:10,result=true
Method Exit,returner=Main:1#isOK:10,value=true
Variable Write,context=Main:1#dfs:2,flg=true
Field Read,context=Main:1,dx
Variable Write,context=Main:1#dfs:2,k=0
Field Read,context=Main:1,dx
Variable Write,context=Main:1#dfs:2,xxx=1
Field Read,context=Main:1,dy
Variable Write,context=Main:1#dfs:2,yyy=1
Field Read,context=Main:1,data
Field Read,context=Main:1,dx
Variable Write,context=Main:1#dfs:2,k=1
Variable Delete,method=Main:1#dfs:2 <name=xxx,type=int (id=7),value=<?>,index=13>
Variable Delete,method=Main:1#dfs:2 <name=yyy,type=int (id=7),value=<?>,index=14>
Field Read,context=Main:1,dx
Variable Write,context=Main:1#dfs:2,xxx=1
Field Read,context=Main:1,dy
Variable Write,context=Main:1#dfs:2,yyy=2
Field Read,context=Main:1,data
Field Read,context=Main:1,dx
Variable Write,context=Main:1#dfs:2,k=2
Variable Delete,method=Main:1#dfs:2 <name=xxx,type=int (id=7),value=<?>,index=13>
Variable Delete,method=Main:1#dfs:2 <name=yyy,type=int (id=7),value=<?>,index=14>
Field Read,context=Main:1,dx
Variable Write,context=Main:1#dfs:2,xxx=2
Field Read,context=Main:1,dy
Variable Write,context=Main:1#dfs:2,yyy=1
Field Read,context=Main:1,data
Field Read,context=Main:1,dx
Variable Write,context=Main:1#dfs:2,k=3
Variable Delete,method=Main:1#dfs:2 <name=xxx,type=int (id=7),value=<?>,index=13>
Variable Delete,method=Main:1#dfs:2 <name=yyy,type=int (id=7),value=<?>,index=14>
Field Read,context=Main:1,dx
Variable Write,context=Main:1#dfs:2,xxx=2
Field Read,context=Main:1,dy
Variable Write,context=Main:1#dfs:2,yyy=2
Field Read,context=Main:1,data
Field Read,context=Main:1,dx
Variable Delete,method=Main:1#dfs:2 <name=xxx,type=int (id=7),value=<?>,index=13>
Variable Delete,method=Main:1#dfs:2 <name=yyy,type=int (id=7),value=<?>,index=14>
Variable Delete,method=Main:1#dfs:2 <name=k,type=int (id=7),value=<?>,index=12>
Variable Write,context=Main:1#dfs:2,nlt=4
Variable Write,context=Main:1#dfs:2,nlb=4
Variable Write,context=Main:1#dfs:2,nrt=4
Variable Write,context=Main:1#dfs:2,nrb=4
Variable Write,context=Main:1#dfs:2,next=3 114444
Field Read,context=Main:1,close
Field Read,context=Main:1,close
Method Call,caller=Main:1#dfs:2,target=Main:1#dfs:3
Variable Write,context=Main:1#dfs:3,lt=4
Variable Write,context=Main:1#dfs:3,lb=4
Variable Write,context=Main:1#dfs:3,rt=4
Variable Write,context=Main:1#dfs:3,rb=4
Variable Write,context=Main:1#dfs:3,deep=3
Variable Write,context=Main:1#dfs:3,x=1
Variable Write,context=Main:1#dfs:3,y=1
Field Read,context=Main:1,n
Field Read,context=Main:1,vx
Variable Write,context=Main:1#dfs:3,i=0
Variable Write,context=Main:1#dfs:3,j=1
Field Read,context=Main:1,vx
Variable Write,context=Main:1#dfs:3,xx=1
Field Read,context=Main:1,vy
Variable Write,context=Main:1#dfs:3,yy=1
Method Call,caller=Main:1#dfs:3,target=Main:1#isOK:11
Variable Write,context=Main:1#isOK:11,xx=1
Variable Write,context=Main:1#isOK:11,yy=1
Variable Write,context=Main:1#isOK:11,result=true
Method Exit,returner=Main:1#isOK:11,value=true
Variable Write,context=Main:1#dfs:3,flg=true
Field Read,context=Main:1,dx
Variable Write,context=Main:1#dfs:3,k=0
Field Read,context=Main:1,dx
Variable Write,context=Main:1#dfs:3,xxx=1
Field Read,context=Main:1,dy
Variable Write,context=Main:1#dfs:3,yyy=1
Field Read,context=Main:1,data
Field Read,context=Main:1,dx
Variable Write,context=Main:1#dfs:3,k=1
Variable Delete,method=Main:1#dfs:3 <name=xxx,type=int (id=7),value=<?>,index=13>
Variable Delete,method=Main:1#dfs:3 <name=yyy,type=int (id=7),value=<?>,index=14>
Field Read,context=Main:1,dx
Variable Write,context=Main:1#dfs:3,xxx=1
Field Read,context=Main:1,dy
Variable Write,context=Main:1#dfs:3,yyy=2
Field Read,context=Main:1,data
Variable Write,context=Main:1#dfs:3,flg=false
Variable Delete,method=Main:1#dfs:3 <name=k,type=int (id=7),value=<?>,index=12>
Variable Delete,method=Main:1#dfs:3 <name=xxx,type=int (id=7),value=<?>,index=13>
Variable Delete,method=Main:1#dfs:3 <name=yyy,type=int (id=7),value=<?>,index=14>
Variable Write,context=Main:1#dfs:3,j=2
Variable Delete,method=Main:1#dfs:3 <name=xx,type=int (id=7),value=<?>,index=9>
Variable Delete,method=Main:1#dfs:3 <name=yy,type=int (id=7),value=<?>,index=10>
Variable Delete,method=Main:1#dfs:3 <name=flg,type=boolean (id=2),value=<?>,index=11>
Field Read,context=Main:1,vx
Variable Write,context=Main:1#dfs:3,xx=1
Field Read,context=Main:1,vy
Variable Write,context=Main:1#dfs:3,yy=1
Method Call,caller=Main:1#dfs:3,target=Main:1#isOK:12
Variable Write,context=Main:1#isOK:12,xx=1
Variable Write,context=Main:1#isOK:12,yy=1
Variable Write,context=Main:1#isOK:12,result=true
Method Exit,returner=Main:1#isOK:12,value=true
Variable Write,context=Main:1#dfs:3,flg=true
Field Read,context=Main:1,dx
Variable Write,context=Main:1#dfs:3,k=0
Field Read,context=Main:1,dx
Variable Write,context=Main:1#dfs:3,xxx=1
Field Read,context=Main:1,dy
Variable Write,context=Main:1#dfs:3,yyy=1
Field Read,context=Main:1,data
Field Read,context=Main:1,dx
Variable Write,context=Main:1#dfs:3,k=1
Variable Delete,method=Main:1#dfs:3 <name=xxx,type=int (id=7),value=<?>,index=13>
Variable Delete,method=Main:1#dfs:3 <name=yyy,type=int (id=7),value=<?>,index=14>
Field Read,context=Main:1,dx
Variable Write,context=Main:1#dfs:3,xxx=1
Field Read,context=Main:1,dy
Variable Write,context=Main:1#dfs:3,yyy=2
Field Read,context=Main:1,data
Variable Write,context=Main:1#dfs:3,flg=false
Variable Delete,method=Main:1#dfs:3 <name=k,type=int (id=7),value=<?>,index=12>
Variable Delete,method=Main:1#dfs:3 <name=xxx,type=int (id=7),value=<?>,index=13>
Variable Delete,method=Main:1#dfs:3 <name=yyy,type=int (id=7),value=<?>,index=14>
Variable Delete,method=Main:1#dfs:3 <name=xx,type=int (id=7),value=<?>,index=9>
Variable Delete,method=Main:1#dfs:3 <name=yy,type=int (id=7),value=<?>,index=10>
Variable Delete,method=Main:1#dfs:3 <name=flg,type=boolean (id=2),value=<?>,index=11>
Field Read,context=Main:1,vx
Variable Write,context=Main:1#dfs:3,i=1
Variable Delete,method=Main:1#dfs:3 <name=j,type=int (id=7),value=<?>,index=8>
Variable Write,context=Main:1#dfs:3,j=1
Field Read,context=Main:1,vx
Variable Write,context=Main:1#dfs:3,xx=1
Field Read,context=Main:1,vy
Variable Write,context=Main:1#dfs:3,yy=2
Method Call,caller=Main:1#dfs:3,target=Main:1#isOK:13
Variable Write,context=Main:1#isOK:13,xx=1
Variable Write,context=Main:1#isOK:13,yy=2
Variable Write,context=Main:1#isOK:13,result=true
Method Exit,returner=Main:1#isOK:13,value=true
Variable Write,context=Main:1#dfs:3,flg=true
Field Read,context=Main:1,dx
Variable Write,context=Main:1#dfs:3,k=0
Field Read,context=Main:1,dx
Variable Write,context=Main:1#dfs:3,xxx=1
Field Read,context=Main:1,dy
Variable Write,context=Main:1#dfs:3,yyy=2
Field Read,context=Main:1,data
Variable Write,context=Main:1#dfs:3,flg=false
Variable Delete,method=Main:1#dfs:3 <name=k,type=int (id=7),value=<?>,index=12>
Variable Delete,method=Main:1#dfs:3 <name=xxx,type=int (id=7),value=<?>,index=13>
Variable Delete,method=Main:1#dfs:3 <name=yyy,type=int (id=7),value=<?>,index=14>
Variable Write,context=Main:1#dfs:3,j=2
Variable Delete,method=Main:1#dfs:3 <name=xx,type=int (id=7),value=<?>,index=9>
Variable Delete,method=Main:1#dfs:3 <name=yy,type=int (id=7),value=<?>,index=10>
Variable Delete,method=Main:1#dfs:3 <name=flg,type=boolean (id=2),value=<?>,index=11>
Field Read,context=Main:1,vx
Variable Write,context=Main:1#dfs:3,xx=1
Field Read,context=Main:1,vy
Variable Write,context=Main:1#dfs:3,yy=3
Method Call,caller=Main:1#dfs:3,target=Main:1#isOK:14
Variable Write,context=Main:1#isOK:14,xx=1
Variable Write,context=Main:1#isOK:14,yy=3
Variable Write,context=Main:1#isOK:14,result=false
Method Exit,returner=Main:1#isOK:14,value=false
Variable Delete,method=Main:1#dfs:3 <name=xx,type=int (id=7),value=<?>,index=9>
Variable Delete,method=Main:1#dfs:3 <name=yy,type=int (id=7),value=<?>,index=10>
Field Read,context=Main:1,vx
Variable Write,context=Main:1#dfs:3,i=2
Variable Delete,method=Main:1#dfs:3 <name=j,type=int (id=7),value=<?>,index=8>
Variable Write,context=Main:1#dfs:3,j=1
Field Read,context=Main:1,vx
Variable Write,context=Main:1#dfs:3,xx=2
Field Read,context=Main:1,vy
Variable Write,context=Main:1#dfs:3,yy=1
Method Call,caller=Main:1#dfs:3,target=Main:1#isOK:15
Variable Write,context=Main:1#isOK:15,xx=2
Variable Write,context=Main:1#isOK:15,yy=1
Variable Write,context=Main:1#isOK:15,result=true
Method Exit,returner=Main:1#isOK:15,value=true
Variable Write,context=Main:1#dfs:3,flg=true
Field Read,context=Main:1,dx
Variable Write,context=Main:1#dfs:3,k=0
Field Read,context=Main:1,dx
Variable Write,context=Main:1#dfs:3,xxx=2
Field Read,context=Main:1,dy
Variable Write,context=Main:1#dfs:3,yyy=1
Field Read,context=Main:1,data
Field Read,context=Main:1,dx
Variable Write,context=Main:1#dfs:3,k=1
Variable Delete,method=Main:1#dfs:3 <name=xxx,type=int (id=7),value=<?>,index=13>
Variable Delete,method=Main:1#dfs:3 <name=yyy,type=int (id=7),value=<?>,index=14>
Field Read,context=Main:1,dx
Variable Write,context=Main:1#dfs:3,xxx=2
Field Read,context=Main:1,dy
Variable Write,context=Main:1#dfs:3,yyy=2
Field Read,context=Main:1,data
Field Read,context=Main:1,dx
Variable Write,context=Main:1#dfs:3,k=2
Variable Delete,method=Main:1#dfs:3 <name=xxx,type=int (id=7),value=<?>,index=13>
Variable Delete,method=Main:1#dfs:3 <name=yyy,type=int (id=7),value=<?>,index=14>
Field Read,context=Main:1,dx
Variable Write,context=Main:1#dfs:3,xxx=3
Field Read,context=Main:1,dy
Variable Write,context=Main:1#dfs:3,yyy=1
Field Read,context=Main:1,data
Field Read,context=Main:1,dx
Variable Write,context=Main:1#dfs:3,k=3
Variable Delete,method=Main:1#dfs:3 <name=xxx,type=int (id=7),value=<?>,index=13>
Variable Delete,method=Main:1#dfs:3 <name=yyy,type=int (id=7),value=<?>,index=14>
Field Read,context=Main:1,dx
Variable Write,context=Main:1#dfs:3,xxx=3
Field Read,context=Main:1,dy
Variable Write,context=Main:1#dfs:3,yyy=2
Field Read,context=Main:1,data
Variable Write,context=Main:1#dfs:3,flg=false
Variable Delete,method=Main:1#dfs:3 <name=k,type=int (id=7),value=<?>,index=12>
Variable Delete,method=Main:1#dfs:3 <name=xxx,type=int (id=7),value=<?>,index=13>
Variable Delete,method=Main:1#dfs:3 <name=yyy,type=int (id=7),value=<?>,index=14>
Variable Write,context=Main:1#dfs:3,j=2
Variable Delete,method=Main:1#dfs:3 <name=xx,type=int (id=7),value=<?>,index=9>
Variable Delete,method=Main:1#dfs:3 <name=yy,type=int (id=7),value=<?>,index=10>
Variable Delete,method=Main:1#dfs:3 <name=flg,type=boolean (id=2),value=<?>,index=11>
Field Read,context=Main:1,vx
Variable Write,context=Main:1#dfs:3,xx=3
Field Read,context=Main:1,vy
Variable Write,context=Main:1#dfs:3,yy=1
Method Call,caller=Main:1#dfs:3,target=Main:1#isOK:16
Variable Write,context=Main:1#isOK:16,xx=3
Variable Write,context=Main:1#isOK:16,yy=1
Variable Write,context=Main:1#isOK:16,result=false
Method Exit,returner=Main:1#isOK:16,value=false
Variable Delete,method=Main:1#dfs:3 <name=xx,type=int (id=7),value=<?>,index=9>
Variable Delete,method=Main:1#dfs:3 <name=yy,type=int (id=7),value=<?>,index=10>
Field Read,context=Main:1,vx
Variable Write,context=Main:1#dfs:3,i=3
Variable Delete,method=Main:1#dfs:3 <name=j,type=int (id=7),value=<?>,index=8>
Variable Write,context=Main:1#dfs:3,j=1
Field Read,context=Main:1,vx
Variable Write,context=Main:1#dfs:3,xx=1
Field Read,context=Main:1,vy
Variable Write,context=Main:1#dfs:3,yy=0
Method Call,caller=Main:1#dfs:3,target=Main:1#isOK:17
Variable Write,context=Main:1#isOK:17,xx=1
Variable Write,context=Main:1#isOK:17,yy=0
Variable Write,context=Main:1#isOK:17,result=true
Method Exit,returner=Main:1#isOK:17,value=true
Variable Write,context=Main:1#dfs:3,flg=true
Field Read,context=Main:1,dx
Variable Write,context=Main:1#dfs:3,k=0
Field Read,context=Main:1,dx
Variable Write,context=Main:1#dfs:3,xxx=1
Field Read,context=Main:1,dy
Variable Write,context=Main:1#dfs:3,yyy=0
Field Read,context=Main:1,data
Field Read,context=Main:1,dx
Variable Write,context=Main:1#dfs:3,k=1
Variable Delete,method=Main:1#dfs:3 <name=xxx,type=int (id=7),value=<?>,index=13>
Variable Delete,method=Main:1#dfs:3 <name=yyy,type=int (id=7),value=<?>,index=14>
Field Read,context=Main:1,dx
Variable Write,context=Main:1#dfs:3,xxx=1
Field Read,context=Main:1,dy
Variable Write,context=Main:1#dfs:3,yyy=1
Field Read,context=Main:1,data
Field Read,context=Main:1,dx
Variable Write,context=Main:1#dfs:3,k=2
Variable Delete,method=Main:1#dfs:3 <name=xxx,type=int (id=7),value=<?>,index=13>
Variable Delete,method=Main:1#dfs:3 <name=yyy,type=int (id=7),value=<?>,index=14>
Field Read,context=Main:1,dx
Variable Write,context=Main:1#dfs:3,xxx=2
Field Read,context=Main:1,dy
Variable Write,context=Main:1#dfs:3,yyy=0
Field Read,context=Main:1,data
Field Read,context=Main:1,dx
Variable Write,context=Main:1#dfs:3,k=3
Variable Delete,method=Main:1#dfs:3 <name=xxx,type=int (id=7),value=<?>,index=13>
Variable Delete,method=Main:1#dfs:3 <name=yyy,type=int (id=7),value=<?>,index=14>
Field Read,context=Main:1,dx
Variable Write,context=Main:1#dfs:3,xxx=2
Field Read,context=Main:1,dy
Variable Write,context=Main:1#dfs:3,yyy=1
Field Read,context=Main:1,data
Field Read,context=Main:1,dx
Variable Delete,method=Main:1#dfs:3 <name=xxx,type=int (id=7),value=<?>,index=13>
Variable Delete,method=Main:1#dfs:3 <name=yyy,type=int (id=7),value=<?>,index=14>
Variable Delete,method=Main:1#dfs:3 <name=k,type=int (id=7),value=<?>,index=12>
Variable Write,context=Main:1#dfs:3,nlt=3
Variable Write,context=Main:1#dfs:3,nlb=3
Variable Write,context=Main:1#dfs:3,nrt=3
Variable Write,context=Main:1#dfs:3,nrb=3
Variable Write,context=Main:1#dfs:3,next=4 103333
Field Read,context=Main:1,close
Field Read,context=Main:1,close
Method Call,caller=Main:1#dfs:3,target=Main:1#dfs:4
Variable Write,context=Main:1#dfs:4,lt=3
Variable Write,context=Main:1#dfs:4,lb=3
Variable Write,context=Main:1#dfs:4,rt=3
Variable Write,context=Main:1#dfs:4,rb=3
Variable Write,context=Main:1#dfs:4,deep=4
Variable Write,context=Main:1#dfs:4,x=1
Variable Write,context=Main:1#dfs:4,y=0
Field Read,context=Main:1,n
Field Read,context=Main:1,vx
Variable Write,context=Main:1#dfs:4,i=0
Variable Write,context=Main:1#dfs:4,j=1
Field Read,context=Main:1,vx
Variable Write,context=Main:1#dfs:4,xx=1
Field Read,context=Main:1,vy
Variable Write,context=Main:1#dfs:4,yy=0
Method Call,caller=Main:1#dfs:4,target=Main:1#isOK:18
Variable Write,context=Main:1#isOK:18,xx=1
Variable Write,context=Main:1#isOK:18,yy=0
Variable Write,context=Main:1#isOK:18,result=true
Method Exit,returner=Main:1#isOK:18,value=true
Variable Write,context=Main:1#dfs:4,flg=true
Field Read,context=Main:1,dx
Variable Write,context=Main:1#dfs:4,k=0
Field Read,context=Main:1,dx
Variable Write,context=Main:1#dfs:4,xxx=1
Field Read,context=Main:1,dy
Variable Write,context=Main:1#dfs:4,yyy=0
Field Read,context=Main:1,data
Variable Write,context=Main:1#dfs:4,flg=false
Variable Delete,method=Main:1#dfs:4 <name=k,type=int (id=7),value=<?>,index=12>
Variable Delete,method=Main:1#dfs:4 <name=xxx,type=int (id=7),value=<?>,index=13>
Variable Delete,method=Main:1#dfs:4 <name=yyy,type=int (id=7),value=<?>,index=14>
Variable Write,context=Main:1#dfs:4,j=2
Variable Delete,method=Main:1#dfs:4 <name=xx,type=int (id=7),value=<?>,index=9>
Variable Delete,method=Main:1#dfs:4 <name=yy,type=int (id=7),value=<?>,index=10>
Variable Delete,method=Main:1#dfs:4 <name=flg,type=boolean (id=2),value=<?>,index=11>
Field Read,context=Main:1,vx
Variable Write,context=Main:1#dfs:4,xx=1
Field Read,context=Main:1,vy
Variable Write,context=Main:1#dfs:4,yy=0
Method Call,caller=Main:1#dfs:4,target=Main:1#isOK:19
Variable Write,context=Main:1#isOK:19,xx=1
Variable Write,context=Main:1#isOK:19,yy=0
Variable Write,context=Main:1#isOK:19,result=true
Method Exit,returner=Main:1#isOK:19,value=true
Variable Write,context=Main:1#dfs:4,flg=true
Field Read,context=Main:1,dx
Variable Write,context=Main:1#dfs:4,k=0
Field Read,context=Main:1,dx
Variable Write,context=Main:1#dfs:4,xxx=1
Field Read,context=Main:1,dy
Variable Write,context=Main:1#dfs:4,yyy=0
Field Read,context=Main:1,data
Variable Write,context=Main:1#dfs:4,flg=false
Variable Delete,method=Main:1#dfs:4 <name=k,type=int (id=7),value=<?>,index=12>
Variable Delete,method=Main:1#dfs:4 <name=xxx,type=int (id=7),value=<?>,index=13>
Variable Delete,method=Main:1#dfs:4 <name=yyy,type=int (id=7),value=<?>,index=14>
Variable Delete,method=Main:1#dfs:4 <name=xx,type=int (id=7),value=<?>,index=9>
Variable Delete,method=Main:1#dfs:4 <name=yy,type=int (id=7),value=<?>,index=10>
Variable Delete,method=Main:1#dfs:4 <name=flg,type=boolean (id=2),value=<?>,index=11>
Field Read,context=Main:1,vx
Variable Write,context=Main:1#dfs:4,i=1
Variable Delete,method=Main:1#dfs:4 <name=j,type=int (id=7),value=<?>,index=8>
Variable Write,context=Main:1#dfs:4,j=1
Field Read,context=Main:1,vx
Variable Write,context=Main:1#dfs:4,xx=1
Field Read,context=Main:1,vy
Variable Write,context=Main:1#dfs:4,yy=1
Method Call,caller=Main:1#dfs:4,target=Main:1#isOK:20
Variable Write,context=Main:1#isOK:20,xx=1
Variable Write,context=Main:1#isOK:20,yy=1
Variable Write,context=Main:1#isOK:20,result=true
Method Exit,returner=Main:1#isOK:20,value=true
Variable Write,context=Main:1#dfs:4,flg=true
Field Read,context=Main:1,dx
Variable Write,context=Main:1#dfs:4,k=0
Field Read,context=Main:1,dx
Variable Write,context=Main:1#dfs:4,xxx=1
Field Read,context=Main:1,dy
Variable Write,context=Main:1#dfs:4,yyy=1
Field Read,context=Main:1,data
Field Read,context=Main:1,dx
Variable Write,context=Main:1#dfs:4,k=1
Variable Delete,method=Main:1#dfs:4 <name=xxx,type=int (id=7),value=<?>,index=13>
Variable Delete,method=Main:1#dfs:4 <name=yyy,type=int (id=7),value=<?>,index=14>
Field Read,context=Main:1,dx
Variable Write,context=Main:1#dfs:4,xxx=1
Field Read,context=Main:1,dy
Variable Write,context=Main:1#dfs:4,yyy=2
Field Read,context=Main:1,data
Field Read,context=Main:1,dx
Variable Write,context=Main:1#dfs:4,k=2
Variable Delete,method=Main:1#dfs:4 <name=xxx,type=int (id=7),value=<?>,index=13>
Variable Delete,method=Main:1#dfs:4 <name=yyy,type=int (id=7),value=<?>,index=14>
Field Read,context=Main:1,dx
Variable Write,context=Main:1#dfs:4,xxx=2
Field Read,context=Main:1,dy
Variable Write,context=Main:1#dfs:4,yyy=1
Field Read,context=Main:1,data
Field Read,context=Main:1,dx
Variable Write,context=Main:1#dfs:4,k=3
Variable Delete,method=Main:1#dfs:4 <name=xxx,type=int (id=7),value=<?>,index=13>
Variable Delete,method=Main:1#dfs:4 <name=yyy,type=int (id=7),value=<?>,index=14>
Field Read,context=Main:1,dx
Variable Write,context=Main:1#dfs:4,xxx=2
Field Read,context=Main:1,dy
Variable Write,context=Main:1#dfs:4,yyy=2
Field Read,context=Main:1,data
Field Read,context=Main:1,dx
Variable Delete,method=Main:1#dfs:4 <name=xxx,type=int (id=7),value=<?>,index=13>
Variable Delete,method=Main:1#dfs:4 <name=yyy,type=int (id=7),value=<?>,index=14>
Variable Delete,method=Main:1#dfs:4 <name=k,type=int (id=7),value=<?>,index=12>
Variable Write,context=Main:1#dfs:4,nlt=2
Variable Write,context=Main:1#dfs:4,nlb=2
Variable Write,context=Main:1#dfs:4,nrt=2
Variable Write,context=Main:1#dfs:4,nrb=2
Variable Write,context=Main:1#dfs:4,next=5 112222
Field Read,context=Main:1,close
Field Read,context=Main:1,close
Method Call,caller=Main:1#dfs:4,target=Main:1#dfs:5
Variable Write,context=Main:1#dfs:5,lt=2
Variable Write,context=Main:1#dfs:5,lb=2
Variable Write,context=Main:1#dfs:5,rt=2
Variable Write,context=Main:1#dfs:5,rb=2
Variable Write,context=Main:1#dfs:5,deep=5
Variable Write,context=Main:1#dfs:5,x=1
Variable Write,context=Main:1#dfs:5,y=1
Field Read,context=Main:1,n
Field Read,context=Main:1,vx
Variable Write,context=Main:1#dfs:5,i=0
Variable Write,context=Main:1#dfs:5,j=1
Field Read,context=Main:1,vx
Variable Write,context=Main:1#dfs:5,xx=1
Field Read,context=Main:1,vy
Variable Write,context=Main:1#dfs:5,yy=1
Method Call,caller=Main:1#dfs:5,target=Main:1#isOK:21
Variable Write,context=Main:1#isOK:21,xx=1
Variable Write,context=Main:1#isOK:21,yy=1
Variable Write,context=Main:1#isOK:21,result=true
Method Exit,returner=Main:1#isOK:21,value=true
Variable Write,context=Main:1#dfs:5,flg=true
Field Read,context=Main:1,dx
Variable Write,context=Main:1#dfs:5,k=0
Field Read,context=Main:1,dx
Variable Write,context=Main:1#dfs:5,xxx=1
Field Read,context=Main:1,dy
Variable Write,context=Main:1#dfs:5,yyy=1
Field Read,context=Main:1,data
Field Read,context=Main:1,dx
Variable Write,context=Main:1#dfs:5,k=1
Variable Delete,method=Main:1#dfs:5 <name=xxx,type=int (id=7),value=<?>,index=13>
Variable Delete,method=Main:1#dfs:5 <name=yyy,type=int (id=7),value=<?>,index=14>
Field Read,context=Main:1,dx
Variable Write,context=Main:1#dfs:5,xxx=1
Field Read,context=Main:1,dy
Variable Write,context=Main:1#dfs:5,yyy=2
Field Read,context=Main:1,data
Field Read,context=Main:1,dx
Variable Write,context=Main:1#dfs:5,k=2
Variable Delete,method=Main:1#dfs:5 <name=xxx,type=int (id=7),value=<?>,index=13>
Variable Delete,method=Main:1#dfs:5 <name=yyy,type=int (id=7),value=<?>,index=14>
Field Read,context=Main:1,dx
Variable Write,context=Main:1#dfs:5,xxx=2
Field Read,context=Main:1,dy
Variable Write,context=Main:1#dfs:5,yyy=1
Field Read,context=Main:1,data
Field Read,context=Main:1,dx
Variable Write,context=Main:1#dfs:5,k=3
Variable Delete,method=Main:1#dfs:5 <name=xxx,type=int (id=7),value=<?>,index=13>
Variable Delete,method=Main:1#dfs:5 <name=yyy,type=int (id=7),value=<?>,index=14>
Field Read,context=Main:1,dx
Variable Write,context=Main:1#dfs:5,xxx=2
Field Read,context=Main:1,dy
Variable Write,context=Main:1#dfs:5,yyy=2
Field Read,context=Main:1,data
Field Read,context=Main:1,dx
Variable Delete,method=Main:1#dfs:5 <name=xxx,type=int (id=7),value=<?>,index=13>
Variable Delete,method=Main:1#dfs:5 <name=yyy,type=int (id=7),value=<?>,index=14>
Variable Delete,method=Main:1#dfs:5 <name=k,type=int (id=7),value=<?>,index=12>
Variable Write,context=Main:1#dfs:5,nlt=1
Variable Write,context=Main:1#dfs:5,nlb=1
Variable Write,context=Main:1#dfs:5,nrt=1
Variable Write,context=Main:1#dfs:5,nrb=1
Variable Write,context=Main:1#dfs:5,next=6 111111
Field Read,context=Main:1,close
Field Read,context=Main:1,close
Method Call,caller=Main:1#dfs:5,target=Main:1#dfs:6
Variable Write,context=Main:1#dfs:6,lt=1
Variable Write,context=Main:1#dfs:6,lb=1
Variable Write,context=Main:1#dfs:6,rt=1
Variable Write,context=Main:1#dfs:6,rb=1
Variable Write,context=Main:1#dfs:6,deep=6
Variable Write,context=Main:1#dfs:6,x=1
Variable Write,context=Main:1#dfs:6,y=1
Field Read,context=Main:1,n
Field Read,context=Main:1,vx
Variable Write,context=Main:1#dfs:6,i=0
Variable Write,context=Main:1#dfs:6,j=1
Field Read,context=Main:1,vx
Variable Write,context=Main:1#dfs:6,xx=1
Field Read,context=Main:1,vy
Variable Write,context=Main:1#dfs:6,yy=1
Method Call,caller=Main:1#dfs:6,target=Main:1#isOK:22
Variable Write,context=Main:1#isOK:22,xx=1
Variable Write,context=Main:1#isOK:22,yy=1
Variable Write,context=Main:1#isOK:22,result=true
Method Exit,returner=Main:1#isOK:22,value=true
Variable Write,context=Main:1#dfs:6,flg=true
Field Read,context=Main:1,dx
Variable Write,context=Main:1#dfs:6,k=0
Field Read,context=Main:1,dx
Variable Write,context=Main:1#dfs:6,xxx=1
Field Read,context=Main:1,dy
Variable Write,context=Main:1#dfs:6,yyy=1
Field Read,context=Main:1,data
Variable Write,context=Main:1#dfs:6,flg=false
Variable Delete,method=Main:1#dfs:6 <name=k,type=int (id=7),value=<?>,index=12>
Variable Delete,method=Main:1#dfs:6 <name=xxx,type=int (id=7),value=<?>,index=13>
Variable Delete,method=Main:1#dfs:6 <name=yyy,type=int (id=7),value=<?>,index=14>
Variable Write,context=Main:1#dfs:6,j=2
Variable Delete,method=Main:1#dfs:6 <name=xx,type=int (id=7),value=<?>,index=9>
Variable Delete,method=Main:1#dfs:6 <name=yy,type=int (id=7),value=<?>,index=10>
Variable Delete,method=Main:1#dfs:6 <name=flg,type=boolean (id=2),value=<?>,index=11>
Field Read,context=Main:1,vx
Variable Write,context=Main:1#dfs:6,xx=1
Field Read,context=Main:1,vy
Variable Write,context=Main:1#dfs:6,yy=1
Method Call,caller=Main:1#dfs:6,target=Main:1#isOK:23
Variable Write,context=Main:1#isOK:23,xx=1
Variable Write,context=Main:1#isOK:23,yy=1
Variable Write,context=Main:1#isOK:23,result=true
Method Exit,returner=Main:1#isOK:23,value=true
Variable Write,context=Main:1#dfs:6,flg=true
Field Read,context=Main:1,dx
Variable Write,context=Main:1#dfs:6,k=0
Field Read,context=Main:1,dx
Variable Write,context=Main:1#dfs:6,xxx=1
Field Read,context=Main:1,dy
Variable Write,context=Main:1#dfs:6,yyy=1
Field Read,context=Main:1,data
Variable Write,context=Main:1#dfs:6,flg=false
Variable Delete,method=Main:1#dfs:6 <name=k,type=int (id=7),value=<?>,index=12>
Variable Delete,method=Main:1#dfs:6 <name=xxx,type=int (id=7),value=<?>,index=13>
Variable Delete,method=Main:1#dfs:6 <name=yyy,type=int (id=7),value=<?>,index=14>
Variable Delete,method=Main:1#dfs:6 <name=xx,type=int (id=7),value=<?>,index=9>
Variable Delete,method=Main:1#dfs:6 <name=yy,type=int (id=7),value=<?>,index=10>
Variable Delete,method=Main:1#dfs:6 <name=flg,type=boolean (id=2),value=<?>,index=11>
Field Read,context=Main:1,vx
Variable Write,context=Main:1#dfs:6,i=1
Variable Delete,method=Main:1#dfs:6 <name=j,type=int (id=7),value=<?>,index=8>
Variable Write,context=Main:1#dfs:6,j=1
Field Read,context=Main:1,vx
Variable Write,context=Main:1#dfs:6,xx=1
Field Read,context=Main:1,vy
Variable Write,context=Main:1#dfs:6,yy=2
Method Call,caller=Main:1#dfs:6,target=Main:1#isOK:24
Variable Write,context=Main:1#isOK:24,xx=1
Variable Write,context=Main:1#isOK:24,yy=2
Variable Write,context=Main:1#isOK:24,result=true
Method Exit,returner=Main:1#isOK:24,value=true
Variable Write,context=Main:1#dfs:6,flg=true
Field Read,context=Main:1,dx
Variable Write,context=Main:1#dfs:6,k=0
Field Read,context=Main:1,dx
Variable Write,context=Main:1#dfs:6,xxx=1
Field Read,context=Main:1,dy
Variable Write,context=Main:1#dfs:6,yyy=2
Field Read,context=Main:1,data
Field Read,context=Main:1,dx
Variable Write,context=Main:1#dfs:6,k=1
Variable Delete,method=Main:1#dfs:6 <name=xxx,type=int (id=7),value=<?>,index=13>
Variable Delete,method=Main:1#dfs:6 <name=yyy,type=int (id=7),value=<?>,index=14>
Field Read,context=Main:1,dx
Variable Write,context=Main:1#dfs:6,xxx=1
Field Read,context=Main:1,dy
Variable Write,context=Main:1#dfs:6,yyy=3
Field Read,context=Main:1,data
Field Read,context=Main:1,dx
Variable Write,context=Main:1#dfs:6,k=2
Variable Delete,method=Main:1#dfs:6 <name=xxx,type=int (id=7),value=<?>,index=13>
Variable Delete,method=Main:1#dfs:6 <name=yyy,type=int (id=7),value=<?>,index=14>
Field Read,context=Main:1,dx
Variable Write,context=Main:1#dfs:6,xxx=2
Field Read,context=Main:1,dy
Variable Write,context=Main:1#dfs:6,yyy=2
Field Read,context=Main:1,data
Field Read,context=Main:1,dx
Variable Write,context=Main:1#dfs:6,k=3
Variable Delete,method=Main:1#dfs:6 <name=xxx,type=int (id=7),value=<?>,index=13>
Variable Delete,method=Main:1#dfs:6 <name=yyy,type=int (id=7),value=<?>,index=14>
Field Read,context=Main:1,dx
Variable Write,context=Main:1#dfs:6,xxx=2
Field Read,context=Main:1,dy
Variable Write,context=Main:1#dfs:6,yyy=3
Field Read,context=Main:1,data
Field Read,context=Main:1,dx
Variable Delete,method=Main:1#dfs:6 <name=xxx,type=int (id=7),value=<?>,index=13>
Variable Delete,method=Main:1#dfs:6 <name=yyy,type=int (id=7),value=<?>,index=14>
Variable Delete,method=Main:1#dfs:6 <name=k,type=int (id=7),value=<?>,index=12>
Variable Write,context=Main:1#dfs:6,nlt=0
Variable Write,context=Main:1#dfs:6,nlb=0
Variable Write,context=Main:1#dfs:6,nrt=0
Variable Write,context=Main:1#dfs:6,nrb=0
Variable Write,context=Main:1#dfs:6,j=2
Variable Delete,method=Main:1#dfs:6 <name=xx,type=int (id=7),value=<?>,index=9>
Variable Delete,method=Main:1#dfs:6 <name=yy,type=int (id=7),value=<?>,index=10>
Variable Delete,method=Main:1#dfs:6 <name=flg,type=boolean (id=2),value=<?>,index=11>
Variable Delete,method=Main:1#dfs:6 <name=nlt,type=int (id=7),value=<?>,index=15>
Variable Delete,method=Main:1#dfs:6 <name=nlb,type=int (id=7),value=<?>,index=16>
Variable Delete,method=Main:1#dfs:6 <name=nrt,type=int (id=7),value=<?>,index=17>
Variable Delete,method=Main:1#dfs:6 <name=nrb,type=int (id=7),value=<?>,index=18>
Field Read,context=Main:1,vx
Variable Write,context=Main:1#dfs:6,xx=1
Field Read,context=Main:1,vy
Variable Write,context=Main:1#dfs:6,yy=3
Method Call,caller=Main:1#dfs:6,target=Main:1#isOK:25
Variable Write,context=Main:1#isOK:25,xx=1
Variable Write,context=Main:1#isOK:25,yy=3
Variable Write,context=Main:1#isOK:25,result=false
Method Exit,returner=Main:1#isOK:25,value=false
Variable Delete,method=Main:1#dfs:6 <name=xx,type=int (id=7),value=<?>,index=9>
Variable Delete,method=Main:1#dfs:6 <name=yy,type=int (id=7),value=<?>,index=10>
Field Read,context=Main:1,vx
Variable Write,context=Main:1#dfs:6,i=2
Variable Delete,method=Main:1#dfs:6 <name=j,type=int (id=7),value=<?>,index=8>
Variable Write,context=Main:1#dfs:6,j=1
Field Read,context=Main:1,vx
Variable Write,context=Main:1#dfs:6,xx=2
Field Read,context=Main:1,vy
Variable Write,context=Main:1#dfs:6,yy=1
Method Call,caller=Main:1#dfs:6,target=Main:1#isOK:26
Variable Write,context=Main:1#isOK:26,xx=2
Variable Write,context=Main:1#isOK:26,yy=1
Variable Write,context=Main:1#isOK:26,result=true
Method Exit,returner=Main:1#isOK:26,value=true
Variable Write,context=Main:1#dfs:6,flg=true
Field Read,context=Main:1,dx
Variable Write,context=Main:1#dfs:6,k=0
Field Read,context=Main:1,dx
Variable Write,context=Main:1#dfs:6,xxx=2
Field Read,context=Main:1,dy
Variable Write,context=Main:1#dfs:6,yyy=1
Field Read,context=Main:1,data
Field Read,context=Main:1,dx
Variable Write,context=Main:1#dfs:6,k=1
Variable Delete,method=Main:1#dfs:6 <name=xxx,type=int (id=7),value=<?>,index=13>
Variable Delete,method=Main:1#dfs:6 <name=yyy,type=int (id=7),value=<?>,index=14>
Field Read,context=Main:1,dx
Variable Write,context=Main:1#dfs:6,xxx=2
Field Read,context=Main:1,dy
Variable Write,context=Main:1#dfs:6,yyy=2
Field Read,context=Main:1,data
Field Read,context=Main:1,dx
Variable Write,context=Main:1#dfs:6,k=2
Variable Delete,method=Main:1#dfs:6 <name=xxx,type=int (id=7),value=<?>,index=13>
Variable Delete,method=Main:1#dfs:6 <name=yyy,type=int (id=7),value=<?>,index=14>
Field Read,context=Main:1,dx
Variable Write,context=Main:1#dfs:6,xxx=3
Field Read,context=Main:1,dy
Variable Write,context=Main:1#dfs:6,yyy=1
Field Read,context=Main:1,data
Field Read,context=Main:1,dx
Variable Write,context=Main:1#dfs:6,k=3
Variable Delete,method=Main:1#dfs:6 <name=xxx,type=int (id=7),value=<?>,index=13>
Variable Delete,method=Main:1#dfs:6 <name=yyy,type=int (id=7),value=<?>,index=14>
Field Read,context=Main:1,dx
Variable Write,context=Main:1#dfs:6,xxx=3
Field Read,context=Main:1,dy
Variable Write,context=Main:1#dfs:6,yyy=2
Field Read,context=Main:1,data
Field Read,context=Main:1,dx
Variable Delete,method=Main:1#dfs:6 <name=xxx,type=int (id=7),value=<?>,index=13>
Variable Delete,method=Main:1#dfs:6 <name=yyy,type=int (id=7),value=<?>,index=14>
Variable Delete,method=Main:1#dfs:6 <name=k,type=int (id=7),value=<?>,index=12>
Variable Write,context=Main:1#dfs:6,nlt=0
Variable Write,context=Main:1#dfs:6,nlb=0
Variable Write,context=Main:1#dfs:6,nrt=0
Variable Write,context=Main:1#dfs:6,nrb=0
Variable Write,context=Main:1#dfs:6,j=2
Variable Delete,method=Main:1#dfs:6 <name=xx,type=int (id=7),value=<?>,index=9>
Variable Delete,method=Main:1#dfs:6 <name=yy,type=int (id=7),value=<?>,index=10>
Variable Delete,method=Main:1#dfs:6 <name=flg,type=boolean (id=2),value=<?>,index=11>
Variable Delete,method=Main:1#dfs:6 <name=nlt,type=int (id=7),value=<?>,index=15>
Variable Delete,method=Main:1#dfs:6 <name=nlb,type=int (id=7),value=<?>,index=16>
Variable Delete,method=Main:1#dfs:6 <name=nrt,type=int (id=7),value=<?>,index=17>
Variable Delete,method=Main:1#dfs:6 <name=nrb,type=int (id=7),value=<?>,index=18>
Field Read,context=Main:1,vx
Variable Write,context=Main:1#dfs:6,xx=3
Field Read,context=Main:1,vy
Variable Write,context=Main:1#dfs:6,yy=1
Method Call,caller=Main:1#dfs:6,target=Main:1#isOK:27
Variable Write,context=Main:1#isOK:27,xx=3
Variable Write,context=Main:1#isOK:27,yy=1
Variable Write,context=Main:1#isOK:27,result=false
Method Exit,returner=Main:1#isOK:27,value=false
Variable Delete,method=Main:1#dfs:6 <name=xx,type=int (id=7),value=<?>,index=9>
Variable Delete,method=Main:1#dfs:6 <name=yy,type=int (id=7),value=<?>,index=10>
Field Read,context=Main:1,vx
Variable Write,context=Main:1#dfs:6,i=3
Variable Delete,method=Main:1#dfs:6 <name=j,type=int (id=7),value=<?>,index=8>
Variable Write,context=Main:1#dfs:6,j=1
Field Read,context=Main:1,vx
Variable Write,context=Main:1#dfs:6,xx=1
Field Read,context=Main:1,vy
Variable Write,context=Main:1#dfs:6,yy=0
Method Call,caller=Main:1#dfs:6,target=Main:1#isOK:28
Variable Write,context=Main:1#isOK:28,xx=1
Variable Write,context=Main:1#isOK:28,yy=0
Variable Write,context=Main:1#isOK:28,result=true
Method Exit,returner=Main:1#isOK:28,value=true
Variable Write,context=Main:1#dfs:6,flg=true
Field Read,context=Main:1,dx
Variable Write,context=Main:1#dfs:6,k=0
Field Read,context=Main:1,dx
Variable Write,context=Main:1#dfs:6,xxx=1
Field Read,context=Main:1,dy
Variable Write,context=Main:1#dfs:6,yyy=0
Field Read,context=Main:1,data
Field Read,context=Main:1,dx
Variable Write,context=Main:1#dfs:6,k=1
Variable Delete,method=Main:1#dfs:6 <name=xxx,type=int (id=7),value=<?>,index=13>
Variable Delete,method=Main:1#dfs:6 <name=yyy,type=int (id=7),value=<?>,index=14>
Field Read,context=Main:1,dx
Variable Write,context=Main:1#dfs:6,xxx=1
Field Read,context=Main:1,dy
Variable Write,context=Main:1#dfs:6,yyy=1
Field Read,context=Main:1,data
Variable Write,context=Main:1#dfs:6,flg=false
Variable Delete,method=Main:1#dfs:6 <name=k,type=int (id=7),value=<?>,index=12>
Variable Delete,method=Main:1#dfs:6 <name=xxx,type=int (id=7),value=<?>,index=13>
Variable Delete,method=Main:1#dfs:6 <name=yyy,type=int (id=7),value=<?>,index=14>
Variable Write,context=Main:1#dfs:6,j=2
Variable Delete,method=Main:1#dfs:6 <name=xx,type=int (id=7),value=<?>,index=9>
Variable Delete,method=Main:1#dfs:6 <name=yy,type=int (id=7),value=<?>,index=10>
Variable Delete,method=Main:1#dfs:6 <name=flg,type=boolean (id=2),value=<?>,index=11>
Field Read,context=Main:1,vx
Variable Write,context=Main:1#dfs:6,xx=1
Field Read,context=Main:1,vy
Variable Write,context=Main:1#dfs:6,yy=-1
Method Call,caller=Main:1#dfs:6,target=Main:1#isOK:29
Variable Write,context=Main:1#isOK:29,xx=1
Variable Write,context=Main:1#isOK:29,yy=-1
Variable Write,context=Main:1#isOK:29,result=false
Method Exit,returner=Main:1#isOK:29,value=false
Variable Delete,method=Main:1#dfs:6 <name=xx,type=int (id=7),value=<?>,index=9>
Variable Delete,method=Main:1#dfs:6 <name=yy,type=int (id=7),value=<?>,index=10>
Field Read,context=Main:1,vx
Variable Write,context=Main:1#dfs:6,i=4
Variable Delete,method=Main:1#dfs:6 <name=j,type=int (id=7),value=<?>,index=8>
Variable Write,context=Main:1#dfs:6,j=1
Field Read,context=Main:1,vx
Variable Write,context=Main:1#dfs:6,xx=0
Field Read,context=Main:1,vy
Variable Write,context=Main:1#dfs:6,yy=1
Method Call,caller=Main:1#dfs:6,target=Main:1#isOK:30
Variable Write,context=Main:1#isOK:30,xx=0
Variable Write,context=Main:1#isOK:30,yy=1
Variable Write,context=Main:1#isOK:30,result=true
Method Exit,returner=Main:1#isOK:30,value=true
Variable Write,context=Main:1#dfs:6,flg=true
Field Read,context=Main:1,dx
Variable Write,context=Main:1#dfs:6,k=0
Field Read,context=Main:1,dx
Variable Write,context=Main:1#dfs:6,xxx=0
Field Read,context=Main:1,dy
Variable Write,context=Main:1#dfs:6,yyy=1
Field Read,context=Main:1,data
Field Read,context=Main:1,dx
Variable Write,context=Main:1#dfs:6,k=1
Variable Delete,method=Main:1#dfs:6 <name=xxx,type=int (id=7),value=<?>,index=13>
Variable Delete,method=Main:1#dfs:6 <name=yyy,type=int (id=7),value=<?>,index=14>
Field Read,context=Main:1,dx
Variable Write,context=Main:1#dfs:6,xxx=0
Field Read,context=Main:1,dy
Variable Write,context=Main:1#dfs:6,yyy=2
Field Read,context=Main:1,data
Variable Write,context=Main:1#dfs:6,flg=false
Variable Delete,method=Main:1#dfs:6 <name=k,type=int (id=7),value=<?>,index=12>
Variable Delete,method=Main:1#dfs:6 <name=xxx,type=int (id=7),value=<?>,index=13>
Variable Delete,method=Main:1#dfs:6 <name=yyy,type=int (id=7),value=<?>,index=14>
Variable Write,context=Main:1#dfs:6,j=2
Variable Delete,method=Main:1#dfs:6 <name=xx,type=int (id=7),value=<?>,index=9>
Variable Delete,method=Main:1#dfs:6 <name=yy,type=int (id=7),value=<?>,index=10>
Variable Delete,method=Main:1#dfs:6 <name=flg,type=boolean (id=2),value=<?>,index=11>
Field Read,context=Main:1,vx
Variable Write,context=Main:1#dfs:6,xx=-1
Field Read,context=Main:1,vy
Variable Write,context=Main:1#dfs:6,yy=1
Method Call,caller=Main:1#dfs:6,target=Main:1#isOK:31
Variable Write,context=Main:1#isOK:31,xx=-1
Variable Write,context=Main:1#isOK:31,yy=1
Variable Write,context=Main:1#isOK:31,result=false
Method Exit,returner=Main:1#isOK:31,value=false
Variable Delete,method=Main:1#dfs:6 <name=xx,type=int (id=7),value=<?>,index=9>
Variable Delete,method=Main:1#dfs:6 <name=yy,type=int (id=7),value=<?>,index=10>
Field Read,context=Main:1,vx
Variable Delete,method=Main:1#dfs:6 <name=j,type=int (id=7),value=<?>,index=8>
Method Exit,returner=Main:1#dfs:6,value=<void>
Variable Write,context=Main:1#dfs:5,j=2
Variable Delete,method=Main:1#dfs:5 <name=xx,type=int (id=7),value=<?>,index=9>
Variable Delete,method=Main:1#dfs:5 <name=yy,type=int (id=7),value=<?>,index=10>
Variable Delete,method=Main:1#dfs:5 <name=flg,type=boolean (id=2),value=<?>,index=11>
Variable Delete,method=Main:1#dfs:5 <name=nlt,type=int (id=7),value=<?>,index=15>
Variable Delete,method=Main:1#dfs:5 <name=nlb,type=int (id=7),value=<?>,index=16>
Variable Delete,method=Main:1#dfs:5 <name=nrt,type=int (id=7),value=<?>,index=17>
Variable Delete,method=Main:1#dfs:5 <name=nrb,type=int (id=7),value=<?>,index=18>
Variable Delete,method=Main:1#dfs:5 <name=next,type=java.lang.String (id=25),value=<?>,index=19>
Field Read,context=Main:1,vx
Variable Write,context=Main:1#dfs:5,xx=1
Field Read,context=Main:1,vy
Variable Write,context=Main:1#dfs:5,yy=1
Method Call,caller=Main:1#dfs:5,target=Main:1#isOK:32
Variable Write,context=Main:1#isOK:32,xx=1
Variable Write,context=Main:1#isOK:32,yy=1
Variable Write,context=Main:1#isOK:32,result=true
Method Exit,returner=Main:1#isOK:32,value=true
Variable Write,context=Main:1#dfs:5,flg=true
Field Read,context=Main:1,dx
Variable Write,context=Main:1#dfs:5,k=0
Field Read,context=Main:1,dx
Variable Write,context=Main:1#dfs:5,xxx=1
Field Read,context=Main:1,dy
Variable Write,context=Main:1#dfs:5,yyy=1
Field Read,context=Main:1,data
Field Read,context=Main:1,dx
Variable Write,context=Main:1#dfs:5,k=1
Variable Delete,method=Main:1#dfs:5 <name=xxx,type=int (id=7),value=<?>,index=13>
Variable Delete,method=Main:1#dfs:5 <name=yyy,type=int (id=7),value=<?>,index=14>
Field Read,context=Main:1,dx
Variable Write,context=Main:1#dfs:5,xxx=1
Field Read,context=Main:1,dy
Variable Write,context=Main:1#dfs:5,yyy=2
Field Read,context=Main:1,data
Field Read,context=Main:1,dx
Variable Write,context=Main:1#dfs:5,k=2
Variable Delete,method=Main:1#dfs:5 <name=xxx,type=int (id=7),value=<?>,index=13>
Variable Delete,method=Main:1#dfs:5 <name=yyy,type=int (id=7),value=<?>,index=14>
Field Read,context=Main:1,dx
Variable Write,context=Main:1#dfs:5,xxx=2
Field Read,context=Main:1,dy
Variable Write,context=Main:1#dfs:5,yyy=1
Field Read,context=Main:1,data
Field Read,context=Main:1,dx
Variable Write,context=Main:1#dfs:5,k=3
Variable Delete,method=Main:1#dfs:5 <name=xxx,type=int (id=7),value=<?>,index=13>
Variable Delete,method=Main:1#dfs:5 <name=yyy,type=int (id=7),value=<?>,index=14>
Field Read,context=Main:1,dx
Variable Write,context=Main:1#dfs:5,xxx=2
Field Read,context=Main:1,dy
Variable Write,context=Main:1#dfs:5,yyy=2
Field Read,context=Main:1,data
Field Read,context=Main:1,dx
Variable Delete,method=Main:1#dfs:5 <name=xxx,type=int (id=7),value=<?>,index=13>
Variable Delete,method=Main:1#dfs:5 <name=yyy,type=int (id=7),value=<?>,index=14>
Variable Delete,method=Main:1#dfs:5 <name=k,type=int (id=7),value=<?>,index=12>
Variable Write,context=Main:1#dfs:5,nlt=1
Variable Write,context=Main:1#dfs:5,nlb=1
Variable Write,context=Main:1#dfs:5,nrt=1
Variable Write,context=Main:1#dfs:5,nrb=1
Variable Write,context=Main:1#dfs:5,next=6 111111
Field Read,context=Main:1,close
Variable Delete,method=Main:1#dfs:5 <name=xx,type=int (id=7),value=<?>,index=9>
Variable Delete,method=Main:1#dfs:5 <name=yy,type=int (id=7),value=<?>,index=10>
Variable Delete,method=Main:1#dfs:5 <name=flg,type=boolean (id=2),value=<?>,index=11>
Variable Delete,method=Main:1#dfs:5 <name=nlt,type=int (id=7),value=<?>,index=15>
Variable Delete,method=Main:1#dfs:5 <name=nlb,type=int (id=7),value=<?>,index=16>
Variable Delete,method=Main:1#dfs:5 <name=nrt,type=int (id=7),value=<?>,index=17>
Variable Delete,method=Main:1#dfs:5 <name=nrb,type=int (id=7),value=<?>,index=18>
Variable Delete,method=Main:1#dfs:5 <name=next,type=java.lang.String (id=25),value=<?>,index=19>
Field Read,context=Main:1,vx
Variable Write,context=Main:1#dfs:5,i=1
Variable Delete,method=Main:1#dfs:5 <name=j,type=int (id=7),value=<?>,index=8>
Variable Write,context=Main:1#dfs:5,j=1
Field Read,context=Main:1,vx
Variable Write,context=Main:1#dfs:5,xx=1
Field Read,context=Main:1,vy
Variable Write,context=Main:1#dfs:5,yy=2
Method Call,caller=Main:1#dfs:5,target=Main:1#isOK:33
Variable Write,context=Main:1#isOK:33,xx=1
Variable Write,context=Main:1#isOK:33,yy=2
Variable Write,context=Main:1#isOK:33,result=true
Method Exit,returner=Main:1#isOK:33,value=true
Variable Write,context=Main:1#dfs:5,flg=true
Field Read,context=Main:1,dx
Variable Write,context=Main:1#dfs:5,k=0
Field Read,context=Main:1,dx
Variable Write,context=Main:1#dfs:5,xxx=1
Field Read,context=Main:1,dy
Variable Write,context=Main:1#dfs:5,yyy=2
Field Read,context=Main:1,data
Field Read,context=Main:1,dx
Variable Write,context=Main:1#dfs:5,k=1
Variable Delete,method=Main:1#dfs:5 <name=xxx,type=int (id=7),value=<?>,index=13>
Variable Delete,method=Main:1#dfs:5 <name=yyy,type=int (id=7),value=<?>,index=14>
Field Read,context=Main:1,dx
Variable Write,context=Main:1#dfs:5,xxx=1
Field Read,context=Main:1,dy
Variable Write,context=Main:1#dfs:5,yyy=3
Field Read,context=Main:1,data
Field Read,context=Main:1,dx
Variable Write,context=Main:1#dfs:5,k=2
Variable Delete,method=Main:1#dfs:5 <name=xxx,type=int (id=7),value=<?>,index=13>
Variable Delete,method=Main:1#dfs:5 <name=yyy,type=int (id=7),value=<?>,index=14>
Field Read,context=Main:1,dx
Variable Write,context=Main:1#dfs:5,xxx=2
Field Read,context=Main:1,dy
Variable Write,context=Main:1#dfs:5,yyy=2
Field Read,context=Main:1,data
Field Read,context=Main:1,dx
Variable Write,context=Main:1#dfs:5,k=3
Variable Delete,method=Main:1#dfs:5 <name=xxx,type=int (id=7),value=<?>,index=13>
Variable Delete,method=Main:1#dfs:5 <name=yyy,type=int (id=7),value=<?>,index=14>
Field Read,context=Main:1,dx
Variable Write,context=Main:1#dfs:5,xxx=2
Field Read,context=Main:1,dy
Variable Write,context=Main:1#dfs:5,yyy=3
Field Read,context=Main:1,data
Field Read,context=Main:1,dx
Variable Delete,method=Main:1#dfs:5 <name=xxx,type=int (id=7),value=<?>,index=13>
Variable Delete,method=Main:1#dfs:5 <name=yyy,type=int (id=7),value=<?>,index=14>
Variable Delete,method=Main:1#dfs:5 <name=k,type=int (id=7),value=<?>,index=12>
Variable Write,context=Main:1#dfs:5,nlt=1
Variable Write,context=Main:1#dfs:5,nlb=1
Variable Write,context=Main:1#dfs:5,nrt=1
Variable Write,context=Main:1#dfs:5,nrb=1
Variable Write,context=Main:1#dfs:5,next=6 121111
Field Read,context=Main:1,close
Field Read,context=Main:1,close
Method Call,caller=Main:1#dfs:5,target=Main:1#dfs:7
Variable Write,context=Main:1#dfs:7,lt=1
Variable Write,context=Main:1#dfs:7,lb=1
Variable Write,context=Main:1#dfs:7,rt=1
Variable Write,context=Main:1#dfs:7,rb=1
Variable Write,context=Main:1#dfs:7,deep=6
Variable Write,context=Main:1#dfs:7,x=1
Variable Write,context=Main:1#dfs:7,y=2
Field Read,context=Main:1,n
Field Read,context=Main:1,vx
Variable Write,context=Main:1#dfs:7,i=0
Variable Write,context=Main:1#dfs:7,j=1
Field Read,context=Main:1,vx
Variable Write,context=Main:1#dfs:7,xx=1
Field Read,context=Main:1,vy
Variable Write,context=Main:1#dfs:7,yy=2
Method Call,caller=Main:1#dfs:7,target=Main:1#isOK:34
Variable Write,context=Main:1#isOK:34,xx=1
Variable Write,context=Main:1#isOK:34,yy=2
Variable Write,context=Main:1#isOK:34,result=true
Method Exit,returner=Main:1#isOK:34,value=true
Variable Write,context=Main:1#dfs:7,flg=true
Field Read,context=Main:1,dx
Variable Write,context=Main:1#dfs:7,k=0
Field Read,context=Main:1,dx
Variable Write,context=Main:1#dfs:7,xxx=1
Field Read,context=Main:1,dy
Variable Write,context=Main:1#dfs:7,yyy=2
Field Read,context=Main:1,data
Field Read,context=Main:1,dx
Variable Write,context=Main:1#dfs:7,k=1
Variable Delete,method=Main:1#dfs:7 <name=xxx,type=int (id=7),value=<?>,index=13>
Variable Delete,method=Main:1#dfs:7 <name=yyy,type=int (id=7),value=<?>,index=14>
Field Read,context=Main:1,dx
Variable Write,context=Main:1#dfs:7,xxx=1
Field Read,context=Main:1,dy
Variable Write,context=Main:1#dfs:7,yyy=3
Field Read,context=Main:1,data
Field Read,context=Main:1,dx
Variable Write,context=Main:1#dfs:7,k=2
Variable Delete,method=Main:1#dfs:7 <name=xxx,type=int (id=7),value=<?>,index=13>
Variable Delete,method=Main:1#dfs:7 <name=yyy,type=int (id=7),value=<?>,index=14>
Field Read,context=Main:1,dx
Variable Write,context=Main:1#dfs:7,xxx=2
Field Read,context=Main:1,dy
Variable Write,context=Main:1#dfs:7,yyy=2
Field Read,context=Main:1,data
Field Read,context=Main:1,dx
Variable Write,context=Main:1#dfs:7,k=3
Variable Delete,method=Main:1#dfs:7 <name=xxx,type=int (id=7),value=<?>,index=13>
Variable Delete,method=Main:1#dfs:7 <name=yyy,type=int (id=7),value=<?>,index=14>
Field Read,context=Main:1,dx
Variable Write,context=Main:1#dfs:7,xxx=2
Field Read,context=Main:1,dy
Variable Write,context=Main:1#dfs:7,yyy=3
Field Read,context=Main:1,data
Field Read,context=Main:1,dx
Variable Delete,method=Main:1#dfs:7 <name=xxx,type=int (id=7),value=<?>,index=13>
Variable Delete,method=Main:1#dfs:7 <name=yyy,type=int (id=7),value=<?>,index=14>
Variable Delete,method=Main:1#dfs:7 <name=k,type=int (id=7),value=<?>,index=12>
Variable Write,context=Main:1#dfs:7,nlt=0
Variable Write,context=Main:1#dfs:7,nlb=0
Variable Write,context=Main:1#dfs:7,nrt=0
Variable Write,context=Main:1#dfs:7,nrb=0
Variable Write,context=Main:1#dfs:7,j=2
Variable Delete,method=Main:1#dfs:7 <name=xx,type=int (id=7),value=<?>,index=9>
Variable Delete,method=Main:1#dfs:7 <name=yy,type=int (id=7),value=<?>,index=10>
Variable Delete,method=Main:1#dfs:7 <name=flg,type=boolean (id=2),value=<?>,index=11>
Variable Delete,method=Main:1#dfs:7 <name=nlt,type=int (id=7),value=<?>,index=15>
Variable Delete,method=Main:1#dfs:7 <name=nlb,type=int (id=7),value=<?>,index=16>
Variable Delete,method=Main:1#dfs:7 <name=nrt,type=int (id=7),value=<?>,index=17>
Variable Delete,method=Main:1#dfs:7 <name=nrb,type=int (id=7),value=<?>,index=18>
Field Read,context=Main:1,vx
Variable Write,context=Main:1#dfs:7,xx=1
Field Read,context=Main:1,vy
Variable Write,context=Main:1#dfs:7,yy=2
Method Call,caller=Main:1#dfs:7,target=Main:1#isOK:35
Variable Write,context=Main:1#isOK:35,xx=1
Variable Write,context=Main:1#isOK:35,yy=2
Variable Write,context=Main:1#isOK:35,result=true
Method Exit,returner=Main:1#isOK:35,value=true
Variable Write,context=Main:1#dfs:7,flg=true
Field Read,context=Main:1,dx
Variable Write,context=Main:1#dfs:7,k=0
Field Read,context=Main:1,dx
Variable Write,context=Main:1#dfs:7,xxx=1
Field Read,context=Main:1,dy
Variable Write,context=Main:1#dfs:7,yyy=2
Field Read,context=Main:1,data
Field Read,context=Main:1,dx
Variable Write,context=Main:1#dfs:7,k=1
Variable Delete,method=Main:1#dfs:7 <name=xxx,type=int (id=7),value=<?>,index=13>
Variable Delete,method=Main:1#dfs:7 <name=yyy,type=int (id=7),value=<?>,index=14>
Field Read,context=Main:1,dx
Variable Write,context=Main:1#dfs:7,xxx=1
Field Read,context=Main:1,dy
Variable Write,context=Main:1#dfs:7,yyy=3
Field Read,context=Main:1,data
Field Read,context=Main:1,dx
Variable Write,context=Main:1#dfs:7,k=2
Variable Delete,method=Main:1#dfs:7 <name=xxx,type=int (id=7),value=<?>,index=13>
Variable Delete,method=Main:1#dfs:7 <name=yyy,type=int (id=7),value=<?>,index=14>
Field Read,context=Main:1,dx
Variable Write,context=Main:1#dfs:7,xxx=2
Field Read,context=Main:1,dy
Variable Write,context=Main:1#dfs:7,yyy=2
Field Read,context=Main:1,data
Field Read,context=Main:1,dx
Variable Write,context=Main:1#dfs:7,k=3
Variable Delete,method=Main:1#dfs:7 <name=xxx,type=int (id=7),value=<?>,index=13>
Variable Delete,method=Main:1#dfs:7 <name=yyy,type=int (id=7),value=<?>,index=14>
Field Read,context=Main:1,dx
Variable Write,context=Main:1#dfs:7,xxx=2
Field Read,context=Main:1,dy
Variable Write,context=Main:1#dfs:7,yyy=3
Field Read,context=Main:1,data
Field Read,context=Main:1,dx
Variable Delete,method=Main:1#dfs:7 <name=xxx,type=int (id=7),value=<?>,index=13>
Variable Delete,method=Main:1#dfs:7 <name=yyy,type=int (id=7),value=<?>,index=14>
Variable Delete,method=Main:1#dfs:7 <name=k,type=int (id=7),value=<?>,index=12>
Variable Write,context=Main:1#dfs:7,nlt=0
Variable Write,context=Main:1#dfs:7,nlb=0
Variable Write,context=Main:1#dfs:7,nrt=0
Variable Write,context=Main:1#dfs:7,nrb=0
Variable Delete,method=Main:1#dfs:7 <name=xx,type=int (id=7),value=<?>,index=9>
Variable Delete,method=Main:1#dfs:7 <name=yy,type=int (id=7),value=<?>,index=10>
Variable Delete,method=Main:1#dfs:7 <name=flg,type=boolean (id=2),value=<?>,index=11>
Variable Delete,method=Main:1#dfs:7 <name=nlt,type=int (id=7),value=<?>,index=15>
Variable Delete,method=Main:1#dfs:7 <name=nlb,type=int (id=7),value=<?>,index=16>
Variable Delete,method=Main:1#dfs:7 <name=nrt,type=int (id=7),value=<?>,index=17>
Variable Delete,method=Main:1#dfs:7 <name=nrb,type=int (id=7),value=<?>,index=18>
Field Read,context=Main:1,vx
Variable Write,context=Main:1#dfs:7,i=1
Variable Delete,method=Main:1#dfs:7 <name=j,type=int (id=7),value=<?>,index=8>
Variable Write,context=Main:1#dfs:7,j=1
Field Read,context=Main:1,vx
Variable Write,context=Main:1#dfs:7,xx=1
Field Read,context=Main:1,vy
Variable Write,context=Main:1#dfs:7,yy=3
Method Call,caller=Main:1#dfs:7,target=Main:1#isOK:36
Variable Write,context=Main:1#isOK:36,xx=1
Variable Write,context=Main:1#isOK:36,yy=3
Variable Write,context=Main:1#isOK:36,result=false
Method Exit,returner=Main:1#isOK:36,value=false
Variable Write,context=Main:1#dfs:7,j=2
Variable Delete,method=Main:1#dfs:7 <name=xx,type=int (id=7),value=<?>,index=9>
Variable Delete,method=Main:1#dfs:7 <name=yy,type=int (id=7),value=<?>,index=10>
Field Read,context=Main:1,vx
Variable Write,context=Main:1#dfs:7,xx=1
Field Read,context=Main:1,vy
Variable Write,context=Main:1#dfs:7,yy=4
Method Call,caller=Main:1#dfs:7,target=Main:1#isOK:37
Variable Write,context=Main:1#isOK:37,xx=1
Variable Write,context=Main:1#isOK:37,yy=4
Variable Write,context=Main:1#isOK:37,result=false
Method Exit,returner=Main:1#isOK:37,value=false
Variable Delete,method=Main:1#dfs:7 <name=xx,type=int (id=7),value=<?>,index=9>
Variable Delete,method=Main:1#dfs:7 <name=yy,type=int (id=7),value=<?>,index=10>
Field Read,context=Main:1,vx
Variable Write,context=Main:1#dfs:7,i=2
Variable Delete,method=Main:1#dfs:7 <name=j,type=int (id=7),value=<?>,index=8>
Variable Write,context=Main:1#dfs:7,j=1
Field Read,context=Main:1,vx
Variable Write,context=Main:1#dfs:7,xx=2
Field Read,context=Main:1,vy
Variable Write,context=Main:1#dfs:7,yy=2
Method Call,caller=Main:1#dfs:7,target=Main:1#isOK:38
Variable Write,context=Main:1#isOK:38,xx=2
Variable Write,context=Main:1#isOK:38,yy=2
Variable Write,context=Main:1#isOK:38,result=true
Method Exit,returner=Main:1#isOK:38,value=true
Variable Write,context=Main:1#dfs:7,flg=true
Field Read,context=Main:1,dx
Variable Write,context=Main:1#dfs:7,k=0
Field Read,context=Main:1,dx
Variable Write,context=Main:1#dfs:7,xxx=2
Field Read,context=Main:1,dy
Variable Write,context=Main:1#dfs:7,yyy=2
Field Read,context=Main:1,data
Field Read,context=Main:1,dx
Variable Write,context=Main:1#dfs:7,k=1
Variable Delete,method=Main:1#dfs:7 <name=xxx,type=int (id=7),value=<?>,index=13>
Variable Delete,method=Main:1#dfs:7 <name=yyy,type=int (id=7),value=<?>,index=14>
Field Read,context=Main:1,dx
Variable Write,context=Main:1#dfs:7,xxx=2
Field Read,context=Main:1,dy
Variable Write,context=Main:1#dfs:7,yyy=3
Field Read,context=Main:1,data
Field Read,context=Main:1,dx
Variable Write,context=Main:1#dfs:7,k=2
Variable Delete,method=Main:1#dfs:7 <name=xxx,type=int (id=7),value=<?>,index=13>
Variable Delete,method=Main:1#dfs:7 <name=yyy,type=int (id=7),value=<?>,index=14>
Field Read,context=Main:1,dx
Variable Write,context=Main:1#dfs:7,xxx=3
Field Read,context=Main:1,dy
Variable Write,context=Main:1#dfs:7,yyy=2
Field Read,context=Main:1,data
Field Read,context=Main:1,dx
Variable Write,context=Main:1#dfs:7,k=3
Variable Delete,method=Main:1#dfs:7 <name=xxx,type=int (id=7),value=<?>,index=13>
Variable Delete,method=Main:1#dfs:7 <name=yyy,type=int (id=7),value=<?>,index=14>
Field Read,context=Main:1,dx
Variable Write,context=Main:1#dfs:7,xxx=3
Field Read,context=Main:1,dy
Variable Write,context=Main:1#dfs:7,yyy=3
Field Read,context=Main:1,data
Field Read,context=Main:1,dx
Variable Delete,method=Main:1#dfs:7 <name=xxx,type=int (id=7),value=<?>,index=13>
Variable Delete,method=Main:1#dfs:7 <name=yyy,type=int (id=7),value=<?>,index=14>
Variable Delete,method=Main:1#dfs:7 <name=k,type=int (id=7),value=<?>,index=12>
Variable Write,context=Main:1#dfs:7,nlt=0
Variable Write,context=Main:1#dfs:7,nlb=0
Variable Write,context=Main:1#dfs:7,nrt=0
Variable Write,context=Main:1#dfs:7,nrb=0
Variable Write,context=Main:1#dfs:7,nrb=7
Variable Write,context=Main:1#dfs:7,j=2
Variable Delete,method=Main:1#dfs:7 <name=xx,type=int (id=7),value=<?>,index=9>
Variable Delete,method=Main:1#dfs:7 <name=yy,type=int (id=7),value=<?>,index=10>
Variable Delete,method=Main:1#dfs:7 <name=flg,type=boolean (id=2),value=<?>,index=11>
Variable Delete,method=Main:1#dfs:7 <name=nlt,type=int (id=7),value=<?>,index=15>
Variable Delete,method=Main:1#dfs:7 <name=nlb,type=int (id=7),value=<?>,index=16>
Variable Delete,method=Main:1#dfs:7 <name=nrt,type=int (id=7),value=<?>,index=17>
Variable Delete,method=Main:1#dfs:7 <name=nrb,type=int (id=7),value=<?>,index=18>
Field Read,context=Main:1,vx
Variable Write,context=Main:1#dfs:7,xx=3
Field Read,context=Main:1,vy
Variable Write,context=Main:1#dfs:7,yy=2
Method Call,caller=Main:1#dfs:7,target=Main:1#isOK:39
Variable Write,context=Main:1#isOK:39,xx=3
Variable Write,context=Main:1#isOK:39,yy=2
Variable Write,context=Main:1#isOK:39,result=false
Method Exit,returner=Main:1#isOK:39,value=false
Variable Delete,method=Main:1#dfs:7 <name=xx,type=int (id=7),value=<?>,index=9>
Variable Delete,method=Main:1#dfs:7 <name=yy,type=int (id=7),value=<?>,index=10>
Field Read,context=Main:1,vx
Variable Write,context=Main:1#dfs:7,i=3
Variable Delete,method=Main:1#dfs:7 <name=j,type=int (id=7),value=<?>,index=8>
Variable Write,context=Main:1#dfs:7,j=1
Field Read,context=Main:1,vx
Variable Write,context=Main:1#dfs:7,xx=1
Field Read,context=Main:1,vy
Variable Write,context=Main:1#dfs:7,yy=1
Method Call,caller=Main:1#dfs:7,target=Main:1#isOK:40
Variable Write,context=Main:1#isOK:40,xx=1
Variable Write,context=Main:1#isOK:40,yy=1
Variable Write,context=Main:1#isOK:40,result=true
Method Exit,returner=Main:1#isOK:40,value=true
Variable Write,context=Main:1#dfs:7,flg=true
Field Read,context=Main:1,dx
Variable Write,context=Main:1#dfs:7,k=0
Field Read,context=Main:1,dx
Variable Write,context=Main:1#dfs:7,xxx=1
Field Read,context=Main:1,dy
Variable Write,context=Main:1#dfs:7,yyy=1
Field Read,context=Main:1,data
Variable Write,context=Main:1#dfs:7,flg=false
Variable Delete,method=Main:1#dfs:7 <name=k,type=int (id=7),value=<?>,index=12>
Variable Delete,method=Main:1#dfs:7 <name=xxx,type=int (id=7),value=<?>,index=13>
Variable Delete,method=Main:1#dfs:7 <name=yyy,type=int (id=7),value=<?>,index=14>
Variable Write,context=Main:1#dfs:7,j=2
Variable Delete,method=Main:1#dfs:7 <name=xx,type=int (id=7),value=<?>,index=9>
Variable Delete,method=Main:1#dfs:7 <name=yy,type=int (id=7),value=<?>,index=10>
Variable Delete,method=Main:1#dfs:7 <name=flg,type=boolean (id=2),value=<?>,index=11>
Field Read,context=Main:1,vx
Variable Write,context=Main:1#dfs:7,xx=1
Field Read,context=Main:1,vy
Variable Write,context=Main:1#dfs:7,yy=0
Method Call,caller=Main:1#dfs:7,target=Main:1#isOK:41
Variable Write,context=Main:1#isOK:41,xx=1
Variable Write,context=Main:1#isOK:41,yy=0
Variable Write,context=Main:1#isOK:41,result=true
Method Exit,returner=Main:1#isOK:41,value=true
Variable Write,context=Main:1#dfs:7,flg=true
Field Read,context=Main:1,dx
Variable Write,context=Main:1#dfs:7,k=0
Field Read,context=Main:1,dx
Variable Write,context=Main:1#dfs:7,xxx=1
Field Read,context=Main:1,dy
Variable Write,context=Main:1#dfs:7,yyy=0
Field Read,context=Main:1,data
Field Read,context=Main:1,dx
Variable Write,context=Main:1#dfs:7,k=1
Variable Delete,method=Main:1#dfs:7 <name=xxx,type=int (id=7),value=<?>,index=13>
Variable Delete,method=Main:1#dfs:7 <name=yyy,type=int (id=7),value=<?>,index=14>
Field Read,context=Main:1,dx
Variable Write,context=Main:1#dfs:7,xxx=1
Field Read,context=Main:1,dy
Variable Write,context=Main:1#dfs:7,yyy=1
Field Read,context=Main:1,data
Variable Write,context=Main:1#dfs:7,flg=false
Variable Delete,method=Main:1#dfs:7 <name=k,type=int (id=7),value=<?>,index=12>
Variable Delete,method=Main:1#dfs:7 <name=xxx,type=int (id=7),value=<?>,index=13>
Variable Delete,method=Main:1#dfs:7 <name=yyy,type=int (id=7),value=<?>,index=14>
Variable Delete,method=Main:1#dfs:7 <name=xx,type=int (id=7),value=<?>,index=9>
Variable Delete,method=Main:1#dfs:7 <name=yy,type=int (id=7),value=<?>,index=10>
Variable Delete,method=Main:1#dfs:7 <name=flg,type=boolean (id=2),value=<?>,index=11>
Field Read,context=Main:1,vx
Variable Write,context=Main:1#dfs:7,i=4
Variable Delete,method=Main:1#dfs:7 <name=j,type=int (id=7),value=<?>,index=8>
Variable Write,context=Main:1#dfs:7,j=1
Field Read,context=Main:1,vx
Variable Write,context=Main:1#dfs:7,xx=0
Field Read,context=Main:1,vy
Variable Write,context=Main:1#dfs:7,yy=2
Method Call,caller=Main:1#dfs:7,target=Main:1#isOK:42
Variable Write,context=Main:1#isOK:42,xx=0
Variable Write,context=Main:1#isOK:42,yy=2
Variable Write,context=Main:1#isOK:42,result=true
Method Exit,returner=Main:1#isOK:42,value=true
Variable Write,context=Main:1#dfs:7,flg=true
Field Read,context=Main:1,dx
Variable Write,context=Main:1#dfs:7,k=0
Field Read,context=Main:1,dx
Variable Write,context=Main:1#dfs:7,xxx=0
Field Read,context=Main:1,dy
Variable Write,context=Main:1#dfs:7,yyy=2
Field Read,context=Main:1,data
Variable Write,context=Main:1#dfs:7,flg=false
Variable Delete,method=Main:1#dfs:7 <name=k,type=int (id=7),value=<?>,index=12>
Variable Delete,method=Main:1#dfs:7 <name=xxx,type=int (id=7),value=<?>,index=13>
Variable Delete,method=Main:1#dfs:7 <name=yyy,type=int (id=7),value=<?>,index=14>
Variable Write,context=Main:1#dfs:7,j=2
Variable Delete,method=Main:1#dfs:7 <name=xx,type=int (id=7),value=<?>,index=9>
Variable Delete,method=Main:1#dfs:7 <name=yy,type=int (id=7),value=<?>,index=10>
Variable Delete,method=Main:1#dfs:7 <name=flg,type=boolean (id=2),value=<?>,index=11>
Field Read,context=Main:1,vx
Variable Write,context=Main:1#dfs:7,xx=-1
Field Read,context=Main:1,vy
Variable Write,context=Main:1#dfs:7,yy=2
Method Call,caller=Main:1#dfs:7,target=Main:1#isOK:43
Variable Write,context=Main:1#isOK:43,xx=-1
Variable Write,context=Main:1#isOK:43,yy=2
Variable Write,context=Main:1#isOK:43,result=false
Method Exit,returner=Main:1#isOK:43,value=false
Variable Delete,method=Main:1#dfs:7 <name=xx,type=int (id=7),value=<?>,index=9>
Variable Delete,method=Main:1#dfs:7 <name=yy,type=int (id=7),value=<?>,index=10>
Field Read,context=Main:1,vx
Variable Delete,method=Main:1#dfs:7 <name=j,type=int (id=7),value=<?>,index=8>
Method Exit,returner=Main:1#dfs:7,value=<void>
Variable Write,context=Main:1#dfs:5,j=2
Variable Delete,method=Main:1#dfs:5 <name=xx,type=int (id=7),value=<?>,index=9>
Variable Delete,method=Main:1#dfs:5 <name=yy,type=int (id=7),value=<?>,index=10>
Variable Delete,method=Main:1#dfs:5 <name=flg,type=boolean (id=2),value=<?>,index=11>
Variable Delete,method=Main:1#dfs:5 <name=nlt,type=int (id=7),value=<?>,index=15>
Variable Delete,method=Main:1#dfs:5 <name=nlb,type=int (id=7),value=<?>,index=16>
Variable Delete,method=Main:1#dfs:5 <name=nrt,type=int (id=7),value=<?>,index=17>
Variable Delete,method=Main:1#dfs:5 <name=nrb,type=int (id=7),value=<?>,index=18>
Variable Delete,method=Main:1#dfs:5 <name=next,type=java.lang.String (id=25),value=<?>,index=19>
Field Read,context=Main:1,vx
Variable Write,context=Main:1#dfs:5,xx=1
Field Read,context=Main:1,vy
Variable Write,context=Main:1#dfs:5,yy=3
Method Call,caller=Main:1#dfs:5,target=Main:1#isOK:44
Variable Write,context=Main:1#isOK:44,xx=1
Variable Write,context=Main:1#isOK:44,yy=3
Variable Write,context=Main:1#isOK:44,result=false
Method Exit,returner=Main:1#isOK:44,value=false
Variable Delete,method=Main:1#dfs:5 <name=xx,type=int (id=7),value=<?>,index=9>
Variable Delete,method=Main:1#dfs:5 <name=yy,type=int (id=7),value=<?>,index=10>
Field Read,context=Main:1,vx
Variable Write,context=Main:1#dfs:5,i=2
Variable Delete,method=Main:1#dfs:5 <name=j,type=int (id=7),value=<?>,index=8>
Variable Write,context=Main:1#dfs:5,j=1
Field Read,context=Main:1,vx
Variable Write,context=Main:1#dfs:5,xx=2
Field Read,context=Main:1,vy
Variable Write,context=Main:1#dfs:5,yy=1
Method Call,caller=Main:1#dfs:5,target=Main:1#isOK:45
Variable Write,context=Main:1#isOK:45,xx=2
Variable Write,context=Main:1#isOK:45,yy=1
Variable Write,context=Main:1#isOK:45,result=true
Method Exit,returner=Main:1#isOK:45,value=true
Variable Write,context=Main:1#dfs:5,flg=true
Field Read,context=Main:1,dx
Variable Write,context=Main:1#dfs:5,k=0
Field Read,context=Main:1,dx
Variable Write,context=Main:1#dfs:5,xxx=2
Field Read,context=Main:1,dy
Variable Write,context=Main:1#dfs:5,yyy=1
Field Read,context=Main:1,data
Field Read,context=Main:1,dx
Variable Write,context=Main:1#dfs:5,k=1
Variable Delete,method=Main:1#dfs:5 <name=xxx,type=int (id=7),value=<?>,index=13>
Variable Delete,method=Main:1#dfs:5 <name=yyy,type=int (id=7),value=<?>,index=14>
Field Read,context=Main:1,dx
Variable Write,context=Main:1#dfs:5,xxx=2
Field Read,context=Main:1,dy
Variable Write,context=Main:1#dfs:5,yyy=2
Field Read,context=Main:1,data
Field Read,context=Main:1,dx
Variable Write,context=Main:1#dfs:5,k=2
Variable Delete,method=Main:1#dfs:5 <name=xxx,type=int (id=7),value=<?>,index=13>
Variable Delete,method=Main:1#dfs:5 <name=yyy,type=int (id=7),value=<?>,index=14>
Field Read,context=Main:1,dx
Variable Write,context=Main:1#dfs:5,xxx=3
Field Read,context=Main:1,dy
Variable Write,context=Main:1#dfs:5,yyy=1
Field Read,context=Main:1,data
Field Read,context=Main:1,dx
Variable Write,context=Main:1#dfs:5,k=3
Variable Delete,method=Main:1#dfs:5 <name=xxx,type=int (id=7),value=<?>,index=13>
Variable Delete,method=Main:1#dfs:5 <name=yyy,type=int (id=7),value=<?>,index=14>
Field Read,context=Main:1,dx
Variable Write,context=Main:1#dfs:5,xxx=3
Field Read,context=Main:1,dy
Variable Write,context=Main:1#dfs:5,yyy=2
Field Read,context=Main:1,data
Field Read,context=Main:1,dx
Variable Delete,method=Main:1#dfs:5 <name=xxx,type=int (id=7),value=<?>,index=13>
Variable Delete,method=Main:1#dfs:5 <name=yyy,type=int (id=7),value=<?>,index=14>
Variable Delete,method=Main:1#dfs:5 <name=k,type=int (id=7),value=<?>,index=12>
Variable Write,context=Main:1#dfs:5,nlt=1
Variable Write,context=Main:1#dfs:5,nlb=1
Variable Write,context=Main:1#dfs:5,nrt=1
Variable Write,context=Main:1#dfs:5,nrb=1
Variable Write,context=Main:1#dfs:5,next=6 211111
Field Read,context=Main:1,close
Field Read,context=Main:1,close
Method Call,caller=Main:1#dfs:5,target=Main:1#dfs:8
Variable Write,context=Main:1#dfs:8,lt=1
Variable Write,context=Main:1#dfs:8,lb=1
Variable Write,context=Main:1#dfs:8,rt=1
Variable Write,context=Main:1#dfs:8,rb=1
Variable Write,context=Main:1#dfs:8,deep=6
Variable Write,context=Main:1#dfs:8,x=2
Variable Write,context=Main:1#dfs:8,y=1
Field Read,context=Main:1,n
Field Read,context=Main:1,vx
Variable Write,context=Main:1#dfs:8,i=0
Variable Write,context=Main:1#dfs:8,j=1
Field Read,context=Main:1,vx
Variable Write,context=Main:1#dfs:8,xx=2
Field Read,context=Main:1,vy
Variable Write,context=Main:1#dfs:8,yy=1
Method Call,caller=Main:1#dfs:8,target=Main:1#isOK:46
Variable Write,context=Main:1#isOK:46,xx=2
Variable Write,context=Main:1#isOK:46,yy=1
Variable Write,context=Main:1#isOK:46,result=true
Method Exit,returner=Main:1#isOK:46,value=true
Variable Write,context=Main:1#dfs:8,flg=true
Field Read,context=Main:1,dx
Variable Write,context=Main:1#dfs:8,k=0
Field Read,context=Main:1,dx
Variable Write,context=Main:1#dfs:8,xxx=2
Field Read,context=Main:1,dy
Variable Write,context=Main:1#dfs:8,yyy=1
Field Read,context=Main:1,data
Field Read,context=Main:1,dx
Variable Write,context=Main:1#dfs:8,k=1
Variable Delete,method=Main:1#dfs:8 <name=xxx,type=int (id=7),value=<?>,index=13>
Variable Delete,method=Main:1#dfs:8 <name=yyy,type=int (id=7),value=<?>,index=14>
Field Read,context=Main:1,dx
Variable Write,context=Main:1#dfs:8,xxx=2
Field Read,context=Main:1,dy
Variable Write,context=Main:1#dfs:8,yyy=2
Field Read,context=Main:1,data
Field Read,context=Main:1,dx
Variable Write,context=Main:1#dfs:8,k=2
Variable Delete,method=Main:1#dfs:8 <name=xxx,type=int (id=7),value=<?>,index=13>
Variable Delete,method=Main:1#dfs:8 <name=yyy,type=int (id=7),value=<?>,index=14>
Field Read,context=Main:1,dx
Variable Write,context=Main:1#dfs:8,xxx=3
Field Read,context=Main:1,dy
Variable Write,context=Main:1#dfs:8,yyy=1
Field Read,context=Main:1,data
Field Read,context=Main:1,dx
Variable Write,context=Main:1#dfs:8,k=3
Variable Delete,method=Main:1#dfs:8 <name=xxx,type=int (id=7),value=<?>,index=13>
Variable Delete,method=Main:1#dfs:8 <name=yyy,type=int (id=7),value=<?>,index=14>
Field Read,context=Main:1,dx
Variable Write,context=Main:1#dfs:8,xxx=3
Field Read,context=Main:1,dy
Variable Write,context=Main:1#dfs:8,yyy=2
Field Read,context=Main:1,data
Field Read,context=Main:1,dx
Variable Delete,method=Main:1#dfs:8 <name=xxx,type=int (id=7),value=<?>,index=13>
Variable Delete,method=Main:1#dfs:8 <name=yyy,type=int (id=7),value=<?>,index=14>
Variable Delete,method=Main:1#dfs:8 <name=k,type=int (id=7),value=<?>,index=12>
Variable Write,context=Main:1#dfs:8,nlt=0
Variable Write,context=Main:1#dfs:8,nlb=0
Variable Write,context=Main:1#dfs:8,nrt=0
Variable Write,context=Main:1#dfs:8,nrb=0
Variable Write,context=Main:1#dfs:8,j=2
Variable Delete,method=Main:1#dfs:8 <name=xx,type=int (id=7),value=<?>,index=9>
Variable Delete,method=Main:1#dfs:8 <name=yy,type=int (id=7),value=<?>,index=10>
Variable Delete,method=Main:1#dfs:8 <name=flg,type=boolean (id=2),value=<?>,index=11>
Variable Delete,method=Main:1#dfs:8 <name=nlt,type=int (id=7),value=<?>,index=15>
Variable Delete,method=Main:1#dfs:8 <name=nlb,type=int (id=7),value=<?>,index=16>
Variable Delete,method=Main:1#dfs:8 <name=nrt,type=int (id=7),value=<?>,index=17>
Variable Delete,method=Main:1#dfs:8 <name=nrb,type=int (id=7),value=<?>,index=18>
Field Read,context=Main:1,vx
Variable Write,context=Main:1#dfs:8,xx=2
Field Read,context=Main:1,vy
Variable Write,context=Main:1#dfs:8,yy=1
Method Call,caller=Main:1#dfs:8,target=Main:1#isOK:47
Variable Write,context=Main:1#isOK:47,xx=2
Variable Write,context=Main:1#isOK:47,yy=1
Variable Write,context=Main:1#isOK:47,result=true
Method Exit,returner=Main:1#isOK:47,value=true
Variable Write,context=Main:1#dfs:8,flg=true
Field Read,context=Main:1,dx
Variable Write,context=Main:1#dfs:8,k=0
Field Read,context=Main:1,dx
Variable Write,context=Main:1#dfs:8,xxx=2
Field Read,context=Main:1,dy
Variable Write,context=Main:1#dfs:8,yyy=1
Field Read,context=Main:1,data
Field Read,context=Main:1,dx
Variable Write,context=Main:1#dfs:8,k=1
Variable Delete,method=Main:1#dfs:8 <name=xxx,type=int (id=7),value=<?>,index=13>
Variable Delete,method=Main:1#dfs:8 <name=yyy,type=int (id=7),value=<?>,index=14>
Field Read,context=Main:1,dx
Variable Write,context=Main:1#dfs:8,xxx=2
Field Read,context=Main:1,dy
Variable Write,context=Main:1#dfs:8,yyy=2
Field Read,context=Main:1,data
Field Read,context=Main:1,dx
Variable Write,context=Main:1#dfs:8,k=2
Variable Delete,method=Main:1#dfs:8 <name=xxx,type=int (id=7),value=<?>,index=13>
Variable Delete,method=Main:1#dfs:8 <name=yyy,type=int (id=7),value=<?>,index=14>
Field Read,context=Main:1,dx
Variable Write,context=Main:1#dfs:8,xxx=3
Field Read,context=Main:1,dy
Variable Write,context=Main:1#dfs:8,yyy=1
Field Read,context=Main:1,data
Field Read,context=Main:1,dx
Variable Write,context=Main:1#dfs:8,k=3
Variable Delete,method=Main:1#dfs:8 <name=xxx,type=int (id=7),value=<?>,index=13>
Variable Delete,method=Main:1#dfs:8 <name=yyy,type=int (id=7),value=<?>,index=14>
Field Read,context=Main:1,dx
Variable Write,context=Main:1#dfs:8,xxx=3
Field Read,context=Main:1,dy
Variable Write,context=Main:1#dfs:8,yyy=2
Field Read,context=Main:1,data
Field Read,context=Main:1,dx
Variable Delete,method=Main:1#dfs:8 <name=xxx,type=int (id=7),value=<?>,index=13>
Variable Delete,method=Main:1#dfs:8 <name=yyy,type=int (id=7),value=<?>,index=14>
Variable Delete,method=Main:1#dfs:8 <name=k,type=int (id=7),value=<?>,index=12>
Variable Write,context=Main:1#dfs:8,nlt=0
Variable Write,context=Main:1#dfs:8,nlb=0
Variable Write,context=Main:1#dfs:8,nrt=0
Variable Write,context=Main:1#dfs:8,nrb=0
Variable Delete,method=Main:1#dfs:8 <name=xx,type=int (id=7),value=<?>,index=9>
Variable Delete,method=Main:1#dfs:8 <name=yy,type=int (id=7),value=<?>,index=10>
Variable Delete,method=Main:1#dfs:8 <name=flg,type=boolean (id=2),value=<?>,index=11>
Variable Delete,method=Main:1#dfs:8 <name=nlt,type=int (id=7),value=<?>,index=15>
Variable Delete,method=Main:1#dfs:8 <name=nlb,type=int (id=7),value=<?>,index=16>
Variable Delete,method=Main:1#dfs:8 <name=nrt,type=int (id=7),value=<?>,index=17>
Variable Delete,method=Main:1#dfs:8 <name=nrb,type=int (id=7),value=<?>,index=18>
Field Read,context=Main:1,vx
Variable Write,context=Main:1#dfs:8,i=1
Variable Delete,method=Main:1#dfs:8 <name=j,type=int (id=7),value=<?>,index=8>
Variable Write,context=Main:1#dfs:8,j=1
Field Read,context=Main:1,vx
Variable Write,context=Main:1#dfs:8,xx=2
Field Read,context=Main:1,vy
Variable Write,context=Main:1#dfs:8,yy=2
Method Call,caller=Main:1#dfs:8,target=Main:1#isOK:48
Variable Write,context=Main:1#isOK:48,xx=2
Variable Write,context=Main:1#isOK:48,yy=2
Variable Write,context=Main:1#isOK:48,result=true
Method Exit,returner=Main:1#isOK:48,value=true
Variable Write,context=Main:1#dfs:8,flg=true
Field Read,context=Main:1,dx
Variable Write,context=Main:1#dfs:8,k=0
Field Read,context=Main:1,dx
Variable Write,context=Main:1#dfs:8,xxx=2
Field Read,context=Main:1,dy
Variable Write,context=Main:1#dfs:8,yyy=2
Field Read,context=Main:1,data
Field Read,context=Main:1,dx
Variable Write,context=Main:1#dfs:8,k=1
Variable Delete,method=Main:1#dfs:8 <name=xxx,type=int (id=7),value=<?>,index=13>
Variable Delete,method=Main:1#dfs:8 <name=yyy,type=int (id=7),value=<?>,index=14>
Field Read,context=Main:1,dx
Variable Write,context=Main:1#dfs:8,xxx=2
Field Read,context=Main:1,dy
Variable Write,context=Main:1#dfs:8,yyy=3
Field Read,context=Main:1,data
Field Read,context=Main:1,dx
Variable Write,context=Main:1#dfs:8,k=2
Variable Delete,method=Main:1#dfs:8 <name=xxx,type=int (id=7),value=<?>,index=13>
Variable Delete,method=Main:1#dfs:8 <name=yyy,type=int (id=7),value=<?>,index=14>
Field Read,context=Main:1,dx
Variable Write,context=Main:1#dfs:8,xxx=3
Field Read,context=Main:1,dy
Variable Write,context=Main:1#dfs:8,yyy=2
Field Read,context=Main:1,data
Field Read,context=Main:1,dx
Variable Write,context=Main:1#dfs:8,k=3
Variable Delete,method=Main:1#dfs:8 <name=xxx,type=int (id=7),value=<?>,index=13>
Variable Delete,method=Main:1#dfs:8 <name=yyy,type=int (id=7),value=<?>,index=14>
Field Read,context=Main:1,dx
Variable Write,context=Main:1#dfs:8,xxx=3
Field Read,context=Main:1,dy
Variable Write,context=Main:1#dfs:8,yyy=3
Field Read,context=Main:1,data
Field Read,context=Main:1,dx
Variable Delete,method=Main:1#dfs:8 <name=xxx,type=int (id=7),value=<?>,index=13>
Variable Delete,method=Main:1#dfs:8 <name=yyy,type=int (id=7),value=<?>,index=14>
Variable Delete,method=Main:1#dfs:8 <name=k,type=int (id=7),value=<?>,index=12>
Variable Write,context=Main:1#dfs:8,nlt=0
Variable Write,context=Main:1#dfs:8,nlb=0
Variable Write,context=Main:1#dfs:8,nrt=0
Variable Write,context=Main:1#dfs:8,nrb=0
Variable Write,context=Main:1#dfs:8,nrb=7
Variable Write,context=Main:1#dfs:8,j=2
Variable Delete,method=Main:1#dfs:8 <name=xx,type=int (id=7),value=<?>,index=9>
Variable Delete,method=Main:1#dfs:8 <name=yy,type=int (id=7),value=<?>,index=10>
Variable Delete,method=Main:1#dfs:8 <name=flg,type=boolean (id=2),value=<?>,index=11>
Variable Delete,method=Main:1#dfs:8 <name=nlt,type=int (id=7),value=<?>,index=15>
Variable Delete,method=Main:1#dfs:8 <name=nlb,type=int (id=7),value=<?>,index=16>
Variable Delete,method=Main:1#dfs:8 <name=nrt,type=int (id=7),value=<?>,index=17>
Variable Delete,method=Main:1#dfs:8 <name=nrb,type=int (id=7),value=<?>,index=18>
Field Read,context=Main:1,vx
Variable Write,context=Main:1#dfs:8,xx=2
Field Read,context=Main:1,vy
Variable Write,context=Main:1#dfs:8,yy=3
Method Call,caller=Main:1#dfs:8,target=Main:1#isOK:49
Variable Write,context=Main:1#isOK:49,xx=2
Variable Write,context=Main:1#isOK:49,yy=3
Variable Write,context=Main:1#isOK:49,result=false
Method Exit,returner=Main:1#isOK:49,value=false
Variable Delete,method=Main:1#dfs:8 <name=xx,type=int (id=7),value=<?>,index=9>
Variable Delete,method=Main:1#dfs:8 <name=yy,type=int (id=7),value=<?>,index=10>
Field Read,context=Main:1,vx
Variable Write,context=Main:1#dfs:8,i=2
Variable Delete,method=Main:1#dfs:8 <name=j,type=int (id=7),value=<?>,index=8>
Variable Write,context=Main:1#dfs:8,j=1
Field Read,context=Main:1,vx
Variable Write,context=Main:1#dfs:8,xx=3
Field Read,context=Main:1,vy
Variable Write,context=Main:1#dfs:8,yy=1
Method Call,caller=Main:1#dfs:8,target=Main:1#isOK:50
Variable Write,context=Main:1#isOK:50,xx=3
Variable Write,context=Main:1#isOK:50,yy=1
Variable Write,context=Main:1#isOK:50,result=false
Method Exit,returner=Main:1#isOK:50,value=false
Variable Write,context=Main:1#dfs:8,j=2
Variable Delete,method=Main:1#dfs:8 <name=xx,type=int (id=7),value=<?>,index=9>
Variable Delete,method=Main:1#dfs:8 <name=yy,type=int (id=7),value=<?>,index=10>
Field Read,context=Main:1,vx
Variable Write,context=Main:1#dfs:8,xx=4
Field Read,context=Main:1,vy
Variable Write,context=Main:1#dfs:8,yy=1
Method Call,caller=Main:1#dfs:8,target=Main:1#isOK:51
Variable Write,context=Main:1#isOK:51,xx=4
Variable Write,context=Main:1#isOK:51,yy=1
Variable Write,context=Main:1#isOK:51,result=false
Method Exit,returner=Main:1#isOK:51,value=false
Variable Delete,method=Main:1#dfs:8 <name=xx,type=int (id=7),value=<?>,index=9>
Variable Delete,method=Main:1#dfs:8 <name=yy,type=int (id=7),value=<?>,index=10>
Field Read,context=Main:1,vx
Variable Write,context=Main:1#dfs:8,i=3
Variable Delete,method=Main:1#dfs:8 <name=j,type=int (id=7),value=<?>,index=8>
Variable Write,context=Main:1#dfs:8,j=1
Field Read,context=Main:1,vx
Variable Write,context=Main:1#dfs:8,xx=2
Field Read,context=Main:1,vy
Variable Write,context=Main:1#dfs:8,yy=0
Method Call,caller=Main:1#dfs:8,target=Main:1#isOK:52
Variable Write,context=Main:1#isOK:52,xx=2
Variable Write,context=Main:1#isOK:52,yy=0
Variable Write,context=Main:1#isOK:52,result=true
Method Exit,returner=Main:1#isOK:52,value=true
Variable Write,context=Main:1#dfs:8,flg=true
Field Read,context=Main:1,dx
Variable Write,context=Main:1#dfs:8,k=0
Field Read,context=Main:1,dx
Variable Write,context=Main:1#dfs:8,xxx=2
Field Read,context=Main:1,dy
Variable Write,context=Main:1#dfs:8,yyy=0
Field Read,context=Main:1,data
Field Read,context=Main:1,dx
Variable Write,context=Main:1#dfs:8,k=1
Variable Delete,method=Main:1#dfs:8 <name=xxx,type=int (id=7),value=<?>,index=13>
Variable Delete,method=Main:1#dfs:8 <name=yyy,type=int (id=7),value=<?>,index=14>
Field Read,context=Main:1,dx
Variable Write,context=Main:1#dfs:8,xxx=2
Field Read,context=Main:1,dy
Variable Write,context=Main:1#dfs:8,yyy=1
Field Read,context=Main:1,data
Field Read,context=Main:1,dx
Variable Write,context=Main:1#dfs:8,k=2
Variable Delete,method=Main:1#dfs:8 <name=xxx,type=int (id=7),value=<?>,index=13>
Variable Delete,method=Main:1#dfs:8 <name=yyy,type=int (id=7),value=<?>,index=14>
Field Read,context=Main:1,dx
Variable Write,context=Main:1#dfs:8,xxx=3
Field Read,context=Main:1,dy
Variable Write,context=Main:1#dfs:8,yyy=0
Field Read,context=Main:1,data
Field Read,context=Main:1,dx
Variable Write,context=Main:1#dfs:8,k=3
Variable Delete,method=Main:1#dfs:8 <name=xxx,type=int (id=7),value=<?>,index=13>
Variable Delete,method=Main:1#dfs:8 <name=yyy,type=int (id=7),value=<?>,index=14>
Field Read,context=Main:1,dx
Variable Write,context=Main:1#dfs:8,xxx=3
Field Read,context=Main:1,dy
Variable Write,context=Main:1#dfs:8,yyy=1
Field Read,context=Main:1,data
Field Read,context=Main:1,dx
Variable Delete,method=Main:1#dfs:8 <name=xxx,type=int (id=7),value=<?>,index=13>
Variable Delete,method=Main:1#dfs:8 <name=yyy,type=int (id=7),value=<?>,index=14>
Variable Delete,method=Main:1#dfs:8 <name=k,type=int (id=7),value=<?>,index=12>
Variable Write,context=Main:1#dfs:8,nlt=0
Variable Write,context=Main:1#dfs:8,nlb=0
Variable Write,context=Main:1#dfs:8,nrt=0
Variable Write,context=Main:1#dfs:8,nrb=0
Variable Write,context=Main:1#dfs:8,nrt=7
Variable Write,context=Main:1#dfs:8,j=2
Variable Delete,method=Main:1#dfs:8 <name=xx,type=int (id=7),value=<?>,index=9>
Variable Delete,method=Main:1#dfs:8 <name=yy,type=int (id=7),value=<?>,index=10>
Variable Delete,method=Main:1#dfs:8 <name=flg,type=boolean (id=2),value=<?>,index=11>
Variable Delete,method=Main:1#dfs:8 <name=nlt,type=int (id=7),value=<?>,index=15>
Variable Delete,method=Main:1#dfs:8 <name=nlb,type=int (id=7),value=<?>,index=16>
Variable Delete,method=Main:1#dfs:8 <name=nrt,type=int (id=7),value=<?>,index=17>
Variable Delete,method=Main:1#dfs:8 <name=nrb,type=int (id=7),value=<?>,index=18>
Field Read,context=Main:1,vx
Variable Write,context=Main:1#dfs:8,xx=2
Field Read,context=Main:1,vy
Variable Write,context=Main:1#dfs:8,yy=-1
Method Call,caller=Main:1#dfs:8,target=Main:1#isOK:53
Variable Write,context=Main:1#isOK:53,xx=2
Variable Write,context=Main:1#isOK:53,yy=-1
Variable Write,context=Main:1#isOK:53,result=false
Method Exit,returner=Main:1#isOK:53,value=false
Variable Delete,method=Main:1#dfs:8 <name=xx,type=int (id=7),value=<?>,index=9>
Variable Delete,method=Main:1#dfs:8 <name=yy,type=int (id=7),value=<?>,index=10>
Field Read,context=Main:1,vx
Variable Write,context=Main:1#dfs:8,i=4
Variable Delete,method=Main:1#dfs:8 <name=j,type=int (id=7),value=<?>,index=8>
Variable Write,context=Main:1#dfs:8,j=1
Field Read,context=Main:1,vx
Variable Write,context=Main:1#dfs:8,xx=1
Field Read,context=Main:1,vy
Variable Write,context=Main:1#dfs:8,yy=1
Method Call,caller=Main:1#dfs:8,target=Main:1#isOK:54
Variable Write,context=Main:1#isOK:54,xx=1
Variable Write,context=Main:1#isOK:54,yy=1
Variable Write,context=Main:1#isOK:54,result=true
Method Exit,returner=Main:1#isOK:54,value=true
Variable Write,context=Main:1#dfs:8,flg=true
Field Read,context=Main:1,dx
Variable Write,context=Main:1#dfs:8,k=0
Field Read,context=Main:1,dx
Variable Write,context=Main:1#dfs:8,xxx=1
Field Read,context=Main:1,dy
Variable Write,context=Main:1#dfs:8,yyy=1
Field Read,context=Main:1,data
Variable Write,context=Main:1#dfs:8,flg=false
Variable Delete,method=Main:1#dfs:8 <name=k,type=int (id=7),value=<?>,index=12>
Variable Delete,method=Main:1#dfs:8 <name=xxx,type=int (id=7),value=<?>,index=13>
Variable Delete,method=Main:1#dfs:8 <name=yyy,type=int (id=7),value=<?>,index=14>
Variable Write,context=Main:1#dfs:8,j=2
Variable Delete,method=Main:1#dfs:8 <name=xx,type=int (id=7),value=<?>,index=9>
Variable Delete,method=Main:1#dfs:8 <name=yy,type=int (id=7),value=<?>,index=10>
Variable Delete,method=Main:1#dfs:8 <name=flg,type=boolean (id=2),value=<?>,index=11>
Field Read,context=Main:1,vx
Variable Write,context=Main:1#dfs:8,xx=0
Field Read,context=Main:1,vy
Variable Write,context=Main:1#dfs:8,yy=1
Method Call,caller=Main:1#dfs:8,target=Main:1#isOK:55
Variable Write,context=Main:1#isOK:55,xx=0
Variable Write,context=Main:1#isOK:55,yy=1
Variable Write,context=Main:1#isOK:55,result=true
Method Exit,returner=Main:1#isOK:55,value=true
Variable Write,context=Main:1#dfs:8,flg=true
Field Read,context=Main:1,dx
Variable Write,context=Main:1#dfs:8,k=0
Field Read,context=Main:1,dx
Variable Write,context=Main:1#dfs:8,xxx=0
Field Read,context=Main:1,dy
Variable Write,context=Main:1#dfs:8,yyy=1
Field Read,context=Main:1,data
Field Read,context=Main:1,dx
Variable Write,context=Main:1#dfs:8,k=1
Variable Delete,method=Main:1#dfs:8 <name=xxx,type=int (id=7),value=<?>,index=13>
Variable Delete,method=Main:1#dfs:8 <name=yyy,type=int (id=7),value=<?>,index=14>
Field Read,context=Main:1,dx
Variable Write,context=Main:1#dfs:8,xxx=0
Field Read,context=Main:1,dy
Variable Write,context=Main:1#dfs:8,yyy=2
Field Read,context=Main:1,data
Variable Write,context=Main:1#dfs:8,flg=false
Variable Delete,method=Main:1#dfs:8 <name=k,type=int (id=7),value=<?>,index=12>
Variable Delete,method=Main:1#dfs:8 <name=xxx,type=int (id=7),value=<?>,index=13>
Variable Delete,method=Main:1#dfs:8 <name=yyy,type=int (id=7),value=<?>,index=14>
Variable Delete,method=Main:1#dfs:8 <name=xx,type=int (id=7),value=<?>,index=9>
Variable Delete,method=Main:1#dfs:8 <name=yy,type=int (id=7),value=<?>,index=10>
Variable Delete,method=Main:1#dfs:8 <name=flg,type=boolean (id=2),value=<?>,index=11>
Field Read,context=Main:1,vx
Variable Delete,method=Main:1#dfs:8 <name=j,type=int (id=7),value=<?>,index=8>
Method Exit,returner=Main:1#dfs:8,value=<void>
Variable Write,context=Main:1#dfs:5,j=2
Variable Delete,method=Main:1#dfs:5 <name=xx,type=int (id=7),value=<?>,index=9>
Variable Delete,method=Main:1#dfs:5 <name=yy,type=int (id=7),value=<?>,index=10>
Variable Delete,method=Main:1#dfs:5 <name=flg,type=boolean (id=2),value=<?>,index=11>
Variable Delete,method=Main:1#dfs:5 <name=nlt,type=int (id=7),value=<?>,index=15>
Variable Delete,method=Main:1#dfs:5 <name=nlb,type=int (id=7),value=<?>,index=16>
Variable Delete,method=Main:1#dfs:5 <name=nrt,type=int (id=7),value=<?>,index=17>
Variable Delete,method=Main:1#dfs:5 <name=nrb,type=int (id=7),value=<?>,index=18>
Variable Delete,method=Main:1#dfs:5 <name=next,type=java.lang.String (id=25),value=<?>,index=19>
Field Read,context=Main:1,vx
Variable Write,context=Main:1#dfs:5,xx=3
Field Read,context=Main:1,vy
Variable Write,context=Main:1#dfs:5,yy=1
Method Call,caller=Main:1#dfs:5,target=Main:1#isOK:56
Variable Write,context=Main:1#isOK:56,xx=3
Variable Write,context=Main:1#isOK:56,yy=1
Variable Write,context=Main:1#isOK:56,result=false
Method Exit,returner=Main:1#isOK:56,value=false
Variable Delete,method=Main:1#dfs:5 <name=xx,type=int (id=7),value=<?>,index=9>
Variable Delete,method=Main:1#dfs:5 <name=yy,type=int (id=7),value=<?>,index=10>
Field Read,context=Main:1,vx
Variable Write,context=Main:1#dfs:5,i=3
Variable Delete,method=Main:1#dfs:5 <name=j,type=int (id=7),value=<?>,index=8>
Variable Write,context=Main:1#dfs:5,j=1
Field Read,context=Main:1,vx
Variable Write,context=Main:1#dfs:5,xx=1
Field Read,context=Main:1,vy
Variable Write,context=Main:1#dfs:5,yy=0
Method Call,caller=Main:1#dfs:5,target=Main:1#isOK:57
Variable Write,context=Main:1#isOK:57,xx=1
Variable Write,context=Main:1#isOK:57,yy=0
Variable Write,context=Main:1#isOK:57,result=true
Method Exit,returner=Main:1#isOK:57,value=true
Variable Write,context=Main:1#dfs:5,flg=true
Field Read,context=Main:1,dx
Variable Write,context=Main:1#dfs:5,k=0
Field Read,context=Main:1,dx
Variable Write,context=Main:1#dfs:5,xxx=1
Field Read,context=Main:1,dy
Variable Write,context=Main:1#dfs:5,yyy=0
Field Read,context=Main:1,data
Field Read,context=Main:1,dx
Variable Write,context=Main:1#dfs:5,k=1
Variable Delete,method=Main:1#dfs:5 <name=xxx,type=int (id=7),value=<?>,index=13>
Variable Delete,method=Main:1#dfs:5 <name=yyy,type=int (id=7),value=<?>,index=14>
Field Read,context=Main:1,dx
Variable Write,context=Main:1#dfs:5,xxx=1
Field Read,context=Main:1,dy
Variable Write,context=Main:1#dfs:5,yyy=1
Field Read,context=Main:1,data
Field Read,context=Main:1,dx
Variable Write,context=Main:1#dfs:5,k=2
Variable Delete,method=Main:1#dfs:5 <name=xxx,type=int (id=7),value=<?>,index=13>
Variable Delete,method=Main:1#dfs:5 <name=yyy,type=int (id=7),value=<?>,index=14>
Field Read,context=Main:1,dx
Variable Write,context=Main:1#dfs:5,xxx=2
Field Read,context=Main:1,dy
Variable Write,context=Main:1#dfs:5,yyy=0
Field Read,context=Main:1,data
Field Read,context=Main:1,dx
Variable Write,context=Main:1#dfs:5,k=3
Variable Delete,method=Main:1#dfs:5 <name=xxx,type=int (id=7),value=<?>,index=13>
Variable Delete,method=Main:1#dfs:5 <name=yyy,type=int (id=7),value=<?>,index=14>
Field Read,context=Main:1,dx
Variable Write,context=Main:1#dfs:5,xxx=2
Field Read,context=Main:1,dy
Variable Write,context=Main:1#dfs:5,yyy=1
Field Read,context=Main:1,data
Field Read,context=Main:1,dx
Variable Delete,method=Main:1#dfs:5 <name=xxx,type=int (id=7),value=<?>,index=13>
Variable Delete,method=Main:1#dfs:5 <name=yyy,type=int (id=7),value=<?>,index=14>
Variable Delete,method=Main:1#dfs:5 <name=k,type=int (id=7),value=<?>,index=12>
Variable Write,context=Main:1#dfs:5,nlt=1
Variable Write,context=Main:1#dfs:5,nlb=1
Variable Write,context=Main:1#dfs:5,nrt=1
Variable Write,context=Main:1#dfs:5,nrb=1
Variable Write,context=Main:1#dfs:5,next=6 101111
Field Read,context=Main:1,close
Field Read,context=Main:1,close
Method Call,caller=Main:1#dfs:5,target=Main:1#dfs:9
Variable Write,context=Main:1#dfs:9,lt=1
Variable Write,context=Main:1#dfs:9,lb=1
Variable Write,context=Main:1#dfs:9,rt=1
Variable Write,context=Main:1#dfs:9,rb=1
Variable Write,context=Main:1#dfs:9,deep=6
Variable Write,context=Main:1#dfs:9,x=1
Variable Write,context=Main:1#dfs:9,y=0
Field Read,context=Main:1,n
Field Read,context=Main:1,vx
Variable Write,context=Main:1#dfs:9,i=0
Variable Write,context=Main:1#dfs:9,j=1
Field Read,context=Main:1,vx
Variable Write,context=Main:1#dfs:9,xx=1
Field Read,context=Main:1,vy
Variable Write,context=Main:1#dfs:9,yy=0
Method Call,caller=Main:1#dfs:9,target=Main:1#isOK:58
Variable Write,context=Main:1#isOK:58,xx=1
Variable Write,context=Main:1#isOK:58,yy=0
Variable Write,context=Main:1#isOK:58,result=true
Method Exit,returner=Main:1#isOK:58,value=true
Variable Write,context=Main:1#dfs:9,flg=true
Field Read,context=Main:1,dx
Variable Write,context=Main:1#dfs:9,k=0
Field Read,context=Main:1,dx
Variable Write,context=Main:1#dfs:9,xxx=1
Field Read,context=Main:1,dy
Variable Write,context=Main:1#dfs:9,yyy=0
Field Read,context=Main:1,data
Field Read,context=Main:1,dx
Variable Write,context=Main:1#dfs:9,k=1
Variable Delete,method=Main:1#dfs:9 <name=xxx,type=int (id=7),value=<?>,index=13>
Variable Delete,method=Main:1#dfs:9 <name=yyy,type=int (id=7),value=<?>,index=14>
Field Read,context=Main:1,dx
Variable Write,context=Main:1#dfs:9,xxx=1
Field Read,context=Main:1,dy
Variable Write,context=Main:1#dfs:9,yyy=1
Field Read,context=Main:1,data
Variable Write,context=Main:1#dfs:9,flg=false
Variable Delete,method=Main:1#dfs:9 <name=k,type=int (id=7),value=<?>,index=12>
Variable Delete,method=Main:1#dfs:9 <name=xxx,type=int (id=7),value=<?>,index=13>
Variable Delete,method=Main:1#dfs:9 <name=yyy,type=int (id=7),value=<?>,index=14>
Variable Write,context=Main:1#dfs:9,j=2
Variable Delete,method=Main:1#dfs:9 <name=xx,type=int (id=7),value=<?>,index=9>
Variable Delete,method=Main:1#dfs:9 <name=yy,type=int (id=7),value=<?>,index=10>
Variable Delete,method=Main:1#dfs:9 <name=flg,type=boolean (id=2),value=<?>,index=11>
Field Read,context=Main:1,vx
Variable Write,context=Main:1#dfs:9,xx=1
Field Read,context=Main:1,vy
Variable Write,context=Main:1#dfs:9,yy=0
Method Call,caller=Main:1#dfs:9,target=Main:1#isOK:59
Variable Write,context=Main:1#isOK:59,xx=1
Variable Write,context=Main:1#isOK:59,yy=0
Variable Write,context=Main:1#isOK:59,result=true
Method Exit,returner=Main:1#isOK:59,value=true
Variable Write,context=Main:1#dfs:9,flg=true
Field Read,context=Main:1,dx
Variable Write,context=Main:1#dfs:9,k=0
Field Read,context=Main:1,dx
Variable Write,context=Main:1#dfs:9,xxx=1
Field Read,context=Main:1,dy
Variable Write,context=Main:1#dfs:9,yyy=0
Field Read,context=Main:1,data
Field Read,context=Main:1,dx
Variable Write,context=Main:1#dfs:9,k=1
Variable Delete,method=Main:1#dfs:9 <name=xxx,type=int (id=7),value=<?>,index=13>
Variable Delete,method=Main:1#dfs:9 <name=yyy,type=int (id=7),value=<?>,index=14>
Field Read,context=Main:1,dx
Variable Write,context=Main:1#dfs:9,xxx=1
Field Read,context=Main:1,dy
Variable Write,context=Main:1#dfs:9,yyy=1
Field Read,context=Main:1,data
Variable Write,context=Main:1#dfs:9,flg=false
Variable Delete,method=Main:1#dfs:9 <name=k,type=int (id=7),value=<?>,index=12>
Variable Delete,method=Main:1#dfs:9 <name=xxx,type=int (id=7),value=<?>,index=13>
Variable Delete,method=Main:1#dfs:9 <name=yyy,type=int (id=7),value=<?>,index=14>
Variable Delete,method=Main:1#dfs:9 <name=xx,type=int (id=7),value=<?>,index=9>
Variable Delete,method=Main:1#dfs:9 <name=yy,type=int (id=7),value=<?>,index=10>
Variable Delete,method=Main:1#dfs:9 <name=flg,type=boolean (id=2),value=<?>,index=11>
Field Read,context=Main:1,vx
Variable Write,context=Main:1#dfs:9,i=1
Variable Delete,method=Main:1#dfs:9 <name=j,type=int (id=7),value=<?>,index=8>
Variable Write,context=Main:1#dfs:9,j=1
Field Read,context=Main:1,vx
Variable Write,context=Main:1#dfs:9,xx=1
Field Read,context=Main:1,vy
Variable Write,context=Main:1#dfs:9,yy=1
Method Call,caller=Main:1#dfs:9,target=Main:1#isOK:60
Variable Write,context=Main:1#isOK:60,xx=1
Variable Write,context=Main:1#isOK:60,yy=1
Variable Write,context=Main:1#isOK:60,result=true
Method Exit,returner=Main:1#isOK:60,value=true
Variable Write,context=Main:1#dfs:9,flg=true
Field Read,context=Main:1,dx
Variable Write,context=Main:1#dfs:9,k=0
Field Read,context=Main:1,dx
Variable Write,context=Main:1#dfs:9,xxx=1
Field Read,context=Main:1,dy
Variable Write,context=Main:1#dfs:9,yyy=1
Field Read,context=Main:1,data
Variable Write,context=Main:1#dfs:9,flg=false
Variable Delete,method=Main:1#dfs:9 <name=k,type=int (id=7),value=<?>,index=12>
Variable Delete,method=Main:1#dfs:9 <name=xxx,type=int (id=7),value=<?>,index=13>
Variable Delete,method=Main:1#dfs:9 <name=yyy,type=int (id=7),value=<?>,index=14>
Variable Write,context=Main:1#dfs:9,j=2
Variable Delete,method=Main:1#dfs:9 <name=xx,type=int (id=7),value=<?>,index=9>
Variable Delete,method=Main:1#dfs:9 <name=yy,type=int (id=7),value=<?>,index=10>
Variable Delete,method=Main:1#dfs:9 <name=flg,type=boolean (id=2),value=<?>,index=11>
Field Read,context=Main:1,vx
Variable Write,context=Main:1#dfs:9,xx=1
Field Read,context=Main:1,vy
Variable Write,context=Main:1#dfs:9,yy=2
Method Call,caller=Main:1#dfs:9,target=Main:1#isOK:61
Variable Write,context=Main:1#isOK:61,xx=1
Variable Write,context=Main:1#isOK:61,yy=2
Variable Write,context=Main:1#isOK:61,result=true
Method Exit,returner=Main:1#isOK:61,value=true
Variable Write,context=Main:1#dfs:9,flg=true
Field Read,context=Main:1,dx
Variable Write,context=Main:1#dfs:9,k=0
Field Read,context=Main:1,dx
Variable Write,context=Main:1#dfs:9,xxx=1
Field Read,context=Main:1,dy
Variable Write,context=Main:1#dfs:9,yyy=2
Field Read,context=Main:1,data
Field Read,context=Main:1,dx
Variable Write,context=Main:1#dfs:9,k=1
Variable Delete,method=Main:1#dfs:9 <name=xxx,type=int (id=7),value=<?>,index=13>
Variable Delete,method=Main:1#dfs:9 <name=yyy,type=int (id=7),value=<?>,index=14>
Field Read,context=Main:1,dx
Variable Write,context=Main:1#dfs:9,xxx=1
Field Read,context=Main:1,dy
Variable Write,context=Main:1#dfs:9,yyy=3
Field Read,context=Main:1,data
Field Read,context=Main:1,dx
Variable Write,context=Main:1#dfs:9,k=2
Variable Delete,method=Main:1#dfs:9 <name=xxx,type=int (id=7),value=<?>,index=13>
Variable Delete,method=Main:1#dfs:9 <name=yyy,type=int (id=7),value=<?>,index=14>
Field Read,context=Main:1,dx
Variable Write,context=Main:1#dfs:9,xxx=2
Field Read,context=Main:1,dy
Variable Write,context=Main:1#dfs:9,yyy=2
Field Read,context=Main:1,data
Field Read,context=Main:1,dx
Variable Write,context=Main:1#dfs:9,k=3
Variable Delete,method=Main:1#dfs:9 <name=xxx,type=int (id=7),value=<?>,index=13>
Variable Delete,method=Main:1#dfs:9 <name=yyy,type=int (id=7),value=<?>,index=14>
Field Read,context=Main:1,dx
Variable Write,context=Main:1#dfs:9,xxx=2
Field Read,context=Main:1,dy
Variable Write,context=Main:1#dfs:9,yyy=3
Field Read,context=Main:1,data
Field Read,context=Main:1,dx
Variable Delete,method=Main:1#dfs:9 <name=xxx,type=int (id=7),value=<?>,index=13>
Variable Delete,method=Main:1#dfs:9 <name=yyy,type=int (id=7),value=<?>,index=14>
Variable Delete,method=Main:1#dfs:9 <name=k,type=int (id=7),value=<?>,index=12>
Variable Write,context=Main:1#dfs:9,nlt=0
Variable Write,context=Main:1#dfs:9,nlb=0
Variable Write,context=Main:1#dfs:9,nrt=0
Variable Write,context=Main:1#dfs:9,nrb=0
Variable Delete,method=Main:1#dfs:9 <name=xx,type=int (id=7),value=<?>,index=9>
Variable Delete,method=Main:1#dfs:9 <name=yy,type=int (id=7),value=<?>,index=10>
Variable Delete,method=Main:1#dfs:9 <name=flg,type=boolean (id=2),value=<?>,index=11>
Variable Delete,method=Main:1#dfs:9 <name=nlt,type=int (id=7),value=<?>,index=15>
Variable Delete,method=Main:1#dfs:9 <name=nlb,type=int (id=7),value=<?>,index=16>
Variable Delete,method=Main:1#dfs:9 <name=nrt,type=int (id=7),value=<?>,index=17>
Variable Delete,method=Main:1#dfs:9 <name=nrb,type=int (id=7),value=<?>,index=18>
Field Read,context=Main:1,vx
Variable Write,context=Main:1#dfs:9,i=2
Variable Delete,method=Main:1#dfs:9 <name=j,type=int (id=7),value=<?>,index=8>
Variable Write,context=Main:1#dfs:9,j=1
Field Read,context=Main:1,vx
Variable Write,context=Main:1#dfs:9,xx=2
Field Read,context=Main:1,vy
Variable Write,context=Main:1#dfs:9,yy=0
Method Call,caller=Main:1#dfs:9,target=Main:1#isOK:62
Variable Write,context=Main:1#isOK:62,xx=2
Variable Write,context=Main:1#isOK:62,yy=0
Variable Write,context=Main:1#isOK:62,result=true
Method Exit,returner=Main:1#isOK:62,value=true
Variable Write,context=Main:1#dfs:9,flg=true
Field Read,context=Main:1,dx
Variable Write,context=Main:1#dfs:9,k=0
Field Read,context=Main:1,dx
Variable Write,context=Main:1#dfs:9,xxx=2
Field Read,context=Main:1,dy
Variable Write,context=Main:1#dfs:9,yyy=0
Field Read,context=Main:1,data
Field Read,context=Main:1,dx
Variable Write,context=Main:1#dfs:9,k=1
Variable Delete,method=Main:1#dfs:9 <name=xxx,type=int (id=7),value=<?>,index=13>
Variable Delete,method=Main:1#dfs:9 <name=yyy,type=int (id=7),value=<?>,index=14>
Field Read,context=Main:1,dx
Variable Write,context=Main:1#dfs:9,xxx=2
Field Read,context=Main:1,dy
Variable Write,context=Main:1#dfs:9,yyy=1
Field Read,context=Main:1,data
Field Read,context=Main:1,dx
Variable Write,context=Main:1#dfs:9,k=2
Variable Delete,method=Main:1#dfs:9 <name=xxx,type=int (id=7),value=<?>,index=13>
Variable Delete,method=Main:1#dfs:9 <name=yyy,type=int (id=7),value=<?>,index=14>
Field Read,context=Main:1,dx
Variable Write,context=Main:1#dfs:9,xxx=3
Field Read,context=Main:1,dy
Variable Write,context=Main:1#dfs:9,yyy=0
Field Read,context=Main:1,data
Field Read,context=Main:1,dx
Variable Write,context=Main:1#dfs:9,k=3
Variable Delete,method=Main:1#dfs:9 <name=xxx,type=int (id=7),value=<?>,index=13>
Variable Delete,method=Main:1#dfs:9 <name=yyy,type=int (id=7),value=<?>,index=14>
Field Read,context=Main:1,dx
Variable Write,context=Main:1#dfs:9,xxx=3
Field Read,context=Main:1,dy
Variable Write,context=Main:1#dfs:9,yyy=1
Field Read,context=Main:1,data
Field Read,context=Main:1,dx
Variable Delete,method=Main:1#dfs:9 <name=xxx,type=int (id=7),value=<?>,index=13>
Variable Delete,method=Main:1#dfs:9 <name=yyy,type=int (id=7),value=<?>,index=14>
Variable Delete,method=Main:1#dfs:9 <name=k,type=int (id=7),value=<?>,index=12>
Variable Write,context=Main:1#dfs:9,nlt=0
Variable Write,context=Main:1#dfs:9,nlb=0
Variable Write,context=Main:1#dfs:9,nrt=0
Variable Write,context=Main:1#dfs:9,nrb=0
Variable Write,context=Main:1#dfs:9,nrt=7
Variable Write,context=Main:1#dfs:9,j=2
Variable Delete,method=Main:1#dfs:9 <name=xx,type=int (id=7),value=<?>,index=9>
Variable Delete,method=Main:1#dfs:9 <name=yy,type=int (id=7),value=<?>,index=10>
Variable Delete,method=Main:1#dfs:9 <name=flg,type=boolean (id=2),value=<?>,index=11>
Variable Delete,method=Main:1#dfs:9 <name=nlt,type=int (id=7),value=<?>,index=15>
Variable Delete,method=Main:1#dfs:9 <name=nlb,type=int (id=7),value=<?>,index=16>
Variable Delete,method=Main:1#dfs:9 <name=nrt,type=int (id=7),value=<?>,index=17>
Variable Delete,method=Main:1#dfs:9 <name=nrb,type=int (id=7),value=<?>,index=18>
Field Read,context=Main:1,vx
Variable Write,context=Main:1#dfs:9,xx=3
Field Read,context=Main:1,vy
Variable Write,context=Main:1#dfs:9,yy=0
Method Call,caller=Main:1#dfs:9,target=Main:1#isOK:63
Variable Write,context=Main:1#isOK:63,xx=3
Variable Write,context=Main:1#isOK:63,yy=0
Variable Write,context=Main:1#isOK:63,result=false
Method Exit,returner=Main:1#isOK:63,value=false
Variable Delete,method=Main:1#dfs:9 <name=xx,type=int (id=7),value=<?>,index=9>
Variable Delete,method=Main:1#dfs:9 <name=yy,type=int (id=7),value=<?>,index=10>
Field Read,context=Main:1,vx
Variable Write,context=Main:1#dfs:9,i=3
Variable Delete,method=Main:1#dfs:9 <name=j,type=int (id=7),value=<?>,index=8>
Variable Write,context=Main:1#dfs:9,j=1
Field Read,context=Main:1,vx
Variable Write,context=Main:1#dfs:9,xx=1
Field Read,context=Main:1,vy
Variable Write,context=Main:1#dfs:9,yy=-1
Method Call,caller=Main:1#dfs:9,target=Main:1#isOK:64
Variable Write,context=Main:1#isOK:64,xx=1
Variable Write,context=Main:1#isOK:64,yy=-1
Variable Write,context=Main:1#isOK:64,result=false
Method Exit,returner=Main:1#isOK:64,value=false
Variable Write,context=Main:1#dfs:9,j=2
Variable Delete,method=Main:1#dfs:9 <name=xx,type=int (id=7),value=<?>,index=9>
Variable Delete,method=Main:1#dfs:9 <name=yy,type=int (id=7),value=<?>,index=10>
Field Read,context=Main:1,vx
Variable Write,context=Main:1#dfs:9,xx=1
Field Read,context=Main:1,vy
Variable Write,context=Main:1#dfs:9,yy=-2
Method Call,caller=Main:1#dfs:9,target=Main:1#isOK:65
Variable Write,context=Main:1#isOK:65,xx=1
Variable Write,context=Main:1#isOK:65,yy=-2
Variable Write,context=Main:1#isOK:65,result=false
Method Exit,returner=Main:1#isOK:65,value=false
Variable Delete,method=Main:1#dfs:9 <name=xx,type=int (id=7),value=<?>,index=9>
Variable Delete,method=Main:1#dfs:9 <name=yy,type=int (id=7),value=<?>,index=10>
Field Read,context=Main:1,vx
Variable Write,context=Main:1#dfs:9,i=4
Variable Delete,method=Main:1#dfs:9 <name=j,type=int (id=7),value=<?>,index=8>
Variable Write,context=Main:1#dfs:9,j=1
Field Read,context=Main:1,vx
Variable Write,context=Main:1#dfs:9,xx=0
Field Read,context=Main:1,vy
Variable Write,context=Main:1#dfs:9,yy=0
Method Call,caller=Main:1#dfs:9,target=Main:1#isOK:66
Variable Write,context=Main:1#isOK:66,xx=0
Variable Write,context=Main:1#isOK:66,yy=0
Variable Write,context=Main:1#isOK:66,result=true
Method Exit,returner=Main:1#isOK:66,value=true
Variable Write,context=Main:1#dfs:9,flg=true
Field Read,context=Main:1,dx
Variable Write,context=Main:1#dfs:9,k=0
Field Read,context=Main:1,dx
Variable Write,context=Main:1#dfs:9,xxx=0
Field Read,context=Main:1,dy
Variable Write,context=Main:1#dfs:9,yyy=0
Field Read,context=Main:1,data
Field Read,context=Main:1,dx
Variable Write,context=Main:1#dfs:9,k=1
Variable Delete,method=Main:1#dfs:9 <name=xxx,type=int (id=7),value=<?>,index=13>
Variable Delete,method=Main:1#dfs:9 <name=yyy,type=int (id=7),value=<?>,index=14>
Field Read,context=Main:1,dx
Variable Write,context=Main:1#dfs:9,xxx=0
Field Read,context=Main:1,dy
Variable Write,context=Main:1#dfs:9,yyy=1
Field Read,context=Main:1,data
Field Read,context=Main:1,dx
Variable Write,context=Main:1#dfs:9,k=2
Variable Delete,method=Main:1#dfs:9 <name=xxx,type=int (id=7),value=<?>,index=13>
Variable Delete,method=Main:1#dfs:9 <name=yyy,type=int (id=7),value=<?>,index=14>
Field Read,context=Main:1,dx
Variable Write,context=Main:1#dfs:9,xxx=1
Field Read,context=Main:1,dy
Variable Write,context=Main:1#dfs:9,yyy=0
Field Read,context=Main:1,data
Field Read,context=Main:1,dx
Variable Write,context=Main:1#dfs:9,k=3
Variable Delete,method=Main:1#dfs:9 <name=xxx,type=int (id=7),value=<?>,index=13>
Variable Delete,method=Main:1#dfs:9 <name=yyy,type=int (id=7),value=<?>,index=14>
Field Read,context=Main:1,dx
Variable Write,context=Main:1#dfs:9,xxx=1
Field Read,context=Main:1,dy
Variable Write,context=Main:1#dfs:9,yyy=1
Field Read,context=Main:1,data
Variable Write,context=Main:1#dfs:9,flg=false
Variable Delete,method=Main:1#dfs:9 <name=k,type=int (id=7),value=<?>,index=12>
Variable Delete,method=Main:1#dfs:9 <name=xxx,type=int (id=7),value=<?>,index=13>
Variable Delete,method=Main:1#dfs:9 <name=yyy,type=int (id=7),value=<?>,index=14>
Variable Write,context=Main:1#dfs:9,j=2
Variable Delete,method=Main:1#dfs:9 <name=xx,type=int (id=7),value=<?>,index=9>
Variable Delete,method=Main:1#dfs:9 <name=yy,type=int (id=7),value=<?>,index=10>
Variable Delete,method=Main:1#dfs:9 <name=flg,type=boolean (id=2),value=<?>,index=11>
Field Read,context=Main:1,vx
Variable Write,context=Main:1#dfs:9,xx=-1
Field Read,context=Main:1,vy
Variable Write,context=Main:1#dfs:9,yy=0
Method Call,caller=Main:1#dfs:9,target=Main:1#isOK:67
Variable Write,context=Main:1#isOK:67,xx=-1
Variable Write,context=Main:1#isOK:67,yy=0
Variable Write,context=Main:1#isOK:67,result=false
Method Exit,returner=Main:1#isOK:67,value=false
Variable Delete,method=Main:1#dfs:9 <name=xx,type=int (id=7),value=<?>,index=9>
Variable Delete,method=Main:1#dfs:9 <name=yy,type=int (id=7),value=<?>,index=10>
Field Read,context=Main:1,vx
Variable Delete,method=Main:1#dfs:9 <name=j,type=int (id=7),value=<?>,index=8>
Method Exit,returner=Main:1#dfs:9,value=<void>
Variable Write,context=Main:1#dfs:5,j=2
Variable Delete,method=Main:1#dfs:5 <name=xx,type=int (id=7),value=<?>,index=9>
Variable Delete,method=Main:1#dfs:5 <name=yy,type=int (id=7),value=<?>,index=10>
Variable Delete,method=Main:1#dfs:5 <name=flg,type=boolean (id=2),value=<?>,index=11>
Variable Delete,method=Main:1#dfs:5 <name=nlt,type=int (id=7),value=<?>,index=15>
Variable Delete,method=Main:1#dfs:5 <name=nlb,type=int (id=7),value=<?>,index=16>
Variable Delete,method=Main:1#dfs:5 <name=nrt,type=int (id=7),value=<?>,index=17>
Variable Delete,method=Main:1#dfs:5 <name=nrb,type=int (id=7),value=<?>,index=18>
Variable Delete,method=Main:1#dfs:5 <name=next,type=java.lang.String (id=25),value=<?>,index=19>
Field Read,context=Main:1,vx
Variable Write,context=Main:1#dfs:5,xx=1
Field Read,context=Main:1,vy
Variable Write,context=Main:1#dfs:5,yy=-1
Method Call,caller=Main:1#dfs:5,target=Main:1#isOK:68
Variable Write,context=Main:1#isOK:68,xx=1
Variable Write,context=Main:1#isOK:68,yy=-1
Variable Write,context=Main:1#isOK:68,result=false
Method Exit,returner=Main:1#isOK:68,value=false
Variable Delete,method=Main:1#dfs:5 <name=xx,type=int (id=7),value=<?>,index=9>
Variable Delete,method=Main:1#dfs:5 <name=yy,type=int (id=7),value=<?>,index=10>
Field Read,context=Main:1,vx
Variable Write,context=Main:1#dfs:5,i=4
Variable Delete,method=Main:1#dfs:5 <name=j,type=int (id=7),value=<?>,index=8>
Variable Write,context=Main:1#dfs:5,j=1
Field Read,context=Main:1,vx
Variable Write,context=Main:1#dfs:5,xx=0
Field Read,context=Main:1,vy
Variable Write,context=Main:1#dfs:5,yy=1
Method Call,caller=Main:1#dfs:5,target=Main:1#isOK:69
Variable Write,context=Main:1#isOK:69,xx=0
Variable Write,context=Main:1#isOK:69,yy=1
Variable Write,context=Main:1#isOK:69,result=true
Method Exit,returner=Main:1#isOK:69,value=true
Variable Write,context=Main:1#dfs:5,flg=true
Field Read,context=Main:1,dx
Variable Write,context=Main:1#dfs:5,k=0
Field Read,context=Main:1,dx
Variable Write,context=Main:1#dfs:5,xxx=0
Field Read,context=Main:1,dy
Variable Write,context=Main:1#dfs:5,yyy=1
Field Read,context=Main:1,data
Field Read,context=Main:1,dx
Variable Write,context=Main:1#dfs:5,k=1
Variable Delete,method=Main:1#dfs:5 <name=xxx,type=int (id=7),value=<?>,index=13>
Variable Delete,method=Main:1#dfs:5 <name=yyy,type=int (id=7),value=<?>,index=14>
Field Read,context=Main:1,dx
Variable Write,context=Main:1#dfs:5,xxx=0
Field Read,context=Main:1,dy
Variable Write,context=Main:1#dfs:5,yyy=2
Field Read,context=Main:1,data
Field Read,context=Main:1,dx
Variable Write,context=Main:1#dfs:5,k=2
Variable Delete,method=Main:1#dfs:5 <name=xxx,type=int (id=7),value=<?>,index=13>
Variable Delete,method=Main:1#dfs:5 <name=yyy,type=int (id=7),value=<?>,index=14>
Field Read,context=Main:1,dx
Variable Write,context=Main:1#dfs:5,xxx=1
Field Read,context=Main:1,dy
Variable Write,context=Main:1#dfs:5,yyy=1
Field Read,context=Main:1,data
Field Read,context=Main:1,dx
Variable Write,context=Main:1#dfs:5,k=3
Variable Delete,method=Main:1#dfs:5 <name=xxx,type=int (id=7),value=<?>,index=13>
Variable Delete,method=Main:1#dfs:5 <name=yyy,type=int (id=7),value=<?>,index=14>
Field Read,context=Main:1,dx
Variable Write,context=Main:1#dfs:5,xxx=1
Field Read,context=Main:1,dy
Variable Write,context=Main:1#dfs:5,yyy=2
Field Read,context=Main:1,data
Field Read,context=Main:1,dx
Variable Delete,method=Main:1#dfs:5 <name=xxx,type=int (id=7),value=<?>,index=13>
Variable Delete,method=Main:1#dfs:5 <name=yyy,type=int (id=7),value=<?>,index=14>
Variable Delete,method=Main:1#dfs:5 <name=k,type=int (id=7),value=<?>,index=12>
Variable Write,context=Main:1#dfs:5,nlt=1
Variable Write,context=Main:1#dfs:5,nlb=1
Variable Write,context=Main:1#dfs:5,nrt=1
Variable Write,context=Main:1#dfs:5,nrb=1
Variable Write,context=Main:1#dfs:5,next=6 011111
Field Read,context=Main:1,close
Field Read,context=Main:1,close
Method Call,caller=Main:1#dfs:5,target=Main:1#dfs:10
Variable Write,context=Main:1#dfs:10,lt=1
Variable Write,context=Main:1#dfs:10,lb=1
Variable Write,context=Main:1#dfs:10,rt=1
Variable Write,context=Main:1#dfs:10,rb=1
Variable Write,context=Main:1#dfs:10,deep=6
Variable Write,context=Main:1#dfs:10,x=0
Variable Write,context=Main:1#dfs:10,y=1
Field Read,context=Main:1,n
Field Read,context=Main:1,vx
Variable Write,context=Main:1#dfs:10,i=0
Variable Write,context=Main:1#dfs:10,j=1
Field Read,context=Main:1,vx
Variable Write,context=Main:1#dfs:10,xx=0
Field Read,context=Main:1,vy
Variable Write,context=Main:1#dfs:10,yy=1
Method Call,caller=Main:1#dfs:10,target=Main:1#isOK:70
Variable Write,context=Main:1#isOK:70,xx=0
Variable Write,context=Main:1#isOK:70,yy=1
Variable Write,context=Main:1#isOK:70,result=true
Method Exit,returner=Main:1#isOK:70,value=true
Variable Write,context=Main:1#dfs:10,flg=true
Field Read,context=Main:1,dx
Variable Write,context=Main:1#dfs:10,k=0
Field Read,context=Main:1,dx
Variable Write,context=Main:1#dfs:10,xxx=0
Field Read,context=Main:1,dy
Variable Write,context=Main:1#dfs:10,yyy=1
Field Read,context=Main:1,data
Field Read,context=Main:1,dx
Variable Write,context=Main:1#dfs:10,k=1
Variable Delete,method=Main:1#dfs:10 <name=xxx,type=int (id=7),value=<?>,index=13>
Variable Delete,method=Main:1#dfs:10 <name=yyy,type=int (id=7),value=<?>,index=14>
Field Read,context=Main:1,dx
Variable Write,context=Main:1#dfs:10,xxx=0
Field Read,context=Main:1,dy
Variable Write,context=Main:1#dfs:10,yyy=2
Field Read,context=Main:1,data
Variable Write,context=Main:1#dfs:10,flg=false
Variable Delete,method=Main:1#dfs:10 <name=k,type=int (id=7),value=<?>,index=12>
Variable Delete,method=Main:1#dfs:10 <name=xxx,type=int (id=7),value=<?>,index=13>
Variable Delete,method=Main:1#dfs:10 <name=yyy,type=int (id=7),value=<?>,index=14>
Variable Write,context=Main:1#dfs:10,j=2
Variable Delete,method=Main:1#dfs:10 <name=xx,type=int (id=7),value=<?>,index=9>
Variable Delete,method=Main:1#dfs:10 <name=yy,type=int (id=7),value=<?>,index=10>
Variable Delete,method=Main:1#dfs:10 <name=flg,type=boolean (id=2),value=<?>,index=11>
Field Read,context=Main:1,vx
Variable Write,context=Main:1#dfs:10,xx=0
Field Read,context=Main:1,vy
Variable Write,context=Main:1#dfs:10,yy=1
Method Call,caller=Main:1#dfs:10,target=Main:1#isOK:71
Variable Write,context=Main:1#isOK:71,xx=0
Variable Write,context=Main:1#isOK:71,yy=1
Variable Write,context=Main:1#isOK:71,result=true
Method Exit,returner=Main:1#isOK:71,value=true
Variable Write,context=Main:1#dfs:10,flg=true
Field Read,context=Main:1,dx
Variable Write,context=Main:1#dfs:10,k=0
Field Read,context=Main:1,dx
Variable Write,context=Main:1#dfs:10,xxx=0
Field Read,context=Main:1,dy
Variable Write,context=Main:1#dfs:10,yyy=1
Field Read,context=Main:1,data
Field Read,context=Main:1,dx
Variable Write,context=Main:1#dfs:10,k=1
Variable Delete,method=Main:1#dfs:10 <name=xxx,type=int (id=7),value=<?>,index=13>
Variable Delete,method=Main:1#dfs:10 <name=yyy,type=int (id=7),value=<?>,index=14>
Field Read,context=Main:1,dx
Variable Write,context=Main:1#dfs:10,xxx=0
Field Read,context=Main:1,dy
Variable Write,context=Main:1#dfs:10,yyy=2
Field Read,context=Main:1,data
Variable Write,context=Main:1#dfs:10,flg=false
Variable Delete,method=Main:1#dfs:10 <name=k,type=int (id=7),value=<?>,index=12>
Variable Delete,method=Main:1#dfs:10 <name=xxx,type=int (id=7),value=<?>,index=13>
Variable Delete,method=Main:1#dfs:10 <name=yyy,type=int (id=7),value=<?>,index=14>
Variable Delete,method=Main:1#dfs:10 <name=xx,type=int (id=7),value=<?>,index=9>
Variable Delete,method=Main:1#dfs:10 <name=yy,type=int (id=7),value=<?>,index=10>
Variable Delete,method=Main:1#dfs:10 <name=flg,type=boolean (id=2),value=<?>,index=11>
Field Read,context=Main:1,vx
Variable Write,context=Main:1#dfs:10,i=1
Variable Delete,method=Main:1#dfs:10 <name=j,type=int (id=7),value=<?>,index=8>
Variable Write,context=Main:1#dfs:10,j=1
Field Read,context=Main:1,vx
Variable Write,context=Main:1#dfs:10,xx=0
Field Read,context=Main:1,vy
Variable Write,context=Main:1#dfs:10,yy=2
Method Call,caller=Main:1#dfs:10,target=Main:1#isOK:72
Variable Write,context=Main:1#isOK:72,xx=0
Variable Write,context=Main:1#isOK:72,yy=2
Variable Write,context=Main:1#isOK:72,result=true
Method Exit,returner=Main:1#isOK:72,value=true
Variable Write,context=Main:1#dfs:10,flg=true
Field Read,context=Main:1,dx
Variable Write,context=Main:1#dfs:10,k=0
Field Read,context=Main:1,dx
Variable Write,context=Main:1#dfs:10,xxx=0
Field Read,context=Main:1,dy
Variable Write,context=Main:1#dfs:10,yyy=2
Field Read,context=Main:1,data
Variable Write,context=Main:1#dfs:10,flg=false
Variable Delete,method=Main:1#dfs:10 <name=k,type=int (id=7),value=<?>,index=12>
Variable Delete,method=Main:1#dfs:10 <name=xxx,type=int (id=7),value=<?>,index=13>
Variable Delete,method=Main:1#dfs:10 <name=yyy,type=int (id=7),value=<?>,index=14>
Variable Write,context=Main:1#dfs:10,j=2
Variable Delete,method=Main:1#dfs:10 <name=xx,type=int (id=7),value=<?>,index=9>
Variable Delete,method=Main:1#dfs:10 <name=yy,type=int (id=7),value=<?>,index=10>
Variable Delete,method=Main:1#dfs:10 <name=flg,type=boolean (id=2),value=<?>,index=11>
Field Read,context=Main:1,vx
Variable Write,context=Main:1#dfs:10,xx=0
Field Read,context=Main:1,vy
Variable Write,context=Main:1#dfs:10,yy=3
Method Call,caller=Main:1#dfs:10,target=Main:1#isOK:73
Variable Write,context=Main:1#isOK:73,xx=0
Variable Write,context=Main:1#isOK:73,yy=3
Variable Write,context=Main:1#isOK:73,result=false
Method Exit,returner=Main:1#isOK:73,value=false
Variable Delete,method=Main:1#dfs:10 <name=xx,type=int (id=7),value=<?>,index=9>
Variable Delete,method=Main:1#dfs:10 <name=yy,type=int (id=7),value=<?>,index=10>
Field Read,context=Main:1,vx
Variable Write,context=Main:1#dfs:10,i=2
Variable Delete,method=Main:1#dfs:10 <name=j,type=int (id=7),value=<?>,index=8>
Variable Write,context=Main:1#dfs:10,j=1
Field Read,context=Main:1,vx
Variable Write,context=Main:1#dfs:10,xx=1
Field Read,context=Main:1,vy
Variable Write,context=Main:1#dfs:10,yy=1
Method Call,caller=Main:1#dfs:10,target=Main:1#isOK:74
Variable Write,context=Main:1#isOK:74,xx=1
Variable Write,context=Main:1#isOK:74,yy=1
Variable Write,context=Main:1#isOK:74,result=true
Method Exit,returner=Main:1#isOK:74,value=true
Variable Write,context=Main:1#dfs:10,flg=true
Field Read,context=Main:1,dx
Variable Write,context=Main:1#dfs:10,k=0
Field Read,context=Main:1,dx
Variable Write,context=Main:1#dfs:10,xxx=1
Field Read,context=Main:1,dy
Variable Write,context=Main:1#dfs:10,yyy=1
Field Read,context=Main:1,data
Variable Write,context=Main:1#dfs:10,flg=false
Variable Delete,method=Main:1#dfs:10 <name=k,type=int (id=7),value=<?>,index=12>
Variable Delete,method=Main:1#dfs:10 <name=xxx,type=int (id=7),value=<?>,index=13>
Variable Delete,method=Main:1#dfs:10 <name=yyy,type=int (id=7),value=<?>,index=14>
Variable Write,context=Main:1#dfs:10,j=2
Variable Delete,method=Main:1#dfs:10 <name=xx,type=int (id=7),value=<?>,index=9>
Variable Delete,method=Main:1#dfs:10 <name=yy,type=int (id=7),value=<?>,index=10>
Variable Delete,method=Main:1#dfs:10 <name=flg,type=boolean (id=2),value=<?>,index=11>
Field Read,context=Main:1,vx
Variable Write,context=Main:1#dfs:10,xx=2
Field Read,context=Main:1,vy
Variable Write,context=Main:1#dfs:10,yy=1
Method Call,caller=Main:1#dfs:10,target=Main:1#isOK:75
Variable Write,context=Main:1#isOK:75,xx=2
Variable Write,context=Main:1#isOK:75,yy=1
Variable Write,context=Main:1#isOK:75,result=true
Method Exit,returner=Main:1#isOK:75,value=true
Variable Write,context=Main:1#dfs:10,flg=true
Field Read,context=Main:1,dx
Variable Write,context=Main:1#dfs:10,k=0
Field Read,context=Main:1,dx
Variable Write,context=Main:1#dfs:10,xxx=2
Field Read,context=Main:1,dy
Variable Write,context=Main:1#dfs:10,yyy=1
Field Read,context=Main:1,data
Field Read,context=Main:1,dx
Variable Write,context=Main:1#dfs:10,k=1
Variable Delete,method=Main:1#dfs:10 <name=xxx,type=int (id=7),value=<?>,index=13>
Variable Delete,method=Main:1#dfs:10 <name=yyy,type=int (id=7),value=<?>,index=14>
Field Read,context=Main:1,dx
Variable Write,context=Main:1#dfs:10,xxx=2
Field Read,context=Main:1,dy
Variable Write,context=Main:1#dfs:10,yyy=2
Field Read,context=Main:1,data
Field Read,context=Main:1,dx
Variable Write,context=Main:1#dfs:10,k=2
Variable Delete,method=Main:1#dfs:10 <name=xxx,type=int (id=7),value=<?>,index=13>
Variable Delete,method=Main:1#dfs:10 <name=yyy,type=int (id=7),value=<?>,index=14>
Field Read,context=Main:1,dx
Variable Write,context=Main:1#dfs:10,xxx=3
Field Read,context=Main:1,dy
Variable Write,context=Main:1#dfs:10,yyy=1
Field Read,context=Main:1,data
Field Read,context=Main:1,dx
Variable Write,context=Main:1#dfs:10,k=3
Variable Delete,method=Main:1#dfs:10 <name=xxx,type=int (id=7),value=<?>,index=13>
Variable Delete,method=Main:1#dfs:10 <name=yyy,type=int (id=7),value=<?>,index=14>
Field Read,context=Main:1,dx
Variable Write,context=Main:1#dfs:10,xxx=3
Field Read,context=Main:1,dy
Variable Write,context=Main:1#dfs:10,yyy=2
Field Read,context=Main:1,data
Field Read,context=Main:1,dx
Variable Delete,method=Main:1#dfs:10 <name=xxx,type=int (id=7),value=<?>,index=13>
Variable Delete,method=Main:1#dfs:10 <name=yyy,type=int (id=7),value=<?>,index=14>
Variable Delete,method=Main:1#dfs:10 <name=k,type=int (id=7),value=<?>,index=12>
Variable Write,context=Main:1#dfs:10,nlt=0
Variable Write,context=Main:1#dfs:10,nlb=0
Variable Write,context=Main:1#dfs:10,nrt=0
Variable Write,context=Main:1#dfs:10,nrb=0
Variable Delete,method=Main:1#dfs:10 <name=xx,type=int (id=7),value=<?>,index=9>
Variable Delete,method=Main:1#dfs:10 <name=yy,type=int (id=7),value=<?>,index=10>
Variable Delete,method=Main:1#dfs:10 <name=flg,type=boolean (id=2),value=<?>,index=11>
Variable Delete,method=Main:1#dfs:10 <name=nlt,type=int (id=7),value=<?>,index=15>
Variable Delete,method=Main:1#dfs:10 <name=nlb,type=int (id=7),value=<?>,index=16>
Variable Delete,method=Main:1#dfs:10 <name=nrt,type=int (id=7),value=<?>,index=17>
Variable Delete,method=Main:1#dfs:10 <name=nrb,type=int (id=7),value=<?>,index=18>
Field Read,context=Main:1,vx
Variable Write,context=Main:1#dfs:10,i=3
Variable Delete,method=Main:1#dfs:10 <name=j,type=int (id=7),value=<?>,index=8>
Variable Write,context=Main:1#dfs:10,j=1
Field Read,context=Main:1,vx
Variable Write,context=Main:1#dfs:10,xx=0
Field Read,context=Main:1,vy
Variable Write,context=Main:1#dfs:10,yy=0
Method Call,caller=Main:1#dfs:10,target=Main:1#isOK:76
Variable Write,context=Main:1#isOK:76,xx=0
Variable Write,context=Main:1#isOK:76,yy=0
Variable Write,context=Main:1#isOK:76,result=true
Method Exit,returner=Main:1#isOK:76,value=true
Variable Write,context=Main:1#dfs:10,flg=true
Field Read,context=Main:1,dx
Variable Write,context=Main:1#dfs:10,k=0
Field Read,context=Main:1,dx
Variable Write,context=Main:1#dfs:10,xxx=0
Field Read,context=Main:1,dy
Variable Write,context=Main:1#dfs:10,yyy=0
Field Read,context=Main:1,data
Field Read,context=Main:1,dx
Variable Write,context=Main:1#dfs:10,k=1
Variable Delete,method=Main:1#dfs:10 <name=xxx,type=int (id=7),value=<?>,index=13>
Variable Delete,method=Main:1#dfs:10 <name=yyy,type=int (id=7),value=<?>,index=14>
Field Read,context=Main:1,dx
Variable Write,context=Main:1#dfs:10,xxx=0
Field Read,context=Main:1,dy
Variable Write,context=Main:1#dfs:10,yyy=1
Field Read,context=Main:1,data
Field Read,context=Main:1,dx
Variable Write,context=Main:1#dfs:10,k=2
Variable Delete,method=Main:1#dfs:10 <name=xxx,type=int (id=7),value=<?>,index=13>
Variable Delete,method=Main:1#dfs:10 <name=yyy,type=int (id=7),value=<?>,index=14>
Field Read,context=Main:1,dx
Variable Write,context=Main:1#dfs:10,xxx=1
Field Read,context=Main:1,dy
Variable Write,context=Main:1#dfs:10,yyy=0
Field Read,context=Main:1,data
Field Read,context=Main:1,dx
Variable Write,context=Main:1#dfs:10,k=3
Variable Delete,method=Main:1#dfs:10 <name=xxx,type=int (id=7),value=<?>,index=13>
Variable Delete,method=Main:1#dfs:10 <name=yyy,type=int (id=7),value=<?>,index=14>
Field Read,context=Main:1,dx
Variable Write,context=Main:1#dfs:10,xxx=1
Field Read,context=Main:1,dy
Variable Write,context=Main:1#dfs:10,yyy=1
Field Read,context=Main:1,data
Variable Write,context=Main:1#dfs:10,flg=false
Variable Delete,method=Main:1#dfs:10 <name=k,type=int (id=7),value=<?>,index=12>
Variable Delete,method=Main:1#dfs:10 <name=xxx,type=int (id=7),value=<?>,index=13>
Variable Delete,method=Main:1#dfs:10 <name=yyy,type=int (id=7),value=<?>,index=14>
Variable Write,context=Main:1#dfs:10,j=2
Variable Delete,method=Main:1#dfs:10 <name=xx,type=int (id=7),value=<?>,index=9>
Variable Delete,method=Main:1#dfs:10 <name=yy,type=int (id=7),value=<?>,index=10>
Variable Delete,method=Main:1#dfs:10 <name=flg,type=boolean (id=2),value=<?>,index=11>
Field Read,context=Main:1,vx
Variable Write,context=Main:1#dfs:10,xx=0
Field Read,context=Main:1,vy
Variable Write,context=Main:1#dfs:10,yy=-1
Method Call,caller=Main:1#dfs:10,target=Main:1#isOK:77
Variable Write,context=Main:1#isOK:77,xx=0
Variable Write,context=Main:1#isOK:77,yy=-1
Variable Write,context=Main:1#isOK:77,result=false
Method Exit,returner=Main:1#isOK:77,value=false
Variable Delete,method=Main:1#dfs:10 <name=xx,type=int (id=7),value=<?>,index=9>
Variable Delete,method=Main:1#dfs:10 <name=yy,type=int (id=7),value=<?>,index=10>
Field Read,context=Main:1,vx
Variable Write,context=Main:1#dfs:10,i=4
Variable Delete,method=Main:1#dfs:10 <name=j,type=int (id=7),value=<?>,index=8>
Variable Write,context=Main:1#dfs:10,j=1
Field Read,context=Main:1,vx
Variable Write,context=Main:1#dfs:10,xx=-1
Field Read,context=Main:1,vy
Variable Write,context=Main:1#dfs:10,yy=1
Method Call,caller=Main:1#dfs:10,target=Main:1#isOK:78
Variable Write,context=Main:1#isOK:78,xx=-1
Variable Write,context=Main:1#isOK:78,yy=1
Variable Write,context=Main:1#isOK:78,result=false
Method Exit,returner=Main:1#isOK:78,value=false
Variable Write,context=Main:1#dfs:10,j=2
Variable Delete,method=Main:1#dfs:10 <name=xx,type=int (id=7),value=<?>,index=9>
Variable Delete,method=Main:1#dfs:10 <name=yy,type=int (id=7),value=<?>,index=10>
Field Read,context=Main:1,vx
Variable Write,context=Main:1#dfs:10,xx=-2
Field Read,context=Main:1,vy
Variable Write,context=Main:1#dfs:10,yy=1
Method Call,caller=Main:1#dfs:10,target=Main:1#isOK:79
Variable Write,context=Main:1#isOK:79,xx=-2
Variable Write,context=Main:1#isOK:79,yy=1
Variable Write,context=Main:1#isOK:79,result=false
Method Exit,returner=Main:1#isOK:79,value=false
Variable Delete,method=Main:1#dfs:10 <name=xx,type=int (id=7),value=<?>,index=9>
Variable Delete,method=Main:1#dfs:10 <name=yy,type=int (id=7),value=<?>,index=10>
Field Read,context=Main:1,vx
Variable Delete,method=Main:1#dfs:10 <name=j,type=int (id=7),value=<?>,index=8>
Method Exit,returner=Main:1#dfs:10,value=<void>
Variable Write,context=Main:1#dfs:5,j=2
Variable Delete,method=Main:1#dfs:5 <name=xx,type=int (id=7),value=<?>,index=9>
Variable Delete,method=Main:1#dfs:5 <name=yy,type=int (id=7),value=<?>,index=10>
Variable Delete,method=Main:1#dfs:5 <name=flg,type=boolean (id=2),value=<?>,index=11>
Variable Delete,method=Main:1#dfs:5 <name=nlt,type=int (id=7),value=<?>,index=15>
Variable Delete,method=Main:1#dfs:5 <name=nlb,type=int (id=7),value=<?>,index=16>
Variable Delete,method=Main:1#dfs:5 <name=nrt,type=int (id=7),value=<?>,index=17>
Variable Delete,method=Main:1#dfs:5 <name=nrb,type=int (id=7),value=<?>,index=18>
Variable Delete,method=Main:1#dfs:5 <name=next,type=java.lang.String (id=25),value=<?>,index=19>
Field Read,context=Main:1,vx
Variable Write,context=Main:1#dfs:5,xx=-1
Field Read,context=Main:1,vy
Variable Write,context=Main:1#dfs:5,yy=1
Method Call,caller=Main:1#dfs:5,target=Main:1#isOK:80
Variable Write,context=Main:1#isOK:80,xx=-1
Variable Write,context=Main:1#isOK:80,yy=1
Variable Write,context=Main:1#isOK:80,result=false
Method Exit,returner=Main:1#isOK:80,value=false
Variable Delete,method=Main:1#dfs:5 <name=xx,type=int (id=7),value=<?>,index=9>
Variable Delete,method=Main:1#dfs:5 <name=yy,type=int (id=7),value=<?>,index=10>
Field Read,context=Main:1,vx
Variable Delete,method=Main:1#dfs:5 <name=j,type=int (id=7),value=<?>,index=8>
Method Exit,returner=Main:1#dfs:5,value=<void>
Variable Write,context=Main:1#dfs:4,j=2
Variable Delete,method=Main:1#dfs:4 <name=xx,type=int (id=7),value=<?>,index=9>
Variable Delete,method=Main:1#dfs:4 <name=yy,type=int (id=7),value=<?>,index=10>
Variable Delete,method=Main:1#dfs:4 <name=flg,type=boolean (id=2),value=<?>,index=11>
Variable Delete,method=Main:1#dfs:4 <name=nlt,type=int (id=7),value=<?>,index=15>
Variable Delete,method=Main:1#dfs:4 <name=nlb,type=int (id=7),value=<?>,index=16>
Variable Delete,method=Main:1#dfs:4 <name=nrt,type=int (id=7),value=<?>,index=17>
Variable Delete,method=Main:1#dfs:4 <name=nrb,type=int (id=7),value=<?>,index=18>
Variable Delete,method=Main:1#dfs:4 <name=next,type=java.lang.String (id=25),value=<?>,index=19>
Field Read,context=Main:1,vx
Variable Write,context=Main:1#dfs:4,xx=1
Field Read,context=Main:1,vy
Variable Write,context=Main:1#dfs:4,yy=2
Method Call,caller=Main:1#dfs:4,target=Main:1#isOK:81
Variable Write,context=Main:1#isOK:81,xx=1
Variable Write,context=Main:1#isOK:81,yy=2
Variable Write,context=Main:1#isOK:81,result=true
Method Exit,returner=Main:1#isOK:81,value=true
Variable Write,context=Main:1#dfs:4,flg=true
Field Read,context=Main:1,dx
Variable Write,context=Main:1#dfs:4,k=0
Field Read,context=Main:1,dx
Variable Write,context=Main:1#dfs:4,xxx=1
Field Read,context=Main:1,dy
Variable Write,context=Main:1#dfs:4,yyy=2
Field Read,context=Main:1,data
Field Read,context=Main:1,dx
Variable Write,context=Main:1#dfs:4,k=1
Variable Delete,method=Main:1#dfs:4 <name=xxx,type=int (id=7),value=<?>,index=13>
Variable Delete,method=Main:1#dfs:4 <name=yyy,type=int (id=7),value=<?>,index=14>
Field Read,context=Main:1,dx
Variable Write,context=Main:1#dfs:4,xxx=1
Field Read,context=Main:1,dy
Variable Write,context=Main:1#dfs:4,yyy=3
Field Read,context=Main:1,data
Field Read,context=Main:1,dx
Variable Write,context=Main:1#dfs:4,k=2
Variable Delete,method=Main:1#dfs:4 <name=xxx,type=int (id=7),value=<?>,index=13>
Variable Delete,method=Main:1#dfs:4 <name=yyy,type=int (id=7),value=<?>,index=14>
Field Read,context=Main:1,dx
Variable Write,context=Main:1#dfs:4,xxx=2
Field Read,context=Main:1,dy
Variable Write,context=Main:1#dfs:4,yyy=2
Field Read,context=Main:1,data
Field Read,context=Main:1,dx
Variable Write,context=Main:1#dfs:4,k=3
Variable Delete,method=Main:1#dfs:4 <name=xxx,type=int (id=7),value=<?>,index=13>
Variable Delete,method=Main:1#dfs:4 <name=yyy,type=int (id=7),value=<?>,index=14>
Field Read,context=Main:1,dx
Variable Write,context=Main:1#dfs:4,xxx=2
Field Read,context=Main:1,dy
Variable Write,context=Main:1#dfs:4,yyy=3
Field Read,context=Main:1,data
Field Read,context=Main:1,dx
Variable Delete,method=Main:1#dfs:4 <name=xxx,type=int (id=7),value=<?>,index=13>
Variable Delete,method=Main:1#dfs:4 <name=yyy,type=int (id=7),value=<?>,index=14>
Variable Delete,method=Main:1#dfs:4 <name=k,type=int (id=7),value=<?>,index=12>
Variable Write,context=Main:1#dfs:4,nlt=2
Variable Write,context=Main:1#dfs:4,nlb=2
Variable Write,context=Main:1#dfs:4,nrt=2
Variable Write,context=Main:1#dfs:4,nrb=2
Variable Write,context=Main:1#dfs:4,next=5 122222
Field Read,context=Main:1,close
Field Read,context=Main:1,close
Method Call,caller=Main:1#dfs:4,target=Main:1#dfs:11
Variable Write,context=Main:1#dfs:11,lt=2
Variable Write,context=Main:1#dfs:11,lb=2
Variable Write,context=Main:1#dfs:11,rt=2
Variable Write,context=Main:1#dfs:11,rb=2
Variable Write,context=Main:1#dfs:11,deep=5
Variable Write,context=Main:1#dfs:11,x=1
Variable Write,context=Main:1#dfs:11,y=2
Field Read,context=Main:1,n
Field Read,context=Main:1,vx
Variable Write,context=Main:1#dfs:11,i=0
Variable Write,context=Main:1#dfs:11,j=1
Field Read,context=Main:1,vx
Variable Write,context=Main:1#dfs:11,xx=1
Field Read,context=Main:1,vy
Variable Write,context=Main:1#dfs:11,yy=2
Method Call,caller=Main:1#dfs:11,target=Main:1#isOK:82
Variable Write,context=Main:1#isOK:82,xx=1
Variable Write,context=Main:1#isOK:82,yy=2
Variable Write,context=Main:1#isOK:82,result=true
Method Exit,returner=Main:1#isOK:82,value=true
Variable Write,context=Main:1#dfs:11,flg=true
Field Read,context=Main:1,dx
Variable Write,context=Main:1#dfs:11,k=0
Field Read,context=Main:1,dx
Variable Write,context=Main:1#dfs:11,xxx=1
Field Read,context=Main:1,dy
Variable Write,context=Main:1#dfs:11,yyy=2
Field Read,context=Main:1,data
Field Read,context=Main:1,dx
Variable Write,context=Main:1#dfs:11,k=1
Variable Delete,method=Main:1#dfs:11 <name=xxx,type=int (id=7),value=<?>,index=13>
Variable Delete,method=Main:1#dfs:11 <name=yyy,type=int (id=7),value=<?>,index=14>
Field Read,context=Main:1,dx
Variable Write,context=Main:1#dfs:11,xxx=1
Field Read,context=Main:1,dy
Variable Write,context=Main:1#dfs:11,yyy=3
Field Read,context=Main:1,data
Field Read,context=Main:1,dx
Variable Write,context=Main:1#dfs:11,k=2
Variable Delete,method=Main:1#dfs:11 <name=xxx,type=int (id=7),value=<?>,index=13>
Variable Delete,method=Main:1#dfs:11 <name=yyy,type=int (id=7),value=<?>,index=14>
Field Read,context=Main:1,dx
Variable Write,context=Main:1#dfs:11,xxx=2
Field Read,context=Main:1,dy
Variable Write,context=Main:1#dfs:11,yyy=2
Field Read,context=Main:1,data
Field Read,context=Main:1,dx
Variable Write,context=Main:1#dfs:11,k=3
Variable Delete,method=Main:1#dfs:11 <name=xxx,type=int (id=7),value=<?>,index=13>
Variable Delete,method=Main:1#dfs:11 <name=yyy,type=int (id=7),value=<?>,index=14>
Field Read,context=Main:1,dx
Variable Write,context=Main:1#dfs:11,xxx=2
Field Read,context=Main:1,dy
Variable Write,context=Main:1#dfs:11,yyy=3
Field Read,context=Main:1,data
Field Read,context=Main:1,dx
Variable Delete,method=Main:1#dfs:11 <name=xxx,type=int (id=7),value=<?>,index=13>
Variable Delete,method=Main:1#dfs:11 <name=yyy,type=int (id=7),value=<?>,index=14>
Variable Delete,method=Main:1#dfs:11 <name=k,type=int (id=7),value=<?>,index=12>
Variable Write,context=Main:1#dfs:11,nlt=1
Variable Write,context=Main:1#dfs:11,nlb=1
Variable Write,context=Main:1#dfs:11,nrt=1
Variable Write,context=Main:1#dfs:11,nrb=1
Variable Write,context=Main:1#dfs:11,next=6 121111
Field Read,context=Main:1,close
Variable Write,context=Main:1#dfs:11,j=2
Variable Delete,method=Main:1#dfs:11 <name=xx,type=int (id=7),value=<?>,index=9>
Variable Delete,method=Main:1#dfs:11 <name=yy,type=int (id=7),value=<?>,index=10>
Variable Delete,method=Main:1#dfs:11 <name=flg,type=boolean (id=2),value=<?>,index=11>
Variable Delete,method=Main:1#dfs:11 <name=nlt,type=int (id=7),value=<?>,index=15>
Variable Delete,method=Main:1#dfs:11 <name=nlb,type=int (id=7),value=<?>,index=16>
Variable Delete,method=Main:1#dfs:11 <name=nrt,type=int (id=7),value=<?>,index=17>
Variable Delete,method=Main:1#dfs:11 <name=nrb,type=int (id=7),value=<?>,index=18>
Variable Delete,method=Main:1#dfs:11 <name=next,type=java.lang.String (id=25),value=<?>,index=19>
Field Read,context=Main:1,vx
Variable Write,context=Main:1#dfs:11,xx=1
Field Read,context=Main:1,vy
Variable Write,context=Main:1#dfs:11,yy=2
Method Call,caller=Main:1#dfs:11,target=Main:1#isOK:83
Variable Write,context=Main:1#isOK:83,xx=1
Variable Write,context=Main:1#isOK:83,yy=2
Variable Write,context=Main:1#isOK:83,result=true
Method Exit,returner=Main:1#isOK:83,value=true
Variable Write,context=Main:1#dfs:11,flg=true
Field Read,context=Main:1,dx
Variable Write,context=Main:1#dfs:11,k=0
Field Read,context=Main:1,dx
Variable Write,context=Main:1#dfs:11,xxx=1
Field Read,context=Main:1,dy
Variable Write,context=Main:1#dfs:11,yyy=2
Field Read,context=Main:1,data
Field Read,context=Main:1,dx
Variable Write,context=Main:1#dfs:11,k=1
Variable Delete,method=Main:1#dfs:11 <name=xxx,type=int (id=7),value=<?>,index=13>
Variable Delete,method=Main:1#dfs:11 <name=yyy,type=int (id=7),value=<?>,index=14>
Field Read,context=Main:1,dx
Variable Write,context=Main:1#dfs:11,xxx=1
Field Read,context=Main:1,dy
Variable Write,context=Main:1#dfs:11,yyy=3
Field Read,context=Main:1,data
Field Read,context=Main:1,dx
Variable Write,context=Main:1#dfs:11,k=2
Variable Delete,method=Main:1#dfs:11 <name=xxx,type=int (id=7),value=<?>,index=13>
Variable Delete,method=Main:1#dfs:11 <name=yyy,type=int (id=7),value=<?>,index=14>
Field Read,context=Main:1,dx
Variable Write,context=Main:1#dfs:11,xxx=2
Field Read,context=Main:1,dy
Variable Write,context=Main:1#dfs:11,yyy=2
Field Read,context=Main:1,data
Field Read,context=Main:1,dx
Variable Write,context=Main:1#dfs:11,k=3
Variable Delete,method=Main:1#dfs:11 <name=xxx,type=int (id=7),value=<?>,index=13>
Variable Delete,method=Main:1#dfs:11 <name=yyy,type=int (id=7),value=<?>,index=14>
Field Read,context=Main:1,dx
Variable Write,context=Main:1#dfs:11,xxx=2
Field Read,context=Main:1,dy
Variable Write,context=Main:1#dfs:11,yyy=3
Field Read,context=Main:1,data
Field Read,context=Main:1,dx
Variable Delete,method=Main:1#dfs:11 <name=xxx,type=int (id=7),value=<?>,index=13>
Variable Delete,method=Main:1#dfs:11 <name=yyy,type=int (id=7),value=<?>,index=14>
Variable Delete,method=Main:1#dfs:11 <name=k,type=int (id=7),value=<?>,index=12>
Variable Write,context=Main:1#dfs:11,nlt=1
Variable Write,context=Main:1#dfs:11,nlb=1
Variable Write,context=Main:1#dfs:11,nrt=1
Variable Write,context=Main:1#dfs:11,nrb=1
Variable Write,context=Main:1#dfs:11,next=6 121111
Field Read,context=Main:1,close
Variable Delete,method=Main:1#dfs:11 <name=xx,type=int (id=7),value=<?>,index=9>
Variable Delete,method=Main:1#dfs:11 <name=yy,type=int (id=7),value=<?>,index=10>
Variable Delete,method=Main:1#dfs:11 <name=flg,type=boolean (id=2),value=<?>,index=11>
Variable Delete,method=Main:1#dfs:11 <name=nlt,type=int (id=7),value=<?>,index=15>
Variable Delete,method=Main:1#dfs:11 <name=nlb,type=int (id=7),value=<?>,index=16>
Variable Delete,method=Main:1#dfs:11 <name=nrt,type=int (id=7),value=<?>,index=17>
Variable Delete,method=Main:1#dfs:11 <name=nrb,type=int (id=7),value=<?>,index=18>
Variable Delete,method=Main:1#dfs:11 <name=next,type=java.lang.String (id=25),value=<?>,index=19>
Field Read,context=Main:1,vx
Variable Write,context=Main:1#dfs:11,i=1
Variable Delete,method=Main:1#dfs:11 <name=j,type=int (id=7),value=<?>,index=8>
Variable Write,context=Main:1#dfs:11,j=1
Field Read,context=Main:1,vx
Variable Write,context=Main:1#dfs:11,xx=1
Field Read,context=Main:1,vy
Variable Write,context=Main:1#dfs:11,yy=3
Method Call,caller=Main:1#dfs:11,target=Main:1#isOK:84
Variable Write,context=Main:1#isOK:84,xx=1
Variable Write,context=Main:1#isOK:84,yy=3
Variable Write,context=Main:1#isOK:84,result=false
Method Exit,returner=Main:1#isOK:84,value=false
Variable Write,context=Main:1#dfs:11,j=2
Variable Delete,method=Main:1#dfs:11 <name=xx,type=int (id=7),value=<?>,index=9>
Variable Delete,method=Main:1#dfs:11 <name=yy,type=int (id=7),value=<?>,index=10>
Field Read,context=Main:1,vx
Variable Write,context=Main:1#dfs:11,xx=1
Field Read,context=Main:1,vy
Variable Write,context=Main:1#dfs:11,yy=4
Method Call,caller=Main:1#dfs:11,target=Main:1#isOK:85
Variable Write,context=Main:1#isOK:85,xx=1
Variable Write,context=Main:1#isOK:85,yy=4
Variable Write,context=Main:1#isOK:85,result=false
Method Exit,returner=Main:1#isOK:85,value=false
Variable Delete,method=Main:1#dfs:11 <name=xx,type=int (id=7),value=<?>,index=9>
Variable Delete,method=Main:1#dfs:11 <name=yy,type=int (id=7),value=<?>,index=10>
Field Read,context=Main:1,vx
Variable Write,context=Main:1#dfs:11,i=2
Variable Delete,method=Main:1#dfs:11 <name=j,type=int (id=7),value=<?>,index=8>
Variable Write,context=Main:1#dfs:11,j=1
Field Read,context=Main:1,vx
Variable Write,context=Main:1#dfs:11,xx=2
Field Read,context=Main:1,vy
Variable Write,context=Main:1#dfs:11,yy=2
Method Call,caller=Main:1#dfs:11,target=Main:1#isOK:86
Variable Write,context=Main:1#isOK:86,xx=2
Variable Write,context=Main:1#isOK:86,yy=2
Variable Write,context=Main:1#isOK:86,result=true
Method Exit,returner=Main:1#isOK:86,value=true
Variable Write,context=Main:1#dfs:11,flg=true
Field Read,context=Main:1,dx
Variable Write,context=Main:1#dfs:11,k=0
Field Read,context=Main:1,dx
Variable Write,context=Main:1#dfs:11,xxx=2
Field Read,context=Main:1,dy
Variable Write,context=Main:1#dfs:11,yyy=2
Field Read,context=Main:1,data
Field Read,context=Main:1,dx
Variable Write,context=Main:1#dfs:11,k=1
Variable Delete,method=Main:1#dfs:11 <name=xxx,type=int (id=7),value=<?>,index=13>
Variable Delete,method=Main:1#dfs:11 <name=yyy,type=int (id=7),value=<?>,index=14>
Field Read,context=Main:1,dx
Variable Write,context=Main:1#dfs:11,xxx=2
Field Read,context=Main:1,dy
Variable Write,context=Main:1#dfs:11,yyy=3
Field Read,context=Main:1,data
Field Read,context=Main:1,dx
Variable Write,context=Main:1#dfs:11,k=2
Variable Delete,method=Main:1#dfs:11 <name=xxx,type=int (id=7),value=<?>,index=13>
Variable Delete,method=Main:1#dfs:11 <name=yyy,type=int (id=7),value=<?>,index=14>
Field Read,context=Main:1,dx
Variable Write,context=Main:1#dfs:11,xxx=3
Field Read,context=Main:1,dy
Variable Write,context=Main:1#dfs:11,yyy=2
Field Read,context=Main:1,data
Field Read,context=Main:1,dx
Variable Write,context=Main:1#dfs:11,k=3
Variable Delete,method=Main:1#dfs:11 <name=xxx,type=int (id=7),value=<?>,index=13>
Variable Delete,method=Main:1#dfs:11 <name=yyy,type=int (id=7),value=<?>,index=14>
Field Read,context=Main:1,dx
Variable Write,context=Main:1#dfs:11,xxx=3
Field Read,context=Main:1,dy
Variable Write,context=Main:1#dfs:11,yyy=3
Field Read,context=Main:1,data
Variable Write,context=Main:1#dfs:11,flg=false
Variable Delete,method=Main:1#dfs:11 <name=k,type=int (id=7),value=<?>,index=12>
Variable Delete,method=Main:1#dfs:11 <name=xxx,type=int (id=7),value=<?>,index=13>
Variable Delete,method=Main:1#dfs:11 <name=yyy,type=int (id=7),value=<?>,index=14>
Variable Write,context=Main:1#dfs:11,j=2
Variable Delete,method=Main:1#dfs:11 <name=xx,type=int (id=7),value=<?>,index=9>
Variable Delete,method=Main:1#dfs:11 <name=yy,type=int (id=7),value=<?>,index=10>
Variable Delete,method=Main:1#dfs:11 <name=flg,type=boolean (id=2),value=<?>,index=11>
Field Read,context=Main:1,vx
Variable Write,context=Main:1#dfs:11,xx=3
Field Read,context=Main:1,vy
Variable Write,context=Main:1#dfs:11,yy=2
Method Call,caller=Main:1#dfs:11,target=Main:1#isOK:87
Variable Write,context=Main:1#isOK:87,xx=3
Variable Write,context=Main:1#isOK:87,yy=2
Variable Write,context=Main:1#isOK:87,result=false
Method Exit,returner=Main:1#isOK:87,value=false
Variable Delete,method=Main:1#dfs:11 <name=xx,type=int (id=7),value=<?>,index=9>
Variable Delete,method=Main:1#dfs:11 <name=yy,type=int (id=7),value=<?>,index=10>
Field Read,context=Main:1,vx
Variable Write,context=Main:1#dfs:11,i=3
Variable Delete,method=Main:1#dfs:11 <name=j,type=int (id=7),value=<?>,index=8>
Variable Write,context=Main:1#dfs:11,j=1
Field Read,context=Main:1,vx
Variable Write,context=Main:1#dfs:11,xx=1
Field Read,context=Main:1,vy
Variable Write,context=Main:1#dfs:11,yy=1
Method Call,caller=Main:1#dfs:11,target=Main:1#isOK:88
Variable Write,context=Main:1#isOK:88,xx=1
Variable Write,context=Main:1#isOK:88,yy=1
Variable Write,context=Main:1#isOK:88,result=true
Method Exit,returner=Main:1#isOK:88,value=true
Variable Write,context=Main:1#dfs:11,flg=true
Field Read,context=Main:1,dx
Variable Write,context=Main:1#dfs:11,k=0
Field Read,context=Main:1,dx
Variable Write,context=Main:1#dfs:11,xxx=1
Field Read,context=Main:1,dy
Variable Write,context=Main:1#dfs:11,yyy=1
Field Read,context=Main:1,data
Field Read,context=Main:1,dx
Variable Write,context=Main:1#dfs:11,k=1
Variable Delete,method=Main:1#dfs:11 <name=xxx,type=int (id=7),value=<?>,index=13>
Variable Delete,method=Main:1#dfs:11 <name=yyy,type=int (id=7),value=<?>,index=14>
Field Read,context=Main:1,dx
Variable Write,context=Main:1#dfs:11,xxx=1
Field Read,context=Main:1,dy
Variable Write,context=Main:1#dfs:11,yyy=2
Field Read,context=Main:1,data
Field Read,context=Main:1,dx
Variable Write,context=Main:1#dfs:11,k=2
Variable Delete,method=Main:1#dfs:11 <name=xxx,type=int (id=7),value=<?>,index=13>
Variable Delete,method=Main:1#dfs:11 <name=yyy,type=int (id=7),value=<?>,index=14>
Field Read,context=Main:1,dx
Variable Write,context=Main:1#dfs:11,xxx=2
Field Read,context=Main:1,dy
Variable Write,context=Main:1#dfs:11,yyy=1
Field Read,context=Main:1,data
Field Read,context=Main:1,dx
Variable Write,context=Main:1#dfs:11,k=3
Variable Delete,method=Main:1#dfs:11 <name=xxx,type=int (id=7),value=<?>,index=13>
Variable Delete,method=Main:1#dfs:11 <name=yyy,type=int (id=7),value=<?>,index=14>
Field Read,context=Main:1,dx
Variable Write,context=Main:1#dfs:11,xxx=2
Field Read,context=Main:1,dy
Variable Write,context=Main:1#dfs:11,yyy=2
Field Read,context=Main:1,data
Field Read,context=Main:1,dx
Variable Delete,method=Main:1#dfs:11 <name=xxx,type=int (id=7),value=<?>,index=13>
Variable Delete,method=Main:1#dfs:11 <name=yyy,type=int (id=7),value=<?>,index=14>
Variable Delete,method=Main:1#dfs:11 <name=k,type=int (id=7),value=<?>,index=12>
Variable Write,context=Main:1#dfs:11,nlt=1
Variable Write,context=Main:1#dfs:11,nlb=1
Variable Write,context=Main:1#dfs:11,nrt=1
Variable Write,context=Main:1#dfs:11,nrb=1
Variable Write,context=Main:1#dfs:11,next=6 111111
Field Read,context=Main:1,close
Variable Write,context=Main:1#dfs:11,j=2
Variable Delete,method=Main:1#dfs:11 <name=xx,type=int (id=7),value=<?>,index=9>
Variable Delete,method=Main:1#dfs:11 <name=yy,type=int (id=7),value=<?>,index=10>
Variable Delete,method=Main:1#dfs:11 <name=flg,type=boolean (id=2),value=<?>,index=11>
Variable Delete,method=Main:1#dfs:11 <name=nlt,type=int (id=7),value=<?>,index=15>
Variable Delete,method=Main:1#dfs:11 <name=nlb,type=int (id=7),value=<?>,index=16>
Variable Delete,method=Main:1#dfs:11 <name=nrt,type=int (id=7),value=<?>,index=17>
Variable Delete,method=Main:1#dfs:11 <name=nrb,type=int (id=7),value=<?>,index=18>
Variable Delete,method=Main:1#dfs:11 <name=next,type=java.lang.String (id=25),value=<?>,index=19>
Field Read,context=Main:1,vx
Variable Write,context=Main:1#dfs:11,xx=1
Field Read,context=Main:1,vy
Variable Write,context=Main:1#dfs:11,yy=0
Method Call,caller=Main:1#dfs:11,target=Main:1#isOK:89
Variable Write,context=Main:1#isOK:89,xx=1
Variable Write,context=Main:1#isOK:89,yy=0
Variable Write,context=Main:1#isOK:89,result=true
Method Exit,returner=Main:1#isOK:89,value=true
Variable Write,context=Main:1#dfs:11,flg=true
Field Read,context=Main:1,dx
Variable Write,context=Main:1#dfs:11,k=0
Field Read,context=Main:1,dx
Variable Write,context=Main:1#dfs:11,xxx=1
Field Read,context=Main:1,dy
Variable Write,context=Main:1#dfs:11,yyy=0
Field Read,context=Main:1,data
Field Read,context=Main:1,dx
Variable Write,context=Main:1#dfs:11,k=1
Variable Delete,method=Main:1#dfs:11 <name=xxx,type=int (id=7),value=<?>,index=13>
Variable Delete,method=Main:1#dfs:11 <name=yyy,type=int (id=7),value=<?>,index=14>
Field Read,context=Main:1,dx
Variable Write,context=Main:1#dfs:11,xxx=1
Field Read,context=Main:1,dy
Variable Write,context=Main:1#dfs:11,yyy=1
Field Read,context=Main:1,data
Field Read,context=Main:1,dx
Variable Write,context=Main:1#dfs:11,k=2
Variable Delete,method=Main:1#dfs:11 <name=xxx,type=int (id=7),value=<?>,index=13>
Variable Delete,method=Main:1#dfs:11 <name=yyy,type=int (id=7),value=<?>,index=14>
Field Read,context=Main:1,dx
Variable Write,context=Main:1#dfs:11,xxx=2
Field Read,context=Main:1,dy
Variable Write,context=Main:1#dfs:11,yyy=0
Field Read,context=Main:1,data
Field Read,context=Main:1,dx
Variable Write,context=Main:1#dfs:11,k=3
Variable Delete,method=Main:1#dfs:11 <name=xxx,type=int (id=7),value=<?>,index=13>
Variable Delete,method=Main:1#dfs:11 <name=yyy,type=int (id=7),value=<?>,index=14>
Field Read,context=Main:1,dx
Variable Write,context=Main:1#dfs:11,xxx=2
Field Read,context=Main:1,dy
Variable Write,context=Main:1#dfs:11,yyy=1
Field Read,context=Main:1,data
Field Read,context=Main:1,dx
Variable Delete,method=Main:1#dfs:11 <name=xxx,type=int (id=7),value=<?>,index=13>
Variable Delete,method=Main:1#dfs:11 <name=yyy,type=int (id=7),value=<?>,index=14>
Variable Delete,method=Main:1#dfs:11 <name=k,type=int (id=7),value=<?>,index=12>
Variable Write,context=Main:1#dfs:11,nlt=1
Variable Write,context=Main:1#dfs:11,nlb=1
Variable Write,context=Main:1#dfs:11,nrt=1
Variable Write,context=Main:1#dfs:11,nrb=1
Variable Write,context=Main:1#dfs:11,next=6 101111
Field Read,context=Main:1,close
Variable Delete,method=Main:1#dfs:11 <name=xx,type=int (id=7),value=<?>,index=9>
Variable Delete,method=Main:1#dfs:11 <name=yy,type=int (id=7),value=<?>,index=10>
Variable Delete,method=Main:1#dfs:11 <name=flg,type=boolean (id=2),value=<?>,index=11>
Variable Delete,method=Main:1#dfs:11 <name=nlt,type=int (id=7),value=<?>,index=15>
Variable Delete,method=Main:1#dfs:11 <name=nlb,type=int (id=7),value=<?>,index=16>
Variable Delete,method=Main:1#dfs:11 <name=nrt,type=int (id=7),value=<?>,index=17>
Variable Delete,method=Main:1#dfs:11 <name=nrb,type=int (id=7),value=<?>,index=18>
Variable Delete,method=Main:1#dfs:11 <name=next,type=java.lang.String (id=25),value=<?>,index=19>
Field Read,context=Main:1,vx
Variable Write,context=Main:1#dfs:11,i=4
Variable Delete,method=Main:1#dfs:11 <name=j,type=int (id=7),value=<?>,index=8>
Variable Write,context=Main:1#dfs:11,j=1
Field Read,context=Main:1,vx
Variable Write,context=Main:1#dfs:11,xx=0
Field Read,context=Main:1,vy
Variable Write,context=Main:1#dfs:11,yy=2
Method Call,caller=Main:1#dfs:11,target=Main:1#isOK:90
Variable Write,context=Main:1#isOK:90,xx=0
Variable Write,context=Main:1#isOK:90,yy=2
Variable Write,context=Main:1#isOK:90,result=true
Method Exit,returner=Main:1#isOK:90,value=true
Variable Write,context=Main:1#dfs:11,flg=true
Field Read,context=Main:1,dx
Variable Write,context=Main:1#dfs:11,k=0
Field Read,context=Main:1,dx
Variable Write,context=Main:1#dfs:11,xxx=0
Field Read,context=Main:1,dy
Variable Write,context=Main:1#dfs:11,yyy=2
Field Read,context=Main:1,data
Field Read,context=Main:1,dx
Variable Write,context=Main:1#dfs:11,k=1
Variable Delete,method=Main:1#dfs:11 <name=xxx,type=int (id=7),value=<?>,index=13>
Variable Delete,method=Main:1#dfs:11 <name=yyy,type=int (id=7),value=<?>,index=14>
Field Read,context=Main:1,dx
Variable Write,context=Main:1#dfs:11,xxx=0
Field Read,context=Main:1,dy
Variable Write,context=Main:1#dfs:11,yyy=3
Field Read,context=Main:1,data
Field Read,context=Main:1,dx
Variable Write,context=Main:1#dfs:11,k=2
Variable Delete,method=Main:1#dfs:11 <name=xxx,type=int (id=7),value=<?>,index=13>
Variable Delete,method=Main:1#dfs:11 <name=yyy,type=int (id=7),value=<?>,index=14>
Field Read,context=Main:1,dx
Variable Write,context=Main:1#dfs:11,xxx=1
Field Read,context=Main:1,dy
Variable Write,context=Main:1#dfs:11,yyy=2
Field Read,context=Main:1,data
Field Read,context=Main:1,dx
Variable Write,context=Main:1#dfs:11,k=3
Variable Delete,method=Main:1#dfs:11 <name=xxx,type=int (id=7),value=<?>,index=13>
Variable Delete,method=Main:1#dfs:11 <name=yyy,type=int (id=7),value=<?>,index=14>
Field Read,context=Main:1,dx
Variable Write,context=Main:1#dfs:11,xxx=1
Field Read,context=Main:1,dy
Variable Write,context=Main:1#dfs:11,yyy=3
Field Read,context=Main:1,data
Field Read,context=Main:1,dx
Variable Delete,method=Main:1#dfs:11 <name=xxx,type=int (id=7),value=<?>,index=13>
Variable Delete,method=Main:1#dfs:11 <name=yyy,type=int (id=7),value=<?>,index=14>
Variable Delete,method=Main:1#dfs:11 <name=k,type=int (id=7),value=<?>,index=12>
Variable Write,context=Main:1#dfs:11,nlt=1
Variable Write,context=Main:1#dfs:11,nlb=1
Variable Write,context=Main:1#dfs:11,nrt=1
Variable Write,context=Main:1#dfs:11,nrb=1
Variable Write,context=Main:1#dfs:11,nlb=7
Variable Write,context=Main:1#dfs:11,next=6 021711
Field Read,context=Main:1,close
Field Read,context=Main:1,close
Method Call,caller=Main:1#dfs:11,target=Main:1#dfs:12
Variable Write,context=Main:1#dfs:12,lt=1
Variable Write,context=Main:1#dfs:12,lb=7
Variable Write,context=Main:1#dfs:12,rt=1
Variable Write,context=Main:1#dfs:12,rb=1
Variable Write,context=Main:1#dfs:12,deep=6
Variable Write,context=Main:1#dfs:12,x=0
Variable Write,context=Main:1#dfs:12,y=2
Field Read,context=Main:1,n
Field Read,context=Main:1,vx
Variable Write,context=Main:1#dfs:12,i=0
Variable Write,context=Main:1#dfs:12,j=1
Field Read,context=Main:1,vx
Variable Write,context=Main:1#dfs:12,xx=0
Field Read,context=Main:1,vy
Variable Write,context=Main:1#dfs:12,yy=2
Method Call,caller=Main:1#dfs:12,target=Main:1#isOK:91
Variable Write,context=Main:1#isOK:91,xx=0
Variable Write,context=Main:1#isOK:91,yy=2
Variable Write,context=Main:1#isOK:91,result=true
Method Exit,returner=Main:1#isOK:91,value=true
Variable Write,context=Main:1#dfs:12,flg=true
Field Read,context=Main:1,dx
Variable Write,context=Main:1#dfs:12,k=0
Field Read,context=Main:1,dx
Variable Write,context=Main:1#dfs:12,xxx=0
Field Read,context=Main:1,dy
Variable Write,context=Main:1#dfs:12,yyy=2
Field Read,context=Main:1,data
Variable Write,context=Main:1#dfs:12,flg=false
Variable Delete,method=Main:1#dfs:12 <name=k,type=int (id=7),value=<?>,index=12>
Variable Delete,method=Main:1#dfs:12 <name=xxx,type=int (id=7),value=<?>,index=13>
Variable Delete,method=Main:1#dfs:12 <name=yyy,type=int (id=7),value=<?>,index=14>
Variable Write,context=Main:1#dfs:12,j=2
Variable Delete,method=Main:1#dfs:12 <name=xx,type=int (id=7),value=<?>,index=9>
Variable Delete,method=Main:1#dfs:12 <name=yy,type=int (id=7),value=<?>,index=10>
Variable Delete,method=Main:1#dfs:12 <name=flg,type=boolean (id=2),value=<?>,index=11>
Field Read,context=Main:1,vx
Variable Write,context=Main:1#dfs:12,xx=0
Field Read,context=Main:1,vy
Variable Write,context=Main:1#dfs:12,yy=2
Method Call,caller=Main:1#dfs:12,target=Main:1#isOK:92
Variable Write,context=Main:1#isOK:92,xx=0
Variable Write,context=Main:1#isOK:92,yy=2
Variable Write,context=Main:1#isOK:92,result=true
Method Exit,returner=Main:1#isOK:92,value=true
Variable Write,context=Main:1#dfs:12,flg=true
Field Read,context=Main:1,dx
Variable Write,context=Main:1#dfs:12,k=0
Field Read,context=Main:1,dx
Variable Write,context=Main:1#dfs:12,xxx=0
Field Read,context=Main:1,dy
Variable Write,context=Main:1#dfs:12,yyy=2
Field Read,context=Main:1,data
Variable Write,context=Main:1#dfs:12,flg=false
Variable Delete,method=Main:1#dfs:12 <name=k,type=int (id=7),value=<?>,index=12>
Variable Delete,method=Main:1#dfs:12 <name=xxx,type=int (id=7),value=<?>,index=13>
Variable Delete,method=Main:1#dfs:12 <name=yyy,type=int (id=7),value=<?>,index=14>
Variable Delete,method=Main:1#dfs:12 <name=xx,type=int (id=7),value=<?>,index=9>
Variable Delete,method=Main:1#dfs:12 <name=yy,type=int (id=7),value=<?>,index=10>
Variable Delete,method=Main:1#dfs:12 <name=flg,type=boolean (id=2),value=<?>,index=11>
Field Read,context=Main:1,vx
Variable Write,context=Main:1#dfs:12,i=1
Variable Delete,method=Main:1#dfs:12 <name=j,type=int (id=7),value=<?>,index=8>
Variable Write,context=Main:1#dfs:12,j=1
Field Read,context=Main:1,vx
Variable Write,context=Main:1#dfs:12,xx=0
Field Read,context=Main:1,vy
Variable Write,context=Main:1#dfs:12,yy=3
Method Call,caller=Main:1#dfs:12,target=Main:1#isOK:93
Variable Write,context=Main:1#isOK:93,xx=0
Variable Write,context=Main:1#isOK:93,yy=3
Variable Write,context=Main:1#isOK:93,result=false
Method Exit,returner=Main:1#isOK:93,value=false
Variable Write,context=Main:1#dfs:12,j=2
Variable Delete,method=Main:1#dfs:12 <name=xx,type=int (id=7),value=<?>,index=9>
Variable Delete,method=Main:1#dfs:12 <name=yy,type=int (id=7),value=<?>,index=10>
Field Read,context=Main:1,vx
Variable Write,context=Main:1#dfs:12,xx=0
Field Read,context=Main:1,vy
Variable Write,context=Main:1#dfs:12,yy=4
Method Call,caller=Main:1#dfs:12,target=Main:1#isOK:94
Variable Write,context=Main:1#isOK:94,xx=0
Variable Write,context=Main:1#isOK:94,yy=4
Variable Write,context=Main:1#isOK:94,result=false
Method Exit,returner=Main:1#isOK:94,value=false
Variable Delete,method=Main:1#dfs:12 <name=xx,type=int (id=7),value=<?>,index=9>
Variable Delete,method=Main:1#dfs:12 <name=yy,type=int (id=7),value=<?>,index=10>
Field Read,context=Main:1,vx
Variable Write,context=Main:1#dfs:12,i=2
Variable Delete,method=Main:1#dfs:12 <name=j,type=int (id=7),value=<?>,index=8>
Variable Write,context=Main:1#dfs:12,j=1
Field Read,context=Main:1,vx
Variable Write,context=Main:1#dfs:12,xx=1
Field Read,context=Main:1,vy
Variable Write,context=Main:1#dfs:12,yy=2
Method Call,caller=Main:1#dfs:12,target=Main:1#isOK:95
Variable Write,context=Main:1#isOK:95,xx=1
Variable Write,context=Main:1#isOK:95,yy=2
Variable Write,context=Main:1#isOK:95,result=true
Method Exit,returner=Main:1#isOK:95,value=true
Variable Write,context=Main:1#dfs:12,flg=true
Field Read,context=Main:1,dx
Variable Write,context=Main:1#dfs:12,k=0
Field Read,context=Main:1,dx
Variable Write,context=Main:1#dfs:12,xxx=1
Field Read,context=Main:1,dy
Variable Write,context=Main:1#dfs:12,yyy=2
Field Read,context=Main:1,data
Field Read,context=Main:1,dx
Variable Write,context=Main:1#dfs:12,k=1
Variable Delete,method=Main:1#dfs:12 <name=xxx,type=int (id=7),value=<?>,index=13>
Variable Delete,method=Main:1#dfs:12 <name=yyy,type=int (id=7),value=<?>,index=14>
Field Read,context=Main:1,dx
Variable Write,context=Main:1#dfs:12,xxx=1
Field Read,context=Main:1,dy
Variable Write,context=Main:1#dfs:12,yyy=3
Field Read,context=Main:1,data
Field Read,context=Main:1,dx
Variable Write,context=Main:1#dfs:12,k=2
Variable Delete,method=Main:1#dfs:12 <name=xxx,type=int (id=7),value=<?>,index=13>
Variable Delete,method=Main:1#dfs:12 <name=yyy,type=int (id=7),value=<?>,index=14>
Field Read,context=Main:1,dx
Variable Write,context=Main:1#dfs:12,xxx=2
Field Read,context=Main:1,dy
Variable Write,context=Main:1#dfs:12,yyy=2
Field Read,context=Main:1,data
Field Read,context=Main:1,dx
Variable Write,context=Main:1#dfs:12,k=3
Variable Delete,method=Main:1#dfs:12 <name=xxx,type=int (id=7),value=<?>,index=13>
Variable Delete,method=Main:1#dfs:12 <name=yyy,type=int (id=7),value=<?>,index=14>
Field Read,context=Main:1,dx
Variable Write,context=Main:1#dfs:12,xxx=2
Field Read,context=Main:1,dy
Variable Write,context=Main:1#dfs:12,yyy=3
Field Read,context=Main:1,data
Field Read,context=Main:1,dx
Variable Delete,method=Main:1#dfs:12 <name=xxx,type=int (id=7),value=<?>,index=13>
Variable Delete,method=Main:1#dfs:12 <name=yyy,type=int (id=7),value=<?>,index=14>
Variable Delete,method=Main:1#dfs:12 <name=k,type=int (id=7),value=<?>,index=12>
Variable Write,context=Main:1#dfs:12,nlt=0
Variable Write,context=Main:1#dfs:12,nlb=6
Variable Write,context=Main:1#dfs:12,nrt=0
Variable Write,context=Main:1#dfs:12,nrb=0
Variable Write,context=Main:1#dfs:12,j=2
Variable Delete,method=Main:1#dfs:12 <name=xx,type=int (id=7),value=<?>,index=9>
Variable Delete,method=Main:1#dfs:12 <name=yy,type=int (id=7),value=<?>,index=10>
Variable Delete,method=Main:1#dfs:12 <name=flg,type=boolean (id=2),value=<?>,index=11>
Variable Delete,method=Main:1#dfs:12 <name=nlt,type=int (id=7),value=<?>,index=15>
Variable Delete,method=Main:1#dfs:12 <name=nlb,type=int (id=7),value=<?>,index=16>
Variable Delete,method=Main:1#dfs:12 <name=nrt,type=int (id=7),value=<?>,index=17>
Variable Delete,method=Main:1#dfs:12 <name=nrb,type=int (id=7),value=<?>,index=18>
Field Read,context=Main:1,vx
Variable Write,context=Main:1#dfs:12,xx=2
Field Read,context=Main:1,vy
Variable Write,context=Main:1#dfs:12,yy=2
Method Call,caller=Main:1#dfs:12,target=Main:1#isOK:96
Variable Write,context=Main:1#isOK:96,xx=2
Variable Write,context=Main:1#isOK:96,yy=2
Variable Write,context=Main:1#isOK:96,result=true
Method Exit,returner=Main:1#isOK:96,value=true
Variable Write,context=Main:1#dfs:12,flg=true
Field Read,context=Main:1,dx
Variable Write,context=Main:1#dfs:12,k=0
Field Read,context=Main:1,dx
Variable Write,context=Main:1#dfs:12,xxx=2
Field Read,context=Main:1,dy
Variable Write,context=Main:1#dfs:12,yyy=2
Field Read,context=Main:1,data
Field Read,context=Main:1,dx
Variable Write,context=Main:1#dfs:12,k=1
Variable Delete,method=Main:1#dfs:12 <name=xxx,type=int (id=7),value=<?>,index=13>
Variable Delete,method=Main:1#dfs:12 <name=yyy,type=int (id=7),value=<?>,index=14>
Field Read,context=Main:1,dx
Variable Write,context=Main:1#dfs:12,xxx=2
Field Read,context=Main:1,dy
Variable Write,context=Main:1#dfs:12,yyy=3
Field Read,context=Main:1,data
Field Read,context=Main:1,dx
Variable Write,context=Main:1#dfs:12,k=2
Variable Delete,method=Main:1#dfs:12 <name=xxx,type=int (id=7),value=<?>,index=13>
Variable Delete,method=Main:1#dfs:12 <name=yyy,type=int (id=7),value=<?>,index=14>
Field Read,context=Main:1,dx
Variable Write,context=Main:1#dfs:12,xxx=3
Field Read,context=Main:1,dy
Variable Write,context=Main:1#dfs:12,yyy=2
Field Read,context=Main:1,data
Field Read,context=Main:1,dx
Variable Write,context=Main:1#dfs:12,k=3
Variable Delete,method=Main:1#dfs:12 <name=xxx,type=int (id=7),value=<?>,index=13>
Variable Delete,method=Main:1#dfs:12 <name=yyy,type=int (id=7),value=<?>,index=14>
Field Read,context=Main:1,dx
Variable Write,context=Main:1#dfs:12,xxx=3
Field Read,context=Main:1,dy
Variable Write,context=Main:1#dfs:12,yyy=3
Field Read,context=Main:1,data
Field Read,context=Main:1,dx
Variable Delete,method=Main:1#dfs:12 <name=xxx,type=int (id=7),value=<?>,index=13>
Variable Delete,method=Main:1#dfs:12 <name=yyy,type=int (id=7),value=<?>,index=14>
Variable Delete,method=Main:1#dfs:12 <name=k,type=int (id=7),value=<?>,index=12>
Variable Write,context=Main:1#dfs:12,nlt=0
Variable Write,context=Main:1#dfs:12,nlb=6
Variable Write,context=Main:1#dfs:12,nrt=0
Variable Write,context=Main:1#dfs:12,nrb=0
Variable Write,context=Main:1#dfs:12,nrb=7
Variable Delete,method=Main:1#dfs:12 <name=xx,type=int (id=7),value=<?>,index=9>
Variable Delete,method=Main:1#dfs:12 <name=yy,type=int (id=7),value=<?>,index=10>
Variable Delete,method=Main:1#dfs:12 <name=flg,type=boolean (id=2),value=<?>,index=11>
Variable Delete,method=Main:1#dfs:12 <name=nlt,type=int (id=7),value=<?>,index=15>
Variable Delete,method=Main:1#dfs:12 <name=nlb,type=int (id=7),value=<?>,index=16>
Variable Delete,method=Main:1#dfs:12 <name=nrt,type=int (id=7),value=<?>,index=17>
Variable Delete,method=Main:1#dfs:12 <name=nrb,type=int (id=7),value=<?>,index=18>
Field Read,context=Main:1,vx
Variable Write,context=Main:1#dfs:12,i=3
Variable Delete,method=Main:1#dfs:12 <name=j,type=int (id=7),value=<?>,index=8>
Variable Write,context=Main:1#dfs:12,j=1
Field Read,context=Main:1,vx
Variable Write,context=Main:1#dfs:12,xx=0
Field Read,context=Main:1,vy
Variable Write,context=Main:1#dfs:12,yy=1
Method Call,caller=Main:1#dfs:12,target=Main:1#isOK:97
Variable Write,context=Main:1#isOK:97,xx=0
Variable Write,context=Main:1#isOK:97,yy=1
Variable Write,context=Main:1#isOK:97,result=true
Method Exit,returner=Main:1#isOK:97,value=true
Variable Write,context=Main:1#dfs:12,flg=true
Field Read,context=Main:1,dx
Variable Write,context=Main:1#dfs:12,k=0
Field Read,context=Main:1,dx
Variable Write,context=Main:1#dfs:12,xxx=0
Field Read,context=Main:1,dy
Variable Write,context=Main:1#dfs:12,yyy=1
Field Read,context=Main:1,data
Field Read,context=Main:1,dx
Variable Write,context=Main:1#dfs:12,k=1
Variable Delete,method=Main:1#dfs:12 <name=xxx,type=int (id=7),value=<?>,index=13>
Variable Delete,method=Main:1#dfs:12 <name=yyy,type=int (id=7),value=<?>,index=14>
Field Read,context=Main:1,dx
Variable Write,context=Main:1#dfs:12,xxx=0
Field Read,context=Main:1,dy
Variable Write,context=Main:1#dfs:12,yyy=2
Field Read,context=Main:1,data
Variable Write,context=Main:1#dfs:12,flg=false
Variable Delete,method=Main:1#dfs:12 <name=k,type=int (id=7),value=<?>,index=12>
Variable Delete,method=Main:1#dfs:12 <name=xxx,type=int (id=7),value=<?>,index=13>
Variable Delete,method=Main:1#dfs:12 <name=yyy,type=int (id=7),value=<?>,index=14>
Variable Write,context=Main:1#dfs:12,j=2
Variable Delete,method=Main:1#dfs:12 <name=xx,type=int (id=7),value=<?>,index=9>
Variable Delete,method=Main:1#dfs:12 <name=yy,type=int (id=7),value=<?>,index=10>
Variable Delete,method=Main:1#dfs:12 <name=flg,type=boolean (id=2),value=<?>,index=11>
Field Read,context=Main:1,vx
Variable Write,context=Main:1#dfs:12,xx=0
Field Read,context=Main:1,vy
Variable Write,context=Main:1#dfs:12,yy=0
Method Call,caller=Main:1#dfs:12,target=Main:1#isOK:98
Variable Write,context=Main:1#isOK:98,xx=0
Variable Write,context=Main:1#isOK:98,yy=0
Variable Write,context=Main:1#isOK:98,result=true
Method Exit,returner=Main:1#isOK:98,value=true
Variable Write,context=Main:1#dfs:12,flg=true
Field Read,context=Main:1,dx
Variable Write,context=Main:1#dfs:12,k=0
Field Read,context=Main:1,dx
Variable Write,context=Main:1#dfs:12,xxx=0
Field Read,context=Main:1,dy
Variable Write,context=Main:1#dfs:12,yyy=0
Field Read,context=Main:1,data
Field Read,context=Main:1,dx
Variable Write,context=Main:1#dfs:12,k=1
Variable Delete,method=Main:1#dfs:12 <name=xxx,type=int (id=7),value=<?>,index=13>
Variable Delete,method=Main:1#dfs:12 <name=yyy,type=int (id=7),value=<?>,index=14>
Field Read,context=Main:1,dx
Variable Write,context=Main:1#dfs:12,xxx=0
Field Read,context=Main:1,dy
Variable Write,context=Main:1#dfs:12,yyy=1
Field Read,context=Main:1,data
Field Read,context=Main:1,dx
Variable Write,context=Main:1#dfs:12,k=2
Variable Delete,method=Main:1#dfs:12 <name=xxx,type=int (id=7),value=<?>,index=13>
Variable Delete,method=Main:1#dfs:12 <name=yyy,type=int (id=7),value=<?>,index=14>
Field Read,context=Main:1,dx
Variable Write,context=Main:1#dfs:12,xxx=1
Field Read,context=Main:1,dy
Variable Write,context=Main:1#dfs:12,yyy=0
Field Read,context=Main:1,data
Field Read,context=Main:1,dx
Variable Write,context=Main:1#dfs:12,k=3
Variable Delete,method=Main:1#dfs:12 <name=xxx,type=int (id=7),value=<?>,index=13>
Variable Delete,method=Main:1#dfs:12 <name=yyy,type=int (id=7),value=<?>,index=14>
Field Read,context=Main:1,dx
Variable Write,context=Main:1#dfs:12,xxx=1
Field Read,context=Main:1,dy
Variable Write,context=Main:1#dfs:12,yyy=1
Field Read,context=Main:1,data
Variable Write,context=Main:1#dfs:12,flg=false
Variable Delete,method=Main:1#dfs:12 <name=k,type=int (id=7),value=<?>,index=12>
Variable Delete,method=Main:1#dfs:12 <name=xxx,type=int (id=7),value=<?>,index=13>
Variable Delete,method=Main:1#dfs:12 <name=yyy,type=int (id=7),value=<?>,index=14>
Variable Delete,method=Main:1#dfs:12 <name=xx,type=int (id=7),value=<?>,index=9>
Variable Delete,method=Main:1#dfs:12 <name=yy,type=int (id=7),value=<?>,index=10>
Variable Delete,method=Main:1#dfs:12 <name=flg,type=boolean (id=2),value=<?>,index=11>
Field Read,context=Main:1,vx
Variable Write,context=Main:1#dfs:12,i=4
Variable Delete,method=Main:1#dfs:12 <name=j,type=int (id=7),value=<?>,index=8>
Variable Write,context=Main:1#dfs:12,j=1
Field Read,context=Main:1,vx
Variable Write,context=Main:1#dfs:12,xx=-1
Field Read,context=Main:1,vy
Variable Write,context=Main:1#dfs:12,yy=2
Method Call,caller=Main:1#dfs:12,target=Main:1#isOK:99
Variable Write,context=Main:1#isOK:99,xx=-1
Variable Write,context=Main:1#isOK:99,yy=2
Variable Write,context=Main:1#isOK:99,result=false
Method Exit,returner=Main:1#isOK:99,value=false
Variable Write,context=Main:1#dfs:12,j=2
Variable Delete,method=Main:1#dfs:12 <name=xx,type=int (id=7),value=<?>,index=9>
Variable Delete,method=Main:1#dfs:12 <name=yy,type=int (id=7),value=<?>,index=10>
Field Read,context=Main:1,vx
Variable Write,context=Main:1#dfs:12,xx=-2
Field Read,context=Main:1,vy
Variable Write,context=Main:1#dfs:12,yy=2
Method Call,caller=Main:1#dfs:12,target=Main:1#isOK:100
Variable Write,context=Main:1#isOK:100,xx=-2
Variable Write,context=Main:1#isOK:100,yy=2
Variable Write,context=Main:1#isOK:100,result=false
Method Exit,returner=Main:1#isOK:100,value=false
Variable Delete,method=Main:1#dfs:12 <name=xx,type=int (id=7),value=<?>,index=9>
Variable Delete,method=Main:1#dfs:12 <name=yy,type=int (id=7),value=<?>,index=10>
Field Read,context=Main:1,vx
Variable Delete,method=Main:1#dfs:12 <name=j,type=int (id=7),value=<?>,index=8>
Method Exit,returner=Main:1#dfs:12,value=<void>
Variable Write,context=Main:1#dfs:11,j=2
Variable Delete,method=Main:1#dfs:11 <name=xx,type=int (id=7),value=<?>,index=9>
Variable Delete,method=Main:1#dfs:11 <name=yy,type=int (id=7),value=<?>,index=10>
Variable Delete,method=Main:1#dfs:11 <name=flg,type=boolean (id=2),value=<?>,index=11>
Variable Delete,method=Main:1#dfs:11 <name=nlt,type=int (id=7),value=<?>,index=15>
Variable Delete,method=Main:1#dfs:11 <name=nlb,type=int (id=7),value=<?>,index=16>
Variable Delete,method=Main:1#dfs:11 <name=nrt,type=int (id=7),value=<?>,index=17>
Variable Delete,method=Main:1#dfs:11 <name=nrb,type=int (id=7),value=<?>,index=18>
Variable Delete,method=Main:1#dfs:11 <name=next,type=java.lang.String (id=25),value=<?>,index=19>
Field Read,context=Main:1,vx
Variable Write,context=Main:1#dfs:11,xx=-1
Field Read,context=Main:1,vy
Variable Write,context=Main:1#dfs:11,yy=2
Method Call,caller=Main:1#dfs:11,target=Main:1#isOK:101
Variable Write,context=Main:1#isOK:101,xx=-1
Variable Write,context=Main:1#isOK:101,yy=2
Variable Write,context=Main:1#isOK:101,result=false
Method Exit,returner=Main:1#isOK:101,value=false
Variable Delete,method=Main:1#dfs:11 <name=xx,type=int (id=7),value=<?>,index=9>
Variable Delete,method=Main:1#dfs:11 <name=yy,type=int (id=7),value=<?>,index=10>
Field Read,context=Main:1,vx
Variable Delete,method=Main:1#dfs:11 <name=j,type=int (id=7),value=<?>,index=8>
Method Exit,returner=Main:1#dfs:11,value=<void>
Variable Delete,method=Main:1#dfs:4 <name=xx,type=int (id=7),value=<?>,index=9>
Variable Delete,method=Main:1#dfs:4 <name=yy,type=int (id=7),value=<?>,index=10>
Variable Delete,method=Main:1#dfs:4 <name=flg,type=boolean (id=2),value=<?>,index=11>
Variable Delete,method=Main:1#dfs:4 <name=nlt,type=int (id=7),value=<?>,index=15>
Variable Delete,method=Main:1#dfs:4 <name=nlb,type=int (id=7),value=<?>,index=16>
Variable Delete,method=Main:1#dfs:4 <name=nrt,type=int (id=7),value=<?>,index=17>
Variable Delete,method=Main:1#dfs:4 <name=nrb,type=int (id=7),value=<?>,index=18>
Variable Delete,method=Main:1#dfs:4 <name=next,type=java.lang.String (id=25),value=<?>,index=19>
Field Read,context=Main:1,vx
Variable Write,context=Main:1#dfs:4,i=2
Variable Delete,method=Main:1#dfs:4 <name=j,type=int (id=7),value=<?>,index=8>
Variable Write,context=Main:1#dfs:4,j=1
Field Read,context=Main:1,vx
Variable Write,context=Main:1#dfs:4,xx=2
Field Read,context=Main:1,vy
Variable Write,context=Main:1#dfs:4,yy=0
Method Call,caller=Main:1#dfs:4,target=Main:1#isOK:102
Variable Write,context=Main:1#isOK:102,xx=2
Variable Write,context=Main:1#isOK:102,yy=0
Variable Write,context=Main:1#isOK:102,result=true
Method Exit,returner=Main:1#isOK:102,value=true
Variable Write,context=Main:1#dfs:4,flg=true
Field Read,context=Main:1,dx
Variable Write,context=Main:1#dfs:4,k=0
Field Read,context=Main:1,dx
Variable Write,context=Main:1#dfs:4,xxx=2
Field Read,context=Main:1,dy
Variable Write,context=Main:1#dfs:4,yyy=0
Field Read,context=Main:1,data
Field Read,context=Main:1,dx
Variable Write,context=Main:1#dfs:4,k=1
Variable Delete,method=Main:1#dfs:4 <name=xxx,type=int (id=7),value=<?>,index=13>
Variable Delete,method=Main:1#dfs:4 <name=yyy,type=int (id=7),value=<?>,index=14>
Field Read,context=Main:1,dx
Variable Write,context=Main:1#dfs:4,xxx=2
Field Read,context=Main:1,dy
Variable Write,context=Main:1#dfs:4,yyy=1
Field Read,context=Main:1,data
Field Read,context=Main:1,dx
Variable Write,context=Main:1#dfs:4,k=2
Variable Delete,method=Main:1#dfs:4 <name=xxx,type=int (id=7),value=<?>,index=13>
Variable Delete,method=Main:1#dfs:4 <name=yyy,type=int (id=7),value=<?>,index=14>
Field Read,context=Main:1,dx
Variable Write,context=Main:1#dfs:4,xxx=3
Field Read,context=Main:1,dy
Variable Write,context=Main:1#dfs:4,yyy=0
Field Read,context=Main:1,data
Variable Write,context=Main:1#dfs:4,flg=false
Variable Delete,method=Main:1#dfs:4 <name=k,type=int (id=7),value=<?>,index=12>
Variable Delete,method=Main:1#dfs:4 <name=xxx,type=int (id=7),value=<?>,index=13>
Variable Delete,method=Main:1#dfs:4 <name=yyy,type=int (id=7),value=<?>,index=14>
Variable Write,context=Main:1#dfs:4,j=2
Variable Delete,method=Main:1#dfs:4 <name=xx,type=int (id=7),value=<?>,index=9>
Variable Delete,method=Main:1#dfs:4 <name=yy,type=int (id=7),value=<?>,index=10>
Variable Delete,method=Main:1#dfs:4 <name=flg,type=boolean (id=2),value=<?>,index=11>
Field Read,context=Main:1,vx
Variable Write,context=Main:1#dfs:4,xx=3
Field Read,context=Main:1,vy
Variable Write,context=Main:1#dfs:4,yy=0
Method Call,caller=Main:1#dfs:4,target=Main:1#isOK:103
Variable Write,context=Main:1#isOK:103,xx=3
Variable Write,context=Main:1#isOK:103,yy=0
Variable Write,context=Main:1#isOK:103,result=false
Method Exit,returner=Main:1#isOK:103,value=false
Variable Delete,method=Main:1#dfs:4 <name=xx,type=int (id=7),value=<?>,index=9>
Variable Delete,method=Main:1#dfs:4 <name=yy,type=int (id=7),value=<?>,index=10>
Field Read,context=Main:1,vx
Variable Write,context=Main:1#dfs:4,i=3
Variable Delete,method=Main:1#dfs:4 <name=j,type=int (id=7),value=<?>,index=8>
Variable Write,context=Main:1#dfs:4,j=1
Field Read,context=Main:1,vx
Variable Write,context=Main:1#dfs:4,xx=1
Field Read,context=Main:1,vy
Variable Write,context=Main:1#dfs:4,yy=-1
Method Call,caller=Main:1#dfs:4,target=Main:1#isOK:104
Variable Write,context=Main:1#isOK:104,xx=1
Variable Write,context=Main:1#isOK:104,yy=-1
Variable Write,context=Main:1#isOK:104,result=false
Method Exit,returner=Main:1#isOK:104,value=false
Variable Write,context=Main:1#dfs:4,j=2
Variable Delete,method=Main:1#dfs:4 <name=xx,type=int (id=7),value=<?>,index=9>
Variable Delete,method=Main:1#dfs:4 <name=yy,type=int (id=7),value=<?>,index=10>
Field Read,context=Main:1,vx
Variable Write,context=Main:1#dfs:4,xx=1
Field Read,context=Main:1,vy
Variable Write,context=Main:1#dfs:4,yy=-2
Method Call,caller=Main:1#dfs:4,target=Main:1#isOK:105
Variable Write,context=Main:1#isOK:105,xx=1
Variable Write,context=Main:1#isOK:105,yy=-2
Variable Write,context=Main:1#isOK:105,result=false
Method Exit,returner=Main:1#isOK:105,value=false
Variable Delete,method=Main:1#dfs:4 <name=xx,type=int (id=7),value=<?>,index=9>
Variable Delete,method=Main:1#dfs:4 <name=yy,type=int (id=7),value=<?>,index=10>
Field Read,context=Main:1,vx
Variable Write,context=Main:1#dfs:4,i=4
Variable Delete,method=Main:1#dfs:4 <name=j,type=int (id=7),value=<?>,index=8>
Variable Write,context=Main:1#dfs:4,j=1
Field Read,context=Main:1,vx
Variable Write,context=Main:1#dfs:4,xx=0
Field Read,context=Main:1,vy
Variable Write,context=Main:1#dfs:4,yy=0
Method Call,caller=Main:1#dfs:4,target=Main:1#isOK:106
Variable Write,context=Main:1#isOK:106,xx=0
Variable Write,context=Main:1#isOK:106,yy=0
Variable Write,context=Main:1#isOK:106,result=true
Method Exit,returner=Main:1#isOK:106,value=true
Variable Write,context=Main:1#dfs:4,flg=true
Field Read,context=Main:1,dx
Variable Write,context=Main:1#dfs:4,k=0
Field Read,context=Main:1,dx
Variable Write,context=Main:1#dfs:4,xxx=0
Field Read,context=Main:1,dy
Variable Write,context=Main:1#dfs:4,yyy=0
Field Read,context=Main:1,data
Field Read,context=Main:1,dx
Variable Write,context=Main:1#dfs:4,k=1
Variable Delete,method=Main:1#dfs:4 <name=xxx,type=int (id=7),value=<?>,index=13>
Variable Delete,method=Main:1#dfs:4 <name=yyy,type=int (id=7),value=<?>,index=14>
Field Read,context=Main:1,dx
Variable Write,context=Main:1#dfs:4,xxx=0
Field Read,context=Main:1,dy
Variable Write,context=Main:1#dfs:4,yyy=1
Field Read,context=Main:1,data
Field Read,context=Main:1,dx
Variable Write,context=Main:1#dfs:4,k=2
Variable Delete,method=Main:1#dfs:4 <name=xxx,type=int (id=7),value=<?>,index=13>
Variable Delete,method=Main:1#dfs:4 <name=yyy,type=int (id=7),value=<?>,index=14>
Field Read,context=Main:1,dx
Variable Write,context=Main:1#dfs:4,xxx=1
Field Read,context=Main:1,dy
Variable Write,context=Main:1#dfs:4,yyy=0
Field Read,context=Main:1,data
Variable Write,context=Main:1#dfs:4,flg=false
Variable Delete,method=Main:1#dfs:4 <name=k,type=int (id=7),value=<?>,index=12>
Variable Delete,method=Main:1#dfs:4 <name=xxx,type=int (id=7),value=<?>,index=13>
Variable Delete,method=Main:1#dfs:4 <name=yyy,type=int (id=7),value=<?>,index=14>
Variable Write,context=Main:1#dfs:4,j=2
Variable Delete,method=Main:1#dfs:4 <name=xx,type=int (id=7),value=<?>,index=9>
Variable Delete,method=Main:1#dfs:4 <name=yy,type=int (id=7),value=<?>,index=10>
Variable Delete,method=Main:1#dfs:4 <name=flg,type=boolean (id=2),value=<?>,index=11>
Field Read,context=Main:1,vx
Variable Write,context=Main:1#dfs:4,xx=-1
Field Read,context=Main:1,vy
Variable Write,context=Main:1#dfs:4,yy=0
Method Call,caller=Main:1#dfs:4,target=Main:1#isOK:107
Variable Write,context=Main:1#isOK:107,xx=-1
Variable Write,context=Main:1#isOK:107,yy=0
Variable Write,context=Main:1#isOK:107,result=false
Method Exit,returner=Main:1#isOK:107,value=false
Variable Delete,method=Main:1#dfs:4 <name=xx,type=int (id=7),value=<?>,index=9>
Variable Delete,method=Main:1#dfs:4 <name=yy,type=int (id=7),value=<?>,index=10>
Field Read,context=Main:1,vx
Variable Delete,method=Main:1#dfs:4 <name=j,type=int (id=7),value=<?>,index=8>
Method Exit,returner=Main:1#dfs:4,value=<void>
Variable Write,context=Main:1#dfs:3,j=2
Variable Delete,method=Main:1#dfs:3 <name=xx,type=int (id=7),value=<?>,index=9>
Variable Delete,method=Main:1#dfs:3 <name=yy,type=int (id=7),value=<?>,index=10>
Variable Delete,method=Main:1#dfs:3 <name=flg,type=boolean (id=2),value=<?>,index=11>
Variable Delete,method=Main:1#dfs:3 <name=nlt,type=int (id=7),value=<?>,index=15>
Variable Delete,method=Main:1#dfs:3 <name=nlb,type=int (id=7),value=<?>,index=16>
Variable Delete,method=Main:1#dfs:3 <name=nrt,type=int (id=7),value=<?>,index=17>
Variable Delete,method=Main:1#dfs:3 <name=nrb,type=int (id=7),value=<?>,index=18>
Variable Delete,method=Main:1#dfs:3 <name=next,type=java.lang.String (id=25),value=<?>,index=19>
Field Read,context=Main:1,vx
Variable Write,context=Main:1#dfs:3,xx=1
Field Read,context=Main:1,vy
Variable Write,context=Main:1#dfs:3,yy=-1
Method Call,caller=Main:1#dfs:3,target=Main:1#isOK:108
Variable Write,context=Main:1#isOK:108,xx=1
Variable Write,context=Main:1#isOK:108,yy=-1
Variable Write,context=Main:1#isOK:108,result=false
Method Exit,returner=Main:1#isOK:108,value=false
Variable Delete,method=Main:1#dfs:3 <name=xx,type=int (id=7),value=<?>,index=9>
Variable Delete,method=Main:1#dfs:3 <name=yy,type=int (id=7),value=<?>,index=10>
Field Read,context=Main:1,vx
Variable Write,context=Main:1#dfs:3,i=4
Variable Delete,method=Main:1#dfs:3 <name=j,type=int (id=7),value=<?>,index=8>
Variable Write,context=Main:1#dfs:3,j=1
Field Read,context=Main:1,vx
Variable Write,context=Main:1#dfs:3,xx=0
Field Read,context=Main:1,vy
Variable Write,context=Main:1#dfs:3,yy=1
Method Call,caller=Main:1#dfs:3,target=Main:1#isOK:109
Variable Write,context=Main:1#isOK:109,xx=0
Variable Write,context=Main:1#isOK:109,yy=1
Variable Write,context=Main:1#isOK:109,result=true
Method Exit,returner=Main:1#isOK:109,value=true
Variable Write,context=Main:1#dfs:3,flg=true
Field Read,context=Main:1,dx
Variable Write,context=Main:1#dfs:3,k=0
Field Read,context=Main:1,dx
Variable Write,context=Main:1#dfs:3,xxx=0
Field Read,context=Main:1,dy
Variable Write,context=Main:1#dfs:3,yyy=1
Field Read,context=Main:1,data
Field Read,context=Main:1,dx
Variable Write,context=Main:1#dfs:3,k=1
Variable Delete,method=Main:1#dfs:3 <name=xxx,type=int (id=7),value=<?>,index=13>
Variable Delete,method=Main:1#dfs:3 <name=yyy,type=int (id=7),value=<?>,index=14>
Field Read,context=Main:1,dx
Variable Write,context=Main:1#dfs:3,xxx=0
Field Read,context=Main:1,dy
Variable Write,context=Main:1#dfs:3,yyy=2
Field Read,context=Main:1,data
Field Read,context=Main:1,dx
Variable Write,context=Main:1#dfs:3,k=2
Variable Delete,method=Main:1#dfs:3 <name=xxx,type=int (id=7),value=<?>,index=13>
Variable Delete,method=Main:1#dfs:3 <name=yyy,type=int (id=7),value=<?>,index=14>
Field Read,context=Main:1,dx
Variable Write,context=Main:1#dfs:3,xxx=1
Field Read,context=Main:1,dy
Variable Write,context=Main:1#dfs:3,yyy=1
Field Read,context=Main:1,data
Field Read,context=Main:1,dx
Variable Write,context=Main:1#dfs:3,k=3
Variable Delete,method=Main:1#dfs:3 <name=xxx,type=int (id=7),value=<?>,index=13>
Variable Delete,method=Main:1#dfs:3 <name=yyy,type=int (id=7),value=<?>,index=14>
Field Read,context=Main:1,dx
Variable Write,context=Main:1#dfs:3,xxx=1
Field Read,context=Main:1,dy
Variable Write,context=Main:1#dfs:3,yyy=2
Field Read,context=Main:1,data
Variable Write,context=Main:1#dfs:3,flg=false
Variable Delete,method=Main:1#dfs:3 <name=k,type=int (id=7),value=<?>,index=12>
Variable Delete,method=Main:1#dfs:3 <name=xxx,type=int (id=7),value=<?>,index=13>
Variable Delete,method=Main:1#dfs:3 <name=yyy,type=int (id=7),value=<?>,index=14>
Variable Write,context=Main:1#dfs:3,j=2
Variable Delete,method=Main:1#dfs:3 <name=xx,type=int (id=7),value=<?>,index=9>
Variable Delete,method=Main:1#dfs:3 <name=yy,type=int (id=7),value=<?>,index=10>
Variable Delete,method=Main:1#dfs:3 <name=flg,type=boolean (id=2),value=<?>,index=11>
Field Read,context=Main:1,vx
Variable Write,context=Main:1#dfs:3,xx=-1
Field Read,context=Main:1,vy
Variable Write,context=Main:1#dfs:3,yy=1
Method Call,caller=Main:1#dfs:3,target=Main:1#isOK:110
Variable Write,context=Main:1#isOK:110,xx=-1
Variable Write,context=Main:1#isOK:110,yy=1
Variable Write,context=Main:1#isOK:110,result=false
Method Exit,returner=Main:1#isOK:110,value=false
Variable Delete,method=Main:1#dfs:3 <name=xx,type=int (id=7),value=<?>,index=9>
Variable Delete,method=Main:1#dfs:3 <name=yy,type=int (id=7),value=<?>,index=10>
Field Read,context=Main:1,vx
Variable Delete,method=Main:1#dfs:3 <name=j,type=int (id=7),value=<?>,index=8>
Method Exit,returner=Main:1#dfs:3,value=<void>
Variable Write,context=Main:1#dfs:2,j=2
Variable Delete,method=Main:1#dfs:2 <name=xx,type=int (id=7),value=<?>,index=9>
Variable Delete,method=Main:1#dfs:2 <name=yy,type=int (id=7),value=<?>,index=10>
Variable Delete,method=Main:1#dfs:2 <name=flg,type=boolean (id=2),value=<?>,index=11>
Variable Delete,method=Main:1#dfs:2 <name=nlt,type=int (id=7),value=<?>,index=15>
Variable Delete,method=Main:1#dfs:2 <name=nlb,type=int (id=7),value=<?>,index=16>
Variable Delete,method=Main:1#dfs:2 <name=nrt,type=int (id=7),value=<?>,index=17>
Variable Delete,method=Main:1#dfs:2 <name=nrb,type=int (id=7),value=<?>,index=18>
Variable Delete,method=Main:1#dfs:2 <name=next,type=java.lang.String (id=25),value=<?>,index=19>
Field Read,context=Main:1,vx
Variable Write,context=Main:1#dfs:2,xx=1
Field Read,context=Main:1,vy
Variable Write,context=Main:1#dfs:2,yy=0
Method Call,caller=Main:1#dfs:2,target=Main:1#isOK:111
Variable Write,context=Main:1#isOK:111,xx=1
Variable Write,context=Main:1#isOK:111,yy=0
Variable Write,context=Main:1#isOK:111,result=true
Method Exit,returner=Main:1#isOK:111,value=true
Variable Write,context=Main:1#dfs:2,flg=true
Field Read,context=Main:1,dx
Variable Write,context=Main:1#dfs:2,k=0
Field Read,context=Main:1,dx
Variable Write,context=Main:1#dfs:2,xxx=1
Field Read,context=Main:1,dy
Variable Write,context=Main:1#dfs:2,yyy=0
Field Read,context=Main:1,data
Field Read,context=Main:1,dx
Variable Write,context=Main:1#dfs:2,k=1
Variable Delete,method=Main:1#dfs:2 <name=xxx,type=int (id=7),value=<?>,index=13>
Variable Delete,method=Main:1#dfs:2 <name=yyy,type=int (id=7),value=<?>,index=14>
Field Read,context=Main:1,dx
Variable Write,context=Main:1#dfs:2,xxx=1
Field Read,context=Main:1,dy
Variable Write,context=Main:1#dfs:2,yyy=1
Field Read,context=Main:1,data
Field Read,context=Main:1,dx
Variable Write,context=Main:1#dfs:2,k=2
Variable Delete,method=Main:1#dfs:2 <name=xxx,type=int (id=7),value=<?>,index=13>
Variable Delete,method=Main:1#dfs:2 <name=yyy,type=int (id=7),value=<?>,index=14>
Field Read,context=Main:1,dx
Variable Write,context=Main:1#dfs:2,xxx=2
Field Read,context=Main:1,dy
Variable Write,context=Main:1#dfs:2,yyy=0
Field Read,context=Main:1,data
Field Read,context=Main:1,dx
Variable Write,context=Main:1#dfs:2,k=3
Variable Delete,method=Main:1#dfs:2 <name=xxx,type=int (id=7),value=<?>,index=13>
Variable Delete,method=Main:1#dfs:2 <name=yyy,type=int (id=7),value=<?>,index=14>
Field Read,context=Main:1,dx
Variable Write,context=Main:1#dfs:2,xxx=2
Field Read,context=Main:1,dy
Variable Write,context=Main:1#dfs:2,yyy=1
Field Read,context=Main:1,data
Field Read,context=Main:1,dx
Variable Delete,method=Main:1#dfs:2 <name=xxx,type=int (id=7),value=<?>,index=13>
Variable Delete,method=Main:1#dfs:2 <name=yyy,type=int (id=7),value=<?>,index=14>
Variable Delete,method=Main:1#dfs:2 <name=k,type=int (id=7),value=<?>,index=12>
Variable Write,context=Main:1#dfs:2,nlt=4
Variable Write,context=Main:1#dfs:2,nlb=4
Variable Write,context=Main:1#dfs:2,nrt=4
Variable Write,context=Main:1#dfs:2,nrb=4
Variable Write,context=Main:1#dfs:2,next=3 104444
Field Read,context=Main:1,close
Field Read,context=Main:1,close
Method Call,caller=Main:1#dfs:2,target=Main:1#dfs:13
Variable Write,context=Main:1#dfs:13,lt=4
Variable Write,context=Main:1#dfs:13,lb=4
Variable Write,context=Main:1#dfs:13,rt=4
Variable Write,context=Main:1#dfs:13,rb=4
Variable Write,context=Main:1#dfs:13,deep=3
Variable Write,context=Main:1#dfs:13,x=1
Variable Write,context=Main:1#dfs:13,y=0
Field Read,context=Main:1,n
Field Read,context=Main:1,vx
Variable Write,context=Main:1#dfs:13,i=0
Variable Write,context=Main:1#dfs:13,j=1
Field Read,context=Main:1,vx
Variable Write,context=Main:1#dfs:13,xx=1
Field Read,context=Main:1,vy
Variable Write,context=Main:1#dfs:13,yy=0
Method Call,caller=Main:1#dfs:13,target=Main:1#isOK:112
Variable Write,context=Main:1#isOK:112,xx=1
Variable Write,context=Main:1#isOK:112,yy=0
Variable Write,context=Main:1#isOK:112,result=true
Method Exit,returner=Main:1#isOK:112,value=true
Variable Write,context=Main:1#dfs:13,flg=true
Field Read,context=Main:1,dx
Variable Write,context=Main:1#dfs:13,k=0
Field Read,context=Main:1,dx
Variable Write,context=Main:1#dfs:13,xxx=1
Field Read,context=Main:1,dy
Variable Write,context=Main:1#dfs:13,yyy=0
Field Read,context=Main:1,data
Field Read,context=Main:1,dx
Variable Write,context=Main:1#dfs:13,k=1
Variable Delete,method=Main:1#dfs:13 <name=xxx,type=int (id=7),value=<?>,index=13>
Variable Delete,method=Main:1#dfs:13 <name=yyy,type=int (id=7),value=<?>,index=14>
Field Read,context=Main:1,dx
Variable Write,context=Main:1#dfs:13,xxx=1
Field Read,context=Main:1,dy
Variable Write,context=Main:1#dfs:13,yyy=1
Field Read,context=Main:1,data
Field Read,context=Main:1,dx
Variable Write,context=Main:1#dfs:13,k=2
Variable Delete,method=Main:1#dfs:13 <name=xxx,type=int (id=7),value=<?>,index=13>
Variable Delete,method=Main:1#dfs:13 <name=yyy,type=int (id=7),value=<?>,index=14>
Field Read,context=Main:1,dx
Variable Write,context=Main:1#dfs:13,xxx=2
Field Read,context=Main:1,dy
Variable Write,context=Main:1#dfs:13,yyy=0
Field Read,context=Main:1,data
Field Read,context=Main:1,dx
Variable Write,context=Main:1#dfs:13,k=3
Variable Delete,method=Main:1#dfs:13 <name=xxx,type=int (id=7),value=<?>,index=13>
Variable Delete,method=Main:1#dfs:13 <name=yyy,type=int (id=7),value=<?>,index=14>
Field Read,context=Main:1,dx
Variable Write,context=Main:1#dfs:13,xxx=2
Field Read,context=Main:1,dy
Variable Write,context=Main:1#dfs:13,yyy=1
Field Read,context=Main:1,data
Field Read,context=Main:1,dx
Variable Delete,method=Main:1#dfs:13 <name=xxx,type=int (id=7),value=<?>,index=13>
Variable Delete,method=Main:1#dfs:13 <name=yyy,type=int (id=7),value=<?>,index=14>
Variable Delete,method=Main:1#dfs:13 <name=k,type=int (id=7),value=<?>,index=12>
Variable Write,context=Main:1#dfs:13,nlt=3
Variable Write,context=Main:1#dfs:13,nlb=3
Variable Write,context=Main:1#dfs:13,nrt=3
Variable Write,context=Main:1#dfs:13,nrb=3
Variable Write,context=Main:1#dfs:13,next=4 103333
Field Read,context=Main:1,close
Variable Write,context=Main:1#dfs:13,j=2
Variable Delete,method=Main:1#dfs:13 <name=xx,type=int (id=7),value=<?>,index=9>
Variable Delete,method=Main:1#dfs:13 <name=yy,type=int (id=7),value=<?>,index=10>
Variable Delete,method=Main:1#dfs:13 <name=flg,type=boolean (id=2),value=<?>,index=11>
Variable Delete,method=Main:1#dfs:13 <name=nlt,type=int (id=7),value=<?>,index=15>
Variable Delete,method=Main:1#dfs:13 <name=nlb,type=int (id=7),value=<?>,index=16>
Variable Delete,method=Main:1#dfs:13 <name=nrt,type=int (id=7),value=<?>,index=17>
Variable Delete,method=Main:1#dfs:13 <name=nrb,type=int (id=7),value=<?>,index=18>
Variable Delete,method=Main:1#dfs:13 <name=next,type=java.lang.String (id=25),value=<?>,index=19>
Field Read,context=Main:1,vx
Variable Write,context=Main:1#dfs:13,xx=1
Field Read,context=Main:1,vy
Variable Write,context=Main:1#dfs:13,yy=0
Method Call,caller=Main:1#dfs:13,target=Main:1#isOK:113
Variable Write,context=Main:1#isOK:113,xx=1
Variable Write,context=Main:1#isOK:113,yy=0
Variable Write,context=Main:1#isOK:113,result=true
Method Exit,returner=Main:1#isOK:113,value=true
Variable Write,context=Main:1#dfs:13,flg=true
Field Read,context=Main:1,dx
Variable Write,context=Main:1#dfs:13,k=0
Field Read,context=Main:1,dx
Variable Write,context=Main:1#dfs:13,xxx=1
Field Read,context=Main:1,dy
Variable Write,context=Main:1#dfs:13,yyy=0
Field Read,context=Main:1,data
Field Read,context=Main:1,dx
Variable Write,context=Main:1#dfs:13,k=1
Variable Delete,method=Main:1#dfs:13 <name=xxx,type=int (id=7),value=<?>,index=13>
Variable Delete,method=Main:1#dfs:13 <name=yyy,type=int (id=7),value=<?>,index=14>
Field Read,context=Main:1,dx
Variable Write,context=Main:1#dfs:13,xxx=1
Field Read,context=Main:1,dy
Variable Write,context=Main:1#dfs:13,yyy=1
Field Read,context=Main:1,data
Field Read,context=Main:1,dx
Variable Write,context=Main:1#dfs:13,k=2
Variable Delete,method=Main:1#dfs:13 <name=xxx,type=int (id=7),value=<?>,index=13>
Variable Delete,method=Main:1#dfs:13 <name=yyy,type=int (id=7),value=<?>,index=14>
Field Read,context=Main:1,dx
Variable Write,context=Main:1#dfs:13,xxx=2
Field Read,context=Main:1,dy
Variable Write,context=Main:1#dfs:13,yyy=0
Field Read,context=Main:1,data
Field Read,context=Main:1,dx
Variable Write,context=Main:1#dfs:13,k=3
Variable Delete,method=Main:1#dfs:13 <name=xxx,type=int (id=7),value=<?>,index=13>
Variable Delete,method=Main:1#dfs:13 <name=yyy,type=int (id=7),value=<?>,index=14>
Field Read,context=Main:1,dx
Variable Write,context=Main:1#dfs:13,xxx=2
Field Read,context=Main:1,dy
Variable Write,context=Main:1#dfs:13,yyy=1
Field Read,context=Main:1,data
Field Read,context=Main:1,dx
Variable Delete,method=Main:1#dfs:13 <name=xxx,type=int (id=7),value=<?>,index=13>
Variable Delete,method=Main:1#dfs:13 <name=yyy,type=int (id=7),value=<?>,index=14>
Variable Delete,method=Main:1#dfs:13 <name=k,type=int (id=7),value=<?>,index=12>
Variable Write,context=Main:1#dfs:13,nlt=3
Variable Write,context=Main:1#dfs:13,nlb=3
Variable Write,context=Main:1#dfs:13,nrt=3
Variable Write,context=Main:1#dfs:13,nrb=3
Variable Write,context=Main:1#dfs:13,next=4 103333
Field Read,context=Main:1,close
Variable Delete,method=Main:1#dfs:13 <name=xx,type=int (id=7),value=<?>,index=9>
Variable Delete,method=Main:1#dfs:13 <name=yy,type=int (id=7),value=<?>,index=10>
Variable Delete,method=Main:1#dfs:13 <name=flg,type=boolean (id=2),value=<?>,index=11>
Variable Delete,method=Main:1#dfs:13 <name=nlt,type=int (id=7),value=<?>,index=15>
Variable Delete,method=Main:1#dfs:13 <name=nlb,type=int (id=7),value=<?>,index=16>
Variable Delete,method=Main:1#dfs:13 <name=nrt,type=int (id=7),value=<?>,index=17>
Variable Delete,method=Main:1#dfs:13 <name=nrb,type=int (id=7),value=<?>,index=18>
Variable Delete,method=Main:1#dfs:13 <name=next,type=java.lang.String (id=25),value=<?>,index=19>
Field Read,context=Main:1,vx
Variable Write,context=Main:1#dfs:13,i=1
Variable Delete,method=Main:1#dfs:13 <name=j,type=int (id=7),value=<?>,index=8>
Variable Write,context=Main:1#dfs:13,j=1
Field Read,context=Main:1,vx
Variable Write,context=Main:1#dfs:13,xx=1
Field Read,context=Main:1,vy
Variable Write,context=Main:1#dfs:13,yy=1
Method Call,caller=Main:1#dfs:13,target=Main:1#isOK:114
Variable Write,context=Main:1#isOK:114,xx=1
Variable Write,context=Main:1#isOK:114,yy=1
Variable Write,context=Main:1#isOK:114,result=true
Method Exit,returner=Main:1#isOK:114,value=true
Variable Write,context=Main:1#dfs:13,flg=true
Field Read,context=Main:1,dx
Variable Write,context=Main:1#dfs:13,k=0
Field Read,context=Main:1,dx
Variable Write,context=Main:1#dfs:13,xxx=1
Field Read,context=Main:1,dy
Variable Write,context=Main:1#dfs:13,yyy=1
Field Read,context=Main:1,data
Field Read,context=Main:1,dx
Variable Write,context=Main:1#dfs:13,k=1
Variable Delete,method=Main:1#dfs:13 <name=xxx,type=int (id=7),value=<?>,index=13>
Variable Delete,method=Main:1#dfs:13 <name=yyy,type=int (id=7),value=<?>,index=14>
Field Read,context=Main:1,dx
Variable Write,context=Main:1#dfs:13,xxx=1
Field Read,context=Main:1,dy
Variable Write,context=Main:1#dfs:13,yyy=2
Field Read,context=Main:1,data
Variable Write,context=Main:1#dfs:13,flg=false
Variable Delete,method=Main:1#dfs:13 <name=k,type=int (id=7),value=<?>,index=12>
Variable Delete,method=Main:1#dfs:13 <name=xxx,type=int (id=7),value=<?>,index=13>
Variable Delete,method=Main:1#dfs:13 <name=yyy,type=int (id=7),value=<?>,index=14>
Variable Write,context=Main:1#dfs:13,j=2
Variable Delete,method=Main:1#dfs:13 <name=xx,type=int (id=7),value=<?>,index=9>
Variable Delete,method=Main:1#dfs:13 <name=yy,type=int (id=7),value=<?>,index=10>
Variable Delete,method=Main:1#dfs:13 <name=flg,type=boolean (id=2),value=<?>,index=11>
Field Read,context=Main:1,vx
Variable Write,context=Main:1#dfs:13,xx=1
Field Read,context=Main:1,vy
Variable Write,context=Main:1#dfs:13,yy=2
Method Call,caller=Main:1#dfs:13,target=Main:1#isOK:115
Variable Write,context=Main:1#isOK:115,xx=1
Variable Write,context=Main:1#isOK:115,yy=2
Variable Write,context=Main:1#isOK:115,result=true
Method Exit,returner=Main:1#isOK:115,value=true
Variable Write,context=Main:1#dfs:13,flg=true
Field Read,context=Main:1,dx
Variable Write,context=Main:1#dfs:13,k=0
Field Read,context=Main:1,dx
Variable Write,context=Main:1#dfs:13,xxx=1
Field Read,context=Main:1,dy
Variable Write,context=Main:1#dfs:13,yyy=2
Field Read,context=Main:1,data
Variable Write,context=Main:1#dfs:13,flg=false
Variable Delete,method=Main:1#dfs:13 <name=k,type=int (id=7),value=<?>,index=12>
Variable Delete,method=Main:1#dfs:13 <name=xxx,type=int (id=7),value=<?>,index=13>
Variable Delete,method=Main:1#dfs:13 <name=yyy,type=int (id=7),value=<?>,index=14>
Variable Delete,method=Main:1#dfs:13 <name=xx,type=int (id=7),value=<?>,index=9>
Variable Delete,method=Main:1#dfs:13 <name=yy,type=int (id=7),value=<?>,index=10>
Variable Delete,method=Main:1#dfs:13 <name=flg,type=boolean (id=2),value=<?>,index=11>
Field Read,context=Main:1,vx
Variable Write,context=Main:1#dfs:13,i=2
Variable Delete,method=Main:1#dfs:13 <name=j,type=int (id=7),value=<?>,index=8>
Variable Write,context=Main:1#dfs:13,j=1
Field Read,context=Main:1,vx
Variable Write,context=Main:1#dfs:13,xx=2
Field Read,context=Main:1,vy
Variable Write,context=Main:1#dfs:13,yy=0
Method Call,caller=Main:1#dfs:13,target=Main:1#isOK:116
Variable Write,context=Main:1#isOK:116,xx=2
Variable Write,context=Main:1#isOK:116,yy=0
Variable Write,context=Main:1#isOK:116,result=true
Method Exit,returner=Main:1#isOK:116,value=true
Variable Write,context=Main:1#dfs:13,flg=true
Field Read,context=Main:1,dx
Variable Write,context=Main:1#dfs:13,k=0
Field Read,context=Main:1,dx
Variable Write,context=Main:1#dfs:13,xxx=2
Field Read,context=Main:1,dy
Variable Write,context=Main:1#dfs:13,yyy=0
Field Read,context=Main:1,data
Field Read,context=Main:1,dx
Variable Write,context=Main:1#dfs:13,k=1
Variable Delete,method=Main:1#dfs:13 <name=xxx,type=int (id=7),value=<?>,index=13>
Variable Delete,method=Main:1#dfs:13 <name=yyy,type=int (id=7),value=<?>,index=14>
Field Read,context=Main:1,dx
Variable Write,context=Main:1#dfs:13,xxx=2
Field Read,context=Main:1,dy
Variable Write,context=Main:1#dfs:13,yyy=1
Field Read,context=Main:1,data
Field Read,context=Main:1,dx
Variable Write,context=Main:1#dfs:13,k=2
Variable Delete,method=Main:1#dfs:13 <name=xxx,type=int (id=7),value=<?>,index=13>
Variable Delete,method=Main:1#dfs:13 <name=yyy,type=int (id=7),value=<?>,index=14>
Field Read,context=Main:1,dx
Variable Write,context=Main:1#dfs:13,xxx=3
Field Read,context=Main:1,dy
Variable Write,context=Main:1#dfs:13,yyy=0
Field Read,context=Main:1,data
Field Read,context=Main:1,dx
Variable Write,context=Main:1#dfs:13,k=3
Variable Delete,method=Main:1#dfs:13 <name=xxx,type=int (id=7),value=<?>,index=13>
Variable Delete,method=Main:1#dfs:13 <name=yyy,type=int (id=7),value=<?>,index=14>
Field Read,context=Main:1,dx
Variable Write,context=Main:1#dfs:13,xxx=3
Field Read,context=Main:1,dy
Variable Write,context=Main:1#dfs:13,yyy=1
Field Read,context=Main:1,data
Field Read,context=Main:1,dx
Variable Delete,method=Main:1#dfs:13 <name=xxx,type=int (id=7),value=<?>,index=13>
Variable Delete,method=Main:1#dfs:13 <name=yyy,type=int (id=7),value=<?>,index=14>
Variable Delete,method=Main:1#dfs:13 <name=k,type=int (id=7),value=<?>,index=12>
Variable Write,context=Main:1#dfs:13,nlt=3
Variable Write,context=Main:1#dfs:13,nlb=3
Variable Write,context=Main:1#dfs:13,nrt=3
Variable Write,context=Main:1#dfs:13,nrb=3
Variable Write,context=Main:1#dfs:13,nrt=7
Variable Write,context=Main:1#dfs:13,next=4 203373
Field Read,context=Main:1,close
Field Read,context=Main:1,close
Method Call,caller=Main:1#dfs:13,target=Main:1#dfs:14
Variable Write,context=Main:1#dfs:14,lt=3
Variable Write,context=Main:1#dfs:14,lb=3
Variable Write,context=Main:1#dfs:14,rt=7
Variable Write,context=Main:1#dfs:14,rb=3
Variable Write,context=Main:1#dfs:14,deep=4
Variable Write,context=Main:1#dfs:14,x=2
Variable Write,context=Main:1#dfs:14,y=0
Field Read,context=Main:1,n
Field Read,context=Main:1,vx
Variable Write,context=Main:1#dfs:14,i=0
Variable Write,context=Main:1#dfs:14,j=1
Field Read,context=Main:1,vx
Variable Write,context=Main:1#dfs:14,xx=2
Field Read,context=Main:1,vy
Variable Write,context=Main:1#dfs:14,yy=0
Method Call,caller=Main:1#dfs:14,target=Main:1#isOK:117
Variable Write,context=Main:1#isOK:117,xx=2
Variable Write,context=Main:1#isOK:117,yy=0
Variable Write,context=Main:1#isOK:117,result=true
Method Exit,returner=Main:1#isOK:117,value=true
Variable Write,context=Main:1#dfs:14,flg=true
Field Read,context=Main:1,dx
Variable Write,context=Main:1#dfs:14,k=0
Field Read,context=Main:1,dx
Variable Write,context=Main:1#dfs:14,xxx=2
Field Read,context=Main:1,dy
Variable Write,context=Main:1#dfs:14,yyy=0
Field Read,context=Main:1,data
Field Read,context=Main:1,dx
Variable Write,context=Main:1#dfs:14,k=1
Variable Delete,method=Main:1#dfs:14 <name=xxx,type=int (id=7),value=<?>,index=13>
Variable Delete,method=Main:1#dfs:14 <name=yyy,type=int (id=7),value=<?>,index=14>
Field Read,context=Main:1,dx
Variable Write,context=Main:1#dfs:14,xxx=2
Field Read,context=Main:1,dy
Variable Write,context=Main:1#dfs:14,yyy=1
Field Read,context=Main:1,data
Field Read,context=Main:1,dx
Variable Write,context=Main:1#dfs:14,k=2
Variable Delete,method=Main:1#dfs:14 <name=xxx,type=int (id=7),value=<?>,index=13>
Variable Delete,method=Main:1#dfs:14 <name=yyy,type=int (id=7),value=<?>,index=14>
Field Read,context=Main:1,dx
Variable Write,context=Main:1#dfs:14,xxx=3
Field Read,context=Main:1,dy
Variable Write,context=Main:1#dfs:14,yyy=0
Field Read,context=Main:1,data
Variable Write,context=Main:1#dfs:14,flg=false
Variable Delete,method=Main:1#dfs:14 <name=k,type=int (id=7),value=<?>,index=12>
Variable Delete,method=Main:1#dfs:14 <name=xxx,type=int (id=7),value=<?>,index=13>
Variable Delete,method=Main:1#dfs:14 <name=yyy,type=int (id=7),value=<?>,index=14>
Variable Write,context=Main:1#dfs:14,j=2
Variable Delete,method=Main:1#dfs:14 <name=xx,type=int (id=7),value=<?>,index=9>
Variable Delete,method=Main:1#dfs:14 <name=yy,type=int (id=7),value=<?>,index=10>
Variable Delete,method=Main:1#dfs:14 <name=flg,type=boolean (id=2),value=<?>,index=11>
Field Read,context=Main:1,vx
Variable Write,context=Main:1#dfs:14,xx=2
Field Read,context=Main:1,vy
Variable Write,context=Main:1#dfs:14,yy=0
Method Call,caller=Main:1#dfs:14,target=Main:1#isOK:118
Variable Write,context=Main:1#isOK:118,xx=2
Variable Write,context=Main:1#isOK:118,yy=0
Variable Write,context=Main:1#isOK:118,result=true
Method Exit,returner=Main:1#isOK:118,value=true
Variable Write,context=Main:1#dfs:14,flg=true
Field Read,context=Main:1,dx
Variable Write,context=Main:1#dfs:14,k=0
Field Read,context=Main:1,dx
Variable Write,context=Main:1#dfs:14,xxx=2
Field Read,context=Main:1,dy
Variable Write,context=Main:1#dfs:14,yyy=0
Field Read,context=Main:1,data
Field Read,context=Main:1,dx
Variable Write,context=Main:1#dfs:14,k=1
Variable Delete,method=Main:1#dfs:14 <name=xxx,type=int (id=7),value=<?>,index=13>
Variable Delete,method=Main:1#dfs:14 <name=yyy,type=int (id=7),value=<?>,index=14>
Field Read,context=Main:1,dx
Variable Write,context=Main:1#dfs:14,xxx=2
Field Read,context=Main:1,dy
Variable Write,context=Main:1#dfs:14,yyy=1
Field Read,context=Main:1,data
Field Read,context=Main:1,dx
Variable Write,context=Main:1#dfs:14,k=2
Variable Delete,method=Main:1#dfs:14 <name=xxx,type=int (id=7),value=<?>,index=13>
Variable Delete,method=Main:1#dfs:14 <name=yyy,type=int (id=7),value=<?>,index=14>
Field Read,context=Main:1,dx
Variable Write,context=Main:1#dfs:14,xxx=3
Field Read,context=Main:1,dy
Variable Write,context=Main:1#dfs:14,yyy=0
Field Read,context=Main:1,data
Variable Write,context=Main:1#dfs:14,flg=false
Variable Delete,method=Main:1#dfs:14 <name=k,type=int (id=7),value=<?>,index=12>
Variable Delete,method=Main:1#dfs:14 <name=xxx,type=int (id=7),value=<?>,index=13>
Variable Delete,method=Main:1#dfs:14 <name=yyy,type=int (id=7),value=<?>,index=14>
Variable Delete,method=Main:1#dfs:14 <name=xx,type=int (id=7),value=<?>,index=9>
Variable Delete,method=Main:1#dfs:14 <name=yy,type=int (id=7),value=<?>,index=10>
Variable Delete,method=Main:1#dfs:14 <name=flg,type=boolean (id=2),value=<?>,index=11>
Field Read,context=Main:1,vx
Variable Write,context=Main:1#dfs:14,i=1
Variable Delete,method=Main:1#dfs:14 <name=j,type=int (id=7),value=<?>,index=8>
Variable Write,context=Main:1#dfs:14,j=1
Field Read,context=Main:1,vx
Variable Write,context=Main:1#dfs:14,xx=2
Field Read,context=Main:1,vy
Variable Write,context=Main:1#dfs:14,yy=1
Method Call,caller=Main:1#dfs:14,target=Main:1#isOK:119
Variable Write,context=Main:1#isOK:119,xx=2
Variable Write,context=Main:1#isOK:119,yy=1
Variable Write,context=Main:1#isOK:119,result=true
Method Exit,returner=Main:1#isOK:119,value=true
Variable Write,context=Main:1#dfs:14,flg=true
Field Read,context=Main:1,dx
Variable Write,context=Main:1#dfs:14,k=0
Field Read,context=Main:1,dx
Variable Write,context=Main:1#dfs:14,xxx=2
Field Read,context=Main:1,dy
Variable Write,context=Main:1#dfs:14,yyy=1
Field Read,context=Main:1,data
Field Read,context=Main:1,dx
Variable Write,context=Main:1#dfs:14,k=1
Variable Delete,method=Main:1#dfs:14 <name=xxx,type=int (id=7),value=<?>,index=13>
Variable Delete,method=Main:1#dfs:14 <name=yyy,type=int (id=7),value=<?>,index=14>
Field Read,context=Main:1,dx
Variable Write,context=Main:1#dfs:14,xxx=2
Field Read,context=Main:1,dy
Variable Write,context=Main:1#dfs:14,yyy=2
Field Read,context=Main:1,data
Field Read,context=Main:1,dx
Variable Write,context=Main:1#dfs:14,k=2
Variable Delete,method=Main:1#dfs:14 <name=xxx,type=int (id=7),value=<?>,index=13>
Variable Delete,method=Main:1#dfs:14 <name=yyy,type=int (id=7),value=<?>,index=14>
Field Read,context=Main:1,dx
Variable Write,context=Main:1#dfs:14,xxx=3
Field Read,context=Main:1,dy
Variable Write,context=Main:1#dfs:14,yyy=1
Field Read,context=Main:1,data
Field Read,context=Main:1,dx
Variable Write,context=Main:1#dfs:14,k=3
Variable Delete,method=Main:1#dfs:14 <name=xxx,type=int (id=7),value=<?>,index=13>
Variable Delete,method=Main:1#dfs:14 <name=yyy,type=int (id=7),value=<?>,index=14>
Field Read,context=Main:1,dx
Variable Write,context=Main:1#dfs:14,xxx=3
Field Read,context=Main:1,dy
Variable Write,context=Main:1#dfs:14,yyy=2
Field Read,context=Main:1,data
Field Read,context=Main:1,dx
Variable Delete,method=Main:1#dfs:14 <name=xxx,type=int (id=7),value=<?>,index=13>
Variable Delete,method=Main:1#dfs:14 <name=yyy,type=int (id=7),value=<?>,index=14>
Variable Delete,method=Main:1#dfs:14 <name=k,type=int (id=7),value=<?>,index=12>
Variable Write,context=Main:1#dfs:14,nlt=2
Variable Write,context=Main:1#dfs:14,nlb=2
Variable Write,context=Main:1#dfs:14,nrt=6
Variable Write,context=Main:1#dfs:14,nrb=2
Variable Write,context=Main:1#dfs:14,next=5 212262
Field Read,context=Main:1,close
Field Read,context=Main:1,close
Method Call,caller=Main:1#dfs:14,target=Main:1#dfs:15
Variable Write,context=Main:1#dfs:15,lt=2
Variable Write,context=Main:1#dfs:15,lb=2
Variable Write,context=Main:1#dfs:15,rt=6
Variable Write,context=Main:1#dfs:15,rb=2
Variable Write,context=Main:1#dfs:15,deep=5
Variable Write,context=Main:1#dfs:15,x=2
Variable Write,context=Main:1#dfs:15,y=1
Field Read,context=Main:1,n
Field Read,context=Main:1,vx
Variable Write,context=Main:1#dfs:15,i=0
Variable Write,context=Main:1#dfs:15,j=1
Field Read,context=Main:1,vx
Variable Write,context=Main:1#dfs:15,xx=2
Field Read,context=Main:1,vy
Variable Write,context=Main:1#dfs:15,yy=1
Method Call,caller=Main:1#dfs:15,target=Main:1#isOK:120
Variable Write,context=Main:1#isOK:120,xx=2
Variable Write,context=Main:1#isOK:120,yy=1
Variable Write,context=Main:1#isOK:120,result=true
Method Exit,returner=Main:1#isOK:120,value=true
Variable Write,context=Main:1#dfs:15,flg=true
Field Read,context=Main:1,dx
Variable Write,context=Main:1#dfs:15,k=0
Field Read,context=Main:1,dx
Variable Write,context=Main:1#dfs:15,xxx=2
Field Read,context=Main:1,dy
Variable Write,context=Main:1#dfs:15,yyy=1
Field Read,context=Main:1,data
Field Read,context=Main:1,dx
Variable Write,context=Main:1#dfs:15,k=1
Variable Delete,method=Main:1#dfs:15 <name=xxx,type=int (id=7),value=<?>,index=13>
Variable Delete,method=Main:1#dfs:15 <name=yyy,type=int (id=7),value=<?>,index=14>
Field Read,context=Main:1,dx
Variable Write,context=Main:1#dfs:15,xxx=2
Field Read,context=Main:1,dy
Variable Write,context=Main:1#dfs:15,yyy=2
Field Read,context=Main:1,data
Field Read,context=Main:1,dx
Variable Write,context=Main:1#dfs:15,k=2
Variable Delete,method=Main:1#dfs:15 <name=xxx,type=int (id=7),value=<?>,index=13>
Variable Delete,method=Main:1#dfs:15 <name=yyy,type=int (id=7),value=<?>,index=14>
Field Read,context=Main:1,dx
Variable Write,context=Main:1#dfs:15,xxx=3
Field Read,context=Main:1,dy
Variable Write,context=Main:1#dfs:15,yyy=1
Field Read,context=Main:1,data
Field Read,context=Main:1,dx
Variable Write,context=Main:1#dfs:15,k=3
Variable Delete,method=Main:1#dfs:15 <name=xxx,type=int (id=7),value=<?>,index=13>
Variable Delete,method=Main:1#dfs:15 <name=yyy,type=int (id=7),value=<?>,index=14>
Field Read,context=Main:1,dx
Variable Write,context=Main:1#dfs:15,xxx=3
Field Read,context=Main:1,dy
Variable Write,context=Main:1#dfs:15,yyy=2
Field Read,context=Main:1,data
Field Read,context=Main:1,dx
Variable Delete,method=Main:1#dfs:15 <name=xxx,type=int (id=7),value=<?>,index=13>
Variable Delete,method=Main:1#dfs:15 <name=yyy,type=int (id=7),value=<?>,index=14>
Variable Delete,method=Main:1#dfs:15 <name=k,type=int (id=7),value=<?>,index=12>
Variable Write,context=Main:1#dfs:15,nlt=1
Variable Write,context=Main:1#dfs:15,nlb=1
Variable Write,context=Main:1#dfs:15,nrt=5
Variable Write,context=Main:1#dfs:15,nrb=1
Variable Write,context=Main:1#dfs:15,next=6 211151
Field Read,context=Main:1,close
Field Read,context=Main:1,close
Method Call,caller=Main:1#dfs:15,target=Main:1#dfs:16
Variable Write,context=Main:1#dfs:16,lt=1
Variable Write,context=Main:1#dfs:16,lb=1
Variable Write,context=Main:1#dfs:16,rt=5
Variable Write,context=Main:1#dfs:16,rb=1
Variable Write,context=Main:1#dfs:16,deep=6
Variable Write,context=Main:1#dfs:16,x=2
Variable Write,context=Main:1#dfs:16,y=1
Field Read,context=Main:1,n
Field Read,context=Main:1,vx
Variable Write,context=Main:1#dfs:16,i=0
Variable Write,context=Main:1#dfs:16,j=1
Field Read,context=Main:1,vx
Variable Write,context=Main:1#dfs:16,xx=2
Field Read,context=Main:1,vy
Variable Write,context=Main:1#dfs:16,yy=1
Method Call,caller=Main:1#dfs:16,target=Main:1#isOK:121
Variable Write,context=Main:1#isOK:121,xx=2
Variable Write,context=Main:1#isOK:121,yy=1
Variable Write,context=Main:1#isOK:121,result=true
Method Exit,returner=Main:1#isOK:121,value=true
Variable Write,context=Main:1#dfs:16,flg=true
Field Read,context=Main:1,dx
Variable Write,context=Main:1#dfs:16,k=0
Field Read,context=Main:1,dx
Variable Write,context=Main:1#dfs:16,xxx=2
Field Read,context=Main:1,dy
Variable Write,context=Main:1#dfs:16,yyy=1
Field Read,context=Main:1,data
Field Read,context=Main:1,dx
Variable Write,context=Main:1#dfs:16,k=1
Variable Delete,method=Main:1#dfs:16 <name=xxx,type=int (id=7),value=<?>,index=13>
Variable Delete,method=Main:1#dfs:16 <name=yyy,type=int (id=7),value=<?>,index=14>
Field Read,context=Main:1,dx
Variable Write,context=Main:1#dfs:16,xxx=2
Field Read,context=Main:1,dy
Variable Write,context=Main:1#dfs:16,yyy=2
Field Read,context=Main:1,data
Field Read,context=Main:1,dx
Variable Write,context=Main:1#dfs:16,k=2
Variable Delete,method=Main:1#dfs:16 <name=xxx,type=int (id=7),value=<?>,index=13>
Variable Delete,method=Main:1#dfs:16 <name=yyy,type=int (id=7),value=<?>,index=14>
Field Read,context=Main:1,dx
Variable Write,context=Main:1#dfs:16,xxx=3
Field Read,context=Main:1,dy
Variable Write,context=Main:1#dfs:16,yyy=1
Field Read,context=Main:1,data
Field Read,context=Main:1,dx
Variable Write,context=Main:1#dfs:16,k=3
Variable Delete,method=Main:1#dfs:16 <name=xxx,type=int (id=7),value=<?>,index=13>
Variable Delete,method=Main:1#dfs:16 <name=yyy,type=int (id=7),value=<?>,index=14>
Field Read,context=Main:1,dx
Variable Write,context=Main:1#dfs:16,xxx=3
Field Read,context=Main:1,dy
Variable Write,context=Main:1#dfs:16,yyy=2
Field Read,context=Main:1,data
Field Read,context=Main:1,dx
Variable Delete,method=Main:1#dfs:16 <name=xxx,type=int (id=7),value=<?>,index=13>
Variable Delete,method=Main:1#dfs:16 <name=yyy,type=int (id=7),value=<?>,index=14>
Variable Delete,method=Main:1#dfs:16 <name=k,type=int (id=7),value=<?>,index=12>
Variable Write,context=Main:1#dfs:16,nlt=0
Variable Write,context=Main:1#dfs:16,nlb=0
Variable Write,context=Main:1#dfs:16,nrt=4
Variable Write,context=Main:1#dfs:16,nrb=0
Variable Write,context=Main:1#dfs:16,j=2
Variable Delete,method=Main:1#dfs:16 <name=xx,type=int (id=7),value=<?>,index=9>
Variable Delete,method=Main:1#dfs:16 <name=yy,type=int (id=7),value=<?>,index=10>
Variable Delete,method=Main:1#dfs:16 <name=flg,type=boolean (id=2),value=<?>,index=11>
Variable Delete,method=Main:1#dfs:16 <name=nlt,type=int (id=7),value=<?>,index=15>
Variable Delete,method=Main:1#dfs:16 <name=nlb,type=int (id=7),value=<?>,index=16>
Variable Delete,method=Main:1#dfs:16 <name=nrt,type=int (id=7),value=<?>,index=17>
Variable Delete,method=Main:1#dfs:16 <name=nrb,type=int (id=7),value=<?>,index=18>
Field Read,context=Main:1,vx
Variable Write,context=Main:1#dfs:16,xx=2
Field Read,context=Main:1,vy
Variable Write,context=Main:1#dfs:16,yy=1
Method Call,caller=Main:1#dfs:16,target=Main:1#isOK:122
Variable Write,context=Main:1#isOK:122,xx=2
Variable Write,context=Main:1#isOK:122,yy=1
Variable Write,context=Main:1#isOK:122,result=true
Method Exit,returner=Main:1#isOK:122,value=true
Variable Write,context=Main:1#dfs:16,flg=true
Field Read,context=Main:1,dx
Variable Write,context=Main:1#dfs:16,k=0
Field Read,context=Main:1,dx
Variable Write,context=Main:1#dfs:16,xxx=2
Field Read,context=Main:1,dy
Variable Write,context=Main:1#dfs:16,yyy=1
Field Read,context=Main:1,data
Field Read,context=Main:1,dx
Variable Write,context=Main:1#dfs:16,k=1
Variable Delete,method=Main:1#dfs:16 <name=xxx,type=int (id=7),value=<?>,index=13>
Variable Delete,method=Main:1#dfs:16 <name=yyy,type=int (id=7),value=<?>,index=14>
Field Read,context=Main:1,dx
Variable Write,context=Main:1#dfs:16,xxx=2
Field Read,context=Main:1,dy
Variable Write,context=Main:1#dfs:16,yyy=2
Field Read,context=Main:1,data
Field Read,context=Main:1,dx
Variable Write,context=Main:1#dfs:16,k=2
Variable Delete,method=Main:1#dfs:16 <name=xxx,type=int (id=7),value=<?>,index=13>
Variable Delete,method=Main:1#dfs:16 <name=yyy,type=int (id=7),value=<?>,index=14>
Field Read,context=Main:1,dx
Variable Write,context=Main:1#dfs:16,xxx=3
Field Read,context=Main:1,dy
Variable Write,context=Main:1#dfs:16,yyy=1
Field Read,context=Main:1,data
Field Read,context=Main:1,dx
Variable Write,context=Main:1#dfs:16,k=3
Variable Delete,method=Main:1#dfs:16 <name=xxx,type=int (id=7),value=<?>,index=13>
Variable Delete,method=Main:1#dfs:16 <name=yyy,type=int (id=7),value=<?>,index=14>
Field Read,context=Main:1,dx
Variable Write,context=Main:1#dfs:16,xxx=3
Field Read,context=Main:1,dy
Variable Write,context=Main:1#dfs:16,yyy=2
Field Read,context=Main:1,data
Field Read,context=Main:1,dx
Variable Delete,method=Main:1#dfs:16 <name=xxx,type=int (id=7),value=<?>,index=13>
Variable Delete,method=Main:1#dfs:16 <name=yyy,type=int (id=7),value=<?>,index=14>
Variable Delete,method=Main:1#dfs:16 <name=k,type=int (id=7),value=<?>,index=12>
Variable Write,context=Main:1#dfs:16,nlt=0
Variable Write,context=Main:1#dfs:16,nlb=0
Variable Write,context=Main:1#dfs:16,nrt=4
Variable Write,context=Main:1#dfs:16,nrb=0
Variable Delete,method=Main:1#dfs:16 <name=xx,type=int (id=7),value=<?>,index=9>
Variable Delete,method=Main:1#dfs:16 <name=yy,type=int (id=7),value=<?>,index=10>
Variable Delete,method=Main:1#dfs:16 <name=flg,type=boolean (id=2),value=<?>,index=11>
Variable Delete,method=Main:1#dfs:16 <name=nlt,type=int (id=7),value=<?>,index=15>
Variable Delete,method=Main:1#dfs:16 <name=nlb,type=int (id=7),value=<?>,index=16>
Variable Delete,method=Main:1#dfs:16 <name=nrt,type=int (id=7),value=<?>,index=17>
Variable Delete,method=Main:1#dfs:16 <name=nrb,type=int (id=7),value=<?>,index=18>
Field Read,context=Main:1,vx
Variable Write,context=Main:1#dfs:16,i=1
Variable Delete,method=Main:1#dfs:16 <name=j,type=int (id=7),value=<?>,index=8>
Variable Write,context=Main:1#dfs:16,j=1
Field Read,context=Main:1,vx
Variable Write,context=Main:1#dfs:16,xx=2
Field Read,context=Main:1,vy
Variable Write,context=Main:1#dfs:16,yy=2
Method Call,caller=Main:1#dfs:16,target=Main:1#isOK:123
Variable Write,context=Main:1#isOK:123,xx=2
Variable Write,context=Main:1#isOK:123,yy=2
Variable Write,context=Main:1#isOK:123,result=true
Method Exit,returner=Main:1#isOK:123,value=true
Variable Write,context=Main:1#dfs:16,flg=true
Field Read,context=Main:1,dx
Variable Write,context=Main:1#dfs:16,k=0
Field Read,context=Main:1,dx
Variable Write,context=Main:1#dfs:16,xxx=2
Field Read,context=Main:1,dy
Variable Write,context=Main:1#dfs:16,yyy=2
Field Read,context=Main:1,data
Field Read,context=Main:1,dx
Variable Write,context=Main:1#dfs:16,k=1
Variable Delete,method=Main:1#dfs:16 <name=xxx,type=int (id=7),value=<?>,index=13>
Variable Delete,method=Main:1#dfs:16 <name=yyy,type=int (id=7),value=<?>,index=14>
Field Read,context=Main:1,dx
Variable Write,context=Main:1#dfs:16,xxx=2
Field Read,context=Main:1,dy
Variable Write,context=Main:1#dfs:16,yyy=3
Field Read,context=Main:1,data
Field Read,context=Main:1,dx
Variable Write,context=Main:1#dfs:16,k=2
Variable Delete,method=Main:1#dfs:16 <name=xxx,type=int (id=7),value=<?>,index=13>
Variable Delete,method=Main:1#dfs:16 <name=yyy,type=int (id=7),value=<?>,index=14>
Field Read,context=Main:1,dx
Variable Write,context=Main:1#dfs:16,xxx=3
Field Read,context=Main:1,dy
Variable Write,context=Main:1#dfs:16,yyy=2
Field Read,context=Main:1,data
Field Read,context=Main:1,dx
Variable Write,context=Main:1#dfs:16,k=3
Variable Delete,method=Main:1#dfs:16 <name=xxx,type=int (id=7),value=<?>,index=13>
Variable Delete,method=Main:1#dfs:16 <name=yyy,type=int (id=7),value=<?>,index=14>
Field Read,context=Main:1,dx
Variable Write,context=Main:1#dfs:16,xxx=3
Field Read,context=Main:1,dy
Variable Write,context=Main:1#dfs:16,yyy=3
Field Read,context=Main:1,data
Field Read,context=Main:1,dx
Variable Delete,method=Main:1#dfs:16 <name=xxx,type=int (id=7),value=<?>,index=13>
Variable Delete,method=Main:1#dfs:16 <name=yyy,type=int (id=7),value=<?>,index=14>
Variable Delete,method=Main:1#dfs:16 <name=k,type=int (id=7),value=<?>,index=12>
Variable Write,context=Main:1#dfs:16,nlt=0
Variable Write,context=Main:1#dfs:16,nlb=0
Variable Write,context=Main:1#dfs:16,nrt=4
Variable Write,context=Main:1#dfs:16,nrb=0
Variable Write,context=Main:1#dfs:16,nrb=7
Variable Write,context=Main:1#dfs:16,j=2
Variable Delete,method=Main:1#dfs:16 <name=xx,type=int (id=7),value=<?>,index=9>
Variable Delete,method=Main:1#dfs:16 <name=yy,type=int (id=7),value=<?>,index=10>
Variable Delete,method=Main:1#dfs:16 <name=flg,type=boolean (id=2),value=<?>,index=11>
Variable Delete,method=Main:1#dfs:16 <name=nlt,type=int (id=7),value=<?>,index=15>
Variable Delete,method=Main:1#dfs:16 <name=nlb,type=int (id=7),value=<?>,index=16>
Variable Delete,method=Main:1#dfs:16 <name=nrt,type=int (id=7),value=<?>,index=17>
Variable Delete,method=Main:1#dfs:16 <name=nrb,type=int (id=7),value=<?>,index=18>
Field Read,context=Main:1,vx
Variable Write,context=Main:1#dfs:16,xx=2
Field Read,context=Main:1,vy
Variable Write,context=Main:1#dfs:16,yy=3
Method Call,caller=Main:1#dfs:16,target=Main:1#isOK:124
Variable Write,context=Main:1#isOK:124,xx=2
Variable Write,context=Main:1#isOK:124,yy=3
Variable Write,context=Main:1#isOK:124,result=false
Method Exit,returner=Main:1#isOK:124,value=false
Variable Delete,method=Main:1#dfs:16 <name=xx,type=int (id=7),value=<?>,index=9>
Variable Delete,method=Main:1#dfs:16 <name=yy,type=int (id=7),value=<?>,index=10>
Field Read,context=Main:1,vx
Variable Write,context=Main:1#dfs:16,i=2
Variable Delete,method=Main:1#dfs:16 <name=j,type=int (id=7),value=<?>,index=8>
Variable Write,context=Main:1#dfs:16,j=1
Field Read,context=Main:1,vx
Variable Write,context=Main:1#dfs:16,xx=3
Field Read,context=Main:1,vy
Variable Write,context=Main:1#dfs:16,yy=1
Method Call,caller=Main:1#dfs:16,target=Main:1#isOK:125
Variable Write,context=Main:1#isOK:125,xx=3
Variable Write,context=Main:1#isOK:125,yy=1
Variable Write,context=Main:1#isOK:125,result=false
Method Exit,returner=Main:1#isOK:125,value=false
Variable Write,context=Main:1#dfs:16,j=2
Variable Delete,method=Main:1#dfs:16 <name=xx,type=int (id=7),value=<?>,index=9>
Variable Delete,method=Main:1#dfs:16 <name=yy,type=int (id=7),value=<?>,index=10>
Field Read,context=Main:1,vx
Variable Write,context=Main:1#dfs:16,xx=4
Field Read,context=Main:1,vy
Variable Write,context=Main:1#dfs:16,yy=1
Method Call,caller=Main:1#dfs:16,target=Main:1#isOK:126
Variable Write,context=Main:1#isOK:126,xx=4
Variable Write,context=Main:1#isOK:126,yy=1
Variable Write,context=Main:1#isOK:126,result=false
Method Exit,returner=Main:1#isOK:126,value=false
Variable Delete,method=Main:1#dfs:16 <name=xx,type=int (id=7),value=<?>,index=9>
Variable Delete,method=Main:1#dfs:16 <name=yy,type=int (id=7),value=<?>,index=10>
Field Read,context=Main:1,vx
Variable Write,context=Main:1#dfs:16,i=3
Variable Delete,method=Main:1#dfs:16 <name=j,type=int (id=7),value=<?>,index=8>
Variable Write,context=Main:1#dfs:16,j=1
Field Read,context=Main:1,vx
Variable Write,context=Main:1#dfs:16,xx=2
Field Read,context=Main:1,vy
Variable Write,context=Main:1#dfs:16,yy=0
Method Call,caller=Main:1#dfs:16,target=Main:1#isOK:127
Variable Write,context=Main:1#isOK:127,xx=2
Variable Write,context=Main:1#isOK:127,yy=0
Variable Write,context=Main:1#isOK:127,result=true
Method Exit,returner=Main:1#isOK:127,value=true
Variable Write,context=Main:1#dfs:16,flg=true
Field Read,context=Main:1,dx
Variable Write,context=Main:1#dfs:16,k=0
Field Read,context=Main:1,dx
Variable Write,context=Main:1#dfs:16,xxx=2
Field Read,context=Main:1,dy
Variable Write,context=Main:1#dfs:16,yyy=0
Field Read,context=Main:1,data
Field Read,context=Main:1,dx
Variable Write,context=Main:1#dfs:16,k=1
Variable Delete,method=Main:1#dfs:16 <name=xxx,type=int (id=7),value=<?>,index=13>
Variable Delete,method=Main:1#dfs:16 <name=yyy,type=int (id=7),value=<?>,index=14>
Field Read,context=Main:1,dx
Variable Write,context=Main:1#dfs:16,xxx=2
Field Read,context=Main:1,dy
Variable Write,context=Main:1#dfs:16,yyy=1
Field Read,context=Main:1,data
Field Read,context=Main:1,dx
Variable Write,context=Main:1#dfs:16,k=2
Variable Delete,method=Main:1#dfs:16 <name=xxx,type=int (id=7),value=<?>,index=13>
Variable Delete,method=Main:1#dfs:16 <name=yyy,type=int (id=7),value=<?>,index=14>
Field Read,context=Main:1,dx
Variable Write,context=Main:1#dfs:16,xxx=3
Field Read,context=Main:1,dy
Variable Write,context=Main:1#dfs:16,yyy=0
Field Read,context=Main:1,data
Field Read,context=Main:1,dx
Variable Write,context=Main:1#dfs:16,k=3
Variable Delete,method=Main:1#dfs:16 <name=xxx,type=int (id=7),value=<?>,index=13>
Variable Delete,method=Main:1#dfs:16 <name=yyy,type=int (id=7),value=<?>,index=14>
Field Read,context=Main:1,dx
Variable Write,context=Main:1#dfs:16,xxx=3
Field Read,context=Main:1,dy
Variable Write,context=Main:1#dfs:16,yyy=1
Field Read,context=Main:1,data
Field Read,context=Main:1,dx
Variable Delete,method=Main:1#dfs:16 <name=xxx,type=int (id=7),value=<?>,index=13>
Variable Delete,method=Main:1#dfs:16 <name=yyy,type=int (id=7),value=<?>,index=14>
Variable Delete,method=Main:1#dfs:16 <name=k,type=int (id=7),value=<?>,index=12>
Variable Write,context=Main:1#dfs:16,nlt=0
Variable Write,context=Main:1#dfs:16,nlb=0
Variable Write,context=Main:1#dfs:16,nrt=4
Variable Write,context=Main:1#dfs:16,nrb=0
Variable Write,context=Main:1#dfs:16,nrt=7
Variable Write,context=Main:1#dfs:16,j=2
Variable Delete,method=Main:1#dfs:16 <name=xx,type=int (id=7),value=<?>,index=9>
Variable Delete,method=Main:1#dfs:16 <name=yy,type=int (id=7),value=<?>,index=10>
Variable Delete,method=Main:1#dfs:16 <name=flg,type=boolean (id=2),value=<?>,index=11>
Variable Delete,method=Main:1#dfs:16 <name=nlt,type=int (id=7),value=<?>,index=15>
Variable Delete,method=Main:1#dfs:16 <name=nlb,type=int (id=7),value=<?>,index=16>
Variable Delete,method=Main:1#dfs:16 <name=nrt,type=int (id=7),value=<?>,index=17>
Variable Delete,method=Main:1#dfs:16 <name=nrb,type=int (id=7),value=<?>,index=18>
Field Read,context=Main:1,vx
Variable Write,context=Main:1#dfs:16,xx=2
Field Read,context=Main:1,vy
Variable Write,context=Main:1#dfs:16,yy=-1
Method Call,caller=Main:1#dfs:16,target=Main:1#isOK:128
Variable Write,context=Main:1#isOK:128,xx=2
Variable Write,context=Main:1#isOK:128,yy=-1
Variable Write,context=Main:1#isOK:128,result=false
Method Exit,returner=Main:1#isOK:128,value=false
Variable Delete,method=Main:1#dfs:16 <name=xx,type=int (id=7),value=<?>,index=9>
Variable Delete,method=Main:1#dfs:16 <name=yy,type=int (id=7),value=<?>,index=10>
Field Read,context=Main:1,vx
Variable Write,context=Main:1#dfs:16,i=4
Variable Delete,method=Main:1#dfs:16 <name=j,type=int (id=7),value=<?>,index=8>
Variable Write,context=Main:1#dfs:16,j=1
Field Read,context=Main:1,vx
Variable Write,context=Main:1#dfs:16,xx=1
Field Read,context=Main:1,vy
Variable Write,context=Main:1#dfs:16,yy=1
Method Call,caller=Main:1#dfs:16,target=Main:1#isOK:129
Variable Write,context=Main:1#isOK:129,xx=1
Variable Write,context=Main:1#isOK:129,yy=1
Variable Write,context=Main:1#isOK:129,result=true
Method Exit,returner=Main:1#isOK:129,value=true
Variable Write,context=Main:1#dfs:16,flg=true
Field Read,context=Main:1,dx
Variable Write,context=Main:1#dfs:16,k=0
Field Read,context=Main:1,dx
Variable Write,context=Main:1#dfs:16,xxx=1
Field Read,context=Main:1,dy
Variable Write,context=Main:1#dfs:16,yyy=1
Field Read,context=Main:1,data
Variable Write,context=Main:1#dfs:16,flg=false
Variable Delete,method=Main:1#dfs:16 <name=k,type=int (id=7),value=<?>,index=12>
Variable Delete,method=Main:1#dfs:16 <name=xxx,type=int (id=7),value=<?>,index=13>
Variable Delete,method=Main:1#dfs:16 <name=yyy,type=int (id=7),value=<?>,index=14>
Variable Write,context=Main:1#dfs:16,j=2
Variable Delete,method=Main:1#dfs:16 <name=xx,type=int (id=7),value=<?>,index=9>
Variable Delete,method=Main:1#dfs:16 <name=yy,type=int (id=7),value=<?>,index=10>
Variable Delete,method=Main:1#dfs:16 <name=flg,type=boolean (id=2),value=<?>,index=11>
Field Read,context=Main:1,vx
Variable Write,context=Main:1#dfs:16,xx=0
Field Read,context=Main:1,vy
Variable Write,context=Main:1#dfs:16,yy=1
Method Call,caller=Main:1#dfs:16,target=Main:1#isOK:130
Variable Write,context=Main:1#isOK:130,xx=0
Variable Write,context=Main:1#isOK:130,yy=1
Variable Write,context=Main:1#isOK:130,result=true
Method Exit,returner=Main:1#isOK:130,value=true
Variable Write,context=Main:1#dfs:16,flg=true
Field Read,context=Main:1,dx
Variable Write,context=Main:1#dfs:16,k=0
Field Read,context=Main:1,dx
Variable Write,context=Main:1#dfs:16,xxx=0
Field Read,context=Main:1,dy
Variable Write,context=Main:1#dfs:16,yyy=1
Field Read,context=Main:1,data
Field Read,context=Main:1,dx
Variable Write,context=Main:1#dfs:16,k=1
Variable Delete,method=Main:1#dfs:16 <name=xxx,type=int (id=7),value=<?>,index=13>
Variable Delete,method=Main:1#dfs:16 <name=yyy,type=int (id=7),value=<?>,index=14>
Field Read,context=Main:1,dx
Variable Write,context=Main:1#dfs:16,xxx=0
Field Read,context=Main:1,dy
Variable Write,context=Main:1#dfs:16,yyy=2
Field Read,context=Main:1,data
Variable Write,context=Main:1#dfs:16,flg=false
Variable Delete,method=Main:1#dfs:16 <name=k,type=int (id=7),value=<?>,index=12>
Variable Delete,method=Main:1#dfs:16 <name=xxx,type=int (id=7),value=<?>,index=13>
Variable Delete,method=Main:1#dfs:16 <name=yyy,type=int (id=7),value=<?>,index=14>
Variable Delete,method=Main:1#dfs:16 <name=xx,type=int (id=7),value=<?>,index=9>
Variable Delete,method=Main:1#dfs:16 <name=yy,type=int (id=7),value=<?>,index=10>
Variable Delete,method=Main:1#dfs:16 <name=flg,type=boolean (id=2),value=<?>,index=11>
Field Read,context=Main:1,vx
Variable Delete,method=Main:1#dfs:16 <name=j,type=int (id=7),value=<?>,index=8>
Method Exit,returner=Main:1#dfs:16,value=<void>
Variable Write,context=Main:1#dfs:15,j=2
Variable Delete,method=Main:1#dfs:15 <name=xx,type=int (id=7),value=<?>,index=9>
Variable Delete,method=Main:1#dfs:15 <name=yy,type=int (id=7),value=<?>,index=10>
Variable Delete,method=Main:1#dfs:15 <name=flg,type=boolean (id=2),value=<?>,index=11>
Variable Delete,method=Main:1#dfs:15 <name=nlt,type=int (id=7),value=<?>,index=15>
Variable Delete,method=Main:1#dfs:15 <name=nlb,type=int (id=7),value=<?>,index=16>
Variable Delete,method=Main:1#dfs:15 <name=nrt,type=int (id=7),value=<?>,index=17>
Variable Delete,method=Main:1#dfs:15 <name=nrb,type=int (id=7),value=<?>,index=18>
Variable Delete,method=Main:1#dfs:15 <name=next,type=java.lang.String (id=25),value=<?>,index=19>
Field Read,context=Main:1,vx
Variable Write,context=Main:1#dfs:15,xx=2
Field Read,context=Main:1,vy
Variable Write,context=Main:1#dfs:15,yy=1
Method Call,caller=Main:1#dfs:15,target=Main:1#isOK:131
Variable Write,context=Main:1#isOK:131,xx=2
Variable Write,context=Main:1#isOK:131,yy=1
Variable Write,context=Main:1#isOK:131,result=true
Method Exit,returner=Main:1#isOK:131,value=true
Variable Write,context=Main:1#dfs:15,flg=true
Field Read,context=Main:1,dx
Variable Write,context=Main:1#dfs:15,k=0
Field Read,context=Main:1,dx
Variable Write,context=Main:1#dfs:15,xxx=2
Field Read,context=Main:1,dy
Variable Write,context=Main:1#dfs:15,yyy=1
Field Read,context=Main:1,data
Field Read,context=Main:1,dx
Variable Write,context=Main:1#dfs:15,k=1
Variable Delete,method=Main:1#dfs:15 <name=xxx,type=int (id=7),value=<?>,index=13>
Variable Delete,method=Main:1#dfs:15 <name=yyy,type=int (id=7),value=<?>,index=14>
Field Read,context=Main:1,dx
Variable Write,context=Main:1#dfs:15,xxx=2
Field Read,context=Main:1,dy
Variable Write,context=Main:1#dfs:15,yyy=2
Field Read,context=Main:1,data
Field Read,context=Main:1,dx
Variable Write,context=Main:1#dfs:15,k=2
Variable Delete,method=Main:1#dfs:15 <name=xxx,type=int (id=7),value=<?>,index=13>
Variable Delete,method=Main:1#dfs:15 <name=yyy,type=int (id=7),value=<?>,index=14>
Field Read,context=Main:1,dx
Variable Write,context=Main:1#dfs:15,xxx=3
Field Read,context=Main:1,dy
Variable Write,context=Main:1#dfs:15,yyy=1
Field Read,context=Main:1,data
Field Read,context=Main:1,dx
Variable Write,context=Main:1#dfs:15,k=3
Variable Delete,method=Main:1#dfs:15 <name=xxx,type=int (id=7),value=<?>,index=13>
Variable Delete,method=Main:1#dfs:15 <name=yyy,type=int (id=7),value=<?>,index=14>
Field Read,context=Main:1,dx
Variable Write,context=Main:1#dfs:15,xxx=3
Field Read,context=Main:1,dy
Variable Write,context=Main:1#dfs:15,yyy=2
Field Read,context=Main:1,data
Field Read,context=Main:1,dx
Variable Delete,method=Main:1#dfs:15 <name=xxx,type=int (id=7),value=<?>,index=13>
Variable Delete,method=Main:1#dfs:15 <name=yyy,type=int (id=7),value=<?>,index=14>
Variable Delete,method=Main:1#dfs:15 <name=k,type=int (id=7),value=<?>,index=12>
Variable Write,context=Main:1#dfs:15,nlt=1
Variable Write,context=Main:1#dfs:15,nlb=1
Variable Write,context=Main:1#dfs:15,nrt=5
Variable Write,context=Main:1#dfs:15,nrb=1
Variable Write,context=Main:1#dfs:15,next=6 211151
Field Read,context=Main:1,close
Variable Delete,method=Main:1#dfs:15 <name=xx,type=int (id=7),value=<?>,index=9>
Variable Delete,method=Main:1#dfs:15 <name=yy,type=int (id=7),value=<?>,index=10>
Variable Delete,method=Main:1#dfs:15 <name=flg,type=boolean (id=2),value=<?>,index=11>
Variable Delete,method=Main:1#dfs:15 <name=nlt,type=int (id=7),value=<?>,index=15>
Variable Delete,method=Main:1#dfs:15 <name=nlb,type=int (id=7),value=<?>,index=16>
Variable Delete,method=Main:1#dfs:15 <name=nrt,type=int (id=7),value=<?>,index=17>
Variable Delete,method=Main:1#dfs:15 <name=nrb,type=int (id=7),value=<?>,index=18>
Variable Delete,method=Main:1#dfs:15 <name=next,type=java.lang.String (id=25),value=<?>,index=19>
Field Read,context=Main:1,vx
Variable Write,context=Main:1#dfs:15,i=1
Variable Delete,method=Main:1#dfs:15 <name=j,type=int (id=7),value=<?>,index=8>
Variable Write,context=Main:1#dfs:15,j=1
Field Read,context=Main:1,vx
Variable Write,context=Main:1#dfs:15,xx=2
Field Read,context=Main:1,vy
Variable Write,context=Main:1#dfs:15,yy=2
Method Call,caller=Main:1#dfs:15,target=Main:1#isOK:132
Variable Write,context=Main:1#isOK:132,xx=2
Variable Write,context=Main:1#isOK:132,yy=2
Variable Write,context=Main:1#isOK:132,result=true
Method Exit,returner=Main:1#isOK:132,value=true
Variable Write,context=Main:1#dfs:15,flg=true
Field Read,context=Main:1,dx
Variable Write,context=Main:1#dfs:15,k=0
Field Read,context=Main:1,dx
Variable Write,context=Main:1#dfs:15,xxx=2
Field Read,context=Main:1,dy
Variable Write,context=Main:1#dfs:15,yyy=2
Field Read,context=Main:1,data
Field Read,context=Main:1,dx
Variable Write,context=Main:1#dfs:15,k=1
Variable Delete,method=Main:1#dfs:15 <name=xxx,type=int (id=7),value=<?>,index=13>
Variable Delete,method=Main:1#dfs:15 <name=yyy,type=int (id=7),value=<?>,index=14>
Field Read,context=Main:1,dx
Variable Write,context=Main:1#dfs:15,xxx=2
Field Read,context=Main:1,dy
Variable Write,context=Main:1#dfs:15,yyy=3
Field Read,context=Main:1,data
Field Read,context=Main:1,dx
Variable Write,context=Main:1#dfs:15,k=2
Variable Delete,method=Main:1#dfs:15 <name=xxx,type=int (id=7),value=<?>,index=13>
Variable Delete,method=Main:1#dfs:15 <name=yyy,type=int (id=7),value=<?>,index=14>
Field Read,context=Main:1,dx
Variable Write,context=Main:1#dfs:15,xxx=3
Field Read,context=Main:1,dy
Variable Write,context=Main:1#dfs:15,yyy=2
Field Read,context=Main:1,data
Field Read,context=Main:1,dx
Variable Write,context=Main:1#dfs:15,k=3
Variable Delete,method=Main:1#dfs:15 <name=xxx,type=int (id=7),value=<?>,index=13>
Variable Delete,method=Main:1#dfs:15 <name=yyy,type=int (id=7),value=<?>,index=14>
Field Read,context=Main:1,dx
Variable Write,context=Main:1#dfs:15,xxx=3
Field Read,context=Main:1,dy
Variable Write,context=Main:1#dfs:15,yyy=3
Field Read,context=Main:1,data
Variable Write,context=Main:1#dfs:15,flg=false
Variable Delete,method=Main:1#dfs:15 <name=k,type=int (id=7),value=<?>,index=12>
Variable Delete,method=Main:1#dfs:15 <name=xxx,type=int (id=7),value=<?>,index=13>
Variable Delete,method=Main:1#dfs:15 <name=yyy,type=int (id=7),value=<?>,index=14>
Variable Write,context=Main:1#dfs:15,j=2
Variable Delete,method=Main:1#dfs:15 <name=xx,type=int (id=7),value=<?>,index=9>
Variable Delete,method=Main:1#dfs:15 <name=yy,type=int (id=7),value=<?>,index=10>
Variable Delete,method=Main:1#dfs:15 <name=flg,type=boolean (id=2),value=<?>,index=11>
Field Read,context=Main:1,vx
Variable Write,context=Main:1#dfs:15,xx=2
Field Read,context=Main:1,vy
Variable Write,context=Main:1#dfs:15,yy=3
Method Call,caller=Main:1#dfs:15,target=Main:1#isOK:133
Variable Write,context=Main:1#isOK:133,xx=2
Variable Write,context=Main:1#isOK:133,yy=3
Variable Write,context=Main:1#isOK:133,result=false
Method Exit,returner=Main:1#isOK:133,value=false
Variable Delete,method=Main:1#dfs:15 <name=xx,type=int (id=7),value=<?>,index=9>
Variable Delete,method=Main:1#dfs:15 <name=yy,type=int (id=7),value=<?>,index=10>
Field Read,context=Main:1,vx
Variable Write,context=Main:1#dfs:15,i=2
Variable Delete,method=Main:1#dfs:15 <name=j,type=int (id=7),value=<?>,index=8>
Variable Write,context=Main:1#dfs:15,j=1
Field Read,context=Main:1,vx
Variable Write,context=Main:1#dfs:15,xx=3
Field Read,context=Main:1,vy
Variable Write,context=Main:1#dfs:15,yy=1
Method Call,caller=Main:1#dfs:15,target=Main:1#isOK:134
Variable Write,context=Main:1#isOK:134,xx=3
Variable Write,context=Main:1#isOK:134,yy=1
Variable Write,context=Main:1#isOK:134,result=false
Method Exit,returner=Main:1#isOK:134,value=false
Variable Write,context=Main:1#dfs:15,j=2
Variable Delete,method=Main:1#dfs:15 <name=xx,type=int (id=7),value=<?>,index=9>
Variable Delete,method=Main:1#dfs:15 <name=yy,type=int (id=7),value=<?>,index=10>
Field Read,context=Main:1,vx
Variable Write,context=Main:1#dfs:15,xx=4
Field Read,context=Main:1,vy
Variable Write,context=Main:1#dfs:15,yy=1
Method Call,caller=Main:1#dfs:15,target=Main:1#isOK:135
Variable Write,context=Main:1#isOK:135,xx=4
Variable Write,context=Main:1#isOK:135,yy=1
Variable Write,context=Main:1#isOK:135,result=false
Method Exit,returner=Main:1#isOK:135,value=false
Variable Delete,method=Main:1#dfs:15 <name=xx,type=int (id=7),value=<?>,index=9>
Variable Delete,method=Main:1#dfs:15 <name=yy,type=int (id=7),value=<?>,index=10>
Field Read,context=Main:1,vx
Variable Write,context=Main:1#dfs:15,i=3
Variable Delete,method=Main:1#dfs:15 <name=j,type=int (id=7),value=<?>,index=8>
Variable Write,context=Main:1#dfs:15,j=1
Field Read,context=Main:1,vx
Variable Write,context=Main:1#dfs:15,xx=2
Field Read,context=Main:1,vy
Variable Write,context=Main:1#dfs:15,yy=0
Method Call,caller=Main:1#dfs:15,target=Main:1#isOK:136
Variable Write,context=Main:1#isOK:136,xx=2
Variable Write,context=Main:1#isOK:136,yy=0
Variable Write,context=Main:1#isOK:136,result=true
Method Exit,returner=Main:1#isOK:136,value=true
Variable Write,context=Main:1#dfs:15,flg=true
Field Read,context=Main:1,dx
Variable Write,context=Main:1#dfs:15,k=0
Field Read,context=Main:1,dx
Variable Write,context=Main:1#dfs:15,xxx=2
Field Read,context=Main:1,dy
Variable Write,context=Main:1#dfs:15,yyy=0
Field Read,context=Main:1,data
Field Read,context=Main:1,dx
Variable Write,context=Main:1#dfs:15,k=1
Variable Delete,method=Main:1#dfs:15 <name=xxx,type=int (id=7),value=<?>,index=13>
Variable Delete,method=Main:1#dfs:15 <name=yyy,type=int (id=7),value=<?>,index=14>
Field Read,context=Main:1,dx
Variable Write,context=Main:1#dfs:15,xxx=2
Field Read,context=Main:1,dy
Variable Write,context=Main:1#dfs:15,yyy=1
Field Read,context=Main:1,data
Field Read,context=Main:1,dx
Variable Write,context=Main:1#dfs:15,k=2
Variable Delete,method=Main:1#dfs:15 <name=xxx,type=int (id=7),value=<?>,index=13>
Variable Delete,method=Main:1#dfs:15 <name=yyy,type=int (id=7),value=<?>,index=14>
Field Read,context=Main:1,dx
Variable Write,context=Main:1#dfs:15,xxx=3
Field Read,context=Main:1,dy
Variable Write,context=Main:1#dfs:15,yyy=0
Field Read,context=Main:1,data
Variable Write,context=Main:1#dfs:15,flg=false
Variable Delete,method=Main:1#dfs:15 <name=k,type=int (id=7),value=<?>,index=12>
Variable Delete,method=Main:1#dfs:15 <name=xxx,type=int (id=7),value=<?>,index=13>
Variable Delete,method=Main:1#dfs:15 <name=yyy,type=int (id=7),value=<?>,index=14>
Variable Write,context=Main:1#dfs:15,j=2
Variable Delete,method=Main:1#dfs:15 <name=xx,type=int (id=7),value=<?>,index=9>
Variable Delete,method=Main:1#dfs:15 <name=yy,type=int (id=7),value=<?>,index=10>
Variable Delete,method=Main:1#dfs:15 <name=flg,type=boolean (id=2),value=<?>,index=11>
Field Read,context=Main:1,vx
Variable Write,context=Main:1#dfs:15,xx=2
Field Read,context=Main:1,vy
Variable Write,context=Main:1#dfs:15,yy=-1
Method Call,caller=Main:1#dfs:15,target=Main:1#isOK:137
Variable Write,context=Main:1#isOK:137,xx=2
Variable Write,context=Main:1#isOK:137,yy=-1
Variable Write,context=Main:1#isOK:137,result=false
Method Exit,returner=Main:1#isOK:137,value=false
Variable Delete,method=Main:1#dfs:15 <name=xx,type=int (id=7),value=<?>,index=9>
Variable Delete,method=Main:1#dfs:15 <name=yy,type=int (id=7),value=<?>,index=10>
Field Read,context=Main:1,vx
Variable Write,context=Main:1#dfs:15,i=4
Variable Delete,method=Main:1#dfs:15 <name=j,type=int (id=7),value=<?>,index=8>
Variable Write,context=Main:1#dfs:15,j=1
Field Read,context=Main:1,vx
Variable Write,context=Main:1#dfs:15,xx=1
Field Read,context=Main:1,vy
Variable Write,context=Main:1#dfs:15,yy=1
Method Call,caller=Main:1#dfs:15,target=Main:1#isOK:138
Variable Write,context=Main:1#isOK:138,xx=1
Variable Write,context=Main:1#isOK:138,yy=1
Variable Write,context=Main:1#isOK:138,result=true
Method Exit,returner=Main:1#isOK:138,value=true
Variable Write,context=Main:1#dfs:15,flg=true
Field Read,context=Main:1,dx
Variable Write,context=Main:1#dfs:15,k=0
Field Read,context=Main:1,dx
Variable Write,context=Main:1#dfs:15,xxx=1
Field Read,context=Main:1,dy
Variable Write,context=Main:1#dfs:15,yyy=1
Field Read,context=Main:1,data
Field Read,context=Main:1,dx
Variable Write,context=Main:1#dfs:15,k=1
Variable Delete,method=Main:1#dfs:15 <name=xxx,type=int (id=7),value=<?>,index=13>
Variable Delete,method=Main:1#dfs:15 <name=yyy,type=int (id=7),value=<?>,index=14>
Field Read,context=Main:1,dx
Variable Write,context=Main:1#dfs:15,xxx=1
Field Read,context=Main:1,dy
Variable Write,context=Main:1#dfs:15,yyy=2
Field Read,context=Main:1,data
Field Read,context=Main:1,dx
Variable Write,context=Main:1#dfs:15,k=2
Variable Delete,method=Main:1#dfs:15 <name=xxx,type=int (id=7),value=<?>,index=13>
Variable Delete,method=Main:1#dfs:15 <name=yyy,type=int (id=7),value=<?>,index=14>
Field Read,context=Main:1,dx
Variable Write,context=Main:1#dfs:15,xxx=2
Field Read,context=Main:1,dy
Variable Write,context=Main:1#dfs:15,yyy=1
Field Read,context=Main:1,data
Field Read,context=Main:1,dx
Variable Write,context=Main:1#dfs:15,k=3
Variable Delete,method=Main:1#dfs:15 <name=xxx,type=int (id=7),value=<?>,index=13>
Variable Delete,method=Main:1#dfs:15 <name=yyy,type=int (id=7),value=<?>,index=14>
Field Read,context=Main:1,dx
Variable Write,context=Main:1#dfs:15,xxx=2
Field Read,context=Main:1,dy
Variable Write,context=Main:1#dfs:15,yyy=2
Field Read,context=Main:1,data
Field Read,context=Main:1,dx
Variable Delete,method=Main:1#dfs:15 <name=xxx,type=int (id=7),value=<?>,index=13>
Variable Delete,method=Main:1#dfs:15 <name=yyy,type=int (id=7),value=<?>,index=14>
Variable Delete,method=Main:1#dfs:15 <name=k,type=int (id=7),value=<?>,index=12>
Variable Write,context=Main:1#dfs:15,nlt=1
Variable Write,context=Main:1#dfs:15,nlb=1
Variable Write,context=Main:1#dfs:15,nrt=5
Variable Write,context=Main:1#dfs:15,nrb=1
Variable Write,context=Main:1#dfs:15,next=6 111151
Field Read,context=Main:1,close
Field Read,context=Main:1,close
Method Call,caller=Main:1#dfs:15,target=Main:1#dfs:17
Variable Write,context=Main:1#dfs:17,lt=1
Variable Write,context=Main:1#dfs:17,lb=1
Variable Write,context=Main:1#dfs:17,rt=5
Variable Write,context=Main:1#dfs:17,rb=1
Variable Write,context=Main:1#dfs:17,deep=6
Variable Write,context=Main:1#dfs:17,x=1
Variable Write,context=Main:1#dfs:17,y=1
Field Read,context=Main:1,n
Field Read,context=Main:1,vx
Variable Write,context=Main:1#dfs:17,i=0
Variable Write,context=Main:1#dfs:17,j=1
Field Read,context=Main:1,vx
Variable Write,context=Main:1#dfs:17,xx=1
Field Read,context=Main:1,vy
Variable Write,context=Main:1#dfs:17,yy=1
Method Call,caller=Main:1#dfs:17,target=Main:1#isOK:139
Variable Write,context=Main:1#isOK:139,xx=1
Variable Write,context=Main:1#isOK:139,yy=1
Variable Write,context=Main:1#isOK:139,result=true
Method Exit,returner=Main:1#isOK:139,value=true
Variable Write,context=Main:1#dfs:17,flg=true
Field Read,context=Main:1,dx
Variable Write,context=Main:1#dfs:17,k=0
Field Read,context=Main:1,dx
Variable Write,context=Main:1#dfs:17,xxx=1
Field Read,context=Main:1,dy
Variable Write,context=Main:1#dfs:17,yyy=1
Field Read,context=Main:1,data
Variable Write,context=Main:1#dfs:17,flg=false
Variable Delete,method=Main:1#dfs:17 <name=k,type=int (id=7),value=<?>,index=12>
Variable Delete,method=Main:1#dfs:17 <name=xxx,type=int (id=7),value=<?>,index=13>
Variable Delete,method=Main:1#dfs:17 <name=yyy,type=int (id=7),value=<?>,index=14>
Variable Write,context=Main:1#dfs:17,j=2
Variable Delete,method=Main:1#dfs:17 <name=xx,type=int (id=7),value=<?>,index=9>
Variable Delete,method=Main:1#dfs:17 <name=yy,type=int (id=7),value=<?>,index=10>
Variable Delete,method=Main:1#dfs:17 <name=flg,type=boolean (id=2),value=<?>,index=11>
Field Read,context=Main:1,vx
Variable Write,context=Main:1#dfs:17,xx=1
Field Read,context=Main:1,vy
Variable Write,context=Main:1#dfs:17,yy=1
Method Call,caller=Main:1#dfs:17,target=Main:1#isOK:140
Variable Write,context=Main:1#isOK:140,xx=1
Variable Write,context=Main:1#isOK:140,yy=1
Variable Write,context=Main:1#isOK:140,result=true
Method Exit,returner=Main:1#isOK:140,value=true
Variable Write,context=Main:1#dfs:17,flg=true
Field Read,context=Main:1,dx
Variable Write,context=Main:1#dfs:17,k=0
Field Read,context=Main:1,dx
Variable Write,context=Main:1#dfs:17,xxx=1
Field Read,context=Main:1,dy
Variable Write,context=Main:1#dfs:17,yyy=1
Field Read,context=Main:1,data
Variable Write,context=Main:1#dfs:17,flg=false
Variable Delete,method=Main:1#dfs:17 <name=k,type=int (id=7),value=<?>,index=12>
Variable Delete,method=Main:1#dfs:17 <name=xxx,type=int (id=7),value=<?>,index=13>
Variable Delete,method=Main:1#dfs:17 <name=yyy,type=int (id=7),value=<?>,index=14>
Variable Delete,method=Main:1#dfs:17 <name=xx,type=int (id=7),value=<?>,index=9>
Variable Delete,method=Main:1#dfs:17 <name=yy,type=int (id=7),value=<?>,index=10>
Variable Delete,method=Main:1#dfs:17 <name=flg,type=boolean (id=2),value=<?>,index=11>
Field Read,context=Main:1,vx
Variable Write,context=Main:1#dfs:17,i=1
Variable Delete,method=Main:1#dfs:17 <name=j,type=int (id=7),value=<?>,index=8>
Variable Write,context=Main:1#dfs:17,j=1
Field Read,context=Main:1,vx
Variable Write,context=Main:1#dfs:17,xx=1
Field Read,context=Main:1,vy
Variable Write,context=Main:1#dfs:17,yy=2
Method Call,caller=Main:1#dfs:17,target=Main:1#isOK:141
Variable Write,context=Main:1#isOK:141,xx=1
Variable Write,context=Main:1#isOK:141,yy=2
Variable Write,context=Main:1#isOK:141,result=true
Method Exit,returner=Main:1#isOK:141,value=true
Variable Write,context=Main:1#dfs:17,flg=true
Field Read,context=Main:1,dx
Variable Write,context=Main:1#dfs:17,k=0
Field Read,context=Main:1,dx
Variable Write,context=Main:1#dfs:17,xxx=1
Field Read,context=Main:1,dy
Variable Write,context=Main:1#dfs:17,yyy=2
Field Read,context=Main:1,data
Field Read,context=Main:1,dx
Variable Write,context=Main:1#dfs:17,k=1
Variable Delete,method=Main:1#dfs:17 <name=xxx,type=int (id=7),value=<?>,index=13>
Variable Delete,method=Main:1#dfs:17 <name=yyy,type=int (id=7),value=<?>,index=14>
Field Read,context=Main:1,dx
Variable Write,context=Main:1#dfs:17,xxx=1
Field Read,context=Main:1,dy
Variable Write,context=Main:1#dfs:17,yyy=3
Field Read,context=Main:1,data
Field Read,context=Main:1,dx
Variable Write,context=Main:1#dfs:17,k=2
Variable Delete,method=Main:1#dfs:17 <name=xxx,type=int (id=7),value=<?>,index=13>
Variable Delete,method=Main:1#dfs:17 <name=yyy,type=int (id=7),value=<?>,index=14>
Field Read,context=Main:1,dx
Variable Write,context=Main:1#dfs:17,xxx=2
Field Read,context=Main:1,dy
Variable Write,context=Main:1#dfs:17,yyy=2
Field Read,context=Main:1,data
Field Read,context=Main:1,dx
Variable Write,context=Main:1#dfs:17,k=3
Variable Delete,method=Main:1#dfs:17 <name=xxx,type=int (id=7),value=<?>,index=13>
Variable Delete,method=Main:1#dfs:17 <name=yyy,type=int (id=7),value=<?>,index=14>
Field Read,context=Main:1,dx
Variable Write,context=Main:1#dfs:17,xxx=2
Field Read,context=Main:1,dy
Variable Write,context=Main:1#dfs:17,yyy=3
Field Read,context=Main:1,data
Field Read,context=Main:1,dx
Variable Delete,method=Main:1#dfs:17 <name=xxx,type=int (id=7),value=<?>,index=13>
Variable Delete,method=Main:1#dfs:17 <name=yyy,type=int (id=7),value=<?>,index=14>
Variable Delete,method=Main:1#dfs:17 <name=k,type=int (id=7),value=<?>,index=12>
Variable Write,context=Main:1#dfs:17,nlt=0
Variable Write,context=Main:1#dfs:17,nlb=0
Variable Write,context=Main:1#dfs:17,nrt=4
Variable Write,context=Main:1#dfs:17,nrb=0
Variable Write,context=Main:1#dfs:17,j=2
Variable Delete,method=Main:1#dfs:17 <name=xx,type=int (id=7),value=<?>,index=9>
Variable Delete,method=Main:1#dfs:17 <name=yy,type=int (id=7),value=<?>,index=10>
Variable Delete,method=Main:1#dfs:17 <name=flg,type=boolean (id=2),value=<?>,index=11>
Variable Delete,method=Main:1#dfs:17 <name=nlt,type=int (id=7),value=<?>,index=15>
Variable Delete,method=Main:1#dfs:17 <name=nlb,type=int (id=7),value=<?>,index=16>
Variable Delete,method=Main:1#dfs:17 <name=nrt,type=int (id=7),value=<?>,index=17>
Variable Delete,method=Main:1#dfs:17 <name=nrb,type=int (id=7),value=<?>,index=18>
Field Read,context=Main:1,vx
Variable Write,context=Main:1#dfs:17,xx=1
Field Read,context=Main:1,vy
Variable Write,context=Main:1#dfs:17,yy=3
Method Call,caller=Main:1#dfs:17,target=Main:1#isOK:142
Variable Write,context=Main:1#isOK:142,xx=1
Variable Write,context=Main:1#isOK:142,yy=3
Variable Write,context=Main:1#isOK:142,result=false
Method Exit,returner=Main:1#isOK:142,value=false
Variable Delete,method=Main:1#dfs:17 <name=xx,type=int (id=7),value=<?>,index=9>
Variable Delete,method=Main:1#dfs:17 <name=yy,type=int (id=7),value=<?>,index=10>
Field Read,context=Main:1,vx
Variable Write,context=Main:1#dfs:17,i=2
Variable Delete,method=Main:1#dfs:17 <name=j,type=int (id=7),value=<?>,index=8>
Variable Write,context=Main:1#dfs:17,j=1
Field Read,context=Main:1,vx
Variable Write,context=Main:1#dfs:17,xx=2
Field Read,context=Main:1,vy
Variable Write,context=Main:1#dfs:17,yy=1
Method Call,caller=Main:1#dfs:17,target=Main:1#isOK:143
Variable Write,context=Main:1#isOK:143,xx=2
Variable Write,context=Main:1#isOK:143,yy=1
Variable Write,context=Main:1#isOK:143,result=true
Method Exit,returner=Main:1#isOK:143,value=true
Variable Write,context=Main:1#dfs:17,flg=true
Field Read,context=Main:1,dx
Variable Write,context=Main:1#dfs:17,k=0
Field Read,context=Main:1,dx
Variable Write,context=Main:1#dfs:17,xxx=2
Field Read,context=Main:1,dy
Variable Write,context=Main:1#dfs:17,yyy=1
Field Read,context=Main:1,data
Field Read,context=Main:1,dx
Variable Write,context=Main:1#dfs:17,k=1
Variable Delete,method=Main:1#dfs:17 <name=xxx,type=int (id=7),value=<?>,index=13>
Variable Delete,method=Main:1#dfs:17 <name=yyy,type=int (id=7),value=<?>,index=14>
Field Read,context=Main:1,dx
Variable Write,context=Main:1#dfs:17,xxx=2
Field Read,context=Main:1,dy
Variable Write,context=Main:1#dfs:17,yyy=2
Field Read,context=Main:1,data
Field Read,context=Main:1,dx
Variable Write,context=Main:1#dfs:17,k=2
Variable Delete,method=Main:1#dfs:17 <name=xxx,type=int (id=7),value=<?>,index=13>
Variable Delete,method=Main:1#dfs:17 <name=yyy,type=int (id=7),value=<?>,index=14>
Field Read,context=Main:1,dx
Variable Write,context=Main:1#dfs:17,xxx=3
Field Read,context=Main:1,dy
Variable Write,context=Main:1#dfs:17,yyy=1
Field Read,context=Main:1,data
Field Read,context=Main:1,dx
Variable Write,context=Main:1#dfs:17,k=3
Variable Delete,method=Main:1#dfs:17 <name=xxx,type=int (id=7),value=<?>,index=13>
Variable Delete,method=Main:1#dfs:17 <name=yyy,type=int (id=7),value=<?>,index=14>
Field Read,context=Main:1,dx
Variable Write,context=Main:1#dfs:17,xxx=3
Field Read,context=Main:1,dy
Variable Write,context=Main:1#dfs:17,yyy=2
Field Read,context=Main:1,data
Field Read,context=Main:1,dx
Variable Delete,method=Main:1#dfs:17 <name=xxx,type=int (id=7),value=<?>,index=13>
Variable Delete,method=Main:1#dfs:17 <name=yyy,type=int (id=7),value=<?>,index=14>
Variable Delete,method=Main:1#dfs:17 <name=k,type=int (id=7),value=<?>,index=12>
Variable Write,context=Main:1#dfs:17,nlt=0
Variable Write,context=Main:1#dfs:17,nlb=0
Variable Write,context=Main:1#dfs:17,nrt=4
Variable Write,context=Main:1#dfs:17,nrb=0
Variable Write,context=Main:1#dfs:17,j=2
Variable Delete,method=Main:1#dfs:17 <name=xx,type=int (id=7),value=<?>,index=9>
Variable Delete,method=Main:1#dfs:17 <name=yy,type=int (id=7),value=<?>,index=10>
Variable Delete,method=Main:1#dfs:17 <name=flg,type=boolean (id=2),value=<?>,index=11>
Variable Delete,method=Main:1#dfs:17 <name=nlt,type=int (id=7),value=<?>,index=15>
Variable Delete,method=Main:1#dfs:17 <name=nlb,type=int (id=7),value=<?>,index=16>
Variable Delete,method=Main:1#dfs:17 <name=nrt,type=int (id=7),value=<?>,index=17>
Variable Delete,method=Main:1#dfs:17 <name=nrb,type=int (id=7),value=<?>,index=18>
Field Read,context=Main:1,vx
Variable Write,context=Main:1#dfs:17,xx=3
Field Read,context=Main:1,vy
Variable Write,context=Main:1#dfs:17,yy=1
Method Call,caller=Main:1#dfs:17,target=Main:1#isOK:144
Variable Write,context=Main:1#isOK:144,xx=3
Variable Write,context=Main:1#isOK:144,yy=1
Variable Write,context=Main:1#isOK:144,result=false
Method Exit,returner=Main:1#isOK:144,value=false
Variable Delete,method=Main:1#dfs:17 <name=xx,type=int (id=7),value=<?>,index=9>
Variable Delete,method=Main:1#dfs:17 <name=yy,type=int (id=7),value=<?>,index=10>
Field Read,context=Main:1,vx
Variable Write,context=Main:1#dfs:17,i=3
Variable Delete,method=Main:1#dfs:17 <name=j,type=int (id=7),value=<?>,index=8>
Variable Write,context=Main:1#dfs:17,j=1
Field Read,context=Main:1,vx
Variable Write,context=Main:1#dfs:17,xx=1
Field Read,context=Main:1,vy
Variable Write,context=Main:1#dfs:17,yy=0
Method Call,caller=Main:1#dfs:17,target=Main:1#isOK:145
Variable Write,context=Main:1#isOK:145,xx=1
Variable Write,context=Main:1#isOK:145,yy=0
Variable Write,context=Main:1#isOK:145,result=true
Method Exit,returner=Main:1#isOK:145,value=true
Variable Write,context=Main:1#dfs:17,flg=true
Field Read,context=Main:1,dx
Variable Write,context=Main:1#dfs:17,k=0
Field Read,context=Main:1,dx
Variable Write,context=Main:1#dfs:17,xxx=1
Field Read,context=Main:1,dy
Variable Write,context=Main:1#dfs:17,yyy=0
Field Read,context=Main:1,data
Field Read,context=Main:1,dx
Variable Write,context=Main:1#dfs:17,k=1
Variable Delete,method=Main:1#dfs:17 <name=xxx,type=int (id=7),value=<?>,index=13>
Variable Delete,method=Main:1#dfs:17 <name=yyy,type=int (id=7),value=<?>,index=14>
Field Read,context=Main:1,dx
Variable Write,context=Main:1#dfs:17,xxx=1
Field Read,context=Main:1,dy
Variable Write,context=Main:1#dfs:17,yyy=1
Field Read,context=Main:1,data
Variable Write,context=Main:1#dfs:17,flg=false
Variable Delete,method=Main:1#dfs:17 <name=k,type=int (id=7),value=<?>,index=12>
Variable Delete,method=Main:1#dfs:17 <name=xxx,type=int (id=7),value=<?>,index=13>
Variable Delete,method=Main:1#dfs:17 <name=yyy,type=int (id=7),value=<?>,index=14>
Variable Write,context=Main:1#dfs:17,j=2
Variable Delete,method=Main:1#dfs:17 <name=xx,type=int (id=7),value=<?>,index=9>
Variable Delete,method=Main:1#dfs:17 <name=yy,type=int (id=7),value=<?>,index=10>
Variable Delete,method=Main:1#dfs:17 <name=flg,type=boolean (id=2),value=<?>,index=11>
Field Read,context=Main:1,vx
Variable Write,context=Main:1#dfs:17,xx=1
Field Read,context=Main:1,vy
Variable Write,context=Main:1#dfs:17,yy=-1
Method Call,caller=Main:1#dfs:17,target=Main:1#isOK:146
Variable Write,context=Main:1#isOK:146,xx=1
Variable Write,context=Main:1#isOK:146,yy=-1
Variable Write,context=Main:1#isOK:146,result=false
Method Exit,returner=Main:1#isOK:146,value=false
Variable Delete,method=Main:1#dfs:17 <name=xx,type=int (id=7),value=<?>,index=9>
Variable Delete,method=Main:1#dfs:17 <name=yy,type=int (id=7),value=<?>,index=10>
Field Read,context=Main:1,vx
Variable Write,context=Main:1#dfs:17,i=4
Variable Delete,method=Main:1#dfs:17 <name=j,type=int (id=7),value=<?>,index=8>
Variable Write,context=Main:1#dfs:17,j=1
Field Read,context=Main:1,vx
Variable Write,context=Main:1#dfs:17,xx=0
Field Read,context=Main:1,vy
Variable Write,context=Main:1#dfs:17,yy=1
Method Call,caller=Main:1#dfs:17,target=Main:1#isOK:147
Variable Write,context=Main:1#isOK:147,xx=0
Variable Write,context=Main:1#isOK:147,yy=1
Variable Write,context=Main:1#isOK:147,result=true
Method Exit,returner=Main:1#isOK:147,value=true
Variable Write,context=Main:1#dfs:17,flg=true
Field Read,context=Main:1,dx
Variable Write,context=Main:1#dfs:17,k=0
Field Read,context=Main:1,dx
Variable Write,context=Main:1#dfs:17,xxx=0
Field Read,context=Main:1,dy
Variable Write,context=Main:1#dfs:17,yyy=1
Field Read,context=Main:1,data
Field Read,context=Main:1,dx
Variable Write,context=Main:1#dfs:17,k=1
Variable Delete,method=Main:1#dfs:17 <name=xxx,type=int (id=7),value=<?>,index=13>
Variable Delete,method=Main:1#dfs:17 <name=yyy,type=int (id=7),value=<?>,index=14>
Field Read,context=Main:1,dx
Variable Write,context=Main:1#dfs:17,xxx=0
Field Read,context=Main:1,dy
Variable Write,context=Main:1#dfs:17,yyy=2
Field Read,context=Main:1,data
Variable Write,context=Main:1#dfs:17,flg=false
Variable Delete,method=Main:1#dfs:17 <name=k,type=int (id=7),value=<?>,index=12>
Variable Delete,method=Main:1#dfs:17 <name=xxx,type=int (id=7),value=<?>,index=13>
Variable Delete,method=Main:1#dfs:17 <name=yyy,type=int (id=7),value=<?>,index=14>
Variable Write,context=Main:1#dfs:17,j=2
Variable Delete,method=Main:1#dfs:17 <name=xx,type=int (id=7),value=<?>,index=9>
Variable Delete,method=Main:1#dfs:17 <name=yy,type=int (id=7),value=<?>,index=10>
Variable Delete,method=Main:1#dfs:17 <name=flg,type=boolean (id=2),value=<?>,index=11>
Field Read,context=Main:1,vx
Variable Write,context=Main:1#dfs:17,xx=-1
Field Read,context=Main:1,vy
Variable Write,context=Main:1#dfs:17,yy=1
Method Call,caller=Main:1#dfs:17,target=Main:1#isOK:148
Variable Write,context=Main:1#isOK:148,xx=-1
Variable Write,context=Main:1#isOK:148,yy=1
Variable Write,context=Main:1#isOK:148,result=false
Method Exit,returner=Main:1#isOK:148,value=false
Variable Delete,method=Main:1#dfs:17 <name=xx,type=int (id=7),value=<?>,index=9>
Variable Delete,method=Main:1#dfs:17 <name=yy,type=int (id=7),value=<?>,index=10>
Field Read,context=Main:1,vx
Variable Delete,method=Main:1#dfs:17 <name=j,type=int (id=7),value=<?>,index=8>
Method Exit,returner=Main:1#dfs:17,value=<void>
Variable Write,context=Main:1#dfs:15,j=2
Variable Delete,method=Main:1#dfs:15 <name=xx,type=int (id=7),value=<?>,index=9>
Variable Delete,method=Main:1#dfs:15 <name=yy,type=int (id=7),value=<?>,index=10>
Variable Delete,method=Main:1#dfs:15 <name=flg,type=boolean (id=2),value=<?>,index=11>
Variable Delete,method=Main:1#dfs:15 <name=nlt,type=int (id=7),value=<?>,index=15>
Variable Delete,method=Main:1#dfs:15 <name=nlb,type=int (id=7),value=<?>,index=16>
Variable Delete,method=Main:1#dfs:15 <name=nrt,type=int (id=7),value=<?>,index=17>
Variable Delete,method=Main:1#dfs:15 <name=nrb,type=int (id=7),value=<?>,index=18>
Variable Delete,method=Main:1#dfs:15 <name=next,type=java.lang.String (id=25),value=<?>,index=19>
Field Read,context=Main:1,vx
Variable Write,context=Main:1#dfs:15,xx=0
Field Read,context=Main:1,vy
Variable Write,context=Main:1#dfs:15,yy=1
Method Call,caller=Main:1#dfs:15,target=Main:1#isOK:149
Variable Write,context=Main:1#isOK:149,xx=0
Variable Write,context=Main:1#isOK:149,yy=1
Variable Write,context=Main:1#isOK:149,result=true
Method Exit,returner=Main:1#isOK:149,value=true
Variable Write,context=Main:1#dfs:15,flg=true
Field Read,context=Main:1,dx
Variable Write,context=Main:1#dfs:15,k=0
Field Read,context=Main:1,dx
Variable Write,context=Main:1#dfs:15,xxx=0
Field Read,context=Main:1,dy
Variable Write,context=Main:1#dfs:15,yyy=1
Field Read,context=Main:1,data
Field Read,context=Main:1,dx
Variable Write,context=Main:1#dfs:15,k=1
Variable Delete,method=Main:1#dfs:15 <name=xxx,type=int (id=7),value=<?>,index=13>
Variable Delete,method=Main:1#dfs:15 <name=yyy,type=int (id=7),value=<?>,index=14>
Field Read,context=Main:1,dx
Variable Write,context=Main:1#dfs:15,xxx=0
Field Read,context=Main:1,dy
Variable Write,context=Main:1#dfs:15,yyy=2
Field Read,context=Main:1,data
Field Read,context=Main:1,dx
Variable Write,context=Main:1#dfs:15,k=2
Variable Delete,method=Main:1#dfs:15 <name=xxx,type=int (id=7),value=<?>,index=13>
Variable Delete,method=Main:1#dfs:15 <name=yyy,type=int (id=7),value=<?>,index=14>
Field Read,context=Main:1,dx
Variable Write,context=Main:1#dfs:15,xxx=1
Field Read,context=Main:1,dy
Variable Write,context=Main:1#dfs:15,yyy=1
Field Read,context=Main:1,data
Field Read,context=Main:1,dx
Variable Write,context=Main:1#dfs:15,k=3
Variable Delete,method=Main:1#dfs:15 <name=xxx,type=int (id=7),value=<?>,index=13>
Variable Delete,method=Main:1#dfs:15 <name=yyy,type=int (id=7),value=<?>,index=14>
Field Read,context=Main:1,dx
Variable Write,context=Main:1#dfs:15,xxx=1
Field Read,context=Main:1,dy
Variable Write,context=Main:1#dfs:15,yyy=2
Field Read,context=Main:1,data
Field Read,context=Main:1,dx
Variable Delete,method=Main:1#dfs:15 <name=xxx,type=int (id=7),value=<?>,index=13>
Variable Delete,method=Main:1#dfs:15 <name=yyy,type=int (id=7),value=<?>,index=14>
Variable Delete,method=Main:1#dfs:15 <name=k,type=int (id=7),value=<?>,index=12>
Variable Write,context=Main:1#dfs:15,nlt=1
Variable Write,context=Main:1#dfs:15,nlb=1
Variable Write,context=Main:1#dfs:15,nrt=5
Variable Write,context=Main:1#dfs:15,nrb=1
Variable Write,context=Main:1#dfs:15,next=6 011151
Field Read,context=Main:1,close
Field Read,context=Main:1,close
Method Call,caller=Main:1#dfs:15,target=Main:1#dfs:18
Variable Write,context=Main:1#dfs:18,lt=1
Variable Write,context=Main:1#dfs:18,lb=1
Variable Write,context=Main:1#dfs:18,rt=5
Variable Write,context=Main:1#dfs:18,rb=1
Variable Write,context=Main:1#dfs:18,deep=6
Variable Write,context=Main:1#dfs:18,x=0
Variable Write,context=Main:1#dfs:18,y=1
Field Read,context=Main:1,n
Field Read,context=Main:1,vx
Variable Write,context=Main:1#dfs:18,i=0
Variable Write,context=Main:1#dfs:18,j=1
Field Read,context=Main:1,vx
Variable Write,context=Main:1#dfs:18,xx=0
Field Read,context=Main:1,vy
Variable Write,context=Main:1#dfs:18,yy=1
Method Call,caller=Main:1#dfs:18,target=Main:1#isOK:150
Variable Write,context=Main:1#isOK:150,xx=0
Variable Write,context=Main:1#isOK:150,yy=1
Variable Write,context=Main:1#isOK:150,result=true
Method Exit,returner=Main:1#isOK:150,value=true
Variable Write,context=Main:1#dfs:18,flg=true
Field Read,context=Main:1,dx
Variable Write,context=Main:1#dfs:18,k=0
Field Read,context=Main:1,dx
Variable Write,context=Main:1#dfs:18,xxx=0
Field Read,context=Main:1,dy
Variable Write,context=Main:1#dfs:18,yyy=1
Field Read,context=Main:1,data
Field Read,context=Main:1,dx
Variable Write,context=Main:1#dfs:18,k=1
Variable Delete,method=Main:1#dfs:18 <name=xxx,type=int (id=7),value=<?>,index=13>
Variable Delete,method=Main:1#dfs:18 <name=yyy,type=int (id=7),value=<?>,index=14>
Field Read,context=Main:1,dx
Variable Write,context=Main:1#dfs:18,xxx=0
Field Read,context=Main:1,dy
Variable Write,context=Main:1#dfs:18,yyy=2
Field Read,context=Main:1,data
Variable Write,context=Main:1#dfs:18,flg=false
Variable Delete,method=Main:1#dfs:18 <name=k,type=int (id=7),value=<?>,index=12>
Variable Delete,method=Main:1#dfs:18 <name=xxx,type=int (id=7),value=<?>,index=13>
Variable Delete,method=Main:1#dfs:18 <name=yyy,type=int (id=7),value=<?>,index=14>
Variable Write,context=Main:1#dfs:18,j=2
Variable Delete,method=Main:1#dfs:18 <name=xx,type=int (id=7),value=<?>,index=9>
Variable Delete,method=Main:1#dfs:18 <name=yy,type=int (id=7),value=<?>,index=10>
Variable Delete,method=Main:1#dfs:18 <name=flg,type=boolean (id=2),value=<?>,index=11>
Field Read,context=Main:1,vx
Variable Write,context=Main:1#dfs:18,xx=0
Field Read,context=Main:1,vy
Variable Write,context=Main:1#dfs:18,yy=1
Method Call,caller=Main:1#dfs:18,target=Main:1#isOK:151
Variable Write,context=Main:1#isOK:151,xx=0
Variable Write,context=Main:1#isOK:151,yy=1
Variable Write,context=Main:1#isOK:151,result=true
Method Exit,returner=Main:1#isOK:151,value=true
Variable Write,context=Main:1#dfs:18,flg=true
Field Read,context=Main:1,dx
Variable Write,context=Main:1#dfs:18,k=0
Field Read,context=Main:1,dx
Variable Write,context=Main:1#dfs:18,xxx=0
Field Read,context=Main:1,dy
Variable Write,context=Main:1#dfs:18,yyy=1
Field Read,context=Main:1,data
Field Read,context=Main:1,dx
Variable Write,context=Main:1#dfs:18,k=1
Variable Delete,method=Main:1#dfs:18 <name=xxx,type=int (id=7),value=<?>,index=13>
Variable Delete,method=Main:1#dfs:18 <name=yyy,type=int (id=7),value=<?>,index=14>
Field Read,context=Main:1,dx
Variable Write,context=Main:1#dfs:18,xxx=0
Field Read,context=Main:1,dy
Variable Write,context=Main:1#dfs:18,yyy=2
Field Read,context=Main:1,data
Variable Write,context=Main:1#dfs:18,flg=false
Variable Delete,method=Main:1#dfs:18 <name=k,type=int (id=7),value=<?>,index=12>
Variable Delete,method=Main:1#dfs:18 <name=xxx,type=int (id=7),value=<?>,index=13>
Variable Delete,method=Main:1#dfs:18 <name=yyy,type=int (id=7),value=<?>,index=14>
Variable Delete,method=Main:1#dfs:18 <name=xx,type=int (id=7),value=<?>,index=9>
Variable Delete,method=Main:1#dfs:18 <name=yy,type=int (id=7),value=<?>,index=10>
Variable Delete,method=Main:1#dfs:18 <name=flg,type=boolean (id=2),value=<?>,index=11>
Field Read,context=Main:1,vx
Variable Write,context=Main:1#dfs:18,i=1
Variable Delete,method=Main:1#dfs:18 <name=j,type=int (id=7),value=<?>,index=8>
Variable Write,context=Main:1#dfs:18,j=1
Field Read,context=Main:1,vx
Variable Write,context=Main:1#dfs:18,xx=0
Field Read,context=Main:1,vy
Variable Write,context=Main:1#dfs:18,yy=2
Method Call,caller=Main:1#dfs:18,target=Main:1#isOK:152
Variable Write,context=Main:1#isOK:152,xx=0
Variable Write,context=Main:1#isOK:152,yy=2
Variable Write,context=Main:1#isOK:152,result=true
Method Exit,returner=Main:1#isOK:152,value=true
Variable Write,context=Main:1#dfs:18,flg=true
Field Read,context=Main:1,dx
Variable Write,context=Main:1#dfs:18,k=0
Field Read,context=Main:1,dx
Variable Write,context=Main:1#dfs:18,xxx=0
Field Read,context=Main:1,dy
Variable Write,context=Main:1#dfs:18,yyy=2
Field Read,context=Main:1,data
Variable Write,context=Main:1#dfs:18,flg=false
Variable Delete,method=Main:1#dfs:18 <name=k,type=int (id=7),value=<?>,index=12>
Variable Delete,method=Main:1#dfs:18 <name=xxx,type=int (id=7),value=<?>,index=13>
Variable Delete,method=Main:1#dfs:18 <name=yyy,type=int (id=7),value=<?>,index=14>
Variable Write,context=Main:1#dfs:18,j=2
Variable Delete,method=Main:1#dfs:18 <name=xx,type=int (id=7),value=<?>,index=9>
Variable Delete,method=Main:1#dfs:18 <name=yy,type=int (id=7),value=<?>,index=10>
Variable Delete,method=Main:1#dfs:18 <name=flg,type=boolean (id=2),value=<?>,index=11>
Field Read,context=Main:1,vx
Variable Write,context=Main:1#dfs:18,xx=0
Field Read,context=Main:1,vy
Variable Write,context=Main:1#dfs:18,yy=3
Method Call,caller=Main:1#dfs:18,target=Main:1#isOK:153
Variable Write,context=Main:1#isOK:153,xx=0
Variable Write,context=Main:1#isOK:153,yy=3
Variable Write,context=Main:1#isOK:153,result=false
Method Exit,returner=Main:1#isOK:153,value=false
Variable Delete,method=Main:1#dfs:18 <name=xx,type=int (id=7),value=<?>,index=9>
Variable Delete,method=Main:1#dfs:18 <name=yy,type=int (id=7),value=<?>,index=10>
Field Read,context=Main:1,vx
Variable Write,context=Main:1#dfs:18,i=2
Variable Delete,method=Main:1#dfs:18 <name=j,type=int (id=7),value=<?>,index=8>
Variable Write,context=Main:1#dfs:18,j=1
Field Read,context=Main:1,vx
Variable Write,context=Main:1#dfs:18,xx=1
Field Read,context=Main:1,vy
Variable Write,context=Main:1#dfs:18,yy=1
Method Call,caller=Main:1#dfs:18,target=Main:1#isOK:154
Variable Write,context=Main:1#isOK:154,xx=1
Variable Write,context=Main:1#isOK:154,yy=1
Variable Write,context=Main:1#isOK:154,result=true
Method Exit,returner=Main:1#isOK:154,value=true
Variable Write,context=Main:1#dfs:18,flg=true
Field Read,context=Main:1,dx
Variable Write,context=Main:1#dfs:18,k=0
Field Read,context=Main:1,dx
Variable Write,context=Main:1#dfs:18,xxx=1
Field Read,context=Main:1,dy
Variable Write,context=Main:1#dfs:18,yyy=1
Field Read,context=Main:1,data
Variable Write,context=Main:1#dfs:18,flg=false
Variable Delete,method=Main:1#dfs:18 <name=k,type=int (id=7),value=<?>,index=12>
Variable Delete,method=Main:1#dfs:18 <name=xxx,type=int (id=7),value=<?>,index=13>
Variable Delete,method=Main:1#dfs:18 <name=yyy,type=int (id=7),value=<?>,index=14>
Variable Write,context=Main:1#dfs:18,j=2
Variable Delete,method=Main:1#dfs:18 <name=xx,type=int (id=7),value=<?>,index=9>
Variable Delete,method=Main:1#dfs:18 <name=yy,type=int (id=7),value=<?>,index=10>
Variable Delete,method=Main:1#dfs:18 <name=flg,type=boolean (id=2),value=<?>,index=11>
Field Read,context=Main:1,vx
Variable Write,context=Main:1#dfs:18,xx=2
Field Read,context=Main:1,vy
Variable Write,context=Main:1#dfs:18,yy=1
Method Call,caller=Main:1#dfs:18,target=Main:1#isOK:155
Variable Write,context=Main:1#isOK:155,xx=2
Variable Write,context=Main:1#isOK:155,yy=1
Variable Write,context=Main:1#isOK:155,result=true
Method Exit,returner=Main:1#isOK:155,value=true
Variable Write,context=Main:1#dfs:18,flg=true
Field Read,context=Main:1,dx
Variable Write,context=Main:1#dfs:18,k=0
Field Read,context=Main:1,dx
Variable Write,context=Main:1#dfs:18,xxx=2
Field Read,context=Main:1,dy
Variable Write,context=Main:1#dfs:18,yyy=1
Field Read,context=Main:1,data
Field Read,context=Main:1,dx
Variable Write,context=Main:1#dfs:18,k=1
Variable Delete,method=Main:1#dfs:18 <name=xxx,type=int (id=7),value=<?>,index=13>
Variable Delete,method=Main:1#dfs:18 <name=yyy,type=int (id=7),value=<?>,index=14>
Field Read,context=Main:1,dx
Variable Write,context=Main:1#dfs:18,xxx=2
Field Read,context=Main:1,dy
Variable Write,context=Main:1#dfs:18,yyy=2
Field Read,context=Main:1,data
Field Read,context=Main:1,dx
Variable Write,context=Main:1#dfs:18,k=2
Variable Delete,method=Main:1#dfs:18 <name=xxx,type=int (id=7),value=<?>,index=13>
Variable Delete,method=Main:1#dfs:18 <name=yyy,type=int (id=7),value=<?>,index=14>
Field Read,context=Main:1,dx
Variable Write,context=Main:1#dfs:18,xxx=3
Field Read,context=Main:1,dy
Variable Write,context=Main:1#dfs:18,yyy=1
Field Read,context=Main:1,data
Field Read,context=Main:1,dx
Variable Write,context=Main:1#dfs:18,k=3
Variable Delete,method=Main:1#dfs:18 <name=xxx,type=int (id=7),value=<?>,index=13>
Variable Delete,method=Main:1#dfs:18 <name=yyy,type=int (id=7),value=<?>,index=14>
Field Read,context=Main:1,dx
Variable Write,context=Main:1#dfs:18,xxx=3
Field Read,context=Main:1,dy
Variable Write,context=Main:1#dfs:18,yyy=2
Field Read,context=Main:1,data
Field Read,context=Main:1,dx
Variable Delete,method=Main:1#dfs:18 <name=xxx,type=int (id=7),value=<?>,index=13>
Variable Delete,method=Main:1#dfs:18 <name=yyy,type=int (id=7),value=<?>,index=14>
Variable Delete,method=Main:1#dfs:18 <name=k,type=int (id=7),value=<?>,index=12>
Variable Write,context=Main:1#dfs:18,nlt=0
Variable Write,context=Main:1#dfs:18,nlb=0
Variable Write,context=Main:1#dfs:18,nrt=4
Variable Write,context=Main:1#dfs:18,nrb=0
Variable Delete,method=Main:1#dfs:18 <name=xx,type=int (id=7),value=<?>,index=9>
Variable Delete,method=Main:1#dfs:18 <name=yy,type=int (id=7),value=<?>,index=10>
Variable Delete,method=Main:1#dfs:18 <name=flg,type=boolean (id=2),value=<?>,index=11>
Variable Delete,method=Main:1#dfs:18 <name=nlt,type=int (id=7),value=<?>,index=15>
Variable Delete,method=Main:1#dfs:18 <name=nlb,type=int (id=7),value=<?>,index=16>
Variable Delete,method=Main:1#dfs:18 <name=nrt,type=int (id=7),value=<?>,index=17>
Variable Delete,method=Main:1#dfs:18 <name=nrb,type=int (id=7),value=<?>,index=18>
Field Read,context=Main:1,vx
Variable Write,context=Main:1#dfs:18,i=3
Variable Delete,method=Main:1#dfs:18 <name=j,type=int (id=7),value=<?>,index=8>
Variable Write,context=Main:1#dfs:18,j=1
Field Read,context=Main:1,vx
Variable Write,context=Main:1#dfs:18,xx=0
Field Read,context=Main:1,vy
Variable Write,context=Main:1#dfs:18,yy=0
Method Call,caller=Main:1#dfs:18,target=Main:1#isOK:156
Variable Write,context=Main:1#isOK:156,xx=0
Variable Write,context=Main:1#isOK:156,yy=0
Variable Write,context=Main:1#isOK:156,result=true
Method Exit,returner=Main:1#isOK:156,value=true
Variable Write,context=Main:1#dfs:18,flg=true
Field Read,context=Main:1,dx
Variable Write,context=Main:1#dfs:18,k=0
Field Read,context=Main:1,dx
Variable Write,context=Main:1#dfs:18,xxx=0
Field Read,context=Main:1,dy
Variable Write,context=Main:1#dfs:18,yyy=0
Field Read,context=Main:1,data
Field Read,context=Main:1,dx
Variable Write,context=Main:1#dfs:18,k=1
Variable Delete,method=Main:1#dfs:18 <name=xxx,type=int (id=7),value=<?>,index=13>
Variable Delete,method=Main:1#dfs:18 <name=yyy,type=int (id=7),value=<?>,index=14>
Field Read,context=Main:1,dx
Variable Write,context=Main:1#dfs:18,xxx=0
Field Read,context=Main:1,dy
Variable Write,context=Main:1#dfs:18,yyy=1
Field Read,context=Main:1,data
Field Read,context=Main:1,dx
Variable Write,context=Main:1#dfs:18,k=2
Variable Delete,method=Main:1#dfs:18 <name=xxx,type=int (id=7),value=<?>,index=13>
Variable Delete,method=Main:1#dfs:18 <name=yyy,type=int (id=7),value=<?>,index=14>
Field Read,context=Main:1,dx
Variable Write,context=Main:1#dfs:18,xxx=1
Field Read,context=Main:1,dy
Variable Write,context=Main:1#dfs:18,yyy=0
Field Read,context=Main:1,data
Field Read,context=Main:1,dx
Variable Write,context=Main:1#dfs:18,k=3
Variable Delete,method=Main:1#dfs:18 <name=xxx,type=int (id=7),value=<?>,index=13>
Variable Delete,method=Main:1#dfs:18 <name=yyy,type=int (id=7),value=<?>,index=14>
Field Read,context=Main:1,dx
Variable Write,context=Main:1#dfs:18,xxx=1
Field Read,context=Main:1,dy
Variable Write,context=Main:1#dfs:18,yyy=1
Field Read,context=Main:1,data
Variable Write,context=Main:1#dfs:18,flg=false
Variable Delete,method=Main:1#dfs:18 <name=k,type=int (id=7),value=<?>,index=12>
Variable Delete,method=Main:1#dfs:18 <name=xxx,type=int (id=7),value=<?>,index=13>
Variable Delete,method=Main:1#dfs:18 <name=yyy,type=int (id=7),value=<?>,index=14>
Variable Write,context=Main:1#dfs:18,j=2
Variable Delete,method=Main:1#dfs:18 <name=xx,type=int (id=7),value=<?>,index=9>
Variable Delete,method=Main:1#dfs:18 <name=yy,type=int (id=7),value=<?>,index=10>
Variable Delete,method=Main:1#dfs:18 <name=flg,type=boolean (id=2),value=<?>,index=11>
Field Read,context=Main:1,vx
Variable Write,context=Main:1#dfs:18,xx=0
Field Read,context=Main:1,vy
Variable Write,context=Main:1#dfs:18,yy=-1
Method Call,caller=Main:1#dfs:18,target=Main:1#isOK:157
Variable Write,context=Main:1#isOK:157,xx=0
Variable Write,context=Main:1#isOK:157,yy=-1
Variable Write,context=Main:1#isOK:157,result=false
Method Exit,returner=Main:1#isOK:157,value=false
Variable Delete,method=Main:1#dfs:18 <name=xx,type=int (id=7),value=<?>,index=9>
Variable Delete,method=Main:1#dfs:18 <name=yy,type=int (id=7),value=<?>,index=10>
Field Read,context=Main:1,vx
Variable Write,context=Main:1#dfs:18,i=4
Variable Delete,method=Main:1#dfs:18 <name=j,type=int (id=7),value=<?>,index=8>
Variable Write,context=Main:1#dfs:18,j=1
Field Read,context=Main:1,vx
Variable Write,context=Main:1#dfs:18,xx=-1
Field Read,context=Main:1,vy
Variable Write,context=Main:1#dfs:18,yy=1
Method Call,caller=Main:1#dfs:18,target=Main:1#isOK:158
Variable Write,context=Main:1#isOK:158,xx=-1
Variable Write,context=Main:1#isOK:158,yy=1
Variable Write,context=Main:1#isOK:158,result=false
Method Exit,returner=Main:1#isOK:158,value=false
Variable Write,context=Main:1#dfs:18,j=2
Variable Delete,method=Main:1#dfs:18 <name=xx,type=int (id=7),value=<?>,index=9>
Variable Delete,method=Main:1#dfs:18 <name=yy,type=int (id=7),value=<?>,index=10>
Field Read,context=Main:1,vx
Variable Write,context=Main:1#dfs:18,xx=-2
Field Read,context=Main:1,vy
Variable Write,context=Main:1#dfs:18,yy=1
Method Call,caller=Main:1#dfs:18,target=Main:1#isOK:159
Variable Write,context=Main:1#isOK:159,xx=-2
Variable Write,context=Main:1#isOK:159,yy=1
Variable Write,context=Main:1#isOK:159,result=false
Method Exit,returner=Main:1#isOK:159,value=false
Variable Delete,method=Main:1#dfs:18 <name=xx,type=int (id=7),value=<?>,index=9>
Variable Delete,method=Main:1#dfs:18 <name=yy,type=int (id=7),value=<?>,index=10>
Field Read,context=Main:1,vx
Variable Delete,method=Main:1#dfs:18 <name=j,type=int (id=7),value=<?>,index=8>
Method Exit,returner=Main:1#dfs:18,value=<void>
Variable Delete,method=Main:1#dfs:15 <name=xx,type=int (id=7),value=<?>,index=9>
Variable Delete,method=Main:1#dfs:15 <name=yy,type=int (id=7),value=<?>,index=10>
Variable Delete,method=Main:1#dfs:15 <name=flg,type=boolean (id=2),value=<?>,index=11>
Variable Delete,method=Main:1#dfs:15 <name=nlt,type=int (id=7),value=<?>,index=15>
Variable Delete,method=Main:1#dfs:15 <name=nlb,type=int (id=7),value=<?>,index=16>
Variable Delete,method=Main:1#dfs:15 <name=nrt,type=int (id=7),value=<?>,index=17>
Variable Delete,method=Main:1#dfs:15 <name=nrb,type=int (id=7),value=<?>,index=18>
Variable Delete,method=Main:1#dfs:15 <name=next,type=java.lang.String (id=25),value=<?>,index=19>
Field Read,context=Main:1,vx
Variable Delete,method=Main:1#dfs:15 <name=j,type=int (id=7),value=<?>,index=8>
Method Exit,returner=Main:1#dfs:15,value=<void>
Variable Write,context=Main:1#dfs:14,j=2
Variable Delete,method=Main:1#dfs:14 <name=xx,type=int (id=7),value=<?>,index=9>
Variable Delete,method=Main:1#dfs:14 <name=yy,type=int (id=7),value=<?>,index=10>
Variable Delete,method=Main:1#dfs:14 <name=flg,type=boolean (id=2),value=<?>,index=11>
Variable Delete,method=Main:1#dfs:14 <name=nlt,type=int (id=7),value=<?>,index=15>
Variable Delete,method=Main:1#dfs:14 <name=nlb,type=int (id=7),value=<?>,index=16>
Variable Delete,method=Main:1#dfs:14 <name=nrt,type=int (id=7),value=<?>,index=17>
Variable Delete,method=Main:1#dfs:14 <name=nrb,type=int (id=7),value=<?>,index=18>
Variable Delete,method=Main:1#dfs:14 <name=next,type=java.lang.String (id=25),value=<?>,index=19>
Field Read,context=Main:1,vx
Variable Write,context=Main:1#dfs:14,xx=2
Field Read,context=Main:1,vy
Variable Write,context=Main:1#dfs:14,yy=2
Method Call,caller=Main:1#dfs:14,target=Main:1#isOK:160
Variable Write,context=Main:1#isOK:160,xx=2
Variable Write,context=Main:1#isOK:160,yy=2
Variable Write,context=Main:1#isOK:160,result=true
Method Exit,returner=Main:1#isOK:160,value=true
Variable Write,context=Main:1#dfs:14,flg=true
Field Read,context=Main:1,dx
Variable Write,context=Main:1#dfs:14,k=0
Field Read,context=Main:1,dx
Variable Write,context=Main:1#dfs:14,xxx=2
Field Read,context=Main:1,dy
Variable Write,context=Main:1#dfs:14,yyy=2
Field Read,context=Main:1,data
Field Read,context=Main:1,dx
Variable Write,context=Main:1#dfs:14,k=1
Variable Delete,method=Main:1#dfs:14 <name=xxx,type=int (id=7),value=<?>,index=13>
Variable Delete,method=Main:1#dfs:14 <name=yyy,type=int (id=7),value=<?>,index=14>
Field Read,context=Main:1,dx
Variable Write,context=Main:1#dfs:14,xxx=2
Field Read,context=Main:1,dy
Variable Write,context=Main:1#dfs:14,yyy=3
Field Read,context=Main:1,data
Field Read,context=Main:1,dx
Variable Write,context=Main:1#dfs:14,k=2
Variable Delete,method=Main:1#dfs:14 <name=xxx,type=int (id=7),value=<?>,index=13>
Variable Delete,method=Main:1#dfs:14 <name=yyy,type=int (id=7),value=<?>,index=14>
Field Read,context=Main:1,dx
Variable Write,context=Main:1#dfs:14,xxx=3
Field Read,context=Main:1,dy
Variable Write,context=Main:1#dfs:14,yyy=2
Field Read,context=Main:1,data
Field Read,context=Main:1,dx
Variable Write,context=Main:1#dfs:14,k=3
Variable Delete,method=Main:1#dfs:14 <name=xxx,type=int (id=7),value=<?>,index=13>
Variable Delete,method=Main:1#dfs:14 <name=yyy,type=int (id=7),value=<?>,index=14>
Field Read,context=Main:1,dx
Variable Write,context=Main:1#dfs:14,xxx=3
Field Read,context=Main:1,dy
Variable Write,context=Main:1#dfs:14,yyy=3
Field Read,context=Main:1,data
Field Read,context=Main:1,dx
Variable Delete,method=Main:1#dfs:14 <name=xxx,type=int (id=7),value=<?>,index=13>
Variable Delete,method=Main:1#dfs:14 <name=yyy,type=int (id=7),value=<?>,index=14>
Variable Delete,method=Main:1#dfs:14 <name=k,type=int (id=7),value=<?>,index=12>
Variable Write,context=Main:1#dfs:14,nlt=2
Variable Write,context=Main:1#dfs:14,nlb=2
Variable Write,context=Main:1#dfs:14,nrt=6
Variable Write,context=Main:1#dfs:14,nrb=2
Variable Write,context=Main:1#dfs:14,nrb=7
Variable Write,context=Main:1#dfs:14,next=5 222267
Field Read,context=Main:1,close
Field Read,context=Main:1,close
Method Call,caller=Main:1#dfs:14,target=Main:1#dfs:19
Variable Write,context=Main:1#dfs:19,lt=2
Variable Write,context=Main:1#dfs:19,lb=2
Variable Write,context=Main:1#dfs:19,rt=6
Variable Write,context=Main:1#dfs:19,rb=7
Variable Write,context=Main:1#dfs:19,deep=5
Variable Write,context=Main:1#dfs:19,x=2
Variable Write,context=Main:1#dfs:19,y=2
Field Read,context=Main:1,n
Field Read,context=Main:1,vx
Variable Write,context=Main:1#dfs:19,i=0
Variable Write,context=Main:1#dfs:19,j=1
Field Read,context=Main:1,vx
Variable Write,context=Main:1#dfs:19,xx=2
Field Read,context=Main:1,vy
Variable Write,context=Main:1#dfs:19,yy=2
Method Call,caller=Main:1#dfs:19,target=Main:1#isOK:161
Variable Write,context=Main:1#isOK:161,xx=2
Variable Write,context=Main:1#isOK:161,yy=2
Variable Write,context=Main:1#isOK:161,result=true
Method Exit,returner=Main:1#isOK:161,value=true
Variable Write,context=Main:1#dfs:19,flg=true
Field Read,context=Main:1,dx
Variable Write,context=Main:1#dfs:19,k=0
Field Read,context=Main:1,dx
Variable Write,context=Main:1#dfs:19,xxx=2
Field Read,context=Main:1,dy
Variable Write,context=Main:1#dfs:19,yyy=2
Field Read,context=Main:1,data
Field Read,context=Main:1,dx
Variable Write,context=Main:1#dfs:19,k=1
Variable Delete,method=Main:1#dfs:19 <name=xxx,type=int (id=7),value=<?>,index=13>
Variable Delete,method=Main:1#dfs:19 <name=yyy,type=int (id=7),value=<?>,index=14>
Field Read,context=Main:1,dx
Variable Write,context=Main:1#dfs:19,xxx=2
Field Read,context=Main:1,dy
Variable Write,context=Main:1#dfs:19,yyy=3
Field Read,context=Main:1,data
Field Read,context=Main:1,dx
Variable Write,context=Main:1#dfs:19,k=2
Variable Delete,method=Main:1#dfs:19 <name=xxx,type=int (id=7),value=<?>,index=13>
Variable Delete,method=Main:1#dfs:19 <name=yyy,type=int (id=7),value=<?>,index=14>
Field Read,context=Main:1,dx
Variable Write,context=Main:1#dfs:19,xxx=3
Field Read,context=Main:1,dy
Variable Write,context=Main:1#dfs:19,yyy=2
Field Read,context=Main:1,data
Field Read,context=Main:1,dx
Variable Write,context=Main:1#dfs:19,k=3
Variable Delete,method=Main:1#dfs:19 <name=xxx,type=int (id=7),value=<?>,index=13>
Variable Delete,method=Main:1#dfs:19 <name=yyy,type=int (id=7),value=<?>,index=14>
Field Read,context=Main:1,dx
Variable Write,context=Main:1#dfs:19,xxx=3
Field Read,context=Main:1,dy
Variable Write,context=Main:1#dfs:19,yyy=3
Field Read,context=Main:1,data
Variable Write,context=Main:1#dfs:19,flg=false
Variable Delete,method=Main:1#dfs:19 <name=k,type=int (id=7),value=<?>,index=12>
Variable Delete,method=Main:1#dfs:19 <name=xxx,type=int (id=7),value=<?>,index=13>
Variable Delete,method=Main:1#dfs:19 <name=yyy,type=int (id=7),value=<?>,index=14>
Variable Write,context=Main:1#dfs:19,j=2
Variable Delete,method=Main:1#dfs:19 <name=xx,type=int (id=7),value=<?>,index=9>
Variable Delete,method=Main:1#dfs:19 <name=yy,type=int (id=7),value=<?>,index=10>
Variable Delete,method=Main:1#dfs:19 <name=flg,type=boolean (id=2),value=<?>,index=11>
Field Read,context=Main:1,vx
Variable Write,context=Main:1#dfs:19,xx=2
Field Read,context=Main:1,vy
Variable Write,context=Main:1#dfs:19,yy=2
Method Call,caller=Main:1#dfs:19,target=Main:1#isOK:162
Variable Write,context=Main:1#isOK:162,xx=2
Variable Write,context=Main:1#isOK:162,yy=2
Variable Write,context=Main:1#isOK:162,result=true
Method Exit,returner=Main:1#isOK:162,value=true
Variable Write,context=Main:1#dfs:19,flg=true
Field Read,context=Main:1,dx
Variable Write,context=Main:1#dfs:19,k=0
Field Read,context=Main:1,dx
Variable Write,context=Main:1#dfs:19,xxx=2
Field Read,context=Main:1,dy
Variable Write,context=Main:1#dfs:19,yyy=2
Field Read,context=Main:1,data
Field Read,context=Main:1,dx
Variable Write,context=Main:1#dfs:19,k=1
Variable Delete,method=Main:1#dfs:19 <name=xxx,type=int (id=7),value=<?>,index=13>
Variable Delete,method=Main:1#dfs:19 <name=yyy,type=int (id=7),value=<?>,index=14>
Field Read,context=Main:1,dx
Variable Write,context=Main:1#dfs:19,xxx=2
Field Read,context=Main:1,dy
Variable Write,context=Main:1#dfs:19,yyy=3
Field Read,context=Main:1,data
Field Read,context=Main:1,dx
Variable Write,context=Main:1#dfs:19,k=2
Variable Delete,method=Main:1#dfs:19 <name=xxx,type=int (id=7),value=<?>,index=13>
Variable Delete,method=Main:1#dfs:19 <name=yyy,type=int (id=7),value=<?>,index=14>
Field Read,context=Main:1,dx
Variable Write,context=Main:1#dfs:19,xxx=3
Field Read,context=Main:1,dy
Variable Write,context=Main:1#dfs:19,yyy=2
Field Read,context=Main:1,data
Field Read,context=Main:1,dx
Variable Write,context=Main:1#dfs:19,k=3
Variable Delete,method=Main:1#dfs:19 <name=xxx,type=int (id=7),value=<?>,index=13>
Variable Delete,method=Main:1#dfs:19 <name=yyy,type=int (id=7),value=<?>,index=14>
Field Read,context=Main:1,dx
Variable Write,context=Main:1#dfs:19,xxx=3
Field Read,context=Main:1,dy
Variable Write,context=Main:1#dfs:19,yyy=3
Field Read,context=Main:1,data
Variable Write,context=Main:1#dfs:19,flg=false
Variable Delete,method=Main:1#dfs:19 <name=k,type=int (id=7),value=<?>,index=12>
Variable Delete,method=Main:1#dfs:19 <name=xxx,type=int (id=7),value=<?>,index=13>
Variable Delete,method=Main:1#dfs:19 <name=yyy,type=int (id=7),value=<?>,index=14>
Variable Delete,method=Main:1#dfs:19 <name=xx,type=int (id=7),value=<?>,index=9>
Variable Delete,method=Main:1#dfs:19 <name=yy,type=int (id=7),value=<?>,index=10>
Variable Delete,method=Main:1#dfs:19 <name=flg,type=boolean (id=2),value=<?>,index=11>
Field Read,context=Main:1,vx
Variable Write,context=Main:1#dfs:19,i=1
Variable Delete,method=Main:1#dfs:19 <name=j,type=int (id=7),value=<?>,index=8>
Variable Write,context=Main:1#dfs:19,j=1
Field Read,context=Main:1,vx
Variable Write,context=Main:1#dfs:19,xx=2
Field Read,context=Main:1,vy
Variable Write,context=Main:1#dfs:19,yy=3
Method Call,caller=Main:1#dfs:19,target=Main:1#isOK:163
Variable Write,context=Main:1#isOK:163,xx=2
Variable Write,context=Main:1#isOK:163,yy=3
Variable Write,context=Main:1#isOK:163,result=false
Method Exit,returner=Main:1#isOK:163,value=false
Variable Write,context=Main:1#dfs:19,j=2
Variable Delete,method=Main:1#dfs:19 <name=xx,type=int (id=7),value=<?>,index=9>
Variable Delete,method=Main:1#dfs:19 <name=yy,type=int (id=7),value=<?>,index=10>
Field Read,context=Main:1,vx
Variable Write,context=Main:1#dfs:19,xx=2
Field Read,context=Main:1,vy
Variable Write,context=Main:1#dfs:19,yy=4
Method Call,caller=Main:1#dfs:19,target=Main:1#isOK:164
Variable Write,context=Main:1#isOK:164,xx=2
Variable Write,context=Main:1#isOK:164,yy=4
Variable Write,context=Main:1#isOK:164,result=false
Method Exit,returner=Main:1#isOK:164,value=false
Variable Delete,method=Main:1#dfs:19 <name=xx,type=int (id=7),value=<?>,index=9>
Variable Delete,method=Main:1#dfs:19 <name=yy,type=int (id=7),value=<?>,index=10>
Field Read,context=Main:1,vx
Variable Write,context=Main:1#dfs:19,i=2
Variable Delete,method=Main:1#dfs:19 <name=j,type=int (id=7),value=<?>,index=8>
Variable Write,context=Main:1#dfs:19,j=1
Field Read,context=Main:1,vx
Variable Write,context=Main:1#dfs:19,xx=3
Field Read,context=Main:1,vy
Variable Write,context=Main:1#dfs:19,yy=2
Method Call,caller=Main:1#dfs:19,target=Main:1#isOK:165
Variable Write,context=Main:1#isOK:165,xx=3
Variable Write,context=Main:1#isOK:165,yy=2
Variable Write,context=Main:1#isOK:165,result=false
Method Exit,returner=Main:1#isOK:165,value=false
Variable Write,context=Main:1#dfs:19,j=2
Variable Delete,method=Main:1#dfs:19 <name=xx,type=int (id=7),value=<?>,index=9>
Variable Delete,method=Main:1#dfs:19 <name=yy,type=int (id=7),value=<?>,index=10>
Field Read,context=Main:1,vx
Variable Write,context=Main:1#dfs:19,xx=4
Field Read,context=Main:1,vy
Variable Write,context=Main:1#dfs:19,yy=2
Method Call,caller=Main:1#dfs:19,target=Main:1#isOK:166
Variable Write,context=Main:1#isOK:166,xx=4
Variable Write,context=Main:1#isOK:166,yy=2
Variable Write,context=Main:1#isOK:166,result=false
Method Exit,returner=Main:1#isOK:166,value=false
Variable Delete,method=Main:1#dfs:19 <name=xx,type=int (id=7),value=<?>,index=9>
Variable Delete,method=Main:1#dfs:19 <name=yy,type=int (id=7),value=<?>,index=10>
Field Read,context=Main:1,vx
Variable Write,context=Main:1#dfs:19,i=3
Variable Delete,method=Main:1#dfs:19 <name=j,type=int (id=7),value=<?>,index=8>
Variable Write,context=Main:1#dfs:19,j=1
Field Read,context=Main:1,vx
Variable Write,context=Main:1#dfs:19,xx=2
Field Read,context=Main:1,vy
Variable Write,context=Main:1#dfs:19,yy=1
Method Call,caller=Main:1#dfs:19,target=Main:1#isOK:167
Variable Write,context=Main:1#isOK:167,xx=2
Variable Write,context=Main:1#isOK:167,yy=1
Variable Write,context=Main:1#isOK:167,result=true
Method Exit,returner=Main:1#isOK:167,value=true
Variable Write,context=Main:1#dfs:19,flg=true
Field Read,context=Main:1,dx
Variable Write,context=Main:1#dfs:19,k=0
Field Read,context=Main:1,dx
Variable Write,context=Main:1#dfs:19,xxx=2
Field Read,context=Main:1,dy
Variable Write,context=Main:1#dfs:19,yyy=1
Field Read,context=Main:1,data
Field Read,context=Main:1,dx
Variable Write,context=Main:1#dfs:19,k=1
Variable Delete,method=Main:1#dfs:19 <name=xxx,type=int (id=7),value=<?>,index=13>
Variable Delete,method=Main:1#dfs:19 <name=yyy,type=int (id=7),value=<?>,index=14>
Field Read,context=Main:1,dx
Variable Write,context=Main:1#dfs:19,xxx=2
Field Read,context=Main:1,dy
Variable Write,context=Main:1#dfs:19,yyy=2
Field Read,context=Main:1,data
Field Read,context=Main:1,dx
Variable Write,context=Main:1#dfs:19,k=2
Variable Delete,method=Main:1#dfs:19 <name=xxx,type=int (id=7),value=<?>,index=13>
Variable Delete,method=Main:1#dfs:19 <name=yyy,type=int (id=7),value=<?>,index=14>
Field Read,context=Main:1,dx
Variable Write,context=Main:1#dfs:19,xxx=3
Field Read,context=Main:1,dy
Variable Write,context=Main:1#dfs:19,yyy=1
Field Read,context=Main:1,data
Field Read,context=Main:1,dx
Variable Write,context=Main:1#dfs:19,k=3
Variable Delete,method=Main:1#dfs:19 <name=xxx,type=int (id=7),value=<?>,index=13>
Variable Delete,method=Main:1#dfs:19 <name=yyy,type=int (id=7),value=<?>,index=14>
Field Read,context=Main:1,dx
Variable Write,context=Main:1#dfs:19,xxx=3
Field Read,context=Main:1,dy
Variable Write,context=Main:1#dfs:19,yyy=2
Field Read,context=Main:1,data
Field Read,context=Main:1,dx
Variable Delete,method=Main:1#dfs:19 <name=xxx,type=int (id=7),value=<?>,index=13>
Variable Delete,method=Main:1#dfs:19 <name=yyy,type=int (id=7),value=<?>,index=14>
Variable Delete,method=Main:1#dfs:19 <name=k,type=int (id=7),value=<?>,index=12>
Variable Write,context=Main:1#dfs:19,nlt=1
Variable Write,context=Main:1#dfs:19,nlb=1
Variable Write,context=Main:1#dfs:19,nrt=5
Variable Write,context=Main:1#dfs:19,nrb=6
Variable Write,context=Main:1#dfs:19,next=6 211156
Field Read,context=Main:1,close
Field Read,context=Main:1,close
Method Call,caller=Main:1#dfs:19,target=Main:1#dfs:20
Variable Write,context=Main:1#dfs:20,lt=1
Variable Write,context=Main:1#dfs:20,lb=1
Variable Write,context=Main:1#dfs:20,rt=5
Variable Write,context=Main:1#dfs:20,rb=6
Variable Write,context=Main:1#dfs:20,deep=6
Variable Write,context=Main:1#dfs:20,x=2
Variable Write,context=Main:1#dfs:20,y=1
Field Read,context=Main:1,n
Field Read,context=Main:1,vx
Variable Write,context=Main:1#dfs:20,i=0
Variable Write,context=Main:1#dfs:20,j=1
Field Read,context=Main:1,vx
Variable Write,context=Main:1#dfs:20,xx=2
Field Read,context=Main:1,vy
Variable Write,context=Main:1#dfs:20,yy=1
Method Call,caller=Main:1#dfs:20,target=Main:1#isOK:168
Variable Write,context=Main:1#isOK:168,xx=2
Variable Write,context=Main:1#isOK:168,yy=1
Variable Write,context=Main:1#isOK:168,result=true
Method Exit,returner=Main:1#isOK:168,value=true
Variable Write,context=Main:1#dfs:20,flg=true
Field Read,context=Main:1,dx
Variable Write,context=Main:1#dfs:20,k=0
Field Read,context=Main:1,dx
Variable Write,context=Main:1#dfs:20,xxx=2
Field Read,context=Main:1,dy
Variable Write,context=Main:1#dfs:20,yyy=1
Field Read,context=Main:1,data
Field Read,context=Main:1,dx
Variable Write,context=Main:1#dfs:20,k=1
Variable Delete,method=Main:1#dfs:20 <name=xxx,type=int (id=7),value=<?>,index=13>
Variable Delete,method=Main:1#dfs:20 <name=yyy,type=int (id=7),value=<?>,index=14>
Field Read,context=Main:1,dx
Variable Write,context=Main:1#dfs:20,xxx=2
Field Read,context=Main:1,dy
Variable Write,context=Main:1#dfs:20,yyy=2
Field Read,context=Main:1,data
Field Read,context=Main:1,dx
Variable Write,context=Main:1#dfs:20,k=2
Variable Delete,method=Main:1#dfs:20 <name=xxx,type=int (id=7),value=<?>,index=13>
Variable Delete,method=Main:1#dfs:20 <name=yyy,type=int (id=7),value=<?>,index=14>
Field Read,context=Main:1,dx
Variable Write,context=Main:1#dfs:20,xxx=3
Field Read,context=Main:1,dy
Variable Write,context=Main:1#dfs:20,yyy=1
Field Read,context=Main:1,data
Field Read,context=Main:1,dx
Variable Write,context=Main:1#dfs:20,k=3
Variable Delete,method=Main:1#dfs:20 <name=xxx,type=int (id=7),value=<?>,index=13>
Variable Delete,method=Main:1#dfs:20 <name=yyy,type=int (id=7),value=<?>,index=14>
Field Read,context=Main:1,dx
Variable Write,context=Main:1#dfs:20,xxx=3
Field Read,context=Main:1,dy
Variable Write,context=Main:1#dfs:20,yyy=2
Field Read,context=Main:1,data
Field Read,context=Main:1,dx
Variable Delete,method=Main:1#dfs:20 <name=xxx,type=int (id=7),value=<?>,index=13>
Variable Delete,method=Main:1#dfs:20 <name=yyy,type=int (id=7),value=<?>,index=14>
Variable Delete,method=Main:1#dfs:20 <name=k,type=int (id=7),value=<?>,index=12>
Variable Write,context=Main:1#dfs:20,nlt=0
Variable Write,context=Main:1#dfs:20,nlb=0
Variable Write,context=Main:1#dfs:20,nrt=4
Variable Write,context=Main:1#dfs:20,nrb=5
Variable Write,context=Main:1#dfs:20,j=2
Variable Delete,method=Main:1#dfs:20 <name=xx,type=int (id=7),value=<?>,index=9>
Variable Delete,method=Main:1#dfs:20 <name=yy,type=int (id=7),value=<?>,index=10>
Variable Delete,method=Main:1#dfs:20 <name=flg,type=boolean (id=2),value=<?>,index=11>
Variable Delete,method=Main:1#dfs:20 <name=nlt,type=int (id=7),value=<?>,index=15>
Variable Delete,method=Main:1#dfs:20 <name=nlb,type=int (id=7),value=<?>,index=16>
Variable Delete,method=Main:1#dfs:20 <name=nrt,type=int (id=7),value=<?>,index=17>
Variable Delete,method=Main:1#dfs:20 <name=nrb,type=int (id=7),value=<?>,index=18>
Field Read,context=Main:1,vx
Variable Write,context=Main:1#dfs:20,xx=2
Field Read,context=Main:1,vy
Variable Write,context=Main:1#dfs:20,yy=1
Method Call,caller=Main:1#dfs:20,target=Main:1#isOK:169
Variable Write,context=Main:1#isOK:169,xx=2
Variable Write,context=Main:1#isOK:169,yy=1
Variable Write,context=Main:1#isOK:169,result=true
Method Exit,returner=Main:1#isOK:169,value=true
Variable Write,context=Main:1#dfs:20,flg=true
Field Read,context=Main:1,dx
Variable Write,context=Main:1#dfs:20,k=0
Field Read,context=Main:1,dx
Variable Write,context=Main:1#dfs:20,xxx=2
Field Read,context=Main:1,dy
Variable Write,context=Main:1#dfs:20,yyy=1
Field Read,context=Main:1,data
Field Read,context=Main:1,dx
Variable Write,context=Main:1#dfs:20,k=1
Variable Delete,method=Main:1#dfs:20 <name=xxx,type=int (id=7),value=<?>,index=13>
Variable Delete,method=Main:1#dfs:20 <name=yyy,type=int (id=7),value=<?>,index=14>
Field Read,context=Main:1,dx
Variable Write,context=Main:1#dfs:20,xxx=2
Field Read,context=Main:1,dy
Variable Write,context=Main:1#dfs:20,yyy=2
Field Read,context=Main:1,data
Field Read,context=Main:1,dx
Variable Write,context=Main:1#dfs:20,k=2
Variable Delete,method=Main:1#dfs:20 <name=xxx,type=int (id=7),value=<?>,index=13>
Variable Delete,method=Main:1#dfs:20 <name=yyy,type=int (id=7),value=<?>,index=14>
Field Read,context=Main:1,dx
Variable Write,context=Main:1#dfs:20,xxx=3
Field Read,context=Main:1,dy
Variable Write,context=Main:1#dfs:20,yyy=1
Field Read,context=Main:1,data
Field Read,context=Main:1,dx
Variable Write,context=Main:1#dfs:20,k=3
Variable Delete,method=Main:1#dfs:20 <name=xxx,type=int (id=7),value=<?>,index=13>
Variable Delete,method=Main:1#dfs:20 <name=yyy,type=int (id=7),value=<?>,index=14>
Field Read,context=Main:1,dx
Variable Write,context=Main:1#dfs:20,xxx=3
Field Read,context=Main:1,dy
Variable Write,context=Main:1#dfs:20,yyy=2
Field Read,context=Main:1,data
Field Read,context=Main:1,dx
Variable Delete,method=Main:1#dfs:20 <name=xxx,type=int (id=7),value=<?>,index=13>
Variable Delete,method=Main:1#dfs:20 <name=yyy,type=int (id=7),value=<?>,index=14>
Variable Delete,method=Main:1#dfs:20 <name=k,type=int (id=7),value=<?>,index=12>
Variable Write,context=Main:1#dfs:20,nlt=0
Variable Write,context=Main:1#dfs:20,nlb=0
Variable Write,context=Main:1#dfs:20,nrt=4
Variable Write,context=Main:1#dfs:20,nrb=5
Variable Delete,method=Main:1#dfs:20 <name=xx,type=int (id=7),value=<?>,index=9>
Variable Delete,method=Main:1#dfs:20 <name=yy,type=int (id=7),value=<?>,index=10>
Variable Delete,method=Main:1#dfs:20 <name=flg,type=boolean (id=2),value=<?>,index=11>
Variable Delete,method=Main:1#dfs:20 <name=nlt,type=int (id=7),value=<?>,index=15>
Variable Delete,method=Main:1#dfs:20 <name=nlb,type=int (id=7),value=<?>,index=16>
Variable Delete,method=Main:1#dfs:20 <name=nrt,type=int (id=7),value=<?>,index=17>
Variable Delete,method=Main:1#dfs:20 <name=nrb,type=int (id=7),value=<?>,index=18>
Field Read,context=Main:1,vx
Variable Write,context=Main:1#dfs:20,i=1
Variable Delete,method=Main:1#dfs:20 <name=j,type=int (id=7),value=<?>,index=8>
Variable Write,context=Main:1#dfs:20,j=1
Field Read,context=Main:1,vx
Variable Write,context=Main:1#dfs:20,xx=2
Field Read,context=Main:1,vy
Variable Write,context=Main:1#dfs:20,yy=2
Method Call,caller=Main:1#dfs:20,target=Main:1#isOK:170
Variable Write,context=Main:1#isOK:170,xx=2
Variable Write,context=Main:1#isOK:170,yy=2
Variable Write,context=Main:1#isOK:170,result=true
Method Exit,returner=Main:1#isOK:170,value=true
Variable Write,context=Main:1#dfs:20,flg=true
Field Read,context=Main:1,dx
Variable Write,context=Main:1#dfs:20,k=0
Field Read,context=Main:1,dx
Variable Write,context=Main:1#dfs:20,xxx=2
Field Read,context=Main:1,dy
Variable Write,context=Main:1#dfs:20,yyy=2
Field Read,context=Main:1,data
Field Read,context=Main:1,dx
Variable Write,context=Main:1#dfs:20,k=1
Variable Delete,method=Main:1#dfs:20 <name=xxx,type=int (id=7),value=<?>,index=13>
Variable Delete,method=Main:1#dfs:20 <name=yyy,type=int (id=7),value=<?>,index=14>
Field Read,context=Main:1,dx
Variable Write,context=Main:1#dfs:20,xxx=2
Field Read,context=Main:1,dy
Variable Write,context=Main:1#dfs:20,yyy=3
Field Read,context=Main:1,data
Field Read,context=Main:1,dx
Variable Write,context=Main:1#dfs:20,k=2
Variable Delete,method=Main:1#dfs:20 <name=xxx,type=int (id=7),value=<?>,index=13>
Variable Delete,method=Main:1#dfs:20 <name=yyy,type=int (id=7),value=<?>,index=14>
Field Read,context=Main:1,dx
Variable Write,context=Main:1#dfs:20,xxx=3
Field Read,context=Main:1,dy
Variable Write,context=Main:1#dfs:20,yyy=2
Field Read,context=Main:1,data
Field Read,context=Main:1,dx
Variable Write,context=Main:1#dfs:20,k=3
Variable Delete,method=Main:1#dfs:20 <name=xxx,type=int (id=7),value=<?>,index=13>
Variable Delete,method=Main:1#dfs:20 <name=yyy,type=int (id=7),value=<?>,index=14>
Field Read,context=Main:1,dx
Variable Write,context=Main:1#dfs:20,xxx=3
Field Read,context=Main:1,dy
Variable Write,context=Main:1#dfs:20,yyy=3
Field Read,context=Main:1,data
Field Read,context=Main:1,dx
Variable Delete,method=Main:1#dfs:20 <name=xxx,type=int (id=7),value=<?>,index=13>
Variable Delete,method=Main:1#dfs:20 <name=yyy,type=int (id=7),value=<?>,index=14>
Variable Delete,method=Main:1#dfs:20 <name=k,type=int (id=7),value=<?>,index=12>
Variable Write,context=Main:1#dfs:20,nlt=0
Variable Write,context=Main:1#dfs:20,nlb=0
Variable Write,context=Main:1#dfs:20,nrt=4
Variable Write,context=Main:1#dfs:20,nrb=5
Variable Write,context=Main:1#dfs:20,nrb=7
Variable Write,context=Main:1#dfs:20,j=2
Variable Delete,method=Main:1#dfs:20 <name=xx,type=int (id=7),value=<?>,index=9>
Variable Delete,method=Main:1#dfs:20 <name=yy,type=int (id=7),value=<?>,index=10>
Variable Delete,method=Main:1#dfs:20 <name=flg,type=boolean (id=2),value=<?>,index=11>
Variable Delete,method=Main:1#dfs:20 <name=nlt,type=int (id=7),value=<?>,index=15>
Variable Delete,method=Main:1#dfs:20 <name=nlb,type=int (id=7),value=<?>,index=16>
Variable Delete,method=Main:1#dfs:20 <name=nrt,type=int (id=7),value=<?>,index=17>
Variable Delete,method=Main:1#dfs:20 <name=nrb,type=int (id=7),value=<?>,index=18>
Field Read,context=Main:1,vx
Variable Write,context=Main:1#dfs:20,xx=2
Field Read,context=Main:1,vy
Variable Write,context=Main:1#dfs:20,yy=3
Method Call,caller=Main:1#dfs:20,target=Main:1#isOK:171
Variable Write,context=Main:1#isOK:171,xx=2
Variable Write,context=Main:1#isOK:171,yy=3
Variable Write,context=Main:1#isOK:171,result=false
Method Exit,returner=Main:1#isOK:171,value=false
Variable Delete,method=Main:1#dfs:20 <name=xx,type=int (id=7),value=<?>,index=9>
Variable Delete,method=Main:1#dfs:20 <name=yy,type=int (id=7),value=<?>,index=10>
Field Read,context=Main:1,vx
Variable Write,context=Main:1#dfs:20,i=2
Variable Delete,method=Main:1#dfs:20 <name=j,type=int (id=7),value=<?>,index=8>
Variable Write,context=Main:1#dfs:20,j=1
Field Read,context=Main:1,vx
Variable Write,context=Main:1#dfs:20,xx=3
Field Read,context=Main:1,vy
Variable Write,context=Main:1#dfs:20,yy=1
Method Call,caller=Main:1#dfs:20,target=Main:1#isOK:172
Variable Write,context=Main:1#isOK:172,xx=3
Variable Write,context=Main:1#isOK:172,yy=1
Variable Write,context=Main:1#isOK:172,result=false
Method Exit,returner=Main:1#isOK:172,value=false
Variable Write,context=Main:1#dfs:20,j=2
Variable Delete,method=Main:1#dfs:20 <name=xx,type=int (id=7),value=<?>,index=9>
Variable Delete,method=Main:1#dfs:20 <name=yy,type=int (id=7),value=<?>,index=10>
Field Read,context=Main:1,vx
Variable Write,context=Main:1#dfs:20,xx=4
Field Read,context=Main:1,vy
Variable Write,context=Main:1#dfs:20,yy=1
Method Call,caller=Main:1#dfs:20,target=Main:1#isOK:173
Variable Write,context=Main:1#isOK:173,xx=4
Variable Write,context=Main:1#isOK:173,yy=1
Variable Write,context=Main:1#isOK:173,result=false
Method Exit,returner=Main:1#isOK:173,value=false
Variable Delete,method=Main:1#dfs:20 <name=xx,type=int (id=7),value=<?>,index=9>
Variable Delete,method=Main:1#dfs:20 <name=yy,type=int (id=7),value=<?>,index=10>
Field Read,context=Main:1,vx
Variable Write,context=Main:1#dfs:20,i=3
Variable Delete,method=Main:1#dfs:20 <name=j,type=int (id=7),value=<?>,index=8>
Variable Write,context=Main:1#dfs:20,j=1
Field Read,context=Main:1,vx
Variable Write,context=Main:1#dfs:20,xx=2
Field Read,context=Main:1,vy
Variable Write,context=Main:1#dfs:20,yy=0
Method Call,caller=Main:1#dfs:20,target=Main:1#isOK:174
Variable Write,context=Main:1#isOK:174,xx=2
Variable Write,context=Main:1#isOK:174,yy=0
Variable Write,context=Main:1#isOK:174,result=true
Method Exit,returner=Main:1#isOK:174,value=true
Variable Write,context=Main:1#dfs:20,flg=true
Field Read,context=Main:1,dx
Variable Write,context=Main:1#dfs:20,k=0
Field Read,context=Main:1,dx
Variable Write,context=Main:1#dfs:20,xxx=2
Field Read,context=Main:1,dy
Variable Write,context=Main:1#dfs:20,yyy=0
Field Read,context=Main:1,data
Field Read,context=Main:1,dx
Variable Write,context=Main:1#dfs:20,k=1
Variable Delete,method=Main:1#dfs:20 <name=xxx,type=int (id=7),value=<?>,index=13>
Variable Delete,method=Main:1#dfs:20 <name=yyy,type=int (id=7),value=<?>,index=14>
Field Read,context=Main:1,dx
Variable Write,context=Main:1#dfs:20,xxx=2
Field Read,context=Main:1,dy
Variable Write,context=Main:1#dfs:20,yyy=1
Field Read,context=Main:1,data
Field Read,context=Main:1,dx
Variable Write,context=Main:1#dfs:20,k=2
Variable Delete,method=Main:1#dfs:20 <name=xxx,type=int (id=7),value=<?>,index=13>
Variable Delete,method=Main:1#dfs:20 <name=yyy,type=int (id=7),value=<?>,index=14>
Field Read,context=Main:1,dx
Variable Write,context=Main:1#dfs:20,xxx=3
Field Read,context=Main:1,dy
Variable Write,context=Main:1#dfs:20,yyy=0
Field Read,context=Main:1,data
Field Read,context=Main:1,dx
Variable Write,context=Main:1#dfs:20,k=3
Variable Delete,method=Main:1#dfs:20 <name=xxx,type=int (id=7),value=<?>,index=13>
Variable Delete,method=Main:1#dfs:20 <name=yyy,type=int (id=7),value=<?>,index=14>
Field Read,context=Main:1,dx
Variable Write,context=Main:1#dfs:20,xxx=3
Field Read,context=Main:1,dy
Variable Write,context=Main:1#dfs:20,yyy=1
Field Read,context=Main:1,data
Field Read,context=Main:1,dx
Variable Delete,method=Main:1#dfs:20 <name=xxx,type=int (id=7),value=<?>,index=13>
Variable Delete,method=Main:1#dfs:20 <name=yyy,type=int (id=7),value=<?>,index=14>
Variable Delete,method=Main:1#dfs:20 <name=k,type=int (id=7),value=<?>,index=12>
Variable Write,context=Main:1#dfs:20,nlt=0
Variable Write,context=Main:1#dfs:20,nlb=0
Variable Write,context=Main:1#dfs:20,nrt=4
Variable Write,context=Main:1#dfs:20,nrb=5
Variable Write,context=Main:1#dfs:20,nrt=7
Variable Write,context=Main:1#dfs:20,j=2
Variable Delete,method=Main:1#dfs:20 <name=xx,type=int (id=7),value=<?>,index=9>
Variable Delete,method=Main:1#dfs:20 <name=yy,type=int (id=7),value=<?>,index=10>
Variable Delete,method=Main:1#dfs:20 <name=flg,type=boolean (id=2),value=<?>,index=11>
Variable Delete,method=Main:1#dfs:20 <name=nlt,type=int (id=7),value=<?>,index=15>
Variable Delete,method=Main:1#dfs:20 <name=nlb,type=int (id=7),value=<?>,index=16>
Variable Delete,method=Main:1#dfs:20 <name=nrt,type=int (id=7),value=<?>,index=17>
Variable Delete,method=Main:1#dfs:20 <name=nrb,type=int (id=7),value=<?>,index=18>
Field Read,context=Main:1,vx
Variable Write,context=Main:1#dfs:20,xx=2
Field Read,context=Main:1,vy
Variable Write,context=Main:1#dfs:20,yy=-1
Method Call,caller=Main:1#dfs:20,target=Main:1#isOK:175
Variable Write,context=Main:1#isOK:175,xx=2
Variable Write,context=Main:1#isOK:175,yy=-1
Variable Write,context=Main:1#isOK:175,result=false
Method Exit,returner=Main:1#isOK:175,value=false
Variable Delete,method=Main:1#dfs:20 <name=xx,type=int (id=7),value=<?>,index=9>
Variable Delete,method=Main:1#dfs:20 <name=yy,type=int (id=7),value=<?>,index=10>
Field Read,context=Main:1,vx
Variable Write,context=Main:1#dfs:20,i=4
Variable Delete,method=Main:1#dfs:20 <name=j,type=int (id=7),value=<?>,index=8>
Variable Write,context=Main:1#dfs:20,j=1
Field Read,context=Main:1,vx
Variable Write,context=Main:1#dfs:20,xx=1
Field Read,context=Main:1,vy
Variable Write,context=Main:1#dfs:20,yy=1
Method Call,caller=Main:1#dfs:20,target=Main:1#isOK:176
Variable Write,context=Main:1#isOK:176,xx=1
Variable Write,context=Main:1#isOK:176,yy=1
Variable Write,context=Main:1#isOK:176,result=true
Method Exit,returner=Main:1#isOK:176,value=true
Variable Write,context=Main:1#dfs:20,flg=true
Field Read,context=Main:1,dx
Variable Write,context=Main:1#dfs:20,k=0
Field Read,context=Main:1,dx
Variable Write,context=Main:1#dfs:20,xxx=1
Field Read,context=Main:1,dy
Variable Write,context=Main:1#dfs:20,yyy=1
Field Read,context=Main:1,data
Variable Write,context=Main:1#dfs:20,flg=false
Variable Delete,method=Main:1#dfs:20 <name=k,type=int (id=7),value=<?>,index=12>
Variable Delete,method=Main:1#dfs:20 <name=xxx,type=int (id=7),value=<?>,index=13>
Variable Delete,method=Main:1#dfs:20 <name=yyy,type=int (id=7),value=<?>,index=14>
Variable Write,context=Main:1#dfs:20,j=2
Variable Delete,method=Main:1#dfs:20 <name=xx,type=int (id=7),value=<?>,index=9>
Variable Delete,method=Main:1#dfs:20 <name=yy,type=int (id=7),value=<?>,index=10>
Variable Delete,method=Main:1#dfs:20 <name=flg,type=boolean (id=2),value=<?>,index=11>
Field Read,context=Main:1,vx
Variable Write,context=Main:1#dfs:20,xx=0
Field Read,context=Main:1,vy
Variable Write,context=Main:1#dfs:20,yy=1
Method Call,caller=Main:1#dfs:20,target=Main:1#isOK:177
Variable Write,context=Main:1#isOK:177,xx=0
Variable Write,context=Main:1#isOK:177,yy=1
Variable Write,context=Main:1#isOK:177,result=true
Method Exit,returner=Main:1#isOK:177,value=true
Variable Write,context=Main:1#dfs:20,flg=true
Field Read,context=Main:1,dx
Variable Write,context=Main:1#dfs:20,k=0
Field Read,context=Main:1,dx
Variable Write,context=Main:1#dfs:20,xxx=0
Field Read,context=Main:1,dy
Variable Write,context=Main:1#dfs:20,yyy=1
Field Read,context=Main:1,data
Field Read,context=Main:1,dx
Variable Write,context=Main:1#dfs:20,k=1
Variable Delete,method=Main:1#dfs:20 <name=xxx,type=int (id=7),value=<?>,index=13>
Variable Delete,method=Main:1#dfs:20 <name=yyy,type=int (id=7),value=<?>,index=14>
Field Read,context=Main:1,dx
Variable Write,context=Main:1#dfs:20,xxx=0
Field Read,context=Main:1,dy
Variable Write,context=Main:1#dfs:20,yyy=2
Field Read,context=Main:1,data
Variable Write,context=Main:1#dfs:20,flg=false
Variable Delete,method=Main:1#dfs:20 <name=k,type=int (id=7),value=<?>,index=12>
Variable Delete,method=Main:1#dfs:20 <name=xxx,type=int (id=7),value=<?>,index=13>
Variable Delete,method=Main:1#dfs:20 <name=yyy,type=int (id=7),value=<?>,index=14>
Variable Delete,method=Main:1#dfs:20 <name=xx,type=int (id=7),value=<?>,index=9>
Variable Delete,method=Main:1#dfs:20 <name=yy,type=int (id=7),value=<?>,index=10>
Variable Delete,method=Main:1#dfs:20 <name=flg,type=boolean (id=2),value=<?>,index=11>
Field Read,context=Main:1,vx
Variable Delete,method=Main:1#dfs:20 <name=j,type=int (id=7),value=<?>,index=8>
Method Exit,returner=Main:1#dfs:20,value=<void>
Variable Write,context=Main:1#dfs:19,j=2
Variable Delete,method=Main:1#dfs:19 <name=xx,type=int (id=7),value=<?>,index=9>
Variable Delete,method=Main:1#dfs:19 <name=yy,type=int (id=7),value=<?>,index=10>
Variable Delete,method=Main:1#dfs:19 <name=flg,type=boolean (id=2),value=<?>,index=11>
Variable Delete,method=Main:1#dfs:19 <name=nlt,type=int (id=7),value=<?>,index=15>
Variable Delete,method=Main:1#dfs:19 <name=nlb,type=int (id=7),value=<?>,index=16>
Variable Delete,method=Main:1#dfs:19 <name=nrt,type=int (id=7),value=<?>,index=17>
Variable Delete,method=Main:1#dfs:19 <name=nrb,type=int (id=7),value=<?>,index=18>
Variable Delete,method=Main:1#dfs:19 <name=next,type=java.lang.String (id=25),value=<?>,index=19>
Field Read,context=Main:1,vx
Variable Write,context=Main:1#dfs:19,xx=2
Field Read,context=Main:1,vy
Variable Write,context=Main:1#dfs:19,yy=0
Method Call,caller=Main:1#dfs:19,target=Main:1#isOK:178
Variable Write,context=Main:1#isOK:178,xx=2
Variable Write,context=Main:1#isOK:178,yy=0
Variable Write,context=Main:1#isOK:178,result=true
Method Exit,returner=Main:1#isOK:178,value=true
Variable Write,context=Main:1#dfs:19,flg=true
Field Read,context=Main:1,dx
Variable Write,context=Main:1#dfs:19,k=0
Field Read,context=Main:1,dx
Variable Write,context=Main:1#dfs:19,xxx=2
Field Read,context=Main:1,dy
Variable Write,context=Main:1#dfs:19,yyy=0
Field Read,context=Main:1,data
Field Read,context=Main:1,dx
Variable Write,context=Main:1#dfs:19,k=1
Variable Delete,method=Main:1#dfs:19 <name=xxx,type=int (id=7),value=<?>,index=13>
Variable Delete,method=Main:1#dfs:19 <name=yyy,type=int (id=7),value=<?>,index=14>
Field Read,context=Main:1,dx
Variable Write,context=Main:1#dfs:19,xxx=2
Field Read,context=Main:1,dy
Variable Write,context=Main:1#dfs:19,yyy=1
Field Read,context=Main:1,data
Field Read,context=Main:1,dx
Variable Write,context=Main:1#dfs:19,k=2
Variable Delete,method=Main:1#dfs:19 <name=xxx,type=int (id=7),value=<?>,index=13>
Variable Delete,method=Main:1#dfs:19 <name=yyy,type=int (id=7),value=<?>,index=14>
Field Read,context=Main:1,dx
Variable Write,context=Main:1#dfs:19,xxx=3
Field Read,context=Main:1,dy
Variable Write,context=Main:1#dfs:19,yyy=0
Field Read,context=Main:1,data
Variable Write,context=Main:1#dfs:19,flg=false
Variable Delete,method=Main:1#dfs:19 <name=k,type=int (id=7),value=<?>,index=12>
Variable Delete,method=Main:1#dfs:19 <name=xxx,type=int (id=7),value=<?>,index=13>
Variable Delete,method=Main:1#dfs:19 <name=yyy,type=int (id=7),value=<?>,index=14>
Variable Delete,method=Main:1#dfs:19 <name=xx,type=int (id=7),value=<?>,index=9>
Variable Delete,method=Main:1#dfs:19 <name=yy,type=int (id=7),value=<?>,index=10>
Variable Delete,method=Main:1#dfs:19 <name=flg,type=boolean (id=2),value=<?>,index=11>
Field Read,context=Main:1,vx
Variable Write,context=Main:1#dfs:19,i=4
Variable Delete,method=Main:1#dfs:19 <name=j,type=int (id=7),value=<?>,index=8>
Variable Write,context=Main:1#dfs:19,j=1
Field Read,context=Main:1,vx
Variable Write,context=Main:1#dfs:19,xx=1
Field Read,context=Main:1,vy
Variable Write,context=Main:1#dfs:19,yy=2
Method Call,caller=Main:1#dfs:19,target=Main:1#isOK:179
Variable Write,context=Main:1#isOK:179,xx=1
Variable Write,context=Main:1#isOK:179,yy=2
Variable Write,context=Main:1#isOK:179,result=true
Method Exit,returner=Main:1#isOK:179,value=true
Variable Write,context=Main:1#dfs:19,flg=true
Field Read,context=Main:1,dx
Variable Write,context=Main:1#dfs:19,k=0
Field Read,context=Main:1,dx
Variable Write,context=Main:1#dfs:19,xxx=1
Field Read,context=Main:1,dy
Variable Write,context=Main:1#dfs:19,yyy=2
Field Read,context=Main:1,data
Field Read,context=Main:1,dx
Variable Write,context=Main:1#dfs:19,k=1
Variable Delete,method=Main:1#dfs:19 <name=xxx,type=int (id=7),value=<?>,index=13>
Variable Delete,method=Main:1#dfs:19 <name=yyy,type=int (id=7),value=<?>,index=14>
Field Read,context=Main:1,dx
Variable Write,context=Main:1#dfs:19,xxx=1
Field Read,context=Main:1,dy
Variable Write,context=Main:1#dfs:19,yyy=3
Field Read,context=Main:1,data
Field Read,context=Main:1,dx
Variable Write,context=Main:1#dfs:19,k=2
Variable Delete,method=Main:1#dfs:19 <name=xxx,type=int (id=7),value=<?>,index=13>
Variable Delete,method=Main:1#dfs:19 <name=yyy,type=int (id=7),value=<?>,index=14>
Field Read,context=Main:1,dx
Variable Write,context=Main:1#dfs:19,xxx=2
Field Read,context=Main:1,dy
Variable Write,context=Main:1#dfs:19,yyy=2
Field Read,context=Main:1,data
Field Read,context=Main:1,dx
Variable Write,context=Main:1#dfs:19,k=3
Variable Delete,method=Main:1#dfs:19 <name=xxx,type=int (id=7),value=<?>,index=13>
Variable Delete,method=Main:1#dfs:19 <name=yyy,type=int (id=7),value=<?>,index=14>
Field Read,context=Main:1,dx
Variable Write,context=Main:1#dfs:19,xxx=2
Field Read,context=Main:1,dy
Variable Write,context=Main:1#dfs:19,yyy=3
Field Read,context=Main:1,data
Field Read,context=Main:1,dx
Variable Delete,method=Main:1#dfs:19 <name=xxx,type=int (id=7),value=<?>,index=13>
Variable Delete,method=Main:1#dfs:19 <name=yyy,type=int (id=7),value=<?>,index=14>
Variable Delete,method=Main:1#dfs:19 <name=k,type=int (id=7),value=<?>,index=12>
Variable Write,context=Main:1#dfs:19,nlt=1
Variable Write,context=Main:1#dfs:19,nlb=1
Variable Write,context=Main:1#dfs:19,nrt=5
Variable Write,context=Main:1#dfs:19,nrb=6
Variable Write,context=Main:1#dfs:19,next=6 121156
Field Read,context=Main:1,close
Field Read,context=Main:1,close
Method Call,caller=Main:1#dfs:19,target=Main:1#dfs:21
Variable Write,context=Main:1#dfs:21,lt=1
Variable Write,context=Main:1#dfs:21,lb=1
Variable Write,context=Main:1#dfs:21,rt=5
Variable Write,context=Main:1#dfs:21,rb=6
Variable Write,context=Main:1#dfs:21,deep=6
Variable Write,context=Main:1#dfs:21,x=1
Variable Write,context=Main:1#dfs:21,y=2
Field Read,context=Main:1,n
Field Read,context=Main:1,vx
Variable Write,context=Main:1#dfs:21,i=0
Variable Write,context=Main:1#dfs:21,j=1
Field Read,context=Main:1,vx
Variable Write,context=Main:1#dfs:21,xx=1
Field Read,context=Main:1,vy
Variable Write,context=Main:1#dfs:21,yy=2
Method Call,caller=Main:1#dfs:21,target=Main:1#isOK:180
Variable Write,context=Main:1#isOK:180,xx=1
Variable Write,context=Main:1#isOK:180,yy=2
Variable Write,context=Main:1#isOK:180,result=true
Method Exit,returner=Main:1#isOK:180,value=true
Variable Write,context=Main:1#dfs:21,flg=true
Field Read,context=Main:1,dx
Variable Write,context=Main:1#dfs:21,k=0
Field Read,context=Main:1,dx
Variable Write,context=Main:1#dfs:21,xxx=1
Field Read,context=Main:1,dy
Variable Write,context=Main:1#dfs:21,yyy=2
Field Read,context=Main:1,data
Field Read,context=Main:1,dx
Variable Write,context=Main:1#dfs:21,k=1
Variable Delete,method=Main:1#dfs:21 <name=xxx,type=int (id=7),value=<?>,index=13>
Variable Delete,method=Main:1#dfs:21 <name=yyy,type=int (id=7),value=<?>,index=14>
Field Read,context=Main:1,dx
Variable Write,context=Main:1#dfs:21,xxx=1
Field Read,context=Main:1,dy
Variable Write,context=Main:1#dfs:21,yyy=3
Field Read,context=Main:1,data
Field Read,context=Main:1,dx
Variable Write,context=Main:1#dfs:21,k=2
Variable Delete,method=Main:1#dfs:21 <name=xxx,type=int (id=7),value=<?>,index=13>
Variable Delete,method=Main:1#dfs:21 <name=yyy,type=int (id=7),value=<?>,index=14>
Field Read,context=Main:1,dx
Variable Write,context=Main:1#dfs:21,xxx=2
Field Read,context=Main:1,dy
Variable Write,context=Main:1#dfs:21,yyy=2
Field Read,context=Main:1,data
Field Read,context=Main:1,dx
Variable Write,context=Main:1#dfs:21,k=3
Variable Delete,method=Main:1#dfs:21 <name=xxx,type=int (id=7),value=<?>,index=13>
Variable Delete,method=Main:1#dfs:21 <name=yyy,type=int (id=7),value=<?>,index=14>
Field Read,context=Main:1,dx
Variable Write,context=Main:1#dfs:21,xxx=2
Field Read,context=Main:1,dy
Variable Write,context=Main:1#dfs:21,yyy=3
Field Read,context=Main:1,data
Field Read,context=Main:1,dx
Variable Delete,method=Main:1#dfs:21 <name=xxx,type=int (id=7),value=<?>,index=13>
Variable Delete,method=Main:1#dfs:21 <name=yyy,type=int (id=7),value=<?>,index=14>
Variable Delete,method=Main:1#dfs:21 <name=k,type=int (id=7),value=<?>,index=12>
Variable Write,context=Main:1#dfs:21,nlt=0
Variable Write,context=Main:1#dfs:21,nlb=0
Variable Write,context=Main:1#dfs:21,nrt=4
Variable Write,context=Main:1#dfs:21,nrb=5
Variable Write,context=Main:1#dfs:21,j=2
Variable Delete,method=Main:1#dfs:21 <name=xx,type=int (id=7),value=<?>,index=9>
Variable Delete,method=Main:1#dfs:21 <name=yy,type=int (id=7),value=<?>,index=10>
Variable Delete,method=Main:1#dfs:21 <name=flg,type=boolean (id=2),value=<?>,index=11>
Variable Delete,method=Main:1#dfs:21 <name=nlt,type=int (id=7),value=<?>,index=15>
Variable Delete,method=Main:1#dfs:21 <name=nlb,type=int (id=7),value=<?>,index=16>
Variable Delete,method=Main:1#dfs:21 <name=nrt,type=int (id=7),value=<?>,index=17>
Variable Delete,method=Main:1#dfs:21 <name=nrb,type=int (id=7),value=<?>,index=18>
Field Read,context=Main:1,vx
Variable Write,context=Main:1#dfs:21,xx=1
Field Read,context=Main:1,vy
Variable Write,context=Main:1#dfs:21,yy=2
Method Call,caller=Main:1#dfs:21,target=Main:1#isOK:181
Variable Write,context=Main:1#isOK:181,xx=1
Variable Write,context=Main:1#isOK:181,yy=2
Variable Write,context=Main:1#isOK:181,result=true
Method Exit,returner=Main:1#isOK:181,value=true
Variable Write,context=Main:1#dfs:21,flg=true
Field Read,context=Main:1,dx
Variable Write,context=Main:1#dfs:21,k=0
Field Read,context=Main:1,dx
Variable Write,context=Main:1#dfs:21,xxx=1
Field Read,context=Main:1,dy
Variable Write,context=Main:1#dfs:21,yyy=2
Field Read,context=Main:1,data
Field Read,context=Main:1,dx
Variable Write,context=Main:1#dfs:21,k=1
Variable Delete,method=Main:1#dfs:21 <name=xxx,type=int (id=7),value=<?>,index=13>
Variable Delete,method=Main:1#dfs:21 <name=yyy,type=int (id=7),value=<?>,index=14>
Field Read,context=Main:1,dx
Variable Write,context=Main:1#dfs:21,xxx=1
Field Read,context=Main:1,dy
Variable Write,context=Main:1#dfs:21,yyy=3
Field Read,context=Main:1,data
Field Read,context=Main:1,dx
Variable Write,context=Main:1#dfs:21,k=2
Variable Delete,method=Main:1#dfs:21 <name=xxx,type=int (id=7),value=<?>,index=13>
Variable Delete,method=Main:1#dfs:21 <name=yyy,type=int (id=7),value=<?>,index=14>
Field Read,context=Main:1,dx
Variable Write,context=Main:1#dfs:21,xxx=2
Field Read,context=Main:1,dy
Variable Write,context=Main:1#dfs:21,yyy=2
Field Read,context=Main:1,data
Field Read,context=Main:1,dx
Variable Write,context=Main:1#dfs:21,k=3
Variable Delete,method=Main:1#dfs:21 <name=xxx,type=int (id=7),value=<?>,index=13>
Variable Delete,method=Main:1#dfs:21 <name=yyy,type=int (id=7),value=<?>,index=14>
Field Read,context=Main:1,dx
Variable Write,context=Main:1#dfs:21,xxx=2
Field Read,context=Main:1,dy
Variable Write,context=Main:1#dfs:21,yyy=3
Field Read,context=Main:1,data
Field Read,context=Main:1,dx
Variable Delete,method=Main:1#dfs:21 <name=xxx,type=int (id=7),value=<?>,index=13>
Variable Delete,method=Main:1#dfs:21 <name=yyy,type=int (id=7),value=<?>,index=14>
Variable Delete,method=Main:1#dfs:21 <name=k,type=int (id=7),value=<?>,index=12>
Variable Write,context=Main:1#dfs:21,nlt=0
Variable Write,context=Main:1#dfs:21,nlb=0
Variable Write,context=Main:1#dfs:21,nrt=4
Variable Write,context=Main:1#dfs:21,nrb=5
Variable Delete,method=Main:1#dfs:21 <name=xx,type=int (id=7),value=<?>,index=9>
Variable Delete,method=Main:1#dfs:21 <name=yy,type=int (id=7),value=<?>,index=10>
Variable Delete,method=Main:1#dfs:21 <name=flg,type=boolean (id=2),value=<?>,index=11>
Variable Delete,method=Main:1#dfs:21 <name=nlt,type=int (id=7),value=<?>,index=15>
Variable Delete,method=Main:1#dfs:21 <name=nlb,type=int (id=7),value=<?>,index=16>
Variable Delete,method=Main:1#dfs:21 <name=nrt,type=int (id=7),value=<?>,index=17>
Variable Delete,method=Main:1#dfs:21 <name=nrb,type=int (id=7),value=<?>,index=18>
Field Read,context=Main:1,vx
Variable Write,context=Main:1#dfs:21,i=1
Variable Delete,method=Main:1#dfs:21 <name=j,type=int (id=7),value=<?>,index=8>
Variable Write,context=Main:1#dfs:21,j=1
Field Read,context=Main:1,vx
Variable Write,context=Main:1#dfs:21,xx=1
Field Read,context=Main:1,vy
Variable Write,context=Main:1#dfs:21,yy=3
Method Call,caller=Main:1#dfs:21,target=Main:1#isOK:182
Variable Write,context=Main:1#isOK:182,xx=1
Variable Write,context=Main:1#isOK:182,yy=3
Variable Write,context=Main:1#isOK:182,result=false
Method Exit,returner=Main:1#isOK:182,value=false
Variable Write,context=Main:1#dfs:21,j=2
Variable Delete,method=Main:1#dfs:21 <name=xx,type=int (id=7),value=<?>,index=9>
Variable Delete,method=Main:1#dfs:21 <name=yy,type=int (id=7),value=<?>,index=10>
Field Read,context=Main:1,vx
Variable Write,context=Main:1#dfs:21,xx=1
Field Read,context=Main:1,vy
Variable Write,context=Main:1#dfs:21,yy=4
Method Call,caller=Main:1#dfs:21,target=Main:1#isOK:183
Variable Write,context=Main:1#isOK:183,xx=1
Variable Write,context=Main:1#isOK:183,yy=4
Variable Write,context=Main:1#isOK:183,result=false
Method Exit,returner=Main:1#isOK:183,value=false
Variable Delete,method=Main:1#dfs:21 <name=xx,type=int (id=7),value=<?>,index=9>
Variable Delete,method=Main:1#dfs:21 <name=yy,type=int (id=7),value=<?>,index=10>
Field Read,context=Main:1,vx
Variable Write,context=Main:1#dfs:21,i=2
Variable Delete,method=Main:1#dfs:21 <name=j,type=int (id=7),value=<?>,index=8>
Variable Write,context=Main:1#dfs:21,j=1
Field Read,context=Main:1,vx
Variable Write,context=Main:1#dfs:21,xx=2
Field Read,context=Main:1,vy
Variable Write,context=Main:1#dfs:21,yy=2
Method Call,caller=Main:1#dfs:21,target=Main:1#isOK:184
Variable Write,context=Main:1#isOK:184,xx=2
Variable Write,context=Main:1#isOK:184,yy=2
Variable Write,context=Main:1#isOK:184,result=true
Method Exit,returner=Main:1#isOK:184,value=true
Variable Write,context=Main:1#dfs:21,flg=true
Field Read,context=Main:1,dx
Variable Write,context=Main:1#dfs:21,k=0
Field Read,context=Main:1,dx
Variable Write,context=Main:1#dfs:21,xxx=2
Field Read,context=Main:1,dy
Variable Write,context=Main:1#dfs:21,yyy=2
Field Read,context=Main:1,data
Field Read,context=Main:1,dx
Variable Write,context=Main:1#dfs:21,k=1
Variable Delete,method=Main:1#dfs:21 <name=xxx,type=int (id=7),value=<?>,index=13>
Variable Delete,method=Main:1#dfs:21 <name=yyy,type=int (id=7),value=<?>,index=14>
Field Read,context=Main:1,dx
Variable Write,context=Main:1#dfs:21,xxx=2
Field Read,context=Main:1,dy
Variable Write,context=Main:1#dfs:21,yyy=3
Field Read,context=Main:1,data
Field Read,context=Main:1,dx
Variable Write,context=Main:1#dfs:21,k=2
Variable Delete,method=Main:1#dfs:21 <name=xxx,type=int (id=7),value=<?>,index=13>
Variable Delete,method=Main:1#dfs:21 <name=yyy,type=int (id=7),value=<?>,index=14>
Field Read,context=Main:1,dx
Variable Write,context=Main:1#dfs:21,xxx=3
Field Read,context=Main:1,dy
Variable Write,context=Main:1#dfs:21,yyy=2
Field Read,context=Main:1,data
Field Read,context=Main:1,dx
Variable Write,context=Main:1#dfs:21,k=3
Variable Delete,method=Main:1#dfs:21 <name=xxx,type=int (id=7),value=<?>,index=13>
Variable Delete,method=Main:1#dfs:21 <name=yyy,type=int (id=7),value=<?>,index=14>
Field Read,context=Main:1,dx
Variable Write,context=Main:1#dfs:21,xxx=3
Field Read,context=Main:1,dy
Variable Write,context=Main:1#dfs:21,yyy=3
Field Read,context=Main:1,data
Field Read,context=Main:1,dx
Variable Delete,method=Main:1#dfs:21 <name=xxx,type=int (id=7),value=<?>,index=13>
Variable Delete,method=Main:1#dfs:21 <name=yyy,type=int (id=7),value=<?>,index=14>
Variable Delete,method=Main:1#dfs:21 <name=k,type=int (id=7),value=<?>,index=12>
Variable Write,context=Main:1#dfs:21,nlt=0
Variable Write,context=Main:1#dfs:21,nlb=0
Variable Write,context=Main:1#dfs:21,nrt=4
Variable Write,context=Main:1#dfs:21,nrb=5
Variable Write,context=Main:1#dfs:21,nrb=7
Variable Write,context=Main:1#dfs:21,j=2
Variable Delete,method=Main:1#dfs:21 <name=xx,type=int (id=7),value=<?>,index=9>
Variable Delete,method=Main:1#dfs:21 <name=yy,type=int (id=7),value=<?>,index=10>
Variable Delete,method=Main:1#dfs:21 <name=flg,type=boolean (id=2),value=<?>,index=11>
Variable Delete,method=Main:1#dfs:21 <name=nlt,type=int (id=7),value=<?>,index=15>
Variable Delete,method=Main:1#dfs:21 <name=nlb,type=int (id=7),value=<?>,index=16>
Variable Delete,method=Main:1#dfs:21 <name=nrt,type=int (id=7),value=<?>,index=17>
Variable Delete,method=Main:1#dfs:21 <name=nrb,type=int (id=7),value=<?>,index=18>
Field Read,context=Main:1,vx
Variable Write,context=Main:1#dfs:21,xx=3
Field Read,context=Main:1,vy
Variable Write,context=Main:1#dfs:21,yy=2
Method Call,caller=Main:1#dfs:21,target=Main:1#isOK:185
Variable Write,context=Main:1#isOK:185,xx=3
Variable Write,context=Main:1#isOK:185,yy=2
Variable Write,context=Main:1#isOK:185,result=false
Method Exit,returner=Main:1#isOK:185,value=false
Variable Delete,method=Main:1#dfs:21 <name=xx,type=int (id=7),value=<?>,index=9>
Variable Delete,method=Main:1#dfs:21 <name=yy,type=int (id=7),value=<?>,index=10>
Field Read,context=Main:1,vx
Variable Write,context=Main:1#dfs:21,i=3
Variable Delete,method=Main:1#dfs:21 <name=j,type=int (id=7),value=<?>,index=8>
Variable Write,context=Main:1#dfs:21,j=1
Field Read,context=Main:1,vx
Variable Write,context=Main:1#dfs:21,xx=1
Field Read,context=Main:1,vy
Variable Write,context=Main:1#dfs:21,yy=1
Method Call,caller=Main:1#dfs:21,target=Main:1#isOK:186
Variable Write,context=Main:1#isOK:186,xx=1
Variable Write,context=Main:1#isOK:186,yy=1
Variable Write,context=Main:1#isOK:186,result=true
Method Exit,returner=Main:1#isOK:186,value=true
Variable Write,context=Main:1#dfs:21,flg=true
Field Read,context=Main:1,dx
Variable Write,context=Main:1#dfs:21,k=0
Field Read,context=Main:1,dx
Variable Write,context=Main:1#dfs:21,xxx=1
Field Read,context=Main:1,dy
Variable Write,context=Main:1#dfs:21,yyy=1
Field Read,context=Main:1,data
Variable Write,context=Main:1#dfs:21,flg=false
Variable Delete,method=Main:1#dfs:21 <name=k,type=int (id=7),value=<?>,index=12>
Variable Delete,method=Main:1#dfs:21 <name=xxx,type=int (id=7),value=<?>,index=13>
Variable Delete,method=Main:1#dfs:21 <name=yyy,type=int (id=7),value=<?>,index=14>
Variable Write,context=Main:1#dfs:21,j=2
Variable Delete,method=Main:1#dfs:21 <name=xx,type=int (id=7),value=<?>,index=9>
Variable Delete,method=Main:1#dfs:21 <name=yy,type=int (id=7),value=<?>,index=10>
Variable Delete,method=Main:1#dfs:21 <name=flg,type=boolean (id=2),value=<?>,index=11>
Field Read,context=Main:1,vx
Variable Write,context=Main:1#dfs:21,xx=1
Field Read,context=Main:1,vy
Variable Write,context=Main:1#dfs:21,yy=0
Method Call,caller=Main:1#dfs:21,target=Main:1#isOK:187
Variable Write,context=Main:1#isOK:187,xx=1
Variable Write,context=Main:1#isOK:187,yy=0
Variable Write,context=Main:1#isOK:187,result=true
Method Exit,returner=Main:1#isOK:187,value=true
Variable Write,context=Main:1#dfs:21,flg=true
Field Read,context=Main:1,dx
Variable Write,context=Main:1#dfs:21,k=0
Field Read,context=Main:1,dx
Variable Write,context=Main:1#dfs:21,xxx=1
Field Read,context=Main:1,dy
Variable Write,context=Main:1#dfs:21,yyy=0
Field Read,context=Main:1,data
Field Read,context=Main:1,dx
Variable Write,context=Main:1#dfs:21,k=1
Variable Delete,method=Main:1#dfs:21 <name=xxx,type=int (id=7),value=<?>,index=13>
Variable Delete,method=Main:1#dfs:21 <name=yyy,type=int (id=7),value=<?>,index=14>
Field Read,context=Main:1,dx
Variable Write,context=Main:1#dfs:21,xxx=1
Field Read,context=Main:1,dy
Variable Write,context=Main:1#dfs:21,yyy=1
Field Read,context=Main:1,data
Variable Write,context=Main:1#dfs:21,flg=false
Variable Delete,method=Main:1#dfs:21 <name=k,type=int (id=7),value=<?>,index=12>
Variable Delete,method=Main:1#dfs:21 <name=xxx,type=int (id=7),value=<?>,index=13>
Variable Delete,method=Main:1#dfs:21 <name=yyy,type=int (id=7),value=<?>,index=14>
Variable Delete,method=Main:1#dfs:21 <name=xx,type=int (id=7),value=<?>,index=9>
Variable Delete,method=Main:1#dfs:21 <name=yy,type=int (id=7),value=<?>,index=10>
Variable Delete,method=Main:1#dfs:21 <name=flg,type=boolean (id=2),value=<?>,index=11>
Field Read,context=Main:1,vx
Variable Write,context=Main:1#dfs:21,i=4
Variable Delete,method=Main:1#dfs:21 <name=j,type=int (id=7),value=<?>,index=8>
Variable Write,context=Main:1#dfs:21,j=1
Field Read,context=Main:1,vx
Variable Write,context=Main:1#dfs:21,xx=0
Field Read,context=Main:1,vy
Variable Write,context=Main:1#dfs:21,yy=2
Method Call,caller=Main:1#dfs:21,target=Main:1#isOK:188
Variable Write,context=Main:1#isOK:188,xx=0
Variable Write,context=Main:1#isOK:188,yy=2
Variable Write,context=Main:1#isOK:188,result=true
Method Exit,returner=Main:1#isOK:188,value=true
Variable Write,context=Main:1#dfs:21,flg=true
Field Read,context=Main:1,dx
Variable Write,context=Main:1#dfs:21,k=0
Field Read,context=Main:1,dx
Variable Write,context=Main:1#dfs:21,xxx=0
Field Read,context=Main:1,dy
Variable Write,context=Main:1#dfs:21,yyy=2
Field Read,context=Main:1,data
Variable Write,context=Main:1#dfs:21,flg=false
Variable Delete,method=Main:1#dfs:21 <name=k,type=int (id=7),value=<?>,index=12>
Variable Delete,method=Main:1#dfs:21 <name=xxx,type=int (id=7),value=<?>,index=13>
Variable Delete,method=Main:1#dfs:21 <name=yyy,type=int (id=7),value=<?>,index=14>
Variable Write,context=Main:1#dfs:21,j=2
Variable Delete,method=Main:1#dfs:21 <name=xx,type=int (id=7),value=<?>,index=9>
Variable Delete,method=Main:1#dfs:21 <name=yy,type=int (id=7),value=<?>,index=10>
Variable Delete,method=Main:1#dfs:21 <name=flg,type=boolean (id=2),value=<?>,index=11>
Field Read,context=Main:1,vx
Variable Write,context=Main:1#dfs:21,xx=-1
Field Read,context=Main:1,vy
Variable Write,context=Main:1#dfs:21,yy=2
Method Call,caller=Main:1#dfs:21,target=Main:1#isOK:189
Variable Write,context=Main:1#isOK:189,xx=-1
Variable Write,context=Main:1#isOK:189,yy=2
Variable Write,context=Main:1#isOK:189,result=false
Method Exit,returner=Main:1#isOK:189,value=false
Variable Delete,method=Main:1#dfs:21 <name=xx,type=int (id=7),value=<?>,index=9>
Variable Delete,method=Main:1#dfs:21 <name=yy,type=int (id=7),value=<?>,index=10>
Field Read,context=Main:1,vx
Variable Delete,method=Main:1#dfs:21 <name=j,type=int (id=7),value=<?>,index=8>
Method Exit,returner=Main:1#dfs:21,value=<void>
Variable Write,context=Main:1#dfs:19,j=2
Variable Delete,method=Main:1#dfs:19 <name=xx,type=int (id=7),value=<?>,index=9>
Variable Delete,method=Main:1#dfs:19 <name=yy,type=int (id=7),value=<?>,index=10>
Variable Delete,method=Main:1#dfs:19 <name=flg,type=boolean (id=2),value=<?>,index=11>
Variable Delete,method=Main:1#dfs:19 <name=nlt,type=int (id=7),value=<?>,index=15>
Variable Delete,method=Main:1#dfs:19 <name=nlb,type=int (id=7),value=<?>,index=16>
Variable Delete,method=Main:1#dfs:19 <name=nrt,type=int (id=7),value=<?>,index=17>
Variable Delete,method=Main:1#dfs:19 <name=nrb,type=int (id=7),value=<?>,index=18>
Variable Delete,method=Main:1#dfs:19 <name=next,type=java.lang.String (id=25),value=<?>,index=19>
Field Read,context=Main:1,vx
Variable Write,context=Main:1#dfs:19,xx=0
Field Read,context=Main:1,vy
Variable Write,context=Main:1#dfs:19,yy=2
Method Call,caller=Main:1#dfs:19,target=Main:1#isOK:190
Variable Write,context=Main:1#isOK:190,xx=0
Variable Write,context=Main:1#isOK:190,yy=2
Variable Write,context=Main:1#isOK:190,result=true
Method Exit,returner=Main:1#isOK:190,value=true
Variable Write,context=Main:1#dfs:19,flg=true
Field Read,context=Main:1,dx
Variable Write,context=Main:1#dfs:19,k=0
Field Read,context=Main:1,dx
Variable Write,context=Main:1#dfs:19,xxx=0
Field Read,context=Main:1,dy
Variable Write,context=Main:1#dfs:19,yyy=2
Field Read,context=Main:1,data
Field Read,context=Main:1,dx
Variable Write,context=Main:1#dfs:19,k=1
Variable Delete,method=Main:1#dfs:19 <name=xxx,type=int (id=7),value=<?>,index=13>
Variable Delete,method=Main:1#dfs:19 <name=yyy,type=int (id=7),value=<?>,index=14>
Field Read,context=Main:1,dx
Variable Write,context=Main:1#dfs:19,xxx=0
Field Read,context=Main:1,dy
Variable Write,context=Main:1#dfs:19,yyy=3
Field Read,context=Main:1,data
Field Read,context=Main:1,dx
Variable Write,context=Main:1#dfs:19,k=2
Variable Delete,method=Main:1#dfs:19 <name=xxx,type=int (id=7),value=<?>,index=13>
Variable Delete,method=Main:1#dfs:19 <name=yyy,type=int (id=7),value=<?>,index=14>
Field Read,context=Main:1,dx
Variable Write,context=Main:1#dfs:19,xxx=1
Field Read,context=Main:1,dy
Variable Write,context=Main:1#dfs:19,yyy=2
Field Read,context=Main:1,data
Field Read,context=Main:1,dx
Variable Write,context=Main:1#dfs:19,k=3
Variable Delete,method=Main:1#dfs:19 <name=xxx,type=int (id=7),value=<?>,index=13>
Variable Delete,method=Main:1#dfs:19 <name=yyy,type=int (id=7),value=<?>,index=14>
Field Read,context=Main:1,dx
Variable Write,context=Main:1#dfs:19,xxx=1
Field Read,context=Main:1,dy
Variable Write,context=Main:1#dfs:19,yyy=3
Field Read,context=Main:1,data
Field Read,context=Main:1,dx
Variable Delete,method=Main:1#dfs:19 <name=xxx,type=int (id=7),value=<?>,index=13>
Variable Delete,method=Main:1#dfs:19 <name=yyy,type=int (id=7),value=<?>,index=14>
Variable Delete,method=Main:1#dfs:19 <name=k,type=int (id=7),value=<?>,index=12>
Variable Write,context=Main:1#dfs:19,nlt=1
Variable Write,context=Main:1#dfs:19,nlb=1
Variable Write,context=Main:1#dfs:19,nrt=5
Variable Write,context=Main:1#dfs:19,nrb=6
Variable Write,context=Main:1#dfs:19,nlb=7
Variable Write,context=Main:1#dfs:19,next=6 021756
Field Read,context=Main:1,close
Field Read,context=Main:1,close
Method Call,caller=Main:1#dfs:19,target=Main:1#dfs:22
Variable Write,context=Main:1#dfs:22,lt=1
Variable Write,context=Main:1#dfs:22,lb=7
Variable Write,context=Main:1#dfs:22,rt=5
Variable Write,context=Main:1#dfs:22,rb=6
Variable Write,context=Main:1#dfs:22,deep=6
Variable Write,context=Main:1#dfs:22,x=0
Variable Write,context=Main:1#dfs:22,y=2
Field Read,context=Main:1,n
Field Read,context=Main:1,vx
Variable Write,context=Main:1#dfs:22,i=0
Variable Write,context=Main:1#dfs:22,j=1
Field Read,context=Main:1,vx
Variable Write,context=Main:1#dfs:22,xx=0
Field Read,context=Main:1,vy
Variable Write,context=Main:1#dfs:22,yy=2
Method Call,caller=Main:1#dfs:22,target=Main:1#isOK:191
Variable Write,context=Main:1#isOK:191,xx=0
Variable Write,context=Main:1#isOK:191,yy=2
Variable Write,context=Main:1#isOK:191,result=true
Method Exit,returner=Main:1#isOK:191,value=true
Variable Write,context=Main:1#dfs:22,flg=true
Field Read,context=Main:1,dx
Variable Write,context=Main:1#dfs:22,k=0
Field Read,context=Main:1,dx
Variable Write,context=Main:1#dfs:22,xxx=0
Field Read,context=Main:1,dy
Variable Write,context=Main:1#dfs:22,yyy=2
Field Read,context=Main:1,data
Variable Write,context=Main:1#dfs:22,flg=false
Variable Delete,method=Main:1#dfs:22 <name=k,type=int (id=7),value=<?>,index=12>
Variable Delete,method=Main:1#dfs:22 <name=xxx,type=int (id=7),value=<?>,index=13>
Variable Delete,method=Main:1#dfs:22 <name=yyy,type=int (id=7),value=<?>,index=14>
Variable Write,context=Main:1#dfs:22,j=2
Variable Delete,method=Main:1#dfs:22 <name=xx,type=int (id=7),value=<?>,index=9>
Variable Delete,method=Main:1#dfs:22 <name=yy,type=int (id=7),value=<?>,index=10>
Variable Delete,method=Main:1#dfs:22 <name=flg,type=boolean (id=2),value=<?>,index=11>
Field Read,context=Main:1,vx
Variable Write,context=Main:1#dfs:22,xx=0
Field Read,context=Main:1,vy
Variable Write,context=Main:1#dfs:22,yy=2
Method Call,caller=Main:1#dfs:22,target=Main:1#isOK:192
Variable Write,context=Main:1#isOK:192,xx=0
Variable Write,context=Main:1#isOK:192,yy=2
Variable Write,context=Main:1#isOK:192,result=true
Method Exit,returner=Main:1#isOK:192,value=true
Variable Write,context=Main:1#dfs:22,flg=true
Field Read,context=Main:1,dx
Variable Write,context=Main:1#dfs:22,k=0
Field Read,context=Main:1,dx
Variable Write,context=Main:1#dfs:22,xxx=0
Field Read,context=Main:1,dy
Variable Write,context=Main:1#dfs:22,yyy=2
Field Read,context=Main:1,data
Variable Write,context=Main:1#dfs:22,flg=false
Variable Delete,method=Main:1#dfs:22 <name=k,type=int (id=7),value=<?>,index=12>
Variable Delete,method=Main:1#dfs:22 <name=xxx,type=int (id=7),value=<?>,index=13>
Variable Delete,method=Main:1#dfs:22 <name=yyy,type=int (id=7),value=<?>,index=14>
Variable Delete,method=Main:1#dfs:22 <name=xx,type=int (id=7),value=<?>,index=9>
Variable Delete,method=Main:1#dfs:22 <name=yy,type=int (id=7),value=<?>,index=10>
Variable Delete,method=Main:1#dfs:22 <name=flg,type=boolean (id=2),value=<?>,index=11>
Field Read,context=Main:1,vx
Variable Write,context=Main:1#dfs:22,i=1
Variable Delete,method=Main:1#dfs:22 <name=j,type=int (id=7),value=<?>,index=8>
Variable Write,context=Main:1#dfs:22,j=1
Field Read,context=Main:1,vx
Variable Write,context=Main:1#dfs:22,xx=0
Field Read,context=Main:1,vy
Variable Write,context=Main:1#dfs:22,yy=3
Method Call,caller=Main:1#dfs:22,target=Main:1#isOK:193
Variable Write,context=Main:1#isOK:193,xx=0
Variable Write,context=Main:1#isOK:193,yy=3
Variable Write,context=Main:1#isOK:193,result=false
Method Exit,returner=Main:1#isOK:193,value=false
Variable Write,context=Main:1#dfs:22,j=2
Variable Delete,method=Main:1#dfs:22 <name=xx,type=int (id=7),value=<?>,index=9>
Variable Delete,method=Main:1#dfs:22 <name=yy,type=int (id=7),value=<?>,index=10>
Field Read,context=Main:1,vx
Variable Write,context=Main:1#dfs:22,xx=0
Field Read,context=Main:1,vy
Variable Write,context=Main:1#dfs:22,yy=4
Method Call,caller=Main:1#dfs:22,target=Main:1#isOK:194
Variable Write,context=Main:1#isOK:194,xx=0
Variable Write,context=Main:1#isOK:194,yy=4
Variable Write,context=Main:1#isOK:194,result=false
Method Exit,returner=Main:1#isOK:194,value=false
Variable Delete,method=Main:1#dfs:22 <name=xx,type=int (id=7),value=<?>,index=9>
Variable Delete,method=Main:1#dfs:22 <name=yy,type=int (id=7),value=<?>,index=10>
Field Read,context=Main:1,vx
Variable Write,context=Main:1#dfs:22,i=2
Variable Delete,method=Main:1#dfs:22 <name=j,type=int (id=7),value=<?>,index=8>
Variable Write,context=Main:1#dfs:22,j=1
Field Read,context=Main:1,vx
Variable Write,context=Main:1#dfs:22,xx=1
Field Read,context=Main:1,vy
Variable Write,context=Main:1#dfs:22,yy=2
Method Call,caller=Main:1#dfs:22,target=Main:1#isOK:195
Variable Write,context=Main:1#isOK:195,xx=1
Variable Write,context=Main:1#isOK:195,yy=2
Variable Write,context=Main:1#isOK:195,result=true
Method Exit,returner=Main:1#isOK:195,value=true
Variable Write,context=Main:1#dfs:22,flg=true
Field Read,context=Main:1,dx
Variable Write,context=Main:1#dfs:22,k=0
Field Read,context=Main:1,dx
Variable Write,context=Main:1#dfs:22,xxx=1
Field Read,context=Main:1,dy
Variable Write,context=Main:1#dfs:22,yyy=2
Field Read,context=Main:1,data
Field Read,context=Main:1,dx
Variable Write,context=Main:1#dfs:22,k=1
Variable Delete,method=Main:1#dfs:22 <name=xxx,type=int (id=7),value=<?>,index=13>
Variable Delete,method=Main:1#dfs:22 <name=yyy,type=int (id=7),value=<?>,index=14>
Field Read,context=Main:1,dx
Variable Write,context=Main:1#dfs:22,xxx=1
Field Read,context=Main:1,dy
Variable Write,context=Main:1#dfs:22,yyy=3
Field Read,context=Main:1,data
Field Read,context=Main:1,dx
Variable Write,context=Main:1#dfs:22,k=2
Variable Delete,method=Main:1#dfs:22 <name=xxx,type=int (id=7),value=<?>,index=13>
Variable Delete,method=Main:1#dfs:22 <name=yyy,type=int (id=7),value=<?>,index=14>
Field Read,context=Main:1,dx
Variable Write,context=Main:1#dfs:22,xxx=2
Field Read,context=Main:1,dy
Variable Write,context=Main:1#dfs:22,yyy=2
Field Read,context=Main:1,data
Field Read,context=Main:1,dx
Variable Write,context=Main:1#dfs:22,k=3
Variable Delete,method=Main:1#dfs:22 <name=xxx,type=int (id=7),value=<?>,index=13>
Variable Delete,method=Main:1#dfs:22 <name=yyy,type=int (id=7),value=<?>,index=14>
Field Read,context=Main:1,dx
Variable Write,context=Main:1#dfs:22,xxx=2
Field Read,context=Main:1,dy
Variable Write,context=Main:1#dfs:22,yyy=3
Field Read,context=Main:1,data
Field Read,context=Main:1,dx
Variable Delete,method=Main:1#dfs:22 <name=xxx,type=int (id=7),value=<?>,index=13>
Variable Delete,method=Main:1#dfs:22 <name=yyy,type=int (id=7),value=<?>,index=14>
Variable Delete,method=Main:1#dfs:22 <name=k,type=int (id=7),value=<?>,index=12>
Variable Write,context=Main:1#dfs:22,nlt=0
Variable Write,context=Main:1#dfs:22,nlb=6
Variable Write,context=Main:1#dfs:22,nrt=4
Variable Write,context=Main:1#dfs:22,nrb=5
Variable Write,context=Main:1#dfs:22,j=2
Variable Delete,method=Main:1#dfs:22 <name=xx,type=int (id=7),value=<?>,index=9>
Variable Delete,method=Main:1#dfs:22 <name=yy,type=int (id=7),value=<?>,index=10>
Variable Delete,method=Main:1#dfs:22 <name=flg,type=boolean (id=2),value=<?>,index=11>
Variable Delete,method=Main:1#dfs:22 <name=nlt,type=int (id=7),value=<?>,index=15>
Variable Delete,method=Main:1#dfs:22 <name=nlb,type=int (id=7),value=<?>,index=16>
Variable Delete,method=Main:1#dfs:22 <name=nrt,type=int (id=7),value=<?>,index=17>
Variable Delete,method=Main:1#dfs:22 <name=nrb,type=int (id=7),value=<?>,index=18>
Field Read,context=Main:1,vx
Variable Write,context=Main:1#dfs:22,xx=2
Field Read,context=Main:1,vy
Variable Write,context=Main:1#dfs:22,yy=2
Method Call,caller=Main:1#dfs:22,target=Main:1#isOK:196
Variable Write,context=Main:1#isOK:196,xx=2
Variable Write,context=Main:1#isOK:196,yy=2
Variable Write,context=Main:1#isOK:196,result=true
Method Exit,returner=Main:1#isOK:196,value=true
Variable Write,context=Main:1#dfs:22,flg=true
Field Read,context=Main:1,dx
Variable Write,context=Main:1#dfs:22,k=0
Field Read,context=Main:1,dx
Variable Write,context=Main:1#dfs:22,xxx=2
Field Read,context=Main:1,dy
Variable Write,context=Main:1#dfs:22,yyy=2
Field Read,context=Main:1,data
Field Read,context=Main:1,dx
Variable Write,context=Main:1#dfs:22,k=1
Variable Delete,method=Main:1#dfs:22 <name=xxx,type=int (id=7),value=<?>,index=13>
Variable Delete,method=Main:1#dfs:22 <name=yyy,type=int (id=7),value=<?>,index=14>
Field Read,context=Main:1,dx
Variable Write,context=Main:1#dfs:22,xxx=2
Field Read,context=Main:1,dy
Variable Write,context=Main:1#dfs:22,yyy=3
Field Read,context=Main:1,data
Field Read,context=Main:1,dx
Variable Write,context=Main:1#dfs:22,k=2
Variable Delete,method=Main:1#dfs:22 <name=xxx,type=int (id=7),value=<?>,index=13>
Variable Delete,method=Main:1#dfs:22 <name=yyy,type=int (id=7),value=<?>,index=14>
Field Read,context=Main:1,dx
Variable Write,context=Main:1#dfs:22,xxx=3
Field Read,context=Main:1,dy
Variable Write,context=Main:1#dfs:22,yyy=2
Field Read,context=Main:1,data
Field Read,context=Main:1,dx
Variable Write,context=Main:1#dfs:22,k=3
Variable Delete,method=Main:1#dfs:22 <name=xxx,type=int (id=7),value=<?>,index=13>
Variable Delete,method=Main:1#dfs:22 <name=yyy,type=int (id=7),value=<?>,index=14>
Field Read,context=Main:1,dx
Variable Write,context=Main:1#dfs:22,xxx=3
Field Read,context=Main:1,dy
Variable Write,context=Main:1#dfs:22,yyy=3
Field Read,context=Main:1,data
Field Read,context=Main:1,dx
Variable Delete,method=Main:1#dfs:22 <name=xxx,type=int (id=7),value=<?>,index=13>
Variable Delete,method=Main:1#dfs:22 <name=yyy,type=int (id=7),value=<?>,index=14>
Variable Delete,method=Main:1#dfs:22 <name=k,type=int (id=7),value=<?>,index=12>
Variable Write,context=Main:1#dfs:22,nlt=0
Variable Write,context=Main:1#dfs:22,nlb=6
Variable Write,context=Main:1#dfs:22,nrt=4
Variable Write,context=Main:1#dfs:22,nrb=5
Variable Write,context=Main:1#dfs:22,nrb=7
Variable Delete,method=Main:1#dfs:22 <name=xx,type=int (id=7),value=<?>,index=9>
Variable Delete,method=Main:1#dfs:22 <name=yy,type=int (id=7),value=<?>,index=10>
Variable Delete,method=Main:1#dfs:22 <name=flg,type=boolean (id=2),value=<?>,index=11>
Variable Delete,method=Main:1#dfs:22 <name=nlt,type=int (id=7),value=<?>,index=15>
Variable Delete,method=Main:1#dfs:22 <name=nlb,type=int (id=7),value=<?>,index=16>
Variable Delete,method=Main:1#dfs:22 <name=nrt,type=int (id=7),value=<?>,index=17>
Variable Delete,method=Main:1#dfs:22 <name=nrb,type=int (id=7),value=<?>,index=18>
Field Read,context=Main:1,vx
Variable Write,context=Main:1#dfs:22,i=3
Variable Delete,method=Main:1#dfs:22 <name=j,type=int (id=7),value=<?>,index=8>
Variable Write,context=Main:1#dfs:22,j=1
Field Read,context=Main:1,vx
Variable Write,context=Main:1#dfs:22,xx=0
Field Read,context=Main:1,vy
Variable Write,context=Main:1#dfs:22,yy=1
Method Call,caller=Main:1#dfs:22,target=Main:1#isOK:197
Variable Write,context=Main:1#isOK:197,xx=0
Variable Write,context=Main:1#isOK:197,yy=1
Variable Write,context=Main:1#isOK:197,result=true
Method Exit,returner=Main:1#isOK:197,value=true
Variable Write,context=Main:1#dfs:22,flg=true
Field Read,context=Main:1,dx
Variable Write,context=Main:1#dfs:22,k=0
Field Read,context=Main:1,dx
Variable Write,context=Main:1#dfs:22,xxx=0
Field Read,context=Main:1,dy
Variable Write,context=Main:1#dfs:22,yyy=1
Field Read,context=Main:1,data
Field Read,context=Main:1,dx
Variable Write,context=Main:1#dfs:22,k=1
Variable Delete,method=Main:1#dfs:22 <name=xxx,type=int (id=7),value=<?>,index=13>
Variable Delete,method=Main:1#dfs:22 <name=yyy,type=int (id=7),value=<?>,index=14>
Field Read,context=Main:1,dx
Variable Write,context=Main:1#dfs:22,xxx=0
Field Read,context=Main:1,dy
Variable Write,context=Main:1#dfs:22,yyy=2
Field Read,context=Main:1,data
Variable Write,context=Main:1#dfs:22,flg=false
Variable Delete,method=Main:1#dfs:22 <name=k,type=int (id=7),value=<?>,index=12>
Variable Delete,method=Main:1#dfs:22 <name=xxx,type=int (id=7),value=<?>,index=13>
Variable Delete,method=Main:1#dfs:22 <name=yyy,type=int (id=7),value=<?>,index=14>
Variable Write,context=Main:1#dfs:22,j=2
Variable Delete,method=Main:1#dfs:22 <name=xx,type=int (id=7),value=<?>,index=9>
Variable Delete,method=Main:1#dfs:22 <name=yy,type=int (id=7),value=<?>,index=10>
Variable Delete,method=Main:1#dfs:22 <name=flg,type=boolean (id=2),value=<?>,index=11>
Field Read,context=Main:1,vx
Variable Write,context=Main:1#dfs:22,xx=0
Field Read,context=Main:1,vy
Variable Write,context=Main:1#dfs:22,yy=0
Method Call,caller=Main:1#dfs:22,target=Main:1#isOK:198
Variable Write,context=Main:1#isOK:198,xx=0
Variable Write,context=Main:1#isOK:198,yy=0
Variable Write,context=Main:1#isOK:198,result=true
Method Exit,returner=Main:1#isOK:198,value=true
Variable Write,context=Main:1#dfs:22,flg=true
Field Read,context=Main:1,dx
Variable Write,context=Main:1#dfs:22,k=0
Field Read,context=Main:1,dx
Variable Write,context=Main:1#dfs:22,xxx=0
Field Read,context=Main:1,dy
Variable Write,context=Main:1#dfs:22,yyy=0
Field Read,context=Main:1,data
Field Read,context=Main:1,dx
Variable Write,context=Main:1#dfs:22,k=1
Variable Delete,method=Main:1#dfs:22 <name=xxx,type=int (id=7),value=<?>,index=13>
Variable Delete,method=Main:1#dfs:22 <name=yyy,type=int (id=7),value=<?>,index=14>
Field Read,context=Main:1,dx
Variable Write,context=Main:1#dfs:22,xxx=0
Field Read,context=Main:1,dy
Variable Write,context=Main:1#dfs:22,yyy=1
Field Read,context=Main:1,data
Field Read,context=Main:1,dx
Variable Write,context=Main:1#dfs:22,k=2
Variable Delete,method=Main:1#dfs:22 <name=xxx,type=int (id=7),value=<?>,index=13>
Variable Delete,method=Main:1#dfs:22 <name=yyy,type=int (id=7),value=<?>,index=14>
Field Read,context=Main:1,dx
Variable Write,context=Main:1#dfs:22,xxx=1
Field Read,context=Main:1,dy
Variable Write,context=Main:1#dfs:22,yyy=0
Field Read,context=Main:1,data
Field Read,context=Main:1,dx
Variable Write,context=Main:1#dfs:22,k=3
Variable Delete,method=Main:1#dfs:22 <name=xxx,type=int (id=7),value=<?>,index=13>
Variable Delete,method=Main:1#dfs:22 <name=yyy,type=int (id=7),value=<?>,index=14>
Field Read,context=Main:1,dx
Variable Write,context=Main:1#dfs:22,xxx=1
Field Read,context=Main:1,dy
Variable Write,context=Main:1#dfs:22,yyy=1
Field Read,context=Main:1,data
Variable Write,context=Main:1#dfs:22,flg=false
Variable Delete,method=Main:1#dfs:22 <name=k,type=int (id=7),value=<?>,index=12>
Variable Delete,method=Main:1#dfs:22 <name=xxx,type=int (id=7),value=<?>,index=13>
Variable Delete,method=Main:1#dfs:22 <name=yyy,type=int (id=7),value=<?>,index=14>
Variable Delete,method=Main:1#dfs:22 <name=xx,type=int (id=7),value=<?>,index=9>
Variable Delete,method=Main:1#dfs:22 <name=yy,type=int (id=7),value=<?>,index=10>
Variable Delete,method=Main:1#dfs:22 <name=flg,type=boolean (id=2),value=<?>,index=11>
Field Read,context=Main:1,vx
Variable Write,context=Main:1#dfs:22,i=4
Variable Delete,method=Main:1#dfs:22 <name=j,type=int (id=7),value=<?>,index=8>
Variable Write,context=Main:1#dfs:22,j=1
Field Read,context=Main:1,vx
Variable Write,context=Main:1#dfs:22,xx=-1
Field Read,context=Main:1,vy
Variable Write,context=Main:1#dfs:22,yy=2
Method Call,caller=Main:1#dfs:22,target=Main:1#isOK:199
Variable Write,context=Main:1#isOK:199,xx=-1
Variable Write,context=Main:1#isOK:199,yy=2
Variable Write,context=Main:1#isOK:199,result=false
Method Exit,returner=Main:1#isOK:199,value=false
Variable Write,context=Main:1#dfs:22,j=2
Variable Delete,method=Main:1#dfs:22 <name=xx,type=int (id=7),value=<?>,index=9>
Variable Delete,method=Main:1#dfs:22 <name=yy,type=int (id=7),value=<?>,index=10>
Field Read,context=Main:1,vx
Variable Write,context=Main:1#dfs:22,xx=-2
Field Read,context=Main:1,vy
Variable Write,context=Main:1#dfs:22,yy=2
Method Call,caller=Main:1#dfs:22,target=Main:1#isOK:200
Variable Write,context=Main:1#isOK:200,xx=-2
Variable Write,context=Main:1#isOK:200,yy=2
Variable Write,context=Main:1#isOK:200,result=false
Method Exit,returner=Main:1#isOK:200,value=false
Variable Delete,method=Main:1#dfs:22 <name=xx,type=int (id=7),value=<?>,index=9>
Variable Delete,method=Main:1#dfs:22 <name=yy,type=int (id=7),value=<?>,index=10>
Field Read,context=Main:1,vx
Variable Delete,method=Main:1#dfs:22 <name=j,type=int (id=7),value=<?>,index=8>
Method Exit,returner=Main:1#dfs:22,value=<void>
Variable Delete,method=Main:1#dfs:19 <name=xx,type=int (id=7),value=<?>,index=9>
Variable Delete,method=Main:1#dfs:19 <name=yy,type=int (id=7),value=<?>,index=10>
Variable Delete,method=Main:1#dfs:19 <name=flg,type=boolean (id=2),value=<?>,index=11>
Variable Delete,method=Main:1#dfs:19 <name=nlt,type=int (id=7),value=<?>,index=15>
Variable Delete,method=Main:1#dfs:19 <name=nlb,type=int (id=7),value=<?>,index=16>
Variable Delete,method=Main:1#dfs:19 <name=nrt,type=int (id=7),value=<?>,index=17>
Variable Delete,method=Main:1#dfs:19 <name=nrb,type=int (id=7),value=<?>,index=18>
Variable Delete,method=Main:1#dfs:19 <name=next,type=java.lang.String (id=25),value=<?>,index=19>
Field Read,context=Main:1,vx
Variable Delete,method=Main:1#dfs:19 <name=j,type=int (id=7),value=<?>,index=8>
Method Exit,returner=Main:1#dfs:19,value=<void>
Variable Delete,method=Main:1#dfs:14 <name=xx,type=int (id=7),value=<?>,index=9>
Variable Delete,method=Main:1#dfs:14 <name=yy,type=int (id=7),value=<?>,index=10>
Variable Delete,method=Main:1#dfs:14 <name=flg,type=boolean (id=2),value=<?>,index=11>
Variable Delete,method=Main:1#dfs:14 <name=nlt,type=int (id=7),value=<?>,index=15>
Variable Delete,method=Main:1#dfs:14 <name=nlb,type=int (id=7),value=<?>,index=16>
Variable Delete,method=Main:1#dfs:14 <name=nrt,type=int (id=7),value=<?>,index=17>
Variable Delete,method=Main:1#dfs:14 <name=nrb,type=int (id=7),value=<?>,index=18>
Variable Delete,method=Main:1#dfs:14 <name=next,type=java.lang.String (id=25),value=<?>,index=19>
Field Read,context=Main:1,vx
Variable Write,context=Main:1#dfs:14,i=2
Variable Delete,method=Main:1#dfs:14 <name=j,type=int (id=7),value=<?>,index=8>
Variable Write,context=Main:1#dfs:14,j=1
Field Read,context=Main:1,vx
Variable Write,context=Main:1#dfs:14,xx=3
Field Read,context=Main:1,vy
Variable Write,context=Main:1#dfs:14,yy=0
Method Call,caller=Main:1#dfs:14,target=Main:1#isOK:201
Variable Write,context=Main:1#isOK:201,xx=3
Variable Write,context=Main:1#isOK:201,yy=0
Variable Write,context=Main:1#isOK:201,result=false
Method Exit,returner=Main:1#isOK:201,value=false
Variable Write,context=Main:1#dfs:14,j=2
Variable Delete,method=Main:1#dfs:14 <name=xx,type=int (id=7),value=<?>,index=9>
Variable Delete,method=Main:1#dfs:14 <name=yy,type=int (id=7),value=<?>,index=10>
Field Read,context=Main:1,vx
Variable Write,context=Main:1#dfs:14,xx=4
Field Read,context=Main:1,vy
Variable Write,context=Main:1#dfs:14,yy=0
Method Call,caller=Main:1#dfs:14,target=Main:1#isOK:202
Variable Write,context=Main:1#isOK:202,xx=4
Variable Write,context=Main:1#isOK:202,yy=0
Variable Write,context=Main:1#isOK:202,result=false
Method Exit,returner=Main:1#isOK:202,value=false
Variable Delete,method=Main:1#dfs:14 <name=xx,type=int (id=7),value=<?>,index=9>
Variable Delete,method=Main:1#dfs:14 <name=yy,type=int (id=7),value=<?>,index=10>
Field Read,context=Main:1,vx
Variable Write,context=Main:1#dfs:14,i=3
Variable Delete,method=Main:1#dfs:14 <name=j,type=int (id=7),value=<?>,index=8>
Variable Write,context=Main:1#dfs:14,j=1
Field Read,context=Main:1,vx
Variable Write,context=Main:1#dfs:14,xx=2
Field Read,context=Main:1,vy
Variable Write,context=Main:1#dfs:14,yy=-1
Method Call,caller=Main:1#dfs:14,target=Main:1#isOK:203
Variable Write,context=Main:1#isOK:203,xx=2
Variable Write,context=Main:1#isOK:203,yy=-1
Variable Write,context=Main:1#isOK:203,result=false
Method Exit,returner=Main:1#isOK:203,value=false
Variable Write,context=Main:1#dfs:14,j=2
Variable Delete,method=Main:1#dfs:14 <name=xx,type=int (id=7),value=<?>,index=9>
Variable Delete,method=Main:1#dfs:14 <name=yy,type=int (id=7),value=<?>,index=10>
Field Read,context=Main:1,vx
Variable Write,context=Main:1#dfs:14,xx=2
Field Read,context=Main:1,vy
Variable Write,context=Main:1#dfs:14,yy=-2
Method Call,caller=Main:1#dfs:14,target=Main:1#isOK:204
Variable Write,context=Main:1#isOK:204,xx=2
Variable Write,context=Main:1#isOK:204,yy=-2
Variable Write,context=Main:1#isOK:204,result=false
Method Exit,returner=Main:1#isOK:204,value=false
Variable Delete,method=Main:1#dfs:14 <name=xx,type=int (id=7),value=<?>,index=9>
Variable Delete,method=Main:1#dfs:14 <name=yy,type=int (id=7),value=<?>,index=10>
Field Read,context=Main:1,vx
Variable Write,context=Main:1#dfs:14,i=4
Variable Delete,method=Main:1#dfs:14 <name=j,type=int (id=7),value=<?>,index=8>
Variable Write,context=Main:1#dfs:14,j=1
Field Read,context=Main:1,vx
Variable Write,context=Main:1#dfs:14,xx=1
Field Read,context=Main:1,vy
Variable Write,context=Main:1#dfs:14,yy=0
Method Call,caller=Main:1#dfs:14,target=Main:1#isOK:205
Variable Write,context=Main:1#isOK:205,xx=1
Variable Write,context=Main:1#isOK:205,yy=0
Variable Write,context=Main:1#isOK:205,result=true
Method Exit,returner=Main:1#isOK:205,value=true
Variable Write,context=Main:1#dfs:14,flg=true
Field Read,context=Main:1,dx
Variable Write,context=Main:1#dfs:14,k=0
Field Read,context=Main:1,dx
Variable Write,context=Main:1#dfs:14,xxx=1
Field Read,context=Main:1,dy
Variable Write,context=Main:1#dfs:14,yyy=0
Field Read,context=Main:1,data
Variable Write,context=Main:1#dfs:14,flg=false
Variable Delete,method=Main:1#dfs:14 <name=k,type=int (id=7),value=<?>,index=12>
Variable Delete,method=Main:1#dfs:14 <name=xxx,type=int (id=7),value=<?>,index=13>
Variable Delete,method=Main:1#dfs:14 <name=yyy,type=int (id=7),value=<?>,index=14>
Variable Write,context=Main:1#dfs:14,j=2
Variable Delete,method=Main:1#dfs:14 <name=xx,type=int (id=7),value=<?>,index=9>
Variable Delete,method=Main:1#dfs:14 <name=yy,type=int (id=7),value=<?>,index=10>
Variable Delete,method=Main:1#dfs:14 <name=flg,type=boolean (id=2),value=<?>,index=11>
Field Read,context=Main:1,vx
Variable Write,context=Main:1#dfs:14,xx=0
Field Read,context=Main:1,vy
Variable Write,context=Main:1#dfs:14,yy=0
Method Call,caller=Main:1#dfs:14,target=Main:1#isOK:206
Variable Write,context=Main:1#isOK:206,xx=0
Variable Write,context=Main:1#isOK:206,yy=0
Variable Write,context=Main:1#isOK:206,result=true
Method Exit,returner=Main:1#isOK:206,value=true
Variable Write,context=Main:1#dfs:14,flg=true
Field Read,context=Main:1,dx
Variable Write,context=Main:1#dfs:14,k=0
Field Read,context=Main:1,dx
Variable Write,context=Main:1#dfs:14,xxx=0
Field Read,context=Main:1,dy
Variable Write,context=Main:1#dfs:14,yyy=0
Field Read,context=Main:1,data
Field Read,context=Main:1,dx
Variable Write,context=Main:1#dfs:14,k=1
Variable Delete,method=Main:1#dfs:14 <name=xxx,type=int (id=7),value=<?>,index=13>
Variable Delete,method=Main:1#dfs:14 <name=yyy,type=int (id=7),value=<?>,index=14>
Field Read,context=Main:1,dx
Variable Write,context=Main:1#dfs:14,xxx=0
Field Read,context=Main:1,dy
Variable Write,context=Main:1#dfs:14,yyy=1
Field Read,context=Main:1,data
Field Read,context=Main:1,dx
Variable Write,context=Main:1#dfs:14,k=2
Variable Delete,method=Main:1#dfs:14 <name=xxx,type=int (id=7),value=<?>,index=13>
Variable Delete,method=Main:1#dfs:14 <name=yyy,type=int (id=7),value=<?>,index=14>
Field Read,context=Main:1,dx
Variable Write,context=Main:1#dfs:14,xxx=1
Field Read,context=Main:1,dy
Variable Write,context=Main:1#dfs:14,yyy=0
Field Read,context=Main:1,data
Variable Write,context=Main:1#dfs:14,flg=false
Variable Delete,method=Main:1#dfs:14 <name=k,type=int (id=7),value=<?>,index=12>
Variable Delete,method=Main:1#dfs:14 <name=xxx,type=int (id=7),value=<?>,index=13>
Variable Delete,method=Main:1#dfs:14 <name=yyy,type=int (id=7),value=<?>,index=14>
Variable Delete,method=Main:1#dfs:14 <name=xx,type=int (id=7),value=<?>,index=9>
Variable Delete,method=Main:1#dfs:14 <name=yy,type=int (id=7),value=<?>,index=10>
Variable Delete,method=Main:1#dfs:14 <name=flg,type=boolean (id=2),value=<?>,index=11>
Field Read,context=Main:1,vx
Variable Delete,method=Main:1#dfs:14 <name=j,type=int (id=7),value=<?>,index=8>
Method Exit,returner=Main:1#dfs:14,value=<void>
Variable Write,context=Main:1#dfs:13,j=2
Variable Delete,method=Main:1#dfs:13 <name=xx,type=int (id=7),value=<?>,index=9>
Variable Delete,method=Main:1#dfs:13 <name=yy,type=int (id=7),value=<?>,index=10>
Variable Delete,method=Main:1#dfs:13 <name=flg,type=boolean (id=2),value=<?>,index=11>
Variable Delete,method=Main:1#dfs:13 <name=nlt,type=int (id=7),value=<?>,index=15>
Variable Delete,method=Main:1#dfs:13 <name=nlb,type=int (id=7),value=<?>,index=16>
Variable Delete,method=Main:1#dfs:13 <name=nrt,type=int (id=7),value=<?>,index=17>
Variable Delete,method=Main:1#dfs:13 <name=nrb,type=int (id=7),value=<?>,index=18>
Variable Delete,method=Main:1#dfs:13 <name=next,type=java.lang.String (id=25),value=<?>,index=19>
Field Read,context=Main:1,vx
Variable Write,context=Main:1#dfs:13,xx=3
Field Read,context=Main:1,vy
Variable Write,context=Main:1#dfs:13,yy=0
Method Call,caller=Main:1#dfs:13,target=Main:1#isOK:207
Variable Write,context=Main:1#isOK:207,xx=3
Variable Write,context=Main:1#isOK:207,yy=0
Variable Write,context=Main:1#isOK:207,result=false
Method Exit,returner=Main:1#isOK:207,value=false
Variable Delete,method=Main:1#dfs:13 <name=xx,type=int (id=7),value=<?>,index=9>
Variable Delete,method=Main:1#dfs:13 <name=yy,type=int (id=7),value=<?>,index=10>
Field Read,context=Main:1,vx
Variable Write,context=Main:1#dfs:13,i=3
Variable Delete,method=Main:1#dfs:13 <name=j,type=int (id=7),value=<?>,index=8>
Variable Write,context=Main:1#dfs:13,j=1
Field Read,context=Main:1,vx
Variable Write,context=Main:1#dfs:13,xx=1
Field Read,context=Main:1,vy
Variable Write,context=Main:1#dfs:13,yy=-1
Method Call,caller=Main:1#dfs:13,target=Main:1#isOK:208
Variable Write,context=Main:1#isOK:208,xx=1
Variable Write,context=Main:1#isOK:208,yy=-1
Variable Write,context=Main:1#isOK:208,result=false
Method Exit,returner=Main:1#isOK:208,value=false
Variable Write,context=Main:1#dfs:13,j=2
Variable Delete,method=Main:1#dfs:13 <name=xx,type=int (id=7),value=<?>,index=9>
Variable Delete,method=Main:1#dfs:13 <name=yy,type=int (id=7),value=<?>,index=10>
Field Read,context=Main:1,vx
Variable Write,context=Main:1#dfs:13,xx=1
Field Read,context=Main:1,vy
Variable Write,context=Main:1#dfs:13,yy=-2
Method Call,caller=Main:1#dfs:13,target=Main:1#isOK:209
Variable Write,context=Main:1#isOK:209,xx=1
Variable Write,context=Main:1#isOK:209,yy=-2
Variable Write,context=Main:1#isOK:209,result=false
Method Exit,returner=Main:1#isOK:209,value=false
Variable Delete,method=Main:1#dfs:13 <name=xx,type=int (id=7),value=<?>,index=9>
Variable Delete,method=Main:1#dfs:13 <name=yy,type=int (id=7),value=<?>,index=10>
Field Read,context=Main:1,vx
Variable Write,context=Main:1#dfs:13,i=4
Variable Delete,method=Main:1#dfs:13 <name=j,type=int (id=7),value=<?>,index=8>
Variable Write,context=Main:1#dfs:13,j=1
Field Read,context=Main:1,vx
Variable Write,context=Main:1#dfs:13,xx=0
Field Read,context=Main:1,vy
Variable Write,context=Main:1#dfs:13,yy=0
Method Call,caller=Main:1#dfs:13,target=Main:1#isOK:210
Variable Write,context=Main:1#isOK:210,xx=0
Variable Write,context=Main:1#isOK:210,yy=0
Variable Write,context=Main:1#isOK:210,result=true
Method Exit,returner=Main:1#isOK:210,value=true
Variable Write,context=Main:1#dfs:13,flg=true
Field Read,context=Main:1,dx
Variable Write,context=Main:1#dfs:13,k=0
Field Read,context=Main:1,dx
Variable Write,context=Main:1#dfs:13,xxx=0
Field Read,context=Main:1,dy
Variable Write,context=Main:1#dfs:13,yyy=0
Field Read,context=Main:1,data
Field Read,context=Main:1,dx
Variable Write,context=Main:1#dfs:13,k=1
Variable Delete,method=Main:1#dfs:13 <name=xxx,type=int (id=7),value=<?>,index=13>
Variable Delete,method=Main:1#dfs:13 <name=yyy,type=int (id=7),value=<?>,index=14>
Field Read,context=Main:1,dx
Variable Write,context=Main:1#dfs:13,xxx=0
Field Read,context=Main:1,dy
Variable Write,context=Main:1#dfs:13,yyy=1
Field Read,context=Main:1,data
Field Read,context=Main:1,dx
Variable Write,context=Main:1#dfs:13,k=2
Variable Delete,method=Main:1#dfs:13 <name=xxx,type=int (id=7),value=<?>,index=13>
Variable Delete,method=Main:1#dfs:13 <name=yyy,type=int (id=7),value=<?>,index=14>
Field Read,context=Main:1,dx
Variable Write,context=Main:1#dfs:13,xxx=1
Field Read,context=Main:1,dy
Variable Write,context=Main:1#dfs:13,yyy=0
Field Read,context=Main:1,data
Field Read,context=Main:1,dx
Variable Write,context=Main:1#dfs:13,k=3
Variable Delete,method=Main:1#dfs:13 <name=xxx,type=int (id=7),value=<?>,index=13>
Variable Delete,method=Main:1#dfs:13 <name=yyy,type=int (id=7),value=<?>,index=14>
Field Read,context=Main:1,dx
Variable Write,context=Main:1#dfs:13,xxx=1
Field Read,context=Main:1,dy
Variable Write,context=Main:1#dfs:13,yyy=1
Field Read,context=Main:1,data
Field Read,context=Main:1,dx
Variable Delete,method=Main:1#dfs:13 <name=xxx,type=int (id=7),value=<?>,index=13>
Variable Delete,method=Main:1#dfs:13 <name=yyy,type=int (id=7),value=<?>,index=14>
Variable Delete,method=Main:1#dfs:13 <name=k,type=int (id=7),value=<?>,index=12>
Variable Write,context=Main:1#dfs:13,nlt=3
Variable Write,context=Main:1#dfs:13,nlb=3
Variable Write,context=Main:1#dfs:13,nrt=3
Variable Write,context=Main:1#dfs:13,nrb=3
Variable Write,context=Main:1#dfs:13,nlt=7
Variable Write,context=Main:1#dfs:13,next=4 007333
Field Read,context=Main:1,close
Field Read,context=Main:1,close
Method Call,caller=Main:1#dfs:13,target=Main:1#dfs:23
Variable Write,context=Main:1#dfs:23,lt=7
Variable Write,context=Main:1#dfs:23,lb=3
Variable Write,context=Main:1#dfs:23,rt=3
Variable Write,context=Main:1#dfs:23,rb=3
Variable Write,context=Main:1#dfs:23,deep=4
Variable Write,context=Main:1#dfs:23,x=0
Variable Write,context=Main:1#dfs:23,y=0
Field Read,context=Main:1,n
Field Read,context=Main:1,vx
Variable Write,context=Main:1#dfs:23,i=0
Variable Write,context=Main:1#dfs:23,j=1
Field Read,context=Main:1,vx
Variable Write,context=Main:1#dfs:23,xx=0
Field Read,context=Main:1,vy
Variable Write,context=Main:1#dfs:23,yy=0
Method Call,caller=Main:1#dfs:23,target=Main:1#isOK:211
Variable Write,context=Main:1#isOK:211,xx=0
Variable Write,context=Main:1#isOK:211,yy=0
Variable Write,context=Main:1#isOK:211,result=true
Method Exit,returner=Main:1#isOK:211,value=true
Variable Write,context=Main:1#dfs:23,flg=true
Field Read,context=Main:1,dx
Variable Write,context=Main:1#dfs:23,k=0
Field Read,context=Main:1,dx
Variable Write,context=Main:1#dfs:23,xxx=0
Field Read,context=Main:1,dy
Variable Write,context=Main:1#dfs:23,yyy=0
Field Read,context=Main:1,data
Field Read,context=Main:1,dx
Variable Write,context=Main:1#dfs:23,k=1
Variable Delete,method=Main:1#dfs:23 <name=xxx,type=int (id=7),value=<?>,index=13>
Variable Delete,method=Main:1#dfs:23 <name=yyy,type=int (id=7),value=<?>,index=14>
Field Read,context=Main:1,dx
Variable Write,context=Main:1#dfs:23,xxx=0
Field Read,context=Main:1,dy
Variable Write,context=Main:1#dfs:23,yyy=1
Field Read,context=Main:1,data
Field Read,context=Main:1,dx
Variable Write,context=Main:1#dfs:23,k=2
Variable Delete,method=Main:1#dfs:23 <name=xxx,type=int (id=7),value=<?>,index=13>
Variable Delete,method=Main:1#dfs:23 <name=yyy,type=int (id=7),value=<?>,index=14>
Field Read,context=Main:1,dx
Variable Write,context=Main:1#dfs:23,xxx=1
Field Read,context=Main:1,dy
Variable Write,context=Main:1#dfs:23,yyy=0
Field Read,context=Main:1,data
Variable Write,context=Main:1#dfs:23,flg=false
Variable Delete,method=Main:1#dfs:23 <name=k,type=int (id=7),value=<?>,index=12>
Variable Delete,method=Main:1#dfs:23 <name=xxx,type=int (id=7),value=<?>,index=13>
Variable Delete,method=Main:1#dfs:23 <name=yyy,type=int (id=7),value=<?>,index=14>
Variable Write,context=Main:1#dfs:23,j=2
Variable Delete,method=Main:1#dfs:23 <name=xx,type=int (id=7),value=<?>,index=9>
Variable Delete,method=Main:1#dfs:23 <name=yy,type=int (id=7),value=<?>,index=10>
Variable Delete,method=Main:1#dfs:23 <name=flg,type=boolean (id=2),value=<?>,index=11>
Field Read,context=Main:1,vx
Variable Write,context=Main:1#dfs:23,xx=0
Field Read,context=Main:1,vy
Variable Write,context=Main:1#dfs:23,yy=0
Method Call,caller=Main:1#dfs:23,target=Main:1#isOK:212
Variable Write,context=Main:1#isOK:212,xx=0
Variable Write,context=Main:1#isOK:212,yy=0
Variable Write,context=Main:1#isOK:212,result=true
Method Exit,returner=Main:1#isOK:212,value=true
Variable Write,context=Main:1#dfs:23,flg=true
Field Read,context=Main:1,dx
Variable Write,context=Main:1#dfs:23,k=0
Field Read,context=Main:1,dx
Variable Write,context=Main:1#dfs:23,xxx=0
Field Read,context=Main:1,dy
Variable Write,context=Main:1#dfs:23,yyy=0
Field Read,context=Main:1,data
Field Read,context=Main:1,dx
Variable Write,context=Main:1#dfs:23,k=1
Variable Delete,method=Main:1#dfs:23 <name=xxx,type=int (id=7),value=<?>,index=13>
Variable Delete,method=Main:1#dfs:23 <name=yyy,type=int (id=7),value=<?>,index=14>
Field Read,context=Main:1,dx
Variable Write,context=Main:1#dfs:23,xxx=0
Field Read,context=Main:1,dy
Variable Write,context=Main:1#dfs:23,yyy=1
Field Read,context=Main:1,data
Field Read,context=Main:1,dx
Variable Write,context=Main:1#dfs:23,k=2
Variable Delete,method=Main:1#dfs:23 <name=xxx,type=int (id=7),value=<?>,index=13>
Variable Delete,method=Main:1#dfs:23 <name=yyy,type=int (id=7),value=<?>,index=14>
Field Read,context=Main:1,dx
Variable Write,context=Main:1#dfs:23,xxx=1
Field Read,context=Main:1,dy
Variable Write,context=Main:1#dfs:23,yyy=0
Field Read,context=Main:1,data
Variable Write,context=Main:1#dfs:23,flg=false
Variable Delete,method=Main:1#dfs:23 <name=k,type=int (id=7),value=<?>,index=12>
Variable Delete,method=Main:1#dfs:23 <name=xxx,type=int (id=7),value=<?>,index=13>
Variable Delete,method=Main:1#dfs:23 <name=yyy,type=int (id=7),value=<?>,index=14>
Variable Delete,method=Main:1#dfs:23 <name=xx,type=int (id=7),value=<?>,index=9>
Variable Delete,method=Main:1#dfs:23 <name=yy,type=int (id=7),value=<?>,index=10>
Variable Delete,method=Main:1#dfs:23 <name=flg,type=boolean (id=2),value=<?>,index=11>
Field Read,context=Main:1,vx
Variable Write,context=Main:1#dfs:23,i=1
Variable Delete,method=Main:1#dfs:23 <name=j,type=int (id=7),value=<?>,index=8>
Variable Write,context=Main:1#dfs:23,j=1
Field Read,context=Main:1,vx
Variable Write,context=Main:1#dfs:23,xx=0
Field Read,context=Main:1,vy
Variable Write,context=Main:1#dfs:23,yy=1
Method Call,caller=Main:1#dfs:23,target=Main:1#isOK:213
Variable Write,context=Main:1#isOK:213,xx=0
Variable Write,context=Main:1#isOK:213,yy=1
Variable Write,context=Main:1#isOK:213,result=true
Method Exit,returner=Main:1#isOK:213,value=true
Variable Write,context=Main:1#dfs:23,flg=true
Field Read,context=Main:1,dx
Variable Write,context=Main:1#dfs:23,k=0
Field Read,context=Main:1,dx
Variable Write,context=Main:1#dfs:23,xxx=0
Field Read,context=Main:1,dy
Variable Write,context=Main:1#dfs:23,yyy=1
Field Read,context=Main:1,data
Field Read,context=Main:1,dx
Variable Write,context=Main:1#dfs:23,k=1
Variable Delete,method=Main:1#dfs:23 <name=xxx,type=int (id=7),value=<?>,index=13>
Variable Delete,method=Main:1#dfs:23 <name=yyy,type=int (id=7),value=<?>,index=14>
Field Read,context=Main:1,dx
Variable Write,context=Main:1#dfs:23,xxx=0
Field Read,context=Main:1,dy
Variable Write,context=Main:1#dfs:23,yyy=2
Field Read,context=Main:1,data
Field Read,context=Main:1,dx
Variable Write,context=Main:1#dfs:23,k=2
Variable Delete,method=Main:1#dfs:23 <name=xxx,type=int (id=7),value=<?>,index=13>
Variable Delete,method=Main:1#dfs:23 <name=yyy,type=int (id=7),value=<?>,index=14>
Field Read,context=Main:1,dx
Variable Write,context=Main:1#dfs:23,xxx=1
Field Read,context=Main:1,dy
Variable Write,context=Main:1#dfs:23,yyy=1
Field Read,context=Main:1,data
Field Read,context=Main:1,dx
Variable Write,context=Main:1#dfs:23,k=3
Variable Delete,method=Main:1#dfs:23 <name=xxx,type=int (id=7),value=<?>,index=13>
Variable Delete,method=Main:1#dfs:23 <name=yyy,type=int (id=7),value=<?>,index=14>
Field Read,context=Main:1,dx
Variable Write,context=Main:1#dfs:23,xxx=1
Field Read,context=Main:1,dy
Variable Write,context=Main:1#dfs:23,yyy=2
Field Read,context=Main:1,data
Field Read,context=Main:1,dx
Variable Delete,method=Main:1#dfs:23 <name=xxx,type=int (id=7),value=<?>,index=13>
Variable Delete,method=Main:1#dfs:23 <name=yyy,type=int (id=7),value=<?>,index=14>
Variable Delete,method=Main:1#dfs:23 <name=k,type=int (id=7),value=<?>,index=12>
Variable Write,context=Main:1#dfs:23,nlt=6
Variable Write,context=Main:1#dfs:23,nlb=2
Variable Write,context=Main:1#dfs:23,nrt=2
Variable Write,context=Main:1#dfs:23,nrb=2
Variable Write,context=Main:1#dfs:23,next=5 016222
Field Read,context=Main:1,close
Field Read,context=Main:1,close
Method Call,caller=Main:1#dfs:23,target=Main:1#dfs:24
Variable Write,context=Main:1#dfs:24,lt=6
Variable Write,context=Main:1#dfs:24,lb=2
Variable Write,context=Main:1#dfs:24,rt=2
Variable Write,context=Main:1#dfs:24,rb=2
Variable Write,context=Main:1#dfs:24,deep=5
Variable Write,context=Main:1#dfs:24,x=0
Variable Write,context=Main:1#dfs:24,y=1
Field Read,context=Main:1,n
Field Read,context=Main:1,vx
Variable Write,context=Main:1#dfs:24,i=0
Variable Write,context=Main:1#dfs:24,j=1
Field Read,context=Main:1,vx
Variable Write,context=Main:1#dfs:24,xx=0
Field Read,context=Main:1,vy
Variable Write,context=Main:1#dfs:24,yy=1
Method Call,caller=Main:1#dfs:24,target=Main:1#isOK:214
Variable Write,context=Main:1#isOK:214,xx=0
Variable Write,context=Main:1#isOK:214,yy=1
Variable Write,context=Main:1#isOK:214,result=true
Method Exit,returner=Main:1#isOK:214,value=true
Variable Write,context=Main:1#dfs:24,flg=true
Field Read,context=Main:1,dx
Variable Write,context=Main:1#dfs:24,k=0
Field Read,context=Main:1,dx
Variable Write,context=Main:1#dfs:24,xxx=0
Field Read,context=Main:1,dy
Variable Write,context=Main:1#dfs:24,yyy=1
Field Read,context=Main:1,data
Field Read,context=Main:1,dx
Variable Write,context=Main:1#dfs:24,k=1
Variable Delete,method=Main:1#dfs:24 <name=xxx,type=int (id=7),value=<?>,index=13>
Variable Delete,method=Main:1#dfs:24 <name=yyy,type=int (id=7),value=<?>,index=14>
Field Read,context=Main:1,dx
Variable Write,context=Main:1#dfs:24,xxx=0
Field Read,context=Main:1,dy
Variable Write,context=Main:1#dfs:24,yyy=2
Field Read,context=Main:1,data
Field Read,context=Main:1,dx
Variable Write,context=Main:1#dfs:24,k=2
Variable Delete,method=Main:1#dfs:24 <name=xxx,type=int (id=7),value=<?>,index=13>
Variable Delete,method=Main:1#dfs:24 <name=yyy,type=int (id=7),value=<?>,index=14>
Field Read,context=Main:1,dx
Variable Write,context=Main:1#dfs:24,xxx=1
Field Read,context=Main:1,dy
Variable Write,context=Main:1#dfs:24,yyy=1
Field Read,context=Main:1,data
Field Read,context=Main:1,dx
Variable Write,context=Main:1#dfs:24,k=3
Variable Delete,method=Main:1#dfs:24 <name=xxx,type=int (id=7),value=<?>,index=13>
Variable Delete,method=Main:1#dfs:24 <name=yyy,type=int (id=7),value=<?>,index=14>
Field Read,context=Main:1,dx
Variable Write,context=Main:1#dfs:24,xxx=1
Field Read,context=Main:1,dy
Variable Write,context=Main:1#dfs:24,yyy=2
Field Read,context=Main:1,data
Field Read,context=Main:1,dx
Variable Delete,method=Main:1#dfs:24 <name=xxx,type=int (id=7),value=<?>,index=13>
Variable Delete,method=Main:1#dfs:24 <name=yyy,type=int (id=7),value=<?>,index=14>
Variable Delete,method=Main:1#dfs:24 <name=k,type=int (id=7),value=<?>,index=12>
Variable Write,context=Main:1#dfs:24,nlt=5
Variable Write,context=Main:1#dfs:24,nlb=1
Variable Write,context=Main:1#dfs:24,nrt=1
Variable Write,context=Main:1#dfs:24,nrb=1
Variable Write,context=Main:1#dfs:24,next=6 015111
Field Read,context=Main:1,close
Field Read,context=Main:1,close
Method Call,caller=Main:1#dfs:24,target=Main:1#dfs:25
Variable Write,context=Main:1#dfs:25,lt=5
Variable Write,context=Main:1#dfs:25,lb=1
Variable Write,context=Main:1#dfs:25,rt=1
Variable Write,context=Main:1#dfs:25,rb=1
Variable Write,context=Main:1#dfs:25,deep=6
Variable Write,context=Main:1#dfs:25,x=0
Variable Write,context=Main:1#dfs:25,y=1
Field Read,context=Main:1,n
Field Read,context=Main:1,vx
Variable Write,context=Main:1#dfs:25,i=0
Variable Write,context=Main:1#dfs:25,j=1
Field Read,context=Main:1,vx
Variable Write,context=Main:1#dfs:25,xx=0
Field Read,context=Main:1,vy
Variable Write,context=Main:1#dfs:25,yy=1
Method Call,caller=Main:1#dfs:25,target=Main:1#isOK:215
Variable Write,context=Main:1#isOK:215,xx=0
Variable Write,context=Main:1#isOK:215,yy=1
Variable Write,context=Main:1#isOK:215,result=true
Method Exit,returner=Main:1#isOK:215,value=true
Variable Write,context=Main:1#dfs:25,flg=true
Field Read,context=Main:1,dx
Variable Write,context=Main:1#dfs:25,k=0
Field Read,context=Main:1,dx
Variable Write,context=Main:1#dfs:25,xxx=0
Field Read,context=Main:1,dy
Variable Write,context=Main:1#dfs:25,yyy=1
Field Read,context=Main:1,data
Field Read,context=Main:1,dx
Variable Write,context=Main:1#dfs:25,k=1
Variable Delete,method=Main:1#dfs:25 <name=xxx,type=int (id=7),value=<?>,index=13>
Variable Delete,method=Main:1#dfs:25 <name=yyy,type=int (id=7),value=<?>,index=14>
Field Read,context=Main:1,dx
Variable Write,context=Main:1#dfs:25,xxx=0
Field Read,context=Main:1,dy
Variable Write,context=Main:1#dfs:25,yyy=2
Field Read,context=Main:1,data
Variable Write,context=Main:1#dfs:25,flg=false
Variable Delete,method=Main:1#dfs:25 <name=k,type=int (id=7),value=<?>,index=12>
Variable Delete,method=Main:1#dfs:25 <name=xxx,type=int (id=7),value=<?>,index=13>
Variable Delete,method=Main:1#dfs:25 <name=yyy,type=int (id=7),value=<?>,index=14>
Variable Write,context=Main:1#dfs:25,j=2
Variable Delete,method=Main:1#dfs:25 <name=xx,type=int (id=7),value=<?>,index=9>
Variable Delete,method=Main:1#dfs:25 <name=yy,type=int (id=7),value=<?>,index=10>
Variable Delete,method=Main:1#dfs:25 <name=flg,type=boolean (id=2),value=<?>,index=11>
Field Read,context=Main:1,vx
Variable Write,context=Main:1#dfs:25,xx=0
Field Read,context=Main:1,vy
Variable Write,context=Main:1#dfs:25,yy=1
Method Call,caller=Main:1#dfs:25,target=Main:1#isOK:216
Variable Write,context=Main:1#isOK:216,xx=0
Variable Write,context=Main:1#isOK:216,yy=1
Variable Write,context=Main:1#isOK:216,result=true
Method Exit,returner=Main:1#isOK:216,value=true
Variable Write,context=Main:1#dfs:25,flg=true
Field Read,context=Main:1,dx
Variable Write,context=Main:1#dfs:25,k=0
Field Read,context=Main:1,dx
Variable Write,context=Main:1#dfs:25,xxx=0
Field Read,context=Main:1,dy
Variable Write,context=Main:1#dfs:25,yyy=1
Field Read,context=Main:1,data
Field Read,context=Main:1,dx
Variable Write,context=Main:1#dfs:25,k=1
Variable Delete,method=Main:1#dfs:25 <name=xxx,type=int (id=7),value=<?>,index=13>
Variable Delete,method=Main:1#dfs:25 <name=yyy,type=int (id=7),value=<?>,index=14>
Field Read,context=Main:1,dx
Variable Write,context=Main:1#dfs:25,xxx=0
Field Read,context=Main:1,dy
Variable Write,context=Main:1#dfs:25,yyy=2
Field Read,context=Main:1,data
Variable Write,context=Main:1#dfs:25,flg=false
Variable Delete,method=Main:1#dfs:25 <name=k,type=int (id=7),value=<?>,index=12>
Variable Delete,method=Main:1#dfs:25 <name=xxx,type=int (id=7),value=<?>,index=13>
Variable Delete,method=Main:1#dfs:25 <name=yyy,type=int (id=7),value=<?>,index=14>
Variable Delete,method=Main:1#dfs:25 <name=xx,type=int (id=7),value=<?>,index=9>
Variable Delete,method=Main:1#dfs:25 <name=yy,type=int (id=7),value=<?>,index=10>
Variable Delete,method=Main:1#dfs:25 <name=flg,type=boolean (id=2),value=<?>,index=11>
Field Read,context=Main:1,vx
Variable Write,context=Main:1#dfs:25,i=1
Variable Delete,method=Main:1#dfs:25 <name=j,type=int (id=7),value=<?>,index=8>
Variable Write,context=Main:1#dfs:25,j=1
Field Read,context=Main:1,vx
Variable Write,context=Main:1#dfs:25,xx=0
Field Read,context=Main:1,vy
Variable Write,context=Main:1#dfs:25,yy=2
Method Call,caller=Main:1#dfs:25,target=Main:1#isOK:217
Variable Write,context=Main:1#isOK:217,xx=0
Variable Write,context=Main:1#isOK:217,yy=2
Variable Write,context=Main:1#isOK:217,result=true
Method Exit,returner=Main:1#isOK:217,value=true
Variable Write,context=Main:1#dfs:25,flg=true
Field Read,context=Main:1,dx
Variable Write,context=Main:1#dfs:25,k=0
Field Read,context=Main:1,dx
Variable Write,context=Main:1#dfs:25,xxx=0
Field Read,context=Main:1,dy
Variable Write,context=Main:1#dfs:25,yyy=2
Field Read,context=Main:1,data
Variable Write,context=Main:1#dfs:25,flg=false
Variable Delete,method=Main:1#dfs:25 <name=k,type=int (id=7),value=<?>,index=12>
Variable Delete,method=Main:1#dfs:25 <name=xxx,type=int (id=7),value=<?>,index=13>
Variable Delete,method=Main:1#dfs:25 <name=yyy,type=int (id=7),value=<?>,index=14>
Variable Write,context=Main:1#dfs:25,j=2
Variable Delete,method=Main:1#dfs:25 <name=xx,type=int (id=7),value=<?>,index=9>
Variable Delete,method=Main:1#dfs:25 <name=yy,type=int (id=7),value=<?>,index=10>
Variable Delete,method=Main:1#dfs:25 <name=flg,type=boolean (id=2),value=<?>,index=11>
Field Read,context=Main:1,vx
Variable Write,context=Main:1#dfs:25,xx=0
Field Read,context=Main:1,vy
Variable Write,context=Main:1#dfs:25,yy=3
Method Call,caller=Main:1#dfs:25,target=Main:1#isOK:218
Variable Write,context=Main:1#isOK:218,xx=0
Variable Write,context=Main:1#isOK:218,yy=3
Variable Write,context=Main:1#isOK:218,result=false
Method Exit,returner=Main:1#isOK:218,value=false
Variable Delete,method=Main:1#dfs:25 <name=xx,type=int (id=7),value=<?>,index=9>
Variable Delete,method=Main:1#dfs:25 <name=yy,type=int (id=7),value=<?>,index=10>
Field Read,context=Main:1,vx
Variable Write,context=Main:1#dfs:25,i=2
Variable Delete,method=Main:1#dfs:25 <name=j,type=int (id=7),value=<?>,index=8>
Variable Write,context=Main:1#dfs:25,j=1
Field Read,context=Main:1,vx
Variable Write,context=Main:1#dfs:25,xx=1
Field Read,context=Main:1,vy
Variable Write,context=Main:1#dfs:25,yy=1
Method Call,caller=Main:1#dfs:25,target=Main:1#isOK:219
Variable Write,context=Main:1#isOK:219,xx=1
Variable Write,context=Main:1#isOK:219,yy=1
Variable Write,context=Main:1#isOK:219,result=true
Method Exit,returner=Main:1#isOK:219,value=true
Variable Write,context=Main:1#dfs:25,flg=true
Field Read,context=Main:1,dx
Variable Write,context=Main:1#dfs:25,k=0
Field Read,context=Main:1,dx
Variable Write,context=Main:1#dfs:25,xxx=1
Field Read,context=Main:1,dy
Variable Write,context=Main:1#dfs:25,yyy=1
Field Read,context=Main:1,data
Variable Write,context=Main:1#dfs:25,flg=false
Variable Delete,method=Main:1#dfs:25 <name=k,type=int (id=7),value=<?>,index=12>
Variable Delete,method=Main:1#dfs:25 <name=xxx,type=int (id=7),value=<?>,index=13>
Variable Delete,method=Main:1#dfs:25 <name=yyy,type=int (id=7),value=<?>,index=14>
Variable Write,context=Main:1#dfs:25,j=2
Variable Delete,method=Main:1#dfs:25 <name=xx,type=int (id=7),value=<?>,index=9>
Variable Delete,method=Main:1#dfs:25 <name=yy,type=int (id=7),value=<?>,index=10>
Variable Delete,method=Main:1#dfs:25 <name=flg,type=boolean (id=2),value=<?>,index=11>
Field Read,context=Main:1,vx
Variable Write,context=Main:1#dfs:25,xx=2
Field Read,context=Main:1,vy
Variable Write,context=Main:1#dfs:25,yy=1
Method Call,caller=Main:1#dfs:25,target=Main:1#isOK:220
Variable Write,context=Main:1#isOK:220,xx=2
Variable Write,context=Main:1#isOK:220,yy=1
Variable Write,context=Main:1#isOK:220,result=true
Method Exit,returner=Main:1#isOK:220,value=true
Variable Write,context=Main:1#dfs:25,flg=true
Field Read,context=Main:1,dx
Variable Write,context=Main:1#dfs:25,k=0
Field Read,context=Main:1,dx
Variable Write,context=Main:1#dfs:25,xxx=2
Field Read,context=Main:1,dy
Variable Write,context=Main:1#dfs:25,yyy=1
Field Read,context=Main:1,data
Field Read,context=Main:1,dx
Variable Write,context=Main:1#dfs:25,k=1
Variable Delete,method=Main:1#dfs:25 <name=xxx,type=int (id=7),value=<?>,index=13>
Variable Delete,method=Main:1#dfs:25 <name=yyy,type=int (id=7),value=<?>,index=14>
Field Read,context=Main:1,dx
Variable Write,context=Main:1#dfs:25,xxx=2
Field Read,context=Main:1,dy
Variable Write,context=Main:1#dfs:25,yyy=2
Field Read,context=Main:1,data
Field Read,context=Main:1,dx
Variable Write,context=Main:1#dfs:25,k=2
Variable Delete,method=Main:1#dfs:25 <name=xxx,type=int (id=7),value=<?>,index=13>
Variable Delete,method=Main:1#dfs:25 <name=yyy,type=int (id=7),value=<?>,index=14>
Field Read,context=Main:1,dx
Variable Write,context=Main:1#dfs:25,xxx=3
Field Read,context=Main:1,dy
Variable Write,context=Main:1#dfs:25,yyy=1
Field Read,context=Main:1,data
Field Read,context=Main:1,dx
Variable Write,context=Main:1#dfs:25,k=3
Variable Delete,method=Main:1#dfs:25 <name=xxx,type=int (id=7),value=<?>,index=13>
Variable Delete,method=Main:1#dfs:25 <name=yyy,type=int (id=7),value=<?>,index=14>
Field Read,context=Main:1,dx
Variable Write,context=Main:1#dfs:25,xxx=3
Field Read,context=Main:1,dy
Variable Write,context=Main:1#dfs:25,yyy=2
Field Read,context=Main:1,data
Field Read,context=Main:1,dx
Variable Delete,method=Main:1#dfs:25 <name=xxx,type=int (id=7),value=<?>,index=13>
Variable Delete,method=Main:1#dfs:25 <name=yyy,type=int (id=7),value=<?>,index=14>
Variable Delete,method=Main:1#dfs:25 <name=k,type=int (id=7),value=<?>,index=12>
Variable Write,context=Main:1#dfs:25,nlt=4
Variable Write,context=Main:1#dfs:25,nlb=0
Variable Write,context=Main:1#dfs:25,nrt=0
Variable Write,context=Main:1#dfs:25,nrb=0
Variable Delete,method=Main:1#dfs:25 <name=xx,type=int (id=7),value=<?>,index=9>
Variable Delete,method=Main:1#dfs:25 <name=yy,type=int (id=7),value=<?>,index=10>
Variable Delete,method=Main:1#dfs:25 <name=flg,type=boolean (id=2),value=<?>,index=11>
Variable Delete,method=Main:1#dfs:25 <name=nlt,type=int (id=7),value=<?>,index=15>
Variable Delete,method=Main:1#dfs:25 <name=nlb,type=int (id=7),value=<?>,index=16>
Variable Delete,method=Main:1#dfs:25 <name=nrt,type=int (id=7),value=<?>,index=17>
Variable Delete,method=Main:1#dfs:25 <name=nrb,type=int (id=7),value=<?>,index=18>
Field Read,context=Main:1,vx
Variable Write,context=Main:1#dfs:25,i=3
Variable Delete,method=Main:1#dfs:25 <name=j,type=int (id=7),value=<?>,index=8>
Variable Write,context=Main:1#dfs:25,j=1
Field Read,context=Main:1,vx
Variable Write,context=Main:1#dfs:25,xx=0
Field Read,context=Main:1,vy
Variable Write,context=Main:1#dfs:25,yy=0
Method Call,caller=Main:1#dfs:25,target=Main:1#isOK:221
Variable Write,context=Main:1#isOK:221,xx=0
Variable Write,context=Main:1#isOK:221,yy=0
Variable Write,context=Main:1#isOK:221,result=true
Method Exit,returner=Main:1#isOK:221,value=true
Variable Write,context=Main:1#dfs:25,flg=true
Field Read,context=Main:1,dx
Variable Write,context=Main:1#dfs:25,k=0
Field Read,context=Main:1,dx
Variable Write,context=Main:1#dfs:25,xxx=0
Field Read,context=Main:1,dy
Variable Write,context=Main:1#dfs:25,yyy=0
Field Read,context=Main:1,data
Field Read,context=Main:1,dx
Variable Write,context=Main:1#dfs:25,k=1
Variable Delete,method=Main:1#dfs:25 <name=xxx,type=int (id=7),value=<?>,index=13>
Variable Delete,method=Main:1#dfs:25 <name=yyy,type=int (id=7),value=<?>,index=14>
Field Read,context=Main:1,dx
Variable Write,context=Main:1#dfs:25,xxx=0
Field Read,context=Main:1,dy
Variable Write,context=Main:1#dfs:25,yyy=1
Field Read,context=Main:1,data
Field Read,context=Main:1,dx
Variable Write,context=Main:1#dfs:25,k=2
Variable Delete,method=Main:1#dfs:25 <name=xxx,type=int (id=7),value=<?>,index=13>
Variable Delete,method=Main:1#dfs:25 <name=yyy,type=int (id=7),value=<?>,index=14>
Field Read,context=Main:1,dx
Variable Write,context=Main:1#dfs:25,xxx=1
Field Read,context=Main:1,dy
Variable Write,context=Main:1#dfs:25,yyy=0
Field Read,context=Main:1,data
Field Read,context=Main:1,dx
Variable Write,context=Main:1#dfs:25,k=3
Variable Delete,method=Main:1#dfs:25 <name=xxx,type=int (id=7),value=<?>,index=13>
Variable Delete,method=Main:1#dfs:25 <name=yyy,type=int (id=7),value=<?>,index=14>
Field Read,context=Main:1,dx
Variable Write,context=Main:1#dfs:25,xxx=1
Field Read,context=Main:1,dy
Variable Write,context=Main:1#dfs:25,yyy=1
Field Read,context=Main:1,data
Variable Write,context=Main:1#dfs:25,flg=false
Variable Delete,method=Main:1#dfs:25 <name=k,type=int (id=7),value=<?>,index=12>
Variable Delete,method=Main:1#dfs:25 <name=xxx,type=int (id=7),value=<?>,index=13>
Variable Delete,method=Main:1#dfs:25 <name=yyy,type=int (id=7),value=<?>,index=14>
Variable Write,context=Main:1#dfs:25,j=2
Variable Delete,method=Main:1#dfs:25 <name=xx,type=int (id=7),value=<?>,index=9>
Variable Delete,method=Main:1#dfs:25 <name=yy,type=int (id=7),value=<?>,index=10>
Variable Delete,method=Main:1#dfs:25 <name=flg,type=boolean (id=2),value=<?>,index=11>
Field Read,context=Main:1,vx
Variable Write,context=Main:1#dfs:25,xx=0
Field Read,context=Main:1,vy
Variable Write,context=Main:1#dfs:25,yy=-1
Method Call,caller=Main:1#dfs:25,target=Main:1#isOK:222
Variable Write,context=Main:1#isOK:222,xx=0
Variable Write,context=Main:1#isOK:222,yy=-1
Variable Write,context=Main:1#isOK:222,result=false
Method Exit,returner=Main:1#isOK:222,value=false
Variable Delete,method=Main:1#dfs:25 <name=xx,type=int (id=7),value=<?>,index=9>
Variable Delete,method=Main:1#dfs:25 <name=yy,type=int (id=7),value=<?>,index=10>
Field Read,context=Main:1,vx
Variable Write,context=Main:1#dfs:25,i=4
Variable Delete,method=Main:1#dfs:25 <name=j,type=int (id=7),value=<?>,index=8>
Variable Write,context=Main:1#dfs:25,j=1
Field Read,context=Main:1,vx
Variable Write,context=Main:1#dfs:25,xx=-1
Field Read,context=Main:1,vy
Variable Write,context=Main:1#dfs:25,yy=1
Method Call,caller=Main:1#dfs:25,target=Main:1#isOK:223
Variable Write,context=Main:1#isOK:223,xx=-1
Variable Write,context=Main:1#isOK:223,yy=1
Variable Write,context=Main:1#isOK:223,result=false
Method Exit,returner=Main:1#isOK:223,value=false
Variable Write,context=Main:1#dfs:25,j=2
Variable Delete,method=Main:1#dfs:25 <name=xx,type=int (id=7),value=<?>,index=9>
Variable Delete,method=Main:1#dfs:25 <name=yy,type=int (id=7),value=<?>,index=10>
Field Read,context=Main:1,vx
Variable Write,context=Main:1#dfs:25,xx=-2
Field Read,context=Main:1,vy
Variable Write,context=Main:1#dfs:25,yy=1
Method Call,caller=Main:1#dfs:25,target=Main:1#isOK:224
Variable Write,context=Main:1#isOK:224,xx=-2
Variable Write,context=Main:1#isOK:224,yy=1
Variable Write,context=Main:1#isOK:224,result=false
Method Exit,returner=Main:1#isOK:224,value=false
Variable Delete,method=Main:1#dfs:25 <name=xx,type=int (id=7),value=<?>,index=9>
Variable Delete,method=Main:1#dfs:25 <name=yy,type=int (id=7),value=<?>,index=10>
Field Read,context=Main:1,vx
Variable Delete,method=Main:1#dfs:25 <name=j,type=int (id=7),value=<?>,index=8>
Method Exit,returner=Main:1#dfs:25,value=<void>
Variable Write,context=Main:1#dfs:24,j=2
Variable Delete,method=Main:1#dfs:24 <name=xx,type=int (id=7),value=<?>,index=9>
Variable Delete,method=Main:1#dfs:24 <name=yy,type=int (id=7),value=<?>,index=10>
Variable Delete,method=Main:1#dfs:24 <name=flg,type=boolean (id=2),value=<?>,index=11>
Variable Delete,method=Main:1#dfs:24 <name=nlt,type=int (id=7),value=<?>,index=15>
Variable Delete,method=Main:1#dfs:24 <name=nlb,type=int (id=7),value=<?>,index=16>
Variable Delete,method=Main:1#dfs:24 <name=nrt,type=int (id=7),value=<?>,index=17>
Variable Delete,method=Main:1#dfs:24 <name=nrb,type=int (id=7),value=<?>,index=18>
Variable Delete,method=Main:1#dfs:24 <name=next,type=java.lang.String (id=25),value=<?>,index=19>
Field Read,context=Main:1,vx
Variable Write,context=Main:1#dfs:24,xx=0
Field Read,context=Main:1,vy
Variable Write,context=Main:1#dfs:24,yy=1
Method Call,caller=Main:1#dfs:24,target=Main:1#isOK:225
Variable Write,context=Main:1#isOK:225,xx=0
Variable Write,context=Main:1#isOK:225,yy=1
Variable Write,context=Main:1#isOK:225,result=true
Method Exit,returner=Main:1#isOK:225,value=true
Variable Write,context=Main:1#dfs:24,flg=true
Field Read,context=Main:1,dx
Variable Write,context=Main:1#dfs:24,k=0
Field Read,context=Main:1,dx
Variable Write,context=Main:1#dfs:24,xxx=0
Field Read,context=Main:1,dy
Variable Write,context=Main:1#dfs:24,yyy=1
Field Read,context=Main:1,data
Field Read,context=Main:1,dx
Variable Write,context=Main:1#dfs:24,k=1
Variable Delete,method=Main:1#dfs:24 <name=xxx,type=int (id=7),value=<?>,index=13>
Variable Delete,method=Main:1#dfs:24 <name=yyy,type=int (id=7),value=<?>,index=14>
Field Read,context=Main:1,dx
Variable Write,context=Main:1#dfs:24,xxx=0
Field Read,context=Main:1,dy
Variable Write,context=Main:1#dfs:24,yyy=2
Field Read,context=Main:1,data
Field Read,context=Main:1,dx
Variable Write,context=Main:1#dfs:24,k=2
Variable Delete,method=Main:1#dfs:24 <name=xxx,type=int (id=7),value=<?>,index=13>
Variable Delete,method=Main:1#dfs:24 <name=yyy,type=int (id=7),value=<?>,index=14>
Field Read,context=Main:1,dx
Variable Write,context=Main:1#dfs:24,xxx=1
Field Read,context=Main:1,dy
Variable Write,context=Main:1#dfs:24,yyy=1
Field Read,context=Main:1,data
Field Read,context=Main:1,dx
Variable Write,context=Main:1#dfs:24,k=3
Variable Delete,method=Main:1#dfs:24 <name=xxx,type=int (id=7),value=<?>,index=13>
Variable Delete,method=Main:1#dfs:24 <name=yyy,type=int (id=7),value=<?>,index=14>
Field Read,context=Main:1,dx
Variable Write,context=Main:1#dfs:24,xxx=1
Field Read,context=Main:1,dy
Variable Write,context=Main:1#dfs:24,yyy=2
Field Read,context=Main:1,data
Field Read,context=Main:1,dx
Variable Delete,method=Main:1#dfs:24 <name=xxx,type=int (id=7),value=<?>,index=13>
Variable Delete,method=Main:1#dfs:24 <name=yyy,type=int (id=7),value=<?>,index=14>
Variable Delete,method=Main:1#dfs:24 <name=k,type=int (id=7),value=<?>,index=12>
Variable Write,context=Main:1#dfs:24,nlt=5
Variable Write,context=Main:1#dfs:24,nlb=1
Variable Write,context=Main:1#dfs:24,nrt=1
Variable Write,context=Main:1#dfs:24,nrb=1
Variable Write,context=Main:1#dfs:24,next=6 015111
Field Read,context=Main:1,close
Variable Delete,method=Main:1#dfs:24 <name=xx,type=int (id=7),value=<?>,index=9>
Variable Delete,method=Main:1#dfs:24 <name=yy,type=int (id=7),value=<?>,index=10>
Variable Delete,method=Main:1#dfs:24 <name=flg,type=boolean (id=2),value=<?>,index=11>
Variable Delete,method=Main:1#dfs:24 <name=nlt,type=int (id=7),value=<?>,index=15>
Variable Delete,method=Main:1#dfs:24 <name=nlb,type=int (id=7),value=<?>,index=16>
Variable Delete,method=Main:1#dfs:24 <name=nrt,type=int (id=7),value=<?>,index=17>
Variable Delete,method=Main:1#dfs:24 <name=nrb,type=int (id=7),value=<?>,index=18>
Variable Delete,method=Main:1#dfs:24 <name=next,type=java.lang.String (id=25),value=<?>,index=19>
Field Read,context=Main:1,vx
Variable Write,context=Main:1#dfs:24,i=1
Variable Delete,method=Main:1#dfs:24 <name=j,type=int (id=7),value=<?>,index=8>
Variable Write,context=Main:1#dfs:24,j=1
Field Read,context=Main:1,vx
Variable Write,context=Main:1#dfs:24,xx=0
Field Read,context=Main:1,vy
Variable Write,context=Main:1#dfs:24,yy=2
Method Call,caller=Main:1#dfs:24,target=Main:1#isOK:226
Variable Write,context=Main:1#isOK:226,xx=0
Variable Write,context=Main:1#isOK:226,yy=2
Variable Write,context=Main:1#isOK:226,result=true
Method Exit,returner=Main:1#isOK:226,value=true
Variable Write,context=Main:1#dfs:24,flg=true
Field Read,context=Main:1,dx
Variable Write,context=Main:1#dfs:24,k=0
Field Read,context=Main:1,dx
Variable Write,context=Main:1#dfs:24,xxx=0
Field Read,context=Main:1,dy
Variable Write,context=Main:1#dfs:24,yyy=2
Field Read,context=Main:1,data
Field Read,context=Main:1,dx
Variable Write,context=Main:1#dfs:24,k=1
Variable Delete,method=Main:1#dfs:24 <name=xxx,type=int (id=7),value=<?>,index=13>
Variable Delete,method=Main:1#dfs:24 <name=yyy,type=int (id=7),value=<?>,index=14>
Field Read,context=Main:1,dx
Variable Write,context=Main:1#dfs:24,xxx=0
Field Read,context=Main:1,dy
Variable Write,context=Main:1#dfs:24,yyy=3
Field Read,context=Main:1,data
Field Read,context=Main:1,dx
Variable Write,context=Main:1#dfs:24,k=2
Variable Delete,method=Main:1#dfs:24 <name=xxx,type=int (id=7),value=<?>,index=13>
Variable Delete,method=Main:1#dfs:24 <name=yyy,type=int (id=7),value=<?>,index=14>
Field Read,context=Main:1,dx
Variable Write,context=Main:1#dfs:24,xxx=1
Field Read,context=Main:1,dy
Variable Write,context=Main:1#dfs:24,yyy=2
Field Read,context=Main:1,data
Field Read,context=Main:1,dx
Variable Write,context=Main:1#dfs:24,k=3
Variable Delete,method=Main:1#dfs:24 <name=xxx,type=int (id=7),value=<?>,index=13>
Variable Delete,method=Main:1#dfs:24 <name=yyy,type=int (id=7),value=<?>,index=14>
Field Read,context=Main:1,dx
Variable Write,context=Main:1#dfs:24,xxx=1
Field Read,context=Main:1,dy
Variable Write,context=Main:1#dfs:24,yyy=3
Field Read,context=Main:1,data
Field Read,context=Main:1,dx
Variable Delete,method=Main:1#dfs:24 <name=xxx,type=int (id=7),value=<?>,index=13>
Variable Delete,method=Main:1#dfs:24 <name=yyy,type=int (id=7),value=<?>,index=14>
Variable Delete,method=Main:1#dfs:24 <name=k,type=int (id=7),value=<?>,index=12>
Variable Write,context=Main:1#dfs:24,nlt=5
Variable Write,context=Main:1#dfs:24,nlb=1
Variable Write,context=Main:1#dfs:24,nrt=1
Variable Write,context=Main:1#dfs:24,nrb=1
Variable Write,context=Main:1#dfs:24,nlb=7
Variable Write,context=Main:1#dfs:24,next=6 025711
Field Read,context=Main:1,close
Field Read,context=Main:1,close
Method Call,caller=Main:1#dfs:24,target=Main:1#dfs:26
Variable Write,context=Main:1#dfs:26,lt=5
Variable Write,context=Main:1#dfs:26,lb=7
Variable Write,context=Main:1#dfs:26,rt=1
Variable Write,context=Main:1#dfs:26,rb=1
Variable Write,context=Main:1#dfs:26,deep=6
Variable Write,context=Main:1#dfs:26,x=0
Variable Write,context=Main:1#dfs:26,y=2
Field Read,context=Main:1,n
Field Read,context=Main:1,vx
Variable Write,context=Main:1#dfs:26,i=0
Variable Write,context=Main:1#dfs:26,j=1
Field Read,context=Main:1,vx
Variable Write,context=Main:1#dfs:26,xx=0
Field Read,context=Main:1,vy
Variable Write,context=Main:1#dfs:26,yy=2
Method Call,caller=Main:1#dfs:26,target=Main:1#isOK:227
Variable Write,context=Main:1#isOK:227,xx=0
Variable Write,context=Main:1#isOK:227,yy=2
Variable Write,context=Main:1#isOK:227,result=true
Method Exit,returner=Main:1#isOK:227,value=true
Variable Write,context=Main:1#dfs:26,flg=true
Field Read,context=Main:1,dx
Variable Write,context=Main:1#dfs:26,k=0
Field Read,context=Main:1,dx
Variable Write,context=Main:1#dfs:26,xxx=0
Field Read,context=Main:1,dy
Variable Write,context=Main:1#dfs:26,yyy=2
Field Read,context=Main:1,data
Variable Write,context=Main:1#dfs:26,flg=false
Variable Delete,method=Main:1#dfs:26 <name=k,type=int (id=7),value=<?>,index=12>
Variable Delete,method=Main:1#dfs:26 <name=xxx,type=int (id=7),value=<?>,index=13>
Variable Delete,method=Main:1#dfs:26 <name=yyy,type=int (id=7),value=<?>,index=14>
Variable Write,context=Main:1#dfs:26,j=2
Variable Delete,method=Main:1#dfs:26 <name=xx,type=int (id=7),value=<?>,index=9>
Variable Delete,method=Main:1#dfs:26 <name=yy,type=int (id=7),value=<?>,index=10>
Variable Delete,method=Main:1#dfs:26 <name=flg,type=boolean (id=2),value=<?>,index=11>
Field Read,context=Main:1,vx
Variable Write,context=Main:1#dfs:26,xx=0
Field Read,context=Main:1,vy
Variable Write,context=Main:1#dfs:26,yy=2
Method Call,caller=Main:1#dfs:26,target=Main:1#isOK:228
Variable Write,context=Main:1#isOK:228,xx=0
Variable Write,context=Main:1#isOK:228,yy=2
Variable Write,context=Main:1#isOK:228,result=true
Method Exit,returner=Main:1#isOK:228,value=true
Variable Write,context=Main:1#dfs:26,flg=true
Field Read,context=Main:1,dx
Variable Write,context=Main:1#dfs:26,k=0
Field Read,context=Main:1,dx
Variable Write,context=Main:1#dfs:26,xxx=0
Field Read,context=Main:1,dy
Variable Write,context=Main:1#dfs:26,yyy=2
Field Read,context=Main:1,data
Variable Write,context=Main:1#dfs:26,flg=false
Variable Delete,method=Main:1#dfs:26 <name=k,type=int (id=7),value=<?>,index=12>
Variable Delete,method=Main:1#dfs:26 <name=xxx,type=int (id=7),value=<?>,index=13>
Variable Delete,method=Main:1#dfs:26 <name=yyy,type=int (id=7),value=<?>,index=14>
Variable Delete,method=Main:1#dfs:26 <name=xx,type=int (id=7),value=<?>,index=9>
Variable Delete,method=Main:1#dfs:26 <name=yy,type=int (id=7),value=<?>,index=10>
Variable Delete,method=Main:1#dfs:26 <name=flg,type=boolean (id=2),value=<?>,index=11>
Field Read,context=Main:1,vx
Variable Write,context=Main:1#dfs:26,i=1
Variable Delete,method=Main:1#dfs:26 <name=j,type=int (id=7),value=<?>,index=8>
Variable Write,context=Main:1#dfs:26,j=1
Field Read,context=Main:1,vx
Variable Write,context=Main:1#dfs:26,xx=0
Field Read,context=Main:1,vy
Variable Write,context=Main:1#dfs:26,yy=3
Method Call,caller=Main:1#dfs:26,target=Main:1#isOK:229
Variable Write,context=Main:1#isOK:229,xx=0
Variable Write,context=Main:1#isOK:229,yy=3
Variable Write,context=Main:1#isOK:229,result=false
Method Exit,returner=Main:1#isOK:229,value=false
Variable Write,context=Main:1#dfs:26,j=2
Variable Delete,method=Main:1#dfs:26 <name=xx,type=int (id=7),value=<?>,index=9>
Variable Delete,method=Main:1#dfs:26 <name=yy,type=int (id=7),value=<?>,index=10>
Field Read,context=Main:1,vx
Variable Write,context=Main:1#dfs:26,xx=0
Field Read,context=Main:1,vy
Variable Write,context=Main:1#dfs:26,yy=4
Method Call,caller=Main:1#dfs:26,target=Main:1#isOK:230
Variable Write,context=Main:1#isOK:230,xx=0
Variable Write,context=Main:1#isOK:230,yy=4
Variable Write,context=Main:1#isOK:230,result=false
Method Exit,returner=Main:1#isOK:230,value=false
Variable Delete,method=Main:1#dfs:26 <name=xx,type=int (id=7),value=<?>,index=9>
Variable Delete,method=Main:1#dfs:26 <name=yy,type=int (id=7),value=<?>,index=10>
Field Read,context=Main:1,vx
Variable Write,context=Main:1#dfs:26,i=2
Variable Delete,method=Main:1#dfs:26 <name=j,type=int (id=7),value=<?>,index=8>
Variable Write,context=Main:1#dfs:26,j=1
Field Read,context=Main:1,vx
Variable Write,context=Main:1#dfs:26,xx=1
Field Read,context=Main:1,vy
Variable Write,context=Main:1#dfs:26,yy=2
Method Call,caller=Main:1#dfs:26,target=Main:1#isOK:231
Variable Write,context=Main:1#isOK:231,xx=1
Variable Write,context=Main:1#isOK:231,yy=2
Variable Write,context=Main:1#isOK:231,result=true
Method Exit,returner=Main:1#isOK:231,value=true
Variable Write,context=Main:1#dfs:26,flg=true
Field Read,context=Main:1,dx
Variable Write,context=Main:1#dfs:26,k=0
Field Read,context=Main:1,dx
Variable Write,context=Main:1#dfs:26,xxx=1
Field Read,context=Main:1,dy
Variable Write,context=Main:1#dfs:26,yyy=2
Field Read,context=Main:1,data
Field Read,context=Main:1,dx
Variable Write,context=Main:1#dfs:26,k=1
Variable Delete,method=Main:1#dfs:26 <name=xxx,type=int (id=7),value=<?>,index=13>
Variable Delete,method=Main:1#dfs:26 <name=yyy,type=int (id=7),value=<?>,index=14>
Field Read,context=Main:1,dx
Variable Write,context=Main:1#dfs:26,xxx=1
Field Read,context=Main:1,dy
Variable Write,context=Main:1#dfs:26,yyy=3
Field Read,context=Main:1,data
Field Read,context=Main:1,dx
Variable Write,context=Main:1#dfs:26,k=2
Variable Delete,method=Main:1#dfs:26 <name=xxx,type=int (id=7),value=<?>,index=13>
Variable Delete,method=Main:1#dfs:26 <name=yyy,type=int (id=7),value=<?>,index=14>
Field Read,context=Main:1,dx
Variable Write,context=Main:1#dfs:26,xxx=2
Field Read,context=Main:1,dy
Variable Write,context=Main:1#dfs:26,yyy=2
Field Read,context=Main:1,data
Field Read,context=Main:1,dx
Variable Write,context=Main:1#dfs:26,k=3
Variable Delete,method=Main:1#dfs:26 <name=xxx,type=int (id=7),value=<?>,index=13>
Variable Delete,method=Main:1#dfs:26 <name=yyy,type=int (id=7),value=<?>,index=14>
Field Read,context=Main:1,dx
Variable Write,context=Main:1#dfs:26,xxx=2
Field Read,context=Main:1,dy
Variable Write,context=Main:1#dfs:26,yyy=3
Field Read,context=Main:1,data
Field Read,context=Main:1,dx
Variable Delete,method=Main:1#dfs:26 <name=xxx,type=int (id=7),value=<?>,index=13>
Variable Delete,method=Main:1#dfs:26 <name=yyy,type=int (id=7),value=<?>,index=14>
Variable Delete,method=Main:1#dfs:26 <name=k,type=int (id=7),value=<?>,index=12>
Variable Write,context=Main:1#dfs:26,nlt=4
Variable Write,context=Main:1#dfs:26,nlb=6
Variable Write,context=Main:1#dfs:26,nrt=0
Variable Write,context=Main:1#dfs:26,nrb=0
Variable Write,context=Main:1#dfs:26,j=2
Variable Delete,method=Main:1#dfs:26 <name=xx,type=int (id=7),value=<?>,index=9>
Variable Delete,method=Main:1#dfs:26 <name=yy,type=int (id=7),value=<?>,index=10>
Variable Delete,method=Main:1#dfs:26 <name=flg,type=boolean (id=2),value=<?>,index=11>
Variable Delete,method=Main:1#dfs:26 <name=nlt,type=int (id=7),value=<?>,index=15>
Variable Delete,method=Main:1#dfs:26 <name=nlb,type=int (id=7),value=<?>,index=16>
Variable Delete,method=Main:1#dfs:26 <name=nrt,type=int (id=7),value=<?>,index=17>
Variable Delete,method=Main:1#dfs:26 <name=nrb,type=int (id=7),value=<?>,index=18>
Field Read,context=Main:1,vx
Variable Write,context=Main:1#dfs:26,xx=2
Field Read,context=Main:1,vy
Variable Write,context=Main:1#dfs:26,yy=2
Method Call,caller=Main:1#dfs:26,target=Main:1#isOK:232
Variable Write,context=Main:1#isOK:232,xx=2
Variable Write,context=Main:1#isOK:232,yy=2
Variable Write,context=Main:1#isOK:232,result=true
Method Exit,returner=Main:1#isOK:232,value=true
Variable Write,context=Main:1#dfs:26,flg=true
Field Read,context=Main:1,dx
Variable Write,context=Main:1#dfs:26,k=0
Field Read,context=Main:1,dx
Variable Write,context=Main:1#dfs:26,xxx=2
Field Read,context=Main:1,dy
Variable Write,context=Main:1#dfs:26,yyy=2
Field Read,context=Main:1,data
Field Read,context=Main:1,dx
Variable Write,context=Main:1#dfs:26,k=1
Variable Delete,method=Main:1#dfs:26 <name=xxx,type=int (id=7),value=<?>,index=13>
Variable Delete,method=Main:1#dfs:26 <name=yyy,type=int (id=7),value=<?>,index=14>
Field Read,context=Main:1,dx
Variable Write,context=Main:1#dfs:26,xxx=2
Field Read,context=Main:1,dy
Variable Write,context=Main:1#dfs:26,yyy=3
Field Read,context=Main:1,data
Field Read,context=Main:1,dx
Variable Write,context=Main:1#dfs:26,k=2
Variable Delete,method=Main:1#dfs:26 <name=xxx,type=int (id=7),value=<?>,index=13>
Variable Delete,method=Main:1#dfs:26 <name=yyy,type=int (id=7),value=<?>,index=14>
Field Read,context=Main:1,dx
Variable Write,context=Main:1#dfs:26,xxx=3
Field Read,context=Main:1,dy
Variable Write,context=Main:1#dfs:26,yyy=2
Field Read,context=Main:1,data
Field Read,context=Main:1,dx
Variable Write,context=Main:1#dfs:26,k=3
Variable Delete,method=Main:1#dfs:26 <name=xxx,type=int (id=7),value=<?>,index=13>
Variable Delete,method=Main:1#dfs:26 <name=yyy,type=int (id=7),value=<?>,index=14>
Field Read,context=Main:1,dx
Variable Write,context=Main:1#dfs:26,xxx=3
Field Read,context=Main:1,dy
Variable Write,context=Main:1#dfs:26,yyy=3
Field Read,context=Main:1,data
Field Read,context=Main:1,dx
Variable Delete,method=Main:1#dfs:26 <name=xxx,type=int (id=7),value=<?>,index=13>
Variable Delete,method=Main:1#dfs:26 <name=yyy,type=int (id=7),value=<?>,index=14>
Variable Delete,method=Main:1#dfs:26 <name=k,type=int (id=7),value=<?>,index=12>
Variable Write,context=Main:1#dfs:26,nlt=4
Variable Write,context=Main:1#dfs:26,nlb=6
Variable Write,context=Main:1#dfs:26,nrt=0
Variable Write,context=Main:1#dfs:26,nrb=0
Variable Write,context=Main:1#dfs:26,nrb=7
Variable Delete,method=Main:1#dfs:26 <name=xx,type=int (id=7),value=<?>,index=9>
Variable Delete,method=Main:1#dfs:26 <name=yy,type=int (id=7),value=<?>,index=10>
Variable Delete,method=Main:1#dfs:26 <name=flg,type=boolean (id=2),value=<?>,index=11>
Variable Delete,method=Main:1#dfs:26 <name=nlt,type=int (id=7),value=<?>,index=15>
Variable Delete,method=Main:1#dfs:26 <name=nlb,type=int (id=7),value=<?>,index=16>
Variable Delete,method=Main:1#dfs:26 <name=nrt,type=int (id=7),value=<?>,index=17>
Variable Delete,method=Main:1#dfs:26 <name=nrb,type=int (id=7),value=<?>,index=18>
Field Read,context=Main:1,vx
Variable Write,context=Main:1#dfs:26,i=3
Variable Delete,method=Main:1#dfs:26 <name=j,type=int (id=7),value=<?>,index=8>
Variable Write,context=Main:1#dfs:26,j=1
Field Read,context=Main:1,vx
Variable Write,context=Main:1#dfs:26,xx=0
Field Read,context=Main:1,vy
Variable Write,context=Main:1#dfs:26,yy=1
Method Call,caller=Main:1#dfs:26,target=Main:1#isOK:233
Variable Write,context=Main:1#isOK:233,xx=0
Variable Write,context=Main:1#isOK:233,yy=1
Variable Write,context=Main:1#isOK:233,result=true
Method Exit,returner=Main:1#isOK:233,value=true
Variable Write,context=Main:1#dfs:26,flg=true
Field Read,context=Main:1,dx
Variable Write,context=Main:1#dfs:26,k=0
Field Read,context=Main:1,dx
Variable Write,context=Main:1#dfs:26,xxx=0
Field Read,context=Main:1,dy
Variable Write,context=Main:1#dfs:26,yyy=1
Field Read,context=Main:1,data
Field Read,context=Main:1,dx
Variable Write,context=Main:1#dfs:26,k=1
Variable Delete,method=Main:1#dfs:26 <name=xxx,type=int (id=7),value=<?>,index=13>
Variable Delete,method=Main:1#dfs:26 <name=yyy,type=int (id=7),value=<?>,index=14>
Field Read,context=Main:1,dx
Variable Write,context=Main:1#dfs:26,xxx=0
Field Read,context=Main:1,dy
Variable Write,context=Main:1#dfs:26,yyy=2
Field Read,context=Main:1,data
Variable Write,context=Main:1#dfs:26,flg=false
Variable Delete,method=Main:1#dfs:26 <name=k,type=int (id=7),value=<?>,index=12>
Variable Delete,method=Main:1#dfs:26 <name=xxx,type=int (id=7),value=<?>,index=13>
Variable Delete,method=Main:1#dfs:26 <name=yyy,type=int (id=7),value=<?>,index=14>
Variable Write,context=Main:1#dfs:26,j=2
Variable Delete,method=Main:1#dfs:26 <name=xx,type=int (id=7),value=<?>,index=9>
Variable Delete,method=Main:1#dfs:26 <name=yy,type=int (id=7),value=<?>,index=10>
Variable Delete,method=Main:1#dfs:26 <name=flg,type=boolean (id=2),value=<?>,index=11>
Field Read,context=Main:1,vx
Variable Write,context=Main:1#dfs:26,xx=0
Field Read,context=Main:1,vy
Variable Write,context=Main:1#dfs:26,yy=0
Method Call,caller=Main:1#dfs:26,target=Main:1#isOK:234
Variable Write,context=Main:1#isOK:234,xx=0
Variable Write,context=Main:1#isOK:234,yy=0
Variable Write,context=Main:1#isOK:234,result=true
Method Exit,returner=Main:1#isOK:234,value=true
Variable Write,context=Main:1#dfs:26,flg=true
Field Read,context=Main:1,dx
Variable Write,context=Main:1#dfs:26,k=0
Field Read,context=Main:1,dx
Variable Write,context=Main:1#dfs:26,xxx=0
Field Read,context=Main:1,dy
Variable Write,context=Main:1#dfs:26,yyy=0
Field Read,context=Main:1,data
Field Read,context=Main:1,dx
Variable Write,context=Main:1#dfs:26,k=1
Variable Delete,method=Main:1#dfs:26 <name=xxx,type=int (id=7),value=<?>,index=13>
Variable Delete,method=Main:1#dfs:26 <name=yyy,type=int (id=7),value=<?>,index=14>
Field Read,context=Main:1,dx
Variable Write,context=Main:1#dfs:26,xxx=0
Field Read,context=Main:1,dy
Variable Write,context=Main:1#dfs:26,yyy=1
Field Read,context=Main:1,data
Field Read,context=Main:1,dx
Variable Write,context=Main:1#dfs:26,k=2
Variable Delete,method=Main:1#dfs:26 <name=xxx,type=int (id=7),value=<?>,index=13>
Variable Delete,method=Main:1#dfs:26 <name=yyy,type=int (id=7),value=<?>,index=14>
Field Read,context=Main:1,dx
Variable Write,context=Main:1#dfs:26,xxx=1
Field Read,context=Main:1,dy
Variable Write,context=Main:1#dfs:26,yyy=0
Field Read,context=Main:1,data
Field Read,context=Main:1,dx
Variable Write,context=Main:1#dfs:26,k=3
Variable Delete,method=Main:1#dfs:26 <name=xxx,type=int (id=7),value=<?>,index=13>
Variable Delete,method=Main:1#dfs:26 <name=yyy,type=int (id=7),value=<?>,index=14>
Field Read,context=Main:1,dx
Variable Write,context=Main:1#dfs:26,xxx=1
Field Read,context=Main:1,dy
Variable Write,context=Main:1#dfs:26,yyy=1
Field Read,context=Main:1,data
Variable Write,context=Main:1#dfs:26,flg=false
Variable Delete,method=Main:1#dfs:26 <name=k,type=int (id=7),value=<?>,index=12>
Variable Delete,method=Main:1#dfs:26 <name=xxx,type=int (id=7),value=<?>,index=13>
Variable Delete,method=Main:1#dfs:26 <name=yyy,type=int (id=7),value=<?>,index=14>
Variable Delete,method=Main:1#dfs:26 <name=xx,type=int (id=7),value=<?>,index=9>
Variable Delete,method=Main:1#dfs:26 <name=yy,type=int (id=7),value=<?>,index=10>
Variable Delete,method=Main:1#dfs:26 <name=flg,type=boolean (id=2),value=<?>,index=11>
Field Read,context=Main:1,vx
Variable Write,context=Main:1#dfs:26,i=4
Variable Delete,method=Main:1#dfs:26 <name=j,type=int (id=7),value=<?>,index=8>
Variable Write,context=Main:1#dfs:26,j=1
Field Read,context=Main:1,vx
Variable Write,context=Main:1#dfs:26,xx=-1
Field Read,context=Main:1,vy
Variable Write,context=Main:1#dfs:26,yy=2
Method Call,caller=Main:1#dfs:26,target=Main:1#isOK:235
Variable Write,context=Main:1#isOK:235,xx=-1
Variable Write,context=Main:1#isOK:235,yy=2
Variable Write,context=Main:1#isOK:235,result=false
Method Exit,returner=Main:1#isOK:235,value=false
Variable Write,context=Main:1#dfs:26,j=2
Variable Delete,method=Main:1#dfs:26 <name=xx,type=int (id=7),value=<?>,index=9>
Variable Delete,method=Main:1#dfs:26 <name=yy,type=int (id=7),value=<?>,index=10>
Field Read,context=Main:1,vx
Variable Write,context=Main:1#dfs:26,xx=-2
Field Read,context=Main:1,vy
Variable Write,context=Main:1#dfs:26,yy=2
Method Call,caller=Main:1#dfs:26,target=Main:1#isOK:236
Variable Write,context=Main:1#isOK:236,xx=-2
Variable Write,context=Main:1#isOK:236,yy=2
Variable Write,context=Main:1#isOK:236,result=false
Method Exit,returner=Main:1#isOK:236,value=false
Variable Delete,method=Main:1#dfs:26 <name=xx,type=int (id=7),value=<?>,index=9>
Variable Delete,method=Main:1#dfs:26 <name=yy,type=int (id=7),value=<?>,index=10>
Field Read,context=Main:1,vx
Variable Delete,method=Main:1#dfs:26 <name=j,type=int (id=7),value=<?>,index=8>
Method Exit,returner=Main:1#dfs:26,value=<void>
Variable Write,context=Main:1#dfs:24,j=2
Variable Delete,method=Main:1#dfs:24 <name=xx,type=int (id=7),value=<?>,index=9>
Variable Delete,method=Main:1#dfs:24 <name=yy,type=int (id=7),value=<?>,index=10>
Variable Delete,method=Main:1#dfs:24 <name=flg,type=boolean (id=2),value=<?>,index=11>
Variable Delete,method=Main:1#dfs:24 <name=nlt,type=int (id=7),value=<?>,index=15>
Variable Delete,method=Main:1#dfs:24 <name=nlb,type=int (id=7),value=<?>,index=16>
Variable Delete,method=Main:1#dfs:24 <name=nrt,type=int (id=7),value=<?>,index=17>
Variable Delete,method=Main:1#dfs:24 <name=nrb,type=int (id=7),value=<?>,index=18>
Variable Delete,method=Main:1#dfs:24 <name=next,type=java.lang.String (id=25),value=<?>,index=19>
Field Read,context=Main:1,vx
Variable Write,context=Main:1#dfs:24,xx=0
Field Read,context=Main:1,vy
Variable Write,context=Main:1#dfs:24,yy=3
Method Call,caller=Main:1#dfs:24,target=Main:1#isOK:237
Variable Write,context=Main:1#isOK:237,xx=0
Variable Write,context=Main:1#isOK:237,yy=3
Variable Write,context=Main:1#isOK:237,result=false
Method Exit,returner=Main:1#isOK:237,value=false
Variable Delete,method=Main:1#dfs:24 <name=xx,type=int (id=7),value=<?>,index=9>
Variable Delete,method=Main:1#dfs:24 <name=yy,type=int (id=7),value=<?>,index=10>
Field Read,context=Main:1,vx
Variable Write,context=Main:1#dfs:24,i=2
Variable Delete,method=Main:1#dfs:24 <name=j,type=int (id=7),value=<?>,index=8>
Variable Write,context=Main:1#dfs:24,j=1
Field Read,context=Main:1,vx
Variable Write,context=Main:1#dfs:24,xx=1
Field Read,context=Main:1,vy
Variable Write,context=Main:1#dfs:24,yy=1
Method Call,caller=Main:1#dfs:24,target=Main:1#isOK:238
Variable Write,context=Main:1#isOK:238,xx=1
Variable Write,context=Main:1#isOK:238,yy=1
Variable Write,context=Main:1#isOK:238,result=true
Method Exit,returner=Main:1#isOK:238,value=true
Variable Write,context=Main:1#dfs:24,flg=true
Field Read,context=Main:1,dx
Variable Write,context=Main:1#dfs:24,k=0
Field Read,context=Main:1,dx
Variable Write,context=Main:1#dfs:24,xxx=1
Field Read,context=Main:1,dy
Variable Write,context=Main:1#dfs:24,yyy=1
Field Read,context=Main:1,data
Field Read,context=Main:1,dx
Variable Write,context=Main:1#dfs:24,k=1
Variable Delete,method=Main:1#dfs:24 <name=xxx,type=int (id=7),value=<?>,index=13>
Variable Delete,method=Main:1#dfs:24 <name=yyy,type=int (id=7),value=<?>,index=14>
Field Read,context=Main:1,dx
Variable Write,context=Main:1#dfs:24,xxx=1
Field Read,context=Main:1,dy
Variable Write,context=Main:1#dfs:24,yyy=2
Field Read,context=Main:1,data
Field Read,context=Main:1,dx
Variable Write,context=Main:1#dfs:24,k=2
Variable Delete,method=Main:1#dfs:24 <name=xxx,type=int (id=7),value=<?>,index=13>
Variable Delete,method=Main:1#dfs:24 <name=yyy,type=int (id=7),value=<?>,index=14>
Field Read,context=Main:1,dx
Variable Write,context=Main:1#dfs:24,xxx=2
Field Read,context=Main:1,dy
Variable Write,context=Main:1#dfs:24,yyy=1
Field Read,context=Main:1,data
Field Read,context=Main:1,dx
Variable Write,context=Main:1#dfs:24,k=3
Variable Delete,method=Main:1#dfs:24 <name=xxx,type=int (id=7),value=<?>,index=13>
Variable Delete,method=Main:1#dfs:24 <name=yyy,type=int (id=7),value=<?>,index=14>
Field Read,context=Main:1,dx
Variable Write,context=Main:1#dfs:24,xxx=2
Field Read,context=Main:1,dy
Variable Write,context=Main:1#dfs:24,yyy=2
Field Read,context=Main:1,data
Field Read,context=Main:1,dx
Variable Delete,method=Main:1#dfs:24 <name=xxx,type=int (id=7),value=<?>,index=13>
Variable Delete,method=Main:1#dfs:24 <name=yyy,type=int (id=7),value=<?>,index=14>
Variable Delete,method=Main:1#dfs:24 <name=k,type=int (id=7),value=<?>,index=12>
Variable Write,context=Main:1#dfs:24,nlt=5
Variable Write,context=Main:1#dfs:24,nlb=1
Variable Write,context=Main:1#dfs:24,nrt=1
Variable Write,context=Main:1#dfs:24,nrb=1
Variable Write,context=Main:1#dfs:24,next=6 115111
Field Read,context=Main:1,close
Field Read,context=Main:1,close
Method Call,caller=Main:1#dfs:24,target=Main:1#dfs:27
Variable Write,context=Main:1#dfs:27,lt=5
Variable Write,context=Main:1#dfs:27,lb=1
Variable Write,context=Main:1#dfs:27,rt=1
Variable Write,context=Main:1#dfs:27,rb=1
Variable Write,context=Main:1#dfs:27,deep=6
Variable Write,context=Main:1#dfs:27,x=1
Variable Write,context=Main:1#dfs:27,y=1
Field Read,context=Main:1,n
Field Read,context=Main:1,vx
Variable Write,context=Main:1#dfs:27,i=0
Variable Write,context=Main:1#dfs:27,j=1
Field Read,context=Main:1,vx
Variable Write,context=Main:1#dfs:27,xx=1
Field Read,context=Main:1,vy
Variable Write,context=Main:1#dfs:27,yy=1
Method Call,caller=Main:1#dfs:27,target=Main:1#isOK:239
Variable Write,context=Main:1#isOK:239,xx=1
Variable Write,context=Main:1#isOK:239,yy=1
Variable Write,context=Main:1#isOK:239,result=true
Method Exit,returner=Main:1#isOK:239,value=true
Variable Write,context=Main:1#dfs:27,flg=true
Field Read,context=Main:1,dx
Variable Write,context=Main:1#dfs:27,k=0
Field Read,context=Main:1,dx
Variable Write,context=Main:1#dfs:27,xxx=1
Field Read,context=Main:1,dy
Variable Write,context=Main:1#dfs:27,yyy=1
Field Read,context=Main:1,data
Variable Write,context=Main:1#dfs:27,flg=false
Variable Delete,method=Main:1#dfs:27 <name=k,type=int (id=7),value=<?>,index=12>
Variable Delete,method=Main:1#dfs:27 <name=xxx,type=int (id=7),value=<?>,index=13>
Variable Delete,method=Main:1#dfs:27 <name=yyy,type=int (id=7),value=<?>,index=14>
Variable Write,context=Main:1#dfs:27,j=2
Variable Delete,method=Main:1#dfs:27 <name=xx,type=int (id=7),value=<?>,index=9>
Variable Delete,method=Main:1#dfs:27 <name=yy,type=int (id=7),value=<?>,index=10>
Variable Delete,method=Main:1#dfs:27 <name=flg,type=boolean (id=2),value=<?>,index=11>
Field Read,context=Main:1,vx
Variable Write,context=Main:1#dfs:27,xx=1
Field Read,context=Main:1,vy
Variable Write,context=Main:1#dfs:27,yy=1
Method Call,caller=Main:1#dfs:27,target=Main:1#isOK:240
Variable Write,context=Main:1#isOK:240,xx=1
Variable Write,context=Main:1#isOK:240,yy=1
Variable Write,context=Main:1#isOK:240,result=true
Method Exit,returner=Main:1#isOK:240,value=true
Variable Write,context=Main:1#dfs:27,flg=true
Field Read,context=Main:1,dx
Variable Write,context=Main:1#dfs:27,k=0
Field Read,context=Main:1,dx
Variable Write,context=Main:1#dfs:27,xxx=1
Field Read,context=Main:1,dy
Variable Write,context=Main:1#dfs:27,yyy=1
Field Read,context=Main:1,data
Variable Write,context=Main:1#dfs:27,flg=false
Variable Delete,method=Main:1#dfs:27 <name=k,type=int (id=7),value=<?>,index=12>
Variable Delete,method=Main:1#dfs:27 <name=xxx,type=int (id=7),value=<?>,index=13>
Variable Delete,method=Main:1#dfs:27 <name=yyy,type=int (id=7),value=<?>,index=14>
Variable Delete,method=Main:1#dfs:27 <name=xx,type=int (id=7),value=<?>,index=9>
Variable Delete,method=Main:1#dfs:27 <name=yy,type=int (id=7),value=<?>,index=10>
Variable Delete,method=Main:1#dfs:27 <name=flg,type=boolean (id=2),value=<?>,index=11>
Field Read,context=Main:1,vx
Variable Write,context=Main:1#dfs:27,i=1
Variable Delete,method=Main:1#dfs:27 <name=j,type=int (id=7),value=<?>,index=8>
Variable Write,context=Main:1#dfs:27,j=1
Field Read,context=Main:1,vx
Variable Write,context=Main:1#dfs:27,xx=1
Field Read,context=Main:1,vy
Variable Write,context=Main:1#dfs:27,yy=2
Method Call,caller=Main:1#dfs:27,target=Main:1#isOK:241
Variable Write,context=Main:1#isOK:241,xx=1
Variable Write,context=Main:1#isOK:241,yy=2
Variable Write,context=Main:1#isOK:241,result=true
Method Exit,returner=Main:1#isOK:241,value=true
Variable Write,context=Main:1#dfs:27,flg=true
Field Read,context=Main:1,dx
Variable Write,context=Main:1#dfs:27,k=0
Field Read,context=Main:1,dx
Variable Write,context=Main:1#dfs:27,xxx=1
Field Read,context=Main:1,dy
Variable Write,context=Main:1#dfs:27,yyy=2
Field Read,context=Main:1,data
Field Read,context=Main:1,dx
Variable Write,context=Main:1#dfs:27,k=1
Variable Delete,method=Main:1#dfs:27 <name=xxx,type=int (id=7),value=<?>,index=13>
Variable Delete,method=Main:1#dfs:27 <name=yyy,type=int (id=7),value=<?>,index=14>
Field Read,context=Main:1,dx
Variable Write,context=Main:1#dfs:27,xxx=1
Field Read,context=Main:1,dy
Variable Write,context=Main:1#dfs:27,yyy=3
Field Read,context=Main:1,data
Field Read,context=Main:1,dx
Variable Write,context=Main:1#dfs:27,k=2
Variable Delete,method=Main:1#dfs:27 <name=xxx,type=int (id=7),value=<?>,index=13>
Variable Delete,method=Main:1#dfs:27 <name=yyy,type=int (id=7),value=<?>,index=14>
Field Read,context=Main:1,dx
Variable Write,context=Main:1#dfs:27,xxx=2
Field Read,context=Main:1,dy
Variable Write,context=Main:1#dfs:27,yyy=2
Field Read,context=Main:1,data
Field Read,context=Main:1,dx
Variable Write,context=Main:1#dfs:27,k=3
Variable Delete,method=Main:1#dfs:27 <name=xxx,type=int (id=7),value=<?>,index=13>
Variable Delete,method=Main:1#dfs:27 <name=yyy,type=int (id=7),value=<?>,index=14>
Field Read,context=Main:1,dx
Variable Write,context=Main:1#dfs:27,xxx=2
Field Read,context=Main:1,dy
Variable Write,context=Main:1#dfs:27,yyy=3
Field Read,context=Main:1,data
Field Read,context=Main:1,dx
Variable Delete,method=Main:1#dfs:27 <name=xxx,type=int (id=7),value=<?>,index=13>
Variable Delete,method=Main:1#dfs:27 <name=yyy,type=int (id=7),value=<?>,index=14>
Variable Delete,method=Main:1#dfs:27 <name=k,type=int (id=7),value=<?>,index=12>
Variable Write,context=Main:1#dfs:27,nlt=4
Variable Write,context=Main:1#dfs:27,nlb=0
Variable Write,context=Main:1#dfs:27,nrt=0
Variable Write,context=Main:1#dfs:27,nrb=0
Variable Write,context=Main:1#dfs:27,j=2
Variable Delete,method=Main:1#dfs:27 <name=xx,type=int (id=7),value=<?>,index=9>
Variable Delete,method=Main:1#dfs:27 <name=yy,type=int (id=7),value=<?>,index=10>
Variable Delete,method=Main:1#dfs:27 <name=flg,type=boolean (id=2),value=<?>,index=11>
Variable Delete,method=Main:1#dfs:27 <name=nlt,type=int (id=7),value=<?>,index=15>
Variable Delete,method=Main:1#dfs:27 <name=nlb,type=int (id=7),value=<?>,index=16>
Variable Delete,method=Main:1#dfs:27 <name=nrt,type=int (id=7),value=<?>,index=17>
Variable Delete,method=Main:1#dfs:27 <name=nrb,type=int (id=7),value=<?>,index=18>
Field Read,context=Main:1,vx
Variable Write,context=Main:1#dfs:27,xx=1
Field Read,context=Main:1,vy
Variable Write,context=Main:1#dfs:27,yy=3
Method Call,caller=Main:1#dfs:27,target=Main:1#isOK:242
Variable Write,context=Main:1#isOK:242,xx=1
Variable Write,context=Main:1#isOK:242,yy=3
Variable Write,context=Main:1#isOK:242,result=false
Method Exit,returner=Main:1#isOK:242,value=false
Variable Delete,method=Main:1#dfs:27 <name=xx,type=int (id=7),value=<?>,index=9>
Variable Delete,method=Main:1#dfs:27 <name=yy,type=int (id=7),value=<?>,index=10>
Field Read,context=Main:1,vx
Variable Write,context=Main:1#dfs:27,i=2
Variable Delete,method=Main:1#dfs:27 <name=j,type=int (id=7),value=<?>,index=8>
Variable Write,context=Main:1#dfs:27,j=1
Field Read,context=Main:1,vx
Variable Write,context=Main:1#dfs:27,xx=2
Field Read,context=Main:1,vy
Variable Write,context=Main:1#dfs:27,yy=1
Method Call,caller=Main:1#dfs:27,target=Main:1#isOK:243
Variable Write,context=Main:1#isOK:243,xx=2
Variable Write,context=Main:1#isOK:243,yy=1
Variable Write,context=Main:1#isOK:243,result=true
Method Exit,returner=Main:1#isOK:243,value=true
Variable Write,context=Main:1#dfs:27,flg=true
Field Read,context=Main:1,dx
Variable Write,context=Main:1#dfs:27,k=0
Field Read,context=Main:1,dx
Variable Write,context=Main:1#dfs:27,xxx=2
Field Read,context=Main:1,dy
Variable Write,context=Main:1#dfs:27,yyy=1
Field Read,context=Main:1,data
Field Read,context=Main:1,dx
Variable Write,context=Main:1#dfs:27,k=1
Variable Delete,method=Main:1#dfs:27 <name=xxx,type=int (id=7),value=<?>,index=13>
Variable Delete,method=Main:1#dfs:27 <name=yyy,type=int (id=7),value=<?>,index=14>
Field Read,context=Main:1,dx
Variable Write,context=Main:1#dfs:27,xxx=2
Field Read,context=Main:1,dy
Variable Write,context=Main:1#dfs:27,yyy=2
Field Read,context=Main:1,data
Field Read,context=Main:1,dx
Variable Write,context=Main:1#dfs:27,k=2
Variable Delete,method=Main:1#dfs:27 <name=xxx,type=int (id=7),value=<?>,index=13>
Variable Delete,method=Main:1#dfs:27 <name=yyy,type=int (id=7),value=<?>,index=14>
Field Read,context=Main:1,dx
Variable Write,context=Main:1#dfs:27,xxx=3
Field Read,context=Main:1,dy
Variable Write,context=Main:1#dfs:27,yyy=1
Field Read,context=Main:1,data
Field Read,context=Main:1,dx
Variable Write,context=Main:1#dfs:27,k=3
Variable Delete,method=Main:1#dfs:27 <name=xxx,type=int (id=7),value=<?>,index=13>
Variable Delete,method=Main:1#dfs:27 <name=yyy,type=int (id=7),value=<?>,index=14>
Field Read,context=Main:1,dx
Variable Write,context=Main:1#dfs:27,xxx=3
Field Read,context=Main:1,dy
Variable Write,context=Main:1#dfs:27,yyy=2
Field Read,context=Main:1,data
Field Read,context=Main:1,dx
Variable Delete,method=Main:1#dfs:27 <name=xxx,type=int (id=7),value=<?>,index=13>
Variable Delete,method=Main:1#dfs:27 <name=yyy,type=int (id=7),value=<?>,index=14>
Variable Delete,method=Main:1#dfs:27 <name=k,type=int (id=7),value=<?>,index=12>
Variable Write,context=Main:1#dfs:27,nlt=4
Variable Write,context=Main:1#dfs:27,nlb=0
Variable Write,context=Main:1#dfs:27,nrt=0
Variable Write,context=Main:1#dfs:27,nrb=0
Variable Write,context=Main:1#dfs:27,j=2
Variable Delete,method=Main:1#dfs:27 <name=xx,type=int (id=7),value=<?>,index=9>
Variable Delete,method=Main:1#dfs:27 <name=yy,type=int (id=7),value=<?>,index=10>
Variable Delete,method=Main:1#dfs:27 <name=flg,type=boolean (id=2),value=<?>,index=11>
Variable Delete,method=Main:1#dfs:27 <name=nlt,type=int (id=7),value=<?>,index=15>
Variable Delete,method=Main:1#dfs:27 <name=nlb,type=int (id=7),value=<?>,index=16>
Variable Delete,method=Main:1#dfs:27 <name=nrt,type=int (id=7),value=<?>,index=17>
Variable Delete,method=Main:1#dfs:27 <name=nrb,type=int (id=7),value=<?>,index=18>
Field Read,context=Main:1,vx
Variable Write,context=Main:1#dfs:27,xx=3
Field Read,context=Main:1,vy
Variable Write,context=Main:1#dfs:27,yy=1
Method Call,caller=Main:1#dfs:27,target=Main:1#isOK:244
Variable Write,context=Main:1#isOK:244,xx=3
Variable Write,context=Main:1#isOK:244,yy=1
Variable Write,context=Main:1#isOK:244,result=false
Method Exit,returner=Main:1#isOK:244,value=false
Variable Delete,method=Main:1#dfs:27 <name=xx,type=int (id=7),value=<?>,index=9>
Variable Delete,method=Main:1#dfs:27 <name=yy,type=int (id=7),value=<?>,index=10>
Field Read,context=Main:1,vx
Variable Write,context=Main:1#dfs:27,i=3
Variable Delete,method=Main:1#dfs:27 <name=j,type=int (id=7),value=<?>,index=8>
Variable Write,context=Main:1#dfs:27,j=1
Field Read,context=Main:1,vx
Variable Write,context=Main:1#dfs:27,xx=1
Field Read,context=Main:1,vy
Variable Write,context=Main:1#dfs:27,yy=0
Method Call,caller=Main:1#dfs:27,target=Main:1#isOK:245
Variable Write,context=Main:1#isOK:245,xx=1
Variable Write,context=Main:1#isOK:245,yy=0
Variable Write,context=Main:1#isOK:245,result=true
Method Exit,returner=Main:1#isOK:245,value=true
Variable Write,context=Main:1#dfs:27,flg=true
Field Read,context=Main:1,dx
Variable Write,context=Main:1#dfs:27,k=0
Field Read,context=Main:1,dx
Variable Write,context=Main:1#dfs:27,xxx=1
Field Read,context=Main:1,dy
Variable Write,context=Main:1#dfs:27,yyy=0
Field Read,context=Main:1,data
Field Read,context=Main:1,dx
Variable Write,context=Main:1#dfs:27,k=1
Variable Delete,method=Main:1#dfs:27 <name=xxx,type=int (id=7),value=<?>,index=13>
Variable Delete,method=Main:1#dfs:27 <name=yyy,type=int (id=7),value=<?>,index=14>
Field Read,context=Main:1,dx
Variable Write,context=Main:1#dfs:27,xxx=1
Field Read,context=Main:1,dy
Variable Write,context=Main:1#dfs:27,yyy=1
Field Read,context=Main:1,data
Variable Write,context=Main:1#dfs:27,flg=false
Variable Delete,method=Main:1#dfs:27 <name=k,type=int (id=7),value=<?>,index=12>
Variable Delete,method=Main:1#dfs:27 <name=xxx,type=int (id=7),value=<?>,index=13>
Variable Delete,method=Main:1#dfs:27 <name=yyy,type=int (id=7),value=<?>,index=14>
Variable Write,context=Main:1#dfs:27,j=2
Variable Delete,method=Main:1#dfs:27 <name=xx,type=int (id=7),value=<?>,index=9>
Variable Delete,method=Main:1#dfs:27 <name=yy,type=int (id=7),value=<?>,index=10>
Variable Delete,method=Main:1#dfs:27 <name=flg,type=boolean (id=2),value=<?>,index=11>
Field Read,context=Main:1,vx
Variable Write,context=Main:1#dfs:27,xx=1
Field Read,context=Main:1,vy
Variable Write,context=Main:1#dfs:27,yy=-1
Method Call,caller=Main:1#dfs:27,target=Main:1#isOK:246
Variable Write,context=Main:1#isOK:246,xx=1
Variable Write,context=Main:1#isOK:246,yy=-1
Variable Write,context=Main:1#isOK:246,result=false
Method Exit,returner=Main:1#isOK:246,value=false
Variable Delete,method=Main:1#dfs:27 <name=xx,type=int (id=7),value=<?>,index=9>
Variable Delete,method=Main:1#dfs:27 <name=yy,type=int (id=7),value=<?>,index=10>
Field Read,context=Main:1,vx
Variable Write,context=Main:1#dfs:27,i=4
Variable Delete,method=Main:1#dfs:27 <name=j,type=int (id=7),value=<?>,index=8>
Variable Write,context=Main:1#dfs:27,j=1
Field Read,context=Main:1,vx
Variable Write,context=Main:1#dfs:27,xx=0
Field Read,context=Main:1,vy
Variable Write,context=Main:1#dfs:27,yy=1
Method Call,caller=Main:1#dfs:27,target=Main:1#isOK:247
Variable Write,context=Main:1#isOK:247,xx=0
Variable Write,context=Main:1#isOK:247,yy=1
Variable Write,context=Main:1#isOK:247,result=true
Method Exit,returner=Main:1#isOK:247,value=true
Variable Write,context=Main:1#dfs:27,flg=true
Field Read,context=Main:1,dx
Variable Write,context=Main:1#dfs:27,k=0
Field Read,context=Main:1,dx
Variable Write,context=Main:1#dfs:27,xxx=0
Field Read,context=Main:1,dy
Variable Write,context=Main:1#dfs:27,yyy=1
Field Read,context=Main:1,data
Field Read,context=Main:1,dx
Variable Write,context=Main:1#dfs:27,k=1
Variable Delete,method=Main:1#dfs:27 <name=xxx,type=int (id=7),value=<?>,index=13>
Variable Delete,method=Main:1#dfs:27 <name=yyy,type=int (id=7),value=<?>,index=14>
Field Read,context=Main:1,dx
Variable Write,context=Main:1#dfs:27,xxx=0
Field Read,context=Main:1,dy
Variable Write,context=Main:1#dfs:27,yyy=2
Field Read,context=Main:1,data
Variable Write,context=Main:1#dfs:27,flg=false
Variable Delete,method=Main:1#dfs:27 <name=k,type=int (id=7),value=<?>,index=12>
Variable Delete,method=Main:1#dfs:27 <name=xxx,type=int (id=7),value=<?>,index=13>
Variable Delete,method=Main:1#dfs:27 <name=yyy,type=int (id=7),value=<?>,index=14>
Variable Write,context=Main:1#dfs:27,j=2
Variable Delete,method=Main:1#dfs:27 <name=xx,type=int (id=7),value=<?>,index=9>
Variable Delete,method=Main:1#dfs:27 <name=yy,type=int (id=7),value=<?>,index=10>
Variable Delete,method=Main:1#dfs:27 <name=flg,type=boolean (id=2),value=<?>,index=11>
Field Read,context=Main:1,vx
Variable Write,context=Main:1#dfs:27,xx=-1
Field Read,context=Main:1,vy
Variable Write,context=Main:1#dfs:27,yy=1
Method Call,caller=Main:1#dfs:27,target=Main:1#isOK:248
Variable Write,context=Main:1#isOK:248,xx=-1
Variable Write,context=Main:1#isOK:248,yy=1
Variable Write,context=Main:1#isOK:248,result=false
Method Exit,returner=Main:1#isOK:248,value=false
Variable Delete,method=Main:1#dfs:27 <name=xx,type=int (id=7),value=<?>,index=9>
Variable Delete,method=Main:1#dfs:27 <name=yy,type=int (id=7),value=<?>,index=10>
Field Read,context=Main:1,vx
Variable Delete,method=Main:1#dfs:27 <name=j,type=int (id=7),value=<?>,index=8>
Method Exit,returner=Main:1#dfs:27,value=<void>
Variable Write,context=Main:1#dfs:24,j=2
Variable Delete,method=Main:1#dfs:24 <name=xx,type=int (id=7),value=<?>,index=9>
Variable Delete,method=Main:1#dfs:24 <name=yy,type=int (id=7),value=<?>,index=10>
Variable Delete,method=Main:1#dfs:24 <name=flg,type=boolean (id=2),value=<?>,index=11>
Variable Delete,method=Main:1#dfs:24 <name=nlt,type=int (id=7),value=<?>,index=15>
Variable Delete,method=Main:1#dfs:24 <name=nlb,type=int (id=7),value=<?>,index=16>
Variable Delete,method=Main:1#dfs:24 <name=nrt,type=int (id=7),value=<?>,index=17>
Variable Delete,method=Main:1#dfs:24 <name=nrb,type=int (id=7),value=<?>,index=18>
Variable Delete,method=Main:1#dfs:24 <name=next,type=java.lang.String (id=25),value=<?>,index=19>
Field Read,context=Main:1,vx
Variable Write,context=Main:1#dfs:24,xx=2
Field Read,context=Main:1,vy
Variable Write,context=Main:1#dfs:24,yy=1
Method Call,caller=Main:1#dfs:24,target=Main:1#isOK:249
Variable Write,context=Main:1#isOK:249,xx=2
Variable Write,context=Main:1#isOK:249,yy=1
Variable Write,context=Main:1#isOK:249,result=true
Method Exit,returner=Main:1#isOK:249,value=true
Variable Write,context=Main:1#dfs:24,flg=true
Field Read,context=Main:1,dx
Variable Write,context=Main:1#dfs:24,k=0
Field Read,context=Main:1,dx
Variable Write,context=Main:1#dfs:24,xxx=2
Field Read,context=Main:1,dy
Variable Write,context=Main:1#dfs:24,yyy=1
Field Read,context=Main:1,data
Field Read,context=Main:1,dx
Variable Write,context=Main:1#dfs:24,k=1
Variable Delete,method=Main:1#dfs:24 <name=xxx,type=int (id=7),value=<?>,index=13>
Variable Delete,method=Main:1#dfs:24 <name=yyy,type=int (id=7),value=<?>,index=14>
Field Read,context=Main:1,dx
Variable Write,context=Main:1#dfs:24,xxx=2
Field Read,context=Main:1,dy
Variable Write,context=Main:1#dfs:24,yyy=2
Field Read,context=Main:1,data
Field Read,context=Main:1,dx
Variable Write,context=Main:1#dfs:24,k=2
Variable Delete,method=Main:1#dfs:24 <name=xxx,type=int (id=7),value=<?>,index=13>
Variable Delete,method=Main:1#dfs:24 <name=yyy,type=int (id=7),value=<?>,index=14>
Field Read,context=Main:1,dx
Variable Write,context=Main:1#dfs:24,xxx=3
Field Read,context=Main:1,dy
Variable Write,context=Main:1#dfs:24,yyy=1
Field Read,context=Main:1,data
Field Read,context=Main:1,dx
Variable Write,context=Main:1#dfs:24,k=3
Variable Delete,method=Main:1#dfs:24 <name=xxx,type=int (id=7),value=<?>,index=13>
Variable Delete,method=Main:1#dfs:24 <name=yyy,type=int (id=7),value=<?>,index=14>
Field Read,context=Main:1,dx
Variable Write,context=Main:1#dfs:24,xxx=3
Field Read,context=Main:1,dy
Variable Write,context=Main:1#dfs:24,yyy=2
Field Read,context=Main:1,data
Field Read,context=Main:1,dx
Variable Delete,method=Main:1#dfs:24 <name=xxx,type=int (id=7),value=<?>,index=13>
Variable Delete,method=Main:1#dfs:24 <name=yyy,type=int (id=7),value=<?>,index=14>
Variable Delete,method=Main:1#dfs:24 <name=k,type=int (id=7),value=<?>,index=12>
Variable Write,context=Main:1#dfs:24,nlt=5
Variable Write,context=Main:1#dfs:24,nlb=1
Variable Write,context=Main:1#dfs:24,nrt=1
Variable Write,context=Main:1#dfs:24,nrb=1
Variable Write,context=Main:1#dfs:24,next=6 215111
Field Read,context=Main:1,close
Field Read,context=Main:1,close
Method Call,caller=Main:1#dfs:24,target=Main:1#dfs:28
Variable Write,context=Main:1#dfs:28,lt=5
Variable Write,context=Main:1#dfs:28,lb=1
Variable Write,context=Main:1#dfs:28,rt=1
Variable Write,context=Main:1#dfs:28,rb=1
Variable Write,context=Main:1#dfs:28,deep=6
Variable Write,context=Main:1#dfs:28,x=2
Variable Write,context=Main:1#dfs:28,y=1
Field Read,context=Main:1,n
Field Read,context=Main:1,vx
Variable Write,context=Main:1#dfs:28,i=0
Variable Write,context=Main:1#dfs:28,j=1
Field Read,context=Main:1,vx
Variable Write,context=Main:1#dfs:28,xx=2
Field Read,context=Main:1,vy
Variable Write,context=Main:1#dfs:28,yy=1
Method Call,caller=Main:1#dfs:28,target=Main:1#isOK:250
Variable Write,context=Main:1#isOK:250,xx=2
Variable Write,context=Main:1#isOK:250,yy=1
Variable Write,context=Main:1#isOK:250,result=true
Method Exit,returner=Main:1#isOK:250,value=true
Variable Write,context=Main:1#dfs:28,flg=true
Field Read,context=Main:1,dx
Variable Write,context=Main:1#dfs:28,k=0
Field Read,context=Main:1,dx
Variable Write,context=Main:1#dfs:28,xxx=2
Field Read,context=Main:1,dy
Variable Write,context=Main:1#dfs:28,yyy=1
Field Read,context=Main:1,data
Field Read,context=Main:1,dx
Variable Write,context=Main:1#dfs:28,k=1
Variable Delete,method=Main:1#dfs:28 <name=xxx,type=int (id=7),value=<?>,index=13>
Variable Delete,method=Main:1#dfs:28 <name=yyy,type=int (id=7),value=<?>,index=14>
Field Read,context=Main:1,dx
Variable Write,context=Main:1#dfs:28,xxx=2
Field Read,context=Main:1,dy
Variable Write,context=Main:1#dfs:28,yyy=2
Field Read,context=Main:1,data
Field Read,context=Main:1,dx
Variable Write,context=Main:1#dfs:28,k=2
Variable Delete,method=Main:1#dfs:28 <name=xxx,type=int (id=7),value=<?>,index=13>
Variable Delete,method=Main:1#dfs:28 <name=yyy,type=int (id=7),value=<?>,index=14>
Field Read,context=Main:1,dx
Variable Write,context=Main:1#dfs:28,xxx=3
Field Read,context=Main:1,dy
Variable Write,context=Main:1#dfs:28,yyy=1
Field Read,context=Main:1,data
Field Read,context=Main:1,dx
Variable Write,context=Main:1#dfs:28,k=3
Variable Delete,method=Main:1#dfs:28 <name=xxx,type=int (id=7),value=<?>,index=13>
Variable Delete,method=Main:1#dfs:28 <name=yyy,type=int (id=7),value=<?>,index=14>
Field Read,context=Main:1,dx
Variable Write,context=Main:1#dfs:28,xxx=3
Field Read,context=Main:1,dy
Variable Write,context=Main:1#dfs:28,yyy=2
Field Read,context=Main:1,data
Field Read,context=Main:1,dx
Variable Delete,method=Main:1#dfs:28 <name=xxx,type=int (id=7),value=<?>,index=13>
Variable Delete,method=Main:1#dfs:28 <name=yyy,type=int (id=7),value=<?>,index=14>
Variable Delete,method=Main:1#dfs:28 <name=k,type=int (id=7),value=<?>,index=12>
Variable Write,context=Main:1#dfs:28,nlt=4
Variable Write,context=Main:1#dfs:28,nlb=0
Variable Write,context=Main:1#dfs:28,nrt=0
Variable Write,context=Main:1#dfs:28,nrb=0
Variable Write,context=Main:1#dfs:28,j=2
Variable Delete,method=Main:1#dfs:28 <name=xx,type=int (id=7),value=<?>,index=9>
Variable Delete,method=Main:1#dfs:28 <name=yy,type=int (id=7),value=<?>,index=10>
Variable Delete,method=Main:1#dfs:28 <name=flg,type=boolean (id=2),value=<?>,index=11>
Variable Delete,method=Main:1#dfs:28 <name=nlt,type=int (id=7),value=<?>,index=15>
Variable Delete,method=Main:1#dfs:28 <name=nlb,type=int (id=7),value=<?>,index=16>
Variable Delete,method=Main:1#dfs:28 <name=nrt,type=int (id=7),value=<?>,index=17>
Variable Delete,method=Main:1#dfs:28 <name=nrb,type=int (id=7),value=<?>,index=18>
Field Read,context=Main:1,vx
Variable Write,context=Main:1#dfs:28,xx=2
Field Read,context=Main:1,vy
Variable Write,context=Main:1#dfs:28,yy=1
Method Call,caller=Main:1#dfs:28,target=Main:1#isOK:251
Variable Write,context=Main:1#isOK:251,xx=2
Variable Write,context=Main:1#isOK:251,yy=1
Variable Write,context=Main:1#isOK:251,result=true
Method Exit,returner=Main:1#isOK:251,value=true
Variable Write,context=Main:1#dfs:28,flg=true
Field Read,context=Main:1,dx
Variable Write,context=Main:1#dfs:28,k=0
Field Read,context=Main:1,dx
Variable Write,context=Main:1#dfs:28,xxx=2
Field Read,context=Main:1,dy
Variable Write,context=Main:1#dfs:28,yyy=1
Field Read,context=Main:1,data
Field Read,context=Main:1,dx
Variable Write,context=Main:1#dfs:28,k=1
Variable Delete,method=Main:1#dfs:28 <name=xxx,type=int (id=7),value=<?>,index=13>
Variable Delete,method=Main:1#dfs:28 <name=yyy,type=int (id=7),value=<?>,index=14>
Field Read,context=Main:1,dx
Variable Write,context=Main:1#dfs:28,xxx=2
Field Read,context=Main:1,dy
Variable Write,context=Main:1#dfs:28,yyy=2
Field Read,context=Main:1,data
Field Read,context=Main:1,dx
Variable Write,context=Main:1#dfs:28,k=2
Variable Delete,method=Main:1#dfs:28 <name=xxx,type=int (id=7),value=<?>,index=13>
Variable Delete,method=Main:1#dfs:28 <name=yyy,type=int (id=7),value=<?>,index=14>
Field Read,context=Main:1,dx
Variable Write,context=Main:1#dfs:28,xxx=3
Field Read,context=Main:1,dy
Variable Write,context=Main:1#dfs:28,yyy=1
Field Read,context=Main:1,data
Field Read,context=Main:1,dx
Variable Write,context=Main:1#dfs:28,k=3
Variable Delete,method=Main:1#dfs:28 <name=xxx,type=int (id=7),value=<?>,index=13>
Variable Delete,method=Main:1#dfs:28 <name=yyy,type=int (id=7),value=<?>,index=14>
Field Read,context=Main:1,dx
Variable Write,context=Main:1#dfs:28,xxx=3
Field Read,context=Main:1,dy
Variable Write,context=Main:1#dfs:28,yyy=2
Field Read,context=Main:1,data
Field Read,context=Main:1,dx
Variable Delete,method=Main:1#dfs:28 <name=xxx,type=int (id=7),value=<?>,index=13>
Variable Delete,method=Main:1#dfs:28 <name=yyy,type=int (id=7),value=<?>,index=14>
Variable Delete,method=Main:1#dfs:28 <name=k,type=int (id=7),value=<?>,index=12>
Variable Write,context=Main:1#dfs:28,nlt=4
Variable Write,context=Main:1#dfs:28,nlb=0
Variable Write,context=Main:1#dfs:28,nrt=0
Variable Write,context=Main:1#dfs:28,nrb=0
Variable Delete,method=Main:1#dfs:28 <name=xx,type=int (id=7),value=<?>,index=9>
Variable Delete,method=Main:1#dfs:28 <name=yy,type=int (id=7),value=<?>,index=10>
Variable Delete,method=Main:1#dfs:28 <name=flg,type=boolean (id=2),value=<?>,index=11>
Variable Delete,method=Main:1#dfs:28 <name=nlt,type=int (id=7),value=<?>,index=15>
Variable Delete,method=Main:1#dfs:28 <name=nlb,type=int (id=7),value=<?>,index=16>
Variable Delete,method=Main:1#dfs:28 <name=nrt,type=int (id=7),value=<?>,index=17>
Variable Delete,method=Main:1#dfs:28 <name=nrb,type=int (id=7),value=<?>,index=18>
Field Read,context=Main:1,vx
Variable Write,context=Main:1#dfs:28,i=1
Variable Delete,method=Main:1#dfs:28 <name=j,type=int (id=7),value=<?>,index=8>
Variable Write,context=Main:1#dfs:28,j=1
Field Read,context=Main:1,vx
Variable Write,context=Main:1#dfs:28,xx=2
Field Read,context=Main:1,vy
Variable Write,context=Main:1#dfs:28,yy=2
Method Call,caller=Main:1#dfs:28,target=Main:1#isOK:252
Variable Write,context=Main:1#isOK:252,xx=2
Variable Write,context=Main:1#isOK:252,yy=2
Variable Write,context=Main:1#isOK:252,result=true
Method Exit,returner=Main:1#isOK:252,value=true
Variable Write,context=Main:1#dfs:28,flg=true
Field Read,context=Main:1,dx
Variable Write,context=Main:1#dfs:28,k=0
Field Read,context=Main:1,dx
Variable Write,context=Main:1#dfs:28,xxx=2
Field Read,context=Main:1,dy
Variable Write,context=Main:1#dfs:28,yyy=2
Field Read,context=Main:1,data
Field Read,context=Main:1,dx
Variable Write,context=Main:1#dfs:28,k=1
Variable Delete,method=Main:1#dfs:28 <name=xxx,type=int (id=7),value=<?>,index=13>
Variable Delete,method=Main:1#dfs:28 <name=yyy,type=int (id=7),value=<?>,index=14>
Field Read,context=Main:1,dx
Variable Write,context=Main:1#dfs:28,xxx=2
Field Read,context=Main:1,dy
Variable Write,context=Main:1#dfs:28,yyy=3
Field Read,context=Main:1,data
Field Read,context=Main:1,dx
Variable Write,context=Main:1#dfs:28,k=2
Variable Delete,method=Main:1#dfs:28 <name=xxx,type=int (id=7),value=<?>,index=13>
Variable Delete,method=Main:1#dfs:28 <name=yyy,type=int (id=7),value=<?>,index=14>
Field Read,context=Main:1,dx
Variable Write,context=Main:1#dfs:28,xxx=3
Field Read,context=Main:1,dy
Variable Write,context=Main:1#dfs:28,yyy=2
Field Read,context=Main:1,data
Field Read,context=Main:1,dx
Variable Write,context=Main:1#dfs:28,k=3
Variable Delete,method=Main:1#dfs:28 <name=xxx,type=int (id=7),value=<?>,index=13>
Variable Delete,method=Main:1#dfs:28 <name=yyy,type=int (id=7),value=<?>,index=14>
Field Read,context=Main:1,dx
Variable Write,context=Main:1#dfs:28,xxx=3
Field Read,context=Main:1,dy
Variable Write,context=Main:1#dfs:28,yyy=3
Field Read,context=Main:1,data
Field Read,context=Main:1,dx
Variable Delete,method=Main:1#dfs:28 <name=xxx,type=int (id=7),value=<?>,index=13>
Variable Delete,method=Main:1#dfs:28 <name=yyy,type=int (id=7),value=<?>,index=14>
Variable Delete,method=Main:1#dfs:28 <name=k,type=int (id=7),value=<?>,index=12>
Variable Write,context=Main:1#dfs:28,nlt=4
Variable Write,context=Main:1#dfs:28,nlb=0
Variable Write,context=Main:1#dfs:28,nrt=0
Variable Write,context=Main:1#dfs:28,nrb=0
Variable Write,context=Main:1#dfs:28,nrb=7
Variable Write,context=Main:1#dfs:28,j=2
Variable Delete,method=Main:1#dfs:28 <name=xx,type=int (id=7),value=<?>,index=9>
Variable Delete,method=Main:1#dfs:28 <name=yy,type=int (id=7),value=<?>,index=10>
Variable Delete,method=Main:1#dfs:28 <name=flg,type=boolean (id=2),value=<?>,index=11>
Variable Delete,method=Main:1#dfs:28 <name=nlt,type=int (id=7),value=<?>,index=15>
Variable Delete,method=Main:1#dfs:28 <name=nlb,type=int (id=7),value=<?>,index=16>
Variable Delete,method=Main:1#dfs:28 <name=nrt,type=int (id=7),value=<?>,index=17>
Variable Delete,method=Main:1#dfs:28 <name=nrb,type=int (id=7),value=<?>,index=18>
Field Read,context=Main:1,vx
Variable Write,context=Main:1#dfs:28,xx=2
Field Read,context=Main:1,vy
Variable Write,context=Main:1#dfs:28,yy=3
Method Call,caller=Main:1#dfs:28,target=Main:1#isOK:253
Variable Write,context=Main:1#isOK:253,xx=2
Variable Write,context=Main:1#isOK:253,yy=3
Variable Write,context=Main:1#isOK:253,result=false
Method Exit,returner=Main:1#isOK:253,value=false
Variable Delete,method=Main:1#dfs:28 <name=xx,type=int (id=7),value=<?>,index=9>
Variable Delete,method=Main:1#dfs:28 <name=yy,type=int (id=7),value=<?>,index=10>
Field Read,context=Main:1,vx
Variable Write,context=Main:1#dfs:28,i=2
Variable Delete,method=Main:1#dfs:28 <name=j,type=int (id=7),value=<?>,index=8>
Variable Write,context=Main:1#dfs:28,j=1
Field Read,context=Main:1,vx
Variable Write,context=Main:1#dfs:28,xx=3
Field Read,context=Main:1,vy
Variable Write,context=Main:1#dfs:28,yy=1
Method Call,caller=Main:1#dfs:28,target=Main:1#isOK:254
Variable Write,context=Main:1#isOK:254,xx=3
Variable Write,context=Main:1#isOK:254,yy=1
Variable Write,context=Main:1#isOK:254,result=false
Method Exit,returner=Main:1#isOK:254,value=false
Variable Write,context=Main:1#dfs:28,j=2
Variable Delete,method=Main:1#dfs:28 <name=xx,type=int (id=7),value=<?>,index=9>
Variable Delete,method=Main:1#dfs:28 <name=yy,type=int (id=7),value=<?>,index=10>
Field Read,context=Main:1,vx
Variable Write,context=Main:1#dfs:28,xx=4
Field Read,context=Main:1,vy
Variable Write,context=Main:1#dfs:28,yy=1
Method Call,caller=Main:1#dfs:28,target=Main:1#isOK:255
Variable Write,context=Main:1#isOK:255,xx=4
Variable Write,context=Main:1#isOK:255,yy=1
Variable Write,context=Main:1#isOK:255,result=false
Method Exit,returner=Main:1#isOK:255,value=false
Variable Delete,method=Main:1#dfs:28 <name=xx,type=int (id=7),value=<?>,index=9>
Variable Delete,method=Main:1#dfs:28 <name=yy,type=int (id=7),value=<?>,index=10>
Field Read,context=Main:1,vx
Variable Write,context=Main:1#dfs:28,i=3
Variable Delete,method=Main:1#dfs:28 <name=j,type=int (id=7),value=<?>,index=8>
Variable Write,context=Main:1#dfs:28,j=1
Field Read,context=Main:1,vx
Variable Write,context=Main:1#dfs:28,xx=2
Field Read,context=Main:1,vy
Variable Write,context=Main:1#dfs:28,yy=0
Method Call,caller=Main:1#dfs:28,target=Main:1#isOK:256
Variable Write,context=Main:1#isOK:256,xx=2
Variable Write,context=Main:1#isOK:256,yy=0
Variable Write,context=Main:1#isOK:256,result=true
Method Exit,returner=Main:1#isOK:256,value=true
Variable Write,context=Main:1#dfs:28,flg=true
Field Read,context=Main:1,dx
Variable Write,context=Main:1#dfs:28,k=0
Field Read,context=Main:1,dx
Variable Write,context=Main:1#dfs:28,xxx=2
Field Read,context=Main:1,dy
Variable Write,context=Main:1#dfs:28,yyy=0
Field Read,context=Main:1,data
Field Read,context=Main:1,dx
Variable Write,context=Main:1#dfs:28,k=1
Variable Delete,method=Main:1#dfs:28 <name=xxx,type=int (id=7),value=<?>,index=13>
Variable Delete,method=Main:1#dfs:28 <name=yyy,type=int (id=7),value=<?>,index=14>
Field Read,context=Main:1,dx
Variable Write,context=Main:1#dfs:28,xxx=2
Field Read,context=Main:1,dy
Variable Write,context=Main:1#dfs:28,yyy=1
Field Read,context=Main:1,data
Field Read,context=Main:1,dx
Variable Write,context=Main:1#dfs:28,k=2
Variable Delete,method=Main:1#dfs:28 <name=xxx,type=int (id=7),value=<?>,index=13>
Variable Delete,method=Main:1#dfs:28 <name=yyy,type=int (id=7),value=<?>,index=14>
Field Read,context=Main:1,dx
Variable Write,context=Main:1#dfs:28,xxx=3
Field Read,context=Main:1,dy
Variable Write,context=Main:1#dfs:28,yyy=0
Field Read,context=Main:1,data
Field Read,context=Main:1,dx
Variable Write,context=Main:1#dfs:28,k=3
Variable Delete,method=Main:1#dfs:28 <name=xxx,type=int (id=7),value=<?>,index=13>
Variable Delete,method=Main:1#dfs:28 <name=yyy,type=int (id=7),value=<?>,index=14>
Field Read,context=Main:1,dx
Variable Write,context=Main:1#dfs:28,xxx=3
Field Read,context=Main:1,dy
Variable Write,context=Main:1#dfs:28,yyy=1
Field Read,context=Main:1,data
Field Read,context=Main:1,dx
Variable Delete,method=Main:1#dfs:28 <name=xxx,type=int (id=7),value=<?>,index=13>
Variable Delete,method=Main:1#dfs:28 <name=yyy,type=int (id=7),value=<?>,index=14>
Variable Delete,method=Main:1#dfs:28 <name=k,type=int (id=7),value=<?>,index=12>
Variable Write,context=Main:1#dfs:28,nlt=4
Variable Write,context=Main:1#dfs:28,nlb=0
Variable Write,context=Main:1#dfs:28,nrt=0
Variable Write,context=Main:1#dfs:28,nrb=0
Variable Write,context=Main:1#dfs:28,nrt=7
Variable Write,context=Main:1#dfs:28,j=2
Variable Delete,method=Main:1#dfs:28 <name=xx,type=int (id=7),value=<?>,index=9>
Variable Delete,method=Main:1#dfs:28 <name=yy,type=int (id=7),value=<?>,index=10>
Variable Delete,method=Main:1#dfs:28 <name=flg,type=boolean (id=2),value=<?>,index=11>
Variable Delete,method=Main:1#dfs:28 <name=nlt,type=int (id=7),value=<?>,index=15>
Variable Delete,method=Main:1#dfs:28 <name=nlb,type=int (id=7),value=<?>,index=16>
Variable Delete,method=Main:1#dfs:28 <name=nrt,type=int (id=7),value=<?>,index=17>
Variable Delete,method=Main:1#dfs:28 <name=nrb,type=int (id=7),value=<?>,index=18>
Field Read,context=Main:1,vx
Variable Write,context=Main:1#dfs:28,xx=2
Field Read,context=Main:1,vy
Variable Write,context=Main:1#dfs:28,yy=-1
Method Call,caller=Main:1#dfs:28,target=Main:1#isOK:257
Variable Write,context=Main:1#isOK:257,xx=2
Variable Write,context=Main:1#isOK:257,yy=-1
Variable Write,context=Main:1#isOK:257,result=false
Method Exit,returner=Main:1#isOK:257,value=false
Variable Delete,method=Main:1#dfs:28 <name=xx,type=int (id=7),value=<?>,index=9>
Variable Delete,method=Main:1#dfs:28 <name=yy,type=int (id=7),value=<?>,index=10>
Field Read,context=Main:1,vx
Variable Write,context=Main:1#dfs:28,i=4
Variable Delete,method=Main:1#dfs:28 <name=j,type=int (id=7),value=<?>,index=8>
Variable Write,context=Main:1#dfs:28,j=1
Field Read,context=Main:1,vx
Variable Write,context=Main:1#dfs:28,xx=1
Field Read,context=Main:1,vy
Variable Write,context=Main:1#dfs:28,yy=1
Method Call,caller=Main:1#dfs:28,target=Main:1#isOK:258
Variable Write,context=Main:1#isOK:258,xx=1
Variable Write,context=Main:1#isOK:258,yy=1
Variable Write,context=Main:1#isOK:258,result=true
Method Exit,returner=Main:1#isOK:258,value=true
Variable Write,context=Main:1#dfs:28,flg=true
Field Read,context=Main:1,dx
Variable Write,context=Main:1#dfs:28,k=0
Field Read,context=Main:1,dx
Variable Write,context=Main:1#dfs:28,xxx=1
Field Read,context=Main:1,dy
Variable Write,context=Main:1#dfs:28,yyy=1
Field Read,context=Main:1,data
Variable Write,context=Main:1#dfs:28,flg=false
Variable Delete,method=Main:1#dfs:28 <name=k,type=int (id=7),value=<?>,index=12>
Variable Delete,method=Main:1#dfs:28 <name=xxx,type=int (id=7),value=<?>,index=13>
Variable Delete,method=Main:1#dfs:28 <name=yyy,type=int (id=7),value=<?>,index=14>
Variable Write,context=Main:1#dfs:28,j=2
Variable Delete,method=Main:1#dfs:28 <name=xx,type=int (id=7),value=<?>,index=9>
Variable Delete,method=Main:1#dfs:28 <name=yy,type=int (id=7),value=<?>,index=10>
Variable Delete,method=Main:1#dfs:28 <name=flg,type=boolean (id=2),value=<?>,index=11>
Field Read,context=Main:1,vx
Variable Write,context=Main:1#dfs:28,xx=0
Field Read,context=Main:1,vy
Variable Write,context=Main:1#dfs:28,yy=1
Method Call,caller=Main:1#dfs:28,target=Main:1#isOK:259
Variable Write,context=Main:1#isOK:259,xx=0
Variable Write,context=Main:1#isOK:259,yy=1
Variable Write,context=Main:1#isOK:259,result=true
Method Exit,returner=Main:1#isOK:259,value=true
Variable Write,context=Main:1#dfs:28,flg=true
Field Read,context=Main:1,dx
Variable Write,context=Main:1#dfs:28,k=0
Field Read,context=Main:1,dx
Variable Write,context=Main:1#dfs:28,xxx=0
Field Read,context=Main:1,dy
Variable Write,context=Main:1#dfs:28,yyy=1
Field Read,context=Main:1,data
Field Read,context=Main:1,dx
Variable Write,context=Main:1#dfs:28,k=1
Variable Delete,method=Main:1#dfs:28 <name=xxx,type=int (id=7),value=<?>,index=13>
Variable Delete,method=Main:1#dfs:28 <name=yyy,type=int (id=7),value=<?>,index=14>
Field Read,context=Main:1,dx
Variable Write,context=Main:1#dfs:28,xxx=0
Field Read,context=Main:1,dy
Variable Write,context=Main:1#dfs:28,yyy=2
Field Read,context=Main:1,data
Variable Write,context=Main:1#dfs:28,flg=false
Variable Delete,method=Main:1#dfs:28 <name=k,type=int (id=7),value=<?>,index=12>
Variable Delete,method=Main:1#dfs:28 <name=xxx,type=int (id=7),value=<?>,index=13>
Variable Delete,method=Main:1#dfs:28 <name=yyy,type=int (id=7),value=<?>,index=14>
Variable Delete,method=Main:1#dfs:28 <name=xx,type=int (id=7),value=<?>,index=9>
Variable Delete,method=Main:1#dfs:28 <name=yy,type=int (id=7),value=<?>,index=10>
Variable Delete,method=Main:1#dfs:28 <name=flg,type=boolean (id=2),value=<?>,index=11>
Field Read,context=Main:1,vx
Variable Delete,method=Main:1#dfs:28 <name=j,type=int (id=7),value=<?>,index=8>
Method Exit,returner=Main:1#dfs:28,value=<void>
Variable Delete,method=Main:1#dfs:24 <name=xx,type=int (id=7),value=<?>,index=9>
Variable Delete,method=Main:1#dfs:24 <name=yy,type=int (id=7),value=<?>,index=10>
Variable Delete,method=Main:1#dfs:24 <name=flg,type=boolean (id=2),value=<?>,index=11>
Variable Delete,method=Main:1#dfs:24 <name=nlt,type=int (id=7),value=<?>,index=15>
Variable Delete,method=Main:1#dfs:24 <name=nlb,type=int (id=7),value=<?>,index=16>
Variable Delete,method=Main:1#dfs:24 <name=nrt,type=int (id=7),value=<?>,index=17>
Variable Delete,method=Main:1#dfs:24 <name=nrb,type=int (id=7),value=<?>,index=18>
Variable Delete,method=Main:1#dfs:24 <name=next,type=java.lang.String (id=25),value=<?>,index=19>
Field Read,context=Main:1,vx
Variable Write,context=Main:1#dfs:24,i=3
Variable Delete,method=Main:1#dfs:24 <name=j,type=int (id=7),value=<?>,index=8>
Variable Write,context=Main:1#dfs:24,j=1
Field Read,context=Main:1,vx
Variable Write,context=Main:1#dfs:24,xx=0
Field Read,context=Main:1,vy
Variable Write,context=Main:1#dfs:24,yy=0
Method Call,caller=Main:1#dfs:24,target=Main:1#isOK:260
Variable Write,context=Main:1#isOK:260,xx=0
Variable Write,context=Main:1#isOK:260,yy=0
Variable Write,context=Main:1#isOK:260,result=true
Method Exit,returner=Main:1#isOK:260,value=true
Variable Write,context=Main:1#dfs:24,flg=true
Field Read,context=Main:1,dx
Variable Write,context=Main:1#dfs:24,k=0
Field Read,context=Main:1,dx
Variable Write,context=Main:1#dfs:24,xxx=0
Field Read,context=Main:1,dy
Variable Write,context=Main:1#dfs:24,yyy=0
Field Read,context=Main:1,data
Variable Write,context=Main:1#dfs:24,flg=false
Variable Delete,method=Main:1#dfs:24 <name=k,type=int (id=7),value=<?>,index=12>
Variable Delete,method=Main:1#dfs:24 <name=xxx,type=int (id=7),value=<?>,index=13>
Variable Delete,method=Main:1#dfs:24 <name=yyy,type=int (id=7),value=<?>,index=14>
Variable Write,context=Main:1#dfs:24,j=2
Variable Delete,method=Main:1#dfs:24 <name=xx,type=int (id=7),value=<?>,index=9>
Variable Delete,method=Main:1#dfs:24 <name=yy,type=int (id=7),value=<?>,index=10>
Variable Delete,method=Main:1#dfs:24 <name=flg,type=boolean (id=2),value=<?>,index=11>
Field Read,context=Main:1,vx
Variable Write,context=Main:1#dfs:24,xx=0
Field Read,context=Main:1,vy
Variable Write,context=Main:1#dfs:24,yy=-1
Method Call,caller=Main:1#dfs:24,target=Main:1#isOK:261
Variable Write,context=Main:1#isOK:261,xx=0
Variable Write,context=Main:1#isOK:261,yy=-1
Variable Write,context=Main:1#isOK:261,result=false
Method Exit,returner=Main:1#isOK:261,value=false
Variable Delete,method=Main:1#dfs:24 <name=xx,type=int (id=7),value=<?>,index=9>
Variable Delete,method=Main:1#dfs:24 <name=yy,type=int (id=7),value=<?>,index=10>
Field Read,context=Main:1,vx
Variable Write,context=Main:1#dfs:24,i=4
Variable Delete,method=Main:1#dfs:24 <name=j,type=int (id=7),value=<?>,index=8>
Variable Write,context=Main:1#dfs:24,j=1
Field Read,context=Main:1,vx
Variable Write,context=Main:1#dfs:24,xx=-1
Field Read,context=Main:1,vy
Variable Write,context=Main:1#dfs:24,yy=1
Method Call,caller=Main:1#dfs:24,target=Main:1#isOK:262
Variable Write,context=Main:1#isOK:262,xx=-1
Variable Write,context=Main:1#isOK:262,yy=1
Variable Write,context=Main:1#isOK:262,result=false
Method Exit,returner=Main:1#isOK:262,value=false
Variable Write,context=Main:1#dfs:24,j=2
Variable Delete,method=Main:1#dfs:24 <name=xx,type=int (id=7),value=<?>,index=9>
Variable Delete,method=Main:1#dfs:24 <name=yy,type=int (id=7),value=<?>,index=10>
Field Read,context=Main:1,vx
Variable Write,context=Main:1#dfs:24,xx=-2
Field Read,context=Main:1,vy
Variable Write,context=Main:1#dfs:24,yy=1
Method Call,caller=Main:1#dfs:24,target=Main:1#isOK:263
Variable Write,context=Main:1#isOK:263,xx=-2
Variable Write,context=Main:1#isOK:263,yy=1
Variable Write,context=Main:1#isOK:263,result=false
Method Exit,returner=Main:1#isOK:263,value=false
Variable Delete,method=Main:1#dfs:24 <name=xx,type=int (id=7),value=<?>,index=9>
Variable Delete,method=Main:1#dfs:24 <name=yy,type=int (id=7),value=<?>,index=10>
Field Read,context=Main:1,vx
Variable Delete,method=Main:1#dfs:24 <name=j,type=int (id=7),value=<?>,index=8>
Method Exit,returner=Main:1#dfs:24,value=<void>
Variable Write,context=Main:1#dfs:23,j=2
Variable Delete,method=Main:1#dfs:23 <name=xx,type=int (id=7),value=<?>,index=9>
Variable Delete,method=Main:1#dfs:23 <name=yy,type=int (id=7),value=<?>,index=10>
Variable Delete,method=Main:1#dfs:23 <name=flg,type=boolean (id=2),value=<?>,index=11>
Variable Delete,method=Main:1#dfs:23 <name=nlt,type=int (id=7),value=<?>,index=15>
Variable Delete,method=Main:1#dfs:23 <name=nlb,type=int (id=7),value=<?>,index=16>
Variable Delete,method=Main:1#dfs:23 <name=nrt,type=int (id=7),value=<?>,index=17>
Variable Delete,method=Main:1#dfs:23 <name=nrb,type=int (id=7),value=<?>,index=18>
Variable Delete,method=Main:1#dfs:23 <name=next,type=java.lang.String (id=25),value=<?>,index=19>
Field Read,context=Main:1,vx
Variable Write,context=Main:1#dfs:23,xx=0
Field Read,context=Main:1,vy
Variable Write,context=Main:1#dfs:23,yy=2
Method Call,caller=Main:1#dfs:23,target=Main:1#isOK:264
Variable Write,context=Main:1#isOK:264,xx=0
Variable Write,context=Main:1#isOK:264,yy=2
Variable Write,context=Main:1#isOK:264,result=true
Method Exit,returner=Main:1#isOK:264,value=true
Variable Write,context=Main:1#dfs:23,flg=true
Field Read,context=Main:1,dx
Variable Write,context=Main:1#dfs:23,k=0
Field Read,context=Main:1,dx
Variable Write,context=Main:1#dfs:23,xxx=0
Field Read,context=Main:1,dy
Variable Write,context=Main:1#dfs:23,yyy=2
Field Read,context=Main:1,data
Field Read,context=Main:1,dx
Variable Write,context=Main:1#dfs:23,k=1
Variable Delete,method=Main:1#dfs:23 <name=xxx,type=int (id=7),value=<?>,index=13>
Variable Delete,method=Main:1#dfs:23 <name=yyy,type=int (id=7),value=<?>,index=14>
Field Read,context=Main:1,dx
Variable Write,context=Main:1#dfs:23,xxx=0
Field Read,context=Main:1,dy
Variable Write,context=Main:1#dfs:23,yyy=3
Field Read,context=Main:1,data
Field Read,context=Main:1,dx
Variable Write,context=Main:1#dfs:23,k=2
Variable Delete,method=Main:1#dfs:23 <name=xxx,type=int (id=7),value=<?>,index=13>
Variable Delete,method=Main:1#dfs:23 <name=yyy,type=int (id=7),value=<?>,index=14>
Field Read,context=Main:1,dx
Variable Write,context=Main:1#dfs:23,xxx=1
Field Read,context=Main:1,dy
Variable Write,context=Main:1#dfs:23,yyy=2
Field Read,context=Main:1,data
Field Read,context=Main:1,dx
Variable Write,context=Main:1#dfs:23,k=3
Variable Delete,method=Main:1#dfs:23 <name=xxx,type=int (id=7),value=<?>,index=13>
Variable Delete,method=Main:1#dfs:23 <name=yyy,type=int (id=7),value=<?>,index=14>
Field Read,context=Main:1,dx
Variable Write,context=Main:1#dfs:23,xxx=1
Field Read,context=Main:1,dy
Variable Write,context=Main:1#dfs:23,yyy=3
Field Read,context=Main:1,data
Field Read,context=Main:1,dx
Variable Delete,method=Main:1#dfs:23 <name=xxx,type=int (id=7),value=<?>,index=13>
Variable Delete,method=Main:1#dfs:23 <name=yyy,type=int (id=7),value=<?>,index=14>
Variable Delete,method=Main:1#dfs:23 <name=k,type=int (id=7),value=<?>,index=12>
Variable Write,context=Main:1#dfs:23,nlt=6
Variable Write,context=Main:1#dfs:23,nlb=2
Variable Write,context=Main:1#dfs:23,nrt=2
Variable Write,context=Main:1#dfs:23,nrb=2
Variable Write,context=Main:1#dfs:23,nlb=7
Variable Write,context=Main:1#dfs:23,next=5 026722
Field Read,context=Main:1,close
Field Read,context=Main:1,close
Method Call,caller=Main:1#dfs:23,target=Main:1#dfs:29
Variable Write,context=Main:1#dfs:29,lt=6
Variable Write,context=Main:1#dfs:29,lb=7
Variable Write,context=Main:1#dfs:29,rt=2
Variable Write,context=Main:1#dfs:29,rb=2
Variable Write,context=Main:1#dfs:29,deep=5
Variable Write,context=Main:1#dfs:29,x=0
Variable Write,context=Main:1#dfs:29,y=2
Field Read,context=Main:1,n
Field Read,context=Main:1,vx
Variable Write,context=Main:1#dfs:29,i=0
Variable Write,context=Main:1#dfs:29,j=1
Field Read,context=Main:1,vx
Variable Write,context=Main:1#dfs:29,xx=0
Field Read,context=Main:1,vy
Variable Write,context=Main:1#dfs:29,yy=2
Method Call,caller=Main:1#dfs:29,target=Main:1#isOK:265
Variable Write,context=Main:1#isOK:265,xx=0
Variable Write,context=Main:1#isOK:265,yy=2
Variable Write,context=Main:1#isOK:265,result=true
Method Exit,returner=Main:1#isOK:265,value=true
Variable Write,context=Main:1#dfs:29,flg=true
Field Read,context=Main:1,dx
Variable Write,context=Main:1#dfs:29,k=0
Field Read,context=Main:1,dx
Variable Write,context=Main:1#dfs:29,xxx=0
Field Read,context=Main:1,dy
Variable Write,context=Main:1#dfs:29,yyy=2
Field Read,context=Main:1,data
Field Read,context=Main:1,dx
Variable Write,context=Main:1#dfs:29,k=1
Variable Delete,method=Main:1#dfs:29 <name=xxx,type=int (id=7),value=<?>,index=13>
Variable Delete,method=Main:1#dfs:29 <name=yyy,type=int (id=7),value=<?>,index=14>
Field Read,context=Main:1,dx
Variable Write,context=Main:1#dfs:29,xxx=0
Field Read,context=Main:1,dy
Variable Write,context=Main:1#dfs:29,yyy=3
Field Read,context=Main:1,data
Field Read,context=Main:1,dx
Variable Write,context=Main:1#dfs:29,k=2
Variable Delete,method=Main:1#dfs:29 <name=xxx,type=int (id=7),value=<?>,index=13>
Variable Delete,method=Main:1#dfs:29 <name=yyy,type=int (id=7),value=<?>,index=14>
Field Read,context=Main:1,dx
Variable Write,context=Main:1#dfs:29,xxx=1
Field Read,context=Main:1,dy
Variable Write,context=Main:1#dfs:29,yyy=2
Field Read,context=Main:1,data
Field Read,context=Main:1,dx
Variable Write,context=Main:1#dfs:29,k=3
Variable Delete,method=Main:1#dfs:29 <name=xxx,type=int (id=7),value=<?>,index=13>
Variable Delete,method=Main:1#dfs:29 <name=yyy,type=int (id=7),value=<?>,index=14>
Field Read,context=Main:1,dx
Variable Write,context=Main:1#dfs:29,xxx=1
Field Read,context=Main:1,dy
Variable Write,context=Main:1#dfs:29,yyy=3
Field Read,context=Main:1,data
Field Read,context=Main:1,dx
Variable Delete,method=Main:1#dfs:29 <name=xxx,type=int (id=7),value=<?>,index=13>
Variable Delete,method=Main:1#dfs:29 <name=yyy,type=int (id=7),value=<?>,index=14>
Variable Delete,method=Main:1#dfs:29 <name=k,type=int (id=7),value=<?>,index=12>
Variable Write,context=Main:1#dfs:29,nlt=5
Variable Write,context=Main:1#dfs:29,nlb=6
Variable Write,context=Main:1#dfs:29,nrt=1
Variable Write,context=Main:1#dfs:29,nrb=1
Variable Write,context=Main:1#dfs:29,nlb=7
Variable Write,context=Main:1#dfs:29,next=6 025711
Field Read,context=Main:1,close
Variable Write,context=Main:1#dfs:29,j=2
Variable Delete,method=Main:1#dfs:29 <name=xx,type=int (id=7),value=<?>,index=9>
Variable Delete,method=Main:1#dfs:29 <name=yy,type=int (id=7),value=<?>,index=10>
Variable Delete,method=Main:1#dfs:29 <name=flg,type=boolean (id=2),value=<?>,index=11>
Variable Delete,method=Main:1#dfs:29 <name=nlt,type=int (id=7),value=<?>,index=15>
Variable Delete,method=Main:1#dfs:29 <name=nlb,type=int (id=7),value=<?>,index=16>
Variable Delete,method=Main:1#dfs:29 <name=nrt,type=int (id=7),value=<?>,index=17>
Variable Delete,method=Main:1#dfs:29 <name=nrb,type=int (id=7),value=<?>,index=18>
Variable Delete,method=Main:1#dfs:29 <name=next,type=java.lang.String (id=25),value=<?>,index=19>
Field Read,context=Main:1,vx
Variable Write,context=Main:1#dfs:29,xx=0
Field Read,context=Main:1,vy
Variable Write,context=Main:1#dfs:29,yy=2
Method Call,caller=Main:1#dfs:29,target=Main:1#isOK:266
Variable Write,context=Main:1#isOK:266,xx=0
Variable Write,context=Main:1#isOK:266,yy=2
Variable Write,context=Main:1#isOK:266,result=true
Method Exit,returner=Main:1#isOK:266,value=true
Variable Write,context=Main:1#dfs:29,flg=true
Field Read,context=Main:1,dx
Variable Write,context=Main:1#dfs:29,k=0
Field Read,context=Main:1,dx
Variable Write,context=Main:1#dfs:29,xxx=0
Field Read,context=Main:1,dy
Variable Write,context=Main:1#dfs:29,yyy=2
Field Read,context=Main:1,data
Field Read,context=Main:1,dx
Variable Write,context=Main:1#dfs:29,k=1
Variable Delete,method=Main:1#dfs:29 <name=xxx,type=int (id=7),value=<?>,index=13>
Variable Delete,method=Main:1#dfs:29 <name=yyy,type=int (id=7),value=<?>,index=14>
Field Read,context=Main:1,dx
Variable Write,context=Main:1#dfs:29,xxx=0
Field Read,context=Main:1,dy
Variable Write,context=Main:1#dfs:29,yyy=3
Field Read,context=Main:1,data
Field Read,context=Main:1,dx
Variable Write,context=Main:1#dfs:29,k=2
Variable Delete,method=Main:1#dfs:29 <name=xxx,type=int (id=7),value=<?>,index=13>
Variable Delete,method=Main:1#dfs:29 <name=yyy,type=int (id=7),value=<?>,index=14>
Field Read,context=Main:1,dx
Variable Write,context=Main:1#dfs:29,xxx=1
Field Read,context=Main:1,dy
Variable Write,context=Main:1#dfs:29,yyy=2
Field Read,context=Main:1,data
Field Read,context=Main:1,dx
Variable Write,context=Main:1#dfs:29,k=3
Variable Delete,method=Main:1#dfs:29 <name=xxx,type=int (id=7),value=<?>,index=13>
Variable Delete,method=Main:1#dfs:29 <name=yyy,type=int (id=7),value=<?>,index=14>
Field Read,context=Main:1,dx
Variable Write,context=Main:1#dfs:29,xxx=1
Field Read,context=Main:1,dy
Variable Write,context=Main:1#dfs:29,yyy=3
Field Read,context=Main:1,data
Field Read,context=Main:1,dx
Variable Delete,method=Main:1#dfs:29 <name=xxx,type=int (id=7),value=<?>,index=13>
Variable Delete,method=Main:1#dfs:29 <name=yyy,type=int (id=7),value=<?>,index=14>
Variable Delete,method=Main:1#dfs:29 <name=k,type=int (id=7),value=<?>,index=12>
Variable Write,context=Main:1#dfs:29,nlt=5
Variable Write,context=Main:1#dfs:29,nlb=6
Variable Write,context=Main:1#dfs:29,nrt=1
Variable Write,context=Main:1#dfs:29,nrb=1
Variable Write,context=Main:1#dfs:29,nlb=7
Variable Write,context=Main:1#dfs:29,next=6 025711
Field Read,context=Main:1,close
Variable Delete,method=Main:1#dfs:29 <name=xx,type=int (id=7),value=<?>,index=9>
Variable Delete,method=Main:1#dfs:29 <name=yy,type=int (id=7),value=<?>,index=10>
Variable Delete,method=Main:1#dfs:29 <name=flg,type=boolean (id=2),value=<?>,index=11>
Variable Delete,method=Main:1#dfs:29 <name=nlt,type=int (id=7),value=<?>,index=15>
Variable Delete,method=Main:1#dfs:29 <name=nlb,type=int (id=7),value=<?>,index=16>
Variable Delete,method=Main:1#dfs:29 <name=nrt,type=int (id=7),value=<?>,index=17>
Variable Delete,method=Main:1#dfs:29 <name=nrb,type=int (id=7),value=<?>,index=18>
Variable Delete,method=Main:1#dfs:29 <name=next,type=java.lang.String (id=25),value=<?>,index=19>
Field Read,context=Main:1,vx
Variable Write,context=Main:1#dfs:29,i=1
Variable Delete,method=Main:1#dfs:29 <name=j,type=int (id=7),value=<?>,index=8>
Variable Write,context=Main:1#dfs:29,j=1
Field Read,context=Main:1,vx
Variable Write,context=Main:1#dfs:29,xx=0
Field Read,context=Main:1,vy
Variable Write,context=Main:1#dfs:29,yy=3
Method Call,caller=Main:1#dfs:29,target=Main:1#isOK:267
Variable Write,context=Main:1#isOK:267,xx=0
Variable Write,context=Main:1#isOK:267,yy=3
Variable Write,context=Main:1#isOK:267,result=false
Method Exit,returner=Main:1#isOK:267,value=false
Variable Write,context=Main:1#dfs:29,j=2
Variable Delete,method=Main:1#dfs:29 <name=xx,type=int (id=7),value=<?>,index=9>
Variable Delete,method=Main:1#dfs:29 <name=yy,type=int (id=7),value=<?>,index=10>
Field Read,context=Main:1,vx
Variable Write,context=Main:1#dfs:29,xx=0
Field Read,context=Main:1,vy
Variable Write,context=Main:1#dfs:29,yy=4
Method Call,caller=Main:1#dfs:29,target=Main:1#isOK:268
Variable Write,context=Main:1#isOK:268,xx=0
Variable Write,context=Main:1#isOK:268,yy=4
Variable Write,context=Main:1#isOK:268,result=false
Method Exit,returner=Main:1#isOK:268,value=false
Variable Delete,method=Main:1#dfs:29 <name=xx,type=int (id=7),value=<?>,index=9>
Variable Delete,method=Main:1#dfs:29 <name=yy,type=int (id=7),value=<?>,index=10>
Field Read,context=Main:1,vx
Variable Write,context=Main:1#dfs:29,i=2
Variable Delete,method=Main:1#dfs:29 <name=j,type=int (id=7),value=<?>,index=8>
Variable Write,context=Main:1#dfs:29,j=1
Field Read,context=Main:1,vx
Variable Write,context=Main:1#dfs:29,xx=1
Field Read,context=Main:1,vy
Variable Write,context=Main:1#dfs:29,yy=2
Method Call,caller=Main:1#dfs:29,target=Main:1#isOK:269
Variable Write,context=Main:1#isOK:269,xx=1
Variable Write,context=Main:1#isOK:269,yy=2
Variable Write,context=Main:1#isOK:269,result=true
Method Exit,returner=Main:1#isOK:269,value=true
Variable Write,context=Main:1#dfs:29,flg=true
Field Read,context=Main:1,dx
Variable Write,context=Main:1#dfs:29,k=0
Field Read,context=Main:1,dx
Variable Write,context=Main:1#dfs:29,xxx=1
Field Read,context=Main:1,dy
Variable Write,context=Main:1#dfs:29,yyy=2
Field Read,context=Main:1,data
Field Read,context=Main:1,dx
Variable Write,context=Main:1#dfs:29,k=1
Variable Delete,method=Main:1#dfs:29 <name=xxx,type=int (id=7),value=<?>,index=13>
Variable Delete,method=Main:1#dfs:29 <name=yyy,type=int (id=7),value=<?>,index=14>
Field Read,context=Main:1,dx
Variable Write,context=Main:1#dfs:29,xxx=1
Field Read,context=Main:1,dy
Variable Write,context=Main:1#dfs:29,yyy=3
Field Read,context=Main:1,data
Field Read,context=Main:1,dx
Variable Write,context=Main:1#dfs:29,k=2
Variable Delete,method=Main:1#dfs:29 <name=xxx,type=int (id=7),value=<?>,index=13>
Variable Delete,method=Main:1#dfs:29 <name=yyy,type=int (id=7),value=<?>,index=14>
Field Read,context=Main:1,dx
Variable Write,context=Main:1#dfs:29,xxx=2
Field Read,context=Main:1,dy
Variable Write,context=Main:1#dfs:29,yyy=2
Field Read,context=Main:1,data
Field Read,context=Main:1,dx
Variable Write,context=Main:1#dfs:29,k=3
Variable Delete,method=Main:1#dfs:29 <name=xxx,type=int (id=7),value=<?>,index=13>
Variable Delete,method=Main:1#dfs:29 <name=yyy,type=int (id=7),value=<?>,index=14>
Field Read,context=Main:1,dx
Variable Write,context=Main:1#dfs:29,xxx=2
Field Read,context=Main:1,dy
Variable Write,context=Main:1#dfs:29,yyy=3
Field Read,context=Main:1,data
Field Read,context=Main:1,dx
Variable Delete,method=Main:1#dfs:29 <name=xxx,type=int (id=7),value=<?>,index=13>
Variable Delete,method=Main:1#dfs:29 <name=yyy,type=int (id=7),value=<?>,index=14>
Variable Delete,method=Main:1#dfs:29 <name=k,type=int (id=7),value=<?>,index=12>
Variable Write,context=Main:1#dfs:29,nlt=5
Variable Write,context=Main:1#dfs:29,nlb=6
Variable Write,context=Main:1#dfs:29,nrt=1
Variable Write,context=Main:1#dfs:29,nrb=1
Variable Write,context=Main:1#dfs:29,next=6 125611
Field Read,context=Main:1,close
Field Read,context=Main:1,close
Method Call,caller=Main:1#dfs:29,target=Main:1#dfs:30
Variable Write,context=Main:1#dfs:30,lt=5
Variable Write,context=Main:1#dfs:30,lb=6
Variable Write,context=Main:1#dfs:30,rt=1
Variable Write,context=Main:1#dfs:30,rb=1
Variable Write,context=Main:1#dfs:30,deep=6
Variable Write,context=Main:1#dfs:30,x=1
Variable Write,context=Main:1#dfs:30,y=2
Field Read,context=Main:1,n
Field Read,context=Main:1,vx
Variable Write,context=Main:1#dfs:30,i=0
Variable Write,context=Main:1#dfs:30,j=1
Field Read,context=Main:1,vx
Variable Write,context=Main:1#dfs:30,xx=1
Field Read,context=Main:1,vy
Variable Write,context=Main:1#dfs:30,yy=2
Method Call,caller=Main:1#dfs:30,target=Main:1#isOK:270
Variable Write,context=Main:1#isOK:270,xx=1
Variable Write,context=Main:1#isOK:270,yy=2
Variable Write,context=Main:1#isOK:270,result=true
Method Exit,returner=Main:1#isOK:270,value=true
Variable Write,context=Main:1#dfs:30,flg=true
Field Read,context=Main:1,dx
Variable Write,context=Main:1#dfs:30,k=0
Field Read,context=Main:1,dx
Variable Write,context=Main:1#dfs:30,xxx=1
Field Read,context=Main:1,dy
Variable Write,context=Main:1#dfs:30,yyy=2
Field Read,context=Main:1,data
Field Read,context=Main:1,dx
Variable Write,context=Main:1#dfs:30,k=1
Variable Delete,method=Main:1#dfs:30 <name=xxx,type=int (id=7),value=<?>,index=13>
Variable Delete,method=Main:1#dfs:30 <name=yyy,type=int (id=7),value=<?>,index=14>
Field Read,context=Main:1,dx
Variable Write,context=Main:1#dfs:30,xxx=1
Field Read,context=Main:1,dy
Variable Write,context=Main:1#dfs:30,yyy=3
Field Read,context=Main:1,data
Field Read,context=Main:1,dx
Variable Write,context=Main:1#dfs:30,k=2
Variable Delete,method=Main:1#dfs:30 <name=xxx,type=int (id=7),value=<?>,index=13>
Variable Delete,method=Main:1#dfs:30 <name=yyy,type=int (id=7),value=<?>,index=14>
Field Read,context=Main:1,dx
Variable Write,context=Main:1#dfs:30,xxx=2
Field Read,context=Main:1,dy
Variable Write,context=Main:1#dfs:30,yyy=2
Field Read,context=Main:1,data
Field Read,context=Main:1,dx
Variable Write,context=Main:1#dfs:30,k=3
Variable Delete,method=Main:1#dfs:30 <name=xxx,type=int (id=7),value=<?>,index=13>
Variable Delete,method=Main:1#dfs:30 <name=yyy,type=int (id=7),value=<?>,index=14>
Field Read,context=Main:1,dx
Variable Write,context=Main:1#dfs:30,xxx=2
Field Read,context=Main:1,dy
Variable Write,context=Main:1#dfs:30,yyy=3
Field Read,context=Main:1,data
Field Read,context=Main:1,dx
Variable Delete,method=Main:1#dfs:30 <name=xxx,type=int (id=7),value=<?>,index=13>
Variable Delete,method=Main:1#dfs:30 <name=yyy,type=int (id=7),value=<?>,index=14>
Variable Delete,method=Main:1#dfs:30 <name=k,type=int (id=7),value=<?>,index=12>
Variable Write,context=Main:1#dfs:30,nlt=4
Variable Write,context=Main:1#dfs:30,nlb=5
Variable Write,context=Main:1#dfs:30,nrt=0
Variable Write,context=Main:1#dfs:30,nrb=0
Variable Write,context=Main:1#dfs:30,j=2
Variable Delete,method=Main:1#dfs:30 <name=xx,type=int (id=7),value=<?>,index=9>
Variable Delete,method=Main:1#dfs:30 <name=yy,type=int (id=7),value=<?>,index=10>
Variable Delete,method=Main:1#dfs:30 <name=flg,type=boolean (id=2),value=<?>,index=11>
Variable Delete,method=Main:1#dfs:30 <name=nlt,type=int (id=7),value=<?>,index=15>
Variable Delete,method=Main:1#dfs:30 <name=nlb,type=int (id=7),value=<?>,index=16>
Variable Delete,method=Main:1#dfs:30 <name=nrt,type=int (id=7),value=<?>,index=17>
Variable Delete,method=Main:1#dfs:30 <name=nrb,type=int (id=7),value=<?>,index=18>
Field Read,context=Main:1,vx
Variable Write,context=Main:1#dfs:30,xx=1
Field Read,context=Main:1,vy
Variable Write,context=Main:1#dfs:30,yy=2
Method Call,caller=Main:1#dfs:30,target=Main:1#isOK:271
Variable Write,context=Main:1#isOK:271,xx=1
Variable Write,context=Main:1#isOK:271,yy=2
Variable Write,context=Main:1#isOK:271,result=true
Method Exit,returner=Main:1#isOK:271,value=true
Variable Write,context=Main:1#dfs:30,flg=true
Field Read,context=Main:1,dx
Variable Write,context=Main:1#dfs:30,k=0
Field Read,context=Main:1,dx
Variable Write,context=Main:1#dfs:30,xxx=1
Field Read,context=Main:1,dy
Variable Write,context=Main:1#dfs:30,yyy=2
Field Read,context=Main:1,data
Field Read,context=Main:1,dx
Variable Write,context=Main:1#dfs:30,k=1
Variable Delete,method=Main:1#dfs:30 <name=xxx,type=int (id=7),value=<?>,index=13>
Variable Delete,method=Main:1#dfs:30 <name=yyy,type=int (id=7),value=<?>,index=14>
Field Read,context=Main:1,dx
Variable Write,context=Main:1#dfs:30,xxx=1
Field Read,context=Main:1,dy
Variable Write,context=Main:1#dfs:30,yyy=3
Field Read,context=Main:1,data
Field Read,context=Main:1,dx
Variable Write,context=Main:1#dfs:30,k=2
Variable Delete,method=Main:1#dfs:30 <name=xxx,type=int (id=7),value=<?>,index=13>
Variable Delete,method=Main:1#dfs:30 <name=yyy,type=int (id=7),value=<?>,index=14>
Field Read,context=Main:1,dx
Variable Write,context=Main:1#dfs:30,xxx=2
Field Read,context=Main:1,dy
Variable Write,context=Main:1#dfs:30,yyy=2
Field Read,context=Main:1,data
Field Read,context=Main:1,dx
Variable Write,context=Main:1#dfs:30,k=3
Variable Delete,method=Main:1#dfs:30 <name=xxx,type=int (id=7),value=<?>,index=13>
Variable Delete,method=Main:1#dfs:30 <name=yyy,type=int (id=7),value=<?>,index=14>
Field Read,context=Main:1,dx
Variable Write,context=Main:1#dfs:30,xxx=2
Field Read,context=Main:1,dy
Variable Write,context=Main:1#dfs:30,yyy=3
Field Read,context=Main:1,data
Field Read,context=Main:1,dx
Variable Delete,method=Main:1#dfs:30 <name=xxx,type=int (id=7),value=<?>,index=13>
Variable Delete,method=Main:1#dfs:30 <name=yyy,type=int (id=7),value=<?>,index=14>
Variable Delete,method=Main:1#dfs:30 <name=k,type=int (id=7),value=<?>,index=12>
Variable Write,context=Main:1#dfs:30,nlt=4
Variable Write,context=Main:1#dfs:30,nlb=5
Variable Write,context=Main:1#dfs:30,nrt=0
Variable Write,context=Main:1#dfs:30,nrb=0
Variable Delete,method=Main:1#dfs:30 <name=xx,type=int (id=7),value=<?>,index=9>
Variable Delete,method=Main:1#dfs:30 <name=yy,type=int (id=7),value=<?>,index=10>
Variable Delete,method=Main:1#dfs:30 <name=flg,type=boolean (id=2),value=<?>,index=11>
Variable Delete,method=Main:1#dfs:30 <name=nlt,type=int (id=7),value=<?>,index=15>
Variable Delete,method=Main:1#dfs:30 <name=nlb,type=int (id=7),value=<?>,index=16>
Variable Delete,method=Main:1#dfs:30 <name=nrt,type=int (id=7),value=<?>,index=17>
Variable Delete,method=Main:1#dfs:30 <name=nrb,type=int (id=7),value=<?>,index=18>
Field Read,context=Main:1,vx
Variable Write,context=Main:1#dfs:30,i=1
Variable Delete,method=Main:1#dfs:30 <name=j,type=int (id=7),value=<?>,index=8>
Variable Write,context=Main:1#dfs:30,j=1
Field Read,context=Main:1,vx
Variable Write,context=Main:1#dfs:30,xx=1
Field Read,context=Main:1,vy
Variable Write,context=Main:1#dfs:30,yy=3
Method Call,caller=Main:1#dfs:30,target=Main:1#isOK:272
Variable Write,context=Main:1#isOK:272,xx=1
Variable Write,context=Main:1#isOK:272,yy=3
Variable Write,context=Main:1#isOK:272,result=false
Method Exit,returner=Main:1#isOK:272,value=false
Variable Write,context=Main:1#dfs:30,j=2
Variable Delete,method=Main:1#dfs:30 <name=xx,type=int (id=7),value=<?>,index=9>
Variable Delete,method=Main:1#dfs:30 <name=yy,type=int (id=7),value=<?>,index=10>
Field Read,context=Main:1,vx
Variable Write,context=Main:1#dfs:30,xx=1
Field Read,context=Main:1,vy
Variable Write,context=Main:1#dfs:30,yy=4
Method Call,caller=Main:1#dfs:30,target=Main:1#isOK:273
Variable Write,context=Main:1#isOK:273,xx=1
Variable Write,context=Main:1#isOK:273,yy=4
Variable Write,context=Main:1#isOK:273,result=false
Method Exit,returner=Main:1#isOK:273,value=false
Variable Delete,method=Main:1#dfs:30 <name=xx,type=int (id=7),value=<?>,index=9>
Variable Delete,method=Main:1#dfs:30 <name=yy,type=int (id=7),value=<?>,index=10>
Field Read,context=Main:1,vx
Variable Write,context=Main:1#dfs:30,i=2
Variable Delete,method=Main:1#dfs:30 <name=j,type=int (id=7),value=<?>,index=8>
Variable Write,context=Main:1#dfs:30,j=1
Field Read,context=Main:1,vx
Variable Write,context=Main:1#dfs:30,xx=2
Field Read,context=Main:1,vy
Variable Write,context=Main:1#dfs:30,yy=2
Method Call,caller=Main:1#dfs:30,target=Main:1#isOK:274
Variable Write,context=Main:1#isOK:274,xx=2
Variable Write,context=Main:1#isOK:274,yy=2
Variable Write,context=Main:1#isOK:274,result=true
Method Exit,returner=Main:1#isOK:274,value=true
Variable Write,context=Main:1#dfs:30,flg=true
Field Read,context=Main:1,dx
Variable Write,context=Main:1#dfs:30,k=0
Field Read,context=Main:1,dx
Variable Write,context=Main:1#dfs:30,xxx=2
Field Read,context=Main:1,dy
Variable Write,context=Main:1#dfs:30,yyy=2
Field Read,context=Main:1,data
Field Read,context=Main:1,dx
Variable Write,context=Main:1#dfs:30,k=1
Variable Delete,method=Main:1#dfs:30 <name=xxx,type=int (id=7),value=<?>,index=13>
Variable Delete,method=Main:1#dfs:30 <name=yyy,type=int (id=7),value=<?>,index=14>
Field Read,context=Main:1,dx
Variable Write,context=Main:1#dfs:30,xxx=2
Field Read,context=Main:1,dy
Variable Write,context=Main:1#dfs:30,yyy=3
Field Read,context=Main:1,data
Field Read,context=Main:1,dx
Variable Write,context=Main:1#dfs:30,k=2
Variable Delete,method=Main:1#dfs:30 <name=xxx,type=int (id=7),value=<?>,index=13>
Variable Delete,method=Main:1#dfs:30 <name=yyy,type=int (id=7),value=<?>,index=14>
Field Read,context=Main:1,dx
Variable Write,context=Main:1#dfs:30,xxx=3
Field Read,context=Main:1,dy
Variable Write,context=Main:1#dfs:30,yyy=2
Field Read,context=Main:1,data
Field Read,context=Main:1,dx
Variable Write,context=Main:1#dfs:30,k=3
Variable Delete,method=Main:1#dfs:30 <name=xxx,type=int (id=7),value=<?>,index=13>
Variable Delete,method=Main:1#dfs:30 <name=yyy,type=int (id=7),value=<?>,index=14>
Field Read,context=Main:1,dx
Variable Write,context=Main:1#dfs:30,xxx=3
Field Read,context=Main:1,dy
Variable Write,context=Main:1#dfs:30,yyy=3
Field Read,context=Main:1,data
Field Read,context=Main:1,dx
Variable Delete,method=Main:1#dfs:30 <name=xxx,type=int (id=7),value=<?>,index=13>
Variable Delete,method=Main:1#dfs:30 <name=yyy,type=int (id=7),value=<?>,index=14>
Variable Delete,method=Main:1#dfs:30 <name=k,type=int (id=7),value=<?>,index=12>
Variable Write,context=Main:1#dfs:30,nlt=4
Variable Write,context=Main:1#dfs:30,nlb=5
Variable Write,context=Main:1#dfs:30,nrt=0
Variable Write,context=Main:1#dfs:30,nrb=0
Variable Write,context=Main:1#dfs:30,nrb=7
Variable Write,context=Main:1#dfs:30,j=2
Variable Delete,method=Main:1#dfs:30 <name=xx,type=int (id=7),value=<?>,index=9>
Variable Delete,method=Main:1#dfs:30 <name=yy,type=int (id=7),value=<?>,index=10>
Variable Delete,method=Main:1#dfs:30 <name=flg,type=boolean (id=2),value=<?>,index=11>
Variable Delete,method=Main:1#dfs:30 <name=nlt,type=int (id=7),value=<?>,index=15>
Variable Delete,method=Main:1#dfs:30 <name=nlb,type=int (id=7),value=<?>,index=16>
Variable Delete,method=Main:1#dfs:30 <name=nrt,type=int (id=7),value=<?>,index=17>
Variable Delete,method=Main:1#dfs:30 <name=nrb,type=int (id=7),value=<?>,index=18>
Field Read,context=Main:1,vx
Variable Write,context=Main:1#dfs:30,xx=3
Field Read,context=Main:1,vy
Variable Write,context=Main:1#dfs:30,yy=2
Method Call,caller=Main:1#dfs:30,target=Main:1#isOK:275
Variable Write,context=Main:1#isOK:275,xx=3
Variable Write,context=Main:1#isOK:275,yy=2
Variable Write,context=Main:1#isOK:275,result=false
Method Exit,returner=Main:1#isOK:275,value=false
Variable Delete,method=Main:1#dfs:30 <name=xx,type=int (id=7),value=<?>,index=9>
Variable Delete,method=Main:1#dfs:30 <name=yy,type=int (id=7),value=<?>,index=10>
Field Read,context=Main:1,vx
Variable Write,context=Main:1#dfs:30,i=3
Variable Delete,method=Main:1#dfs:30 <name=j,type=int (id=7),value=<?>,index=8>
Variable Write,context=Main:1#dfs:30,j=1
Field Read,context=Main:1,vx
Variable Write,context=Main:1#dfs:30,xx=1
Field Read,context=Main:1,vy
Variable Write,context=Main:1#dfs:30,yy=1
Method Call,caller=Main:1#dfs:30,target=Main:1#isOK:276
Variable Write,context=Main:1#isOK:276,xx=1
Variable Write,context=Main:1#isOK:276,yy=1
Variable Write,context=Main:1#isOK:276,result=true
Method Exit,returner=Main:1#isOK:276,value=true
Variable Write,context=Main:1#dfs:30,flg=true
Field Read,context=Main:1,dx
Variable Write,context=Main:1#dfs:30,k=0
Field Read,context=Main:1,dx
Variable Write,context=Main:1#dfs:30,xxx=1
Field Read,context=Main:1,dy
Variable Write,context=Main:1#dfs:30,yyy=1
Field Read,context=Main:1,data
Variable Write,context=Main:1#dfs:30,flg=false
Variable Delete,method=Main:1#dfs:30 <name=k,type=int (id=7),value=<?>,index=12>
Variable Delete,method=Main:1#dfs:30 <name=xxx,type=int (id=7),value=<?>,index=13>
Variable Delete,method=Main:1#dfs:30 <name=yyy,type=int (id=7),value=<?>,index=14>
Variable Write,context=Main:1#dfs:30,j=2
Variable Delete,method=Main:1#dfs:30 <name=xx,type=int (id=7),value=<?>,index=9>
Variable Delete,method=Main:1#dfs:30 <name=yy,type=int (id=7),value=<?>,index=10>
Variable Delete,method=Main:1#dfs:30 <name=flg,type=boolean (id=2),value=<?>,index=11>
Field Read,context=Main:1,vx
Variable Write,context=Main:1#dfs:30,xx=1
Field Read,context=Main:1,vy
Variable Write,context=Main:1#dfs:30,yy=0
Method Call,caller=Main:1#dfs:30,target=Main:1#isOK:277
Variable Write,context=Main:1#isOK:277,xx=1
Variable Write,context=Main:1#isOK:277,yy=0
Variable Write,context=Main:1#isOK:277,result=true
Method Exit,returner=Main:1#isOK:277,value=true
Variable Write,context=Main:1#dfs:30,flg=true
Field Read,context=Main:1,dx
Variable Write,context=Main:1#dfs:30,k=0
Field Read,context=Main:1,dx
Variable Write,context=Main:1#dfs:30,xxx=1
Field Read,context=Main:1,dy
Variable Write,context=Main:1#dfs:30,yyy=0
Field Read,context=Main:1,data
Field Read,context=Main:1,dx
Variable Write,context=Main:1#dfs:30,k=1
Variable Delete,method=Main:1#dfs:30 <name=xxx,type=int (id=7),value=<?>,index=13>
Variable Delete,method=Main:1#dfs:30 <name=yyy,type=int (id=7),value=<?>,index=14>
Field Read,context=Main:1,dx
Variable Write,context=Main:1#dfs:30,xxx=1
Field Read,context=Main:1,dy
Variable Write,context=Main:1#dfs:30,yyy=1
Field Read,context=Main:1,data
Variable Write,context=Main:1#dfs:30,flg=false
Variable Delete,method=Main:1#dfs:30 <name=k,type=int (id=7),value=<?>,index=12>
Variable Delete,method=Main:1#dfs:30 <name=xxx,type=int (id=7),value=<?>,index=13>
Variable Delete,method=Main:1#dfs:30 <name=yyy,type=int (id=7),value=<?>,index=14>
Variable Delete,method=Main:1#dfs:30 <name=xx,type=int (id=7),value=<?>,index=9>
Variable Delete,method=Main:1#dfs:30 <name=yy,type=int (id=7),value=<?>,index=10>
Variable Delete,method=Main:1#dfs:30 <name=flg,type=boolean (id=2),value=<?>,index=11>
Field Read,context=Main:1,vx
Variable Write,context=Main:1#dfs:30,i=4
Variable Delete,method=Main:1#dfs:30 <name=j,type=int (id=7),value=<?>,index=8>
Variable Write,context=Main:1#dfs:30,j=1
Field Read,context=Main:1,vx
Variable Write,context=Main:1#dfs:30,xx=0
Field Read,context=Main:1,vy
Variable Write,context=Main:1#dfs:30,yy=2
Method Call,caller=Main:1#dfs:30,target=Main:1#isOK:278
Variable Write,context=Main:1#isOK:278,xx=0
Variable Write,context=Main:1#isOK:278,yy=2
Variable Write,context=Main:1#isOK:278,result=true
Method Exit,returner=Main:1#isOK:278,value=true
Variable Write,context=Main:1#dfs:30,flg=true
Field Read,context=Main:1,dx
Variable Write,context=Main:1#dfs:30,k=0
Field Read,context=Main:1,dx
Variable Write,context=Main:1#dfs:30,xxx=0
Field Read,context=Main:1,dy
Variable Write,context=Main:1#dfs:30,yyy=2
Field Read,context=Main:1,data
Variable Write,context=Main:1#dfs:30,flg=false
Variable Delete,method=Main:1#dfs:30 <name=k,type=int (id=7),value=<?>,index=12>
Variable Delete,method=Main:1#dfs:30 <name=xxx,type=int (id=7),value=<?>,index=13>
Variable Delete,method=Main:1#dfs:30 <name=yyy,type=int (id=7),value=<?>,index=14>
Variable Write,context=Main:1#dfs:30,j=2
Variable Delete,method=Main:1#dfs:30 <name=xx,type=int (id=7),value=<?>,index=9>
Variable Delete,method=Main:1#dfs:30 <name=yy,type=int (id=7),value=<?>,index=10>
Variable Delete,method=Main:1#dfs:30 <name=flg,type=boolean (id=2),value=<?>,index=11>
Field Read,context=Main:1,vx
Variable Write,context=Main:1#dfs:30,xx=-1
Field Read,context=Main:1,vy
Variable Write,context=Main:1#dfs:30,yy=2
Method Call,caller=Main:1#dfs:30,target=Main:1#isOK:279
Variable Write,context=Main:1#isOK:279,xx=-1
Variable Write,context=Main:1#isOK:279,yy=2
Variable Write,context=Main:1#isOK:279,result=false
Method Exit,returner=Main:1#isOK:279,value=false
Variable Delete,method=Main:1#dfs:30 <name=xx,type=int (id=7),value=<?>,index=9>
Variable Delete,method=Main:1#dfs:30 <name=yy,type=int (id=7),value=<?>,index=10>
Field Read,context=Main:1,vx
Variable Delete,method=Main:1#dfs:30 <name=j,type=int (id=7),value=<?>,index=8>
Method Exit,returner=Main:1#dfs:30,value=<void>
Variable Write,context=Main:1#dfs:29,j=2
Variable Delete,method=Main:1#dfs:29 <name=xx,type=int (id=7),value=<?>,index=9>
Variable Delete,method=Main:1#dfs:29 <name=yy,type=int (id=7),value=<?>,index=10>
Variable Delete,method=Main:1#dfs:29 <name=flg,type=boolean (id=2),value=<?>,index=11>
Variable Delete,method=Main:1#dfs:29 <name=nlt,type=int (id=7),value=<?>,index=15>
Variable Delete,method=Main:1#dfs:29 <name=nlb,type=int (id=7),value=<?>,index=16>
Variable Delete,method=Main:1#dfs:29 <name=nrt,type=int (id=7),value=<?>,index=17>
Variable Delete,method=Main:1#dfs:29 <name=nrb,type=int (id=7),value=<?>,index=18>
Variable Delete,method=Main:1#dfs:29 <name=next,type=java.lang.String (id=25),value=<?>,index=19>
Field Read,context=Main:1,vx
Variable Write,context=Main:1#dfs:29,xx=2
Field Read,context=Main:1,vy
Variable Write,context=Main:1#dfs:29,yy=2
Method Call,caller=Main:1#dfs:29,target=Main:1#isOK:280
Variable Write,context=Main:1#isOK:280,xx=2
Variable Write,context=Main:1#isOK:280,yy=2
Variable Write,context=Main:1#isOK:280,result=true
Method Exit,returner=Main:1#isOK:280,value=true
Variable Write,context=Main:1#dfs:29,flg=true
Field Read,context=Main:1,dx
Variable Write,context=Main:1#dfs:29,k=0
Field Read,context=Main:1,dx
Variable Write,context=Main:1#dfs:29,xxx=2
Field Read,context=Main:1,dy
Variable Write,context=Main:1#dfs:29,yyy=2
Field Read,context=Main:1,data
Field Read,context=Main:1,dx
Variable Write,context=Main:1#dfs:29,k=1
Variable Delete,method=Main:1#dfs:29 <name=xxx,type=int (id=7),value=<?>,index=13>
Variable Delete,method=Main:1#dfs:29 <name=yyy,type=int (id=7),value=<?>,index=14>
Field Read,context=Main:1,dx
Variable Write,context=Main:1#dfs:29,xxx=2
Field Read,context=Main:1,dy
Variable Write,context=Main:1#dfs:29,yyy=3
Field Read,context=Main:1,data
Field Read,context=Main:1,dx
Variable Write,context=Main:1#dfs:29,k=2
Variable Delete,method=Main:1#dfs:29 <name=xxx,type=int (id=7),value=<?>,index=13>
Variable Delete,method=Main:1#dfs:29 <name=yyy,type=int (id=7),value=<?>,index=14>
Field Read,context=Main:1,dx
Variable Write,context=Main:1#dfs:29,xxx=3
Field Read,context=Main:1,dy
Variable Write,context=Main:1#dfs:29,yyy=2
Field Read,context=Main:1,data
Field Read,context=Main:1,dx
Variable Write,context=Main:1#dfs:29,k=3
Variable Delete,method=Main:1#dfs:29 <name=xxx,type=int (id=7),value=<?>,index=13>
Variable Delete,method=Main:1#dfs:29 <name=yyy,type=int (id=7),value=<?>,index=14>
Field Read,context=Main:1,dx
Variable Write,context=Main:1#dfs:29,xxx=3
Field Read,context=Main:1,dy
Variable Write,context=Main:1#dfs:29,yyy=3
Field Read,context=Main:1,data
Variable Write,context=Main:1#dfs:29,flg=false
Variable Delete,method=Main:1#dfs:29 <name=k,type=int (id=7),value=<?>,index=12>
Variable Delete,method=Main:1#dfs:29 <name=xxx,type=int (id=7),value=<?>,index=13>
Variable Delete,method=Main:1#dfs:29 <name=yyy,type=int (id=7),value=<?>,index=14>
Variable Delete,method=Main:1#dfs:29 <name=xx,type=int (id=7),value=<?>,index=9>
Variable Delete,method=Main:1#dfs:29 <name=yy,type=int (id=7),value=<?>,index=10>
Variable Delete,method=Main:1#dfs:29 <name=flg,type=boolean (id=2),value=<?>,index=11>
Field Read,context=Main:1,vx
Variable Write,context=Main:1#dfs:29,i=3
Variable Delete,method=Main:1#dfs:29 <name=j,type=int (id=7),value=<?>,index=8>
Variable Write,context=Main:1#dfs:29,j=1
Field Read,context=Main:1,vx
Variable Write,context=Main:1#dfs:29,xx=0
Field Read,context=Main:1,vy
Variable Write,context=Main:1#dfs:29,yy=1
Method Call,caller=Main:1#dfs:29,target=Main:1#isOK:281
Variable Write,context=Main:1#isOK:281,xx=0
Variable Write,context=Main:1#isOK:281,yy=1
Variable Write,context=Main:1#isOK:281,result=true
Method Exit,returner=Main:1#isOK:281,value=true
Variable Write,context=Main:1#dfs:29,flg=true
Field Read,context=Main:1,dx
Variable Write,context=Main:1#dfs:29,k=0
Field Read,context=Main:1,dx
Variable Write,context=Main:1#dfs:29,xxx=0
Field Read,context=Main:1,dy
Variable Write,context=Main:1#dfs:29,yyy=1
Field Read,context=Main:1,data
Field Read,context=Main:1,dx
Variable Write,context=Main:1#dfs:29,k=1
Variable Delete,method=Main:1#dfs:29 <name=xxx,type=int (id=7),value=<?>,index=13>
Variable Delete,method=Main:1#dfs:29 <name=yyy,type=int (id=7),value=<?>,index=14>
Field Read,context=Main:1,dx
Variable Write,context=Main:1#dfs:29,xxx=0
Field Read,context=Main:1,dy
Variable Write,context=Main:1#dfs:29,yyy=2
Field Read,context=Main:1,data
Field Read,context=Main:1,dx
Variable Write,context=Main:1#dfs:29,k=2
Variable Delete,method=Main:1#dfs:29 <name=xxx,type=int (id=7),value=<?>,index=13>
Variable Delete,method=Main:1#dfs:29 <name=yyy,type=int (id=7),value=<?>,index=14>
Field Read,context=Main:1,dx
Variable Write,context=Main:1#dfs:29,xxx=1
Field Read,context=Main:1,dy
Variable Write,context=Main:1#dfs:29,yyy=1
Field Read,context=Main:1,data
Field Read,context=Main:1,dx
Variable Write,context=Main:1#dfs:29,k=3
Variable Delete,method=Main:1#dfs:29 <name=xxx,type=int (id=7),value=<?>,index=13>
Variable Delete,method=Main:1#dfs:29 <name=yyy,type=int (id=7),value=<?>,index=14>
Field Read,context=Main:1,dx
Variable Write,context=Main:1#dfs:29,xxx=1
Field Read,context=Main:1,dy
Variable Write,context=Main:1#dfs:29,yyy=2
Field Read,context=Main:1,data
Field Read,context=Main:1,dx
Variable Delete,method=Main:1#dfs:29 <name=xxx,type=int (id=7),value=<?>,index=13>
Variable Delete,method=Main:1#dfs:29 <name=yyy,type=int (id=7),value=<?>,index=14>
Variable Delete,method=Main:1#dfs:29 <name=k,type=int (id=7),value=<?>,index=12>
Variable Write,context=Main:1#dfs:29,nlt=5
Variable Write,context=Main:1#dfs:29,nlb=6
Variable Write,context=Main:1#dfs:29,nrt=1
Variable Write,context=Main:1#dfs:29,nrb=1
Variable Write,context=Main:1#dfs:29,next=6 015611
Field Read,context=Main:1,close
Field Read,context=Main:1,close
Method Call,caller=Main:1#dfs:29,target=Main:1#dfs:31
Variable Write,context=Main:1#dfs:31,lt=5
Variable Write,context=Main:1#dfs:31,lb=6
Variable Write,context=Main:1#dfs:31,rt=1
Variable Write,context=Main:1#dfs:31,rb=1
Variable Write,context=Main:1#dfs:31,deep=6
Variable Write,context=Main:1#dfs:31,x=0
Variable Write,context=Main:1#dfs:31,y=1
Field Read,context=Main:1,n
Field Read,context=Main:1,vx
Variable Write,context=Main:1#dfs:31,i=0
Variable Write,context=Main:1#dfs:31,j=1
Field Read,context=Main:1,vx
Variable Write,context=Main:1#dfs:31,xx=0
Field Read,context=Main:1,vy
Variable Write,context=Main:1#dfs:31,yy=1
Method Call,caller=Main:1#dfs:31,target=Main:1#isOK:282
Variable Write,context=Main:1#isOK:282,xx=0
Variable Write,context=Main:1#isOK:282,yy=1
Variable Write,context=Main:1#isOK:282,result=true
Method Exit,returner=Main:1#isOK:282,value=true
Variable Write,context=Main:1#dfs:31,flg=true
Field Read,context=Main:1,dx
Variable Write,context=Main:1#dfs:31,k=0
Field Read,context=Main:1,dx
Variable Write,context=Main:1#dfs:31,xxx=0
Field Read,context=Main:1,dy
Variable Write,context=Main:1#dfs:31,yyy=1
Field Read,context=Main:1,data
Field Read,context=Main:1,dx
Variable Write,context=Main:1#dfs:31,k=1
Variable Delete,method=Main:1#dfs:31 <name=xxx,type=int (id=7),value=<?>,index=13>
Variable Delete,method=Main:1#dfs:31 <name=yyy,type=int (id=7),value=<?>,index=14>
Field Read,context=Main:1,dx
Variable Write,context=Main:1#dfs:31,xxx=0
Field Read,context=Main:1,dy
Variable Write,context=Main:1#dfs:31,yyy=2
Field Read,context=Main:1,data
Variable Write,context=Main:1#dfs:31,flg=false
Variable Delete,method=Main:1#dfs:31 <name=k,type=int (id=7),value=<?>,index=12>
Variable Delete,method=Main:1#dfs:31 <name=xxx,type=int (id=7),value=<?>,index=13>
Variable Delete,method=Main:1#dfs:31 <name=yyy,type=int (id=7),value=<?>,index=14>
Variable Write,context=Main:1#dfs:31,j=2
Variable Delete,method=Main:1#dfs:31 <name=xx,type=int (id=7),value=<?>,index=9>
Variable Delete,method=Main:1#dfs:31 <name=yy,type=int (id=7),value=<?>,index=10>
Variable Delete,method=Main:1#dfs:31 <name=flg,type=boolean (id=2),value=<?>,index=11>
Field Read,context=Main:1,vx
Variable Write,context=Main:1#dfs:31,xx=0
Field Read,context=Main:1,vy
Variable Write,context=Main:1#dfs:31,yy=1
Method Call,caller=Main:1#dfs:31,target=Main:1#isOK:283
Variable Write,context=Main:1#isOK:283,xx=0
Variable Write,context=Main:1#isOK:283,yy=1
Variable Write,context=Main:1#isOK:283,result=true
Method Exit,returner=Main:1#isOK:283,value=true
Variable Write,context=Main:1#dfs:31,flg=true
Field Read,context=Main:1,dx
Variable Write,context=Main:1#dfs:31,k=0
Field Read,context=Main:1,dx
Variable Write,context=Main:1#dfs:31,xxx=0
Field Read,context=Main:1,dy
Variable Write,context=Main:1#dfs:31,yyy=1
Field Read,context=Main:1,data
Field Read,context=Main:1,dx
Variable Write,context=Main:1#dfs:31,k=1
Variable Delete,method=Main:1#dfs:31 <name=xxx,type=int (id=7),value=<?>,index=13>
Variable Delete,method=Main:1#dfs:31 <name=yyy,type=int (id=7),value=<?>,index=14>
Field Read,context=Main:1,dx
Variable Write,context=Main:1#dfs:31,xxx=0
Field Read,context=Main:1,dy
Variable Write,context=Main:1#dfs:31,yyy=2
Field Read,context=Main:1,data
Variable Write,context=Main:1#dfs:31,flg=false
Variable Delete,method=Main:1#dfs:31 <name=k,type=int (id=7),value=<?>,index=12>
Variable Delete,method=Main:1#dfs:31 <name=xxx,type=int (id=7),value=<?>,index=13>
Variable Delete,method=Main:1#dfs:31 <name=yyy,type=int (id=7),value=<?>,index=14>
Variable Delete,method=Main:1#dfs:31 <name=xx,type=int (id=7),value=<?>,index=9>
Variable Delete,method=Main:1#dfs:31 <name=yy,type=int (id=7),value=<?>,index=10>
Variable Delete,method=Main:1#dfs:31 <name=flg,type=boolean (id=2),value=<?>,index=11>
Field Read,context=Main:1,vx
Variable Write,context=Main:1#dfs:31,i=1
Variable Delete,method=Main:1#dfs:31 <name=j,type=int (id=7),value=<?>,index=8>
Variable Write,context=Main:1#dfs:31,j=1
Field Read,context=Main:1,vx
Variable Write,context=Main:1#dfs:31,xx=0
Field Read,context=Main:1,vy
Variable Write,context=Main:1#dfs:31,yy=2
Method Call,caller=Main:1#dfs:31,target=Main:1#isOK:284
Variable Write,context=Main:1#isOK:284,xx=0
Variable Write,context=Main:1#isOK:284,yy=2
Variable Write,context=Main:1#isOK:284,result=true
Method Exit,returner=Main:1#isOK:284,value=true
Variable Write,context=Main:1#dfs:31,flg=true
Field Read,context=Main:1,dx
Variable Write,context=Main:1#dfs:31,k=0
Field Read,context=Main:1,dx
Variable Write,context=Main:1#dfs:31,xxx=0
Field Read,context=Main:1,dy
Variable Write,context=Main:1#dfs:31,yyy=2
Field Read,context=Main:1,data
Variable Write,context=Main:1#dfs:31,flg=false
Variable Delete,method=Main:1#dfs:31 <name=k,type=int (id=7),value=<?>,index=12>
Variable Delete,method=Main:1#dfs:31 <name=xxx,type=int (id=7),value=<?>,index=13>
Variable Delete,method=Main:1#dfs:31 <name=yyy,type=int (id=7),value=<?>,index=14>
Variable Write,context=Main:1#dfs:31,j=2
Variable Delete,method=Main:1#dfs:31 <name=xx,type=int (id=7),value=<?>,index=9>
Variable Delete,method=Main:1#dfs:31 <name=yy,type=int (id=7),value=<?>,index=10>
Variable Delete,method=Main:1#dfs:31 <name=flg,type=boolean (id=2),value=<?>,index=11>
Field Read,context=Main:1,vx
Variable Write,context=Main:1#dfs:31,xx=0
Field Read,context=Main:1,vy
Variable Write,context=Main:1#dfs:31,yy=3
Method Call,caller=Main:1#dfs:31,target=Main:1#isOK:285
Variable Write,context=Main:1#isOK:285,xx=0
Variable Write,context=Main:1#isOK:285,yy=3
Variable Write,context=Main:1#isOK:285,result=false
Method Exit,returner=Main:1#isOK:285,value=false
Variable Delete,method=Main:1#dfs:31 <name=xx,type=int (id=7),value=<?>,index=9>
Variable Delete,method=Main:1#dfs:31 <name=yy,type=int (id=7),value=<?>,index=10>
Field Read,context=Main:1,vx
Variable Write,context=Main:1#dfs:31,i=2
Variable Delete,method=Main:1#dfs:31 <name=j,type=int (id=7),value=<?>,index=8>
Variable Write,context=Main:1#dfs:31,j=1
Field Read,context=Main:1,vx
Variable Write,context=Main:1#dfs:31,xx=1
Field Read,context=Main:1,vy
Variable Write,context=Main:1#dfs:31,yy=1
Method Call,caller=Main:1#dfs:31,target=Main:1#isOK:286
Variable Write,context=Main:1#isOK:286,xx=1
Variable Write,context=Main:1#isOK:286,yy=1
Variable Write,context=Main:1#isOK:286,result=true
Method Exit,returner=Main:1#isOK:286,value=true
Variable Write,context=Main:1#dfs:31,flg=true
Field Read,context=Main:1,dx
Variable Write,context=Main:1#dfs:31,k=0
Field Read,context=Main:1,dx
Variable Write,context=Main:1#dfs:31,xxx=1
Field Read,context=Main:1,dy
Variable Write,context=Main:1#dfs:31,yyy=1
Field Read,context=Main:1,data
Variable Write,context=Main:1#dfs:31,flg=false
Variable Delete,method=Main:1#dfs:31 <name=k,type=int (id=7),value=<?>,index=12>
Variable Delete,method=Main:1#dfs:31 <name=xxx,type=int (id=7),value=<?>,index=13>
Variable Delete,method=Main:1#dfs:31 <name=yyy,type=int (id=7),value=<?>,index=14>
Variable Write,context=Main:1#dfs:31,j=2
Variable Delete,method=Main:1#dfs:31 <name=xx,type=int (id=7),value=<?>,index=9>
Variable Delete,method=Main:1#dfs:31 <name=yy,type=int (id=7),value=<?>,index=10>
Variable Delete,method=Main:1#dfs:31 <name=flg,type=boolean (id=2),value=<?>,index=11>
Field Read,context=Main:1,vx
Variable Write,context=Main:1#dfs:31,xx=2
Field Read,context=Main:1,vy
Variable Write,context=Main:1#dfs:31,yy=1
Method Call,caller=Main:1#dfs:31,target=Main:1#isOK:287
Variable Write,context=Main:1#isOK:287,xx=2
Variable Write,context=Main:1#isOK:287,yy=1
Variable Write,context=Main:1#isOK:287,result=true
Method Exit,returner=Main:1#isOK:287,value=true
Variable Write,context=Main:1#dfs:31,flg=true
Field Read,context=Main:1,dx
Variable Write,context=Main:1#dfs:31,k=0
Field Read,context=Main:1,dx
Variable Write,context=Main:1#dfs:31,xxx=2
Field Read,context=Main:1,dy
Variable Write,context=Main:1#dfs:31,yyy=1
Field Read,context=Main:1,data
Field Read,context=Main:1,dx
Variable Write,context=Main:1#dfs:31,k=1
Variable Delete,method=Main:1#dfs:31 <name=xxx,type=int (id=7),value=<?>,index=13>
Variable Delete,method=Main:1#dfs:31 <name=yyy,type=int (id=7),value=<?>,index=14>
Field Read,context=Main:1,dx
Variable Write,context=Main:1#dfs:31,xxx=2
Field Read,context=Main:1,dy
Variable Write,context=Main:1#dfs:31,yyy=2
Field Read,context=Main:1,data
Field Read,context=Main:1,dx
Variable Write,context=Main:1#dfs:31,k=2
Variable Delete,method=Main:1#dfs:31 <name=xxx,type=int (id=7),value=<?>,index=13>
Variable Delete,method=Main:1#dfs:31 <name=yyy,type=int (id=7),value=<?>,index=14>
Field Read,context=Main:1,dx
Variable Write,context=Main:1#dfs:31,xxx=3
Field Read,context=Main:1,dy
Variable Write,context=Main:1#dfs:31,yyy=1
Field Read,context=Main:1,data
Field Read,context=Main:1,dx
Variable Write,context=Main:1#dfs:31,k=3
Variable Delete,method=Main:1#dfs:31 <name=xxx,type=int (id=7),value=<?>,index=13>
Variable Delete,method=Main:1#dfs:31 <name=yyy,type=int (id=7),value=<?>,index=14>
Field Read,context=Main:1,dx
Variable Write,context=Main:1#dfs:31,xxx=3
Field Read,context=Main:1,dy
Variable Write,context=Main:1#dfs:31,yyy=2
Field Read,context=Main:1,data
Field Read,context=Main:1,dx
Variable Delete,method=Main:1#dfs:31 <name=xxx,type=int (id=7),value=<?>,index=13>
Variable Delete,method=Main:1#dfs:31 <name=yyy,type=int (id=7),value=<?>,index=14>
Variable Delete,method=Main:1#dfs:31 <name=k,type=int (id=7),value=<?>,index=12>
Variable Write,context=Main:1#dfs:31,nlt=4
Variable Write,context=Main:1#dfs:31,nlb=5
Variable Write,context=Main:1#dfs:31,nrt=0
Variable Write,context=Main:1#dfs:31,nrb=0
Variable Delete,method=Main:1#dfs:31 <name=xx,type=int (id=7),value=<?>,index=9>
Variable Delete,method=Main:1#dfs:31 <name=yy,type=int (id=7),value=<?>,index=10>
Variable Delete,method=Main:1#dfs:31 <name=flg,type=boolean (id=2),value=<?>,index=11>
Variable Delete,method=Main:1#dfs:31 <name=nlt,type=int (id=7),value=<?>,index=15>
Variable Delete,method=Main:1#dfs:31 <name=nlb,type=int (id=7),value=<?>,index=16>
Variable Delete,method=Main:1#dfs:31 <name=nrt,type=int (id=7),value=<?>,index=17>
Variable Delete,method=Main:1#dfs:31 <name=nrb,type=int (id=7),value=<?>,index=18>
Field Read,context=Main:1,vx
Variable Write,context=Main:1#dfs:31,i=3
Variable Delete,method=Main:1#dfs:31 <name=j,type=int (id=7),value=<?>,index=8>
Variable Write,context=Main:1#dfs:31,j=1
Field Read,context=Main:1,vx
Variable Write,context=Main:1#dfs:31,xx=0
Field Read,context=Main:1,vy
Variable Write,context=Main:1#dfs:31,yy=0
Method Call,caller=Main:1#dfs:31,target=Main:1#isOK:288
Variable Write,context=Main:1#isOK:288,xx=0
Variable Write,context=Main:1#isOK:288,yy=0
Variable Write,context=Main:1#isOK:288,result=true
Method Exit,returner=Main:1#isOK:288,value=true
Variable Write,context=Main:1#dfs:31,flg=true
Field Read,context=Main:1,dx
Variable Write,context=Main:1#dfs:31,k=0
Field Read,context=Main:1,dx
Variable Write,context=Main:1#dfs:31,xxx=0
Field Read,context=Main:1,dy
Variable Write,context=Main:1#dfs:31,yyy=0
Field Read,context=Main:1,data
Field Read,context=Main:1,dx
Variable Write,context=Main:1#dfs:31,k=1
Variable Delete,method=Main:1#dfs:31 <name=xxx,type=int (id=7),value=<?>,index=13>
Variable Delete,method=Main:1#dfs:31 <name=yyy,type=int (id=7),value=<?>,index=14>
Field Read,context=Main:1,dx
Variable Write,context=Main:1#dfs:31,xxx=0
Field Read,context=Main:1,dy
Variable Write,context=Main:1#dfs:31,yyy=1
Field Read,context=Main:1,data
Field Read,context=Main:1,dx
Variable Write,context=Main:1#dfs:31,k=2
Variable Delete,method=Main:1#dfs:31 <name=xxx,type=int (id=7),value=<?>,index=13>
Variable Delete,method=Main:1#dfs:31 <name=yyy,type=int (id=7),value=<?>,index=14>
Field Read,context=Main:1,dx
Variable Write,context=Main:1#dfs:31,xxx=1
Field Read,context=Main:1,dy
Variable Write,context=Main:1#dfs:31,yyy=0
Field Read,context=Main:1,data
Field Read,context=Main:1,dx
Variable Write,context=Main:1#dfs:31,k=3
Variable Delete,method=Main:1#dfs:31 <name=xxx,type=int (id=7),value=<?>,index=13>
Variable Delete,method=Main:1#dfs:31 <name=yyy,type=int (id=7),value=<?>,index=14>
Field Read,context=Main:1,dx
Variable Write,context=Main:1#dfs:31,xxx=1
Field Read,context=Main:1,dy
Variable Write,context=Main:1#dfs:31,yyy=1
Field Read,context=Main:1,data
Variable Write,context=Main:1#dfs:31,flg=false
Variable Delete,method=Main:1#dfs:31 <name=k,type=int (id=7),value=<?>,index=12>
Variable Delete,method=Main:1#dfs:31 <name=xxx,type=int (id=7),value=<?>,index=13>
Variable Delete,method=Main:1#dfs:31 <name=yyy,type=int (id=7),value=<?>,index=14>
Variable Write,context=Main:1#dfs:31,j=2
Variable Delete,method=Main:1#dfs:31 <name=xx,type=int (id=7),value=<?>,index=9>
Variable Delete,method=Main:1#dfs:31 <name=yy,type=int (id=7),value=<?>,index=10>
Variable Delete,method=Main:1#dfs:31 <name=flg,type=boolean (id=2),value=<?>,index=11>
Field Read,context=Main:1,vx
Variable Write,context=Main:1#dfs:31,xx=0
Field Read,context=Main:1,vy
Variable Write,context=Main:1#dfs:31,yy=-1
Method Call,caller=Main:1#dfs:31,target=Main:1#isOK:289
Variable Write,context=Main:1#isOK:289,xx=0
Variable Write,context=Main:1#isOK:289,yy=-1
Variable Write,context=Main:1#isOK:289,result=false
Method Exit,returner=Main:1#isOK:289,value=false
Variable Delete,method=Main:1#dfs:31 <name=xx,type=int (id=7),value=<?>,index=9>
Variable Delete,method=Main:1#dfs:31 <name=yy,type=int (id=7),value=<?>,index=10>
Field Read,context=Main:1,vx
Variable Write,context=Main:1#dfs:31,i=4
Variable Delete,method=Main:1#dfs:31 <name=j,type=int (id=7),value=<?>,index=8>
Variable Write,context=Main:1#dfs:31,j=1
Field Read,context=Main:1,vx
Variable Write,context=Main:1#dfs:31,xx=-1
Field Read,context=Main:1,vy
Variable Write,context=Main:1#dfs:31,yy=1
Method Call,caller=Main:1#dfs:31,target=Main:1#isOK:290
Variable Write,context=Main:1#isOK:290,xx=-1
Variable Write,context=Main:1#isOK:290,yy=1
Variable Write,context=Main:1#isOK:290,result=false
Method Exit,returner=Main:1#isOK:290,value=false
Variable Write,context=Main:1#dfs:31,j=2
Variable Delete,method=Main:1#dfs:31 <name=xx,type=int (id=7),value=<?>,index=9>
Variable Delete,method=Main:1#dfs:31 <name=yy,type=int (id=7),value=<?>,index=10>
Field Read,context=Main:1,vx
Variable Write,context=Main:1#dfs:31,xx=-2
Field Read,context=Main:1,vy
Variable Write,context=Main:1#dfs:31,yy=1
Method Call,caller=Main:1#dfs:31,target=Main:1#isOK:291
Variable Write,context=Main:1#isOK:291,xx=-2
Variable Write,context=Main:1#isOK:291,yy=1
Variable Write,context=Main:1#isOK:291,result=false
Method Exit,returner=Main:1#isOK:291,value=false
Variable Delete,method=Main:1#dfs:31 <name=xx,type=int (id=7),value=<?>,index=9>
Variable Delete,method=Main:1#dfs:31 <name=yy,type=int (id=7),value=<?>,index=10>
Field Read,context=Main:1,vx
Variable Delete,method=Main:1#dfs:31 <name=j,type=int (id=7),value=<?>,index=8>
Method Exit,returner=Main:1#dfs:31,value=<void>
Variable Write,context=Main:1#dfs:29,j=2
Variable Delete,method=Main:1#dfs:29 <name=xx,type=int (id=7),value=<?>,index=9>
Variable Delete,method=Main:1#dfs:29 <name=yy,type=int (id=7),value=<?>,index=10>
Variable Delete,method=Main:1#dfs:29 <name=flg,type=boolean (id=2),value=<?>,index=11>
Variable Delete,method=Main:1#dfs:29 <name=nlt,type=int (id=7),value=<?>,index=15>
Variable Delete,method=Main:1#dfs:29 <name=nlb,type=int (id=7),value=<?>,index=16>
Variable Delete,method=Main:1#dfs:29 <name=nrt,type=int (id=7),value=<?>,index=17>
Variable Delete,method=Main:1#dfs:29 <name=nrb,type=int (id=7),value=<?>,index=18>
Variable Delete,method=Main:1#dfs:29 <name=next,type=java.lang.String (id=25),value=<?>,index=19>
Field Read,context=Main:1,vx
Variable Write,context=Main:1#dfs:29,xx=0
Field Read,context=Main:1,vy
Variable Write,context=Main:1#dfs:29,yy=0
Method Call,caller=Main:1#dfs:29,target=Main:1#isOK:292
Variable Write,context=Main:1#isOK:292,xx=0
Variable Write,context=Main:1#isOK:292,yy=0
Variable Write,context=Main:1#isOK:292,result=true
Method Exit,returner=Main:1#isOK:292,value=true
Variable Write,context=Main:1#dfs:29,flg=true
Field Read,context=Main:1,dx
Variable Write,context=Main:1#dfs:29,k=0
Field Read,context=Main:1,dx
Variable Write,context=Main:1#dfs:29,xxx=0
Field Read,context=Main:1,dy
Variable Write,context=Main:1#dfs:29,yyy=0
Field Read,context=Main:1,data
Variable Write,context=Main:1#dfs:29,flg=false
Variable Delete,method=Main:1#dfs:29 <name=k,type=int (id=7),value=<?>,index=12>
Variable Delete,method=Main:1#dfs:29 <name=xxx,type=int (id=7),value=<?>,index=13>
Variable Delete,method=Main:1#dfs:29 <name=yyy,type=int (id=7),value=<?>,index=14>
Variable Delete,method=Main:1#dfs:29 <name=xx,type=int (id=7),value=<?>,index=9>
Variable Delete,method=Main:1#dfs:29 <name=yy,type=int (id=7),value=<?>,index=10>
Variable Delete,method=Main:1#dfs:29 <name=flg,type=boolean (id=2),value=<?>,index=11>
Field Read,context=Main:1,vx
Variable Write,context=Main:1#dfs:29,i=4
Variable Delete,method=Main:1#dfs:29 <name=j,type=int (id=7),value=<?>,index=8>
Variable Write,context=Main:1#dfs:29,j=1
Field Read,context=Main:1,vx
Variable Write,context=Main:1#dfs:29,xx=-1
Field Read,context=Main:1,vy
Variable Write,context=Main:1#dfs:29,yy=2
Method Call,caller=Main:1#dfs:29,target=Main:1#isOK:293
Variable Write,context=Main:1#isOK:293,xx=-1
Variable Write,context=Main:1#isOK:293,yy=2
Variable Write,context=Main:1#isOK:293,result=false
Method Exit,returner=Main:1#isOK:293,value=false
Variable Write,context=Main:1#dfs:29,j=2
Variable Delete,method=Main:1#dfs:29 <name=xx,type=int (id=7),value=<?>,index=9>
Variable Delete,method=Main:1#dfs:29 <name=yy,type=int (id=7),value=<?>,index=10>
Field Read,context=Main:1,vx
Variable Write,context=Main:1#dfs:29,xx=-2
Field Read,context=Main:1,vy
Variable Write,context=Main:1#dfs:29,yy=2
Method Call,caller=Main:1#dfs:29,target=Main:1#isOK:294
Variable Write,context=Main:1#isOK:294,xx=-2
Variable Write,context=Main:1#isOK:294,yy=2
Variable Write,context=Main:1#isOK:294,result=false
Method Exit,returner=Main:1#isOK:294,value=false
Variable Delete,method=Main:1#dfs:29 <name=xx,type=int (id=7),value=<?>,index=9>
Variable Delete,method=Main:1#dfs:29 <name=yy,type=int (id=7),value=<?>,index=10>
Field Read,context=Main:1,vx
Variable Delete,method=Main:1#dfs:29 <name=j,type=int (id=7),value=<?>,index=8>
Method Exit,returner=Main:1#dfs:29,value=<void>
Variable Delete,method=Main:1#dfs:23 <name=xx,type=int (id=7),value=<?>,index=9>
Variable Delete,method=Main:1#dfs:23 <name=yy,type=int (id=7),value=<?>,index=10>
Variable Delete,method=Main:1#dfs:23 <name=flg,type=boolean (id=2),value=<?>,index=11>
Variable Delete,method=Main:1#dfs:23 <name=nlt,type=int (id=7),value=<?>,index=15>
Variable Delete,method=Main:1#dfs:23 <name=nlb,type=int (id=7),value=<?>,index=16>
Variable Delete,method=Main:1#dfs:23 <name=nrt,type=int (id=7),value=<?>,index=17>
Variable Delete,method=Main:1#dfs:23 <name=nrb,type=int (id=7),value=<?>,index=18>
Variable Delete,method=Main:1#dfs:23 <name=next,type=java.lang.String (id=25),value=<?>,index=19>
Field Read,context=Main:1,vx
Variable Write,context=Main:1#dfs:23,i=2
Variable Delete,method=Main:1#dfs:23 <name=j,type=int (id=7),value=<?>,index=8>
Variable Write,context=Main:1#dfs:23,j=1
Field Read,context=Main:1,vx
Variable Write,context=Main:1#dfs:23,xx=1
Field Read,context=Main:1,vy
Variable Write,context=Main:1#dfs:23,yy=0
Method Call,caller=Main:1#dfs:23,target=Main:1#isOK:295
Variable Write,context=Main:1#isOK:295,xx=1
Variable Write,context=Main:1#isOK:295,yy=0
Variable Write,context=Main:1#isOK:295,result=true
Method Exit,returner=Main:1#isOK:295,value=true
Variable Write,context=Main:1#dfs:23,flg=true
Field Read,context=Main:1,dx
Variable Write,context=Main:1#dfs:23,k=0
Field Read,context=Main:1,dx
Variable Write,context=Main:1#dfs:23,xxx=1
Field Read,context=Main:1,dy
Variable Write,context=Main:1#dfs:23,yyy=0
Field Read,context=Main:1,data
Variable Write,context=Main:1#dfs:23,flg=false
Variable Delete,method=Main:1#dfs:23 <name=k,type=int (id=7),value=<?>,index=12>
Variable Delete,method=Main:1#dfs:23 <name=xxx,type=int (id=7),value=<?>,index=13>
Variable Delete,method=Main:1#dfs:23 <name=yyy,type=int (id=7),value=<?>,index=14>
Variable Write,context=Main:1#dfs:23,j=2
Variable Delete,method=Main:1#dfs:23 <name=xx,type=int (id=7),value=<?>,index=9>
Variable Delete,method=Main:1#dfs:23 <name=yy,type=int (id=7),value=<?>,index=10>
Variable Delete,method=Main:1#dfs:23 <name=flg,type=boolean (id=2),value=<?>,index=11>
Field Read,context=Main:1,vx
Variable Write,context=Main:1#dfs:23,xx=2
Field Read,context=Main:1,vy
Variable Write,context=Main:1#dfs:23,yy=0
Method Call,caller=Main:1#dfs:23,target=Main:1#isOK:296
Variable Write,context=Main:1#isOK:296,xx=2
Variable Write,context=Main:1#isOK:296,yy=0
Variable Write,context=Main:1#isOK:296,result=true
Method Exit,returner=Main:1#isOK:296,value=true
Variable Write,context=Main:1#dfs:23,flg=true
Field Read,context=Main:1,dx
Variable Write,context=Main:1#dfs:23,k=0
Field Read,context=Main:1,dx
Variable Write,context=Main:1#dfs:23,xxx=2
Field Read,context=Main:1,dy
Variable Write,context=Main:1#dfs:23,yyy=0
Field Read,context=Main:1,data
Field Read,context=Main:1,dx
Variable Write,context=Main:1#dfs:23,k=1
Variable Delete,method=Main:1#dfs:23 <name=xxx,type=int (id=7),value=<?>,index=13>
Variable Delete,method=Main:1#dfs:23 <name=yyy,type=int (id=7),value=<?>,index=14>
Field Read,context=Main:1,dx
Variable Write,context=Main:1#dfs:23,xxx=2
Field Read,context=Main:1,dy
Variable Write,context=Main:1#dfs:23,yyy=1
Field Read,context=Main:1,data
Field Read,context=Main:1,dx
Variable Write,context=Main:1#dfs:23,k=2
Variable Delete,method=Main:1#dfs:23 <name=xxx,type=int (id=7),value=<?>,index=13>
Variable Delete,method=Main:1#dfs:23 <name=yyy,type=int (id=7),value=<?>,index=14>
Field Read,context=Main:1,dx
Variable Write,context=Main:1#dfs:23,xxx=3
Field Read,context=Main:1,dy
Variable Write,context=Main:1#dfs:23,yyy=0
Field Read,context=Main:1,data
Variable Write,context=Main:1#dfs:23,flg=false
Variable Delete,method=Main:1#dfs:23 <name=k,type=int (id=7),value=<?>,index=12>
Variable Delete,method=Main:1#dfs:23 <name=xxx,type=int (id=7),value=<?>,index=13>
Variable Delete,method=Main:1#dfs:23 <name=yyy,type=int (id=7),value=<?>,index=14>
Variable Delete,method=Main:1#dfs:23 <name=xx,type=int (id=7),value=<?>,index=9>
Variable Delete,method=Main:1#dfs:23 <name=yy,type=int (id=7),value=<?>,index=10>
Variable Delete,method=Main:1#dfs:23 <name=flg,type=boolean (id=2),value=<?>,index=11>
Field Read,context=Main:1,vx
Variable Write,context=Main:1#dfs:23,i=3
Variable Delete,method=Main:1#dfs:23 <name=j,type=int (id=7),value=<?>,index=8>
Variable Write,context=Main:1#dfs:23,j=1
Field Read,context=Main:1,vx
Variable Write,context=Main:1#dfs:23,xx=0
Field Read,context=Main:1,vy
Variable Write,context=Main:1#dfs:23,yy=-1
Method Call,caller=Main:1#dfs:23,target=Main:1#isOK:297
Variable Write,context=Main:1#isOK:297,xx=0
Variable Write,context=Main:1#isOK:297,yy=-1
Variable Write,context=Main:1#isOK:297,result=false
Method Exit,returner=Main:1#isOK:297,value=false
Variable Write,context=Main:1#dfs:23,j=2
Variable Delete,method=Main:1#dfs:23 <name=xx,type=int (id=7),value=<?>,index=9>
Variable Delete,method=Main:1#dfs:23 <name=yy,type=int (id=7),value=<?>,index=10>
Field Read,context=Main:1,vx
Variable Write,context=Main:1#dfs:23,xx=0
Field Read,context=Main:1,vy
Variable Write,context=Main:1#dfs:23,yy=-2
Method Call,caller=Main:1#dfs:23,target=Main:1#isOK:298
Variable Write,context=Main:1#isOK:298,xx=0
Variable Write,context=Main:1#isOK:298,yy=-2
Variable Write,context=Main:1#isOK:298,result=false
Method Exit,returner=Main:1#isOK:298,value=false
Variable Delete,method=Main:1#dfs:23 <name=xx,type=int (id=7),value=<?>,index=9>
Variable Delete,method=Main:1#dfs:23 <name=yy,type=int (id=7),value=<?>,index=10>
Field Read,context=Main:1,vx
Variable Write,context=Main:1#dfs:23,i=4
Variable Delete,method=Main:1#dfs:23 <name=j,type=int (id=7),value=<?>,index=8>
Variable Write,context=Main:1#dfs:23,j=1
Field Read,context=Main:1,vx
Variable Write,context=Main:1#dfs:23,xx=-1
Field Read,context=Main:1,vy
Variable Write,context=Main:1#dfs:23,yy=0
Method Call,caller=Main:1#dfs:23,target=Main:1#isOK:299
Variable Write,context=Main:1#isOK:299,xx=-1
Variable Write,context=Main:1#isOK:299,yy=0
Variable Write,context=Main:1#isOK:299,result=false
Method Exit,returner=Main:1#isOK:299,value=false
Variable Write,context=Main:1#dfs:23,j=2
Variable Delete,method=Main:1#dfs:23 <name=xx,type=int (id=7),value=<?>,index=9>
Variable Delete,method=Main:1#dfs:23 <name=yy,type=int (id=7),value=<?>,index=10>
Field Read,context=Main:1,vx
Variable Write,context=Main:1#dfs:23,xx=-2
Field Read,context=Main:1,vy
Variable Write,context=Main:1#dfs:23,yy=0
Method Call,caller=Main:1#dfs:23,target=Main:1#isOK:300
Variable Write,context=Main:1#isOK:300,xx=-2
Variable Write,context=Main:1#isOK:300,yy=0
Variable Write,context=Main:1#isOK:300,result=false
Method Exit,returner=Main:1#isOK:300,value=false
Variable Delete,method=Main:1#dfs:23 <name=xx,type=int (id=7),value=<?>,index=9>
Variable Delete,method=Main:1#dfs:23 <name=yy,type=int (id=7),value=<?>,index=10>
Field Read,context=Main:1,vx
Variable Delete,method=Main:1#dfs:23 <name=j,type=int (id=7),value=<?>,index=8>
Method Exit,returner=Main:1#dfs:23,value=<void>
Variable Write,context=Main:1#dfs:13,j=2
Variable Delete,method=Main:1#dfs:13 <name=xx,type=int (id=7),value=<?>,index=9>
Variable Delete,method=Main:1#dfs:13 <name=yy,type=int (id=7),value=<?>,index=10>
Variable Delete,method=Main:1#dfs:13 <name=flg,type=boolean (id=2),value=<?>,index=11>
Variable Delete,method=Main:1#dfs:13 <name=nlt,type=int (id=7),value=<?>,index=15>
Variable Delete,method=Main:1#dfs:13 <name=nlb,type=int (id=7),value=<?>,index=16>
Variable Delete,method=Main:1#dfs:13 <name=nrt,type=int (id=7),value=<?>,index=17>
Variable Delete,method=Main:1#dfs:13 <name=nrb,type=int (id=7),value=<?>,index=18>
Variable Delete,method=Main:1#dfs:13 <name=next,type=java.lang.String (id=25),value=<?>,index=19>
Field Read,context=Main:1,vx
Variable Write,context=Main:1#dfs:13,xx=-1
Field Read,context=Main:1,vy
Variable Write,context=Main:1#dfs:13,yy=0
Method Call,caller=Main:1#dfs:13,target=Main:1#isOK:301
Variable Write,context=Main:1#isOK:301,xx=-1
Variable Write,context=Main:1#isOK:301,yy=0
Variable Write,context=Main:1#isOK:301,result=false
Method Exit,returner=Main:1#isOK:301,value=false
Variable Delete,method=Main:1#dfs:13 <name=xx,type=int (id=7),value=<?>,index=9>
Variable Delete,method=Main:1#dfs:13 <name=yy,type=int (id=7),value=<?>,index=10>
Field Read,context=Main:1,vx
Variable Delete,method=Main:1#dfs:13 <name=j,type=int (id=7),value=<?>,index=8>
Method Exit,returner=Main:1#dfs:13,value=<void>
Variable Delete,method=Main:1#dfs:2 <name=xx,type=int (id=7),value=<?>,index=9>
Variable Delete,method=Main:1#dfs:2 <name=yy,type=int (id=7),value=<?>,index=10>
Variable Delete,method=Main:1#dfs:2 <name=flg,type=boolean (id=2),value=<?>,index=11>
Variable Delete,method=Main:1#dfs:2 <name=nlt,type=int (id=7),value=<?>,index=15>
Variable Delete,method=Main:1#dfs:2 <name=nlb,type=int (id=7),value=<?>,index=16>
Variable Delete,method=Main:1#dfs:2 <name=nrt,type=int (id=7),value=<?>,index=17>
Variable Delete,method=Main:1#dfs:2 <name=nrb,type=int (id=7),value=<?>,index=18>
Variable Delete,method=Main:1#dfs:2 <name=next,type=java.lang.String (id=25),value=<?>,index=19>
Field Read,context=Main:1,vx
Variable Write,context=Main:1#dfs:2,i=4
Variable Delete,method=Main:1#dfs:2 <name=j,type=int (id=7),value=<?>,index=8>
Variable Write,context=Main:1#dfs:2,j=1
Field Read,context=Main:1,vx
Variable Write,context=Main:1#dfs:2,xx=0
Field Read,context=Main:1,vy
Variable Write,context=Main:1#dfs:2,yy=2
Method Call,caller=Main:1#dfs:2,target=Main:1#isOK:302
Variable Write,context=Main:1#isOK:302,xx=0
Variable Write,context=Main:1#isOK:302,yy=2
Variable Write,context=Main:1#isOK:302,result=true
Method Exit,returner=Main:1#isOK:302,value=true
Variable Write,context=Main:1#dfs:2,flg=true
Field Read,context=Main:1,dx
Variable Write,context=Main:1#dfs:2,k=0
Field Read,context=Main:1,dx
Variable Write,context=Main:1#dfs:2,xxx=0
Field Read,context=Main:1,dy
Variable Write,context=Main:1#dfs:2,yyy=2
Field Read,context=Main:1,data
Variable Write,context=Main:1#dfs:2,flg=false
Variable Delete,method=Main:1#dfs:2 <name=k,type=int (id=7),value=<?>,index=12>
Variable Delete,method=Main:1#dfs:2 <name=xxx,type=int (id=7),value=<?>,index=13>
Variable Delete,method=Main:1#dfs:2 <name=yyy,type=int (id=7),value=<?>,index=14>
Variable Write,context=Main:1#dfs:2,j=2
Variable Delete,method=Main:1#dfs:2 <name=xx,type=int (id=7),value=<?>,index=9>
Variable Delete,method=Main:1#dfs:2 <name=yy,type=int (id=7),value=<?>,index=10>
Variable Delete,method=Main:1#dfs:2 <name=flg,type=boolean (id=2),value=<?>,index=11>
Field Read,context=Main:1,vx
Variable Write,context=Main:1#dfs:2,xx=-1
Field Read,context=Main:1,vy
Variable Write,context=Main:1#dfs:2,yy=2
Method Call,caller=Main:1#dfs:2,target=Main:1#isOK:303
Variable Write,context=Main:1#isOK:303,xx=-1
Variable Write,context=Main:1#isOK:303,yy=2
Variable Write,context=Main:1#isOK:303,result=false
Method Exit,returner=Main:1#isOK:303,value=false
Variable Delete,method=Main:1#dfs:2 <name=xx,type=int (id=7),value=<?>,index=9>
Variable Delete,method=Main:1#dfs:2 <name=yy,type=int (id=7),value=<?>,index=10>
Field Read,context=Main:1,vx
Variable Delete,method=Main:1#dfs:2 <name=j,type=int (id=7),value=<?>,index=8>
Method Exit,returner=Main:1#dfs:2,value=<void>
Variable Write,context=Main:1#dfs:1,j=2
Variable Delete,method=Main:1#dfs:1 <name=xx,type=int (id=7),value=0,index=9>
Variable Delete,method=Main:1#dfs:1 <name=yy,type=int (id=7),value=1,index=10>
Variable Delete,method=Main:1#dfs:1 <name=flg,type=boolean (id=2),value=true,index=11>
Variable Delete,method=Main:1#dfs:1 <name=nlt,type=int (id=7),value=5,index=15>
Variable Delete,method=Main:1#dfs:1 <name=nlb,type=int (id=7),value=5,index=16>
Variable Delete,method=Main:1#dfs:1 <name=nrt,type=int (id=7),value=5,index=17>
Variable Delete,method=Main:1#dfs:1 <name=nrb,type=int (id=7),value=5,index=18>
Variable Delete,method=Main:1#dfs:1 <name=next,type=java.lang.String (id=25),value=2 015555,index=19>
Field Read,context=Main:1,vx
Variable Write,context=Main:1#dfs:1,xx=1
Field Read,context=Main:1,vy
Variable Write,context=Main:1#dfs:1,yy=3
Method Call,caller=Main:1#dfs:1,target=Main:1#isOK:304
Variable Write,context=Main:1#isOK:304,xx=1
Variable Write,context=Main:1#isOK:304,yy=3
Variable Write,context=Main:1#isOK:304,result=false
Method Exit,returner=Main:1#isOK:304,value=false
Variable Delete,method=Main:1#dfs:1 <name=xx,type=int (id=7),value=0,index=9>
Variable Delete,method=Main:1#dfs:1 <name=yy,type=int (id=7),value=1,index=10>
Field Read,context=Main:1,vx
Variable Write,context=Main:1#dfs:1,i=2
Variable Delete,method=Main:1#dfs:1 <name=j,type=int (id=7),value=1,index=8>
Variable Write,context=Main:1#dfs:1,j=1
Field Read,context=Main:1,vx
Variable Write,context=Main:1#dfs:1,xx=2
Field Read,context=Main:1,vy
Variable Write,context=Main:1#dfs:1,yy=1
Method Call,caller=Main:1#dfs:1,target=Main:1#isOK:305
Variable Write,context=Main:1#isOK:305,xx=2
Variable Write,context=Main:1#isOK:305,yy=1
Variable Write,context=Main:1#isOK:305,result=true
Method Exit,returner=Main:1#isOK:305,value=true
Variable Write,context=Main:1#dfs:1,flg=true
Field Read,context=Main:1,dx
Variable Write,context=Main:1#dfs:1,k=0
Field Read,context=Main:1,dx
Variable Write,context=Main:1#dfs:1,xxx=2
Field Read,context=Main:1,dy
Variable Write,context=Main:1#dfs:1,yyy=1
Field Read,context=Main:1,data
Variable Write,context=Main:1#dfs:1,flg=false
Variable Delete,method=Main:1#dfs:1 <name=k,type=int (id=7),value=<?>,index=12>
Variable Delete,method=Main:1#dfs:1 <name=xxx,type=int (id=7),value=<?>,index=13>
Variable Delete,method=Main:1#dfs:1 <name=yyy,type=int (id=7),value=<?>,index=14>
Variable Write,context=Main:1#dfs:1,j=2
Variable Delete,method=Main:1#dfs:1 <name=xx,type=int (id=7),value=0,index=9>
Variable Delete,method=Main:1#dfs:1 <name=yy,type=int (id=7),value=1,index=10>
Variable Delete,method=Main:1#dfs:1 <name=flg,type=boolean (id=2),value=true,index=11>
Field Read,context=Main:1,vx
Variable Write,context=Main:1#dfs:1,xx=3
Field Read,context=Main:1,vy
Variable Write,context=Main:1#dfs:1,yy=1
Method Call,caller=Main:1#dfs:1,target=Main:1#isOK:306
Variable Write,context=Main:1#isOK:306,xx=3
Variable Write,context=Main:1#isOK:306,yy=1
Variable Write,context=Main:1#isOK:306,result=false
Method Exit,returner=Main:1#isOK:306,value=false
Variable Delete,method=Main:1#dfs:1 <name=xx,type=int (id=7),value=0,index=9>
Variable Delete,method=Main:1#dfs:1 <name=yy,type=int (id=7),value=1,index=10>
Field Read,context=Main:1,vx
Variable Write,context=Main:1#dfs:1,i=3
Variable Delete,method=Main:1#dfs:1 <name=j,type=int (id=7),value=1,index=8>
Variable Write,context=Main:1#dfs:1,j=1
Field Read,context=Main:1,vx
Variable Write,context=Main:1#dfs:1,xx=1
Field Read,context=Main:1,vy
Variable Write,context=Main:1#dfs:1,yy=0
Method Call,caller=Main:1#dfs:1,target=Main:1#isOK:307
Variable Write,context=Main:1#isOK:307,xx=1
Variable Write,context=Main:1#isOK:307,yy=0
Variable Write,context=Main:1#isOK:307,result=true
Method Exit,returner=Main:1#isOK:307,value=true
Variable Write,context=Main:1#dfs:1,flg=true
Field Read,context=Main:1,dx
Variable Write,context=Main:1#dfs:1,k=0
Field Read,context=Main:1,dx
Variable Write,context=Main:1#dfs:1,xxx=1
Field Read,context=Main:1,dy
Variable Write,context=Main:1#dfs:1,yyy=0
Field Read,context=Main:1,data
Field Read,context=Main:1,dx
Variable Write,context=Main:1#dfs:1,k=1
Variable Delete,method=Main:1#dfs:1 <name=xxx,type=int (id=7),value=<?>,index=13>
Variable Delete,method=Main:1#dfs:1 <name=yyy,type=int (id=7),value=<?>,index=14>
Field Read,context=Main:1,dx
Variable Write,context=Main:1#dfs:1,xxx=1
Field Read,context=Main:1,dy
Variable Write,context=Main:1#dfs:1,yyy=1
Field Read,context=Main:1,data
Field Read,context=Main:1,dx
Variable Write,context=Main:1#dfs:1,k=2
Variable Delete,method=Main:1#dfs:1 <name=xxx,type=int (id=7),value=<?>,index=13>
Variable Delete,method=Main:1#dfs:1 <name=yyy,type=int (id=7),value=<?>,index=14>
Field Read,context=Main:1,dx
Variable Write,context=Main:1#dfs:1,xxx=2
Field Read,context=Main:1,dy
Variable Write,context=Main:1#dfs:1,yyy=0
Field Read,context=Main:1,data
Field Read,context=Main:1,dx
Variable Write,context=Main:1#dfs:1,k=3
Variable Delete,method=Main:1#dfs:1 <name=xxx,type=int (id=7),value=<?>,index=13>
Variable Delete,method=Main:1#dfs:1 <name=yyy,type=int (id=7),value=<?>,index=14>
Field Read,context=Main:1,dx
Variable Write,context=Main:1#dfs:1,xxx=2
Field Read,context=Main:1,dy
Variable Write,context=Main:1#dfs:1,yyy=1
Field Read,context=Main:1,data
Variable Write,context=Main:1#dfs:1,flg=false
Variable Delete,method=Main:1#dfs:1 <name=k,type=int (id=7),value=<?>,index=12>
Variable Delete,method=Main:1#dfs:1 <name=xxx,type=int (id=7),value=<?>,index=13>
Variable Delete,method=Main:1#dfs:1 <name=yyy,type=int (id=7),value=<?>,index=14>
Variable Write,context=Main:1#dfs:1,j=2
Variable Delete,method=Main:1#dfs:1 <name=xx,type=int (id=7),value=0,index=9>
Variable Delete,method=Main:1#dfs:1 <name=yy,type=int (id=7),value=1,index=10>
Variable Delete,method=Main:1#dfs:1 <name=flg,type=boolean (id=2),value=true,index=11>
Field Read,context=Main:1,vx
Variable Write,context=Main:1#dfs:1,xx=1
Field Read,context=Main:1,vy
Variable Write,context=Main:1#dfs:1,yy=-1
Method Call,caller=Main:1#dfs:1,target=Main:1#isOK:308
Variable Write,context=Main:1#isOK:308,xx=1
Variable Write,context=Main:1#isOK:308,yy=-1
Variable Write,context=Main:1#isOK:308,result=false
Method Exit,returner=Main:1#isOK:308,value=false
Variable Delete,method=Main:1#dfs:1 <name=xx,type=int (id=7),value=0,index=9>
Variable Delete,method=Main:1#dfs:1 <name=yy,type=int (id=7),value=1,index=10>
Field Read,context=Main:1,vx
Variable Write,context=Main:1#dfs:1,i=4
Variable Delete,method=Main:1#dfs:1 <name=j,type=int (id=7),value=1,index=8>
Variable Write,context=Main:1#dfs:1,j=1
Field Read,context=Main:1,vx
Variable Write,context=Main:1#dfs:1,xx=0
Field Read,context=Main:1,vy
Variable Write,context=Main:1#dfs:1,yy=1
Method Call,caller=Main:1#dfs:1,target=Main:1#isOK:309
Variable Write,context=Main:1#isOK:309,xx=0
Variable Write,context=Main:1#isOK:309,yy=1
Variable Write,context=Main:1#isOK:309,result=true
Method Exit,returner=Main:1#isOK:309,value=true
Variable Write,context=Main:1#dfs:1,flg=true
Field Read,context=Main:1,dx
Variable Write,context=Main:1#dfs:1,k=0
Field Read,context=Main:1,dx
Variable Write,context=Main:1#dfs:1,xxx=0
Field Read,context=Main:1,dy
Variable Write,context=Main:1#dfs:1,yyy=1
Field Read,context=Main:1,data
Field Read,context=Main:1,dx
Variable Write,context=Main:1#dfs:1,k=1
Variable Delete,method=Main:1#dfs:1 <name=xxx,type=int (id=7),value=<?>,index=13>
Variable Delete,method=Main:1#dfs:1 <name=yyy,type=int (id=7),value=<?>,index=14>
Field Read,context=Main:1,dx
Variable Write,context=Main:1#dfs:1,xxx=0
Field Read,context=Main:1,dy
Variable Write,context=Main:1#dfs:1,yyy=2
Field Read,context=Main:1,data
Field Read,context=Main:1,dx
Variable Write,context=Main:1#dfs:1,k=2
Variable Delete,method=Main:1#dfs:1 <name=xxx,type=int (id=7),value=<?>,index=13>
Variable Delete,method=Main:1#dfs:1 <name=yyy,type=int (id=7),value=<?>,index=14>
Field Read,context=Main:1,dx
Variable Write,context=Main:1#dfs:1,xxx=1
Field Read,context=Main:1,dy
Variable Write,context=Main:1#dfs:1,yyy=1
Field Read,context=Main:1,data
Field Read,context=Main:1,dx
Variable Write,context=Main:1#dfs:1,k=3
Variable Delete,method=Main:1#dfs:1 <name=xxx,type=int (id=7),value=<?>,index=13>
Variable Delete,method=Main:1#dfs:1 <name=yyy,type=int (id=7),value=<?>,index=14>
Field Read,context=Main:1,dx
Variable Write,context=Main:1#dfs:1,xxx=1
Field Read,context=Main:1,dy
Variable Write,context=Main:1#dfs:1,yyy=2
Field Read,context=Main:1,data
Field Read,context=Main:1,dx
Variable Delete,method=Main:1#dfs:1 <name=xxx,type=int (id=7),value=<?>,index=13>
Variable Delete,method=Main:1#dfs:1 <name=yyy,type=int (id=7),value=<?>,index=14>
Variable Delete,method=Main:1#dfs:1 <name=k,type=int (id=7),value=<?>,index=12>
Variable Write,context=Main:1#dfs:1,nlt=5
Variable Write,context=Main:1#dfs:1,nlb=5
Variable Write,context=Main:1#dfs:1,nrt=5
Variable Write,context=Main:1#dfs:1,nrb=5
Variable Write,context=Main:1#dfs:1,next=2 015555
Field Read,context=Main:1,close
Field Read,context=Main:1,close
Method Call,caller=Main:1#dfs:1,target=Main:1#dfs:32
Variable Write,context=Main:1#dfs:32,lt=5
Variable Write,context=Main:1#dfs:32,lb=5
Variable Write,context=Main:1#dfs:32,rt=5
Variable Write,context=Main:1#dfs:32,rb=5
Variable Write,context=Main:1#dfs:32,deep=2
Variable Write,context=Main:1#dfs:32,x=0
Variable Write,context=Main:1#dfs:32,y=1
Field Read,context=Main:1,n
Field Read,context=Main:1,vx
Variable Write,context=Main:1#dfs:32,i=0
Variable Write,context=Main:1#dfs:32,j=1
Field Read,context=Main:1,vx
Variable Write,context=Main:1#dfs:32,xx=0
Field Read,context=Main:1,vy
Variable Write,context=Main:1#dfs:32,yy=1
Method Call,caller=Main:1#dfs:32,target=Main:1#isOK:310
Variable Write,context=Main:1#isOK:310,xx=0
Variable Write,context=Main:1#isOK:310,yy=1
Variable Write,context=Main:1#isOK:310,result=true
Method Exit,returner=Main:1#isOK:310,value=true
Variable Write,context=Main:1#dfs:32,flg=true
Field Read,context=Main:1,dx
Variable Write,context=Main:1#dfs:32,k=0
Field Read,context=Main:1,dx
Variable Write,context=Main:1#dfs:32,xxx=0
Field Read,context=Main:1,dy
Variable Write,context=Main:1#dfs:32,yyy=1
Field Read,context=Main:1,data
Field Read,context=Main:1,dx
Variable Write,context=Main:1#dfs:32,k=1
Variable Delete,method=Main:1#dfs:32 <name=xxx,type=int (id=7),value=<?>,index=13>
Variable Delete,method=Main:1#dfs:32 <name=yyy,type=int (id=7),value=<?>,index=14>
Field Read,context=Main:1,dx
Variable Write,context=Main:1#dfs:32,xxx=0
Field Read,context=Main:1,dy
Variable Write,context=Main:1#dfs:32,yyy=2
Field Read,context=Main:1,data
Variable Write,context=Main:1#dfs:32,flg=false
Variable Delete,method=Main:1#dfs:32 <name=k,type=int (id=7),value=<?>,index=12>
Variable Delete,method=Main:1#dfs:32 <name=xxx,type=int (id=7),value=<?>,index=13>
Variable Delete,method=Main:1#dfs:32 <name=yyy,type=int (id=7),value=<?>,index=14>
Variable Write,context=Main:1#dfs:32,j=2
Variable Delete,method=Main:1#dfs:32 <name=xx,type=int (id=7),value=0,index=9>
Variable Delete,method=Main:1#dfs:32 <name=yy,type=int (id=7),value=0,index=10>
Variable Delete,method=Main:1#dfs:32 <name=flg,type=boolean (id=2),value=true,index=11>
Field Read,context=Main:1,vx
Variable Write,context=Main:1#dfs:32,xx=0
Field Read,context=Main:1,vy
Variable Write,context=Main:1#dfs:32,yy=1
Method Call,caller=Main:1#dfs:32,target=Main:1#isOK:311
Variable Write,context=Main:1#isOK:311,xx=0
Variable Write,context=Main:1#isOK:311,yy=1
Variable Write,context=Main:1#isOK:311,result=true
Method Exit,returner=Main:1#isOK:311,value=true
Variable Write,context=Main:1#dfs:32,flg=true
Field Read,context=Main:1,dx
Variable Write,context=Main:1#dfs:32,k=0
Field Read,context=Main:1,dx
Variable Write,context=Main:1#dfs:32,xxx=0
Field Read,context=Main:1,dy
Variable Write,context=Main:1#dfs:32,yyy=1
Field Read,context=Main:1,data
Field Read,context=Main:1,dx
Variable Write,context=Main:1#dfs:32,k=1
Variable Delete,method=Main:1#dfs:32 <name=xxx,type=int (id=7),value=<?>,index=13>
Variable Delete,method=Main:1#dfs:32 <name=yyy,type=int (id=7),value=<?>,index=14>
Field Read,context=Main:1,dx
Variable Write,context=Main:1#dfs:32,xxx=0
Field Read,context=Main:1,dy
Variable Write,context=Main:1#dfs:32,yyy=2
Field Read,context=Main:1,data
Variable Write,context=Main:1#dfs:32,flg=false
Variable Delete,method=Main:1#dfs:32 <name=k,type=int (id=7),value=<?>,index=12>
Variable Delete,method=Main:1#dfs:32 <name=xxx,type=int (id=7),value=<?>,index=13>
Variable Delete,method=Main:1#dfs:32 <name=yyy,type=int (id=7),value=<?>,index=14>
Variable Delete,method=Main:1#dfs:32 <name=xx,type=int (id=7),value=0,index=9>
Variable Delete,method=Main:1#dfs:32 <name=yy,type=int (id=7),value=0,index=10>
Variable Delete,method=Main:1#dfs:32 <name=flg,type=boolean (id=2),value=true,index=11>
Field Read,context=Main:1,vx
Variable Write,context=Main:1#dfs:32,i=1
Variable Delete,method=Main:1#dfs:32 <name=j,type=int (id=7),value=1,index=8>
Variable Write,context=Main:1#dfs:32,j=1
Field Read,context=Main:1,vx
Variable Write,context=Main:1#dfs:32,xx=0
Field Read,context=Main:1,vy
Variable Write,context=Main:1#dfs:32,yy=2
Method Call,caller=Main:1#dfs:32,target=Main:1#isOK:312
Variable Write,context=Main:1#isOK:312,xx=0
Variable Write,context=Main:1#isOK:312,yy=2
Variable Write,context=Main:1#isOK:312,result=true
Method Exit,returner=Main:1#isOK:312,value=true
Variable Write,context=Main:1#dfs:32,flg=true
Field Read,context=Main:1,dx
Variable Write,context=Main:1#dfs:32,k=0
Field Read,context=Main:1,dx
Variable Write,context=Main:1#dfs:32,xxx=0
Field Read,context=Main:1,dy
Variable Write,context=Main:1#dfs:32,yyy=2
Field Read,context=Main:1,data
Variable Write,context=Main:1#dfs:32,flg=false
Variable Delete,method=Main:1#dfs:32 <name=k,type=int (id=7),value=<?>,index=12>
Variable Delete,method=Main:1#dfs:32 <name=xxx,type=int (id=7),value=<?>,index=13>
Variable Delete,method=Main:1#dfs:32 <name=yyy,type=int (id=7),value=<?>,index=14>
Variable Write,context=Main:1#dfs:32,j=2
Variable Delete,method=Main:1#dfs:32 <name=xx,type=int (id=7),value=0,index=9>
Variable Delete,method=Main:1#dfs:32 <name=yy,type=int (id=7),value=0,index=10>
Variable Delete,method=Main:1#dfs:32 <name=flg,type=boolean (id=2),value=true,index=11>
Field Read,context=Main:1,vx
Variable Write,context=Main:1#dfs:32,xx=0
Field Read,context=Main:1,vy
Variable Write,context=Main:1#dfs:32,yy=3
Method Call,caller=Main:1#dfs:32,target=Main:1#isOK:313
Variable Write,context=Main:1#isOK:313,xx=0
Variable Write,context=Main:1#isOK:313,yy=3
Variable Write,context=Main:1#isOK:313,result=false
Method Exit,returner=Main:1#isOK:313,value=false
Variable Delete,method=Main:1#dfs:32 <name=xx,type=int (id=7),value=0,index=9>
Variable Delete,method=Main:1#dfs:32 <name=yy,type=int (id=7),value=0,index=10>
Field Read,context=Main:1,vx
Variable Write,context=Main:1#dfs:32,i=2
Variable Delete,method=Main:1#dfs:32 <name=j,type=int (id=7),value=1,index=8>
Variable Write,context=Main:1#dfs:32,j=1
Field Read,context=Main:1,vx
Variable Write,context=Main:1#dfs:32,xx=1
Field Read,context=Main:1,vy
Variable Write,context=Main:1#dfs:32,yy=1
Method Call,caller=Main:1#dfs:32,target=Main:1#isOK:314
Variable Write,context=Main:1#isOK:314,xx=1
Variable Write,context=Main:1#isOK:314,yy=1
Variable Write,context=Main:1#isOK:314,result=true
Method Exit,returner=Main:1#isOK:314,value=true
Variable Write,context=Main:1#dfs:32,flg=true
Field Read,context=Main:1,dx
Variable Write,context=Main:1#dfs:32,k=0
Field Read,context=Main:1,dx
Variable Write,context=Main:1#dfs:32,xxx=1
Field Read,context=Main:1,dy
Variable Write,context=Main:1#dfs:32,yyy=1
Field Read,context=Main:1,data
Field Read,context=Main:1,dx
Variable Write,context=Main:1#dfs:32,k=1
Variable Delete,method=Main:1#dfs:32 <name=xxx,type=int (id=7),value=<?>,index=13>
Variable Delete,method=Main:1#dfs:32 <name=yyy,type=int (id=7),value=<?>,index=14>
Field Read,context=Main:1,dx
Variable Write,context=Main:1#dfs:32,xxx=1
Field Read,context=Main:1,dy
Variable Write,context=Main:1#dfs:32,yyy=2
Field Read,context=Main:1,data
Field Read,context=Main:1,dx
Variable Write,context=Main:1#dfs:32,k=2
Variable Delete,method=Main:1#dfs:32 <name=xxx,type=int (id=7),value=<?>,index=13>
Variable Delete,method=Main:1#dfs:32 <name=yyy,type=int (id=7),value=<?>,index=14>
Field Read,context=Main:1,dx
Variable Write,context=Main:1#dfs:32,xxx=2
Field Read,context=Main:1,dy
Variable Write,context=Main:1#dfs:32,yyy=1
Field Read,context=Main:1,data
Field Read,context=Main:1,dx
Variable Write,context=Main:1#dfs:32,k=3
Variable Delete,method=Main:1#dfs:32 <name=xxx,type=int (id=7),value=<?>,index=13>
Variable Delete,method=Main:1#dfs:32 <name=yyy,type=int (id=7),value=<?>,index=14>
Field Read,context=Main:1,dx
Variable Write,context=Main:1#dfs:32,xxx=2
Field Read,context=Main:1,dy
Variable Write,context=Main:1#dfs:32,yyy=2
Field Read,context=Main:1,data
Field Read,context=Main:1,dx
Variable Delete,method=Main:1#dfs:32 <name=xxx,type=int (id=7),value=<?>,index=13>
Variable Delete,method=Main:1#dfs:32 <name=yyy,type=int (id=7),value=<?>,index=14>
Variable Delete,method=Main:1#dfs:32 <name=k,type=int (id=7),value=<?>,index=12>
Variable Write,context=Main:1#dfs:32,nlt=4
Variable Write,context=Main:1#dfs:32,nlb=4
Variable Write,context=Main:1#dfs:32,nrt=4
Variable Write,context=Main:1#dfs:32,nrb=4
Variable Write,context=Main:1#dfs:32,next=3 114444
Field Read,context=Main:1,close
Variable Write,context=Main:1#dfs:32,j=2
Variable Delete,method=Main:1#dfs:32 <name=xx,type=int (id=7),value=0,index=9>
Variable Delete,method=Main:1#dfs:32 <name=yy,type=int (id=7),value=0,index=10>
Variable Delete,method=Main:1#dfs:32 <name=flg,type=boolean (id=2),value=true,index=11>
Variable Delete,method=Main:1#dfs:32 <name=nlt,type=int (id=7),value=7,index=15>
Variable Delete,method=Main:1#dfs:32 <name=nlb,type=int (id=7),value=4,index=16>
Variable Delete,method=Main:1#dfs:32 <name=nrt,type=int (id=7),value=4,index=17>
Variable Delete,method=Main:1#dfs:32 <name=nrb,type=int (id=7),value=4,index=18>
Variable Delete,method=Main:1#dfs:32 <name=next,type=java.lang.String (id=25),value=3 007444,index=19>
Field Read,context=Main:1,vx
Variable Write,context=Main:1#dfs:32,xx=2
Field Read,context=Main:1,vy
Variable Write,context=Main:1#dfs:32,yy=1
Method Call,caller=Main:1#dfs:32,target=Main:1#isOK:315
Variable Write,context=Main:1#isOK:315,xx=2
Variable Write,context=Main:1#isOK:315,yy=1
Variable Write,context=Main:1#isOK:315,result=true
Method Exit,returner=Main:1#isOK:315,value=true
Variable Write,context=Main:1#dfs:32,flg=true
Field Read,context=Main:1,dx
Variable Write,context=Main:1#dfs:32,k=0
Field Read,context=Main:1,dx
Variable Write,context=Main:1#dfs:32,xxx=2
Field Read,context=Main:1,dy
Variable Write,context=Main:1#dfs:32,yyy=1
Field Read,context=Main:1,data
Field Read,context=Main:1,dx
Variable Write,context=Main:1#dfs:32,k=1
Variable Delete,method=Main:1#dfs:32 <name=xxx,type=int (id=7),value=<?>,index=13>
Variable Delete,method=Main:1#dfs:32 <name=yyy,type=int (id=7),value=<?>,index=14>
Field Read,context=Main:1,dx
Variable Write,context=Main:1#dfs:32,xxx=2
Field Read,context=Main:1,dy
Variable Write,context=Main:1#dfs:32,yyy=2
Field Read,context=Main:1,data
Field Read,context=Main:1,dx
Variable Write,context=Main:1#dfs:32,k=2
Variable Delete,method=Main:1#dfs:32 <name=xxx,type=int (id=7),value=<?>,index=13>
Variable Delete,method=Main:1#dfs:32 <name=yyy,type=int (id=7),value=<?>,index=14>
Field Read,context=Main:1,dx
Variable Write,context=Main:1#dfs:32,xxx=3
Field Read,context=Main:1,dy
Variable Write,context=Main:1#dfs:32,yyy=1
Field Read,context=Main:1,data
Field Read,context=Main:1,dx
Variable Write,context=Main:1#dfs:32,k=3
Variable Delete,method=Main:1#dfs:32 <name=xxx,type=int (id=7),value=<?>,index=13>
Variable Delete,method=Main:1#dfs:32 <name=yyy,type=int (id=7),value=<?>,index=14>
Field Read,context=Main:1,dx
Variable Write,context=Main:1#dfs:32,xxx=3
Field Read,context=Main:1,dy
Variable Write,context=Main:1#dfs:32,yyy=2
Field Read,context=Main:1,data
Field Read,context=Main:1,dx
Variable Delete,method=Main:1#dfs:32 <name=xxx,type=int (id=7),value=<?>,index=13>
Variable Delete,method=Main:1#dfs:32 <name=yyy,type=int (id=7),value=<?>,index=14>
Variable Delete,method=Main:1#dfs:32 <name=k,type=int (id=7),value=<?>,index=12>
Variable Write,context=Main:1#dfs:32,nlt=4
Variable Write,context=Main:1#dfs:32,nlb=4
Variable Write,context=Main:1#dfs:32,nrt=4
Variable Write,context=Main:1#dfs:32,nrb=4
Variable Write,context=Main:1#dfs:32,next=3 214444
Field Read,context=Main:1,close
Field Read,context=Main:1,close
Method Call,caller=Main:1#dfs:32,target=Main:1#dfs:33
Variable Write,context=Main:1#dfs:33,lt=4
Variable Write,context=Main:1#dfs:33,lb=4
Variable Write,context=Main:1#dfs:33,rt=4
Variable Write,context=Main:1#dfs:33,rb=4
Variable Write,context=Main:1#dfs:33,deep=3
Variable Write,context=Main:1#dfs:33,x=2
Variable Write,context=Main:1#dfs:33,y=1
Field Read,context=Main:1,n
Field Read,context=Main:1,vx
Variable Write,context=Main:1#dfs:33,i=0
Variable Write,context=Main:1#dfs:33,j=1
Field Read,context=Main:1,vx
Variable Write,context=Main:1#dfs:33,xx=2
Field Read,context=Main:1,vy
Variable Write,context=Main:1#dfs:33,yy=1
Method Call,caller=Main:1#dfs:33,target=Main:1#isOK:316
Variable Write,context=Main:1#isOK:316,xx=2
Variable Write,context=Main:1#isOK:316,yy=1
Variable Write,context=Main:1#isOK:316,result=true
Method Exit,returner=Main:1#isOK:316,value=true
Variable Write,context=Main:1#dfs:33,flg=true
Field Read,context=Main:1,dx
Variable Write,context=Main:1#dfs:33,k=0
Field Read,context=Main:1,dx
Variable Write,context=Main:1#dfs:33,xxx=2
Field Read,context=Main:1,dy
Variable Write,context=Main:1#dfs:33,yyy=1
Field Read,context=Main:1,data
Field Read,context=Main:1,dx
Variable Write,context=Main:1#dfs:33,k=1
Variable Delete,method=Main:1#dfs:33 <name=xxx,type=int (id=7),value=<?>,index=13>
Variable Delete,method=Main:1#dfs:33 <name=yyy,type=int (id=7),value=<?>,index=14>
Field Read,context=Main:1,dx
Variable Write,context=Main:1#dfs:33,xxx=2
Field Read,context=Main:1,dy
Variable Write,context=Main:1#dfs:33,yyy=2
Field Read,context=Main:1,data
Field Read,context=Main:1,dx
Variable Write,context=Main:1#dfs:33,k=2
Variable Delete,method=Main:1#dfs:33 <name=xxx,type=int (id=7),value=<?>,index=13>
Variable Delete,method=Main:1#dfs:33 <name=yyy,type=int (id=7),value=<?>,index=14>
Field Read,context=Main:1,dx
Variable Write,context=Main:1#dfs:33,xxx=3
Field Read,context=Main:1,dy
Variable Write,context=Main:1#dfs:33,yyy=1
Field Read,context=Main:1,data
Field Read,context=Main:1,dx
Variable Write,context=Main:1#dfs:33,k=3
Variable Delete,method=Main:1#dfs:33 <name=xxx,type=int (id=7),value=<?>,index=13>
Variable Delete,method=Main:1#dfs:33 <name=yyy,type=int (id=7),value=<?>,index=14>
Field Read,context=Main:1,dx
Variable Write,context=Main:1#dfs:33,xxx=3
Field Read,context=Main:1,dy
Variable Write,context=Main:1#dfs:33,yyy=2
Field Read,context=Main:1,data
Variable Write,context=Main:1#dfs:33,flg=false
Variable Delete,method=Main:1#dfs:33 <name=k,type=int (id=7),value=<?>,index=12>
Variable Delete,method=Main:1#dfs:33 <name=xxx,type=int (id=7),value=<?>,index=13>
Variable Delete,method=Main:1#dfs:33 <name=yyy,type=int (id=7),value=<?>,index=14>
Variable Write,context=Main:1#dfs:33,j=2
Variable Delete,method=Main:1#dfs:33 <name=xx,type=int (id=7),value=<?>,index=9>
Variable Delete,method=Main:1#dfs:33 <name=yy,type=int (id=7),value=<?>,index=10>
Variable Delete,method=Main:1#dfs:33 <name=flg,type=boolean (id=2),value=<?>,index=11>
Field Read,context=Main:1,vx
Variable Write,context=Main:1#dfs:33,xx=2
Field Read,context=Main:1,vy
Variable Write,context=Main:1#dfs:33,yy=1
Method Call,caller=Main:1#dfs:33,target=Main:1#isOK:317
Variable Write,context=Main:1#isOK:317,xx=2
Variable Write,context=Main:1#isOK:317,yy=1
Variable Write,context=Main:1#isOK:317,result=true
Method Exit,returner=Main:1#isOK:317,value=true
Variable Write,context=Main:1#dfs:33,flg=true
Field Read,context=Main:1,dx
Variable Write,context=Main:1#dfs:33,k=0
Field Read,context=Main:1,dx
Variable Write,context=Main:1#dfs:33,xxx=2
Field Read,context=Main:1,dy
Variable Write,context=Main:1#dfs:33,yyy=1
Field Read,context=Main:1,data
Field Read,context=Main:1,dx
Variable Write,context=Main:1#dfs:33,k=1
Variable Delete,method=Main:1#dfs:33 <name=xxx,type=int (id=7),value=<?>,index=13>
Variable Delete,method=Main:1#dfs:33 <name=yyy,type=int (id=7),value=<?>,index=14>
Field Read,context=Main:1,dx
Variable Write,context=Main:1#dfs:33,xxx=2
Field Read,context=Main:1,dy
Variable Write,context=Main:1#dfs:33,yyy=2
Field Read,context=Main:1,data
Field Read,context=Main:1,dx
Variable Write,context=Main:1#dfs:33,k=2
Variable Delete,method=Main:1#dfs:33 <name=xxx,type=int (id=7),value=<?>,index=13>
Variable Delete,method=Main:1#dfs:33 <name=yyy,type=int (id=7),value=<?>,index=14>
Field Read,context=Main:1,dx
Variable Write,context=Main:1#dfs:33,xxx=3
Field Read,context=Main:1,dy
Variable Write,context=Main:1#dfs:33,yyy=1
Field Read,context=Main:1,data
Field Read,context=Main:1,dx
Variable Write,context=Main:1#dfs:33,k=3
Variable Delete,method=Main:1#dfs:33 <name=xxx,type=int (id=7),value=<?>,index=13>
Variable Delete,method=Main:1#dfs:33 <name=yyy,type=int (id=7),value=<?>,index=14>
Field Read,context=Main:1,dx
Variable Write,context=Main:1#dfs:33,xxx=3
Field Read,context=Main:1,dy
Variable Write,context=Main:1#dfs:33,yyy=2
Field Read,context=Main:1,data
Variable Write,context=Main:1#dfs:33,flg=false
Variable Delete,method=Main:1#dfs:33 <name=k,type=int (id=7),value=<?>,index=12>
Variable Delete,method=Main:1#dfs:33 <name=xxx,type=int (id=7),value=<?>,index=13>
Variable Delete,method=Main:1#dfs:33 <name=yyy,type=int (id=7),value=<?>,index=14>
Variable Delete,method=Main:1#dfs:33 <name=xx,type=int (id=7),value=<?>,index=9>
Variable Delete,method=Main:1#dfs:33 <name=yy,type=int (id=7),value=<?>,index=10>
Variable Delete,method=Main:1#dfs:33 <name=flg,type=boolean (id=2),value=<?>,index=11>
Field Read,context=Main:1,vx
Variable Write,context=Main:1#dfs:33,i=1
Variable Delete,method=Main:1#dfs:33 <name=j,type=int (id=7),value=<?>,index=8>
Variable Write,context=Main:1#dfs:33,j=1
Field Read,context=Main:1,vx
Variable Write,context=Main:1#dfs:33,xx=2
Field Read,context=Main:1,vy
Variable Write,context=Main:1#dfs:33,yy=2
Method Call,caller=Main:1#dfs:33,target=Main:1#isOK:318
Variable Write,context=Main:1#isOK:318,xx=2
Variable Write,context=Main:1#isOK:318,yy=2
Variable Write,context=Main:1#isOK:318,result=true
Method Exit,returner=Main:1#isOK:318,value=true
Variable Write,context=Main:1#dfs:33,flg=true
Field Read,context=Main:1,dx
Variable Write,context=Main:1#dfs:33,k=0
Field Read,context=Main:1,dx
Variable Write,context=Main:1#dfs:33,xxx=2
Field Read,context=Main:1,dy
Variable Write,context=Main:1#dfs:33,yyy=2
Field Read,context=Main:1,data
Field Read,context=Main:1,dx
Variable Write,context=Main:1#dfs:33,k=1
Variable Delete,method=Main:1#dfs:33 <name=xxx,type=int (id=7),value=<?>,index=13>
Variable Delete,method=Main:1#dfs:33 <name=yyy,type=int (id=7),value=<?>,index=14>
Field Read,context=Main:1,dx
Variable Write,context=Main:1#dfs:33,xxx=2
Field Read,context=Main:1,dy
Variable Write,context=Main:1#dfs:33,yyy=3
Field Read,context=Main:1,data
Field Read,context=Main:1,dx
Variable Write,context=Main:1#dfs:33,k=2
Variable Delete,method=Main:1#dfs:33 <name=xxx,type=int (id=7),value=<?>,index=13>
Variable Delete,method=Main:1#dfs:33 <name=yyy,type=int (id=7),value=<?>,index=14>
Field Read,context=Main:1,dx
Variable Write,context=Main:1#dfs:33,xxx=3
Field Read,context=Main:1,dy
Variable Write,context=Main:1#dfs:33,yyy=2
Field Read,context=Main:1,data
Variable Write,context=Main:1#dfs:33,flg=false
Variable Delete,method=Main:1#dfs:33 <name=k,type=int (id=7),value=<?>,index=12>
Variable Delete,method=Main:1#dfs:33 <name=xxx,type=int (id=7),value=<?>,index=13>
Variable Delete,method=Main:1#dfs:33 <name=yyy,type=int (id=7),value=<?>,index=14>
Variable Write,context=Main:1#dfs:33,j=2
Variable Delete,method=Main:1#dfs:33 <name=xx,type=int (id=7),value=<?>,index=9>
Variable Delete,method=Main:1#dfs:33 <name=yy,type=int (id=7),value=<?>,index=10>
Variable Delete,method=Main:1#dfs:33 <name=flg,type=boolean (id=2),value=<?>,index=11>
Field Read,context=Main:1,vx
Variable Write,context=Main:1#dfs:33,xx=2
Field Read,context=Main:1,vy
Variable Write,context=Main:1#dfs:33,yy=3
Method Call,caller=Main:1#dfs:33,target=Main:1#isOK:319
Variable Write,context=Main:1#isOK:319,xx=2
Variable Write,context=Main:1#isOK:319,yy=3
Variable Write,context=Main:1#isOK:319,result=false
Method Exit,returner=Main:1#isOK:319,value=false
Variable Delete,method=Main:1#dfs:33 <name=xx,type=int (id=7),value=<?>,index=9>
Variable Delete,method=Main:1#dfs:33 <name=yy,type=int (id=7),value=<?>,index=10>
Field Read,context=Main:1,vx
Variable Write,context=Main:1#dfs:33,i=2
Variable Delete,method=Main:1#dfs:33 <name=j,type=int (id=7),value=<?>,index=8>
Variable Write,context=Main:1#dfs:33,j=1
Field Read,context=Main:1,vx
Variable Write,context=Main:1#dfs:33,xx=3
Field Read,context=Main:1,vy
Variable Write,context=Main:1#dfs:33,yy=1
Method Call,caller=Main:1#dfs:33,target=Main:1#isOK:320
Variable Write,context=Main:1#isOK:320,xx=3
Variable Write,context=Main:1#isOK:320,yy=1
Variable Write,context=Main:1#isOK:320,result=false
Method Exit,returner=Main:1#isOK:320,value=false
Variable Write,context=Main:1#dfs:33,j=2
Variable Delete,method=Main:1#dfs:33 <name=xx,type=int (id=7),value=<?>,index=9>
Variable Delete,method=Main:1#dfs:33 <name=yy,type=int (id=7),value=<?>,index=10>
Field Read,context=Main:1,vx
Variable Write,context=Main:1#dfs:33,xx=4
Field Read,context=Main:1,vy
Variable Write,context=Main:1#dfs:33,yy=1
Method Call,caller=Main:1#dfs:33,target=Main:1#isOK:321
Variable Write,context=Main:1#isOK:321,xx=4
Variable Write,context=Main:1#isOK:321,yy=1
Variable Write,context=Main:1#isOK:321,result=false
Method Exit,returner=Main:1#isOK:321,value=false
Variable Delete,method=Main:1#dfs:33 <name=xx,type=int (id=7),value=<?>,index=9>
Variable Delete,method=Main:1#dfs:33 <name=yy,type=int (id=7),value=<?>,index=10>
Field Read,context=Main:1,vx
Variable Write,context=Main:1#dfs:33,i=3
Variable Delete,method=Main:1#dfs:33 <name=j,type=int (id=7),value=<?>,index=8>
Variable Write,context=Main:1#dfs:33,j=1
Field Read,context=Main:1,vx
Variable Write,context=Main:1#dfs:33,xx=2
Field Read,context=Main:1,vy
Variable Write,context=Main:1#dfs:33,yy=0
Method Call,caller=Main:1#dfs:33,target=Main:1#isOK:322
Variable Write,context=Main:1#isOK:322,xx=2
Variable Write,context=Main:1#isOK:322,yy=0
Variable Write,context=Main:1#isOK:322,result=true
Method Exit,returner=Main:1#isOK:322,value=true
Variable Write,context=Main:1#dfs:33,flg=true
Field Read,context=Main:1,dx
Variable Write,context=Main:1#dfs:33,k=0
Field Read,context=Main:1,dx
Variable Write,context=Main:1#dfs:33,xxx=2
Field Read,context=Main:1,dy
Variable Write,context=Main:1#dfs:33,yyy=0
Field Read,context=Main:1,data
Field Read,context=Main:1,dx
Variable Write,context=Main:1#dfs:33,k=1
Variable Delete,method=Main:1#dfs:33 <name=xxx,type=int (id=7),value=<?>,index=13>
Variable Delete,method=Main:1#dfs:33 <name=yyy,type=int (id=7),value=<?>,index=14>
Field Read,context=Main:1,dx
Variable Write,context=Main:1#dfs:33,xxx=2
Field Read,context=Main:1,dy
Variable Write,context=Main:1#dfs:33,yyy=1
Field Read,context=Main:1,data
Field Read,context=Main:1,dx
Variable Write,context=Main:1#dfs:33,k=2
Variable Delete,method=Main:1#dfs:33 <name=xxx,type=int (id=7),value=<?>,index=13>
Variable Delete,method=Main:1#dfs:33 <name=yyy,type=int (id=7),value=<?>,index=14>
Field Read,context=Main:1,dx
Variable Write,context=Main:1#dfs:33,xxx=3
Field Read,context=Main:1,dy
Variable Write,context=Main:1#dfs:33,yyy=0
Field Read,context=Main:1,data
Field Read,context=Main:1,dx
Variable Write,context=Main:1#dfs:33,k=3
Variable Delete,method=Main:1#dfs:33 <name=xxx,type=int (id=7),value=<?>,index=13>
Variable Delete,method=Main:1#dfs:33 <name=yyy,type=int (id=7),value=<?>,index=14>
Field Read,context=Main:1,dx
Variable Write,context=Main:1#dfs:33,xxx=3
Field Read,context=Main:1,dy
Variable Write,context=Main:1#dfs:33,yyy=1
Field Read,context=Main:1,data
Field Read,context=Main:1,dx
Variable Delete,method=Main:1#dfs:33 <name=xxx,type=int (id=7),value=<?>,index=13>
Variable Delete,method=Main:1#dfs:33 <name=yyy,type=int (id=7),value=<?>,index=14>
Variable Delete,method=Main:1#dfs:33 <name=k,type=int (id=7),value=<?>,index=12>
Variable Write,context=Main:1#dfs:33,nlt=3
Variable Write,context=Main:1#dfs:33,nlb=3
Variable Write,context=Main:1#dfs:33,nrt=3
Variable Write,context=Main:1#dfs:33,nrb=3
Variable Write,context=Main:1#dfs:33,nrt=7
Variable Write,context=Main:1#dfs:33,next=4 203373
Field Read,context=Main:1,close
Variable Write,context=Main:1#dfs:33,j=2
Variable Delete,method=Main:1#dfs:33 <name=xx,type=int (id=7),value=<?>,index=9>
Variable Delete,method=Main:1#dfs:33 <name=yy,type=int (id=7),value=<?>,index=10>
Variable Delete,method=Main:1#dfs:33 <name=flg,type=boolean (id=2),value=<?>,index=11>
Variable Delete,method=Main:1#dfs:33 <name=nlt,type=int (id=7),value=<?>,index=15>
Variable Delete,method=Main:1#dfs:33 <name=nlb,type=int (id=7),value=<?>,index=16>
Variable Delete,method=Main:1#dfs:33 <name=nrt,type=int (id=7),value=<?>,index=17>
Variable Delete,method=Main:1#dfs:33 <name=nrb,type=int (id=7),value=<?>,index=18>
Variable Delete,method=Main:1#dfs:33 <name=next,type=java.lang.String (id=25),value=<?>,index=19>
Field Read,context=Main:1,vx
Variable Write,context=Main:1#dfs:33,xx=2
Field Read,context=Main:1,vy
Variable Write,context=Main:1#dfs:33,yy=-1
Method Call,caller=Main:1#dfs:33,target=Main:1#isOK:323
Variable Write,context=Main:1#isOK:323,xx=2
Variable Write,context=Main:1#isOK:323,yy=-1
Variable Write,context=Main:1#isOK:323,result=false
Method Exit,returner=Main:1#isOK:323,value=false
Variable Delete,method=Main:1#dfs:33 <name=xx,type=int (id=7),value=<?>,index=9>
Variable Delete,method=Main:1#dfs:33 <name=yy,type=int (id=7),value=<?>,index=10>
Field Read,context=Main:1,vx
Variable Write,context=Main:1#dfs:33,i=4
Variable Delete,method=Main:1#dfs:33 <name=j,type=int (id=7),value=<?>,index=8>
Variable Write,context=Main:1#dfs:33,j=1
Field Read,context=Main:1,vx
Variable Write,context=Main:1#dfs:33,xx=1
Field Read,context=Main:1,vy
Variable Write,context=Main:1#dfs:33,yy=1
Method Call,caller=Main:1#dfs:33,target=Main:1#isOK:324
Variable Write,context=Main:1#isOK:324,xx=1
Variable Write,context=Main:1#isOK:324,yy=1
Variable Write,context=Main:1#isOK:324,result=true
Method Exit,returner=Main:1#isOK:324,value=true
Variable Write,context=Main:1#dfs:33,flg=true
Field Read,context=Main:1,dx
Variable Write,context=Main:1#dfs:33,k=0
Field Read,context=Main:1,dx
Variable Write,context=Main:1#dfs:33,xxx=1
Field Read,context=Main:1,dy
Variable Write,context=Main:1#dfs:33,yyy=1
Field Read,context=Main:1,data
Field Read,context=Main:1,dx
Variable Write,context=Main:1#dfs:33,k=1
Variable Delete,method=Main:1#dfs:33 <name=xxx,type=int (id=7),value=<?>,index=13>
Variable Delete,method=Main:1#dfs:33 <name=yyy,type=int (id=7),value=<?>,index=14>
Field Read,context=Main:1,dx
Variable Write,context=Main:1#dfs:33,xxx=1
Field Read,context=Main:1,dy
Variable Write,context=Main:1#dfs:33,yyy=2
Field Read,context=Main:1,data
Variable Write,context=Main:1#dfs:33,flg=false
Variable Delete,method=Main:1#dfs:33 <name=k,type=int (id=7),value=<?>,index=12>
Variable Delete,method=Main:1#dfs:33 <name=xxx,type=int (id=7),value=<?>,index=13>
Variable Delete,method=Main:1#dfs:33 <name=yyy,type=int (id=7),value=<?>,index=14>
Variable Write,context=Main:1#dfs:33,j=2
Variable Delete,method=Main:1#dfs:33 <name=xx,type=int (id=7),value=<?>,index=9>
Variable Delete,method=Main:1#dfs:33 <name=yy,type=int (id=7),value=<?>,index=10>
Variable Delete,method=Main:1#dfs:33 <name=flg,type=boolean (id=2),value=<?>,index=11>
Field Read,context=Main:1,vx
Variable Write,context=Main:1#dfs:33,xx=0
Field Read,context=Main:1,vy
Variable Write,context=Main:1#dfs:33,yy=1
Method Call,caller=Main:1#dfs:33,target=Main:1#isOK:325
Variable Write,context=Main:1#isOK:325,xx=0
Variable Write,context=Main:1#isOK:325,yy=1
Variable Write,context=Main:1#isOK:325,result=true
Method Exit,returner=Main:1#isOK:325,value=true
Variable Write,context=Main:1#dfs:33,flg=true
Field Read,context=Main:1,dx
Variable Write,context=Main:1#dfs:33,k=0
Field Read,context=Main:1,dx
Variable Write,context=Main:1#dfs:33,xxx=0
Field Read,context=Main:1,dy
Variable Write,context=Main:1#dfs:33,yyy=1
Field Read,context=Main:1,data
Field Read,context=Main:1,dx
Variable Write,context=Main:1#dfs:33,k=1
Variable Delete,method=Main:1#dfs:33 <name=xxx,type=int (id=7),value=<?>,index=13>
Variable Delete,method=Main:1#dfs:33 <name=yyy,type=int (id=7),value=<?>,index=14>
Field Read,context=Main:1,dx
Variable Write,context=Main:1#dfs:33,xxx=0
Field Read,context=Main:1,dy
Variable Write,context=Main:1#dfs:33,yyy=2
Field Read,context=Main:1,data
Field Read,context=Main:1,dx
Variable Write,context=Main:1#dfs:33,k=2
Variable Delete,method=Main:1#dfs:33 <name=xxx,type=int (id=7),value=<?>,index=13>
Variable Delete,method=Main:1#dfs:33 <name=yyy,type=int (id=7),value=<?>,index=14>
Field Read,context=Main:1,dx
Variable Write,context=Main:1#dfs:33,xxx=1
Field Read,context=Main:1,dy
Variable Write,context=Main:1#dfs:33,yyy=1
Field Read,context=Main:1,data
Field Read,context=Main:1,dx
Variable Write,context=Main:1#dfs:33,k=3
Variable Delete,method=Main:1#dfs:33 <name=xxx,type=int (id=7),value=<?>,index=13>
Variable Delete,method=Main:1#dfs:33 <name=yyy,type=int (id=7),value=<?>,index=14>
Field Read,context=Main:1,dx
Variable Write,context=Main:1#dfs:33,xxx=1
Field Read,context=Main:1,dy
Variable Write,context=Main:1#dfs:33,yyy=2
Field Read,context=Main:1,data
Variable Write,context=Main:1#dfs:33,flg=false
Variable Delete,method=Main:1#dfs:33 <name=k,type=int (id=7),value=<?>,index=12>
Variable Delete,method=Main:1#dfs:33 <name=xxx,type=int (id=7),value=<?>,index=13>
Variable Delete,method=Main:1#dfs:33 <name=yyy,type=int (id=7),value=<?>,index=14>
Variable Delete,method=Main:1#dfs:33 <name=xx,type=int (id=7),value=<?>,index=9>
Variable Delete,method=Main:1#dfs:33 <name=yy,type=int (id=7),value=<?>,index=10>
Variable Delete,method=Main:1#dfs:33 <name=flg,type=boolean (id=2),value=<?>,index=11>
Field Read,context=Main:1,vx
Variable Delete,method=Main:1#dfs:33 <name=j,type=int (id=7),value=<?>,index=8>
Method Exit,returner=Main:1#dfs:33,value=<void>
Variable Delete,method=Main:1#dfs:32 <name=xx,type=int (id=7),value=0,index=9>
Variable Delete,method=Main:1#dfs:32 <name=yy,type=int (id=7),value=0,index=10>
Variable Delete,method=Main:1#dfs:32 <name=flg,type=boolean (id=2),value=true,index=11>
Variable Delete,method=Main:1#dfs:32 <name=nlt,type=int (id=7),value=7,index=15>
Variable Delete,method=Main:1#dfs:32 <name=nlb,type=int (id=7),value=4,index=16>
Variable Delete,method=Main:1#dfs:32 <name=nrt,type=int (id=7),value=4,index=17>
Variable Delete,method=Main:1#dfs:32 <name=nrb,type=int (id=7),value=4,index=18>
Variable Delete,method=Main:1#dfs:32 <name=next,type=java.lang.String (id=25),value=3 007444,index=19>
Field Read,context=Main:1,vx
Variable Write,context=Main:1#dfs:32,i=3
Variable Delete,method=Main:1#dfs:32 <name=j,type=int (id=7),value=1,index=8>
Variable Write,context=Main:1#dfs:32,j=1
Field Read,context=Main:1,vx
Variable Write,context=Main:1#dfs:32,xx=0
Field Read,context=Main:1,vy
Variable Write,context=Main:1#dfs:32,yy=0
Method Call,caller=Main:1#dfs:32,target=Main:1#isOK:326
Variable Write,context=Main:1#isOK:326,xx=0
Variable Write,context=Main:1#isOK:326,yy=0
Variable Write,context=Main:1#isOK:326,result=true
Method Exit,returner=Main:1#isOK:326,value=true
Variable Write,context=Main:1#dfs:32,flg=true
Field Read,context=Main:1,dx
Variable Write,context=Main:1#dfs:32,k=0
Field Read,context=Main:1,dx
Variable Write,context=Main:1#dfs:32,xxx=0
Field Read,context=Main:1,dy
Variable Write,context=Main:1#dfs:32,yyy=0
Field Read,context=Main:1,data
Field Read,context=Main:1,dx
Variable Write,context=Main:1#dfs:32,k=1
Variable Delete,method=Main:1#dfs:32 <name=xxx,type=int (id=7),value=<?>,index=13>
Variable Delete,method=Main:1#dfs:32 <name=yyy,type=int (id=7),value=<?>,index=14>
Field Read,context=Main:1,dx
Variable Write,context=Main:1#dfs:32,xxx=0
Field Read,context=Main:1,dy
Variable Write,context=Main:1#dfs:32,yyy=1
Field Read,context=Main:1,data
Field Read,context=Main:1,dx
Variable Write,context=Main:1#dfs:32,k=2
Variable Delete,method=Main:1#dfs:32 <name=xxx,type=int (id=7),value=<?>,index=13>
Variable Delete,method=Main:1#dfs:32 <name=yyy,type=int (id=7),value=<?>,index=14>
Field Read,context=Main:1,dx
Variable Write,context=Main:1#dfs:32,xxx=1
Field Read,context=Main:1,dy
Variable Write,context=Main:1#dfs:32,yyy=0
Field Read,context=Main:1,data
Field Read,context=Main:1,dx
Variable Write,context=Main:1#dfs:32,k=3
Variable Delete,method=Main:1#dfs:32 <name=xxx,type=int (id=7),value=<?>,index=13>
Variable Delete,method=Main:1#dfs:32 <name=yyy,type=int (id=7),value=<?>,index=14>
Field Read,context=Main:1,dx
Variable Write,context=Main:1#dfs:32,xxx=1
Field Read,context=Main:1,dy
Variable Write,context=Main:1#dfs:32,yyy=1
Field Read,context=Main:1,data
Field Read,context=Main:1,dx
Variable Delete,method=Main:1#dfs:32 <name=xxx,type=int (id=7),value=<?>,index=13>
Variable Delete,method=Main:1#dfs:32 <name=yyy,type=int (id=7),value=<?>,index=14>
Variable Delete,method=Main:1#dfs:32 <name=k,type=int (id=7),value=<?>,index=12>
Variable Write,context=Main:1#dfs:32,nlt=4
Variable Write,context=Main:1#dfs:32,nlb=4
Variable Write,context=Main:1#dfs:32,nrt=4
Variable Write,context=Main:1#dfs:32,nrb=4
Variable Write,context=Main:1#dfs:32,nlt=7
Variable Write,context=Main:1#dfs:32,next=3 007444
Field Read,context=Main:1,close
Field Read,context=Main:1,close
Method Call,caller=Main:1#dfs:32,target=Main:1#dfs:34
Variable Write,context=Main:1#dfs:34,lt=7
Variable Write,context=Main:1#dfs:34,lb=4
Variable Write,context=Main:1#dfs:34,rt=4
Variable Write,context=Main:1#dfs:34,rb=4
Variable Write,context=Main:1#dfs:34,deep=3
Variable Write,context=Main:1#dfs:34,x=0
Variable Write,context=Main:1#dfs:34,y=0
Field Read,context=Main:1,n
Field Read,context=Main:1,vx
Variable Write,context=Main:1#dfs:34,i=0
Variable Write,context=Main:1#dfs:34,j=1
Field Read,context=Main:1,vx
Variable Write,context=Main:1#dfs:34,xx=0
Field Read,context=Main:1,vy
Variable Write,context=Main:1#dfs:34,yy=0
Method Call,caller=Main:1#dfs:34,target=Main:1#isOK:327
Variable Write,context=Main:1#isOK:327,xx=0
Variable Write,context=Main:1#isOK:327,yy=0
Variable Write,context=Main:1#isOK:327,result=true
Method Exit,returner=Main:1#isOK:327,value=true
Variable Write,context=Main:1#dfs:34,flg=true
Field Read,context=Main:1,dx
Variable Write,context=Main:1#dfs:34,k=0
Field Read,context=Main:1,dx
Variable Write,context=Main:1#dfs:34,xxx=0
Field Read,context=Main:1,dy
Variable Write,context=Main:1#dfs:34,yyy=0
Field Read,context=Main:1,data
Field Read,context=Main:1,dx
Variable Write,context=Main:1#dfs:34,k=1
Variable Delete,method=Main:1#dfs:34 <name=xxx,type=int (id=7),value=<?>,index=13>
Variable Delete,method=Main:1#dfs:34 <name=yyy,type=int (id=7),value=<?>,index=14>
Field Read,context=Main:1,dx
Variable Write,context=Main:1#dfs:34,xxx=0
Field Read,context=Main:1,dy
Variable Write,context=Main:1#dfs:34,yyy=1
Field Read,context=Main:1,data
Field Read,context=Main:1,dx
Variable Write,context=Main:1#dfs:34,k=2
Variable Delete,method=Main:1#dfs:34 <name=xxx,type=int (id=7),value=<?>,index=13>
Variable Delete,method=Main:1#dfs:34 <name=yyy,type=int (id=7),value=<?>,index=14>
Field Read,context=Main:1,dx
Variable Write,context=Main:1#dfs:34,xxx=1
Field Read,context=Main:1,dy
Variable Write,context=Main:1#dfs:34,yyy=0
Field Read,context=Main:1,data
Field Read,context=Main:1,dx
Variable Write,context=Main:1#dfs:34,k=3
Variable Delete,method=Main:1#dfs:34 <name=xxx,type=int (id=7),value=<?>,index=13>
Variable Delete,method=Main:1#dfs:34 <name=yyy,type=int (id=7),value=<?>,index=14>
Field Read,context=Main:1,dx
Variable Write,context=Main:1#dfs:34,xxx=1
Field Read,context=Main:1,dy
Variable Write,context=Main:1#dfs:34,yyy=1
Field Read,context=Main:1,data
Field Read,context=Main:1,dx
Variable Delete,method=Main:1#dfs:34 <name=xxx,type=int (id=7),value=<?>,index=13>
Variable Delete,method=Main:1#dfs:34 <name=yyy,type=int (id=7),value=<?>,index=14>
Variable Delete,method=Main:1#dfs:34 <name=k,type=int (id=7),value=<?>,index=12>
Variable Write,context=Main:1#dfs:34,nlt=6
Variable Write,context=Main:1#dfs:34,nlb=3
Variable Write,context=Main:1#dfs:34,nrt=3
Variable Write,context=Main:1#dfs:34,nrb=3
Variable Write,context=Main:1#dfs:34,nlt=7
Variable Write,context=Main:1#dfs:34,next=4 007333
Field Read,context=Main:1,close
Variable Write,context=Main:1#dfs:34,j=2
Variable Delete,method=Main:1#dfs:34 <name=xx,type=int (id=7),value=2,index=9>
Variable Delete,method=Main:1#dfs:34 <name=yy,type=int (id=7),value=0,index=10>
Variable Delete,method=Main:1#dfs:34 <name=flg,type=boolean (id=2),value=true,index=11>
Variable Delete,method=Main:1#dfs:34 <name=nlt,type=int (id=7),value=6,index=15>
Variable Delete,method=Main:1#dfs:34 <name=nlb,type=int (id=7),value=3,index=16>
Variable Delete,method=Main:1#dfs:34 <name=nrt,type=int (id=7),value=7,index=17>
Variable Delete,method=Main:1#dfs:34 <name=nrb,type=int (id=7),value=3,index=18>
Variable Delete,method=Main:1#dfs:34 <name=next,type=java.lang.String (id=25),value=4 206373,index=19>
Field Read,context=Main:1,vx
Variable Write,context=Main:1#dfs:34,xx=0
Field Read,context=Main:1,vy
Variable Write,context=Main:1#dfs:34,yy=0
Method Call,caller=Main:1#dfs:34,target=Main:1#isOK:328
Variable Write,context=Main:1#isOK:328,xx=0
Variable Write,context=Main:1#isOK:328,yy=0
Variable Write,context=Main:1#isOK:328,result=true
Method Exit,returner=Main:1#isOK:328,value=true
Variable Write,context=Main:1#dfs:34,flg=true
Field Read,context=Main:1,dx
Variable Write,context=Main:1#dfs:34,k=0
Field Read,context=Main:1,dx
Variable Write,context=Main:1#dfs:34,xxx=0
Field Read,context=Main:1,dy
Variable Write,context=Main:1#dfs:34,yyy=0
Field Read,context=Main:1,data
Field Read,context=Main:1,dx
Variable Write,context=Main:1#dfs:34,k=1
Variable Delete,method=Main:1#dfs:34 <name=xxx,type=int (id=7),value=<?>,index=13>
Variable Delete,method=Main:1#dfs:34 <name=yyy,type=int (id=7),value=<?>,index=14>
Field Read,context=Main:1,dx
Variable Write,context=Main:1#dfs:34,xxx=0
Field Read,context=Main:1,dy
Variable Write,context=Main:1#dfs:34,yyy=1
Field Read,context=Main:1,data
Field Read,context=Main:1,dx
Variable Write,context=Main:1#dfs:34,k=2
Variable Delete,method=Main:1#dfs:34 <name=xxx,type=int (id=7),value=<?>,index=13>
Variable Delete,method=Main:1#dfs:34 <name=yyy,type=int (id=7),value=<?>,index=14>
Field Read,context=Main:1,dx
Variable Write,context=Main:1#dfs:34,xxx=1
Field Read,context=Main:1,dy
Variable Write,context=Main:1#dfs:34,yyy=0
Field Read,context=Main:1,data
Field Read,context=Main:1,dx
Variable Write,context=Main:1#dfs:34,k=3
Variable Delete,method=Main:1#dfs:34 <name=xxx,type=int (id=7),value=<?>,index=13>
Variable Delete,method=Main:1#dfs:34 <name=yyy,type=int (id=7),value=<?>,index=14>
Field Read,context=Main:1,dx
Variable Write,context=Main:1#dfs:34,xxx=1
Field Read,context=Main:1,dy
Variable Write,context=Main:1#dfs:34,yyy=1
Field Read,context=Main:1,data
Field Read,context=Main:1,dx
Variable Delete,method=Main:1#dfs:34 <name=xxx,type=int (id=7),value=<?>,index=13>
Variable Delete,method=Main:1#dfs:34 <name=yyy,type=int (id=7),value=<?>,index=14>
Variable Delete,method=Main:1#dfs:34 <name=k,type=int (id=7),value=<?>,index=12>
Variable Write,context=Main:1#dfs:34,nlt=6
Variable Write,context=Main:1#dfs:34,nlb=3
Variable Write,context=Main:1#dfs:34,nrt=3
Variable Write,context=Main:1#dfs:34,nrb=3
Variable Write,context=Main:1#dfs:34,nlt=7
Variable Write,context=Main:1#dfs:34,next=4 007333
Field Read,context=Main:1,close
Variable Delete,method=Main:1#dfs:34 <name=xx,type=int (id=7),value=2,index=9>
Variable Delete,method=Main:1#dfs:34 <name=yy,type=int (id=7),value=0,index=10>
Variable Delete,method=Main:1#dfs:34 <name=flg,type=boolean (id=2),value=true,index=11>
Variable Delete,method=Main:1#dfs:34 <name=nlt,type=int (id=7),value=6,index=15>
Variable Delete,method=Main:1#dfs:34 <name=nlb,type=int (id=7),value=3,index=16>
Variable Delete,method=Main:1#dfs:34 <name=nrt,type=int (id=7),value=7,index=17>
Variable Delete,method=Main:1#dfs:34 <name=nrb,type=int (id=7),value=3,index=18>
Variable Delete,method=Main:1#dfs:34 <name=next,type=java.lang.String (id=25),value=4 206373,index=19>
Field Read,context=Main:1,vx
Variable Write,context=Main:1#dfs:34,i=1
Variable Delete,method=Main:1#dfs:34 <name=j,type=int (id=7),value=2,index=8>
Variable Write,context=Main:1#dfs:34,j=1
Field Read,context=Main:1,vx
Variable Write,context=Main:1#dfs:34,xx=0
Field Read,context=Main:1,vy
Variable Write,context=Main:1#dfs:34,yy=1
Method Call,caller=Main:1#dfs:34,target=Main:1#isOK:329
Variable Write,context=Main:1#isOK:329,xx=0
Variable Write,context=Main:1#isOK:329,yy=1
Variable Write,context=Main:1#isOK:329,result=true
Method Exit,returner=Main:1#isOK:329,value=true
Variable Write,context=Main:1#dfs:34,flg=true
Field Read,context=Main:1,dx
Variable Write,context=Main:1#dfs:34,k=0
Field Read,context=Main:1,dx
Variable Write,context=Main:1#dfs:34,xxx=0
Field Read,context=Main:1,dy
Variable Write,context=Main:1#dfs:34,yyy=1
Field Read,context=Main:1,data
Field Read,context=Main:1,dx
Variable Write,context=Main:1#dfs:34,k=1
Variable Delete,method=Main:1#dfs:34 <name=xxx,type=int (id=7),value=<?>,index=13>
Variable Delete,method=Main:1#dfs:34 <name=yyy,type=int (id=7),value=<?>,index=14>
Field Read,context=Main:1,dx
Variable Write,context=Main:1#dfs:34,xxx=0
Field Read,context=Main:1,dy
Variable Write,context=Main:1#dfs:34,yyy=2
Field Read,context=Main:1,data
Field Read,context=Main:1,dx
Variable Write,context=Main:1#dfs:34,k=2
Variable Delete,method=Main:1#dfs:34 <name=xxx,type=int (id=7),value=<?>,index=13>
Variable Delete,method=Main:1#dfs:34 <name=yyy,type=int (id=7),value=<?>,index=14>
Field Read,context=Main:1,dx
Variable Write,context=Main:1#dfs:34,xxx=1
Field Read,context=Main:1,dy
Variable Write,context=Main:1#dfs:34,yyy=1
Field Read,context=Main:1,data
Field Read,context=Main:1,dx
Variable Write,context=Main:1#dfs:34,k=3
Variable Delete,method=Main:1#dfs:34 <name=xxx,type=int (id=7),value=<?>,index=13>
Variable Delete,method=Main:1#dfs:34 <name=yyy,type=int (id=7),value=<?>,index=14>
Field Read,context=Main:1,dx
Variable Write,context=Main:1#dfs:34,xxx=1
Field Read,context=Main:1,dy
Variable Write,context=Main:1#dfs:34,yyy=2
Field Read,context=Main:1,data
Variable Write,context=Main:1#dfs:34,flg=false
Variable Delete,method=Main:1#dfs:34 <name=k,type=int (id=7),value=<?>,index=12>
Variable Delete,method=Main:1#dfs:34 <name=xxx,type=int (id=7),value=<?>,index=13>
Variable Delete,method=Main:1#dfs:34 <name=yyy,type=int (id=7),value=<?>,index=14>
Variable Write,context=Main:1#dfs:34,j=2
Variable Delete,method=Main:1#dfs:34 <name=xx,type=int (id=7),value=2,index=9>
Variable Delete,method=Main:1#dfs:34 <name=yy,type=int (id=7),value=0,index=10>
Variable Delete,method=Main:1#dfs:34 <name=flg,type=boolean (id=2),value=true,index=11>
Field Read,context=Main:1,vx
Variable Write,context=Main:1#dfs:34,xx=0
Field Read,context=Main:1,vy
Variable Write,context=Main:1#dfs:34,yy=2
Method Call,caller=Main:1#dfs:34,target=Main:1#isOK:330
Variable Write,context=Main:1#isOK:330,xx=0
Variable Write,context=Main:1#isOK:330,yy=2
Variable Write,context=Main:1#isOK:330,result=true
Method Exit,returner=Main:1#isOK:330,value=true
Variable Write,context=Main:1#dfs:34,flg=true
Field Read,context=Main:1,dx
Variable Write,context=Main:1#dfs:34,k=0
Field Read,context=Main:1,dx
Variable Write,context=Main:1#dfs:34,xxx=0
Field Read,context=Main:1,dy
Variable Write,context=Main:1#dfs:34,yyy=2
Field Read,context=Main:1,data
Field Read,context=Main:1,dx
Variable Write,context=Main:1#dfs:34,k=1
Variable Delete,method=Main:1#dfs:34 <name=xxx,type=int (id=7),value=<?>,index=13>
Variable Delete,method=Main:1#dfs:34 <name=yyy,type=int (id=7),value=<?>,index=14>
Field Read,context=Main:1,dx
Variable Write,context=Main:1#dfs:34,xxx=0
Field Read,context=Main:1,dy
Variable Write,context=Main:1#dfs:34,yyy=3
Field Read,context=Main:1,data
Field Read,context=Main:1,dx
Variable Write,context=Main:1#dfs:34,k=2
Variable Delete,method=Main:1#dfs:34 <name=xxx,type=int (id=7),value=<?>,index=13>
Variable Delete,method=Main:1#dfs:34 <name=yyy,type=int (id=7),value=<?>,index=14>
Field Read,context=Main:1,dx
Variable Write,context=Main:1#dfs:34,xxx=1
Field Read,context=Main:1,dy
Variable Write,context=Main:1#dfs:34,yyy=2
Field Read,context=Main:1,data
Variable Write,context=Main:1#dfs:34,flg=false
Variable Delete,method=Main:1#dfs:34 <name=k,type=int (id=7),value=<?>,index=12>
Variable Delete,method=Main:1#dfs:34 <name=xxx,type=int (id=7),value=<?>,index=13>
Variable Delete,method=Main:1#dfs:34 <name=yyy,type=int (id=7),value=<?>,index=14>
Variable Delete,method=Main:1#dfs:34 <name=xx,type=int (id=7),value=2,index=9>
Variable Delete,method=Main:1#dfs:34 <name=yy,type=int (id=7),value=0,index=10>
Variable Delete,method=Main:1#dfs:34 <name=flg,type=boolean (id=2),value=true,index=11>
Field Read,context=Main:1,vx
Variable Write,context=Main:1#dfs:34,i=2
Variable Delete,method=Main:1#dfs:34 <name=j,type=int (id=7),value=2,index=8>
Variable Write,context=Main:1#dfs:34,j=1
Field Read,context=Main:1,vx
Variable Write,context=Main:1#dfs:34,xx=1
Field Read,context=Main:1,vy
Variable Write,context=Main:1#dfs:34,yy=0
Method Call,caller=Main:1#dfs:34,target=Main:1#isOK:331
Variable Write,context=Main:1#isOK:331,xx=1
Variable Write,context=Main:1#isOK:331,yy=0
Variable Write,context=Main:1#isOK:331,result=true
Method Exit,returner=Main:1#isOK:331,value=true
Variable Write,context=Main:1#dfs:34,flg=true
Field Read,context=Main:1,dx
Variable Write,context=Main:1#dfs:34,k=0
Field Read,context=Main:1,dx
Variable Write,context=Main:1#dfs:34,xxx=1
Field Read,context=Main:1,dy
Variable Write,context=Main:1#dfs:34,yyy=0
Field Read,context=Main:1,data
Field Read,context=Main:1,dx
Variable Write,context=Main:1#dfs:34,k=1
Variable Delete,method=Main:1#dfs:34 <name=xxx,type=int (id=7),value=<?>,index=13>
Variable Delete,method=Main:1#dfs:34 <name=yyy,type=int (id=7),value=<?>,index=14>
Field Read,context=Main:1,dx
Variable Write,context=Main:1#dfs:34,xxx=1
Field Read,context=Main:1,dy
Variable Write,context=Main:1#dfs:34,yyy=1
Field Read,context=Main:1,data
Field Read,context=Main:1,dx
Variable Write,context=Main:1#dfs:34,k=2
Variable Delete,method=Main:1#dfs:34 <name=xxx,type=int (id=7),value=<?>,index=13>
Variable Delete,method=Main:1#dfs:34 <name=yyy,type=int (id=7),value=<?>,index=14>
Field Read,context=Main:1,dx
Variable Write,context=Main:1#dfs:34,xxx=2
Field Read,context=Main:1,dy
Variable Write,context=Main:1#dfs:34,yyy=0
Field Read,context=Main:1,data
Field Read,context=Main:1,dx
Variable Write,context=Main:1#dfs:34,k=3
Variable Delete,method=Main:1#dfs:34 <name=xxx,type=int (id=7),value=<?>,index=13>
Variable Delete,method=Main:1#dfs:34 <name=yyy,type=int (id=7),value=<?>,index=14>
Field Read,context=Main:1,dx
Variable Write,context=Main:1#dfs:34,xxx=2
Field Read,context=Main:1,dy
Variable Write,context=Main:1#dfs:34,yyy=1
Field Read,context=Main:1,data
Field Read,context=Main:1,dx
Variable Delete,method=Main:1#dfs:34 <name=xxx,type=int (id=7),value=<?>,index=13>
Variable Delete,method=Main:1#dfs:34 <name=yyy,type=int (id=7),value=<?>,index=14>
Variable Delete,method=Main:1#dfs:34 <name=k,type=int (id=7),value=<?>,index=12>
Variable Write,context=Main:1#dfs:34,nlt=6
Variable Write,context=Main:1#dfs:34,nlb=3
Variable Write,context=Main:1#dfs:34,nrt=3
Variable Write,context=Main:1#dfs:34,nrb=3
Variable Write,context=Main:1#dfs:34,next=4 106333
Field Read,context=Main:1,close
Field Read,context=Main:1,close
Method Call,caller=Main:1#dfs:34,target=Main:1#dfs:35
Variable Write,context=Main:1#dfs:35,lt=6
Variable Write,context=Main:1#dfs:35,lb=3
Variable Write,context=Main:1#dfs:35,rt=3
Variable Write,context=Main:1#dfs:35,rb=3
Variable Write,context=Main:1#dfs:35,deep=4
Variable Write,context=Main:1#dfs:35,x=1
Variable Write,context=Main:1#dfs:35,y=0
Field Read,context=Main:1,n
Field Read,context=Main:1,vx
Variable Write,context=Main:1#dfs:35,i=0
Variable Write,context=Main:1#dfs:35,j=1
Field Read,context=Main:1,vx
Variable Write,context=Main:1#dfs:35,xx=1
Field Read,context=Main:1,vy
Variable Write,context=Main:1#dfs:35,yy=0
Method Call,caller=Main:1#dfs:35,target=Main:1#isOK:332
Variable Write,context=Main:1#isOK:332,xx=1
Variable Write,context=Main:1#isOK:332,yy=0
Variable Write,context=Main:1#isOK:332,result=true
Method Exit,returner=Main:1#isOK:332,value=true
Variable Write,context=Main:1#dfs:35,flg=true
Field Read,context=Main:1,dx
Variable Write,context=Main:1#dfs:35,k=0
Field Read,context=Main:1,dx
Variable Write,context=Main:1#dfs:35,xxx=1
Field Read,context=Main:1,dy
Variable Write,context=Main:1#dfs:35,yyy=0
Field Read,context=Main:1,data
Variable Write,context=Main:1#dfs:35,flg=false
Variable Delete,method=Main:1#dfs:35 <name=k,type=int (id=7),value=<?>,index=12>
Variable Delete,method=Main:1#dfs:35 <name=xxx,type=int (id=7),value=<?>,index=13>
Variable Delete,method=Main:1#dfs:35 <name=yyy,type=int (id=7),value=<?>,index=14>
Variable Write,context=Main:1#dfs:35,j=2
Variable Delete,method=Main:1#dfs:35 <name=xx,type=int (id=7),value=<?>,index=9>
Variable Delete,method=Main:1#dfs:35 <name=yy,type=int (id=7),value=<?>,index=10>
Variable Delete,method=Main:1#dfs:35 <name=flg,type=boolean (id=2),value=<?>,index=11>
Field Read,context=Main:1,vx
Variable Write,context=Main:1#dfs:35,xx=1
Field Read,context=Main:1,vy
Variable Write,context=Main:1#dfs:35,yy=0
Method Call,caller=Main:1#dfs:35,target=Main:1#isOK:333
Variable Write,context=Main:1#isOK:333,xx=1
Variable Write,context=Main:1#isOK:333,yy=0
Variable Write,context=Main:1#isOK:333,result=true
Method Exit,returner=Main:1#isOK:333,value=true
Variable Write,context=Main:1#dfs:35,flg=true
Field Read,context=Main:1,dx
Variable Write,context=Main:1#dfs:35,k=0
Field Read,context=Main:1,dx
Variable Write,context=Main:1#dfs:35,xxx=1
Field Read,context=Main:1,dy
Variable Write,context=Main:1#dfs:35,yyy=0
Field Read,context=Main:1,data
Variable Write,context=Main:1#dfs:35,flg=false
Variable Delete,method=Main:1#dfs:35 <name=k,type=int (id=7),value=<?>,index=12>
Variable Delete,method=Main:1#dfs:35 <name=xxx,type=int (id=7),value=<?>,index=13>
Variable Delete,method=Main:1#dfs:35 <name=yyy,type=int (id=7),value=<?>,index=14>
Variable Delete,method=Main:1#dfs:35 <name=xx,type=int (id=7),value=<?>,index=9>
Variable Delete,method=Main:1#dfs:35 <name=yy,type=int (id=7),value=<?>,index=10>
Variable Delete,method=Main:1#dfs:35 <name=flg,type=boolean (id=2),value=<?>,index=11>
Field Read,context=Main:1,vx
Variable Write,context=Main:1#dfs:35,i=1
Variable Delete,method=Main:1#dfs:35 <name=j,type=int (id=7),value=<?>,index=8>
Variable Write,context=Main:1#dfs:35,j=1
Field Read,context=Main:1,vx
Variable Write,context=Main:1#dfs:35,xx=1
Field Read,context=Main:1,vy
Variable Write,context=Main:1#dfs:35,yy=1
Method Call,caller=Main:1#dfs:35,target=Main:1#isOK:334
Variable Write,context=Main:1#isOK:334,xx=1
Variable Write,context=Main:1#isOK:334,yy=1
Variable Write,context=Main:1#isOK:334,result=true
Method Exit,returner=Main:1#isOK:334,value=true
Variable Write,context=Main:1#dfs:35,flg=true
Field Read,context=Main:1,dx
Variable Write,context=Main:1#dfs:35,k=0
Field Read,context=Main:1,dx
Variable Write,context=Main:1#dfs:35,xxx=1
Field Read,context=Main:1,dy
Variable Write,context=Main:1#dfs:35,yyy=1
Field Read,context=Main:1,data
Field Read,context=Main:1,dx
Variable Write,context=Main:1#dfs:35,k=1
Variable Delete,method=Main:1#dfs:35 <name=xxx,type=int (id=7),value=<?>,index=13>
Variable Delete,method=Main:1#dfs:35 <name=yyy,type=int (id=7),value=<?>,index=14>
Field Read,context=Main:1,dx
Variable Write,context=Main:1#dfs:35,xxx=1
Field Read,context=Main:1,dy
Variable Write,context=Main:1#dfs:35,yyy=2
Field Read,context=Main:1,data
Field Read,context=Main:1,dx
Variable Write,context=Main:1#dfs:35,k=2
Variable Delete,method=Main:1#dfs:35 <name=xxx,type=int (id=7),value=<?>,index=13>
Variable Delete,method=Main:1#dfs:35 <name=yyy,type=int (id=7),value=<?>,index=14>
Field Read,context=Main:1,dx
Variable Write,context=Main:1#dfs:35,xxx=2
Field Read,context=Main:1,dy
Variable Write,context=Main:1#dfs:35,yyy=1
Field Read,context=Main:1,data
Field Read,context=Main:1,dx
Variable Write,context=Main:1#dfs:35,k=3
Variable Delete,method=Main:1#dfs:35 <name=xxx,type=int (id=7),value=<?>,index=13>
Variable Delete,method=Main:1#dfs:35 <name=yyy,type=int (id=7),value=<?>,index=14>
Field Read,context=Main:1,dx
Variable Write,context=Main:1#dfs:35,xxx=2
Field Read,context=Main:1,dy
Variable Write,context=Main:1#dfs:35,yyy=2
Field Read,context=Main:1,data
Field Read,context=Main:1,dx
Variable Delete,method=Main:1#dfs:35 <name=xxx,type=int (id=7),value=<?>,index=13>
Variable Delete,method=Main:1#dfs:35 <name=yyy,type=int (id=7),value=<?>,index=14>
Variable Delete,method=Main:1#dfs:35 <name=k,type=int (id=7),value=<?>,index=12>
Variable Write,context=Main:1#dfs:35,nlt=5
Variable Write,context=Main:1#dfs:35,nlb=2
Variable Write,context=Main:1#dfs:35,nrt=2
Variable Write,context=Main:1#dfs:35,nrb=2
Variable Write,context=Main:1#dfs:35,next=5 115222
Field Read,context=Main:1,close
Field Read,context=Main:1,close
Method Call,caller=Main:1#dfs:35,target=Main:1#dfs:36
Variable Write,context=Main:1#dfs:36,lt=5
Variable Write,context=Main:1#dfs:36,lb=2
Variable Write,context=Main:1#dfs:36,rt=2
Variable Write,context=Main:1#dfs:36,rb=2
Variable Write,context=Main:1#dfs:36,deep=5
Variable Write,context=Main:1#dfs:36,x=1
Variable Write,context=Main:1#dfs:36,y=1
Field Read,context=Main:1,n
Field Read,context=Main:1,vx
Variable Write,context=Main:1#dfs:36,i=0
Variable Write,context=Main:1#dfs:36,j=1
Field Read,context=Main:1,vx
Variable Write,context=Main:1#dfs:36,xx=1
Field Read,context=Main:1,vy
Variable Write,context=Main:1#dfs:36,yy=1
Method Call,caller=Main:1#dfs:36,target=Main:1#isOK:335
Variable Write,context=Main:1#isOK:335,xx=1
Variable Write,context=Main:1#isOK:335,yy=1
Variable Write,context=Main:1#isOK:335,result=true
Method Exit,returner=Main:1#isOK:335,value=true
Variable Write,context=Main:1#dfs:36,flg=true
Field Read,context=Main:1,dx
Variable Write,context=Main:1#dfs:36,k=0
Field Read,context=Main:1,dx
Variable Write,context=Main:1#dfs:36,xxx=1
Field Read,context=Main:1,dy
Variable Write,context=Main:1#dfs:36,yyy=1
Field Read,context=Main:1,data
Field Read,context=Main:1,dx
Variable Write,context=Main:1#dfs:36,k=1
Variable Delete,method=Main:1#dfs:36 <name=xxx,type=int (id=7),value=<?>,index=13>
Variable Delete,method=Main:1#dfs:36 <name=yyy,type=int (id=7),value=<?>,index=14>
Field Read,context=Main:1,dx
Variable Write,context=Main:1#dfs:36,xxx=1
Field Read,context=Main:1,dy
Variable Write,context=Main:1#dfs:36,yyy=2
Field Read,context=Main:1,data
Field Read,context=Main:1,dx
Variable Write,context=Main:1#dfs:36,k=2
Variable Delete,method=Main:1#dfs:36 <name=xxx,type=int (id=7),value=<?>,index=13>
Variable Delete,method=Main:1#dfs:36 <name=yyy,type=int (id=7),value=<?>,index=14>
Field Read,context=Main:1,dx
Variable Write,context=Main:1#dfs:36,xxx=2
Field Read,context=Main:1,dy
Variable Write,context=Main:1#dfs:36,yyy=1
Field Read,context=Main:1,data
Field Read,context=Main:1,dx
Variable Write,context=Main:1#dfs:36,k=3
Variable Delete,method=Main:1#dfs:36 <name=xxx,type=int (id=7),value=<?>,index=13>
Variable Delete,method=Main:1#dfs:36 <name=yyy,type=int (id=7),value=<?>,index=14>
Field Read,context=Main:1,dx
Variable Write,context=Main:1#dfs:36,xxx=2
Field Read,context=Main:1,dy
Variable Write,context=Main:1#dfs:36,yyy=2
Field Read,context=Main:1,data
Field Read,context=Main:1,dx
Variable Delete,method=Main:1#dfs:36 <name=xxx,type=int (id=7),value=<?>,index=13>
Variable Delete,method=Main:1#dfs:36 <name=yyy,type=int (id=7),value=<?>,index=14>
Variable Delete,method=Main:1#dfs:36 <name=k,type=int (id=7),value=<?>,index=12>
Variable Write,context=Main:1#dfs:36,nlt=4
Variable Write,context=Main:1#dfs:36,nlb=1
Variable Write,context=Main:1#dfs:36,nrt=1
Variable Write,context=Main:1#dfs:36,nrb=1
Variable Write,context=Main:1#dfs:36,next=6 114111
Field Read,context=Main:1,close
Field Read,context=Main:1,close
Method Call,caller=Main:1#dfs:36,target=Main:1#dfs:37
Variable Write,context=Main:1#dfs:37,lt=4
Variable Write,context=Main:1#dfs:37,lb=1
Variable Write,context=Main:1#dfs:37,rt=1
Variable Write,context=Main:1#dfs:37,rb=1
Variable Write,context=Main:1#dfs:37,deep=6
Variable Write,context=Main:1#dfs:37,x=1
Variable Write,context=Main:1#dfs:37,y=1
Field Read,context=Main:1,n
Field Read,context=Main:1,vx
Variable Write,context=Main:1#dfs:37,i=0
Variable Write,context=Main:1#dfs:37,j=1
Field Read,context=Main:1,vx
Variable Write,context=Main:1#dfs:37,xx=1
Field Read,context=Main:1,vy
Variable Write,context=Main:1#dfs:37,yy=1
Method Call,caller=Main:1#dfs:37,target=Main:1#isOK:336
Variable Write,context=Main:1#isOK:336,xx=1
Variable Write,context=Main:1#isOK:336,yy=1
Variable Write,context=Main:1#isOK:336,result=true
Method Exit,returner=Main:1#isOK:336,value=true
Variable Write,context=Main:1#dfs:37,flg=true
Field Read,context=Main:1,dx
Variable Write,context=Main:1#dfs:37,k=0
Field Read,context=Main:1,dx
Variable Write,context=Main:1#dfs:37,xxx=1
Field Read,context=Main:1,dy
Variable Write,context=Main:1#dfs:37,yyy=1
Field Read,context=Main:1,data
Variable Write,context=Main:1#dfs:37,flg=false
Variable Delete,method=Main:1#dfs:37 <name=k,type=int (id=7),value=<?>,index=12>
Variable Delete,method=Main:1#dfs:37 <name=xxx,type=int (id=7),value=<?>,index=13>
Variable Delete,method=Main:1#dfs:37 <name=yyy,type=int (id=7),value=<?>,index=14>
Variable Write,context=Main:1#dfs:37,j=2
Variable Delete,method=Main:1#dfs:37 <name=xx,type=int (id=7),value=<?>,index=9>
Variable Delete,method=Main:1#dfs:37 <name=yy,type=int (id=7),value=<?>,index=10>
Variable Delete,method=Main:1#dfs:37 <name=flg,type=boolean (id=2),value=<?>,index=11>
Field Read,context=Main:1,vx
Variable Write,context=Main:1#dfs:37,xx=1
Field Read,context=Main:1,vy
Variable Write,context=Main:1#dfs:37,yy=1
Method Call,caller=Main:1#dfs:37,target=Main:1#isOK:337
Variable Write,context=Main:1#isOK:337,xx=1
Variable Write,context=Main:1#isOK:337,yy=1
Variable Write,context=Main:1#isOK:337,result=true
Method Exit,returner=Main:1#isOK:337,value=true
Variable Write,context=Main:1#dfs:37,flg=true
Field Read,context=Main:1,dx
Variable Write,context=Main:1#dfs:37,k=0
Field Read,context=Main:1,dx
Variable Write,context=Main:1#dfs:37,xxx=1
Field Read,context=Main:1,dy
Variable Write,context=Main:1#dfs:37,yyy=1
Field Read,context=Main:1,data
Variable Write,context=Main:1#dfs:37,flg=false
Variable Delete,method=Main:1#dfs:37 <name=k,type=int (id=7),value=<?>,index=12>
Variable Delete,method=Main:1#dfs:37 <name=xxx,type=int (id=7),value=<?>,index=13>
Variable Delete,method=Main:1#dfs:37 <name=yyy,type=int (id=7),value=<?>,index=14>
Variable Delete,method=Main:1#dfs:37 <name=xx,type=int (id=7),value=<?>,index=9>
Variable Delete,method=Main:1#dfs:37 <name=yy,type=int (id=7),value=<?>,index=10>
Variable Delete,method=Main:1#dfs:37 <name=flg,type=boolean (id=2),value=<?>,index=11>
Field Read,context=Main:1,vx
Variable Write,context=Main:1#dfs:37,i=1
Variable Delete,method=Main:1#dfs:37 <name=j,type=int (id=7),value=<?>,index=8>
Variable Write,context=Main:1#dfs:37,j=1
Field Read,context=Main:1,vx
Variable Write,context=Main:1#dfs:37,xx=1
Field Read,context=Main:1,vy
Variable Write,context=Main:1#dfs:37,yy=2
Method Call,caller=Main:1#dfs:37,target=Main:1#isOK:338
Variable Write,context=Main:1#isOK:338,xx=1
Variable Write,context=Main:1#isOK:338,yy=2
Variable Write,context=Main:1#isOK:338,result=true
Method Exit,returner=Main:1#isOK:338,value=true
Variable Write,context=Main:1#dfs:37,flg=true
Field Read,context=Main:1,dx
Variable Write,context=Main:1#dfs:37,k=0
Field Read,context=Main:1,dx
Variable Write,context=Main:1#dfs:37,xxx=1
Field Read,context=Main:1,dy
Variable Write,context=Main:1#dfs:37,yyy=2
Field Read,context=Main:1,data
Field Read,context=Main:1,dx
Variable Write,context=Main:1#dfs:37,k=1
Variable Delete,method=Main:1#dfs:37 <name=xxx,type=int (id=7),value=<?>,index=13>
Variable Delete,method=Main:1#dfs:37 <name=yyy,type=int (id=7),value=<?>,index=14>
Field Read,context=Main:1,dx
Variable Write,context=Main:1#dfs:37,xxx=1
Field Read,context=Main:1,dy
Variable Write,context=Main:1#dfs:37,yyy=3
Field Read,context=Main:1,data
Field Read,context=Main:1,dx
Variable Write,context=Main:1#dfs:37,k=2
Variable Delete,method=Main:1#dfs:37 <name=xxx,type=int (id=7),value=<?>,index=13>
Variable Delete,method=Main:1#dfs:37 <name=yyy,type=int (id=7),value=<?>,index=14>
Field Read,context=Main:1,dx
Variable Write,context=Main:1#dfs:37,xxx=2
Field Read,context=Main:1,dy
Variable Write,context=Main:1#dfs:37,yyy=2
Field Read,context=Main:1,data
Field Read,context=Main:1,dx
Variable Write,context=Main:1#dfs:37,k=3
Variable Delete,method=Main:1#dfs:37 <name=xxx,type=int (id=7),value=<?>,index=13>
Variable Delete,method=Main:1#dfs:37 <name=yyy,type=int (id=7),value=<?>,index=14>
Field Read,context=Main:1,dx
Variable Write,context=Main:1#dfs:37,xxx=2
Field Read,context=Main:1,dy
Variable Write,context=Main:1#dfs:37,yyy=3
Field Read,context=Main:1,data
Field Read,context=Main:1,dx
Variable Delete,method=Main:1#dfs:37 <name=xxx,type=int (id=7),value=<?>,index=13>
Variable Delete,method=Main:1#dfs:37 <name=yyy,type=int (id=7),value=<?>,index=14>
Variable Delete,method=Main:1#dfs:37 <name=k,type=int (id=7),value=<?>,index=12>
Variable Write,context=Main:1#dfs:37,nlt=3
Variable Write,context=Main:1#dfs:37,nlb=0
Variable Write,context=Main:1#dfs:37,nrt=0
Variable Write,context=Main:1#dfs:37,nrb=0
Variable Write,context=Main:1#dfs:37,j=2
Variable Delete,method=Main:1#dfs:37 <name=xx,type=int (id=7),value=<?>,index=9>
Variable Delete,method=Main:1#dfs:37 <name=yy,type=int (id=7),value=<?>,index=10>
Variable Delete,method=Main:1#dfs:37 <name=flg,type=boolean (id=2),value=<?>,index=11>
Variable Delete,method=Main:1#dfs:37 <name=nlt,type=int (id=7),value=<?>,index=15>
Variable Delete,method=Main:1#dfs:37 <name=nlb,type=int (id=7),value=<?>,index=16>
Variable Delete,method=Main:1#dfs:37 <name=nrt,type=int (id=7),value=<?>,index=17>
Variable Delete,method=Main:1#dfs:37 <name=nrb,type=int (id=7),value=<?>,index=18>
Field Read,context=Main:1,vx
Variable Write,context=Main:1#dfs:37,xx=1
Field Read,context=Main:1,vy
Variable Write,context=Main:1#dfs:37,yy=3
Method Call,caller=Main:1#dfs:37,target=Main:1#isOK:339
Variable Write,context=Main:1#isOK:339,xx=1
Variable Write,context=Main:1#isOK:339,yy=3
Variable Write,context=Main:1#isOK:339,result=false
Method Exit,returner=Main:1#isOK:339,value=false
Variable Delete,method=Main:1#dfs:37 <name=xx,type=int (id=7),value=<?>,index=9>
Variable Delete,method=Main:1#dfs:37 <name=yy,type=int (id=7),value=<?>,index=10>
Field Read,context=Main:1,vx
Variable Write,context=Main:1#dfs:37,i=2
Variable Delete,method=Main:1#dfs:37 <name=j,type=int (id=7),value=<?>,index=8>
Variable Write,context=Main:1#dfs:37,j=1
Field Read,context=Main:1,vx
Variable Write,context=Main:1#dfs:37,xx=2
Field Read,context=Main:1,vy
Variable Write,context=Main:1#dfs:37,yy=1
Method Call,caller=Main:1#dfs:37,target=Main:1#isOK:340
Variable Write,context=Main:1#isOK:340,xx=2
Variable Write,context=Main:1#isOK:340,yy=1
Variable Write,context=Main:1#isOK:340,result=true
Method Exit,returner=Main:1#isOK:340,value=true
Variable Write,context=Main:1#dfs:37,flg=true
Field Read,context=Main:1,dx
Variable Write,context=Main:1#dfs:37,k=0
Field Read,context=Main:1,dx
Variable Write,context=Main:1#dfs:37,xxx=2
Field Read,context=Main:1,dy
Variable Write,context=Main:1#dfs:37,yyy=1
Field Read,context=Main:1,data
Field Read,context=Main:1,dx
Variable Write,context=Main:1#dfs:37,k=1
Variable Delete,method=Main:1#dfs:37 <name=xxx,type=int (id=7),value=<?>,index=13>
Variable Delete,method=Main:1#dfs:37 <name=yyy,type=int (id=7),value=<?>,index=14>
Field Read,context=Main:1,dx
Variable Write,context=Main:1#dfs:37,xxx=2
Field Read,context=Main:1,dy
Variable Write,context=Main:1#dfs:37,yyy=2
Field Read,context=Main:1,data
Field Read,context=Main:1,dx
Variable Write,context=Main:1#dfs:37,k=2
Variable Delete,method=Main:1#dfs:37 <name=xxx,type=int (id=7),value=<?>,index=13>
Variable Delete,method=Main:1#dfs:37 <name=yyy,type=int (id=7),value=<?>,index=14>
Field Read,context=Main:1,dx
Variable Write,context=Main:1#dfs:37,xxx=3
Field Read,context=Main:1,dy
Variable Write,context=Main:1#dfs:37,yyy=1
Field Read,context=Main:1,data
Field Read,context=Main:1,dx
Variable Write,context=Main:1#dfs:37,k=3
Variable Delete,method=Main:1#dfs:37 <name=xxx,type=int (id=7),value=<?>,index=13>
Variable Delete,method=Main:1#dfs:37 <name=yyy,type=int (id=7),value=<?>,index=14>
Field Read,context=Main:1,dx
Variable Write,context=Main:1#dfs:37,xxx=3
Field Read,context=Main:1,dy
Variable Write,context=Main:1#dfs:37,yyy=2
Field Read,context=Main:1,data
Field Read,context=Main:1,dx
Variable Delete,method=Main:1#dfs:37 <name=xxx,type=int (id=7),value=<?>,index=13>
Variable Delete,method=Main:1#dfs:37 <name=yyy,type=int (id=7),value=<?>,index=14>
Variable Delete,method=Main:1#dfs:37 <name=k,type=int (id=7),value=<?>,index=12>
Variable Write,context=Main:1#dfs:37,nlt=3
Variable Write,context=Main:1#dfs:37,nlb=0
Variable Write,context=Main:1#dfs:37,nrt=0
Variable Write,context=Main:1#dfs:37,nrb=0
Variable Write,context=Main:1#dfs:37,j=2
Variable Delete,method=Main:1#dfs:37 <name=xx,type=int (id=7),value=<?>,index=9>
Variable Delete,method=Main:1#dfs:37 <name=yy,type=int (id=7),value=<?>,index=10>
Variable Delete,method=Main:1#dfs:37 <name=flg,type=boolean (id=2),value=<?>,index=11>
Variable Delete,method=Main:1#dfs:37 <name=nlt,type=int (id=7),value=<?>,index=15>
Variable Delete,method=Main:1#dfs:37 <name=nlb,type=int (id=7),value=<?>,index=16>
Variable Delete,method=Main:1#dfs:37 <name=nrt,type=int (id=7),value=<?>,index=17>
Variable Delete,method=Main:1#dfs:37 <name=nrb,type=int (id=7),value=<?>,index=18>
Field Read,context=Main:1,vx
Variable Write,context=Main:1#dfs:37,xx=3
Field Read,context=Main:1,vy
Variable Write,context=Main:1#dfs:37,yy=1
Method Call,caller=Main:1#dfs:37,target=Main:1#isOK:341
Variable Write,context=Main:1#isOK:341,xx=3
Variable Write,context=Main:1#isOK:341,yy=1
Variable Write,context=Main:1#isOK:341,result=false
Method Exit,returner=Main:1#isOK:341,value=false
Variable Delete,method=Main:1#dfs:37 <name=xx,type=int (id=7),value=<?>,index=9>
Variable Delete,method=Main:1#dfs:37 <name=yy,type=int (id=7),value=<?>,index=10>
Field Read,context=Main:1,vx
Variable Write,context=Main:1#dfs:37,i=3
Variable Delete,method=Main:1#dfs:37 <name=j,type=int (id=7),value=<?>,index=8>
Variable Write,context=Main:1#dfs:37,j=1
Field Read,context=Main:1,vx
Variable Write,context=Main:1#dfs:37,xx=1
Field Read,context=Main:1,vy
Variable Write,context=Main:1#dfs:37,yy=0
Method Call,caller=Main:1#dfs:37,target=Main:1#isOK:342
Variable Write,context=Main:1#isOK:342,xx=1
Variable Write,context=Main:1#isOK:342,yy=0
Variable Write,context=Main:1#isOK:342,result=true
Method Exit,returner=Main:1#isOK:342,value=true
Variable Write,context=Main:1#dfs:37,flg=true
Field Read,context=Main:1,dx
Variable Write,context=Main:1#dfs:37,k=0
Field Read,context=Main:1,dx
Variable Write,context=Main:1#dfs:37,xxx=1
Field Read,context=Main:1,dy
Variable Write,context=Main:1#dfs:37,yyy=0
Field Read,context=Main:1,data
Field Read,context=Main:1,dx
Variable Write,context=Main:1#dfs:37,k=1
Variable Delete,method=Main:1#dfs:37 <name=xxx,type=int (id=7),value=<?>,index=13>
Variable Delete,method=Main:1#dfs:37 <name=yyy,type=int (id=7),value=<?>,index=14>
Field Read,context=Main:1,dx
Variable Write,context=Main:1#dfs:37,xxx=1
Field Read,context=Main:1,dy
Variable Write,context=Main:1#dfs:37,yyy=1
Field Read,context=Main:1,data
Variable Write,context=Main:1#dfs:37,flg=false
Variable Delete,method=Main:1#dfs:37 <name=k,type=int (id=7),value=<?>,index=12>
Variable Delete,method=Main:1#dfs:37 <name=xxx,type=int (id=7),value=<?>,index=13>
Variable Delete,method=Main:1#dfs:37 <name=yyy,type=int (id=7),value=<?>,index=14>
Variable Write,context=Main:1#dfs:37,j=2
Variable Delete,method=Main:1#dfs:37 <name=xx,type=int (id=7),value=<?>,index=9>
Variable Delete,method=Main:1#dfs:37 <name=yy,type=int (id=7),value=<?>,index=10>
Variable Delete,method=Main:1#dfs:37 <name=flg,type=boolean (id=2),value=<?>,index=11>
Field Read,context=Main:1,vx
Variable Write,context=Main:1#dfs:37,xx=1
Field Read,context=Main:1,vy
Variable Write,context=Main:1#dfs:37,yy=-1
Method Call,caller=Main:1#dfs:37,target=Main:1#isOK:343
Variable Write,context=Main:1#isOK:343,xx=1
Variable Write,context=Main:1#isOK:343,yy=-1
Variable Write,context=Main:1#isOK:343,result=false
Method Exit,returner=Main:1#isOK:343,value=false
Variable Delete,method=Main:1#dfs:37 <name=xx,type=int (id=7),value=<?>,index=9>
Variable Delete,method=Main:1#dfs:37 <name=yy,type=int (id=7),value=<?>,index=10>
Field Read,context=Main:1,vx
Variable Write,context=Main:1#dfs:37,i=4
Variable Delete,method=Main:1#dfs:37 <name=j,type=int (id=7),value=<?>,index=8>
Variable Write,context=Main:1#dfs:37,j=1
Field Read,context=Main:1,vx
Variable Write,context=Main:1#dfs:37,xx=0
Field Read,context=Main:1,vy
Variable Write,context=Main:1#dfs:37,yy=1
Method Call,caller=Main:1#dfs:37,target=Main:1#isOK:344
Variable Write,context=Main:1#isOK:344,xx=0
Variable Write,context=Main:1#isOK:344,yy=1
Variable Write,context=Main:1#isOK:344,result=true
Method Exit,returner=Main:1#isOK:344,value=true
Variable Write,context=Main:1#dfs:37,flg=true
Field Read,context=Main:1,dx
Variable Write,context=Main:1#dfs:37,k=0
Field Read,context=Main:1,dx
Variable Write,context=Main:1#dfs:37,xxx=0
Field Read,context=Main:1,dy
Variable Write,context=Main:1#dfs:37,yyy=1
Field Read,context=Main:1,data
Field Read,context=Main:1,dx
Variable Write,context=Main:1#dfs:37,k=1
Variable Delete,method=Main:1#dfs:37 <name=xxx,type=int (id=7),value=<?>,index=13>
Variable Delete,method=Main:1#dfs:37 <name=yyy,type=int (id=7),value=<?>,index=14>
Field Read,context=Main:1,dx
Variable Write,context=Main:1#dfs:37,xxx=0
Field Read,context=Main:1,dy
Variable Write,context=Main:1#dfs:37,yyy=2
Field Read,context=Main:1,data
Variable Write,context=Main:1#dfs:37,flg=false
Variable Delete,method=Main:1#dfs:37 <name=k,type=int (id=7),value=<?>,index=12>
Variable Delete,method=Main:1#dfs:37 <name=xxx,type=int (id=7),value=<?>,index=13>
Variable Delete,method=Main:1#dfs:37 <name=yyy,type=int (id=7),value=<?>,index=14>
Variable Write,context=Main:1#dfs:37,j=2
Variable Delete,method=Main:1#dfs:37 <name=xx,type=int (id=7),value=<?>,index=9>
Variable Delete,method=Main:1#dfs:37 <name=yy,type=int (id=7),value=<?>,index=10>
Variable Delete,method=Main:1#dfs:37 <name=flg,type=boolean (id=2),value=<?>,index=11>
Field Read,context=Main:1,vx
Variable Write,context=Main:1#dfs:37,xx=-1
Field Read,context=Main:1,vy
Variable Write,context=Main:1#dfs:37,yy=1
Method Call,caller=Main:1#dfs:37,target=Main:1#isOK:345
Variable Write,context=Main:1#isOK:345,xx=-1
Variable Write,context=Main:1#isOK:345,yy=1
Variable Write,context=Main:1#isOK:345,result=false
Method Exit,returner=Main:1#isOK:345,value=false
Variable Delete,method=Main:1#dfs:37 <name=xx,type=int (id=7),value=<?>,index=9>
Variable Delete,method=Main:1#dfs:37 <name=yy,type=int (id=7),value=<?>,index=10>
Field Read,context=Main:1,vx
Variable Delete,method=Main:1#dfs:37 <name=j,type=int (id=7),value=<?>,index=8>
Method Exit,returner=Main:1#dfs:37,value=<void>
Variable Write,context=Main:1#dfs:36,j=2
Variable Delete,method=Main:1#dfs:36 <name=xx,type=int (id=7),value=<?>,index=9>
Variable Delete,method=Main:1#dfs:36 <name=yy,type=int (id=7),value=<?>,index=10>
Variable Delete,method=Main:1#dfs:36 <name=flg,type=boolean (id=2),value=<?>,index=11>
Variable Delete,method=Main:1#dfs:36 <name=nlt,type=int (id=7),value=<?>,index=15>
Variable Delete,method=Main:1#dfs:36 <name=nlb,type=int (id=7),value=<?>,index=16>
Variable Delete,method=Main:1#dfs:36 <name=nrt,type=int (id=7),value=<?>,index=17>
Variable Delete,method=Main:1#dfs:36 <name=nrb,type=int (id=7),value=<?>,index=18>
Variable Delete,method=Main:1#dfs:36 <name=next,type=java.lang.String (id=25),value=<?>,index=19>
Field Read,context=Main:1,vx
Variable Write,context=Main:1#dfs:36,xx=1
Field Read,context=Main:1,vy
Variable Write,context=Main:1#dfs:36,yy=1
Method Call,caller=Main:1#dfs:36,target=Main:1#isOK:346
Variable Write,context=Main:1#isOK:346,xx=1
Variable Write,context=Main:1#isOK:346,yy=1
Variable Write,context=Main:1#isOK:346,result=true
Method Exit,returner=Main:1#isOK:346,value=true
Variable Write,context=Main:1#dfs:36,flg=true
Field Read,context=Main:1,dx
Variable Write,context=Main:1#dfs:36,k=0
Field Read,context=Main:1,dx
Variable Write,context=Main:1#dfs:36,xxx=1
Field Read,context=Main:1,dy
Variable Write,context=Main:1#dfs:36,yyy=1
Field Read,context=Main:1,data
Field Read,context=Main:1,dx
Variable Write,context=Main:1#dfs:36,k=1
Variable Delete,method=Main:1#dfs:36 <name=xxx,type=int (id=7),value=<?>,index=13>
Variable Delete,method=Main:1#dfs:36 <name=yyy,type=int (id=7),value=<?>,index=14>
Field Read,context=Main:1,dx
Variable Write,context=Main:1#dfs:36,xxx=1
Field Read,context=Main:1,dy
Variable Write,context=Main:1#dfs:36,yyy=2
Field Read,context=Main:1,data
Field Read,context=Main:1,dx
Variable Write,context=Main:1#dfs:36,k=2
Variable Delete,method=Main:1#dfs:36 <name=xxx,type=int (id=7),value=<?>,index=13>
Variable Delete,method=Main:1#dfs:36 <name=yyy,type=int (id=7),value=<?>,index=14>
Field Read,context=Main:1,dx
Variable Write,context=Main:1#dfs:36,xxx=2
Field Read,context=Main:1,dy
Variable Write,context=Main:1#dfs:36,yyy=1
Field Read,context=Main:1,data
Field Read,context=Main:1,dx
Variable Write,context=Main:1#dfs:36,k=3
Variable Delete,method=Main:1#dfs:36 <name=xxx,type=int (id=7),value=<?>,index=13>
Variable Delete,method=Main:1#dfs:36 <name=yyy,type=int (id=7),value=<?>,index=14>
Field Read,context=Main:1,dx
Variable Write,context=Main:1#dfs:36,xxx=2
Field Read,context=Main:1,dy
Variable Write,context=Main:1#dfs:36,yyy=2
Field Read,context=Main:1,data
Field Read,context=Main:1,dx
Variable Delete,method=Main:1#dfs:36 <name=xxx,type=int (id=7),value=<?>,index=13>
Variable Delete,method=Main:1#dfs:36 <name=yyy,type=int (id=7),value=<?>,index=14>
Variable Delete,method=Main:1#dfs:36 <name=k,type=int (id=7),value=<?>,index=12>
Variable Write,context=Main:1#dfs:36,nlt=4
Variable Write,context=Main:1#dfs:36,nlb=1
Variable Write,context=Main:1#dfs:36,nrt=1
Variable Write,context=Main:1#dfs:36,nrb=1
Variable Write,context=Main:1#dfs:36,next=6 114111
Field Read,context=Main:1,close
Variable Delete,method=Main:1#dfs:36 <name=xx,type=int (id=7),value=<?>,index=9>
Variable Delete,method=Main:1#dfs:36 <name=yy,type=int (id=7),value=<?>,index=10>
Variable Delete,method=Main:1#dfs:36 <name=flg,type=boolean (id=2),value=<?>,index=11>
Variable Delete,method=Main:1#dfs:36 <name=nlt,type=int (id=7),value=<?>,index=15>
Variable Delete,method=Main:1#dfs:36 <name=nlb,type=int (id=7),value=<?>,index=16>
Variable Delete,method=Main:1#dfs:36 <name=nrt,type=int (id=7),value=<?>,index=17>
Variable Delete,method=Main:1#dfs:36 <name=nrb,type=int (id=7),value=<?>,index=18>
Variable Delete,method=Main:1#dfs:36 <name=next,type=java.lang.String (id=25),value=<?>,index=19>
Field Read,context=Main:1,vx
Variable Write,context=Main:1#dfs:36,i=1
Variable Delete,method=Main:1#dfs:36 <name=j,type=int (id=7),value=<?>,index=8>
Variable Write,context=Main:1#dfs:36,j=1
Field Read,context=Main:1,vx
Variable Write,context=Main:1#dfs:36,xx=1
Field Read,context=Main:1,vy
Variable Write,context=Main:1#dfs:36,yy=2
Method Call,caller=Main:1#dfs:36,target=Main:1#isOK:347
Variable Write,context=Main:1#isOK:347,xx=1
Variable Write,context=Main:1#isOK:347,yy=2
Variable Write,context=Main:1#isOK:347,result=true
Method Exit,returner=Main:1#isOK:347,value=true
Variable Write,context=Main:1#dfs:36,flg=true
Field Read,context=Main:1,dx
Variable Write,context=Main:1#dfs:36,k=0
Field Read,context=Main:1,dx
Variable Write,context=Main:1#dfs:36,xxx=1
Field Read,context=Main:1,dy
Variable Write,context=Main:1#dfs:36,yyy=2
Field Read,context=Main:1,data
Field Read,context=Main:1,dx
Variable Write,context=Main:1#dfs:36,k=1
Variable Delete,method=Main:1#dfs:36 <name=xxx,type=int (id=7),value=<?>,index=13>
Variable Delete,method=Main:1#dfs:36 <name=yyy,type=int (id=7),value=<?>,index=14>
Field Read,context=Main:1,dx
Variable Write,context=Main:1#dfs:36,xxx=1
Field Read,context=Main:1,dy
Variable Write,context=Main:1#dfs:36,yyy=3
Field Read,context=Main:1,data
Field Read,context=Main:1,dx
Variable Write,context=Main:1#dfs:36,k=2
Variable Delete,method=Main:1#dfs:36 <name=xxx,type=int (id=7),value=<?>,index=13>
Variable Delete,method=Main:1#dfs:36 <name=yyy,type=int (id=7),value=<?>,index=14>
Field Read,context=Main:1,dx
Variable Write,context=Main:1#dfs:36,xxx=2
Field Read,context=Main:1,dy
Variable Write,context=Main:1#dfs:36,yyy=2
Field Read,context=Main:1,data
Field Read,context=Main:1,dx
Variable Write,context=Main:1#dfs:36,k=3
Variable Delete,method=Main:1#dfs:36 <name=xxx,type=int (id=7),value=<?>,index=13>
Variable Delete,method=Main:1#dfs:36 <name=yyy,type=int (id=7),value=<?>,index=14>
Field Read,context=Main:1,dx
Variable Write,context=Main:1#dfs:36,xxx=2
Field Read,context=Main:1,dy
Variable Write,context=Main:1#dfs:36,yyy=3
Field Read,context=Main:1,data
Field Read,context=Main:1,dx
Variable Delete,method=Main:1#dfs:36 <name=xxx,type=int (id=7),value=<?>,index=13>
Variable Delete,method=Main:1#dfs:36 <name=yyy,type=int (id=7),value=<?>,index=14>
Variable Delete,method=Main:1#dfs:36 <name=k,type=int (id=7),value=<?>,index=12>
Variable Write,context=Main:1#dfs:36,nlt=4
Variable Write,context=Main:1#dfs:36,nlb=1
Variable Write,context=Main:1#dfs:36,nrt=1
Variable Write,context=Main:1#dfs:36,nrb=1
Variable Write,context=Main:1#dfs:36,next=6 124111
Field Read,context=Main:1,close
Field Read,context=Main:1,close
Method Call,caller=Main:1#dfs:36,target=Main:1#dfs:38
Variable Write,context=Main:1#dfs:38,lt=4
Variable Write,context=Main:1#dfs:38,lb=1
Variable Write,context=Main:1#dfs:38,rt=1
Variable Write,context=Main:1#dfs:38,rb=1
Variable Write,context=Main:1#dfs:38,deep=6
Variable Write,context=Main:1#dfs:38,x=1
Variable Write,context=Main:1#dfs:38,y=2
Field Read,context=Main:1,n
Field Read,context=Main:1,vx
Variable Write,context=Main:1#dfs:38,i=0
Variable Write,context=Main:1#dfs:38,j=1
Field Read,context=Main:1,vx
Variable Write,context=Main:1#dfs:38,xx=1
Field Read,context=Main:1,vy
Variable Write,context=Main:1#dfs:38,yy=2
Method Call,caller=Main:1#dfs:38,target=Main:1#isOK:348
Variable Write,context=Main:1#isOK:348,xx=1
Variable Write,context=Main:1#isOK:348,yy=2
Variable Write,context=Main:1#isOK:348,result=true
Method Exit,returner=Main:1#isOK:348,value=true
Variable Write,context=Main:1#dfs:38,flg=true
Field Read,context=Main:1,dx
Variable Write,context=Main:1#dfs:38,k=0
Field Read,context=Main:1,dx
Variable Write,context=Main:1#dfs:38,xxx=1
Field Read,context=Main:1,dy
Variable Write,context=Main:1#dfs:38,yyy=2
Field Read,context=Main:1,data
Field Read,context=Main:1,dx
Variable Write,context=Main:1#dfs:38,k=1
Variable Delete,method=Main:1#dfs:38 <name=xxx,type=int (id=7),value=<?>,index=13>
Variable Delete,method=Main:1#dfs:38 <name=yyy,type=int (id=7),value=<?>,index=14>
Field Read,context=Main:1,dx
Variable Write,context=Main:1#dfs:38,xxx=1
Field Read,context=Main:1,dy
Variable Write,context=Main:1#dfs:38,yyy=3
Field Read,context=Main:1,data
Field Read,context=Main:1,dx
Variable Write,context=Main:1#dfs:38,k=2
Variable Delete,method=Main:1#dfs:38 <name=xxx,type=int (id=7),value=<?>,index=13>
Variable Delete,method=Main:1#dfs:38 <name=yyy,type=int (id=7),value=<?>,index=14>
Field Read,context=Main:1,dx
Variable Write,context=Main:1#dfs:38,xxx=2
Field Read,context=Main:1,dy
Variable Write,context=Main:1#dfs:38,yyy=2
Field Read,context=Main:1,data
Field Read,context=Main:1,dx
Variable Write,context=Main:1#dfs:38,k=3
Variable Delete,method=Main:1#dfs:38 <name=xxx,type=int (id=7),value=<?>,index=13>
Variable Delete,method=Main:1#dfs:38 <name=yyy,type=int (id=7),value=<?>,index=14>
Field Read,context=Main:1,dx
Variable Write,context=Main:1#dfs:38,xxx=2
Field Read,context=Main:1,dy
Variable Write,context=Main:1#dfs:38,yyy=3
Field Read,context=Main:1,data
Field Read,context=Main:1,dx
Variable Delete,method=Main:1#dfs:38 <name=xxx,type=int (id=7),value=<?>,index=13>
Variable Delete,method=Main:1#dfs:38 <name=yyy,type=int (id=7),value=<?>,index=14>
Variable Delete,method=Main:1#dfs:38 <name=k,type=int (id=7),value=<?>,index=12>
Variable Write,context=Main:1#dfs:38,nlt=3
Variable Write,context=Main:1#dfs:38,nlb=0
Variable Write,context=Main:1#dfs:38,nrt=0
Variable Write,context=Main:1#dfs:38,nrb=0
Variable Write,context=Main:1#dfs:38,j=2
Variable Delete,method=Main:1#dfs:38 <name=xx,type=int (id=7),value=<?>,index=9>
Variable Delete,method=Main:1#dfs:38 <name=yy,type=int (id=7),value=<?>,index=10>
Variable Delete,method=Main:1#dfs:38 <name=flg,type=boolean (id=2),value=<?>,index=11>
Variable Delete,method=Main:1#dfs:38 <name=nlt,type=int (id=7),value=<?>,index=15>
Variable Delete,method=Main:1#dfs:38 <name=nlb,type=int (id=7),value=<?>,index=16>
Variable Delete,method=Main:1#dfs:38 <name=nrt,type=int (id=7),value=<?>,index=17>
Variable Delete,method=Main:1#dfs:38 <name=nrb,type=int (id=7),value=<?>,index=18>
Field Read,context=Main:1,vx
Variable Write,context=Main:1#dfs:38,xx=1
Field Read,context=Main:1,vy
Variable Write,context=Main:1#dfs:38,yy=2
Method Call,caller=Main:1#dfs:38,target=Main:1#isOK:349
Variable Write,context=Main:1#isOK:349,xx=1
Variable Write,context=Main:1#isOK:349,yy=2
Variable Write,context=Main:1#isOK:349,result=true
Method Exit,returner=Main:1#isOK:349,value=true
Variable Write,context=Main:1#dfs:38,flg=true
Field Read,context=Main:1,dx
Variable Write,context=Main:1#dfs:38,k=0
Field Read,context=Main:1,dx
Variable Write,context=Main:1#dfs:38,xxx=1
Field Read,context=Main:1,dy
Variable Write,context=Main:1#dfs:38,yyy=2
Field Read,context=Main:1,data
Field Read,context=Main:1,dx
Variable Write,context=Main:1#dfs:38,k=1
Variable Delete,method=Main:1#dfs:38 <name=xxx,type=int (id=7),value=<?>,index=13>
Variable Delete,method=Main:1#dfs:38 <name=yyy,type=int (id=7),value=<?>,index=14>
Field Read,context=Main:1,dx
Variable Write,context=Main:1#dfs:38,xxx=1
Field Read,context=Main:1,dy
Variable Write,context=Main:1#dfs:38,yyy=3
Field Read,context=Main:1,data
Field Read,context=Main:1,dx
Variable Write,context=Main:1#dfs:38,k=2
Variable Delete,method=Main:1#dfs:38 <name=xxx,type=int (id=7),value=<?>,index=13>
Variable Delete,method=Main:1#dfs:38 <name=yyy,type=int (id=7),value=<?>,index=14>
Field Read,context=Main:1,dx
Variable Write,context=Main:1#dfs:38,xxx=2
Field Read,context=Main:1,dy
Variable Write,context=Main:1#dfs:38,yyy=2
Field Read,context=Main:1,data
Field Read,context=Main:1,dx
Variable Write,context=Main:1#dfs:38,k=3
Variable Delete,method=Main:1#dfs:38 <name=xxx,type=int (id=7),value=<?>,index=13>
Variable Delete,method=Main:1#dfs:38 <name=yyy,type=int (id=7),value=<?>,index=14>
Field Read,context=Main:1,dx
Variable Write,context=Main:1#dfs:38,xxx=2
Field Read,context=Main:1,dy
Variable Write,context=Main:1#dfs:38,yyy=3
Field Read,context=Main:1,data
Field Read,context=Main:1,dx
Variable Delete,method=Main:1#dfs:38 <name=xxx,type=int (id=7),value=<?>,index=13>
Variable Delete,method=Main:1#dfs:38 <name=yyy,type=int (id=7),value=<?>,index=14>
Variable Delete,method=Main:1#dfs:38 <name=k,type=int (id=7),value=<?>,index=12>
Variable Write,context=Main:1#dfs:38,nlt=3
Variable Write,context=Main:1#dfs:38,nlb=0
Variable Write,context=Main:1#dfs:38,nrt=0
Variable Write,context=Main:1#dfs:38,nrb=0
Variable Delete,method=Main:1#dfs:38 <name=xx,type=int (id=7),value=<?>,index=9>
Variable Delete,method=Main:1#dfs:38 <name=yy,type=int (id=7),value=<?>,index=10>
Variable Delete,method=Main:1#dfs:38 <name=flg,type=boolean (id=2),value=<?>,index=11>
Variable Delete,method=Main:1#dfs:38 <name=nlt,type=int (id=7),value=<?>,index=15>
Variable Delete,method=Main:1#dfs:38 <name=nlb,type=int (id=7),value=<?>,index=16>
Variable Delete,method=Main:1#dfs:38 <name=nrt,type=int (id=7),value=<?>,index=17>
Variable Delete,method=Main:1#dfs:38 <name=nrb,type=int (id=7),value=<?>,index=18>
Field Read,context=Main:1,vx
Variable Write,context=Main:1#dfs:38,i=1
Variable Delete,method=Main:1#dfs:38 <name=j,type=int (id=7),value=<?>,index=8>
Variable Write,context=Main:1#dfs:38,j=1
Field Read,context=Main:1,vx
Variable Write,context=Main:1#dfs:38,xx=1
Field Read,context=Main:1,vy
Variable Write,context=Main:1#dfs:38,yy=3
Method Call,caller=Main:1#dfs:38,target=Main:1#isOK:350
Variable Write,context=Main:1#isOK:350,xx=1
Variable Write,context=Main:1#isOK:350,yy=3
Variable Write,context=Main:1#isOK:350,result=false
Method Exit,returner=Main:1#isOK:350,value=false
Variable Write,context=Main:1#dfs:38,j=2
Variable Delete,method=Main:1#dfs:38 <name=xx,type=int (id=7),value=<?>,index=9>
Variable Delete,method=Main:1#dfs:38 <name=yy,type=int (id=7),value=<?>,index=10>
Field Read,context=Main:1,vx
Variable Write,context=Main:1#dfs:38,xx=1
Field Read,context=Main:1,vy
Variable Write,context=Main:1#dfs:38,yy=4
Method Call,caller=Main:1#dfs:38,target=Main:1#isOK:351
Variable Write,context=Main:1#isOK:351,xx=1
Variable Write,context=Main:1#isOK:351,yy=4
Variable Write,context=Main:1#isOK:351,result=false
Method Exit,returner=Main:1#isOK:351,value=false
Variable Delete,method=Main:1#dfs:38 <name=xx,type=int (id=7),value=<?>,index=9>
Variable Delete,method=Main:1#dfs:38 <name=yy,type=int (id=7),value=<?>,index=10>
Field Read,context=Main:1,vx
Variable Write,context=Main:1#dfs:38,i=2
Variable Delete,method=Main:1#dfs:38 <name=j,type=int (id=7),value=<?>,index=8>
Variable Write,context=Main:1#dfs:38,j=1
Field Read,context=Main:1,vx
Variable Write,context=Main:1#dfs:38,xx=2
Field Read,context=Main:1,vy
Variable Write,context=Main:1#dfs:38,yy=2
Method Call,caller=Main:1#dfs:38,target=Main:1#isOK:352
Variable Write,context=Main:1#isOK:352,xx=2
Variable Write,context=Main:1#isOK:352,yy=2
Variable Write,context=Main:1#isOK:352,result=true
Method Exit,returner=Main:1#isOK:352,value=true
Variable Write,context=Main:1#dfs:38,flg=true
Field Read,context=Main:1,dx
Variable Write,context=Main:1#dfs:38,k=0
Field Read,context=Main:1,dx
Variable Write,context=Main:1#dfs:38,xxx=2
Field Read,context=Main:1,dy
Variable Write,context=Main:1#dfs:38,yyy=2
Field Read,context=Main:1,data
Field Read,context=Main:1,dx
Variable Write,context=Main:1#dfs:38,k=1
Variable Delete,method=Main:1#dfs:38 <name=xxx,type=int (id=7),value=<?>,index=13>
Variable Delete,method=Main:1#dfs:38 <name=yyy,type=int (id=7),value=<?>,index=14>
Field Read,context=Main:1,dx
Variable Write,context=Main:1#dfs:38,xxx=2
Field Read,context=Main:1,dy
Variable Write,context=Main:1#dfs:38,yyy=3
Field Read,context=Main:1,data
Field Read,context=Main:1,dx
Variable Write,context=Main:1#dfs:38,k=2
Variable Delete,method=Main:1#dfs:38 <name=xxx,type=int (id=7),value=<?>,index=13>
Variable Delete,method=Main:1#dfs:38 <name=yyy,type=int (id=7),value=<?>,index=14>
Field Read,context=Main:1,dx
Variable Write,context=Main:1#dfs:38,xxx=3
Field Read,context=Main:1,dy
Variable Write,context=Main:1#dfs:38,yyy=2
Field Read,context=Main:1,data
Field Read,context=Main:1,dx
Variable Write,context=Main:1#dfs:38,k=3
Variable Delete,method=Main:1#dfs:38 <name=xxx,type=int (id=7),value=<?>,index=13>
Variable Delete,method=Main:1#dfs:38 <name=yyy,type=int (id=7),value=<?>,index=14>
Field Read,context=Main:1,dx
Variable Write,context=Main:1#dfs:38,xxx=3
Field Read,context=Main:1,dy
Variable Write,context=Main:1#dfs:38,yyy=3
Field Read,context=Main:1,data
Field Read,context=Main:1,dx
Variable Delete,method=Main:1#dfs:38 <name=xxx,type=int (id=7),value=<?>,index=13>
Variable Delete,method=Main:1#dfs:38 <name=yyy,type=int (id=7),value=<?>,index=14>
Variable Delete,method=Main:1#dfs:38 <name=k,type=int (id=7),value=<?>,index=12>
Variable Write,context=Main:1#dfs:38,nlt=3
Variable Write,context=Main:1#dfs:38,nlb=0
Variable Write,context=Main:1#dfs:38,nrt=0
Variable Write,context=Main:1#dfs:38,nrb=0
Variable Write,context=Main:1#dfs:38,nrb=7
Variable Write,context=Main:1#dfs:38,j=2
Variable Delete,method=Main:1#dfs:38 <name=xx,type=int (id=7),value=<?>,index=9>
Variable Delete,method=Main:1#dfs:38 <name=yy,type=int (id=7),value=<?>,index=10>
Variable Delete,method=Main:1#dfs:38 <name=flg,type=boolean (id=2),value=<?>,index=11>
Variable Delete,method=Main:1#dfs:38 <name=nlt,type=int (id=7),value=<?>,index=15>
Variable Delete,method=Main:1#dfs:38 <name=nlb,type=int (id=7),value=<?>,index=16>
Variable Delete,method=Main:1#dfs:38 <name=nrt,type=int (id=7),value=<?>,index=17>
Variable Delete,method=Main:1#dfs:38 <name=nrb,type=int (id=7),value=<?>,index=18>
Field Read,context=Main:1,vx
Variable Write,context=Main:1#dfs:38,xx=3
Field Read,context=Main:1,vy
Variable Write,context=Main:1#dfs:38,yy=2
Method Call,caller=Main:1#dfs:38,target=Main:1#isOK:353
Variable Write,context=Main:1#isOK:353,xx=3
Variable Write,context=Main:1#isOK:353,yy=2
Variable Write,context=Main:1#isOK:353,result=false
Method Exit,returner=Main:1#isOK:353,value=false
Variable Delete,method=Main:1#dfs:38 <name=xx,type=int (id=7),value=<?>,index=9>
Variable Delete,method=Main:1#dfs:38 <name=yy,type=int (id=7),value=<?>,index=10>
Field Read,context=Main:1,vx
Variable Write,context=Main:1#dfs:38,i=3
Variable Delete,method=Main:1#dfs:38 <name=j,type=int (id=7),value=<?>,index=8>
Variable Write,context=Main:1#dfs:38,j=1
Field Read,context=Main:1,vx
Variable Write,context=Main:1#dfs:38,xx=1
Field Read,context=Main:1,vy
Variable Write,context=Main:1#dfs:38,yy=1
Method Call,caller=Main:1#dfs:38,target=Main:1#isOK:354
Variable Write,context=Main:1#isOK:354,xx=1
Variable Write,context=Main:1#isOK:354,yy=1
Variable Write,context=Main:1#isOK:354,result=true
Method Exit,returner=Main:1#isOK:354,value=true
Variable Write,context=Main:1#dfs:38,flg=true
Field Read,context=Main:1,dx
Variable Write,context=Main:1#dfs:38,k=0
Field Read,context=Main:1,dx
Variable Write,context=Main:1#dfs:38,xxx=1
Field Read,context=Main:1,dy
Variable Write,context=Main:1#dfs:38,yyy=1
Field Read,context=Main:1,data
Variable Write,context=Main:1#dfs:38,flg=false
Variable Delete,method=Main:1#dfs:38 <name=k,type=int (id=7),value=<?>,index=12>
Variable Delete,method=Main:1#dfs:38 <name=xxx,type=int (id=7),value=<?>,index=13>
Variable Delete,method=Main:1#dfs:38 <name=yyy,type=int (id=7),value=<?>,index=14>
Variable Write,context=Main:1#dfs:38,j=2
Variable Delete,method=Main:1#dfs:38 <name=xx,type=int (id=7),value=<?>,index=9>
Variable Delete,method=Main:1#dfs:38 <name=yy,type=int (id=7),value=<?>,index=10>
Variable Delete,method=Main:1#dfs:38 <name=flg,type=boolean (id=2),value=<?>,index=11>
Field Read,context=Main:1,vx
Variable Write,context=Main:1#dfs:38,xx=1
Field Read,context=Main:1,vy
Variable Write,context=Main:1#dfs:38,yy=0
Method Call,caller=Main:1#dfs:38,target=Main:1#isOK:355
Variable Write,context=Main:1#isOK:355,xx=1
Variable Write,context=Main:1#isOK:355,yy=0
Variable Write,context=Main:1#isOK:355,result=true
Method Exit,returner=Main:1#isOK:355,value=true
Variable Write,context=Main:1#dfs:38,flg=true
Field Read,context=Main:1,dx
Variable Write,context=Main:1#dfs:38,k=0
Field Read,context=Main:1,dx
Variable Write,context=Main:1#dfs:38,xxx=1
Field Read,context=Main:1,dy
Variable Write,context=Main:1#dfs:38,yyy=0
Field Read,context=Main:1,data
Field Read,context=Main:1,dx
Variable Write,context=Main:1#dfs:38,k=1
Variable Delete,method=Main:1#dfs:38 <name=xxx,type=int (id=7),value=<?>,index=13>
Variable Delete,method=Main:1#dfs:38 <name=yyy,type=int (id=7),value=<?>,index=14>
Field Read,context=Main:1,dx
Variable Write,context=Main:1#dfs:38,xxx=1
Field Read,context=Main:1,dy
Variable Write,context=Main:1#dfs:38,yyy=1
Field Read,context=Main:1,data
Variable Write,context=Main:1#dfs:38,flg=false
Variable Delete,method=Main:1#dfs:38 <name=k,type=int (id=7),value=<?>,index=12>
Variable Delete,method=Main:1#dfs:38 <name=xxx,type=int (id=7),value=<?>,index=13>
Variable Delete,method=Main:1#dfs:38 <name=yyy,type=int (id=7),value=<?>,index=14>
Variable Delete,method=Main:1#dfs:38 <name=xx,type=int (id=7),value=<?>,index=9>
Variable Delete,method=Main:1#dfs:38 <name=yy,type=int (id=7),value=<?>,index=10>
Variable Delete,method=Main:1#dfs:38 <name=flg,type=boolean (id=2),value=<?>,index=11>
Field Read,context=Main:1,vx
Variable Write,context=Main:1#dfs:38,i=4
Variable Delete,method=Main:1#dfs:38 <name=j,type=int (id=7),value=<?>,index=8>
Variable Write,context=Main:1#dfs:38,j=1
Field Read,context=Main:1,vx
Variable Write,context=Main:1#dfs:38,xx=0
Field Read,context=Main:1,vy
Variable Write,context=Main:1#dfs:38,yy=2
Method Call,caller=Main:1#dfs:38,target=Main:1#isOK:356
Variable Write,context=Main:1#isOK:356,xx=0
Variable Write,context=Main:1#isOK:356,yy=2
Variable Write,context=Main:1#isOK:356,result=true
Method Exit,returner=Main:1#isOK:356,value=true
Variable Write,context=Main:1#dfs:38,flg=true
Field Read,context=Main:1,dx
Variable Write,context=Main:1#dfs:38,k=0
Field Read,context=Main:1,dx
Variable Write,context=Main:1#dfs:38,xxx=0
Field Read,context=Main:1,dy
Variable Write,context=Main:1#dfs:38,yyy=2
Field Read,context=Main:1,data
Variable Write,context=Main:1#dfs:38,flg=false
Variable Delete,method=Main:1#dfs:38 <name=k,type=int (id=7),value=<?>,index=12>
Variable Delete,method=Main:1#dfs:38 <name=xxx,type=int (id=7),value=<?>,index=13>
Variable Delete,method=Main:1#dfs:38 <name=yyy,type=int (id=7),value=<?>,index=14>
Variable Write,context=Main:1#dfs:38,j=2
Variable Delete,method=Main:1#dfs:38 <name=xx,type=int (id=7),value=<?>,index=9>
Variable Delete,method=Main:1#dfs:38 <name=yy,type=int (id=7),value=<?>,index=10>
Variable Delete,method=Main:1#dfs:38 <name=flg,type=boolean (id=2),value=<?>,index=11>
Field Read,context=Main:1,vx
Variable Write,context=Main:1#dfs:38,xx=-1
Field Read,context=Main:1,vy
Variable Write,context=Main:1#dfs:38,yy=2
Method Call,caller=Main:1#dfs:38,target=Main:1#isOK:357
Variable Write,context=Main:1#isOK:357,xx=-1
Variable Write,context=Main:1#isOK:357,yy=2
Variable Write,context=Main:1#isOK:357,result=false
Method Exit,returner=Main:1#isOK:357,value=false
Variable Delete,method=Main:1#dfs:38 <name=xx,type=int (id=7),value=<?>,index=9>
Variable Delete,method=Main:1#dfs:38 <name=yy,type=int (id=7),value=<?>,index=10>
Field Read,context=Main:1,vx
Variable Delete,method=Main:1#dfs:38 <name=j,type=int (id=7),value=<?>,index=8>
Method Exit,returner=Main:1#dfs:38,value=<void>
Variable Write,context=Main:1#dfs:36,j=2
Variable Delete,method=Main:1#dfs:36 <name=xx,type=int (id=7),value=<?>,index=9>
Variable Delete,method=Main:1#dfs:36 <name=yy,type=int (id=7),value=<?>,index=10>
Variable Delete,method=Main:1#dfs:36 <name=flg,type=boolean (id=2),value=<?>,index=11>
Variable Delete,method=Main:1#dfs:36 <name=nlt,type=int (id=7),value=<?>,index=15>
Variable Delete,method=Main:1#dfs:36 <name=nlb,type=int (id=7),value=<?>,index=16>
Variable Delete,method=Main:1#dfs:36 <name=nrt,type=int (id=7),value=<?>,index=17>
Variable Delete,method=Main:1#dfs:36 <name=nrb,type=int (id=7),value=<?>,index=18>
Variable Delete,method=Main:1#dfs:36 <name=next,type=java.lang.String (id=25),value=<?>,index=19>
Field Read,context=Main:1,vx
Variable Write,context=Main:1#dfs:36,xx=1
Field Read,context=Main:1,vy
Variable Write,context=Main:1#dfs:36,yy=3
Method Call,caller=Main:1#dfs:36,target=Main:1#isOK:358
Variable Write,context=Main:1#isOK:358,xx=1
Variable Write,context=Main:1#isOK:358,yy=3
Variable Write,context=Main:1#isOK:358,result=false
Method Exit,returner=Main:1#isOK:358,value=false
Variable Delete,method=Main:1#dfs:36 <name=xx,type=int (id=7),value=<?>,index=9>
Variable Delete,method=Main:1#dfs:36 <name=yy,type=int (id=7),value=<?>,index=10>
Field Read,context=Main:1,vx
Variable Write,context=Main:1#dfs:36,i=2
Variable Delete,method=Main:1#dfs:36 <name=j,type=int (id=7),value=<?>,index=8>
Variable Write,context=Main:1#dfs:36,j=1
Field Read,context=Main:1,vx
Variable Write,context=Main:1#dfs:36,xx=2
Field Read,context=Main:1,vy
Variable Write,context=Main:1#dfs:36,yy=1
Method Call,caller=Main:1#dfs:36,target=Main:1#isOK:359
Variable Write,context=Main:1#isOK:359,xx=2
Variable Write,context=Main:1#isOK:359,yy=1
Variable Write,context=Main:1#isOK:359,result=true
Method Exit,returner=Main:1#isOK:359,value=true
Variable Write,context=Main:1#dfs:36,flg=true
Field Read,context=Main:1,dx
Variable Write,context=Main:1#dfs:36,k=0
Field Read,context=Main:1,dx
Variable Write,context=Main:1#dfs:36,xxx=2
Field Read,context=Main:1,dy
Variable Write,context=Main:1#dfs:36,yyy=1
Field Read,context=Main:1,data
Field Read,context=Main:1,dx
Variable Write,context=Main:1#dfs:36,k=1
Variable Delete,method=Main:1#dfs:36 <name=xxx,type=int (id=7),value=<?>,index=13>
Variable Delete,method=Main:1#dfs:36 <name=yyy,type=int (id=7),value=<?>,index=14>
Field Read,context=Main:1,dx
Variable Write,context=Main:1#dfs:36,xxx=2
Field Read,context=Main:1,dy
Variable Write,context=Main:1#dfs:36,yyy=2
Field Read,context=Main:1,data
Field Read,context=Main:1,dx
Variable Write,context=Main:1#dfs:36,k=2
Variable Delete,method=Main:1#dfs:36 <name=xxx,type=int (id=7),value=<?>,index=13>
Variable Delete,method=Main:1#dfs:36 <name=yyy,type=int (id=7),value=<?>,index=14>
Field Read,context=Main:1,dx
Variable Write,context=Main:1#dfs:36,xxx=3
Field Read,context=Main:1,dy
Variable Write,context=Main:1#dfs:36,yyy=1
Field Read,context=Main:1,data
Field Read,context=Main:1,dx
Variable Write,context=Main:1#dfs:36,k=3
Variable Delete,method=Main:1#dfs:36 <name=xxx,type=int (id=7),value=<?>,index=13>
Variable Delete,method=Main:1#dfs:36 <name=yyy,type=int (id=7),value=<?>,index=14>
Field Read,context=Main:1,dx
Variable Write,context=Main:1#dfs:36,xxx=3
Field Read,context=Main:1,dy
Variable Write,context=Main:1#dfs:36,yyy=2
Field Read,context=Main:1,data
Field Read,context=Main:1,dx
Variable Delete,method=Main:1#dfs:36 <name=xxx,type=int (id=7),value=<?>,index=13>
Variable Delete,method=Main:1#dfs:36 <name=yyy,type=int (id=7),value=<?>,index=14>
Variable Delete,method=Main:1#dfs:36 <name=k,type=int (id=7),value=<?>,index=12>
Variable Write,context=Main:1#dfs:36,nlt=4
Variable Write,context=Main:1#dfs:36,nlb=1
Variable Write,context=Main:1#dfs:36,nrt=1
Variable Write,context=Main:1#dfs:36,nrb=1
Variable Write,context=Main:1#dfs:36,next=6 214111
Field Read,context=Main:1,close
Field Read,context=Main:1,close
Method Call,caller=Main:1#dfs:36,target=Main:1#dfs:39
Variable Write,context=Main:1#dfs:39,lt=4
Variable Write,context=Main:1#dfs:39,lb=1
Variable Write,context=Main:1#dfs:39,rt=1
Variable Write,context=Main:1#dfs:39,rb=1
Variable Write,context=Main:1#dfs:39,deep=6
Variable Write,context=Main:1#dfs:39,x=2
Variable Write,context=Main:1#dfs:39,y=1
Field Read,context=Main:1,n
Field Read,context=Main:1,vx
Variable Write,context=Main:1#dfs:39,i=0
Variable Write,context=Main:1#dfs:39,j=1
Field Read,context=Main:1,vx
Variable Write,context=Main:1#dfs:39,xx=2
Field Read,context=Main:1,vy
Variable Write,context=Main:1#dfs:39,yy=1
Method Call,caller=Main:1#dfs:39,target=Main:1#isOK:360
Variable Write,context=Main:1#isOK:360,xx=2
Variable Write,context=Main:1#isOK:360,yy=1
Variable Write,context=Main:1#isOK:360,result=true
Method Exit,returner=Main:1#isOK:360,value=true
Variable Write,context=Main:1#dfs:39,flg=true
Field Read,context=Main:1,dx
Variable Write,context=Main:1#dfs:39,k=0
Field Read,context=Main:1,dx
Variable Write,context=Main:1#dfs:39,xxx=2
Field Read,context=Main:1,dy
Variable Write,context=Main:1#dfs:39,yyy=1
Field Read,context=Main:1,data
Field Read,context=Main:1,dx
Variable Write,context=Main:1#dfs:39,k=1
Variable Delete,method=Main:1#dfs:39 <name=xxx,type=int (id=7),value=<?>,index=13>
Variable Delete,method=Main:1#dfs:39 <name=yyy,type=int (id=7),value=<?>,index=14>
Field Read,context=Main:1,dx
Variable Write,context=Main:1#dfs:39,xxx=2
Field Read,context=Main:1,dy
Variable Write,context=Main:1#dfs:39,yyy=2
Field Read,context=Main:1,data
Field Read,context=Main:1,dx
Variable Write,context=Main:1#dfs:39,k=2
Variable Delete,method=Main:1#dfs:39 <name=xxx,type=int (id=7),value=<?>,index=13>
Variable Delete,method=Main:1#dfs:39 <name=yyy,type=int (id=7),value=<?>,index=14>
Field Read,context=Main:1,dx
Variable Write,context=Main:1#dfs:39,xxx=3
Field Read,context=Main:1,dy
Variable Write,context=Main:1#dfs:39,yyy=1
Field Read,context=Main:1,data
Field Read,context=Main:1,dx
Variable Write,context=Main:1#dfs:39,k=3
Variable Delete,method=Main:1#dfs:39 <name=xxx,type=int (id=7),value=<?>,index=13>
Variable Delete,method=Main:1#dfs:39 <name=yyy,type=int (id=7),value=<?>,index=14>
Field Read,context=Main:1,dx
Variable Write,context=Main:1#dfs:39,xxx=3
Field Read,context=Main:1,dy
Variable Write,context=Main:1#dfs:39,yyy=2
Field Read,context=Main:1,data
Field Read,context=Main:1,dx
Variable Delete,method=Main:1#dfs:39 <name=xxx,type=int (id=7),value=<?>,index=13>
Variable Delete,method=Main:1#dfs:39 <name=yyy,type=int (id=7),value=<?>,index=14>
Variable Delete,method=Main:1#dfs:39 <name=k,type=int (id=7),value=<?>,index=12>
Variable Write,context=Main:1#dfs:39,nlt=3
Variable Write,context=Main:1#dfs:39,nlb=0
Variable Write,context=Main:1#dfs:39,nrt=0
Variable Write,context=Main:1#dfs:39,nrb=0
Variable Write,context=Main:1#dfs:39,j=2
Variable Delete,method=Main:1#dfs:39 <name=xx,type=int (id=7),value=<?>,index=9>
Variable Delete,method=Main:1#dfs:39 <name=yy,type=int (id=7),value=<?>,index=10>
Variable Delete,method=Main:1#dfs:39 <name=flg,type=boolean (id=2),value=<?>,index=11>
Variable Delete,method=Main:1#dfs:39 <name=nlt,type=int (id=7),value=<?>,index=15>
Variable Delete,method=Main:1#dfs:39 <name=nlb,type=int (id=7),value=<?>,index=16>
Variable Delete,method=Main:1#dfs:39 <name=nrt,type=int (id=7),value=<?>,index=17>
Variable Delete,method=Main:1#dfs:39 <name=nrb,type=int (id=7),value=<?>,index=18>
Field Read,context=Main:1,vx
Variable Write,context=Main:1#dfs:39,xx=2
Field Read,context=Main:1,vy
Variable Write,context=Main:1#dfs:39,yy=1
Method Call,caller=Main:1#dfs:39,target=Main:1#isOK:361
Variable Write,context=Main:1#isOK:361,xx=2
Variable Write,context=Main:1#isOK:361,yy=1
Variable Write,context=Main:1#isOK:361,result=true
Method Exit,returner=Main:1#isOK:361,value=true
Variable Write,context=Main:1#dfs:39,flg=true
Field Read,context=Main:1,dx
Variable Write,context=Main:1#dfs:39,k=0
Field Read,context=Main:1,dx
Variable Write,context=Main:1#dfs:39,xxx=2
Field Read,context=Main:1,dy
Variable Write,context=Main:1#dfs:39,yyy=1
Field Read,context=Main:1,data
Field Read,context=Main:1,dx
Variable Write,context=Main:1#dfs:39,k=1
Variable Delete,method=Main:1#dfs:39 <name=xxx,type=int (id=7),value=<?>,index=13>
Variable Delete,method=Main:1#dfs:39 <name=yyy,type=int (id=7),value=<?>,index=14>
Field Read,context=Main:1,dx
Variable Write,context=Main:1#dfs:39,xxx=2
Field Read,context=Main:1,dy
Variable Write,context=Main:1#dfs:39,yyy=2
Field Read,context=Main:1,data
Field Read,context=Main:1,dx
Variable Write,context=Main:1#dfs:39,k=2
Variable Delete,method=Main:1#dfs:39 <name=xxx,type=int (id=7),value=<?>,index=13>
Variable Delete,method=Main:1#dfs:39 <name=yyy,type=int (id=7),value=<?>,index=14>
Field Read,context=Main:1,dx
Variable Write,context=Main:1#dfs:39,xxx=3
Field Read,context=Main:1,dy
Variable Write,context=Main:1#dfs:39,yyy=1
Field Read,context=Main:1,data
Field Read,context=Main:1,dx
Variable Write,context=Main:1#dfs:39,k=3
Variable Delete,method=Main:1#dfs:39 <name=xxx,type=int (id=7),value=<?>,index=13>
Variable Delete,method=Main:1#dfs:39 <name=yyy,type=int (id=7),value=<?>,index=14>
Field Read,context=Main:1,dx
Variable Write,context=Main:1#dfs:39,xxx=3
Field Read,context=Main:1,dy
Variable Write,context=Main:1#dfs:39,yyy=2
Field Read,context=Main:1,data
Field Read,context=Main:1,dx
Variable Delete,method=Main:1#dfs:39 <name=xxx,type=int (id=7),value=<?>,index=13>
Variable Delete,method=Main:1#dfs:39 <name=yyy,type=int (id=7),value=<?>,index=14>
Variable Delete,method=Main:1#dfs:39 <name=k,type=int (id=7),value=<?>,index=12>
Variable Write,context=Main:1#dfs:39,nlt=3
Variable Write,context=Main:1#dfs:39,nlb=0
Variable Write,context=Main:1#dfs:39,nrt=0
Variable Write,context=Main:1#dfs:39,nrb=0
Variable Delete,method=Main:1#dfs:39 <name=xx,type=int (id=7),value=<?>,index=9>
Variable Delete,method=Main:1#dfs:39 <name=yy,type=int (id=7),value=<?>,index=10>
Variable Delete,method=Main:1#dfs:39 <name=flg,type=boolean (id=2),value=<?>,index=11>
Variable Delete,method=Main:1#dfs:39 <name=nlt,type=int (id=7),value=<?>,index=15>
Variable Delete,method=Main:1#dfs:39 <name=nlb,type=int (id=7),value=<?>,index=16>
Variable Delete,method=Main:1#dfs:39 <name=nrt,type=int (id=7),value=<?>,index=17>
Variable Delete,method=Main:1#dfs:39 <name=nrb,type=int (id=7),value=<?>,index=18>
Field Read,context=Main:1,vx
Variable Write,context=Main:1#dfs:39,i=1
Variable Delete,method=Main:1#dfs:39 <name=j,type=int (id=7),value=<?>,index=8>
Variable Write,context=Main:1#dfs:39,j=1
Field Read,context=Main:1,vx
Variable Write,context=Main:1#dfs:39,xx=2
Field Read,context=Main:1,vy
Variable Write,context=Main:1#dfs:39,yy=2
Method Call,caller=Main:1#dfs:39,target=Main:1#isOK:362
Variable Write,context=Main:1#isOK:362,xx=2
Variable Write,context=Main:1#isOK:362,yy=2
Variable Write,context=Main:1#isOK:362,result=true
Method Exit,returner=Main:1#isOK:362,value=true
Variable Write,context=Main:1#dfs:39,flg=true
Field Read,context=Main:1,dx
Variable Write,context=Main:1#dfs:39,k=0
Field Read,context=Main:1,dx
Variable Write,context=Main:1#dfs:39,xxx=2
Field Read,context=Main:1,dy
Variable Write,context=Main:1#dfs:39,yyy=2
Field Read,context=Main:1,data
Field Read,context=Main:1,dx
Variable Write,context=Main:1#dfs:39,k=1
Variable Delete,method=Main:1#dfs:39 <name=xxx,type=int (id=7),value=<?>,index=13>
Variable Delete,method=Main:1#dfs:39 <name=yyy,type=int (id=7),value=<?>,index=14>
Field Read,context=Main:1,dx
Variable Write,context=Main:1#dfs:39,xxx=2
Field Read,context=Main:1,dy
Variable Write,context=Main:1#dfs:39,yyy=3
Field Read,context=Main:1,data
Field Read,context=Main:1,dx
Variable Write,context=Main:1#dfs:39,k=2
Variable Delete,method=Main:1#dfs:39 <name=xxx,type=int (id=7),value=<?>,index=13>
Variable Delete,method=Main:1#dfs:39 <name=yyy,type=int (id=7),value=<?>,index=14>
Field Read,context=Main:1,dx
Variable Write,context=Main:1#dfs:39,xxx=3
Field Read,context=Main:1,dy
Variable Write,context=Main:1#dfs:39,yyy=2
Field Read,context=Main:1,data
Field Read,context=Main:1,dx
Variable Write,context=Main:1#dfs:39,k=3
Variable Delete,method=Main:1#dfs:39 <name=xxx,type=int (id=7),value=<?>,index=13>
Variable Delete,method=Main:1#dfs:39 <name=yyy,type=int (id=7),value=<?>,index=14>
Field Read,context=Main:1,dx
Variable Write,context=Main:1#dfs:39,xxx=3
Field Read,context=Main:1,dy
Variable Write,context=Main:1#dfs:39,yyy=3
Field Read,context=Main:1,data
Field Read,context=Main:1,dx
Variable Delete,method=Main:1#dfs:39 <name=xxx,type=int (id=7),value=<?>,index=13>
Variable Delete,method=Main:1#dfs:39 <name=yyy,type=int (id=7),value=<?>,index=14>
Variable Delete,method=Main:1#dfs:39 <name=k,type=int (id=7),value=<?>,index=12>
Variable Write,context=Main:1#dfs:39,nlt=3
Variable Write,context=Main:1#dfs:39,nlb=0
Variable Write,context=Main:1#dfs:39,nrt=0
Variable Write,context=Main:1#dfs:39,nrb=0
Variable Write,context=Main:1#dfs:39,nrb=7
Variable Write,context=Main:1#dfs:39,j=2
Variable Delete,method=Main:1#dfs:39 <name=xx,type=int (id=7),value=<?>,index=9>
Variable Delete,method=Main:1#dfs:39 <name=yy,type=int (id=7),value=<?>,index=10>
Variable Delete,method=Main:1#dfs:39 <name=flg,type=boolean (id=2),value=<?>,index=11>
Variable Delete,method=Main:1#dfs:39 <name=nlt,type=int (id=7),value=<?>,index=15>
Variable Delete,method=Main:1#dfs:39 <name=nlb,type=int (id=7),value=<?>,index=16>
Variable Delete,method=Main:1#dfs:39 <name=nrt,type=int (id=7),value=<?>,index=17>
Variable Delete,method=Main:1#dfs:39 <name=nrb,type=int (id=7),value=<?>,index=18>
Field Read,context=Main:1,vx
Variable Write,context=Main:1#dfs:39,xx=2
Field Read,context=Main:1,vy
Variable Write,context=Main:1#dfs:39,yy=3
Method Call,caller=Main:1#dfs:39,target=Main:1#isOK:363
Variable Write,context=Main:1#isOK:363,xx=2
Variable Write,context=Main:1#isOK:363,yy=3
Variable Write,context=Main:1#isOK:363,result=false
Method Exit,returner=Main:1#isOK:363,value=false
Variable Delete,method=Main:1#dfs:39 <name=xx,type=int (id=7),value=<?>,index=9>
Variable Delete,method=Main:1#dfs:39 <name=yy,type=int (id=7),value=<?>,index=10>
Field Read,context=Main:1,vx
Variable Write,context=Main:1#dfs:39,i=2
Variable Delete,method=Main:1#dfs:39 <name=j,type=int (id=7),value=<?>,index=8>
Variable Write,context=Main:1#dfs:39,j=1
Field Read,context=Main:1,vx
Variable Write,context=Main:1#dfs:39,xx=3
Field Read,context=Main:1,vy
Variable Write,context=Main:1#dfs:39,yy=1
Method Call,caller=Main:1#dfs:39,target=Main:1#isOK:364
Variable Write,context=Main:1#isOK:364,xx=3
Variable Write,context=Main:1#isOK:364,yy=1
Variable Write,context=Main:1#isOK:364,result=false
Method Exit,returner=Main:1#isOK:364,value=false
Variable Write,context=Main:1#dfs:39,j=2
Variable Delete,method=Main:1#dfs:39 <name=xx,type=int (id=7),value=<?>,index=9>
Variable Delete,method=Main:1#dfs:39 <name=yy,type=int (id=7),value=<?>,index=10>
Field Read,context=Main:1,vx
Variable Write,context=Main:1#dfs:39,xx=4
Field Read,context=Main:1,vy
Variable Write,context=Main:1#dfs:39,yy=1
Method Call,caller=Main:1#dfs:39,target=Main:1#isOK:365
Variable Write,context=Main:1#isOK:365,xx=4
Variable Write,context=Main:1#isOK:365,yy=1
Variable Write,context=Main:1#isOK:365,result=false
Method Exit,returner=Main:1#isOK:365,value=false
Variable Delete,method=Main:1#dfs:39 <name=xx,type=int (id=7),value=<?>,index=9>
Variable Delete,method=Main:1#dfs:39 <name=yy,type=int (id=7),value=<?>,index=10>
Field Read,context=Main:1,vx
Variable Write,context=Main:1#dfs:39,i=3
Variable Delete,method=Main:1#dfs:39 <name=j,type=int (id=7),value=<?>,index=8>
Variable Write,context=Main:1#dfs:39,j=1
Field Read,context=Main:1,vx
Variable Write,context=Main:1#dfs:39,xx=2
Field Read,context=Main:1,vy
Variable Write,context=Main:1#dfs:39,yy=0
Method Call,caller=Main:1#dfs:39,target=Main:1#isOK:366
Variable Write,context=Main:1#isOK:366,xx=2
Variable Write,context=Main:1#isOK:366,yy=0
Variable Write,context=Main:1#isOK:366,result=true
Method Exit,returner=Main:1#isOK:366,value=true
Variable Write,context=Main:1#dfs:39,flg=true
Field Read,context=Main:1,dx
Variable Write,context=Main:1#dfs:39,k=0
Field Read,context=Main:1,dx
Variable Write,context=Main:1#dfs:39,xxx=2
Field Read,context=Main:1,dy
Variable Write,context=Main:1#dfs:39,yyy=0
Field Read,context=Main:1,data
Field Read,context=Main:1,dx
Variable Write,context=Main:1#dfs:39,k=1
Variable Delete,method=Main:1#dfs:39 <name=xxx,type=int (id=7),value=<?>,index=13>
Variable Delete,method=Main:1#dfs:39 <name=yyy,type=int (id=7),value=<?>,index=14>
Field Read,context=Main:1,dx
Variable Write,context=Main:1#dfs:39,xxx=2
Field Read,context=Main:1,dy
Variable Write,context=Main:1#dfs:39,yyy=1
Field Read,context=Main:1,data
Field Read,context=Main:1,dx
Variable Write,context=Main:1#dfs:39,k=2
Variable Delete,method=Main:1#dfs:39 <name=xxx,type=int (id=7),value=<?>,index=13>
Variable Delete,method=Main:1#dfs:39 <name=yyy,type=int (id=7),value=<?>,index=14>
Field Read,context=Main:1,dx
Variable Write,context=Main:1#dfs:39,xxx=3
Field Read,context=Main:1,dy
Variable Write,context=Main:1#dfs:39,yyy=0
Field Read,context=Main:1,data
Field Read,context=Main:1,dx
Variable Write,context=Main:1#dfs:39,k=3
Variable Delete,method=Main:1#dfs:39 <name=xxx,type=int (id=7),value=<?>,index=13>
Variable Delete,method=Main:1#dfs:39 <name=yyy,type=int (id=7),value=<?>,index=14>
Field Read,context=Main:1,dx
Variable Write,context=Main:1#dfs:39,xxx=3
Field Read,context=Main:1,dy
Variable Write,context=Main:1#dfs:39,yyy=1
Field Read,context=Main:1,data
Field Read,context=Main:1,dx
Variable Delete,method=Main:1#dfs:39 <name=xxx,type=int (id=7),value=<?>,index=13>
Variable Delete,method=Main:1#dfs:39 <name=yyy,type=int (id=7),value=<?>,index=14>
Variable Delete,method=Main:1#dfs:39 <name=k,type=int (id=7),value=<?>,index=12>
Variable Write,context=Main:1#dfs:39,nlt=3
Variable Write,context=Main:1#dfs:39,nlb=0
Variable Write,context=Main:1#dfs:39,nrt=0
Variable Write,context=Main:1#dfs:39,nrb=0
Variable Write,context=Main:1#dfs:39,nrt=7
Variable Write,context=Main:1#dfs:39,j=2
Variable Delete,method=Main:1#dfs:39 <name=xx,type=int (id=7),value=<?>,index=9>
Variable Delete,method=Main:1#dfs:39 <name=yy,type=int (id=7),value=<?>,index=10>
Variable Delete,method=Main:1#dfs:39 <name=flg,type=boolean (id=2),value=<?>,index=11>
Variable Delete,method=Main:1#dfs:39 <name=nlt,type=int (id=7),value=<?>,index=15>
Variable Delete,method=Main:1#dfs:39 <name=nlb,type=int (id=7),value=<?>,index=16>
Variable Delete,method=Main:1#dfs:39 <name=nrt,type=int (id=7),value=<?>,index=17>
Variable Delete,method=Main:1#dfs:39 <name=nrb,type=int (id=7),value=<?>,index=18>
Field Read,context=Main:1,vx
Variable Write,context=Main:1#dfs:39,xx=2
Field Read,context=Main:1,vy
Variable Write,context=Main:1#dfs:39,yy=-1
Method Call,caller=Main:1#dfs:39,target=Main:1#isOK:367
Variable Write,context=Main:1#isOK:367,xx=2
Variable Write,context=Main:1#isOK:367,yy=-1
Variable Write,context=Main:1#isOK:367,result=false
Method Exit,returner=Main:1#isOK:367,value=false
Variable Delete,method=Main:1#dfs:39 <name=xx,type=int (id=7),value=<?>,index=9>
Variable Delete,method=Main:1#dfs:39 <name=yy,type=int (id=7),value=<?>,index=10>
Field Read,context=Main:1,vx
Variable Write,context=Main:1#dfs:39,i=4
Variable Delete,method=Main:1#dfs:39 <name=j,type=int (id=7),value=<?>,index=8>
Variable Write,context=Main:1#dfs:39,j=1
Field Read,context=Main:1,vx
Variable Write,context=Main:1#dfs:39,xx=1
Field Read,context=Main:1,vy
Variable Write,context=Main:1#dfs:39,yy=1
Method Call,caller=Main:1#dfs:39,target=Main:1#isOK:368
Variable Write,context=Main:1#isOK:368,xx=1
Variable Write,context=Main:1#isOK:368,yy=1
Variable Write,context=Main:1#isOK:368,result=true
Method Exit,returner=Main:1#isOK:368,value=true
Variable Write,context=Main:1#dfs:39,flg=true
Field Read,context=Main:1,dx
Variable Write,context=Main:1#dfs:39,k=0
Field Read,context=Main:1,dx
Variable Write,context=Main:1#dfs:39,xxx=1
Field Read,context=Main:1,dy
Variable Write,context=Main:1#dfs:39,yyy=1
Field Read,context=Main:1,data
Variable Write,context=Main:1#dfs:39,flg=false
Variable Delete,method=Main:1#dfs:39 <name=k,type=int (id=7),value=<?>,index=12>
Variable Delete,method=Main:1#dfs:39 <name=xxx,type=int (id=7),value=<?>,index=13>
Variable Delete,method=Main:1#dfs:39 <name=yyy,type=int (id=7),value=<?>,index=14>
Variable Write,context=Main:1#dfs:39,j=2
Variable Delete,method=Main:1#dfs:39 <name=xx,type=int (id=7),value=<?>,index=9>
Variable Delete,method=Main:1#dfs:39 <name=yy,type=int (id=7),value=<?>,index=10>
Variable Delete,method=Main:1#dfs:39 <name=flg,type=boolean (id=2),value=<?>,index=11>
Field Read,context=Main:1,vx
Variable Write,context=Main:1#dfs:39,xx=0
Field Read,context=Main:1,vy
Variable Write,context=Main:1#dfs:39,yy=1
Method Call,caller=Main:1#dfs:39,target=Main:1#isOK:369
Variable Write,context=Main:1#isOK:369,xx=0
Variable Write,context=Main:1#isOK:369,yy=1
Variable Write,context=Main:1#isOK:369,result=true
Method Exit,returner=Main:1#isOK:369,value=true
Variable Write,context=Main:1#dfs:39,flg=true
Field Read,context=Main:1,dx
Variable Write,context=Main:1#dfs:39,k=0
Field Read,context=Main:1,dx
Variable Write,context=Main:1#dfs:39,xxx=0
Field Read,context=Main:1,dy
Variable Write,context=Main:1#dfs:39,yyy=1
Field Read,context=Main:1,data
Field Read,context=Main:1,dx
Variable Write,context=Main:1#dfs:39,k=1
Variable Delete,method=Main:1#dfs:39 <name=xxx,type=int (id=7),value=<?>,index=13>
Variable Delete,method=Main:1#dfs:39 <name=yyy,type=int (id=7),value=<?>,index=14>
Field Read,context=Main:1,dx
Variable Write,context=Main:1#dfs:39,xxx=0
Field Read,context=Main:1,dy
Variable Write,context=Main:1#dfs:39,yyy=2
Field Read,context=Main:1,data
Variable Write,context=Main:1#dfs:39,flg=false
Variable Delete,method=Main:1#dfs:39 <name=k,type=int (id=7),value=<?>,index=12>
Variable Delete,method=Main:1#dfs:39 <name=xxx,type=int (id=7),value=<?>,index=13>
Variable Delete,method=Main:1#dfs:39 <name=yyy,type=int (id=7),value=<?>,index=14>
Variable Delete,method=Main:1#dfs:39 <name=xx,type=int (id=7),value=<?>,index=9>
Variable Delete,method=Main:1#dfs:39 <name=yy,type=int (id=7),value=<?>,index=10>
Variable Delete,method=Main:1#dfs:39 <name=flg,type=boolean (id=2),value=<?>,index=11>
Field Read,context=Main:1,vx
Variable Delete,method=Main:1#dfs:39 <name=j,type=int (id=7),value=<?>,index=8>
Method Exit,returner=Main:1#dfs:39,value=<void>
Variable Write,context=Main:1#dfs:36,j=2
Variable Delete,method=Main:1#dfs:36 <name=xx,type=int (id=7),value=<?>,index=9>
Variable Delete,method=Main:1#dfs:36 <name=yy,type=int (id=7),value=<?>,index=10>
Variable Delete,method=Main:1#dfs:36 <name=flg,type=boolean (id=2),value=<?>,index=11>
Variable Delete,method=Main:1#dfs:36 <name=nlt,type=int (id=7),value=<?>,index=15>
Variable Delete,method=Main:1#dfs:36 <name=nlb,type=int (id=7),value=<?>,index=16>
Variable Delete,method=Main:1#dfs:36 <name=nrt,type=int (id=7),value=<?>,index=17>
Variable Delete,method=Main:1#dfs:36 <name=nrb,type=int (id=7),value=<?>,index=18>
Variable Delete,method=Main:1#dfs:36 <name=next,type=java.lang.String (id=25),value=<?>,index=19>
Field Read,context=Main:1,vx
Variable Write,context=Main:1#dfs:36,xx=3
Field Read,context=Main:1,vy
Variable Write,context=Main:1#dfs:36,yy=1
Method Call,caller=Main:1#dfs:36,target=Main:1#isOK:370
Variable Write,context=Main:1#isOK:370,xx=3
Variable Write,context=Main:1#isOK:370,yy=1
Variable Write,context=Main:1#isOK:370,result=false
Method Exit,returner=Main:1#isOK:370,value=false
Variable Delete,method=Main:1#dfs:36 <name=xx,type=int (id=7),value=<?>,index=9>
Variable Delete,method=Main:1#dfs:36 <name=yy,type=int (id=7),value=<?>,index=10>
Field Read,context=Main:1,vx
Variable Write,context=Main:1#dfs:36,i=3
Variable Delete,method=Main:1#dfs:36 <name=j,type=int (id=7),value=<?>,index=8>
Variable Write,context=Main:1#dfs:36,j=1
Field Read,context=Main:1,vx
Variable Write,context=Main:1#dfs:36,xx=1
Field Read,context=Main:1,vy
Variable Write,context=Main:1#dfs:36,yy=0
Method Call,caller=Main:1#dfs:36,target=Main:1#isOK:371
Variable Write,context=Main:1#isOK:371,xx=1
Variable Write,context=Main:1#isOK:371,yy=0
Variable Write,context=Main:1#isOK:371,result=true
Method Exit,returner=Main:1#isOK:371,value=true
Variable Write,context=Main:1#dfs:36,flg=true
Field Read,context=Main:1,dx
Variable Write,context=Main:1#dfs:36,k=0
Field Read,context=Main:1,dx
Variable Write,context=Main:1#dfs:36,xxx=1
Field Read,context=Main:1,dy
Variable Write,context=Main:1#dfs:36,yyy=0
Field Read,context=Main:1,data
Field Read,context=Main:1,dx
Variable Write,context=Main:1#dfs:36,k=1
Variable Delete,method=Main:1#dfs:36 <name=xxx,type=int (id=7),value=<?>,index=13>
Variable Delete,method=Main:1#dfs:36 <name=yyy,type=int (id=7),value=<?>,index=14>
Field Read,context=Main:1,dx
Variable Write,context=Main:1#dfs:36,xxx=1
Field Read,context=Main:1,dy
Variable Write,context=Main:1#dfs:36,yyy=1
Field Read,context=Main:1,data
Field Read,context=Main:1,dx
Variable Write,context=Main:1#dfs:36,k=2
Variable Delete,method=Main:1#dfs:36 <name=xxx,type=int (id=7),value=<?>,index=13>
Variable Delete,method=Main:1#dfs:36 <name=yyy,type=int (id=7),value=<?>,index=14>
Field Read,context=Main:1,dx
Variable Write,context=Main:1#dfs:36,xxx=2
Field Read,context=Main:1,dy
Variable Write,context=Main:1#dfs:36,yyy=0
Field Read,context=Main:1,data
Field Read,context=Main:1,dx
Variable Write,context=Main:1#dfs:36,k=3
Variable Delete,method=Main:1#dfs:36 <name=xxx,type=int (id=7),value=<?>,index=13>
Variable Delete,method=Main:1#dfs:36 <name=yyy,type=int (id=7),value=<?>,index=14>
Field Read,context=Main:1,dx
Variable Write,context=Main:1#dfs:36,xxx=2
Field Read,context=Main:1,dy
Variable Write,context=Main:1#dfs:36,yyy=1
Field Read,context=Main:1,data
Field Read,context=Main:1,dx
Variable Delete,method=Main:1#dfs:36 <name=xxx,type=int (id=7),value=<?>,index=13>
Variable Delete,method=Main:1#dfs:36 <name=yyy,type=int (id=7),value=<?>,index=14>
Variable Delete,method=Main:1#dfs:36 <name=k,type=int (id=7),value=<?>,index=12>
Variable Write,context=Main:1#dfs:36,nlt=4
Variable Write,context=Main:1#dfs:36,nlb=1
Variable Write,context=Main:1#dfs:36,nrt=1
Variable Write,context=Main:1#dfs:36,nrb=1
Variable Write,context=Main:1#dfs:36,next=6 104111
Field Read,context=Main:1,close
Field Read,context=Main:1,close
Method Call,caller=Main:1#dfs:36,target=Main:1#dfs:40
Variable Write,context=Main:1#dfs:40,lt=4
Variable Write,context=Main:1#dfs:40,lb=1
Variable Write,context=Main:1#dfs:40,rt=1
Variable Write,context=Main:1#dfs:40,rb=1
Variable Write,context=Main:1#dfs:40,deep=6
Variable Write,context=Main:1#dfs:40,x=1
Variable Write,context=Main:1#dfs:40,y=0
Field Read,context=Main:1,n
Field Read,context=Main:1,vx
Variable Write,context=Main:1#dfs:40,i=0
Variable Write,context=Main:1#dfs:40,j=1
Field Read,context=Main:1,vx
Variable Write,context=Main:1#dfs:40,xx=1
Field Read,context=Main:1,vy
Variable Write,context=Main:1#dfs:40,yy=0
Method Call,caller=Main:1#dfs:40,target=Main:1#isOK:372
Variable Write,context=Main:1#isOK:372,xx=1
Variable Write,context=Main:1#isOK:372,yy=0
Variable Write,context=Main:1#isOK:372,result=true
Method Exit,returner=Main:1#isOK:372,value=true
Variable Write,context=Main:1#dfs:40,flg=true
Field Read,context=Main:1,dx
Variable Write,context=Main:1#dfs:40,k=0
Field Read,context=Main:1,dx
Variable Write,context=Main:1#dfs:40,xxx=1
Field Read,context=Main:1,dy
Variable Write,context=Main:1#dfs:40,yyy=0
Field Read,context=Main:1,data
Field Read,context=Main:1,dx
Variable Write,context=Main:1#dfs:40,k=1
Variable Delete,method=Main:1#dfs:40 <name=xxx,type=int (id=7),value=<?>,index=13>
Variable Delete,method=Main:1#dfs:40 <name=yyy,type=int (id=7),value=<?>,index=14>
Field Read,context=Main:1,dx
Variable Write,context=Main:1#dfs:40,xxx=1
Field Read,context=Main:1,dy
Variable Write,context=Main:1#dfs:40,yyy=1
Field Read,context=Main:1,data
Variable Write,context=Main:1#dfs:40,flg=false
Variable Delete,method=Main:1#dfs:40 <name=k,type=int (id=7),value=<?>,index=12>
Variable Delete,method=Main:1#dfs:40 <name=xxx,type=int (id=7),value=<?>,index=13>
Variable Delete,method=Main:1#dfs:40 <name=yyy,type=int (id=7),value=<?>,index=14>
Variable Write,context=Main:1#dfs:40,j=2
Variable Delete,method=Main:1#dfs:40 <name=xx,type=int (id=7),value=<?>,index=9>
Variable Delete,method=Main:1#dfs:40 <name=yy,type=int (id=7),value=<?>,index=10>
Variable Delete,method=Main:1#dfs:40 <name=flg,type=boolean (id=2),value=<?>,index=11>
Field Read,context=Main:1,vx
Variable Write,context=Main:1#dfs:40,xx=1
Field Read,context=Main:1,vy
Variable Write,context=Main:1#dfs:40,yy=0
Method Call,caller=Main:1#dfs:40,target=Main:1#isOK:373
Variable Write,context=Main:1#isOK:373,xx=1
Variable Write,context=Main:1#isOK:373,yy=0
Variable Write,context=Main:1#isOK:373,result=true
Method Exit,returner=Main:1#isOK:373,value=true
Variable Write,context=Main:1#dfs:40,flg=true
Field Read,context=Main:1,dx
Variable Write,context=Main:1#dfs:40,k=0
Field Read,context=Main:1,dx
Variable Write,context=Main:1#dfs:40,xxx=1
Field Read,context=Main:1,dy
Variable Write,context=Main:1#dfs:40,yyy=0
Field Read,context=Main:1,data
Field Read,context=Main:1,dx
Variable Write,context=Main:1#dfs:40,k=1
Variable Delete,method=Main:1#dfs:40 <name=xxx,type=int (id=7),value=<?>,index=13>
Variable Delete,method=Main:1#dfs:40 <name=yyy,type=int (id=7),value=<?>,index=14>
Field Read,context=Main:1,dx
Variable Write,context=Main:1#dfs:40,xxx=1
Field Read,context=Main:1,dy
Variable Write,context=Main:1#dfs:40,yyy=1
Field Read,context=Main:1,data
Variable Write,context=Main:1#dfs:40,flg=false
Variable Delete,method=Main:1#dfs:40 <name=k,type=int (id=7),value=<?>,index=12>
Variable Delete,method=Main:1#dfs:40 <name=xxx,type=int (id=7),value=<?>,index=13>
Variable Delete,method=Main:1#dfs:40 <name=yyy,type=int (id=7),value=<?>,index=14>
Variable Delete,method=Main:1#dfs:40 <name=xx,type=int (id=7),value=<?>,index=9>
Variable Delete,method=Main:1#dfs:40 <name=yy,type=int (id=7),value=<?>,index=10>
Variable Delete,method=Main:1#dfs:40 <name=flg,type=boolean (id=2),value=<?>,index=11>
Field Read,context=Main:1,vx
Variable Write,context=Main:1#dfs:40,i=1
Variable Delete,method=Main:1#dfs:40 <name=j,type=int (id=7),value=<?>,index=8>
Variable Write,context=Main:1#dfs:40,j=1
Field Read,context=Main:1,vx
Variable Write,context=Main:1#dfs:40,xx=1
Field Read,context=Main:1,vy
Variable Write,context=Main:1#dfs:40,yy=1
Method Call,caller=Main:1#dfs:40,target=Main:1#isOK:374
Variable Write,context=Main:1#isOK:374,xx=1
Variable Write,context=Main:1#isOK:374,yy=1
Variable Write,context=Main:1#isOK:374,result=true
Method Exit,returner=Main:1#isOK:374,value=true
Variable Write,context=Main:1#dfs:40,flg=true
Field Read,context=Main:1,dx
Variable Write,context=Main:1#dfs:40,k=0
Field Read,context=Main:1,dx
Variable Write,context=Main:1#dfs:40,xxx=1
Field Read,context=Main:1,dy
Variable Write,context=Main:1#dfs:40,yyy=1
Field Read,context=Main:1,data
Variable Write,context=Main:1#dfs:40,flg=false
Variable Delete,method=Main:1#dfs:40 <name=k,type=int (id=7),value=<?>,index=12>
Variable Delete,method=Main:1#dfs:40 <name=xxx,type=int (id=7),value=<?>,index=13>
Variable Delete,method=Main:1#dfs:40 <name=yyy,type=int (id=7),value=<?>,index=14>
Variable Write,context=Main:1#dfs:40,j=2
Variable Delete,method=Main:1#dfs:40 <name=xx,type=int (id=7),value=<?>,index=9>
Variable Delete,method=Main:1#dfs:40 <name=yy,type=int (id=7),value=<?>,index=10>
Variable Delete,method=Main:1#dfs:40 <name=flg,type=boolean (id=2),value=<?>,index=11>
Field Read,context=Main:1,vx
Variable Write,context=Main:1#dfs:40,xx=1
Field Read,context=Main:1,vy
Variable Write,context=Main:1#dfs:40,yy=2
Method Call,caller=Main:1#dfs:40,target=Main:1#isOK:375
Variable Write,context=Main:1#isOK:375,xx=1
Variable Write,context=Main:1#isOK:375,yy=2
Variable Write,context=Main:1#isOK:375,result=true
Method Exit,returner=Main:1#isOK:375,value=true
Variable Write,context=Main:1#dfs:40,flg=true
Field Read,context=Main:1,dx
Variable Write,context=Main:1#dfs:40,k=0
Field Read,context=Main:1,dx
Variable Write,context=Main:1#dfs:40,xxx=1
Field Read,context=Main:1,dy
Variable Write,context=Main:1#dfs:40,yyy=2
Field Read,context=Main:1,data
Field Read,context=Main:1,dx
Variable Write,context=Main:1#dfs:40,k=1
Variable Delete,method=Main:1#dfs:40 <name=xxx,type=int (id=7),value=<?>,index=13>
Variable Delete,method=Main:1#dfs:40 <name=yyy,type=int (id=7),value=<?>,index=14>
Field Read,context=Main:1,dx
Variable Write,context=Main:1#dfs:40,xxx=1
Field Read,context=Main:1,dy
Variable Write,context=Main:1#dfs:40,yyy=3
Field Read,context=Main:1,data
Field Read,context=Main:1,dx
Variable Write,context=Main:1#dfs:40,k=2
Variable Delete,method=Main:1#dfs:40 <name=xxx,type=int (id=7),value=<?>,index=13>
Variable Delete,method=Main:1#dfs:40 <name=yyy,type=int (id=7),value=<?>,index=14>
Field Read,context=Main:1,dx
Variable Write,context=Main:1#dfs:40,xxx=2
Field Read,context=Main:1,dy
Variable Write,context=Main:1#dfs:40,yyy=2
Field Read,context=Main:1,data
Field Read,context=Main:1,dx
Variable Write,context=Main:1#dfs:40,k=3
Variable Delete,method=Main:1#dfs:40 <name=xxx,type=int (id=7),value=<?>,index=13>
Variable Delete,method=Main:1#dfs:40 <name=yyy,type=int (id=7),value=<?>,index=14>
Field Read,context=Main:1,dx
Variable Write,context=Main:1#dfs:40,xxx=2
Field Read,context=Main:1,dy
Variable Write,context=Main:1#dfs:40,yyy=3
Field Read,context=Main:1,data
Field Read,context=Main:1,dx
Variable Delete,method=Main:1#dfs:40 <name=xxx,type=int (id=7),value=<?>,index=13>
Variable Delete,method=Main:1#dfs:40 <name=yyy,type=int (id=7),value=<?>,index=14>
Variable Delete,method=Main:1#dfs:40 <name=k,type=int (id=7),value=<?>,index=12>
Variable Write,context=Main:1#dfs:40,nlt=3
Variable Write,context=Main:1#dfs:40,nlb=0
Variable Write,context=Main:1#dfs:40,nrt=0
Variable Write,context=Main:1#dfs:40,nrb=0
Variable Delete,method=Main:1#dfs:40 <name=xx,type=int (id=7),value=<?>,index=9>
Variable Delete,method=Main:1#dfs:40 <name=yy,type=int (id=7),value=<?>,index=10>
Variable Delete,method=Main:1#dfs:40 <name=flg,type=boolean (id=2),value=<?>,index=11>
Variable Delete,method=Main:1#dfs:40 <name=nlt,type=int (id=7),value=<?>,index=15>
Variable Delete,method=Main:1#dfs:40 <name=nlb,type=int (id=7),value=<?>,index=16>
Variable Delete,method=Main:1#dfs:40 <name=nrt,type=int (id=7),value=<?>,index=17>
Variable Delete,method=Main:1#dfs:40 <name=nrb,type=int (id=7),value=<?>,index=18>
Field Read,context=Main:1,vx
Variable Write,context=Main:1#dfs:40,i=2
Variable Delete,method=Main:1#dfs:40 <name=j,type=int (id=7),value=<?>,index=8>
Variable Write,context=Main:1#dfs:40,j=1
Field Read,context=Main:1,vx
Variable Write,context=Main:1#dfs:40,xx=2
Field Read,context=Main:1,vy
Variable Write,context=Main:1#dfs:40,yy=0
Method Call,caller=Main:1#dfs:40,target=Main:1#isOK:376
Variable Write,context=Main:1#isOK:376,xx=2
Variable Write,context=Main:1#isOK:376,yy=0
Variable Write,context=Main:1#isOK:376,result=true
Method Exit,returner=Main:1#isOK:376,value=true
Variable Write,context=Main:1#dfs:40,flg=true
Field Read,context=Main:1,dx
Variable Write,context=Main:1#dfs:40,k=0
Field Read,context=Main:1,dx
Variable Write,context=Main:1#dfs:40,xxx=2
Field Read,context=Main:1,dy
Variable Write,context=Main:1#dfs:40,yyy=0
Field Read,context=Main:1,data
Field Read,context=Main:1,dx
Variable Write,context=Main:1#dfs:40,k=1
Variable Delete,method=Main:1#dfs:40 <name=xxx,type=int (id=7),value=<?>,index=13>
Variable Delete,method=Main:1#dfs:40 <name=yyy,type=int (id=7),value=<?>,index=14>
Field Read,context=Main:1,dx
Variable Write,context=Main:1#dfs:40,xxx=2
Field Read,context=Main:1,dy
Variable Write,context=Main:1#dfs:40,yyy=1
Field Read,context=Main:1,data
Field Read,context=Main:1,dx
Variable Write,context=Main:1#dfs:40,k=2
Variable Delete,method=Main:1#dfs:40 <name=xxx,type=int (id=7),value=<?>,index=13>
Variable Delete,method=Main:1#dfs:40 <name=yyy,type=int (id=7),value=<?>,index=14>
Field Read,context=Main:1,dx
Variable Write,context=Main:1#dfs:40,xxx=3
Field Read,context=Main:1,dy
Variable Write,context=Main:1#dfs:40,yyy=0
Field Read,context=Main:1,data
Field Read,context=Main:1,dx
Variable Write,context=Main:1#dfs:40,k=3
Variable Delete,method=Main:1#dfs:40 <name=xxx,type=int (id=7),value=<?>,index=13>
Variable Delete,method=Main:1#dfs:40 <name=yyy,type=int (id=7),value=<?>,index=14>
Field Read,context=Main:1,dx
Variable Write,context=Main:1#dfs:40,xxx=3
Field Read,context=Main:1,dy
Variable Write,context=Main:1#dfs:40,yyy=1
Field Read,context=Main:1,data
Field Read,context=Main:1,dx
Variable Delete,method=Main:1#dfs:40 <name=xxx,type=int (id=7),value=<?>,index=13>
Variable Delete,method=Main:1#dfs:40 <name=yyy,type=int (id=7),value=<?>,index=14>
Variable Delete,method=Main:1#dfs:40 <name=k,type=int (id=7),value=<?>,index=12>
Variable Write,context=Main:1#dfs:40,nlt=3
Variable Write,context=Main:1#dfs:40,nlb=0
Variable Write,context=Main:1#dfs:40,nrt=0
Variable Write,context=Main:1#dfs:40,nrb=0
Variable Write,context=Main:1#dfs:40,nrt=7
Variable Write,context=Main:1#dfs:40,j=2
Variable Delete,method=Main:1#dfs:40 <name=xx,type=int (id=7),value=<?>,index=9>
Variable Delete,method=Main:1#dfs:40 <name=yy,type=int (id=7),value=<?>,index=10>
Variable Delete,method=Main:1#dfs:40 <name=flg,type=boolean (id=2),value=<?>,index=11>
Variable Delete,method=Main:1#dfs:40 <name=nlt,type=int (id=7),value=<?>,index=15>
Variable Delete,method=Main:1#dfs:40 <name=nlb,type=int (id=7),value=<?>,index=16>
Variable Delete,method=Main:1#dfs:40 <name=nrt,type=int (id=7),value=<?>,index=17>
Variable Delete,method=Main:1#dfs:40 <name=nrb,type=int (id=7),value=<?>,index=18>
Field Read,context=Main:1,vx
Variable Write,context=Main:1#dfs:40,xx=3
Field Read,context=Main:1,vy
Variable Write,context=Main:1#dfs:40,yy=0
Method Call,caller=Main:1#dfs:40,target=Main:1#isOK:377
Variable Write,context=Main:1#isOK:377,xx=3
Variable Write,context=Main:1#isOK:377,yy=0
Variable Write,context=Main:1#isOK:377,result=false
Method Exit,returner=Main:1#isOK:377,value=false
Variable Delete,method=Main:1#dfs:40 <name=xx,type=int (id=7),value=<?>,index=9>
Variable Delete,method=Main:1#dfs:40 <name=yy,type=int (id=7),value=<?>,index=10>
Field Read,context=Main:1,vx
Variable Write,context=Main:1#dfs:40,i=3
Variable Delete,method=Main:1#dfs:40 <name=j,type=int (id=7),value=<?>,index=8>
Variable Write,context=Main:1#dfs:40,j=1
Field Read,context=Main:1,vx
Variable Write,context=Main:1#dfs:40,xx=1
Field Read,context=Main:1,vy
Variable Write,context=Main:1#dfs:40,yy=-1
Method Call,caller=Main:1#dfs:40,target=Main:1#isOK:378
Variable Write,context=Main:1#isOK:378,xx=1
Variable Write,context=Main:1#isOK:378,yy=-1
Variable Write,context=Main:1#isOK:378,result=false
Method Exit,returner=Main:1#isOK:378,value=false
Variable Write,context=Main:1#dfs:40,j=2
Variable Delete,method=Main:1#dfs:40 <name=xx,type=int (id=7),value=<?>,index=9>
Variable Delete,method=Main:1#dfs:40 <name=yy,type=int (id=7),value=<?>,index=10>
Field Read,context=Main:1,vx
Variable Write,context=Main:1#dfs:40,xx=1
Field Read,context=Main:1,vy
Variable Write,context=Main:1#dfs:40,yy=-2
Method Call,caller=Main:1#dfs:40,target=Main:1#isOK:379
Variable Write,context=Main:1#isOK:379,xx=1
Variable Write,context=Main:1#isOK:379,yy=-2
Variable Write,context=Main:1#isOK:379,result=false
Method Exit,returner=Main:1#isOK:379,value=false
Variable Delete,method=Main:1#dfs:40 <name=xx,type=int (id=7),value=<?>,index=9>
Variable Delete,method=Main:1#dfs:40 <name=yy,type=int (id=7),value=<?>,index=10>
Field Read,context=Main:1,vx
Variable Write,context=Main:1#dfs:40,i=4
Variable Delete,method=Main:1#dfs:40 <name=j,type=int (id=7),value=<?>,index=8>
Variable Write,context=Main:1#dfs:40,j=1
Field Read,context=Main:1,vx
Variable Write,context=Main:1#dfs:40,xx=0
Field Read,context=Main:1,vy
Variable Write,context=Main:1#dfs:40,yy=0
Method Call,caller=Main:1#dfs:40,target=Main:1#isOK:380
Variable Write,context=Main:1#isOK:380,xx=0
Variable Write,context=Main:1#isOK:380,yy=0
Variable Write,context=Main:1#isOK:380,result=true
Method Exit,returner=Main:1#isOK:380,value=true
Variable Write,context=Main:1#dfs:40,flg=true
Field Read,context=Main:1,dx
Variable Write,context=Main:1#dfs:40,k=0
Field Read,context=Main:1,dx
Variable Write,context=Main:1#dfs:40,xxx=0
Field Read,context=Main:1,dy
Variable Write,context=Main:1#dfs:40,yyy=0
Field Read,context=Main:1,data
Field Read,context=Main:1,dx
Variable Write,context=Main:1#dfs:40,k=1
Variable Delete,method=Main:1#dfs:40 <name=xxx,type=int (id=7),value=<?>,index=13>
Variable Delete,method=Main:1#dfs:40 <name=yyy,type=int (id=7),value=<?>,index=14>
Field Read,context=Main:1,dx
Variable Write,context=Main:1#dfs:40,xxx=0
Field Read,context=Main:1,dy
Variable Write,context=Main:1#dfs:40,yyy=1
Field Read,context=Main:1,data
Field Read,context=Main:1,dx
Variable Write,context=Main:1#dfs:40,k=2
Variable Delete,method=Main:1#dfs:40 <name=xxx,type=int (id=7),value=<?>,index=13>
Variable Delete,method=Main:1#dfs:40 <name=yyy,type=int (id=7),value=<?>,index=14>
Field Read,context=Main:1,dx
Variable Write,context=Main:1#dfs:40,xxx=1
Field Read,context=Main:1,dy
Variable Write,context=Main:1#dfs:40,yyy=0
Field Read,context=Main:1,data
Field Read,context=Main:1,dx
Variable Write,context=Main:1#dfs:40,k=3
Variable Delete,method=Main:1#dfs:40 <name=xxx,type=int (id=7),value=<?>,index=13>
Variable Delete,method=Main:1#dfs:40 <name=yyy,type=int (id=7),value=<?>,index=14>
Field Read,context=Main:1,dx
Variable Write,context=Main:1#dfs:40,xxx=1
Field Read,context=Main:1,dy
Variable Write,context=Main:1#dfs:40,yyy=1
Field Read,context=Main:1,data
Variable Write,context=Main:1#dfs:40,flg=false
Variable Delete,method=Main:1#dfs:40 <name=k,type=int (id=7),value=<?>,index=12>
Variable Delete,method=Main:1#dfs:40 <name=xxx,type=int (id=7),value=<?>,index=13>
Variable Delete,method=Main:1#dfs:40 <name=yyy,type=int (id=7),value=<?>,index=14>
Variable Write,context=Main:1#dfs:40,j=2
Variable Delete,method=Main:1#dfs:40 <name=xx,type=int (id=7),value=<?>,index=9>
Variable Delete,method=Main:1#dfs:40 <name=yy,type=int (id=7),value=<?>,index=10>
Variable Delete,method=Main:1#dfs:40 <name=flg,type=boolean (id=2),value=<?>,index=11>
Field Read,context=Main:1,vx
Variable Write,context=Main:1#dfs:40,xx=-1
Field Read,context=Main:1,vy
Variable Write,context=Main:1#dfs:40,yy=0
Method Call,caller=Main:1#dfs:40,target=Main:1#isOK:381
Variable Write,context=Main:1#isOK:381,xx=-1
Variable Write,context=Main:1#isOK:381,yy=0
Variable Write,context=Main:1#isOK:381,result=false
Method Exit,returner=Main:1#isOK:381,value=false
Variable Delete,method=Main:1#dfs:40 <name=xx,type=int (id=7),value=<?>,index=9>
Variable Delete,method=Main:1#dfs:40 <name=yy,type=int (id=7),value=<?>,index=10>
Field Read,context=Main:1,vx
Variable Delete,method=Main:1#dfs:40 <name=j,type=int (id=7),value=<?>,index=8>
Method Exit,returner=Main:1#dfs:40,value=<void>
Variable Write,context=Main:1#dfs:36,j=2
Variable Delete,method=Main:1#dfs:36 <name=xx,type=int (id=7),value=<?>,index=9>
Variable Delete,method=Main:1#dfs:36 <name=yy,type=int (id=7),value=<?>,index=10>
Variable Delete,method=Main:1#dfs:36 <name=flg,type=boolean (id=2),value=<?>,index=11>
Variable Delete,method=Main:1#dfs:36 <name=nlt,type=int (id=7),value=<?>,index=15>
Variable Delete,method=Main:1#dfs:36 <name=nlb,type=int (id=7),value=<?>,index=16>
Variable Delete,method=Main:1#dfs:36 <name=nrt,type=int (id=7),value=<?>,index=17>
Variable Delete,method=Main:1#dfs:36 <name=nrb,type=int (id=7),value=<?>,index=18>
Variable Delete,method=Main:1#dfs:36 <name=next,type=java.lang.String (id=25),value=<?>,index=19>
Field Read,context=Main:1,vx
Variable Write,context=Main:1#dfs:36,xx=1
Field Read,context=Main:1,vy
Variable Write,context=Main:1#dfs:36,yy=-1
Method Call,caller=Main:1#dfs:36,target=Main:1#isOK:382
Variable Write,context=Main:1#isOK:382,xx=1
Variable Write,context=Main:1#isOK:382,yy=-1
Variable Write,context=Main:1#isOK:382,result=false
Method Exit,returner=Main:1#isOK:382,value=false
Variable Delete,method=Main:1#dfs:36 <name=xx,type=int (id=7),value=<?>,index=9>
Variable Delete,method=Main:1#dfs:36 <name=yy,type=int (id=7),value=<?>,index=10>
Field Read,context=Main:1,vx
Variable Write,context=Main:1#dfs:36,i=4
Variable Delete,method=Main:1#dfs:36 <name=j,type=int (id=7),value=<?>,index=8>
Variable Write,context=Main:1#dfs:36,j=1
Field Read,context=Main:1,vx
Variable Write,context=Main:1#dfs:36,xx=0
Field Read,context=Main:1,vy
Variable Write,context=Main:1#dfs:36,yy=1
Method Call,caller=Main:1#dfs:36,target=Main:1#isOK:383
Variable Write,context=Main:1#isOK:383,xx=0
Variable Write,context=Main:1#isOK:383,yy=1
Variable Write,context=Main:1#isOK:383,result=true
Method Exit,returner=Main:1#isOK:383,value=true
Variable Write,context=Main:1#dfs:36,flg=true
Field Read,context=Main:1,dx
Variable Write,context=Main:1#dfs:36,k=0
Field Read,context=Main:1,dx
Variable Write,context=Main:1#dfs:36,xxx=0
Field Read,context=Main:1,dy
Variable Write,context=Main:1#dfs:36,yyy=1
Field Read,context=Main:1,data
Field Read,context=Main:1,dx
Variable Write,context=Main:1#dfs:36,k=1
Variable Delete,method=Main:1#dfs:36 <name=xxx,type=int (id=7),value=<?>,index=13>
Variable Delete,method=Main:1#dfs:36 <name=yyy,type=int (id=7),value=<?>,index=14>
Field Read,context=Main:1,dx
Variable Write,context=Main:1#dfs:36,xxx=0
Field Read,context=Main:1,dy
Variable Write,context=Main:1#dfs:36,yyy=2
Field Read,context=Main:1,data
Field Read,context=Main:1,dx
Variable Write,context=Main:1#dfs:36,k=2
Variable Delete,method=Main:1#dfs:36 <name=xxx,type=int (id=7),value=<?>,index=13>
Variable Delete,method=Main:1#dfs:36 <name=yyy,type=int (id=7),value=<?>,index=14>
Field Read,context=Main:1,dx
Variable Write,context=Main:1#dfs:36,xxx=1
Field Read,context=Main:1,dy
Variable Write,context=Main:1#dfs:36,yyy=1
Field Read,context=Main:1,data
Field Read,context=Main:1,dx
Variable Write,context=Main:1#dfs:36,k=3
Variable Delete,method=Main:1#dfs:36 <name=xxx,type=int (id=7),value=<?>,index=13>
Variable Delete,method=Main:1#dfs:36 <name=yyy,type=int (id=7),value=<?>,index=14>
Field Read,context=Main:1,dx
Variable Write,context=Main:1#dfs:36,xxx=1
Field Read,context=Main:1,dy
Variable Write,context=Main:1#dfs:36,yyy=2
Field Read,context=Main:1,data
Field Read,context=Main:1,dx
Variable Delete,method=Main:1#dfs:36 <name=xxx,type=int (id=7),value=<?>,index=13>
Variable Delete,method=Main:1#dfs:36 <name=yyy,type=int (id=7),value=<?>,index=14>
Variable Delete,method=Main:1#dfs:36 <name=k,type=int (id=7),value=<?>,index=12>
Variable Write,context=Main:1#dfs:36,nlt=4
Variable Write,context=Main:1#dfs:36,nlb=1
Variable Write,context=Main:1#dfs:36,nrt=1
Variable Write,context=Main:1#dfs:36,nrb=1
Variable Write,context=Main:1#dfs:36,next=6 014111
Field Read,context=Main:1,close
Field Read,context=Main:1,close
Method Call,caller=Main:1#dfs:36,target=Main:1#dfs:41
Variable Write,context=Main:1#dfs:41,lt=4
Variable Write,context=Main:1#dfs:41,lb=1
Variable Write,context=Main:1#dfs:41,rt=1
Variable Write,context=Main:1#dfs:41,rb=1
Variable Write,context=Main:1#dfs:41,deep=6
Variable Write,context=Main:1#dfs:41,x=0
Variable Write,context=Main:1#dfs:41,y=1
Field Read,context=Main:1,n
Field Read,context=Main:1,vx
Variable Write,context=Main:1#dfs:41,i=0
Variable Write,context=Main:1#dfs:41,j=1
Field Read,context=Main:1,vx
Variable Write,context=Main:1#dfs:41,xx=0
Field Read,context=Main:1,vy
Variable Write,context=Main:1#dfs:41,yy=1
Method Call,caller=Main:1#dfs:41,target=Main:1#isOK:384
Variable Write,context=Main:1#isOK:384,xx=0
Variable Write,context=Main:1#isOK:384,yy=1
Variable Write,context=Main:1#isOK:384,result=true
Method Exit,returner=Main:1#isOK:384,value=true
Variable Write,context=Main:1#dfs:41,flg=true
Field Read,context=Main:1,dx
Variable Write,context=Main:1#dfs:41,k=0
Field Read,context=Main:1,dx
Variable Write,context=Main:1#dfs:41,xxx=0
Field Read,context=Main:1,dy
Variable Write,context=Main:1#dfs:41,yyy=1
Field Read,context=Main:1,data
Field Read,context=Main:1,dx
Variable Write,context=Main:1#dfs:41,k=1
Variable Delete,method=Main:1#dfs:41 <name=xxx,type=int (id=7),value=<?>,index=13>
Variable Delete,method=Main:1#dfs:41 <name=yyy,type=int (id=7),value=<?>,index=14>
Field Read,context=Main:1,dx
Variable Write,context=Main:1#dfs:41,xxx=0
Field Read,context=Main:1,dy
Variable Write,context=Main:1#dfs:41,yyy=2
Field Read,context=Main:1,data
Variable Write,context=Main:1#dfs:41,flg=false
Variable Delete,method=Main:1#dfs:41 <name=k,type=int (id=7),value=<?>,index=12>
Variable Delete,method=Main:1#dfs:41 <name=xxx,type=int (id=7),value=<?>,index=13>
Variable Delete,method=Main:1#dfs:41 <name=yyy,type=int (id=7),value=<?>,index=14>
Variable Write,context=Main:1#dfs:41,j=2
Variable Delete,method=Main:1#dfs:41 <name=xx,type=int (id=7),value=<?>,index=9>
Variable Delete,method=Main:1#dfs:41 <name=yy,type=int (id=7),value=<?>,index=10>
Variable Delete,method=Main:1#dfs:41 <name=flg,type=boolean (id=2),value=<?>,index=11>
Field Read,context=Main:1,vx
Variable Write,context=Main:1#dfs:41,xx=0
Field Read,context=Main:1,vy
Variable Write,context=Main:1#dfs:41,yy=1
Method Call,caller=Main:1#dfs:41,target=Main:1#isOK:385
Variable Write,context=Main:1#isOK:385,xx=0
Variable Write,context=Main:1#isOK:385,yy=1
Variable Write,context=Main:1#isOK:385,result=true
Method Exit,returner=Main:1#isOK:385,value=true
Variable Write,context=Main:1#dfs:41,flg=true
Field Read,context=Main:1,dx
Variable Write,context=Main:1#dfs:41,k=0
Field Read,context=Main:1,dx
Variable Write,context=Main:1#dfs:41,xxx=0
Field Read,context=Main:1,dy
Variable Write,context=Main:1#dfs:41,yyy=1
Field Read,context=Main:1,data
Field Read,context=Main:1,dx
Variable Write,context=Main:1#dfs:41,k=1
Variable Delete,method=Main:1#dfs:41 <name=xxx,type=int (id=7),value=<?>,index=13>
Variable Delete,method=Main:1#dfs:41 <name=yyy,type=int (id=7),value=<?>,index=14>
Field Read,context=Main:1,dx
Variable Write,context=Main:1#dfs:41,xxx=0
Field Read,context=Main:1,dy
Variable Write,context=Main:1#dfs:41,yyy=2
Field Read,context=Main:1,data
Variable Write,context=Main:1#dfs:41,flg=false
Variable Delete,method=Main:1#dfs:41 <name=k,type=int (id=7),value=<?>,index=12>
Variable Delete,method=Main:1#dfs:41 <name=xxx,type=int (id=7),value=<?>,index=13>
Variable Delete,method=Main:1#dfs:41 <name=yyy,type=int (id=7),value=<?>,index=14>
Variable Delete,method=Main:1#dfs:41 <name=xx,type=int (id=7),value=<?>,index=9>
Variable Delete,method=Main:1#dfs:41 <name=yy,type=int (id=7),value=<?>,index=10>
Variable Delete,method=Main:1#dfs:41 <name=flg,type=boolean (id=2),value=<?>,index=11>
Field Read,context=Main:1,vx
Variable Write,context=Main:1#dfs:41,i=1
Variable Delete,method=Main:1#dfs:41 <name=j,type=int (id=7),value=<?>,index=8>
Variable Write,context=Main:1#dfs:41,j=1
Field Read,context=Main:1,vx
Variable Write,context=Main:1#dfs:41,xx=0
Field Read,context=Main:1,vy
Variable Write,context=Main:1#dfs:41,yy=2
Method Call,caller=Main:1#dfs:41,target=Main:1#isOK:386
Variable Write,context=Main:1#isOK:386,xx=0
Variable Write,context=Main:1#isOK:386,yy=2
Variable Write,context=Main:1#isOK:386,result=true
Method Exit,returner=Main:1#isOK:386,value=true
Variable Write,context=Main:1#dfs:41,flg=true
Field Read,context=Main:1,dx
Variable Write,context=Main:1#dfs:41,k=0
Field Read,context=Main:1,dx
Variable Write,context=Main:1#dfs:41,xxx=0
Field Read,context=Main:1,dy
Variable Write,context=Main:1#dfs:41,yyy=2
Field Read,context=Main:1,data
Variable Write,context=Main:1#dfs:41,flg=false
Variable Delete,method=Main:1#dfs:41 <name=k,type=int (id=7),value=<?>,index=12>
Variable Delete,method=Main:1#dfs:41 <name=xxx,type=int (id=7),value=<?>,index=13>
Variable Delete,method=Main:1#dfs:41 <name=yyy,type=int (id=7),value=<?>,index=14>
Variable Write,context=Main:1#dfs:41,j=2
Variable Delete,method=Main:1#dfs:41 <name=xx,type=int (id=7),value=<?>,index=9>
Variable Delete,method=Main:1#dfs:41 <name=yy,type=int (id=7),value=<?>,index=10>
Variable Delete,method=Main:1#dfs:41 <name=flg,type=boolean (id=2),value=<?>,index=11>
Field Read,context=Main:1,vx
Variable Write,context=Main:1#dfs:41,xx=0
Field Read,context=Main:1,vy
Variable Write,context=Main:1#dfs:41,yy=3
Method Call,caller=Main:1#dfs:41,target=Main:1#isOK:387
Variable Write,context=Main:1#isOK:387,xx=0
Variable Write,context=Main:1#isOK:387,yy=3
Variable Write,context=Main:1#isOK:387,result=false
Method Exit,returner=Main:1#isOK:387,value=false
Variable Delete,method=Main:1#dfs:41 <name=xx,type=int (id=7),value=<?>,index=9>
Variable Delete,method=Main:1#dfs:41 <name=yy,type=int (id=7),value=<?>,index=10>
Field Read,context=Main:1,vx
Variable Write,context=Main:1#dfs:41,i=2
Variable Delete,method=Main:1#dfs:41 <name=j,type=int (id=7),value=<?>,index=8>
Variable Write,context=Main:1#dfs:41,j=1
Field Read,context=Main:1,vx
Variable Write,context=Main:1#dfs:41,xx=1
Field Read,context=Main:1,vy
Variable Write,context=Main:1#dfs:41,yy=1
Method Call,caller=Main:1#dfs:41,target=Main:1#isOK:388
Variable Write,context=Main:1#isOK:388,xx=1
Variable Write,context=Main:1#isOK:388,yy=1
Variable Write,context=Main:1#isOK:388,result=true
Method Exit,returner=Main:1#isOK:388,value=true
Variable Write,context=Main:1#dfs:41,flg=true
Field Read,context=Main:1,dx
Variable Write,context=Main:1#dfs:41,k=0
Field Read,context=Main:1,dx
Variable Write,context=Main:1#dfs:41,xxx=1
Field Read,context=Main:1,dy
Variable Write,context=Main:1#dfs:41,yyy=1
Field Read,context=Main:1,data
Variable Write,context=Main:1#dfs:41,flg=false
Variable Delete,method=Main:1#dfs:41 <name=k,type=int (id=7),value=<?>,index=12>
Variable Delete,method=Main:1#dfs:41 <name=xxx,type=int (id=7),value=<?>,index=13>
Variable Delete,method=Main:1#dfs:41 <name=yyy,type=int (id=7),value=<?>,index=14>
Variable Write,context=Main:1#dfs:41,j=2
Variable Delete,method=Main:1#dfs:41 <name=xx,type=int (id=7),value=<?>,index=9>
Variable Delete,method=Main:1#dfs:41 <name=yy,type=int (id=7),value=<?>,index=10>
Variable Delete,method=Main:1#dfs:41 <name=flg,type=boolean (id=2),value=<?>,index=11>
Field Read,context=Main:1,vx
Variable Write,context=Main:1#dfs:41,xx=2
Field Read,context=Main:1,vy
Variable Write,context=Main:1#dfs:41,yy=1
Method Call,caller=Main:1#dfs:41,target=Main:1#isOK:389
Variable Write,context=Main:1#isOK:389,xx=2
Variable Write,context=Main:1#isOK:389,yy=1
Variable Write,context=Main:1#isOK:389,result=true
Method Exit,returner=Main:1#isOK:389,value=true
Variable Write,context=Main:1#dfs:41,flg=true
Field Read,context=Main:1,dx
Variable Write,context=Main:1#dfs:41,k=0
Field Read,context=Main:1,dx
Variable Write,context=Main:1#dfs:41,xxx=2
Field Read,context=Main:1,dy
Variable Write,context=Main:1#dfs:41,yyy=1
Field Read,context=Main:1,data
Field Read,context=Main:1,dx
Variable Write,context=Main:1#dfs:41,k=1
Variable Delete,method=Main:1#dfs:41 <name=xxx,type=int (id=7),value=<?>,index=13>
Variable Delete,method=Main:1#dfs:41 <name=yyy,type=int (id=7),value=<?>,index=14>
Field Read,context=Main:1,dx
Variable Write,context=Main:1#dfs:41,xxx=2
Field Read,context=Main:1,dy
Variable Write,context=Main:1#dfs:41,yyy=2
Field Read,context=Main:1,data
Field Read,context=Main:1,dx
Variable Write,context=Main:1#dfs:41,k=2
Variable Delete,method=Main:1#dfs:41 <name=xxx,type=int (id=7),value=<?>,index=13>
Variable Delete,method=Main:1#dfs:41 <name=yyy,type=int (id=7),value=<?>,index=14>
Field Read,context=Main:1,dx
Variable Write,context=Main:1#dfs:41,xxx=3
Field Read,context=Main:1,dy
Variable Write,context=Main:1#dfs:41,yyy=1
Field Read,context=Main:1,data
Field Read,context=Main:1,dx
Variable Write,context=Main:1#dfs:41,k=3
Variable Delete,method=Main:1#dfs:41 <name=xxx,type=int (id=7),value=<?>,index=13>
Variable Delete,method=Main:1#dfs:41 <name=yyy,type=int (id=7),value=<?>,index=14>
Field Read,context=Main:1,dx
Variable Write,context=Main:1#dfs:41,xxx=3
Field Read,context=Main:1,dy
Variable Write,context=Main:1#dfs:41,yyy=2
Field Read,context=Main:1,data
Field Read,context=Main:1,dx
Variable Delete,method=Main:1#dfs:41 <name=xxx,type=int (id=7),value=<?>,index=13>
Variable Delete,method=Main:1#dfs:41 <name=yyy,type=int (id=7),value=<?>,index=14>
Variable Delete,method=Main:1#dfs:41 <name=k,type=int (id=7),value=<?>,index=12>
Variable Write,context=Main:1#dfs:41,nlt=3
Variable Write,context=Main:1#dfs:41,nlb=0
Variable Write,context=Main:1#dfs:41,nrt=0
Variable Write,context=Main:1#dfs:41,nrb=0
Variable Delete,method=Main:1#dfs:41 <name=xx,type=int (id=7),value=<?>,index=9>
Variable Delete,method=Main:1#dfs:41 <name=yy,type=int (id=7),value=<?>,index=10>
Variable Delete,method=Main:1#dfs:41 <name=flg,type=boolean (id=2),value=<?>,index=11>
Variable Delete,method=Main:1#dfs:41 <name=nlt,type=int (id=7),value=<?>,index=15>
Variable Delete,method=Main:1#dfs:41 <name=nlb,type=int (id=7),value=<?>,index=16>
Variable Delete,method=Main:1#dfs:41 <name=nrt,type=int (id=7),value=<?>,index=17>
Variable Delete,method=Main:1#dfs:41 <name=nrb,type=int (id=7),value=<?>,index=18>
Field Read,context=Main:1,vx
Variable Write,context=Main:1#dfs:41,i=3
Variable Delete,method=Main:1#dfs:41 <name=j,type=int (id=7),value=<?>,index=8>
Variable Write,context=Main:1#dfs:41,j=1
Field Read,context=Main:1,vx
Variable Write,context=Main:1#dfs:41,xx=0
Field Read,context=Main:1,vy
Variable Write,context=Main:1#dfs:41,yy=0
Method Call,caller=Main:1#dfs:41,target=Main:1#isOK:390
Variable Write,context=Main:1#isOK:390,xx=0
Variable Write,context=Main:1#isOK:390,yy=0
Variable Write,context=Main:1#isOK:390,result=true
Method Exit,returner=Main:1#isOK:390,value=true
Variable Write,context=Main:1#dfs:41,flg=true
Field Read,context=Main:1,dx
Variable Write,context=Main:1#dfs:41,k=0
Field Read,context=Main:1,dx
Variable Write,context=Main:1#dfs:41,xxx=0
Field Read,context=Main:1,dy
Variable Write,context=Main:1#dfs:41,yyy=0
Field Read,context=Main:1,data
Field Read,context=Main:1,dx
Variable Write,context=Main:1#dfs:41,k=1
Variable Delete,method=Main:1#dfs:41 <name=xxx,type=int (id=7),value=<?>,index=13>
Variable Delete,method=Main:1#dfs:41 <name=yyy,type=int (id=7),value=<?>,index=14>
Field Read,context=Main:1,dx
Variable Write,context=Main:1#dfs:41,xxx=0
Field Read,context=Main:1,dy
Variable Write,context=Main:1#dfs:41,yyy=1
Field Read,context=Main:1,data
Field Read,context=Main:1,dx
Variable Write,context=Main:1#dfs:41,k=2
Variable Delete,method=Main:1#dfs:41 <name=xxx,type=int (id=7),value=<?>,index=13>
Variable Delete,method=Main:1#dfs:41 <name=yyy,type=int (id=7),value=<?>,index=14>
Field Read,context=Main:1,dx
Variable Write,context=Main:1#dfs:41,xxx=1
Field Read,context=Main:1,dy
Variable Write,context=Main:1#dfs:41,yyy=0
Field Read,context=Main:1,data
Field Read,context=Main:1,dx
Variable Write,context=Main:1#dfs:41,k=3
Variable Delete,method=Main:1#dfs:41 <name=xxx,type=int (id=7),value=<?>,index=13>
Variable Delete,method=Main:1#dfs:41 <name=yyy,type=int (id=7),value=<?>,index=14>
Field Read,context=Main:1,dx
Variable Write,context=Main:1#dfs:41,xxx=1
Field Read,context=Main:1,dy
Variable Write,context=Main:1#dfs:41,yyy=1
Field Read,context=Main:1,data
Variable Write,context=Main:1#dfs:41,flg=false
Variable Delete,method=Main:1#dfs:41 <name=k,type=int (id=7),value=<?>,index=12>
Variable Delete,method=Main:1#dfs:41 <name=xxx,type=int (id=7),value=<?>,index=13>
Variable Delete,method=Main:1#dfs:41 <name=yyy,type=int (id=7),value=<?>,index=14>
Variable Write,context=Main:1#dfs:41,j=2
Variable Delete,method=Main:1#dfs:41 <name=xx,type=int (id=7),value=<?>,index=9>
Variable Delete,method=Main:1#dfs:41 <name=yy,type=int (id=7),value=<?>,index=10>
Variable Delete,method=Main:1#dfs:41 <name=flg,type=boolean (id=2),value=<?>,index=11>
Field Read,context=Main:1,vx
Variable Write,context=Main:1#dfs:41,xx=0
Field Read,context=Main:1,vy
Variable Write,context=Main:1#dfs:41,yy=-1
Method Call,caller=Main:1#dfs:41,target=Main:1#isOK:391
Variable Write,context=Main:1#isOK:391,xx=0
Variable Write,context=Main:1#isOK:391,yy=-1
Variable Write,context=Main:1#isOK:391,result=false
Method Exit,returner=Main:1#isOK:391,value=false
Variable Delete,method=Main:1#dfs:41 <name=xx,type=int (id=7),value=<?>,index=9>
Variable Delete,method=Main:1#dfs:41 <name=yy,type=int (id=7),value=<?>,index=10>
Field Read,context=Main:1,vx
Variable Write,context=Main:1#dfs:41,i=4
Variable Delete,method=Main:1#dfs:41 <name=j,type=int (id=7),value=<?>,index=8>
Variable Write,context=Main:1#dfs:41,j=1
Field Read,context=Main:1,vx
Variable Write,context=Main:1#dfs:41,xx=-1
Field Read,context=Main:1,vy
Variable Write,context=Main:1#dfs:41,yy=1
Method Call,caller=Main:1#dfs:41,target=Main:1#isOK:392
Variable Write,context=Main:1#isOK:392,xx=-1
Variable Write,context=Main:1#isOK:392,yy=1
Variable Write,context=Main:1#isOK:392,result=false
Method Exit,returner=Main:1#isOK:392,value=false
Variable Write,context=Main:1#dfs:41,j=2
Variable Delete,method=Main:1#dfs:41 <name=xx,type=int (id=7),value=<?>,index=9>
Variable Delete,method=Main:1#dfs:41 <name=yy,type=int (id=7),value=<?>,index=10>
Field Read,context=Main:1,vx
Variable Write,context=Main:1#dfs:41,xx=-2
Field Read,context=Main:1,vy
Variable Write,context=Main:1#dfs:41,yy=1
Method Call,caller=Main:1#dfs:41,target=Main:1#isOK:393
Variable Write,context=Main:1#isOK:393,xx=-2
Variable Write,context=Main:1#isOK:393,yy=1
Variable Write,context=Main:1#isOK:393,result=false
Method Exit,returner=Main:1#isOK:393,value=false
Variable Delete,method=Main:1#dfs:41 <name=xx,type=int (id=7),value=<?>,index=9>
Variable Delete,method=Main:1#dfs:41 <name=yy,type=int (id=7),value=<?>,index=10>
Field Read,context=Main:1,vx
Variable Delete,method=Main:1#dfs:41 <name=j,type=int (id=7),value=<?>,index=8>
Method Exit,returner=Main:1#dfs:41,value=<void>
Variable Write,context=Main:1#dfs:36,j=2
Variable Delete,method=Main:1#dfs:36 <name=xx,type=int (id=7),value=<?>,index=9>
Variable Delete,method=Main:1#dfs:36 <name=yy,type=int (id=7),value=<?>,index=10>
Variable Delete,method=Main:1#dfs:36 <name=flg,type=boolean (id=2),value=<?>,index=11>
Variable Delete,method=Main:1#dfs:36 <name=nlt,type=int (id=7),value=<?>,index=15>
Variable Delete,method=Main:1#dfs:36 <name=nlb,type=int (id=7),value=<?>,index=16>
Variable Delete,method=Main:1#dfs:36 <name=nrt,type=int (id=7),value=<?>,index=17>
Variable Delete,method=Main:1#dfs:36 <name=nrb,type=int (id=7),value=<?>,index=18>
Variable Delete,method=Main:1#dfs:36 <name=next,type=java.lang.String (id=25),value=<?>,index=19>
Field Read,context=Main:1,vx
Variable Write,context=Main:1#dfs:36,xx=-1
Field Read,context=Main:1,vy
Variable Write,context=Main:1#dfs:36,yy=1
Method Call,caller=Main:1#dfs:36,target=Main:1#isOK:394
Variable Write,context=Main:1#isOK:394,xx=-1
Variable Write,context=Main:1#isOK:394,yy=1
Variable Write,context=Main:1#isOK:394,result=false
Method Exit,returner=Main:1#isOK:394,value=false
Variable Delete,method=Main:1#dfs:36 <name=xx,type=int (id=7),value=<?>,index=9>
Variable Delete,method=Main:1#dfs:36 <name=yy,type=int (id=7),value=<?>,index=10>
Field Read,context=Main:1,vx
Variable Delete,method=Main:1#dfs:36 <name=j,type=int (id=7),value=<?>,index=8>
Method Exit,returner=Main:1#dfs:36,value=<void>
Variable Write,context=Main:1#dfs:35,j=2
Variable Delete,method=Main:1#dfs:35 <name=xx,type=int (id=7),value=<?>,index=9>
Variable Delete,method=Main:1#dfs:35 <name=yy,type=int (id=7),value=<?>,index=10>
Variable Delete,method=Main:1#dfs:35 <name=flg,type=boolean (id=2),value=<?>,index=11>
Variable Delete,method=Main:1#dfs:35 <name=nlt,type=int (id=7),value=<?>,index=15>
Variable Delete,method=Main:1#dfs:35 <name=nlb,type=int (id=7),value=<?>,index=16>
Variable Delete,method=Main:1#dfs:35 <name=nrt,type=int (id=7),value=<?>,index=17>
Variable Delete,method=Main:1#dfs:35 <name=nrb,type=int (id=7),value=<?>,index=18>
Variable Delete,method=Main:1#dfs:35 <name=next,type=java.lang.String (id=25),value=<?>,index=19>
Field Read,context=Main:1,vx
Variable Write,context=Main:1#dfs:35,xx=1
Field Read,context=Main:1,vy
Variable Write,context=Main:1#dfs:35,yy=2
Method Call,caller=Main:1#dfs:35,target=Main:1#isOK:395
Variable Write,context=Main:1#isOK:395,xx=1
Variable Write,context=Main:1#isOK:395,yy=2
Variable Write,context=Main:1#isOK:395,result=true
Method Exit,returner=Main:1#isOK:395,value=true
Variable Write,context=Main:1#dfs:35,flg=true
Field Read,context=Main:1,dx
Variable Write,context=Main:1#dfs:35,k=0
Field Read,context=Main:1,dx
Variable Write,context=Main:1#dfs:35,xxx=1
Field Read,context=Main:1,dy
Variable Write,context=Main:1#dfs:35,yyy=2
Field Read,context=Main:1,data
Field Read,context=Main:1,dx
Variable Write,context=Main:1#dfs:35,k=1
Variable Delete,method=Main:1#dfs:35 <name=xxx,type=int (id=7),value=<?>,index=13>
Variable Delete,method=Main:1#dfs:35 <name=yyy,type=int (id=7),value=<?>,index=14>
Field Read,context=Main:1,dx
Variable Write,context=Main:1#dfs:35,xxx=1
Field Read,context=Main:1,dy
Variable Write,context=Main:1#dfs:35,yyy=3
Field Read,context=Main:1,data
Field Read,context=Main:1,dx
Variable Write,context=Main:1#dfs:35,k=2
Variable Delete,method=Main:1#dfs:35 <name=xxx,type=int (id=7),value=<?>,index=13>
Variable Delete,method=Main:1#dfs:35 <name=yyy,type=int (id=7),value=<?>,index=14>
Field Read,context=Main:1,dx
Variable Write,context=Main:1#dfs:35,xxx=2
Field Read,context=Main:1,dy
Variable Write,context=Main:1#dfs:35,yyy=2
Field Read,context=Main:1,data
Field Read,context=Main:1,dx
Variable Write,context=Main:1#dfs:35,k=3
Variable Delete,method=Main:1#dfs:35 <name=xxx,type=int (id=7),value=<?>,index=13>
Variable Delete,method=Main:1#dfs:35 <name=yyy,type=int (id=7),value=<?>,index=14>
Field Read,context=Main:1,dx
Variable Write,context=Main:1#dfs:35,xxx=2
Field Read,context=Main:1,dy
Variable Write,context=Main:1#dfs:35,yyy=3
Field Read,context=Main:1,data
Field Read,context=Main:1,dx
Variable Delete,method=Main:1#dfs:35 <name=xxx,type=int (id=7),value=<?>,index=13>
Variable Delete,method=Main:1#dfs:35 <name=yyy,type=int (id=7),value=<?>,index=14>
Variable Delete,method=Main:1#dfs:35 <name=k,type=int (id=7),value=<?>,index=12>
Variable Write,context=Main:1#dfs:35,nlt=5
Variable Write,context=Main:1#dfs:35,nlb=2
Variable Write,context=Main:1#dfs:35,nrt=2
Variable Write,context=Main:1#dfs:35,nrb=2
Variable Write,context=Main:1#dfs:35,next=5 125222
Field Read,context=Main:1,close
Field Read,context=Main:1,close
Method Call,caller=Main:1#dfs:35,target=Main:1#dfs:42
Variable Write,context=Main:1#dfs:42,lt=5
Variable Write,context=Main:1#dfs:42,lb=2
Variable Write,context=Main:1#dfs:42,rt=2
Variable Write,context=Main:1#dfs:42,rb=2
Variable Write,context=Main:1#dfs:42,deep=5
Variable Write,context=Main:1#dfs:42,x=1
Variable Write,context=Main:1#dfs:42,y=2
Field Read,context=Main:1,n
Field Read,context=Main:1,vx
Variable Write,context=Main:1#dfs:42,i=0
Variable Write,context=Main:1#dfs:42,j=1
Field Read,context=Main:1,vx
Variable Write,context=Main:1#dfs:42,xx=1
Field Read,context=Main:1,vy
Variable Write,context=Main:1#dfs:42,yy=2
Method Call,caller=Main:1#dfs:42,target=Main:1#isOK:396
Variable Write,context=Main:1#isOK:396,xx=1
Variable Write,context=Main:1#isOK:396,yy=2
Variable Write,context=Main:1#isOK:396,result=true
Method Exit,returner=Main:1#isOK:396,value=true
Variable Write,context=Main:1#dfs:42,flg=true
Field Read,context=Main:1,dx
Variable Write,context=Main:1#dfs:42,k=0
Field Read,context=Main:1,dx
Variable Write,context=Main:1#dfs:42,xxx=1
Field Read,context=Main:1,dy
Variable Write,context=Main:1#dfs:42,yyy=2
Field Read,context=Main:1,data
Field Read,context=Main:1,dx
Variable Write,context=Main:1#dfs:42,k=1
Variable Delete,method=Main:1#dfs:42 <name=xxx,type=int (id=7),value=<?>,index=13>
Variable Delete,method=Main:1#dfs:42 <name=yyy,type=int (id=7),value=<?>,index=14>
Field Read,context=Main:1,dx
Variable Write,context=Main:1#dfs:42,xxx=1
Field Read,context=Main:1,dy
Variable Write,context=Main:1#dfs:42,yyy=3
Field Read,context=Main:1,data
Field Read,context=Main:1,dx
Variable Write,context=Main:1#dfs:42,k=2
Variable Delete,method=Main:1#dfs:42 <name=xxx,type=int (id=7),value=<?>,index=13>
Variable Delete,method=Main:1#dfs:42 <name=yyy,type=int (id=7),value=<?>,index=14>
Field Read,context=Main:1,dx
Variable Write,context=Main:1#dfs:42,xxx=2
Field Read,context=Main:1,dy
Variable Write,context=Main:1#dfs:42,yyy=2
Field Read,context=Main:1,data
Field Read,context=Main:1,dx
Variable Write,context=Main:1#dfs:42,k=3
Variable Delete,method=Main:1#dfs:42 <name=xxx,type=int (id=7),value=<?>,index=13>
Variable Delete,method=Main:1#dfs:42 <name=yyy,type=int (id=7),value=<?>,index=14>
Field Read,context=Main:1,dx
Variable Write,context=Main:1#dfs:42,xxx=2
Field Read,context=Main:1,dy
Variable Write,context=Main:1#dfs:42,yyy=3
Field Read,context=Main:1,data
Field Read,context=Main:1,dx
Variable Delete,method=Main:1#dfs:42 <name=xxx,type=int (id=7),value=<?>,index=13>
Variable Delete,method=Main:1#dfs:42 <name=yyy,type=int (id=7),value=<?>,index=14>
Variable Delete,method=Main:1#dfs:42 <name=k,type=int (id=7),value=<?>,index=12>
Variable Write,context=Main:1#dfs:42,nlt=4
Variable Write,context=Main:1#dfs:42,nlb=1
Variable Write,context=Main:1#dfs:42,nrt=1
Variable Write,context=Main:1#dfs:42,nrb=1
Variable Write,context=Main:1#dfs:42,next=6 124111
Field Read,context=Main:1,close
Variable Write,context=Main:1#dfs:42,j=2
Variable Delete,method=Main:1#dfs:42 <name=xx,type=int (id=7),value=<?>,index=9>
Variable Delete,method=Main:1#dfs:42 <name=yy,type=int (id=7),value=<?>,index=10>
Variable Delete,method=Main:1#dfs:42 <name=flg,type=boolean (id=2),value=<?>,index=11>
Variable Delete,method=Main:1#dfs:42 <name=nlt,type=int (id=7),value=<?>,index=15>
Variable Delete,method=Main:1#dfs:42 <name=nlb,type=int (id=7),value=<?>,index=16>
Variable Delete,method=Main:1#dfs:42 <name=nrt,type=int (id=7),value=<?>,index=17>
Variable Delete,method=Main:1#dfs:42 <name=nrb,type=int (id=7),value=<?>,index=18>
Variable Delete,method=Main:1#dfs:42 <name=next,type=java.lang.String (id=25),value=<?>,index=19>
Field Read,context=Main:1,vx
Variable Write,context=Main:1#dfs:42,xx=1
Field Read,context=Main:1,vy
Variable Write,context=Main:1#dfs:42,yy=2
Method Call,caller=Main:1#dfs:42,target=Main:1#isOK:397
Variable Write,context=Main:1#isOK:397,xx=1
Variable Write,context=Main:1#isOK:397,yy=2
Variable Write,context=Main:1#isOK:397,result=true
Method Exit,returner=Main:1#isOK:397,value=true
Variable Write,context=Main:1#dfs:42,flg=true
Field Read,context=Main:1,dx
Variable Write,context=Main:1#dfs:42,k=0
Field Read,context=Main:1,dx
Variable Write,context=Main:1#dfs:42,xxx=1
Field Read,context=Main:1,dy
Variable Write,context=Main:1#dfs:42,yyy=2
Field Read,context=Main:1,data
Field Read,context=Main:1,dx
Variable Write,context=Main:1#dfs:42,k=1
Variable Delete,method=Main:1#dfs:42 <name=xxx,type=int (id=7),value=<?>,index=13>
Variable Delete,method=Main:1#dfs:42 <name=yyy,type=int (id=7),value=<?>,index=14>
Field Read,context=Main:1,dx
Variable Write,context=Main:1#dfs:42,xxx=1
Field Read,context=Main:1,dy
Variable Write,context=Main:1#dfs:42,yyy=3
Field Read,context=Main:1,data
Field Read,context=Main:1,dx
Variable Write,context=Main:1#dfs:42,k=2
Variable Delete,method=Main:1#dfs:42 <name=xxx,type=int (id=7),value=<?>,index=13>
Variable Delete,method=Main:1#dfs:42 <name=yyy,type=int (id=7),value=<?>,index=14>
Field Read,context=Main:1,dx
Variable Write,context=Main:1#dfs:42,xxx=2
Field Read,context=Main:1,dy
Variable Write,context=Main:1#dfs:42,yyy=2
Field Read,context=Main:1,data
Field Read,context=Main:1,dx
Variable Write,context=Main:1#dfs:42,k=3
Variable Delete,method=Main:1#dfs:42 <name=xxx,type=int (id=7),value=<?>,index=13>
Variable Delete,method=Main:1#dfs:42 <name=yyy,type=int (id=7),value=<?>,index=14>
Field Read,context=Main:1,dx
Variable Write,context=Main:1#dfs:42,xxx=2
Field Read,context=Main:1,dy
Variable Write,context=Main:1#dfs:42,yyy=3
Field Read,context=Main:1,data
Field Read,context=Main:1,dx
Variable Delete,method=Main:1#dfs:42 <name=xxx,type=int (id=7),value=<?>,index=13>
Variable Delete,method=Main:1#dfs:42 <name=yyy,type=int (id=7),value=<?>,index=14>
Variable Delete,method=Main:1#dfs:42 <name=k,type=int (id=7),value=<?>,index=12>
Variable Write,context=Main:1#dfs:42,nlt=4
Variable Write,context=Main:1#dfs:42,nlb=1
Variable Write,context=Main:1#dfs:42,nrt=1
Variable Write,context=Main:1#dfs:42,nrb=1
Variable Write,context=Main:1#dfs:42,next=6 124111
Field Read,context=Main:1,close
Variable Delete,method=Main:1#dfs:42 <name=xx,type=int (id=7),value=<?>,index=9>
Variable Delete,method=Main:1#dfs:42 <name=yy,type=int (id=7),value=<?>,index=10>
Variable Delete,method=Main:1#dfs:42 <name=flg,type=boolean (id=2),value=<?>,index=11>
Variable Delete,method=Main:1#dfs:42 <name=nlt,type=int (id=7),value=<?>,index=15>
Variable Delete,method=Main:1#dfs:42 <name=nlb,type=int (id=7),value=<?>,index=16>
Variable Delete,method=Main:1#dfs:42 <name=nrt,type=int (id=7),value=<?>,index=17>
Variable Delete,method=Main:1#dfs:42 <name=nrb,type=int (id=7),value=<?>,index=18>
Variable Delete,method=Main:1#dfs:42 <name=next,type=java.lang.String (id=25),value=<?>,index=19>
Field Read,context=Main:1,vx
Variable Write,context=Main:1#dfs:42,i=1
Variable Delete,method=Main:1#dfs:42 <name=j,type=int (id=7),value=<?>,index=8>
Variable Write,context=Main:1#dfs:42,j=1
Field Read,context=Main:1,vx
Variable Write,context=Main:1#dfs:42,xx=1
Field Read,context=Main:1,vy
Variable Write,context=Main:1#dfs:42,yy=3
Method Call,caller=Main:1#dfs:42,target=Main:1#isOK:398
Variable Write,context=Main:1#isOK:398,xx=1
Variable Write,context=Main:1#isOK:398,yy=3
Variable Write,context=Main:1#isOK:398,result=false
Method Exit,returner=Main:1#isOK:398,value=false
Variable Write,context=Main:1#dfs:42,j=2
Variable Delete,method=Main:1#dfs:42 <name=xx,type=int (id=7),value=<?>,index=9>
Variable Delete,method=Main:1#dfs:42 <name=yy,type=int (id=7),value=<?>,index=10>
Field Read,context=Main:1,vx
Variable Write,context=Main:1#dfs:42,xx=1
Field Read,context=Main:1,vy
Variable Write,context=Main:1#dfs:42,yy=4
Method Call,caller=Main:1#dfs:42,target=Main:1#isOK:399
Variable Write,context=Main:1#isOK:399,xx=1
Variable Write,context=Main:1#isOK:399,yy=4
Variable Write,context=Main:1#isOK:399,result=false
Method Exit,returner=Main:1#isOK:399,value=false
Variable Delete,method=Main:1#dfs:42 <name=xx,type=int (id=7),value=<?>,index=9>
Variable Delete,method=Main:1#dfs:42 <name=yy,type=int (id=7),value=<?>,index=10>
Field Read,context=Main:1,vx
Variable Write,context=Main:1#dfs:42,i=2
Variable Delete,method=Main:1#dfs:42 <name=j,type=int (id=7),value=<?>,index=8>
Variable Write,context=Main:1#dfs:42,j=1
Field Read,context=Main:1,vx
Variable Write,context=Main:1#dfs:42,xx=2
Field Read,context=Main:1,vy
Variable Write,context=Main:1#dfs:42,yy=2
Method Call,caller=Main:1#dfs:42,target=Main:1#isOK:400
Variable Write,context=Main:1#isOK:400,xx=2
Variable Write,context=Main:1#isOK:400,yy=2
Variable Write,context=Main:1#isOK:400,result=true
Method Exit,returner=Main:1#isOK:400,value=true
Variable Write,context=Main:1#dfs:42,flg=true
Field Read,context=Main:1,dx
Variable Write,context=Main:1#dfs:42,k=0
Field Read,context=Main:1,dx
Variable Write,context=Main:1#dfs:42,xxx=2
Field Read,context=Main:1,dy
Variable Write,context=Main:1#dfs:42,yyy=2
Field Read,context=Main:1,data
Field Read,context=Main:1,dx
Variable Write,context=Main:1#dfs:42,k=1
Variable Delete,method=Main:1#dfs:42 <name=xxx,type=int (id=7),value=<?>,index=13>
Variable Delete,method=Main:1#dfs:42 <name=yyy,type=int (id=7),value=<?>,index=14>
Field Read,context=Main:1,dx
Variable Write,context=Main:1#dfs:42,xxx=2
Field Read,context=Main:1,dy
Variable Write,context=Main:1#dfs:42,yyy=3
Field Read,context=Main:1,data
Field Read,context=Main:1,dx
Variable Write,context=Main:1#dfs:42,k=2
Variable Delete,method=Main:1#dfs:42 <name=xxx,type=int (id=7),value=<?>,index=13>
Variable Delete,method=Main:1#dfs:42 <name=yyy,type=int (id=7),value=<?>,index=14>
Field Read,context=Main:1,dx
Variable Write,context=Main:1#dfs:42,xxx=3
Field Read,context=Main:1,dy
Variable Write,context=Main:1#dfs:42,yyy=2
Field Read,context=Main:1,data
Field Read,context=Main:1,dx
Variable Write,context=Main:1#dfs:42,k=3
Variable Delete,method=Main:1#dfs:42 <name=xxx,type=int (id=7),value=<?>,index=13>
Variable Delete,method=Main:1#dfs:42 <name=yyy,type=int (id=7),value=<?>,index=14>
Field Read,context=Main:1,dx
Variable Write,context=Main:1#dfs:42,xxx=3
Field Read,context=Main:1,dy
Variable Write,context=Main:1#dfs:42,yyy=3
Field Read,context=Main:1,data
Variable Write,context=Main:1#dfs:42,flg=false
Variable Delete,method=Main:1#dfs:42 <name=k,type=int (id=7),value=<?>,index=12>
Variable Delete,method=Main:1#dfs:42 <name=xxx,type=int (id=7),value=<?>,index=13>
Variable Delete,method=Main:1#dfs:42 <name=yyy,type=int (id=7),value=<?>,index=14>
Variable Write,context=Main:1#dfs:42,j=2
Variable Delete,method=Main:1#dfs:42 <name=xx,type=int (id=7),value=<?>,index=9>
Variable Delete,method=Main:1#dfs:42 <name=yy,type=int (id=7),value=<?>,index=10>
Variable Delete,method=Main:1#dfs:42 <name=flg,type=boolean (id=2),value=<?>,index=11>
Field Read,context=Main:1,vx
Variable Write,context=Main:1#dfs:42,xx=3
Field Read,context=Main:1,vy
Variable Write,context=Main:1#dfs:42,yy=2
Method Call,caller=Main:1#dfs:42,target=Main:1#isOK:401
Variable Write,context=Main:1#isOK:401,xx=3
Variable Write,context=Main:1#isOK:401,yy=2
Variable Write,context=Main:1#isOK:401,result=false
Method Exit,returner=Main:1#isOK:401,value=false
Variable Delete,method=Main:1#dfs:42 <name=xx,type=int (id=7),value=<?>,index=9>
Variable Delete,method=Main:1#dfs:42 <name=yy,type=int (id=7),value=<?>,index=10>
Field Read,context=Main:1,vx
Variable Write,context=Main:1#dfs:42,i=3
Variable Delete,method=Main:1#dfs:42 <name=j,type=int (id=7),value=<?>,index=8>
Variable Write,context=Main:1#dfs:42,j=1
Field Read,context=Main:1,vx
Variable Write,context=Main:1#dfs:42,xx=1
Field Read,context=Main:1,vy
Variable Write,context=Main:1#dfs:42,yy=1
Method Call,caller=Main:1#dfs:42,target=Main:1#isOK:402
Variable Write,context=Main:1#isOK:402,xx=1
Variable Write,context=Main:1#isOK:402,yy=1
Variable Write,context=Main:1#isOK:402,result=true
Method Exit,returner=Main:1#isOK:402,value=true
Variable Write,context=Main:1#dfs:42,flg=true
Field Read,context=Main:1,dx
Variable Write,context=Main:1#dfs:42,k=0
Field Read,context=Main:1,dx
Variable Write,context=Main:1#dfs:42,xxx=1
Field Read,context=Main:1,dy
Variable Write,context=Main:1#dfs:42,yyy=1
Field Read,context=Main:1,data
Field Read,context=Main:1,dx
Variable Write,context=Main:1#dfs:42,k=1
Variable Delete,method=Main:1#dfs:42 <name=xxx,type=int (id=7),value=<?>,index=13>
Variable Delete,method=Main:1#dfs:42 <name=yyy,type=int (id=7),value=<?>,index=14>
Field Read,context=Main:1,dx
Variable Write,context=Main:1#dfs:42,xxx=1
Field Read,context=Main:1,dy
Variable Write,context=Main:1#dfs:42,yyy=2
Field Read,context=Main:1,data
Field Read,context=Main:1,dx
Variable Write,context=Main:1#dfs:42,k=2
Variable Delete,method=Main:1#dfs:42 <name=xxx,type=int (id=7),value=<?>,index=13>
Variable Delete,method=Main:1#dfs:42 <name=yyy,type=int (id=7),value=<?>,index=14>
Field Read,context=Main:1,dx
Variable Write,context=Main:1#dfs:42,xxx=2
Field Read,context=Main:1,dy
Variable Write,context=Main:1#dfs:42,yyy=1
Field Read,context=Main:1,data
Field Read,context=Main:1,dx
Variable Write,context=Main:1#dfs:42,k=3
Variable Delete,method=Main:1#dfs:42 <name=xxx,type=int (id=7),value=<?>,index=13>
Variable Delete,method=Main:1#dfs:42 <name=yyy,type=int (id=7),value=<?>,index=14>
Field Read,context=Main:1,dx
Variable Write,context=Main:1#dfs:42,xxx=2
Field Read,context=Main:1,dy
Variable Write,context=Main:1#dfs:42,yyy=2
Field Read,context=Main:1,data
Field Read,context=Main:1,dx
Variable Delete,method=Main:1#dfs:42 <name=xxx,type=int (id=7),value=<?>,index=13>
Variable Delete,method=Main:1#dfs:42 <name=yyy,type=int (id=7),value=<?>,index=14>
Variable Delete,method=Main:1#dfs:42 <name=k,type=int (id=7),value=<?>,index=12>
Variable Write,context=Main:1#dfs:42,nlt=4
Variable Write,context=Main:1#dfs:42,nlb=1
Variable Write,context=Main:1#dfs:42,nrt=1
Variable Write,context=Main:1#dfs:42,nrb=1
Variable Write,context=Main:1#dfs:42,next=6 114111
Field Read,context=Main:1,close
Variable Write,context=Main:1#dfs:42,j=2
Variable Delete,method=Main:1#dfs:42 <name=xx,type=int (id=7),value=<?>,index=9>
Variable Delete,method=Main:1#dfs:42 <name=yy,type=int (id=7),value=<?>,index=10>
Variable Delete,method=Main:1#dfs:42 <name=flg,type=boolean (id=2),value=<?>,index=11>
Variable Delete,method=Main:1#dfs:42 <name=nlt,type=int (id=7),value=<?>,index=15>
Variable Delete,method=Main:1#dfs:42 <name=nlb,type=int (id=7),value=<?>,index=16>
Variable Delete,method=Main:1#dfs:42 <name=nrt,type=int (id=7),value=<?>,index=17>
Variable Delete,method=Main:1#dfs:42 <name=nrb,type=int (id=7),value=<?>,index=18>
Variable Delete,method=Main:1#dfs:42 <name=next,type=java.lang.String (id=25),value=<?>,index=19>
Field Read,context=Main:1,vx
Variable Write,context=Main:1#dfs:42,xx=1
Field Read,context=Main:1,vy
Variable Write,context=Main:1#dfs:42,yy=0
Method Call,caller=Main:1#dfs:42,target=Main:1#isOK:403
Variable Write,context=Main:1#isOK:403,xx=1
Variable Write,context=Main:1#isOK:403,yy=0
Variable Write,context=Main:1#isOK:403,result=true
Method Exit,returner=Main:1#isOK:403,value=true
Variable Write,context=Main:1#dfs:42,flg=true
Field Read,context=Main:1,dx
Variable Write,context=Main:1#dfs:42,k=0
Field Read,context=Main:1,dx
Variable Write,context=Main:1#dfs:42,xxx=1
Field Read,context=Main:1,dy
Variable Write,context=Main:1#dfs:42,yyy=0
Field Read,context=Main:1,data
Field Read,context=Main:1,dx
Variable Write,context=Main:1#dfs:42,k=1
Variable Delete,method=Main:1#dfs:42 <name=xxx,type=int (id=7),value=<?>,index=13>
Variable Delete,method=Main:1#dfs:42 <name=yyy,type=int (id=7),value=<?>,index=14>
Field Read,context=Main:1,dx
Variable Write,context=Main:1#dfs:42,xxx=1
Field Read,context=Main:1,dy
Variable Write,context=Main:1#dfs:42,yyy=1
Field Read,context=Main:1,data
Field Read,context=Main:1,dx
Variable Write,context=Main:1#dfs:42,k=2
Variable Delete,method=Main:1#dfs:42 <name=xxx,type=int (id=7),value=<?>,index=13>
Variable Delete,method=Main:1#dfs:42 <name=yyy,type=int (id=7),value=<?>,index=14>
Field Read,context=Main:1,dx
Variable Write,context=Main:1#dfs:42,xxx=2
Field Read,context=Main:1,dy
Variable Write,context=Main:1#dfs:42,yyy=0
Field Read,context=Main:1,data
Field Read,context=Main:1,dx
Variable Write,context=Main:1#dfs:42,k=3
Variable Delete,method=Main:1#dfs:42 <name=xxx,type=int (id=7),value=<?>,index=13>
Variable Delete,method=Main:1#dfs:42 <name=yyy,type=int (id=7),value=<?>,index=14>
Field Read,context=Main:1,dx
Variable Write,context=Main:1#dfs:42,xxx=2
Field Read,context=Main:1,dy
Variable Write,context=Main:1#dfs:42,yyy=1
Field Read,context=Main:1,data
Field Read,context=Main:1,dx
Variable Delete,method=Main:1#dfs:42 <name=xxx,type=int (id=7),value=<?>,index=13>
Variable Delete,method=Main:1#dfs:42 <name=yyy,type=int (id=7),value=<?>,index=14>
Variable Delete,method=Main:1#dfs:42 <name=k,type=int (id=7),value=<?>,index=12>
Variable Write,context=Main:1#dfs:42,nlt=4
Variable Write,context=Main:1#dfs:42,nlb=1
Variable Write,context=Main:1#dfs:42,nrt=1
Variable Write,context=Main:1#dfs:42,nrb=1
Variable Write,context=Main:1#dfs:42,next=6 104111
Field Read,context=Main:1,close
Variable Delete,method=Main:1#dfs:42 <name=xx,type=int (id=7),value=<?>,index=9>
Variable Delete,method=Main:1#dfs:42 <name=yy,type=int (id=7),value=<?>,index=10>
Variable Delete,method=Main:1#dfs:42 <name=flg,type=boolean (id=2),value=<?>,index=11>
Variable Delete,method=Main:1#dfs:42 <name=nlt,type=int (id=7),value=<?>,index=15>
Variable Delete,method=Main:1#dfs:42 <name=nlb,type=int (id=7),value=<?>,index=16>
Variable Delete,method=Main:1#dfs:42 <name=nrt,type=int (id=7),value=<?>,index=17>
Variable Delete,method=Main:1#dfs:42 <name=nrb,type=int (id=7),value=<?>,index=18>
Variable Delete,method=Main:1#dfs:42 <name=next,type=java.lang.String (id=25),value=<?>,index=19>
Field Read,context=Main:1,vx
Variable Write,context=Main:1#dfs:42,i=4
Variable Delete,method=Main:1#dfs:42 <name=j,type=int (id=7),value=<?>,index=8>
Variable Write,context=Main:1#dfs:42,j=1
Field Read,context=Main:1,vx
Variable Write,context=Main:1#dfs:42,xx=0
Field Read,context=Main:1,vy
Variable Write,context=Main:1#dfs:42,yy=2
Method Call,caller=Main:1#dfs:42,target=Main:1#isOK:404
Variable Write,context=Main:1#isOK:404,xx=0
Variable Write,context=Main:1#isOK:404,yy=2
Variable Write,context=Main:1#isOK:404,result=true
Method Exit,returner=Main:1#isOK:404,value=true
Variable Write,context=Main:1#dfs:42,flg=true
Field Read,context=Main:1,dx
Variable Write,context=Main:1#dfs:42,k=0
Field Read,context=Main:1,dx
Variable Write,context=Main:1#dfs:42,xxx=0
Field Read,context=Main:1,dy
Variable Write,context=Main:1#dfs:42,yyy=2
Field Read,context=Main:1,data
Field Read,context=Main:1,dx
Variable Write,context=Main:1#dfs:42,k=1
Variable Delete,method=Main:1#dfs:42 <name=xxx,type=int (id=7),value=<?>,index=13>
Variable Delete,method=Main:1#dfs:42 <name=yyy,type=int (id=7),value=<?>,index=14>
Field Read,context=Main:1,dx
Variable Write,context=Main:1#dfs:42,xxx=0
Field Read,context=Main:1,dy
Variable Write,context=Main:1#dfs:42,yyy=3
Field Read,context=Main:1,data
Field Read,context=Main:1,dx
Variable Write,context=Main:1#dfs:42,k=2
Variable Delete,method=Main:1#dfs:42 <name=xxx,type=int (id=7),value=<?>,index=13>
Variable Delete,method=Main:1#dfs:42 <name=yyy,type=int (id=7),value=<?>,index=14>
Field Read,context=Main:1,dx
Variable Write,context=Main:1#dfs:42,xxx=1
Field Read,context=Main:1,dy
Variable Write,context=Main:1#dfs:42,yyy=2
Field Read,context=Main:1,data
Field Read,context=Main:1,dx
Variable Write,context=Main:1#dfs:42,k=3
Variable Delete,method=Main:1#dfs:42 <name=xxx,type=int (id=7),value=<?>,index=13>
Variable Delete,method=Main:1#dfs:42 <name=yyy,type=int (id=7),value=<?>,index=14>
Field Read,context=Main:1,dx
Variable Write,context=Main:1#dfs:42,xxx=1
Field Read,context=Main:1,dy
Variable Write,context=Main:1#dfs:42,yyy=3
Field Read,context=Main:1,data
Field Read,context=Main:1,dx
Variable Delete,method=Main:1#dfs:42 <name=xxx,type=int (id=7),value=<?>,index=13>
Variable Delete,method=Main:1#dfs:42 <name=yyy,type=int (id=7),value=<?>,index=14>
Variable Delete,method=Main:1#dfs:42 <name=k,type=int (id=7),value=<?>,index=12>
Variable Write,context=Main:1#dfs:42,nlt=4
Variable Write,context=Main:1#dfs:42,nlb=1
Variable Write,context=Main:1#dfs:42,nrt=1
Variable Write,context=Main:1#dfs:42,nrb=1
Variable Write,context=Main:1#dfs:42,nlb=7
Variable Write,context=Main:1#dfs:42,next=6 024711
Field Read,context=Main:1,close
Field Read,context=Main:1,close
Method Call,caller=Main:1#dfs:42,target=Main:1#dfs:43
Variable Write,context=Main:1#dfs:43,lt=4
Variable Write,context=Main:1#dfs:43,lb=7
Variable Write,context=Main:1#dfs:43,rt=1
Variable Write,context=Main:1#dfs:43,rb=1
Variable Write,context=Main:1#dfs:43,deep=6
Variable Write,context=Main:1#dfs:43,x=0
Variable Write,context=Main:1#dfs:43,y=2
Field Read,context=Main:1,n
Field Read,context=Main:1,vx
Variable Write,context=Main:1#dfs:43,i=0
Variable Write,context=Main:1#dfs:43,j=1
Field Read,context=Main:1,vx
Variable Write,context=Main:1#dfs:43,xx=0
Field Read,context=Main:1,vy
Variable Write,context=Main:1#dfs:43,yy=2
Method Call,caller=Main:1#dfs:43,target=Main:1#isOK:405
Variable Write,context=Main:1#isOK:405,xx=0
Variable Write,context=Main:1#isOK:405,yy=2
Variable Write,context=Main:1#isOK:405,result=true
Method Exit,returner=Main:1#isOK:405,value=true
Variable Write,context=Main:1#dfs:43,flg=true
Field Read,context=Main:1,dx
Variable Write,context=Main:1#dfs:43,k=0
Field Read,context=Main:1,dx
Variable Write,context=Main:1#dfs:43,xxx=0
Field Read,context=Main:1,dy
Variable Write,context=Main:1#dfs:43,yyy=2
Field Read,context=Main:1,data
Variable Write,context=Main:1#dfs:43,flg=false
Variable Delete,method=Main:1#dfs:43 <name=k,type=int (id=7),value=<?>,index=12>
Variable Delete,method=Main:1#dfs:43 <name=xxx,type=int (id=7),value=<?>,index=13>
Variable Delete,method=Main:1#dfs:43 <name=yyy,type=int (id=7),value=<?>,index=14>
Variable Write,context=Main:1#dfs:43,j=2
Variable Delete,method=Main:1#dfs:43 <name=xx,type=int (id=7),value=<?>,index=9>
Variable Delete,method=Main:1#dfs:43 <name=yy,type=int (id=7),value=<?>,index=10>
Variable Delete,method=Main:1#dfs:43 <name=flg,type=boolean (id=2),value=<?>,index=11>
Field Read,context=Main:1,vx
Variable Write,context=Main:1#dfs:43,xx=0
Field Read,context=Main:1,vy
Variable Write,context=Main:1#dfs:43,yy=2
Method Call,caller=Main:1#dfs:43,target=Main:1#isOK:406
Variable Write,context=Main:1#isOK:406,xx=0
Variable Write,context=Main:1#isOK:406,yy=2
Variable Write,context=Main:1#isOK:406,result=true
Method Exit,returner=Main:1#isOK:406,value=true
Variable Write,context=Main:1#dfs:43,flg=true
Field Read,context=Main:1,dx
Variable Write,context=Main:1#dfs:43,k=0
Field Read,context=Main:1,dx
Variable Write,context=Main:1#dfs:43,xxx=0
Field Read,context=Main:1,dy
Variable Write,context=Main:1#dfs:43,yyy=2
Field Read,context=Main:1,data
Variable Write,context=Main:1#dfs:43,flg=false
Variable Delete,method=Main:1#dfs:43 <name=k,type=int (id=7),value=<?>,index=12>
Variable Delete,method=Main:1#dfs:43 <name=xxx,type=int (id=7),value=<?>,index=13>
Variable Delete,method=Main:1#dfs:43 <name=yyy,type=int (id=7),value=<?>,index=14>
Variable Delete,method=Main:1#dfs:43 <name=xx,type=int (id=7),value=<?>,index=9>
Variable Delete,method=Main:1#dfs:43 <name=yy,type=int (id=7),value=<?>,index=10>
Variable Delete,method=Main:1#dfs:43 <name=flg,type=boolean (id=2),value=<?>,index=11>
Field Read,context=Main:1,vx
Variable Write,context=Main:1#dfs:43,i=1
Variable Delete,method=Main:1#dfs:43 <name=j,type=int (id=7),value=<?>,index=8>
Variable Write,context=Main:1#dfs:43,j=1
Field Read,context=Main:1,vx
Variable Write,context=Main:1#dfs:43,xx=0
Field Read,context=Main:1,vy
Variable Write,context=Main:1#dfs:43,yy=3
Method Call,caller=Main:1#dfs:43,target=Main:1#isOK:407
Variable Write,context=Main:1#isOK:407,xx=0
Variable Write,context=Main:1#isOK:407,yy=3
Variable Write,context=Main:1#isOK:407,result=false
Method Exit,returner=Main:1#isOK:407,value=false
Variable Write,context=Main:1#dfs:43,j=2
Variable Delete,method=Main:1#dfs:43 <name=xx,type=int (id=7),value=<?>,index=9>
Variable Delete,method=Main:1#dfs:43 <name=yy,type=int (id=7),value=<?>,index=10>
Field Read,context=Main:1,vx
Variable Write,context=Main:1#dfs:43,xx=0
Field Read,context=Main:1,vy
Variable Write,context=Main:1#dfs:43,yy=4
Method Call,caller=Main:1#dfs:43,target=Main:1#isOK:408
Variable Write,context=Main:1#isOK:408,xx=0
Variable Write,context=Main:1#isOK:408,yy=4
Variable Write,context=Main:1#isOK:408,result=false
Method Exit,returner=Main:1#isOK:408,value=false
Variable Delete,method=Main:1#dfs:43 <name=xx,type=int (id=7),value=<?>,index=9>
Variable Delete,method=Main:1#dfs:43 <name=yy,type=int (id=7),value=<?>,index=10>
Field Read,context=Main:1,vx
Variable Write,context=Main:1#dfs:43,i=2
Variable Delete,method=Main:1#dfs:43 <name=j,type=int (id=7),value=<?>,index=8>
Variable Write,context=Main:1#dfs:43,j=1
Field Read,context=Main:1,vx
Variable Write,context=Main:1#dfs:43,xx=1
Field Read,context=Main:1,vy
Variable Write,context=Main:1#dfs:43,yy=2
Method Call,caller=Main:1#dfs:43,target=Main:1#isOK:409
Variable Write,context=Main:1#isOK:409,xx=1
Variable Write,context=Main:1#isOK:409,yy=2
Variable Write,context=Main:1#isOK:409,result=true
Method Exit,returner=Main:1#isOK:409,value=true
Variable Write,context=Main:1#dfs:43,flg=true
Field Read,context=Main:1,dx
Variable Write,context=Main:1#dfs:43,k=0
Field Read,context=Main:1,dx
Variable Write,context=Main:1#dfs:43,xxx=1
Field Read,context=Main:1,dy
Variable Write,context=Main:1#dfs:43,yyy=2
Field Read,context=Main:1,data
Field Read,context=Main:1,dx
Variable Write,context=Main:1#dfs:43,k=1
Variable Delete,method=Main:1#dfs:43 <name=xxx,type=int (id=7),value=<?>,index=13>
Variable Delete,method=Main:1#dfs:43 <name=yyy,type=int (id=7),value=<?>,index=14>
Field Read,context=Main:1,dx
Variable Write,context=Main:1#dfs:43,xxx=1
Field Read,context=Main:1,dy
Variable Write,context=Main:1#dfs:43,yyy=3
Field Read,context=Main:1,data
Field Read,context=Main:1,dx
Variable Write,context=Main:1#dfs:43,k=2
Variable Delete,method=Main:1#dfs:43 <name=xxx,type=int (id=7),value=<?>,index=13>
Variable Delete,method=Main:1#dfs:43 <name=yyy,type=int (id=7),value=<?>,index=14>
Field Read,context=Main:1,dx
Variable Write,context=Main:1#dfs:43,xxx=2
Field Read,context=Main:1,dy
Variable Write,context=Main:1#dfs:43,yyy=2
Field Read,context=Main:1,data
Field Read,context=Main:1,dx
Variable Write,context=Main:1#dfs:43,k=3
Variable Delete,method=Main:1#dfs:43 <name=xxx,type=int (id=7),value=<?>,index=13>
Variable Delete,method=Main:1#dfs:43 <name=yyy,type=int (id=7),value=<?>,index=14>
Field Read,context=Main:1,dx
Variable Write,context=Main:1#dfs:43,xxx=2
Field Read,context=Main:1,dy
Variable Write,context=Main:1#dfs:43,yyy=3
Field Read,context=Main:1,data
Field Read,context=Main:1,dx
Variable Delete,method=Main:1#dfs:43 <name=xxx,type=int (id=7),value=<?>,index=13>
Variable Delete,method=Main:1#dfs:43 <name=yyy,type=int (id=7),value=<?>,index=14>
Variable Delete,method=Main:1#dfs:43 <name=k,type=int (id=7),value=<?>,index=12>
Variable Write,context=Main:1#dfs:43,nlt=3
Variable Write,context=Main:1#dfs:43,nlb=6
Variable Write,context=Main:1#dfs:43,nrt=0
Variable Write,context=Main:1#dfs:43,nrb=0
Variable Write,context=Main:1#dfs:43,j=2
Variable Delete,method=Main:1#dfs:43 <name=xx,type=int (id=7),value=<?>,index=9>
Variable Delete,method=Main:1#dfs:43 <name=yy,type=int (id=7),value=<?>,index=10>
Variable Delete,method=Main:1#dfs:43 <name=flg,type=boolean (id=2),value=<?>,index=11>
Variable Delete,method=Main:1#dfs:43 <name=nlt,type=int (id=7),value=<?>,index=15>
Variable Delete,method=Main:1#dfs:43 <name=nlb,type=int (id=7),value=<?>,index=16>
Variable Delete,method=Main:1#dfs:43 <name=nrt,type=int (id=7),value=<?>,index=17>
Variable Delete,method=Main:1#dfs:43 <name=nrb,type=int (id=7),value=<?>,index=18>
Field Read,context=Main:1,vx
Variable Write,context=Main:1#dfs:43,xx=2
Field Read,context=Main:1,vy
Variable Write,context=Main:1#dfs:43,yy=2
Method Call,caller=Main:1#dfs:43,target=Main:1#isOK:410
Variable Write,context=Main:1#isOK:410,xx=2
Variable Write,context=Main:1#isOK:410,yy=2
Variable Write,context=Main:1#isOK:410,result=true
Method Exit,returner=Main:1#isOK:410,value=true
Variable Write,context=Main:1#dfs:43,flg=true
Field Read,context=Main:1,dx
Variable Write,context=Main:1#dfs:43,k=0
Field Read,context=Main:1,dx
Variable Write,context=Main:1#dfs:43,xxx=2
Field Read,context=Main:1,dy
Variable Write,context=Main:1#dfs:43,yyy=2
Field Read,context=Main:1,data
Field Read,context=Main:1,dx
Variable Write,context=Main:1#dfs:43,k=1
Variable Delete,method=Main:1#dfs:43 <name=xxx,type=int (id=7),value=<?>,index=13>
Variable Delete,method=Main:1#dfs:43 <name=yyy,type=int (id=7),value=<?>,index=14>
Field Read,context=Main:1,dx
Variable Write,context=Main:1#dfs:43,xxx=2
Field Read,context=Main:1,dy
Variable Write,context=Main:1#dfs:43,yyy=3
Field Read,context=Main:1,data
Field Read,context=Main:1,dx
Variable Write,context=Main:1#dfs:43,k=2
Variable Delete,method=Main:1#dfs:43 <name=xxx,type=int (id=7),value=<?>,index=13>
Variable Delete,method=Main:1#dfs:43 <name=yyy,type=int (id=7),value=<?>,index=14>
Field Read,context=Main:1,dx
Variable Write,context=Main:1#dfs:43,xxx=3
Field Read,context=Main:1,dy
Variable Write,context=Main:1#dfs:43,yyy=2
Field Read,context=Main:1,data
Field Read,context=Main:1,dx
Variable Write,context=Main:1#dfs:43,k=3
Variable Delete,method=Main:1#dfs:43 <name=xxx,type=int (id=7),value=<?>,index=13>
Variable Delete,method=Main:1#dfs:43 <name=yyy,type=int (id=7),value=<?>,index=14>
Field Read,context=Main:1,dx
Variable Write,context=Main:1#dfs:43,xxx=3
Field Read,context=Main:1,dy
Variable Write,context=Main:1#dfs:43,yyy=3
Field Read,context=Main:1,data
Field Read,context=Main:1,dx
Variable Delete,method=Main:1#dfs:43 <name=xxx,type=int (id=7),value=<?>,index=13>
Variable Delete,method=Main:1#dfs:43 <name=yyy,type=int (id=7),value=<?>,index=14>
Variable Delete,method=Main:1#dfs:43 <name=k,type=int (id=7),value=<?>,index=12>
Variable Write,context=Main:1#dfs:43,nlt=3
Variable Write,context=Main:1#dfs:43,nlb=6
Variable Write,context=Main:1#dfs:43,nrt=0
Variable Write,context=Main:1#dfs:43,nrb=0
Variable Write,context=Main:1#dfs:43,nrb=7
Variable Delete,method=Main:1#dfs:43 <name=xx,type=int (id=7),value=<?>,index=9>
Variable Delete,method=Main:1#dfs:43 <name=yy,type=int (id=7),value=<?>,index=10>
Variable Delete,method=Main:1#dfs:43 <name=flg,type=boolean (id=2),value=<?>,index=11>
Variable Delete,method=Main:1#dfs:43 <name=nlt,type=int (id=7),value=<?>,index=15>
Variable Delete,method=Main:1#dfs:43 <name=nlb,type=int (id=7),value=<?>,index=16>
Variable Delete,method=Main:1#dfs:43 <name=nrt,type=int (id=7),value=<?>,index=17>
Variable Delete,method=Main:1#dfs:43 <name=nrb,type=int (id=7),value=<?>,index=18>
Field Read,context=Main:1,vx
Variable Write,context=Main:1#dfs:43,i=3
Variable Delete,method=Main:1#dfs:43 <name=j,type=int (id=7),value=<?>,index=8>
Variable Write,context=Main:1#dfs:43,j=1
Field Read,context=Main:1,vx
Variable Write,context=Main:1#dfs:43,xx=0
Field Read,context=Main:1,vy
Variable Write,context=Main:1#dfs:43,yy=1
Method Call,caller=Main:1#dfs:43,target=Main:1#isOK:411
Variable Write,context=Main:1#isOK:411,xx=0
Variable Write,context=Main:1#isOK:411,yy=1
Variable Write,context=Main:1#isOK:411,result=true
Method Exit,returner=Main:1#isOK:411,value=true
Variable Write,context=Main:1#dfs:43,flg=true
Field Read,context=Main:1,dx
Variable Write,context=Main:1#dfs:43,k=0
Field Read,context=Main:1,dx
Variable Write,context=Main:1#dfs:43,xxx=0
Field Read,context=Main:1,dy
Variable Write,context=Main:1#dfs:43,yyy=1
Field Read,context=Main:1,data
Field Read,context=Main:1,dx
Variable Write,context=Main:1#dfs:43,k=1
Variable Delete,method=Main:1#dfs:43 <name=xxx,type=int (id=7),value=<?>,index=13>
Variable Delete,method=Main:1#dfs:43 <name=yyy,type=int (id=7),value=<?>,index=14>
Field Read,context=Main:1,dx
Variable Write,context=Main:1#dfs:43,xxx=0
Field Read,context=Main:1,dy
Variable Write,context=Main:1#dfs:43,yyy=2
Field Read,context=Main:1,data
Variable Write,context=Main:1#dfs:43,flg=false
Variable Delete,method=Main:1#dfs:43 <name=k,type=int (id=7),value=<?>,index=12>
Variable Delete,method=Main:1#dfs:43 <name=xxx,type=int (id=7),value=<?>,index=13>
Variable Delete,method=Main:1#dfs:43 <name=yyy,type=int (id=7),value=<?>,index=14>
Variable Write,context=Main:1#dfs:43,j=2
Variable Delete,method=Main:1#dfs:43 <name=xx,type=int (id=7),value=<?>,index=9>
Variable Delete,method=Main:1#dfs:43 <name=yy,type=int (id=7),value=<?>,index=10>
Variable Delete,method=Main:1#dfs:43 <name=flg,type=boolean (id=2),value=<?>,index=11>
Field Read,context=Main:1,vx
Variable Write,context=Main:1#dfs:43,xx=0
Field Read,context=Main:1,vy
Variable Write,context=Main:1#dfs:43,yy=0
Method Call,caller=Main:1#dfs:43,target=Main:1#isOK:412
Variable Write,context=Main:1#isOK:412,xx=0
Variable Write,context=Main:1#isOK:412,yy=0
Variable Write,context=Main:1#isOK:412,result=true
Method Exit,returner=Main:1#isOK:412,value=true
Variable Write,context=Main:1#dfs:43,flg=true
Field Read,context=Main:1,dx
Variable Write,context=Main:1#dfs:43,k=0
Field Read,context=Main:1,dx
Variable Write,context=Main:1#dfs:43,xxx=0
Field Read,context=Main:1,dy
Variable Write,context=Main:1#dfs:43,yyy=0
Field Read,context=Main:1,data
Field Read,context=Main:1,dx
Variable Write,context=Main:1#dfs:43,k=1
Variable Delete,method=Main:1#dfs:43 <name=xxx,type=int (id=7),value=<?>,index=13>
Variable Delete,method=Main:1#dfs:43 <name=yyy,type=int (id=7),value=<?>,index=14>
Field Read,context=Main:1,dx
Variable Write,context=Main:1#dfs:43,xxx=0
Field Read,context=Main:1,dy
Variable Write,context=Main:1#dfs:43,yyy=1
Field Read,context=Main:1,data
Field Read,context=Main:1,dx
Variable Write,context=Main:1#dfs:43,k=2
Variable Delete,method=Main:1#dfs:43 <name=xxx,type=int (id=7),value=<?>,index=13>
Variable Delete,method=Main:1#dfs:43 <name=yyy,type=int (id=7),value=<?>,index=14>
Field Read,context=Main:1,dx
Variable Write,context=Main:1#dfs:43,xxx=1
Field Read,context=Main:1,dy
Variable Write,context=Main:1#dfs:43,yyy=0
Field Read,context=Main:1,data
Field Read,context=Main:1,dx
Variable Write,context=Main:1#dfs:43,k=3
Variable Delete,method=Main:1#dfs:43 <name=xxx,type=int (id=7),value=<?>,index=13>
Variable Delete,method=Main:1#dfs:43 <name=yyy,type=int (id=7),value=<?>,index=14>
Field Read,context=Main:1,dx
Variable Write,context=Main:1#dfs:43,xxx=1
Field Read,context=Main:1,dy
Variable Write,context=Main:1#dfs:43,yyy=1
Field Read,context=Main:1,data
Variable Write,context=Main:1#dfs:43,flg=false
Variable Delete,method=Main:1#dfs:43 <name=k,type=int (id=7),value=<?>,index=12>
Variable Delete,method=Main:1#dfs:43 <name=xxx,type=int (id=7),value=<?>,index=13>
Variable Delete,method=Main:1#dfs:43 <name=yyy,type=int (id=7),value=<?>,index=14>
Variable Delete,method=Main:1#dfs:43 <name=xx,type=int (id=7),value=<?>,index=9>
Variable Delete,method=Main:1#dfs:43 <name=yy,type=int (id=7),value=<?>,index=10>
Variable Delete,method=Main:1#dfs:43 <name=flg,type=boolean (id=2),value=<?>,index=11>
Field Read,context=Main:1,vx
Variable Write,context=Main:1#dfs:43,i=4
Variable Delete,method=Main:1#dfs:43 <name=j,type=int (id=7),value=<?>,index=8>
Variable Write,context=Main:1#dfs:43,j=1
Field Read,context=Main:1,vx
Variable Write,context=Main:1#dfs:43,xx=-1
Field Read,context=Main:1,vy
Variable Write,context=Main:1#dfs:43,yy=2
Method Call,caller=Main:1#dfs:43,target=Main:1#isOK:413
Variable Write,context=Main:1#isOK:413,xx=-1
Variable Write,context=Main:1#isOK:413,yy=2
Variable Write,context=Main:1#isOK:413,result=false
Method Exit,returner=Main:1#isOK:413,value=false
Variable Write,context=Main:1#dfs:43,j=2
Variable Delete,method=Main:1#dfs:43 <name=xx,type=int (id=7),value=<?>,index=9>
Variable Delete,method=Main:1#dfs:43 <name=yy,type=int (id=7),value=<?>,index=10>
Field Read,context=Main:1,vx
Variable Write,context=Main:1#dfs:43,xx=-2
Field Read,context=Main:1,vy
Variable Write,context=Main:1#dfs:43,yy=2
Method Call,caller=Main:1#dfs:43,target=Main:1#isOK:414
Variable Write,context=Main:1#isOK:414,xx=-2
Variable Write,context=Main:1#isOK:414,yy=2
Variable Write,context=Main:1#isOK:414,result=false
Method Exit,returner=Main:1#isOK:414,value=false
Variable Delete,method=Main:1#dfs:43 <name=xx,type=int (id=7),value=<?>,index=9>
Variable Delete,method=Main:1#dfs:43 <name=yy,type=int (id=7),value=<?>,index=10>
Field Read,context=Main:1,vx
Variable Delete,method=Main:1#dfs:43 <name=j,type=int (id=7),value=<?>,index=8>
Method Exit,returner=Main:1#dfs:43,value=<void>
Variable Write,context=Main:1#dfs:42,j=2
Variable Delete,method=Main:1#dfs:42 <name=xx,type=int (id=7),value=<?>,index=9>
Variable Delete,method=Main:1#dfs:42 <name=yy,type=int (id=7),value=<?>,index=10>
Variable Delete,method=Main:1#dfs:42 <name=flg,type=boolean (id=2),value=<?>,index=11>
Variable Delete,method=Main:1#dfs:42 <name=nlt,type=int (id=7),value=<?>,index=15>
Variable Delete,method=Main:1#dfs:42 <name=nlb,type=int (id=7),value=<?>,index=16>
Variable Delete,method=Main:1#dfs:42 <name=nrt,type=int (id=7),value=<?>,index=17>
Variable Delete,method=Main:1#dfs:42 <name=nrb,type=int (id=7),value=<?>,index=18>
Variable Delete,method=Main:1#dfs:42 <name=next,type=java.lang.String (id=25),value=<?>,index=19>
Field Read,context=Main:1,vx
Variable Write,context=Main:1#dfs:42,xx=-1
Field Read,context=Main:1,vy
Variable Write,context=Main:1#dfs:42,yy=2
Method Call,caller=Main:1#dfs:42,target=Main:1#isOK:415
Variable Write,context=Main:1#isOK:415,xx=-1
Variable Write,context=Main:1#isOK:415,yy=2
Variable Write,context=Main:1#isOK:415,result=false
Method Exit,returner=Main:1#isOK:415,value=false
Variable Delete,method=Main:1#dfs:42 <name=xx,type=int (id=7),value=<?>,index=9>
Variable Delete,method=Main:1#dfs:42 <name=yy,type=int (id=7),value=<?>,index=10>
Field Read,context=Main:1,vx
Variable Delete,method=Main:1#dfs:42 <name=j,type=int (id=7),value=<?>,index=8>
Method Exit,returner=Main:1#dfs:42,value=<void>
Variable Delete,method=Main:1#dfs:35 <name=xx,type=int (id=7),value=<?>,index=9>
Variable Delete,method=Main:1#dfs:35 <name=yy,type=int (id=7),value=<?>,index=10>
Variable Delete,method=Main:1#dfs:35 <name=flg,type=boolean (id=2),value=<?>,index=11>
Variable Delete,method=Main:1#dfs:35 <name=nlt,type=int (id=7),value=<?>,index=15>
Variable Delete,method=Main:1#dfs:35 <name=nlb,type=int (id=7),value=<?>,index=16>
Variable Delete,method=Main:1#dfs:35 <name=nrt,type=int (id=7),value=<?>,index=17>
Variable Delete,method=Main:1#dfs:35 <name=nrb,type=int (id=7),value=<?>,index=18>
Variable Delete,method=Main:1#dfs:35 <name=next,type=java.lang.String (id=25),value=<?>,index=19>
Field Read,context=Main:1,vx
Variable Write,context=Main:1#dfs:35,i=2
Variable Delete,method=Main:1#dfs:35 <name=j,type=int (id=7),value=<?>,index=8>
Variable Write,context=Main:1#dfs:35,j=1
Field Read,context=Main:1,vx
Variable Write,context=Main:1#dfs:35,xx=2
Field Read,context=Main:1,vy
Variable Write,context=Main:1#dfs:35,yy=0
Method Call,caller=Main:1#dfs:35,target=Main:1#isOK:416
Variable Write,context=Main:1#isOK:416,xx=2
Variable Write,context=Main:1#isOK:416,yy=0
Variable Write,context=Main:1#isOK:416,result=true
Method Exit,returner=Main:1#isOK:416,value=true
Variable Write,context=Main:1#dfs:35,flg=true
Field Read,context=Main:1,dx
Variable Write,context=Main:1#dfs:35,k=0
Field Read,context=Main:1,dx
Variable Write,context=Main:1#dfs:35,xxx=2
Field Read,context=Main:1,dy
Variable Write,context=Main:1#dfs:35,yyy=0
Field Read,context=Main:1,data
Field Read,context=Main:1,dx
Variable Write,context=Main:1#dfs:35,k=1
Variable Delete,method=Main:1#dfs:35 <name=xxx,type=int (id=7),value=<?>,index=13>
Variable Delete,method=Main:1#dfs:35 <name=yyy,type=int (id=7),value=<?>,index=14>
Field Read,context=Main:1,dx
Variable Write,context=Main:1#dfs:35,xxx=2
Field Read,context=Main:1,dy
Variable Write,context=Main:1#dfs:35,yyy=1
Field Read,context=Main:1,data
Field Read,context=Main:1,dx
Variable Write,context=Main:1#dfs:35,k=2
Variable Delete,method=Main:1#dfs:35 <name=xxx,type=int (id=7),value=<?>,index=13>
Variable Delete,method=Main:1#dfs:35 <name=yyy,type=int (id=7),value=<?>,index=14>
Field Read,context=Main:1,dx
Variable Write,context=Main:1#dfs:35,xxx=3
Field Read,context=Main:1,dy
Variable Write,context=Main:1#dfs:35,yyy=0
Field Read,context=Main:1,data
Variable Write,context=Main:1#dfs:35,flg=false
Variable Delete,method=Main:1#dfs:35 <name=k,type=int (id=7),value=<?>,index=12>
Variable Delete,method=Main:1#dfs:35 <name=xxx,type=int (id=7),value=<?>,index=13>
Variable Delete,method=Main:1#dfs:35 <name=yyy,type=int (id=7),value=<?>,index=14>
Variable Write,context=Main:1#dfs:35,j=2
Variable Delete,method=Main:1#dfs:35 <name=xx,type=int (id=7),value=<?>,index=9>
Variable Delete,method=Main:1#dfs:35 <name=yy,type=int (id=7),value=<?>,index=10>
Variable Delete,method=Main:1#dfs:35 <name=flg,type=boolean (id=2),value=<?>,index=11>
Field Read,context=Main:1,vx
Variable Write,context=Main:1#dfs:35,xx=3
Field Read,context=Main:1,vy
Variable Write,context=Main:1#dfs:35,yy=0
Method Call,caller=Main:1#dfs:35,target=Main:1#isOK:417
Variable Write,context=Main:1#isOK:417,xx=3
Variable Write,context=Main:1#isOK:417,yy=0
Variable Write,context=Main:1#isOK:417,result=false
Method Exit,returner=Main:1#isOK:417,value=false
Variable Delete,method=Main:1#dfs:35 <name=xx,type=int (id=7),value=<?>,index=9>
Variable Delete,method=Main:1#dfs:35 <name=yy,type=int (id=7),value=<?>,index=10>
Field Read,context=Main:1,vx
Variable Write,context=Main:1#dfs:35,i=3
Variable Delete,method=Main:1#dfs:35 <name=j,type=int (id=7),value=<?>,index=8>
Variable Write,context=Main:1#dfs:35,j=1
Field Read,context=Main:1,vx
Variable Write,context=Main:1#dfs:35,xx=1
Field Read,context=Main:1,vy
Variable Write,context=Main:1#dfs:35,yy=-1
Method Call,caller=Main:1#dfs:35,target=Main:1#isOK:418
Variable Write,context=Main:1#isOK:418,xx=1
Variable Write,context=Main:1#isOK:418,yy=-1
Variable Write,context=Main:1#isOK:418,result=false
Method Exit,returner=Main:1#isOK:418,value=false
Variable Write,context=Main:1#dfs:35,j=2
Variable Delete,method=Main:1#dfs:35 <name=xx,type=int (id=7),value=<?>,index=9>
Variable Delete,method=Main:1#dfs:35 <name=yy,type=int (id=7),value=<?>,index=10>
Field Read,context=Main:1,vx
Variable Write,context=Main:1#dfs:35,xx=1
Field Read,context=Main:1,vy
Variable Write,context=Main:1#dfs:35,yy=-2
Method Call,caller=Main:1#dfs:35,target=Main:1#isOK:419
Variable Write,context=Main:1#isOK:419,xx=1
Variable Write,context=Main:1#isOK:419,yy=-2
Variable Write,context=Main:1#isOK:419,result=false
Method Exit,returner=Main:1#isOK:419,value=false
Variable Delete,method=Main:1#dfs:35 <name=xx,type=int (id=7),value=<?>,index=9>
Variable Delete,method=Main:1#dfs:35 <name=yy,type=int (id=7),value=<?>,index=10>
Field Read,context=Main:1,vx
Variable Write,context=Main:1#dfs:35,i=4
Variable Delete,method=Main:1#dfs:35 <name=j,type=int (id=7),value=<?>,index=8>
Variable Write,context=Main:1#dfs:35,j=1
Field Read,context=Main:1,vx
Variable Write,context=Main:1#dfs:35,xx=0
Field Read,context=Main:1,vy
Variable Write,context=Main:1#dfs:35,yy=0
Method Call,caller=Main:1#dfs:35,target=Main:1#isOK:420
Variable Write,context=Main:1#isOK:420,xx=0
Variable Write,context=Main:1#isOK:420,yy=0
Variable Write,context=Main:1#isOK:420,result=true
Method Exit,returner=Main:1#isOK:420,value=true
Variable Write,context=Main:1#dfs:35,flg=true
Field Read,context=Main:1,dx
Variable Write,context=Main:1#dfs:35,k=0
Field Read,context=Main:1,dx
Variable Write,context=Main:1#dfs:35,xxx=0
Field Read,context=Main:1,dy
Variable Write,context=Main:1#dfs:35,yyy=0
Field Read,context=Main:1,data
Field Read,context=Main:1,dx
Variable Write,context=Main:1#dfs:35,k=1
Variable Delete,method=Main:1#dfs:35 <name=xxx,type=int (id=7),value=<?>,index=13>
Variable Delete,method=Main:1#dfs:35 <name=yyy,type=int (id=7),value=<?>,index=14>
Field Read,context=Main:1,dx
Variable Write,context=Main:1#dfs:35,xxx=0
Field Read,context=Main:1,dy
Variable Write,context=Main:1#dfs:35,yyy=1
Field Read,context=Main:1,data
Field Read,context=Main:1,dx
Variable Write,context=Main:1#dfs:35,k=2
Variable Delete,method=Main:1#dfs:35 <name=xxx,type=int (id=7),value=<?>,index=13>
Variable Delete,method=Main:1#dfs:35 <name=yyy,type=int (id=7),value=<?>,index=14>
Field Read,context=Main:1,dx
Variable Write,context=Main:1#dfs:35,xxx=1
Field Read,context=Main:1,dy
Variable Write,context=Main:1#dfs:35,yyy=0
Field Read,context=Main:1,data
Variable Write,context=Main:1#dfs:35,flg=false
Variable Delete,method=Main:1#dfs:35 <name=k,type=int (id=7),value=<?>,index=12>
Variable Delete,method=Main:1#dfs:35 <name=xxx,type=int (id=7),value=<?>,index=13>
Variable Delete,method=Main:1#dfs:35 <name=yyy,type=int (id=7),value=<?>,index=14>
Variable Write,context=Main:1#dfs:35,j=2
Variable Delete,method=Main:1#dfs:35 <name=xx,type=int (id=7),value=<?>,index=9>
Variable Delete,method=Main:1#dfs:35 <name=yy,type=int (id=7),value=<?>,index=10>
Variable Delete,method=Main:1#dfs:35 <name=flg,type=boolean (id=2),value=<?>,index=11>
Field Read,context=Main:1,vx
Variable Write,context=Main:1#dfs:35,xx=-1
Field Read,context=Main:1,vy
Variable Write,context=Main:1#dfs:35,yy=0
Method Call,caller=Main:1#dfs:35,target=Main:1#isOK:421
Variable Write,context=Main:1#isOK:421,xx=-1
Variable Write,context=Main:1#isOK:421,yy=0
Variable Write,context=Main:1#isOK:421,result=false
Method Exit,returner=Main:1#isOK:421,value=false
Variable Delete,method=Main:1#dfs:35 <name=xx,type=int (id=7),value=<?>,index=9>
Variable Delete,method=Main:1#dfs:35 <name=yy,type=int (id=7),value=<?>,index=10>
Field Read,context=Main:1,vx
Variable Delete,method=Main:1#dfs:35 <name=j,type=int (id=7),value=<?>,index=8>
Method Exit,returner=Main:1#dfs:35,value=<void>
Variable Write,context=Main:1#dfs:34,j=2
Variable Delete,method=Main:1#dfs:34 <name=xx,type=int (id=7),value=2,index=9>
Variable Delete,method=Main:1#dfs:34 <name=yy,type=int (id=7),value=0,index=10>
Variable Delete,method=Main:1#dfs:34 <name=flg,type=boolean (id=2),value=true,index=11>
Variable Delete,method=Main:1#dfs:34 <name=nlt,type=int (id=7),value=6,index=15>
Variable Delete,method=Main:1#dfs:34 <name=nlb,type=int (id=7),value=3,index=16>
Variable Delete,method=Main:1#dfs:34 <name=nrt,type=int (id=7),value=7,index=17>
Variable Delete,method=Main:1#dfs:34 <name=nrb,type=int (id=7),value=3,index=18>
Variable Delete,method=Main:1#dfs:34 <name=next,type=java.lang.String (id=25),value=4 206373,index=19>
Field Read,context=Main:1,vx
Variable Write,context=Main:1#dfs:34,xx=2
Field Read,context=Main:1,vy
Variable Write,context=Main:1#dfs:34,yy=0
Method Call,caller=Main:1#dfs:34,target=Main:1#isOK:422
Variable Write,context=Main:1#isOK:422,xx=2
Variable Write,context=Main:1#isOK:422,yy=0
Variable Write,context=Main:1#isOK:422,result=true
Method Exit,returner=Main:1#isOK:422,value=true
Variable Write,context=Main:1#dfs:34,flg=true
Field Read,context=Main:1,dx
Variable Write,context=Main:1#dfs:34,k=0
Field Read,context=Main:1,dx
Variable Write,context=Main:1#dfs:34,xxx=2
Field Read,context=Main:1,dy
Variable Write,context=Main:1#dfs:34,yyy=0
Field Read,context=Main:1,data
Field Read,context=Main:1,dx
Variable Write,context=Main:1#dfs:34,k=1
Variable Delete,method=Main:1#dfs:34 <name=xxx,type=int (id=7),value=<?>,index=13>
Variable Delete,method=Main:1#dfs:34 <name=yyy,type=int (id=7),value=<?>,index=14>
Field Read,context=Main:1,dx
Variable Write,context=Main:1#dfs:34,xxx=2
Field Read,context=Main:1,dy
Variable Write,context=Main:1#dfs:34,yyy=1
Field Read,context=Main:1,data
Field Read,context=Main:1,dx
Variable Write,context=Main:1#dfs:34,k=2
Variable Delete,method=Main:1#dfs:34 <name=xxx,type=int (id=7),value=<?>,index=13>
Variable Delete,method=Main:1#dfs:34 <name=yyy,type=int (id=7),value=<?>,index=14>
Field Read,context=Main:1,dx
Variable Write,context=Main:1#dfs:34,xxx=3
Field Read,context=Main:1,dy
Variable Write,context=Main:1#dfs:34,yyy=0
Field Read,context=Main:1,data
Field Read,context=Main:1,dx
Variable Write,context=Main:1#dfs:34,k=3
Variable Delete,method=Main:1#dfs:34 <name=xxx,type=int (id=7),value=<?>,index=13>
Variable Delete,method=Main:1#dfs:34 <name=yyy,type=int (id=7),value=<?>,index=14>
Field Read,context=Main:1,dx
Variable Write,context=Main:1#dfs:34,xxx=3
Field Read,context=Main:1,dy
Variable Write,context=Main:1#dfs:34,yyy=1
Field Read,context=Main:1,data
Field Read,context=Main:1,dx
Variable Delete,method=Main:1#dfs:34 <name=xxx,type=int (id=7),value=<?>,index=13>
Variable Delete,method=Main:1#dfs:34 <name=yyy,type=int (id=7),value=<?>,index=14>
Variable Delete,method=Main:1#dfs:34 <name=k,type=int (id=7),value=<?>,index=12>
Variable Write,context=Main:1#dfs:34,nlt=6
Variable Write,context=Main:1#dfs:34,nlb=3
Variable Write,context=Main:1#dfs:34,nrt=3
Variable Write,context=Main:1#dfs:34,nrb=3
Variable Write,context=Main:1#dfs:34,nrt=7
Variable Write,context=Main:1#dfs:34,next=4 206373
Field Read,context=Main:1,close
Field Read,context=Main:1,close
Method Call,caller=Main:1#dfs:34,target=Main:1#dfs:44
Variable Write,context=Main:1#dfs:44,lt=6
Variable Write,context=Main:1#dfs:44,lb=3
Variable Write,context=Main:1#dfs:44,rt=7
Variable Write,context=Main:1#dfs:44,rb=3
Variable Write,context=Main:1#dfs:44,deep=4
Variable Write,context=Main:1#dfs:44,x=2
Variable Write,context=Main:1#dfs:44,y=0
Field Read,context=Main:1,n
Field Read,context=Main:1,vx
Variable Write,context=Main:1#dfs:44,i=0
Variable Write,context=Main:1#dfs:44,j=1
Field Read,context=Main:1,vx
Variable Write,context=Main:1#dfs:44,xx=2
Field Read,context=Main:1,vy
Variable Write,context=Main:1#dfs:44,yy=0
Method Call,caller=Main:1#dfs:44,target=Main:1#isOK:423
Variable Write,context=Main:1#isOK:423,xx=2
Variable Write,context=Main:1#isOK:423,yy=0
Variable Write,context=Main:1#isOK:423,result=true
Method Exit,returner=Main:1#isOK:423,value=true
Variable Write,context=Main:1#dfs:44,flg=true
Field Read,context=Main:1,dx
Variable Write,context=Main:1#dfs:44,k=0
Field Read,context=Main:1,dx
Variable Write,context=Main:1#dfs:44,xxx=2
Field Read,context=Main:1,dy
Variable Write,context=Main:1#dfs:44,yyy=0
Field Read,context=Main:1,data
Field Read,context=Main:1,dx
Variable Write,context=Main:1#dfs:44,k=1
Variable Delete,method=Main:1#dfs:44 <name=xxx,type=int (id=7),value=<?>,index=13>
Variable Delete,method=Main:1#dfs:44 <name=yyy,type=int (id=7),value=<?>,index=14>
Field Read,context=Main:1,dx
Variable Write,context=Main:1#dfs:44,xxx=2
Field Read,context=Main:1,dy
Variable Write,context=Main:1#dfs:44,yyy=1
Field Read,context=Main:1,data
Field Read,context=Main:1,dx
Variable Write,context=Main:1#dfs:44,k=2
Variable Delete,method=Main:1#dfs:44 <name=xxx,type=int (id=7),value=<?>,index=13>
Variable Delete,method=Main:1#dfs:44 <name=yyy,type=int (id=7),value=<?>,index=14>
Field Read,context=Main:1,dx
Variable Write,context=Main:1#dfs:44,xxx=3
Field Read,context=Main:1,dy
Variable Write,context=Main:1#dfs:44,yyy=0
Field Read,context=Main:1,data
Variable Write,context=Main:1#dfs:44,flg=false
Variable Delete,method=Main:1#dfs:44 <name=k,type=int (id=7),value=<?>,index=12>
Variable Delete,method=Main:1#dfs:44 <name=xxx,type=int (id=7),value=<?>,index=13>
Variable Delete,method=Main:1#dfs:44 <name=yyy,type=int (id=7),value=<?>,index=14>
Variable Write,context=Main:1#dfs:44,j=2
Variable Delete,method=Main:1#dfs:44 <name=xx,type=int (id=7),value=2,index=9>
Variable Delete,method=Main:1#dfs:44 <name=yy,type=int (id=7),value=2,index=10>
Variable Delete,method=Main:1#dfs:44 <name=flg,type=boolean (id=2),value=true,index=11>
Field Read,context=Main:1,vx
Variable Write,context=Main:1#dfs:44,xx=2
Field Read,context=Main:1,vy
Variable Write,context=Main:1#dfs:44,yy=0
Method Call,caller=Main:1#dfs:44,target=Main:1#isOK:424
Variable Write,context=Main:1#isOK:424,xx=2
Variable Write,context=Main:1#isOK:424,yy=0
Variable Write,context=Main:1#isOK:424,result=true
Method Exit,returner=Main:1#isOK:424,value=true
Variable Write,context=Main:1#dfs:44,flg=true
Field Read,context=Main:1,dx
Variable Write,context=Main:1#dfs:44,k=0
Field Read,context=Main:1,dx
Variable Write,context=Main:1#dfs:44,xxx=2
Field Read,context=Main:1,dy
Variable Write,context=Main:1#dfs:44,yyy=0
Field Read,context=Main:1,data
Field Read,context=Main:1,dx
Variable Write,context=Main:1#dfs:44,k=1
Variable Delete,method=Main:1#dfs:44 <name=xxx,type=int (id=7),value=<?>,index=13>
Variable Delete,method=Main:1#dfs:44 <name=yyy,type=int (id=7),value=<?>,index=14>
Field Read,context=Main:1,dx
Variable Write,context=Main:1#dfs:44,xxx=2
Field Read,context=Main:1,dy
Variable Write,context=Main:1#dfs:44,yyy=1
Field Read,context=Main:1,data
Field Read,context=Main:1,dx
Variable Write,context=Main:1#dfs:44,k=2
Variable Delete,method=Main:1#dfs:44 <name=xxx,type=int (id=7),value=<?>,index=13>
Variable Delete,method=Main:1#dfs:44 <name=yyy,type=int (id=7),value=<?>,index=14>
Field Read,context=Main:1,dx
Variable Write,context=Main:1#dfs:44,xxx=3
Field Read,context=Main:1,dy
Variable Write,context=Main:1#dfs:44,yyy=0
Field Read,context=Main:1,data
Variable Write,context=Main:1#dfs:44,flg=false
Variable Delete,method=Main:1#dfs:44 <name=k,type=int (id=7),value=<?>,index=12>
Variable Delete,method=Main:1#dfs:44 <name=xxx,type=int (id=7),value=<?>,index=13>
Variable Delete,method=Main:1#dfs:44 <name=yyy,type=int (id=7),value=<?>,index=14>
Variable Delete,method=Main:1#dfs:44 <name=xx,type=int (id=7),value=2,index=9>
Variable Delete,method=Main:1#dfs:44 <name=yy,type=int (id=7),value=2,index=10>
Variable Delete,method=Main:1#dfs:44 <name=flg,type=boolean (id=2),value=true,index=11>
Field Read,context=Main:1,vx
Variable Write,context=Main:1#dfs:44,i=1
Variable Delete,method=Main:1#dfs:44 <name=j,type=int (id=7),value=2,index=8>
Variable Write,context=Main:1#dfs:44,j=1
Field Read,context=Main:1,vx
Variable Write,context=Main:1#dfs:44,xx=2
Field Read,context=Main:1,vy
Variable Write,context=Main:1#dfs:44,yy=1
Method Call,caller=Main:1#dfs:44,target=Main:1#isOK:425
Variable Write,context=Main:1#isOK:425,xx=2
Variable Write,context=Main:1#isOK:425,yy=1
Variable Write,context=Main:1#isOK:425,result=true
Method Exit,returner=Main:1#isOK:425,value=true
Variable Write,context=Main:1#dfs:44,flg=true
Field Read,context=Main:1,dx
Variable Write,context=Main:1#dfs:44,k=0
Field Read,context=Main:1,dx
Variable Write,context=Main:1#dfs:44,xxx=2
Field Read,context=Main:1,dy
Variable Write,context=Main:1#dfs:44,yyy=1
Field Read,context=Main:1,data
Field Read,context=Main:1,dx
Variable Write,context=Main:1#dfs:44,k=1
Variable Delete,method=Main:1#dfs:44 <name=xxx,type=int (id=7),value=<?>,index=13>
Variable Delete,method=Main:1#dfs:44 <name=yyy,type=int (id=7),value=<?>,index=14>
Field Read,context=Main:1,dx
Variable Write,context=Main:1#dfs:44,xxx=2
Field Read,context=Main:1,dy
Variable Write,context=Main:1#dfs:44,yyy=2
Field Read,context=Main:1,data
Field Read,context=Main:1,dx
Variable Write,context=Main:1#dfs:44,k=2
Variable Delete,method=Main:1#dfs:44 <name=xxx,type=int (id=7),value=<?>,index=13>
Variable Delete,method=Main:1#dfs:44 <name=yyy,type=int (id=7),value=<?>,index=14>
Field Read,context=Main:1,dx
Variable Write,context=Main:1#dfs:44,xxx=3
Field Read,context=Main:1,dy
Variable Write,context=Main:1#dfs:44,yyy=1
Field Read,context=Main:1,data
Field Read,context=Main:1,dx
Variable Write,context=Main:1#dfs:44,k=3
Variable Delete,method=Main:1#dfs:44 <name=xxx,type=int (id=7),value=<?>,index=13>
Variable Delete,method=Main:1#dfs:44 <name=yyy,type=int (id=7),value=<?>,index=14>
Field Read,context=Main:1,dx
Variable Write,context=Main:1#dfs:44,xxx=3
Field Read,context=Main:1,dy
Variable Write,context=Main:1#dfs:44,yyy=2
Field Read,context=Main:1,data
Field Read,context=Main:1,dx
Variable Delete,method=Main:1#dfs:44 <name=xxx,type=int (id=7),value=<?>,index=13>
Variable Delete,method=Main:1#dfs:44 <name=yyy,type=int (id=7),value=<?>,index=14>
Variable Delete,method=Main:1#dfs:44 <name=k,type=int (id=7),value=<?>,index=12>
Variable Write,context=Main:1#dfs:44,nlt=5
Variable Write,context=Main:1#dfs:44,nlb=2
Variable Write,context=Main:1#dfs:44,nrt=6
Variable Write,context=Main:1#dfs:44,nrb=2
Variable Write,context=Main:1#dfs:44,next=5 215262
Field Read,context=Main:1,close
Field Read,context=Main:1,close
Method Call,caller=Main:1#dfs:44,target=Main:1#dfs:45
Variable Write,context=Main:1#dfs:45,lt=5
Variable Write,context=Main:1#dfs:45,lb=2
Variable Write,context=Main:1#dfs:45,rt=6
Variable Write,context=Main:1#dfs:45,rb=2
Variable Write,context=Main:1#dfs:45,deep=5
Variable Write,context=Main:1#dfs:45,x=2
Variable Write,context=Main:1#dfs:45,y=1
Field Read,context=Main:1,n
Field Read,context=Main:1,vx
Variable Write,context=Main:1#dfs:45,i=0
Variable Write,context=Main:1#dfs:45,j=1
Field Read,context=Main:1,vx
Variable Write,context=Main:1#dfs:45,xx=2
Field Read,context=Main:1,vy
Variable Write,context=Main:1#dfs:45,yy=1
Method Call,caller=Main:1#dfs:45,target=Main:1#isOK:426
Variable Write,context=Main:1#isOK:426,xx=2
Variable Write,context=Main:1#isOK:426,yy=1
Variable Write,context=Main:1#isOK:426,result=true
Method Exit,returner=Main:1#isOK:426,value=true
Variable Write,context=Main:1#dfs:45,flg=true
Field Read,context=Main:1,dx
Variable Write,context=Main:1#dfs:45,k=0
Field Read,context=Main:1,dx
Variable Write,context=Main:1#dfs:45,xxx=2
Field Read,context=Main:1,dy
Variable Write,context=Main:1#dfs:45,yyy=1
Field Read,context=Main:1,data
Field Read,context=Main:1,dx
Variable Write,context=Main:1#dfs:45,k=1
Variable Delete,method=Main:1#dfs:45 <name=xxx,type=int (id=7),value=<?>,index=13>
Variable Delete,method=Main:1#dfs:45 <name=yyy,type=int (id=7),value=<?>,index=14>
Field Read,context=Main:1,dx
Variable Write,context=Main:1#dfs:45,xxx=2
Field Read,context=Main:1,dy
Variable Write,context=Main:1#dfs:45,yyy=2
Field Read,context=Main:1,data
Field Read,context=Main:1,dx
Variable Write,context=Main:1#dfs:45,k=2
Variable Delete,method=Main:1#dfs:45 <name=xxx,type=int (id=7),value=<?>,index=13>
Variable Delete,method=Main:1#dfs:45 <name=yyy,type=int (id=7),value=<?>,index=14>
Field Read,context=Main:1,dx
Variable Write,context=Main:1#dfs:45,xxx=3
Field Read,context=Main:1,dy
Variable Write,context=Main:1#dfs:45,yyy=1
Field Read,context=Main:1,data
Field Read,context=Main:1,dx
Variable Write,context=Main:1#dfs:45,k=3
Variable Delete,method=Main:1#dfs:45 <name=xxx,type=int (id=7),value=<?>,index=13>
Variable Delete,method=Main:1#dfs:45 <name=yyy,type=int (id=7),value=<?>,index=14>
Field Read,context=Main:1,dx
Variable Write,context=Main:1#dfs:45,xxx=3
Field Read,context=Main:1,dy
Variable Write,context=Main:1#dfs:45,yyy=2
Field Read,context=Main:1,data
Field Read,context=Main:1,dx
Variable Delete,method=Main:1#dfs:45 <name=xxx,type=int (id=7),value=<?>,index=13>
Variable Delete,method=Main:1#dfs:45 <name=yyy,type=int (id=7),value=<?>,index=14>
Variable Delete,method=Main:1#dfs:45 <name=k,type=int (id=7),value=<?>,index=12>
Variable Write,context=Main:1#dfs:45,nlt=4
Variable Write,context=Main:1#dfs:45,nlb=1
Variable Write,context=Main:1#dfs:45,nrt=5
Variable Write,context=Main:1#dfs:45,nrb=1
Variable Write,context=Main:1#dfs:45,next=6 214151
Field Read,context=Main:1,close
Field Read,context=Main:1,close
Method Call,caller=Main:1#dfs:45,target=Main:1#dfs:46
Variable Write,context=Main:1#dfs:46,lt=4
Variable Write,context=Main:1#dfs:46,lb=1
Variable Write,context=Main:1#dfs:46,rt=5
Variable Write,context=Main:1#dfs:46,rb=1
Variable Write,context=Main:1#dfs:46,deep=6
Variable Write,context=Main:1#dfs:46,x=2
Variable Write,context=Main:1#dfs:46,y=1
Field Read,context=Main:1,n
Field Read,context=Main:1,vx
Variable Write,context=Main:1#dfs:46,i=0
Variable Write,context=Main:1#dfs:46,j=1
Field Read,context=Main:1,vx
Variable Write,context=Main:1#dfs:46,xx=2
Field Read,context=Main:1,vy
Variable Write,context=Main:1#dfs:46,yy=1
Method Call,caller=Main:1#dfs:46,target=Main:1#isOK:427
Variable Write,context=Main:1#isOK:427,xx=2
Variable Write,context=Main:1#isOK:427,yy=1
Variable Write,context=Main:1#isOK:427,result=true
Method Exit,returner=Main:1#isOK:427,value=true
Variable Write,context=Main:1#dfs:46,flg=true
Field Read,context=Main:1,dx
Variable Write,context=Main:1#dfs:46,k=0
Field Read,context=Main:1,dx
Variable Write,context=Main:1#dfs:46,xxx=2
Field Read,context=Main:1,dy
Variable Write,context=Main:1#dfs:46,yyy=1
Field Read,context=Main:1,data
Field Read,context=Main:1,dx
Variable Write,context=Main:1#dfs:46,k=1
Variable Delete,method=Main:1#dfs:46 <name=xxx,type=int (id=7),value=<?>,index=13>
Variable Delete,method=Main:1#dfs:46 <name=yyy,type=int (id=7),value=<?>,index=14>
Field Read,context=Main:1,dx
Variable Write,context=Main:1#dfs:46,xxx=2
Field Read,context=Main:1,dy
Variable Write,context=Main:1#dfs:46,yyy=2
Field Read,context=Main:1,data
Field Read,context=Main:1,dx
Variable Write,context=Main:1#dfs:46,k=2
Variable Delete,method=Main:1#dfs:46 <name=xxx,type=int (id=7),value=<?>,index=13>
Variable Delete,method=Main:1#dfs:46 <name=yyy,type=int (id=7),value=<?>,index=14>
Field Read,context=Main:1,dx
Variable Write,context=Main:1#dfs:46,xxx=3
Field Read,context=Main:1,dy
Variable Write,context=Main:1#dfs:46,yyy=1
Field Read,context=Main:1,data
Field Read,context=Main:1,dx
Variable Write,context=Main:1#dfs:46,k=3
Variable Delete,method=Main:1#dfs:46 <name=xxx,type=int (id=7),value=<?>,index=13>
Variable Delete,method=Main:1#dfs:46 <name=yyy,type=int (id=7),value=<?>,index=14>
Field Read,context=Main:1,dx
Variable Write,context=Main:1#dfs:46,xxx=3
Field Read,context=Main:1,dy
Variable Write,context=Main:1#dfs:46,yyy=2
Field Read,context=Main:1,data
Field Read,context=Main:1,dx
Variable Delete,method=Main:1#dfs:46 <name=xxx,type=int (id=7),value=<?>,index=13>
Variable Delete,method=Main:1#dfs:46 <name=yyy,type=int (id=7),value=<?>,index=14>
Variable Delete,method=Main:1#dfs:46 <name=k,type=int (id=7),value=<?>,index=12>
Variable Write,context=Main:1#dfs:46,nlt=3
Variable Write,context=Main:1#dfs:46,nlb=0
Variable Write,context=Main:1#dfs:46,nrt=4
Variable Write,context=Main:1#dfs:46,nrb=0
Variable Write,context=Main:1#dfs:46,j=2
Variable Delete,method=Main:1#dfs:46 <name=xx,type=int (id=7),value=<?>,index=9>
Variable Delete,method=Main:1#dfs:46 <name=yy,type=int (id=7),value=<?>,index=10>
Variable Delete,method=Main:1#dfs:46 <name=flg,type=boolean (id=2),value=<?>,index=11>
Variable Delete,method=Main:1#dfs:46 <name=nlt,type=int (id=7),value=<?>,index=15>
Variable Delete,method=Main:1#dfs:46 <name=nlb,type=int (id=7),value=<?>,index=16>
Variable Delete,method=Main:1#dfs:46 <name=nrt,type=int (id=7),value=<?>,index=17>
Variable Delete,method=Main:1#dfs:46 <name=nrb,type=int (id=7),value=<?>,index=18>
Field Read,context=Main:1,vx
Variable Write,context=Main:1#dfs:46,xx=2
Field Read,context=Main:1,vy
Variable Write,context=Main:1#dfs:46,yy=1
Method Call,caller=Main:1#dfs:46,target=Main:1#isOK:428
Variable Write,context=Main:1#isOK:428,xx=2
Variable Write,context=Main:1#isOK:428,yy=1
Variable Write,context=Main:1#isOK:428,result=true
Method Exit,returner=Main:1#isOK:428,value=true
Variable Write,context=Main:1#dfs:46,flg=true
Field Read,context=Main:1,dx
Variable Write,context=Main:1#dfs:46,k=0
Field Read,context=Main:1,dx
Variable Write,context=Main:1#dfs:46,xxx=2
Field Read,context=Main:1,dy
Variable Write,context=Main:1#dfs:46,yyy=1
Field Read,context=Main:1,data
Field Read,context=Main:1,dx
Variable Write,context=Main:1#dfs:46,k=1
Variable Delete,method=Main:1#dfs:46 <name=xxx,type=int (id=7),value=<?>,index=13>
Variable Delete,method=Main:1#dfs:46 <name=yyy,type=int (id=7),value=<?>,index=14>
Field Read,context=Main:1,dx
Variable Write,context=Main:1#dfs:46,xxx=2
Field Read,context=Main:1,dy
Variable Write,context=Main:1#dfs:46,yyy=2
Field Read,context=Main:1,data
Field Read,context=Main:1,dx
Variable Write,context=Main:1#dfs:46,k=2
Variable Delete,method=Main:1#dfs:46 <name=xxx,type=int (id=7),value=<?>,index=13>
Variable Delete,method=Main:1#dfs:46 <name=yyy,type=int (id=7),value=<?>,index=14>
Field Read,context=Main:1,dx
Variable Write,context=Main:1#dfs:46,xxx=3
Field Read,context=Main:1,dy
Variable Write,context=Main:1#dfs:46,yyy=1
Field Read,context=Main:1,data
Field Read,context=Main:1,dx
Variable Write,context=Main:1#dfs:46,k=3
Variable Delete,method=Main:1#dfs:46 <name=xxx,type=int (id=7),value=<?>,index=13>
Variable Delete,method=Main:1#dfs:46 <name=yyy,type=int (id=7),value=<?>,index=14>
Field Read,context=Main:1,dx
Variable Write,context=Main:1#dfs:46,xxx=3
Field Read,context=Main:1,dy
Variable Write,context=Main:1#dfs:46,yyy=2
Field Read,context=Main:1,data
Field Read,context=Main:1,dx
Variable Delete,method=Main:1#dfs:46 <name=xxx,type=int (id=7),value=<?>,index=13>
Variable Delete,method=Main:1#dfs:46 <name=yyy,type=int (id=7),value=<?>,index=14>
Variable Delete,method=Main:1#dfs:46 <name=k,type=int (id=7),value=<?>,index=12>
Variable Write,context=Main:1#dfs:46,nlt=3
Variable Write,context=Main:1#dfs:46,nlb=0
Variable Write,context=Main:1#dfs:46,nrt=4
Variable Write,context=Main:1#dfs:46,nrb=0
Variable Delete,method=Main:1#dfs:46 <name=xx,type=int (id=7),value=<?>,index=9>
Variable Delete,method=Main:1#dfs:46 <name=yy,type=int (id=7),value=<?>,index=10>
Variable Delete,method=Main:1#dfs:46 <name=flg,type=boolean (id=2),value=<?>,index=11>
Variable Delete,method=Main:1#dfs:46 <name=nlt,type=int (id=7),value=<?>,index=15>
Variable Delete,method=Main:1#dfs:46 <name=nlb,type=int (id=7),value=<?>,index=16>
Variable Delete,method=Main:1#dfs:46 <name=nrt,type=int (id=7),value=<?>,index=17>
Variable Delete,method=Main:1#dfs:46 <name=nrb,type=int (id=7),value=<?>,index=18>
Field Read,context=Main:1,vx
Variable Write,context=Main:1#dfs:46,i=1
Variable Delete,method=Main:1#dfs:46 <name=j,type=int (id=7),value=<?>,index=8>
Variable Write,context=Main:1#dfs:46,j=1
Field Read,context=Main:1,vx
Variable Write,context=Main:1#dfs:46,xx=2
Field Read,context=Main:1,vy
Variable Write,context=Main:1#dfs:46,yy=2
Method Call,caller=Main:1#dfs:46,target=Main:1#isOK:429
Variable Write,context=Main:1#isOK:429,xx=2
Variable Write,context=Main:1#isOK:429,yy=2
Variable Write,context=Main:1#isOK:429,result=true
Method Exit,returner=Main:1#isOK:429,value=true
Variable Write,context=Main:1#dfs:46,flg=true
Field Read,context=Main:1,dx
Variable Write,context=Main:1#dfs:46,k=0
Field Read,context=Main:1,dx
Variable Write,context=Main:1#dfs:46,xxx=2
Field Read,context=Main:1,dy
Variable Write,context=Main:1#dfs:46,yyy=2
Field Read,context=Main:1,data
Field Read,context=Main:1,dx
Variable Write,context=Main:1#dfs:46,k=1
Variable Delete,method=Main:1#dfs:46 <name=xxx,type=int (id=7),value=<?>,index=13>
Variable Delete,method=Main:1#dfs:46 <name=yyy,type=int (id=7),value=<?>,index=14>
Field Read,context=Main:1,dx
Variable Write,context=Main:1#dfs:46,xxx=2
Field Read,context=Main:1,dy
Variable Write,context=Main:1#dfs:46,yyy=3
Field Read,context=Main:1,data
Field Read,context=Main:1,dx
Variable Write,context=Main:1#dfs:46,k=2
Variable Delete,method=Main:1#dfs:46 <name=xxx,type=int (id=7),value=<?>,index=13>
Variable Delete,method=Main:1#dfs:46 <name=yyy,type=int (id=7),value=<?>,index=14>
Field Read,context=Main:1,dx
Variable Write,context=Main:1#dfs:46,xxx=3
Field Read,context=Main:1,dy
Variable Write,context=Main:1#dfs:46,yyy=2
Field Read,context=Main:1,data
Field Read,context=Main:1,dx
Variable Write,context=Main:1#dfs:46,k=3
Variable Delete,method=Main:1#dfs:46 <name=xxx,type=int (id=7),value=<?>,index=13>
Variable Delete,method=Main:1#dfs:46 <name=yyy,type=int (id=7),value=<?>,index=14>
Field Read,context=Main:1,dx
Variable Write,context=Main:1#dfs:46,xxx=3
Field Read,context=Main:1,dy
Variable Write,context=Main:1#dfs:46,yyy=3
Field Read,context=Main:1,data
Field Read,context=Main:1,dx
Variable Delete,method=Main:1#dfs:46 <name=xxx,type=int (id=7),value=<?>,index=13>
Variable Delete,method=Main:1#dfs:46 <name=yyy,type=int (id=7),value=<?>,index=14>
Variable Delete,method=Main:1#dfs:46 <name=k,type=int (id=7),value=<?>,index=12>
Variable Write,context=Main:1#dfs:46,nlt=3
Variable Write,context=Main:1#dfs:46,nlb=0
Variable Write,context=Main:1#dfs:46,nrt=4
Variable Write,context=Main:1#dfs:46,nrb=0
Variable Write,context=Main:1#dfs:46,nrb=7
Variable Write,context=Main:1#dfs:46,j=2
Variable Delete,method=Main:1#dfs:46 <name=xx,type=int (id=7),value=<?>,index=9>
Variable Delete,method=Main:1#dfs:46 <name=yy,type=int (id=7),value=<?>,index=10>
Variable Delete,method=Main:1#dfs:46 <name=flg,type=boolean (id=2),value=<?>,index=11>
Variable Delete,method=Main:1#dfs:46 <name=nlt,type=int (id=7),value=<?>,index=15>
Variable Delete,method=Main:1#dfs:46 <name=nlb,type=int (id=7),value=<?>,index=16>
Variable Delete,method=Main:1#dfs:46 <name=nrt,type=int (id=7),value=<?>,index=17>
Variable Delete,method=Main:1#dfs:46 <name=nrb,type=int (id=7),value=<?>,index=18>
Field Read,context=Main:1,vx
Variable Write,context=Main:1#dfs:46,xx=2
Field Read,context=Main:1,vy
Variable Write,context=Main:1#dfs:46,yy=3
Method Call,caller=Main:1#dfs:46,target=Main:1#isOK:430
Variable Write,context=Main:1#isOK:430,xx=2
Variable Write,context=Main:1#isOK:430,yy=3
Variable Write,context=Main:1#isOK:430,result=false
Method Exit,returner=Main:1#isOK:430,value=false
Variable Delete,method=Main:1#dfs:46 <name=xx,type=int (id=7),value=<?>,index=9>
Variable Delete,method=Main:1#dfs:46 <name=yy,type=int (id=7),value=<?>,index=10>
Field Read,context=Main:1,vx
Variable Write,context=Main:1#dfs:46,i=2
Variable Delete,method=Main:1#dfs:46 <name=j,type=int (id=7),value=<?>,index=8>
Variable Write,context=Main:1#dfs:46,j=1
Field Read,context=Main:1,vx
Variable Write,context=Main:1#dfs:46,xx=3
Field Read,context=Main:1,vy
Variable Write,context=Main:1#dfs:46,yy=1
Method Call,caller=Main:1#dfs:46,target=Main:1#isOK:431
Variable Write,context=Main:1#isOK:431,xx=3
Variable Write,context=Main:1#isOK:431,yy=1
Variable Write,context=Main:1#isOK:431,result=false
Method Exit,returner=Main:1#isOK:431,value=false
Variable Write,context=Main:1#dfs:46,j=2
Variable Delete,method=Main:1#dfs:46 <name=xx,type=int (id=7),value=<?>,index=9>
Variable Delete,method=Main:1#dfs:46 <name=yy,type=int (id=7),value=<?>,index=10>
Field Read,context=Main:1,vx
Variable Write,context=Main:1#dfs:46,xx=4
Field Read,context=Main:1,vy
Variable Write,context=Main:1#dfs:46,yy=1
Method Call,caller=Main:1#dfs:46,target=Main:1#isOK:432
Variable Write,context=Main:1#isOK:432,xx=4
Variable Write,context=Main:1#isOK:432,yy=1
Variable Write,context=Main:1#isOK:432,result=false
Method Exit,returner=Main:1#isOK:432,value=false
Variable Delete,method=Main:1#dfs:46 <name=xx,type=int (id=7),value=<?>,index=9>
Variable Delete,method=Main:1#dfs:46 <name=yy,type=int (id=7),value=<?>,index=10>
Field Read,context=Main:1,vx
Variable Write,context=Main:1#dfs:46,i=3
Variable Delete,method=Main:1#dfs:46 <name=j,type=int (id=7),value=<?>,index=8>
Variable Write,context=Main:1#dfs:46,j=1
Field Read,context=Main:1,vx
Variable Write,context=Main:1#dfs:46,xx=2
Field Read,context=Main:1,vy
Variable Write,context=Main:1#dfs:46,yy=0
Method Call,caller=Main:1#dfs:46,target=Main:1#isOK:433
Variable Write,context=Main:1#isOK:433,xx=2
Variable Write,context=Main:1#isOK:433,yy=0
Variable Write,context=Main:1#isOK:433,result=true
Method Exit,returner=Main:1#isOK:433,value=true
Variable Write,context=Main:1#dfs:46,flg=true
Field Read,context=Main:1,dx
Variable Write,context=Main:1#dfs:46,k=0
Field Read,context=Main:1,dx
Variable Write,context=Main:1#dfs:46,xxx=2
Field Read,context=Main:1,dy
Variable Write,context=Main:1#dfs:46,yyy=0
Field Read,context=Main:1,data
Field Read,context=Main:1,dx
Variable Write,context=Main:1#dfs:46,k=1
Variable Delete,method=Main:1#dfs:46 <name=xxx,type=int (id=7),value=<?>,index=13>
Variable Delete,method=Main:1#dfs:46 <name=yyy,type=int (id=7),value=<?>,index=14>
Field Read,context=Main:1,dx
Variable Write,context=Main:1#dfs:46,xxx=2
Field Read,context=Main:1,dy
Variable Write,context=Main:1#dfs:46,yyy=1
Field Read,context=Main:1,data
Field Read,context=Main:1,dx
Variable Write,context=Main:1#dfs:46,k=2
Variable Delete,method=Main:1#dfs:46 <name=xxx,type=int (id=7),value=<?>,index=13>
Variable Delete,method=Main:1#dfs:46 <name=yyy,type=int (id=7),value=<?>,index=14>
Field Read,context=Main:1,dx
Variable Write,context=Main:1#dfs:46,xxx=3
Field Read,context=Main:1,dy
Variable Write,context=Main:1#dfs:46,yyy=0
Field Read,context=Main:1,data
Field Read,context=Main:1,dx
Variable Write,context=Main:1#dfs:46,k=3
Variable Delete,method=Main:1#dfs:46 <name=xxx,type=int (id=7),value=<?>,index=13>
Variable Delete,method=Main:1#dfs:46 <name=yyy,type=int (id=7),value=<?>,index=14>
Field Read,context=Main:1,dx
Variable Write,context=Main:1#dfs:46,xxx=3
Field Read,context=Main:1,dy
Variable Write,context=Main:1#dfs:46,yyy=1
Field Read,context=Main:1,data
Field Read,context=Main:1,dx
Variable Delete,method=Main:1#dfs:46 <name=xxx,type=int (id=7),value=<?>,index=13>
Variable Delete,method=Main:1#dfs:46 <name=yyy,type=int (id=7),value=<?>,index=14>
Variable Delete,method=Main:1#dfs:46 <name=k,type=int (id=7),value=<?>,index=12>
Variable Write,context=Main:1#dfs:46,nlt=3
Variable Write,context=Main:1#dfs:46,nlb=0
Variable Write,context=Main:1#dfs:46,nrt=4
Variable Write,context=Main:1#dfs:46,nrb=0
Variable Write,context=Main:1#dfs:46,nrt=7
Variable Write,context=Main:1#dfs:46,j=2
Variable Delete,method=Main:1#dfs:46 <name=xx,type=int (id=7),value=<?>,index=9>
Variable Delete,method=Main:1#dfs:46 <name=yy,type=int (id=7),value=<?>,index=10>
Variable Delete,method=Main:1#dfs:46 <name=flg,type=boolean (id=2),value=<?>,index=11>
Variable Delete,method=Main:1#dfs:46 <name=nlt,type=int (id=7),value=<?>,index=15>
Variable Delete,method=Main:1#dfs:46 <name=nlb,type=int (id=7),value=<?>,index=16>
Variable Delete,method=Main:1#dfs:46 <name=nrt,type=int (id=7),value=<?>,index=17>
Variable Delete,method=Main:1#dfs:46 <name=nrb,type=int (id=7),value=<?>,index=18>
Field Read,context=Main:1,vx
Variable Write,context=Main:1#dfs:46,xx=2
Field Read,context=Main:1,vy
Variable Write,context=Main:1#dfs:46,yy=-1
Method Call,caller=Main:1#dfs:46,target=Main:1#isOK:434
Variable Write,context=Main:1#isOK:434,xx=2
Variable Write,context=Main:1#isOK:434,yy=-1
Variable Write,context=Main:1#isOK:434,result=false
Method Exit,returner=Main:1#isOK:434,value=false
Variable Delete,method=Main:1#dfs:46 <name=xx,type=int (id=7),value=<?>,index=9>
Variable Delete,method=Main:1#dfs:46 <name=yy,type=int (id=7),value=<?>,index=10>
Field Read,context=Main:1,vx
Variable Write,context=Main:1#dfs:46,i=4
Variable Delete,method=Main:1#dfs:46 <name=j,type=int (id=7),value=<?>,index=8>
Variable Write,context=Main:1#dfs:46,j=1
Field Read,context=Main:1,vx
Variable Write,context=Main:1#dfs:46,xx=1
Field Read,context=Main:1,vy
Variable Write,context=Main:1#dfs:46,yy=1
Method Call,caller=Main:1#dfs:46,target=Main:1#isOK:435
Variable Write,context=Main:1#isOK:435,xx=1
Variable Write,context=Main:1#isOK:435,yy=1
Variable Write,context=Main:1#isOK:435,result=true
Method Exit,returner=Main:1#isOK:435,value=true
Variable Write,context=Main:1#dfs:46,flg=true
Field Read,context=Main:1,dx
Variable Write,context=Main:1#dfs:46,k=0
Field Read,context=Main:1,dx
Variable Write,context=Main:1#dfs:46,xxx=1
Field Read,context=Main:1,dy
Variable Write,context=Main:1#dfs:46,yyy=1
Field Read,context=Main:1,data
Variable Write,context=Main:1#dfs:46,flg=false
Variable Delete,method=Main:1#dfs:46 <name=k,type=int (id=7),value=<?>,index=12>
Variable Delete,method=Main:1#dfs:46 <name=xxx,type=int (id=7),value=<?>,index=13>
Variable Delete,method=Main:1#dfs:46 <name=yyy,type=int (id=7),value=<?>,index=14>
Variable Write,context=Main:1#dfs:46,j=2
Variable Delete,method=Main:1#dfs:46 <name=xx,type=int (id=7),value=<?>,index=9>
Variable Delete,method=Main:1#dfs:46 <name=yy,type=int (id=7),value=<?>,index=10>
Variable Delete,method=Main:1#dfs:46 <name=flg,type=boolean (id=2),value=<?>,index=11>
Field Read,context=Main:1,vx
Variable Write,context=Main:1#dfs:46,xx=0
Field Read,context=Main:1,vy
Variable Write,context=Main:1#dfs:46,yy=1
Method Call,caller=Main:1#dfs:46,target=Main:1#isOK:436
Variable Write,context=Main:1#isOK:436,xx=0
Variable Write,context=Main:1#isOK:436,yy=1
Variable Write,context=Main:1#isOK:436,result=true
Method Exit,returner=Main:1#isOK:436,value=true
Variable Write,context=Main:1#dfs:46,flg=true
Field Read,context=Main:1,dx
Variable Write,context=Main:1#dfs:46,k=0
Field Read,context=Main:1,dx
Variable Write,context=Main:1#dfs:46,xxx=0
Field Read,context=Main:1,dy
Variable Write,context=Main:1#dfs:46,yyy=1
Field Read,context=Main:1,data
Field Read,context=Main:1,dx
Variable Write,context=Main:1#dfs:46,k=1
Variable Delete,method=Main:1#dfs:46 <name=xxx,type=int (id=7),value=<?>,index=13>
Variable Delete,method=Main:1#dfs:46 <name=yyy,type=int (id=7),value=<?>,index=14>
Field Read,context=Main:1,dx
Variable Write,context=Main:1#dfs:46,xxx=0
Field Read,context=Main:1,dy
Variable Write,context=Main:1#dfs:46,yyy=2
Field Read,context=Main:1,data
Variable Write,context=Main:1#dfs:46,flg=false
Variable Delete,method=Main:1#dfs:46 <name=k,type=int (id=7),value=<?>,index=12>
Variable Delete,method=Main:1#dfs:46 <name=xxx,type=int (id=7),value=<?>,index=13>
Variable Delete,method=Main:1#dfs:46 <name=yyy,type=int (id=7),value=<?>,index=14>
Variable Delete,method=Main:1#dfs:46 <name=xx,type=int (id=7),value=<?>,index=9>
Variable Delete,method=Main:1#dfs:46 <name=yy,type=int (id=7),value=<?>,index=10>
Variable Delete,method=Main:1#dfs:46 <name=flg,type=boolean (id=2),value=<?>,index=11>
Field Read,context=Main:1,vx
Variable Delete,method=Main:1#dfs:46 <name=j,type=int (id=7),value=<?>,index=8>
Method Exit,returner=Main:1#dfs:46,value=<void>
Variable Write,context=Main:1#dfs:45,j=2
Variable Delete,method=Main:1#dfs:45 <name=xx,type=int (id=7),value=<?>,index=9>
Variable Delete,method=Main:1#dfs:45 <name=yy,type=int (id=7),value=<?>,index=10>
Variable Delete,method=Main:1#dfs:45 <name=flg,type=boolean (id=2),value=<?>,index=11>
Variable Delete,method=Main:1#dfs:45 <name=nlt,type=int (id=7),value=<?>,index=15>
Variable Delete,method=Main:1#dfs:45 <name=nlb,type=int (id=7),value=<?>,index=16>
Variable Delete,method=Main:1#dfs:45 <name=nrt,type=int (id=7),value=<?>,index=17>
Variable Delete,method=Main:1#dfs:45 <name=nrb,type=int (id=7),value=<?>,index=18>
Variable Delete,method=Main:1#dfs:45 <name=next,type=java.lang.String (id=25),value=<?>,index=19>
Field Read,context=Main:1,vx
Variable Write,context=Main:1#dfs:45,xx=2
Field Read,context=Main:1,vy
Variable Write,context=Main:1#dfs:45,yy=1
Method Call,caller=Main:1#dfs:45,target=Main:1#isOK:437
Variable Write,context=Main:1#isOK:437,xx=2
Variable Write,context=Main:1#isOK:437,yy=1
Variable Write,context=Main:1#isOK:437,result=true
Method Exit,returner=Main:1#isOK:437,value=true
Variable Write,context=Main:1#dfs:45,flg=true
Field Read,context=Main:1,dx
Variable Write,context=Main:1#dfs:45,k=0
Field Read,context=Main:1,dx
Variable Write,context=Main:1#dfs:45,xxx=2
Field Read,context=Main:1,dy
Variable Write,context=Main:1#dfs:45,yyy=1
Field Read,context=Main:1,data
Field Read,context=Main:1,dx
Variable Write,context=Main:1#dfs:45,k=1
Variable Delete,method=Main:1#dfs:45 <name=xxx,type=int (id=7),value=<?>,index=13>
Variable Delete,method=Main:1#dfs:45 <name=yyy,type=int (id=7),value=<?>,index=14>
Field Read,context=Main:1,dx
Variable Write,context=Main:1#dfs:45,xxx=2
Field Read,context=Main:1,dy
Variable Write,context=Main:1#dfs:45,yyy=2
Field Read,context=Main:1,data
Field Read,context=Main:1,dx
Variable Write,context=Main:1#dfs:45,k=2
Variable Delete,method=Main:1#dfs:45 <name=xxx,type=int (id=7),value=<?>,index=13>
Variable Delete,method=Main:1#dfs:45 <name=yyy,type=int (id=7),value=<?>,index=14>
Field Read,context=Main:1,dx
Variable Write,context=Main:1#dfs:45,xxx=3
Field Read,context=Main:1,dy
Variable Write,context=Main:1#dfs:45,yyy=1
Field Read,context=Main:1,data
Field Read,context=Main:1,dx
Variable Write,context=Main:1#dfs:45,k=3
Variable Delete,method=Main:1#dfs:45 <name=xxx,type=int (id=7),value=<?>,index=13>
Variable Delete,method=Main:1#dfs:45 <name=yyy,type=int (id=7),value=<?>,index=14>
Field Read,context=Main:1,dx
Variable Write,context=Main:1#dfs:45,xxx=3
Field Read,context=Main:1,dy
Variable Write,context=Main:1#dfs:45,yyy=2
Field Read,context=Main:1,data
Field Read,context=Main:1,dx
Variable Delete,method=Main:1#dfs:45 <name=xxx,type=int (id=7),value=<?>,index=13>
Variable Delete,method=Main:1#dfs:45 <name=yyy,type=int (id=7),value=<?>,index=14>
Variable Delete,method=Main:1#dfs:45 <name=k,type=int (id=7),value=<?>,index=12>
Variable Write,context=Main:1#dfs:45,nlt=4
Variable Write,context=Main:1#dfs:45,nlb=1
Variable Write,context=Main:1#dfs:45,nrt=5
Variable Write,context=Main:1#dfs:45,nrb=1
Variable Write,context=Main:1#dfs:45,next=6 214151
Field Read,context=Main:1,close
Variable Delete,method=Main:1#dfs:45 <name=xx,type=int (id=7),value=<?>,index=9>
Variable Delete,method=Main:1#dfs:45 <name=yy,type=int (id=7),value=<?>,index=10>
Variable Delete,method=Main:1#dfs:45 <name=flg,type=boolean (id=2),value=<?>,index=11>
Variable Delete,method=Main:1#dfs:45 <name=nlt,type=int (id=7),value=<?>,index=15>
Variable Delete,method=Main:1#dfs:45 <name=nlb,type=int (id=7),value=<?>,index=16>
Variable Delete,method=Main:1#dfs:45 <name=nrt,type=int (id=7),value=<?>,index=17>
Variable Delete,method=Main:1#dfs:45 <name=nrb,type=int (id=7),value=<?>,index=18>
Variable Delete,method=Main:1#dfs:45 <name=next,type=java.lang.String (id=25),value=<?>,index=19>
Field Read,context=Main:1,vx
Variable Write,context=Main:1#dfs:45,i=1
Variable Delete,method=Main:1#dfs:45 <name=j,type=int (id=7),value=<?>,index=8>
Variable Write,context=Main:1#dfs:45,j=1
Field Read,context=Main:1,vx
Variable Write,context=Main:1#dfs:45,xx=2
Field Read,context=Main:1,vy
Variable Write,context=Main:1#dfs:45,yy=2
Method Call,caller=Main:1#dfs:45,target=Main:1#isOK:438
Variable Write,context=Main:1#isOK:438,xx=2
Variable Write,context=Main:1#isOK:438,yy=2
Variable Write,context=Main:1#isOK:438,result=true
Method Exit,returner=Main:1#isOK:438,value=true
Variable Write,context=Main:1#dfs:45,flg=true
Field Read,context=Main:1,dx
Variable Write,context=Main:1#dfs:45,k=0
Field Read,context=Main:1,dx
Variable Write,context=Main:1#dfs:45,xxx=2
Field Read,context=Main:1,dy
Variable Write,context=Main:1#dfs:45,yyy=2
Field Read,context=Main:1,data
Field Read,context=Main:1,dx
Variable Write,context=Main:1#dfs:45,k=1
Variable Delete,method=Main:1#dfs:45 <name=xxx,type=int (id=7),value=<?>,index=13>
Variable Delete,method=Main:1#dfs:45 <name=yyy,type=int (id=7),value=<?>,index=14>
Field Read,context=Main:1,dx
Variable Write,context=Main:1#dfs:45,xxx=2
Field Read,context=Main:1,dy
Variable Write,context=Main:1#dfs:45,yyy=3
Field Read,context=Main:1,data
Field Read,context=Main:1,dx
Variable Write,context=Main:1#dfs:45,k=2
Variable Delete,method=Main:1#dfs:45 <name=xxx,type=int (id=7),value=<?>,index=13>
Variable Delete,method=Main:1#dfs:45 <name=yyy,type=int (id=7),value=<?>,index=14>
Field Read,context=Main:1,dx
Variable Write,context=Main:1#dfs:45,xxx=3
Field Read,context=Main:1,dy
Variable Write,context=Main:1#dfs:45,yyy=2
Field Read,context=Main:1,data
Field Read,context=Main:1,dx
Variable Write,context=Main:1#dfs:45,k=3
Variable Delete,method=Main:1#dfs:45 <name=xxx,type=int (id=7),value=<?>,index=13>
Variable Delete,method=Main:1#dfs:45 <name=yyy,type=int (id=7),value=<?>,index=14>
Field Read,context=Main:1,dx
Variable Write,context=Main:1#dfs:45,xxx=3
Field Read,context=Main:1,dy
Variable Write,context=Main:1#dfs:45,yyy=3
Field Read,context=Main:1,data
Variable Write,context=Main:1#dfs:45,flg=false
Variable Delete,method=Main:1#dfs:45 <name=k,type=int (id=7),value=<?>,index=12>
Variable Delete,method=Main:1#dfs:45 <name=xxx,type=int (id=7),value=<?>,index=13>
Variable Delete,method=Main:1#dfs:45 <name=yyy,type=int (id=7),value=<?>,index=14>
Variable Write,context=Main:1#dfs:45,j=2
Variable Delete,method=Main:1#dfs:45 <name=xx,type=int (id=7),value=<?>,index=9>
Variable Delete,method=Main:1#dfs:45 <name=yy,type=int (id=7),value=<?>,index=10>
Variable Delete,method=Main:1#dfs:45 <name=flg,type=boolean (id=2),value=<?>,index=11>
Field Read,context=Main:1,vx
Variable Write,context=Main:1#dfs:45,xx=2
Field Read,context=Main:1,vy
Variable Write,context=Main:1#dfs:45,yy=3
Method Call,caller=Main:1#dfs:45,target=Main:1#isOK:439
Variable Write,context=Main:1#isOK:439,xx=2
Variable Write,context=Main:1#isOK:439,yy=3
Variable Write,context=Main:1#isOK:439,result=false
Method Exit,returner=Main:1#isOK:439,value=false
Variable Delete,method=Main:1#dfs:45 <name=xx,type=int (id=7),value=<?>,index=9>
Variable Delete,method=Main:1#dfs:45 <name=yy,type=int (id=7),value=<?>,index=10>
Field Read,context=Main:1,vx
Variable Write,context=Main:1#dfs:45,i=2
Variable Delete,method=Main:1#dfs:45 <name=j,type=int (id=7),value=<?>,index=8>
Variable Write,context=Main:1#dfs:45,j=1
Field Read,context=Main:1,vx
Variable Write,context=Main:1#dfs:45,xx=3
Field Read,context=Main:1,vy
Variable Write,context=Main:1#dfs:45,yy=1
Method Call,caller=Main:1#dfs:45,target=Main:1#isOK:440
Variable Write,context=Main:1#isOK:440,xx=3
Variable Write,context=Main:1#isOK:440,yy=1
Variable Write,context=Main:1#isOK:440,result=false
Method Exit,returner=Main:1#isOK:440,value=false
Variable Write,context=Main:1#dfs:45,j=2
Variable Delete,method=Main:1#dfs:45 <name=xx,type=int (id=7),value=<?>,index=9>
Variable Delete,method=Main:1#dfs:45 <name=yy,type=int (id=7),value=<?>,index=10>
Field Read,context=Main:1,vx
Variable Write,context=Main:1#dfs:45,xx=4
Field Read,context=Main:1,vy
Variable Write,context=Main:1#dfs:45,yy=1
Method Call,caller=Main:1#dfs:45,target=Main:1#isOK:441
Variable Write,context=Main:1#isOK:441,xx=4
Variable Write,context=Main:1#isOK:441,yy=1
Variable Write,context=Main:1#isOK:441,result=false
Method Exit,returner=Main:1#isOK:441,value=false
Variable Delete,method=Main:1#dfs:45 <name=xx,type=int (id=7),value=<?>,index=9>
Variable Delete,method=Main:1#dfs:45 <name=yy,type=int (id=7),value=<?>,index=10>
Field Read,context=Main:1,vx
Variable Write,context=Main:1#dfs:45,i=3
Variable Delete,method=Main:1#dfs:45 <name=j,type=int (id=7),value=<?>,index=8>
Variable Write,context=Main:1#dfs:45,j=1
Field Read,context=Main:1,vx
Variable Write,context=Main:1#dfs:45,xx=2
Field Read,context=Main:1,vy
Variable Write,context=Main:1#dfs:45,yy=0
Method Call,caller=Main:1#dfs:45,target=Main:1#isOK:442
Variable Write,context=Main:1#isOK:442,xx=2
Variable Write,context=Main:1#isOK:442,yy=0
Variable Write,context=Main:1#isOK:442,result=true
Method Exit,returner=Main:1#isOK:442,value=true
Variable Write,context=Main:1#dfs:45,flg=true
Field Read,context=Main:1,dx
Variable Write,context=Main:1#dfs:45,k=0
Field Read,context=Main:1,dx
Variable Write,context=Main:1#dfs:45,xxx=2
Field Read,context=Main:1,dy
Variable Write,context=Main:1#dfs:45,yyy=0
Field Read,context=Main:1,data
Field Read,context=Main:1,dx
Variable Write,context=Main:1#dfs:45,k=1
Variable Delete,method=Main:1#dfs:45 <name=xxx,type=int (id=7),value=<?>,index=13>
Variable Delete,method=Main:1#dfs:45 <name=yyy,type=int (id=7),value=<?>,index=14>
Field Read,context=Main:1,dx
Variable Write,context=Main:1#dfs:45,xxx=2
Field Read,context=Main:1,dy
Variable Write,context=Main:1#dfs:45,yyy=1
Field Read,context=Main:1,data
Field Read,context=Main:1,dx
Variable Write,context=Main:1#dfs:45,k=2
Variable Delete,method=Main:1#dfs:45 <name=xxx,type=int (id=7),value=<?>,index=13>
Variable Delete,method=Main:1#dfs:45 <name=yyy,type=int (id=7),value=<?>,index=14>
Field Read,context=Main:1,dx
Variable Write,context=Main:1#dfs:45,xxx=3
Field Read,context=Main:1,dy
Variable Write,context=Main:1#dfs:45,yyy=0
Field Read,context=Main:1,data
Variable Write,context=Main:1#dfs:45,flg=false
Variable Delete,method=Main:1#dfs:45 <name=k,type=int (id=7),value=<?>,index=12>
Variable Delete,method=Main:1#dfs:45 <name=xxx,type=int (id=7),value=<?>,index=13>
Variable Delete,method=Main:1#dfs:45 <name=yyy,type=int (id=7),value=<?>,index=14>
Variable Write,context=Main:1#dfs:45,j=2
Variable Delete,method=Main:1#dfs:45 <name=xx,type=int (id=7),value=<?>,index=9>
Variable Delete,method=Main:1#dfs:45 <name=yy,type=int (id=7),value=<?>,index=10>
Variable Delete,method=Main:1#dfs:45 <name=flg,type=boolean (id=2),value=<?>,index=11>
Field Read,context=Main:1,vx
Variable Write,context=Main:1#dfs:45,xx=2
Field Read,context=Main:1,vy
Variable Write,context=Main:1#dfs:45,yy=-1
Method Call,caller=Main:1#dfs:45,target=Main:1#isOK:443
Variable Write,context=Main:1#isOK:443,xx=2
Variable Write,context=Main:1#isOK:443,yy=-1
Variable Write,context=Main:1#isOK:443,result=false
Method Exit,returner=Main:1#isOK:443,value=false
Variable Delete,method=Main:1#dfs:45 <name=xx,type=int (id=7),value=<?>,index=9>
Variable Delete,method=Main:1#dfs:45 <name=yy,type=int (id=7),value=<?>,index=10>
Field Read,context=Main:1,vx
Variable Write,context=Main:1#dfs:45,i=4
Variable Delete,method=Main:1#dfs:45 <name=j,type=int (id=7),value=<?>,index=8>
Variable Write,context=Main:1#dfs:45,j=1
Field Read,context=Main:1,vx
Variable Write,context=Main:1#dfs:45,xx=1
Field Read,context=Main:1,vy
Variable Write,context=Main:1#dfs:45,yy=1
Method Call,caller=Main:1#dfs:45,target=Main:1#isOK:444
Variable Write,context=Main:1#isOK:444,xx=1
Variable Write,context=Main:1#isOK:444,yy=1
Variable Write,context=Main:1#isOK:444,result=true
Method Exit,returner=Main:1#isOK:444,value=true
Variable Write,context=Main:1#dfs:45,flg=true
Field Read,context=Main:1,dx
Variable Write,context=Main:1#dfs:45,k=0
Field Read,context=Main:1,dx
Variable Write,context=Main:1#dfs:45,xxx=1
Field Read,context=Main:1,dy
Variable Write,context=Main:1#dfs:45,yyy=1
Field Read,context=Main:1,data
Field Read,context=Main:1,dx
Variable Write,context=Main:1#dfs:45,k=1
Variable Delete,method=Main:1#dfs:45 <name=xxx,type=int (id=7),value=<?>,index=13>
Variable Delete,method=Main:1#dfs:45 <name=yyy,type=int (id=7),value=<?>,index=14>
Field Read,context=Main:1,dx
Variable Write,context=Main:1#dfs:45,xxx=1
Field Read,context=Main:1,dy
Variable Write,context=Main:1#dfs:45,yyy=2
Field Read,context=Main:1,data
Field Read,context=Main:1,dx
Variable Write,context=Main:1#dfs:45,k=2
Variable Delete,method=Main:1#dfs:45 <name=xxx,type=int (id=7),value=<?>,index=13>
Variable Delete,method=Main:1#dfs:45 <name=yyy,type=int (id=7),value=<?>,index=14>
Field Read,context=Main:1,dx
Variable Write,context=Main:1#dfs:45,xxx=2
Field Read,context=Main:1,dy
Variable Write,context=Main:1#dfs:45,yyy=1
Field Read,context=Main:1,data
Field Read,context=Main:1,dx
Variable Write,context=Main:1#dfs:45,k=3
Variable Delete,method=Main:1#dfs:45 <name=xxx,type=int (id=7),value=<?>,index=13>
Variable Delete,method=Main:1#dfs:45 <name=yyy,type=int (id=7),value=<?>,index=14>
Field Read,context=Main:1,dx
Variable Write,context=Main:1#dfs:45,xxx=2
Field Read,context=Main:1,dy
Variable Write,context=Main:1#dfs:45,yyy=2
Field Read,context=Main:1,data
Field Read,context=Main:1,dx
Variable Delete,method=Main:1#dfs:45 <name=xxx,type=int (id=7),value=<?>,index=13>
Variable Delete,method=Main:1#dfs:45 <name=yyy,type=int (id=7),value=<?>,index=14>
Variable Delete,method=Main:1#dfs:45 <name=k,type=int (id=7),value=<?>,index=12>
Variable Write,context=Main:1#dfs:45,nlt=4
Variable Write,context=Main:1#dfs:45,nlb=1
Variable Write,context=Main:1#dfs:45,nrt=5
Variable Write,context=Main:1#dfs:45,nrb=1
Variable Write,context=Main:1#dfs:45,next=6 114151
Field Read,context=Main:1,close
Field Read,context=Main:1,close
Method Call,caller=Main:1#dfs:45,target=Main:1#dfs:47
Variable Write,context=Main:1#dfs:47,lt=4
Variable Write,context=Main:1#dfs:47,lb=1
Variable Write,context=Main:1#dfs:47,rt=5
Variable Write,context=Main:1#dfs:47,rb=1
Variable Write,context=Main:1#dfs:47,deep=6
Variable Write,context=Main:1#dfs:47,x=1
Variable Write,context=Main:1#dfs:47,y=1
Field Read,context=Main:1,n
Field Read,context=Main:1,vx
Variable Write,context=Main:1#dfs:47,i=0
Variable Write,context=Main:1#dfs:47,j=1
Field Read,context=Main:1,vx
Variable Write,context=Main:1#dfs:47,xx=1
Field Read,context=Main:1,vy
Variable Write,context=Main:1#dfs:47,yy=1
Method Call,caller=Main:1#dfs:47,target=Main:1#isOK:445
Variable Write,context=Main:1#isOK:445,xx=1
Variable Write,context=Main:1#isOK:445,yy=1
Variable Write,context=Main:1#isOK:445,result=true
Method Exit,returner=Main:1#isOK:445,value=true
Variable Write,context=Main:1#dfs:47,flg=true
Field Read,context=Main:1,dx
Variable Write,context=Main:1#dfs:47,k=0
Field Read,context=Main:1,dx
Variable Write,context=Main:1#dfs:47,xxx=1
Field Read,context=Main:1,dy
Variable Write,context=Main:1#dfs:47,yyy=1
Field Read,context=Main:1,data
Variable Write,context=Main:1#dfs:47,flg=false
Variable Delete,method=Main:1#dfs:47 <name=k,type=int (id=7),value=<?>,index=12>
Variable Delete,method=Main:1#dfs:47 <name=xxx,type=int (id=7),value=<?>,index=13>
Variable Delete,method=Main:1#dfs:47 <name=yyy,type=int (id=7),value=<?>,index=14>
Variable Write,context=Main:1#dfs:47,j=2
Variable Delete,method=Main:1#dfs:47 <name=xx,type=int (id=7),value=<?>,index=9>
Variable Delete,method=Main:1#dfs:47 <name=yy,type=int (id=7),value=<?>,index=10>
Variable Delete,method=Main:1#dfs:47 <name=flg,type=boolean (id=2),value=<?>,index=11>
Field Read,context=Main:1,vx
Variable Write,context=Main:1#dfs:47,xx=1
Field Read,context=Main:1,vy
Variable Write,context=Main:1#dfs:47,yy=1
Method Call,caller=Main:1#dfs:47,target=Main:1#isOK:446
Variable Write,context=Main:1#isOK:446,xx=1
Variable Write,context=Main:1#isOK:446,yy=1
Variable Write,context=Main:1#isOK:446,result=true
Method Exit,returner=Main:1#isOK:446,value=true
Variable Write,context=Main:1#dfs:47,flg=true
Field Read,context=Main:1,dx
Variable Write,context=Main:1#dfs:47,k=0
Field Read,context=Main:1,dx
Variable Write,context=Main:1#dfs:47,xxx=1
Field Read,context=Main:1,dy
Variable Write,context=Main:1#dfs:47,yyy=1
Field Read,context=Main:1,data
Variable Write,context=Main:1#dfs:47,flg=false
Variable Delete,method=Main:1#dfs:47 <name=k,type=int (id=7),value=<?>,index=12>
Variable Delete,method=Main:1#dfs:47 <name=xxx,type=int (id=7),value=<?>,index=13>
Variable Delete,method=Main:1#dfs:47 <name=yyy,type=int (id=7),value=<?>,index=14>
Variable Delete,method=Main:1#dfs:47 <name=xx,type=int (id=7),value=<?>,index=9>
Variable Delete,method=Main:1#dfs:47 <name=yy,type=int (id=7),value=<?>,index=10>
Variable Delete,method=Main:1#dfs:47 <name=flg,type=boolean (id=2),value=<?>,index=11>
Field Read,context=Main:1,vx
Variable Write,context=Main:1#dfs:47,i=1
Variable Delete,method=Main:1#dfs:47 <name=j,type=int (id=7),value=<?>,index=8>
Variable Write,context=Main:1#dfs:47,j=1
Field Read,context=Main:1,vx
Variable Write,context=Main:1#dfs:47,xx=1
Field Read,context=Main:1,vy
Variable Write,context=Main:1#dfs:47,yy=2
Method Call,caller=Main:1#dfs:47,target=Main:1#isOK:447
Variable Write,context=Main:1#isOK:447,xx=1
Variable Write,context=Main:1#isOK:447,yy=2
Variable Write,context=Main:1#isOK:447,result=true
Method Exit,returner=Main:1#isOK:447,value=true
Variable Write,context=Main:1#dfs:47,flg=true
Field Read,context=Main:1,dx
Variable Write,context=Main:1#dfs:47,k=0
Field Read,context=Main:1,dx
Variable Write,context=Main:1#dfs:47,xxx=1
Field Read,context=Main:1,dy
Variable Write,context=Main:1#dfs:47,yyy=2
Field Read,context=Main:1,data
Field Read,context=Main:1,dx
Variable Write,context=Main:1#dfs:47,k=1
Variable Delete,method=Main:1#dfs:47 <name=xxx,type=int (id=7),value=<?>,index=13>
Variable Delete,method=Main:1#dfs:47 <name=yyy,type=int (id=7),value=<?>,index=14>
Field Read,context=Main:1,dx
Variable Write,context=Main:1#dfs:47,xxx=1
Field Read,context=Main:1,dy
Variable Write,context=Main:1#dfs:47,yyy=3
Field Read,context=Main:1,data
Field Read,context=Main:1,dx
Variable Write,context=Main:1#dfs:47,k=2
Variable Delete,method=Main:1#dfs:47 <name=xxx,type=int (id=7),value=<?>,index=13>
Variable Delete,method=Main:1#dfs:47 <name=yyy,type=int (id=7),value=<?>,index=14>
Field Read,context=Main:1,dx
Variable Write,context=Main:1#dfs:47,xxx=2
Field Read,context=Main:1,dy
Variable Write,context=Main:1#dfs:47,yyy=2
Field Read,context=Main:1,data
Field Read,context=Main:1,dx
Variable Write,context=Main:1#dfs:47,k=3
Variable Delete,method=Main:1#dfs:47 <name=xxx,type=int (id=7),value=<?>,index=13>
Variable Delete,method=Main:1#dfs:47 <name=yyy,type=int (id=7),value=<?>,index=14>
Field Read,context=Main:1,dx
Variable Write,context=Main:1#dfs:47,xxx=2
Field Read,context=Main:1,dy
Variable Write,context=Main:1#dfs:47,yyy=3
Field Read,context=Main:1,data
Field Read,context=Main:1,dx
Variable Delete,method=Main:1#dfs:47 <name=xxx,type=int (id=7),value=<?>,index=13>
Variable Delete,method=Main:1#dfs:47 <name=yyy,type=int (id=7),value=<?>,index=14>
Variable Delete,method=Main:1#dfs:47 <name=k,type=int (id=7),value=<?>,index=12>
Variable Write,context=Main:1#dfs:47,nlt=3
Variable Write,context=Main:1#dfs:47,nlb=0
Variable Write,context=Main:1#dfs:47,nrt=4
Variable Write,context=Main:1#dfs:47,nrb=0
Variable Write,context=Main:1#dfs:47,j=2
Variable Delete,method=Main:1#dfs:47 <name=xx,type=int (id=7),value=<?>,index=9>
Variable Delete,method=Main:1#dfs:47 <name=yy,type=int (id=7),value=<?>,index=10>
Variable Delete,method=Main:1#dfs:47 <name=flg,type=boolean (id=2),value=<?>,index=11>
Variable Delete,method=Main:1#dfs:47 <name=nlt,type=int (id=7),value=<?>,index=15>
Variable Delete,method=Main:1#dfs:47 <name=nlb,type=int (id=7),value=<?>,index=16>
Variable Delete,method=Main:1#dfs:47 <name=nrt,type=int (id=7),value=<?>,index=17>
Variable Delete,method=Main:1#dfs:47 <name=nrb,type=int (id=7),value=<?>,index=18>
Field Read,context=Main:1,vx
Variable Write,context=Main:1#dfs:47,xx=1
Field Read,context=Main:1,vy
Variable Write,context=Main:1#dfs:47,yy=3
Method Call,caller=Main:1#dfs:47,target=Main:1#isOK:448
Variable Write,context=Main:1#isOK:448,xx=1
Variable Write,context=Main:1#isOK:448,yy=3
Variable Write,context=Main:1#isOK:448,result=false
Method Exit,returner=Main:1#isOK:448,value=false
Variable Delete,method=Main:1#dfs:47 <name=xx,type=int (id=7),value=<?>,index=9>
Variable Delete,method=Main:1#dfs:47 <name=yy,type=int (id=7),value=<?>,index=10>
Field Read,context=Main:1,vx
Variable Write,context=Main:1#dfs:47,i=2
Variable Delete,method=Main:1#dfs:47 <name=j,type=int (id=7),value=<?>,index=8>
Variable Write,context=Main:1#dfs:47,j=1
Field Read,context=Main:1,vx
Variable Write,context=Main:1#dfs:47,xx=2
Field Read,context=Main:1,vy
Variable Write,context=Main:1#dfs:47,yy=1
Method Call,caller=Main:1#dfs:47,target=Main:1#isOK:449
Variable Write,context=Main:1#isOK:449,xx=2
Variable Write,context=Main:1#isOK:449,yy=1
Variable Write,context=Main:1#isOK:449,result=true
Method Exit,returner=Main:1#isOK:449,value=true
Variable Write,context=Main:1#dfs:47,flg=true
Field Read,context=Main:1,dx
Variable Write,context=Main:1#dfs:47,k=0
Field Read,context=Main:1,dx
Variable Write,context=Main:1#dfs:47,xxx=2
Field Read,context=Main:1,dy
Variable Write,context=Main:1#dfs:47,yyy=1
Field Read,context=Main:1,data
Field Read,context=Main:1,dx
Variable Write,context=Main:1#dfs:47,k=1
Variable Delete,method=Main:1#dfs:47 <name=xxx,type=int (id=7),value=<?>,index=13>
Variable Delete,method=Main:1#dfs:47 <name=yyy,type=int (id=7),value=<?>,index=14>
Field Read,context=Main:1,dx
Variable Write,context=Main:1#dfs:47,xxx=2
Field Read,context=Main:1,dy
Variable Write,context=Main:1#dfs:47,yyy=2
Field Read,context=Main:1,data
Field Read,context=Main:1,dx
Variable Write,context=Main:1#dfs:47,k=2
Variable Delete,method=Main:1#dfs:47 <name=xxx,type=int (id=7),value=<?>,index=13>
Variable Delete,method=Main:1#dfs:47 <name=yyy,type=int (id=7),value=<?>,index=14>
Field Read,context=Main:1,dx
Variable Write,context=Main:1#dfs:47,xxx=3
Field Read,context=Main:1,dy
Variable Write,context=Main:1#dfs:47,yyy=1
Field Read,context=Main:1,data
Field Read,context=Main:1,dx
Variable Write,context=Main:1#dfs:47,k=3
Variable Delete,method=Main:1#dfs:47 <name=xxx,type=int (id=7),value=<?>,index=13>
Variable Delete,method=Main:1#dfs:47 <name=yyy,type=int (id=7),value=<?>,index=14>
Field Read,context=Main:1,dx
Variable Write,context=Main:1#dfs:47,xxx=3
Field Read,context=Main:1,dy
Variable Write,context=Main:1#dfs:47,yyy=2
Field Read,context=Main:1,data
Field Read,context=Main:1,dx
Variable Delete,method=Main:1#dfs:47 <name=xxx,type=int (id=7),value=<?>,index=13>
Variable Delete,method=Main:1#dfs:47 <name=yyy,type=int (id=7),value=<?>,index=14>
Variable Delete,method=Main:1#dfs:47 <name=k,type=int (id=7),value=<?>,index=12>
Variable Write,context=Main:1#dfs:47,nlt=3
Variable Write,context=Main:1#dfs:47,nlb=0
Variable Write,context=Main:1#dfs:47,nrt=4
Variable Write,context=Main:1#dfs:47,nrb=0
Variable Write,context=Main:1#dfs:47,j=2
Variable Delete,method=Main:1#dfs:47 <name=xx,type=int (id=7),value=<?>,index=9>
Variable Delete,method=Main:1#dfs:47 <name=yy,type=int (id=7),value=<?>,index=10>
Variable Delete,method=Main:1#dfs:47 <name=flg,type=boolean (id=2),value=<?>,index=11>
Variable Delete,method=Main:1#dfs:47 <name=nlt,type=int (id=7),value=<?>,index=15>
Variable Delete,method=Main:1#dfs:47 <name=nlb,type=int (id=7),value=<?>,index=16>
Variable Delete,method=Main:1#dfs:47 <name=nrt,type=int (id=7),value=<?>,index=17>
Variable Delete,method=Main:1#dfs:47 <name=nrb,type=int (id=7),value=<?>,index=18>
Field Read,context=Main:1,vx
Variable Write,context=Main:1#dfs:47,xx=3
Field Read,context=Main:1,vy
Variable Write,context=Main:1#dfs:47,yy=1
Method Call,caller=Main:1#dfs:47,target=Main:1#isOK:450
Variable Write,context=Main:1#isOK:450,xx=3
Variable Write,context=Main:1#isOK:450,yy=1
Variable Write,context=Main:1#isOK:450,result=false
Method Exit,returner=Main:1#isOK:450,value=false
Variable Delete,method=Main:1#dfs:47 <name=xx,type=int (id=7),value=<?>,index=9>
Variable Delete,method=Main:1#dfs:47 <name=yy,type=int (id=7),value=<?>,index=10>
Field Read,context=Main:1,vx
Variable Write,context=Main:1#dfs:47,i=3
Variable Delete,method=Main:1#dfs:47 <name=j,type=int (id=7),value=<?>,index=8>
Variable Write,context=Main:1#dfs:47,j=1
Field Read,context=Main:1,vx
Variable Write,context=Main:1#dfs:47,xx=1
Field Read,context=Main:1,vy
Variable Write,context=Main:1#dfs:47,yy=0
Method Call,caller=Main:1#dfs:47,target=Main:1#isOK:451
Variable Write,context=Main:1#isOK:451,xx=1
Variable Write,context=Main:1#isOK:451,yy=0
Variable Write,context=Main:1#isOK:451,result=true
Method Exit,returner=Main:1#isOK:451,value=true
Variable Write,context=Main:1#dfs:47,flg=true
Field Read,context=Main:1,dx
Variable Write,context=Main:1#dfs:47,k=0
Field Read,context=Main:1,dx
Variable Write,context=Main:1#dfs:47,xxx=1
Field Read,context=Main:1,dy
Variable Write,context=Main:1#dfs:47,yyy=0
Field Read,context=Main:1,data
Field Read,context=Main:1,dx
Variable Write,context=Main:1#dfs:47,k=1
Variable Delete,method=Main:1#dfs:47 <name=xxx,type=int (id=7),value=<?>,index=13>
Variable Delete,method=Main:1#dfs:47 <name=yyy,type=int (id=7),value=<?>,index=14>
Field Read,context=Main:1,dx
Variable Write,context=Main:1#dfs:47,xxx=1
Field Read,context=Main:1,dy
Variable Write,context=Main:1#dfs:47,yyy=1
Field Read,context=Main:1,data
Variable Write,context=Main:1#dfs:47,flg=false
Variable Delete,method=Main:1#dfs:47 <name=k,type=int (id=7),value=<?>,index=12>
Variable Delete,method=Main:1#dfs:47 <name=xxx,type=int (id=7),value=<?>,index=13>
Variable Delete,method=Main:1#dfs:47 <name=yyy,type=int (id=7),value=<?>,index=14>
Variable Write,context=Main:1#dfs:47,j=2
Variable Delete,method=Main:1#dfs:47 <name=xx,type=int (id=7),value=<?>,index=9>
Variable Delete,method=Main:1#dfs:47 <name=yy,type=int (id=7),value=<?>,index=10>
Variable Delete,method=Main:1#dfs:47 <name=flg,type=boolean (id=2),value=<?>,index=11>
Field Read,context=Main:1,vx
Variable Write,context=Main:1#dfs:47,xx=1
Field Read,context=Main:1,vy
Variable Write,context=Main:1#dfs:47,yy=-1
Method Call,caller=Main:1#dfs:47,target=Main:1#isOK:452
Variable Write,context=Main:1#isOK:452,xx=1
Variable Write,context=Main:1#isOK:452,yy=-1
Variable Write,context=Main:1#isOK:452,result=false
Method Exit,returner=Main:1#isOK:452,value=false
Variable Delete,method=Main:1#dfs:47 <name=xx,type=int (id=7),value=<?>,index=9>
Variable Delete,method=Main:1#dfs:47 <name=yy,type=int (id=7),value=<?>,index=10>
Field Read,context=Main:1,vx
Variable Write,context=Main:1#dfs:47,i=4
Variable Delete,method=Main:1#dfs:47 <name=j,type=int (id=7),value=<?>,index=8>
Variable Write,context=Main:1#dfs:47,j=1
Field Read,context=Main:1,vx
Variable Write,context=Main:1#dfs:47,xx=0
Field Read,context=Main:1,vy
Variable Write,context=Main:1#dfs:47,yy=1
Method Call,caller=Main:1#dfs:47,target=Main:1#isOK:453
Variable Write,context=Main:1#isOK:453,xx=0
Variable Write,context=Main:1#isOK:453,yy=1
Variable Write,context=Main:1#isOK:453,result=true
Method Exit,returner=Main:1#isOK:453,value=true
Variable Write,context=Main:1#dfs:47,flg=true
Field Read,context=Main:1,dx
Variable Write,context=Main:1#dfs:47,k=0
Field Read,context=Main:1,dx
Variable Write,context=Main:1#dfs:47,xxx=0
Field Read,context=Main:1,dy
Variable Write,context=Main:1#dfs:47,yyy=1
Field Read,context=Main:1,data
Field Read,context=Main:1,dx
Variable Write,context=Main:1#dfs:47,k=1
Variable Delete,method=Main:1#dfs:47 <name=xxx,type=int (id=7),value=<?>,index=13>
Variable Delete,method=Main:1#dfs:47 <name=yyy,type=int (id=7),value=<?>,index=14>
Field Read,context=Main:1,dx
Variable Write,context=Main:1#dfs:47,xxx=0
Field Read,context=Main:1,dy
Variable Write,context=Main:1#dfs:47,yyy=2
Field Read,context=Main:1,data
Variable Write,context=Main:1#dfs:47,flg=false
Variable Delete,method=Main:1#dfs:47 <name=k,type=int (id=7),value=<?>,index=12>
Variable Delete,method=Main:1#dfs:47 <name=xxx,type=int (id=7),value=<?>,index=13>
Variable Delete,method=Main:1#dfs:47 <name=yyy,type=int (id=7),value=<?>,index=14>
Variable Write,context=Main:1#dfs:47,j=2
Variable Delete,method=Main:1#dfs:47 <name=xx,type=int (id=7),value=<?>,index=9>
Variable Delete,method=Main:1#dfs:47 <name=yy,type=int (id=7),value=<?>,index=10>
Variable Delete,method=Main:1#dfs:47 <name=flg,type=boolean (id=2),value=<?>,index=11>
Field Read,context=Main:1,vx
Variable Write,context=Main:1#dfs:47,xx=-1
Field Read,context=Main:1,vy
Variable Write,context=Main:1#dfs:47,yy=1
Method Call,caller=Main:1#dfs:47,target=Main:1#isOK:454
Variable Write,context=Main:1#isOK:454,xx=-1
Variable Write,context=Main:1#isOK:454,yy=1
Variable Write,context=Main:1#isOK:454,result=false
Method Exit,returner=Main:1#isOK:454,value=false
Variable Delete,method=Main:1#dfs:47 <name=xx,type=int (id=7),value=<?>,index=9>
Variable Delete,method=Main:1#dfs:47 <name=yy,type=int (id=7),value=<?>,index=10>
Field Read,context=Main:1,vx
Variable Delete,method=Main:1#dfs:47 <name=j,type=int (id=7),value=<?>,index=8>
Method Exit,returner=Main:1#dfs:47,value=<void>
Variable Write,context=Main:1#dfs:45,j=2
Variable Delete,method=Main:1#dfs:45 <name=xx,type=int (id=7),value=<?>,index=9>
Variable Delete,method=Main:1#dfs:45 <name=yy,type=int (id=7),value=<?>,index=10>
Variable Delete,method=Main:1#dfs:45 <name=flg,type=boolean (id=2),value=<?>,index=11>
Variable Delete,method=Main:1#dfs:45 <name=nlt,type=int (id=7),value=<?>,index=15>
Variable Delete,method=Main:1#dfs:45 <name=nlb,type=int (id=7),value=<?>,index=16>
Variable Delete,method=Main:1#dfs:45 <name=nrt,type=int (id=7),value=<?>,index=17>
Variable Delete,method=Main:1#dfs:45 <name=nrb,type=int (id=7),value=<?>,index=18>
Variable Delete,method=Main:1#dfs:45 <name=next,type=java.lang.String (id=25),value=<?>,index=19>
Field Read,context=Main:1,vx
Variable Write,context=Main:1#dfs:45,xx=0
Field Read,context=Main:1,vy
Variable Write,context=Main:1#dfs:45,yy=1
Method Call,caller=Main:1#dfs:45,target=Main:1#isOK:455
Variable Write,context=Main:1#isOK:455,xx=0
Variable Write,context=Main:1#isOK:455,yy=1
Variable Write,context=Main:1#isOK:455,result=true
Method Exit,returner=Main:1#isOK:455,value=true
Variable Write,context=Main:1#dfs:45,flg=true
Field Read,context=Main:1,dx
Variable Write,context=Main:1#dfs:45,k=0
Field Read,context=Main:1,dx
Variable Write,context=Main:1#dfs:45,xxx=0
Field Read,context=Main:1,dy
Variable Write,context=Main:1#dfs:45,yyy=1
Field Read,context=Main:1,data
Field Read,context=Main:1,dx
Variable Write,context=Main:1#dfs:45,k=1
Variable Delete,method=Main:1#dfs:45 <name=xxx,type=int (id=7),value=<?>,index=13>
Variable Delete,method=Main:1#dfs:45 <name=yyy,type=int (id=7),value=<?>,index=14>
Field Read,context=Main:1,dx
Variable Write,context=Main:1#dfs:45,xxx=0
Field Read,context=Main:1,dy
Variable Write,context=Main:1#dfs:45,yyy=2
Field Read,context=Main:1,data
Field Read,context=Main:1,dx
Variable Write,context=Main:1#dfs:45,k=2
Variable Delete,method=Main:1#dfs:45 <name=xxx,type=int (id=7),value=<?>,index=13>
Variable Delete,method=Main:1#dfs:45 <name=yyy,type=int (id=7),value=<?>,index=14>
Field Read,context=Main:1,dx
Variable Write,context=Main:1#dfs:45,xxx=1
Field Read,context=Main:1,dy
Variable Write,context=Main:1#dfs:45,yyy=1
Field Read,context=Main:1,data
Field Read,context=Main:1,dx
Variable Write,context=Main:1#dfs:45,k=3
Variable Delete,method=Main:1#dfs:45 <name=xxx,type=int (id=7),value=<?>,index=13>
Variable Delete,method=Main:1#dfs:45 <name=yyy,type=int (id=7),value=<?>,index=14>
Field Read,context=Main:1,dx
Variable Write,context=Main:1#dfs:45,xxx=1
Field Read,context=Main:1,dy
Variable Write,context=Main:1#dfs:45,yyy=2
Field Read,context=Main:1,data
Field Read,context=Main:1,dx
Variable Delete,method=Main:1#dfs:45 <name=xxx,type=int (id=7),value=<?>,index=13>
Variable Delete,method=Main:1#dfs:45 <name=yyy,type=int (id=7),value=<?>,index=14>
Variable Delete,method=Main:1#dfs:45 <name=k,type=int (id=7),value=<?>,index=12>
Variable Write,context=Main:1#dfs:45,nlt=4
Variable Write,context=Main:1#dfs:45,nlb=1
Variable Write,context=Main:1#dfs:45,nrt=5
Variable Write,context=Main:1#dfs:45,nrb=1
Variable Write,context=Main:1#dfs:45,next=6 014151
Field Read,context=Main:1,close
Field Read,context=Main:1,close
Method Call,caller=Main:1#dfs:45,target=Main:1#dfs:48
Variable Write,context=Main:1#dfs:48,lt=4
Variable Write,context=Main:1#dfs:48,lb=1
Variable Write,context=Main:1#dfs:48,rt=5
Variable Write,context=Main:1#dfs:48,rb=1
Variable Write,context=Main:1#dfs:48,deep=6
Variable Write,context=Main:1#dfs:48,x=0
Variable Write,context=Main:1#dfs:48,y=1
Field Read,context=Main:1,n
Field Read,context=Main:1,vx
Variable Write,context=Main:1#dfs:48,i=0
Variable Write,context=Main:1#dfs:48,j=1
Field Read,context=Main:1,vx
Variable Write,context=Main:1#dfs:48,xx=0
Field Read,context=Main:1,vy
Variable Write,context=Main:1#dfs:48,yy=1
Method Call,caller=Main:1#dfs:48,target=Main:1#isOK:456
Variable Write,context=Main:1#isOK:456,xx=0
Variable Write,context=Main:1#isOK:456,yy=1
Variable Write,context=Main:1#isOK:456,result=true
Method Exit,returner=Main:1#isOK:456,value=true
Variable Write,context=Main:1#dfs:48,flg=true
Field Read,context=Main:1,dx
Variable Write,context=Main:1#dfs:48,k=0
Field Read,context=Main:1,dx
Variable Write,context=Main:1#dfs:48,xxx=0
Field Read,context=Main:1,dy
Variable Write,context=Main:1#dfs:48,yyy=1
Field Read,context=Main:1,data
Field Read,context=Main:1,dx
Variable Write,context=Main:1#dfs:48,k=1
Variable Delete,method=Main:1#dfs:48 <name=xxx,type=int (id=7),value=<?>,index=13>
Variable Delete,method=Main:1#dfs:48 <name=yyy,type=int (id=7),value=<?>,index=14>
Field Read,context=Main:1,dx
Variable Write,context=Main:1#dfs:48,xxx=0
Field Read,context=Main:1,dy
Variable Write,context=Main:1#dfs:48,yyy=2
Field Read,context=Main:1,data
Variable Write,context=Main:1#dfs:48,flg=false
Variable Delete,method=Main:1#dfs:48 <name=k,type=int (id=7),value=<?>,index=12>
Variable Delete,method=Main:1#dfs:48 <name=xxx,type=int (id=7),value=<?>,index=13>
Variable Delete,method=Main:1#dfs:48 <name=yyy,type=int (id=7),value=<?>,index=14>
Variable Write,context=Main:1#dfs:48,j=2
Variable Delete,method=Main:1#dfs:48 <name=xx,type=int (id=7),value=<?>,index=9>
Variable Delete,method=Main:1#dfs:48 <name=yy,type=int (id=7),value=<?>,index=10>
Variable Delete,method=Main:1#dfs:48 <name=flg,type=boolean (id=2),value=<?>,index=11>
Field Read,context=Main:1,vx
Variable Write,context=Main:1#dfs:48,xx=0
Field Read,context=Main:1,vy
Variable Write,context=Main:1#dfs:48,yy=1
Method Call,caller=Main:1#dfs:48,target=Main:1#isOK:457
Variable Write,context=Main:1#isOK:457,xx=0
Variable Write,context=Main:1#isOK:457,yy=1
Variable Write,context=Main:1#isOK:457,result=true
Method Exit,returner=Main:1#isOK:457,value=true
Variable Write,context=Main:1#dfs:48,flg=true
Field Read,context=Main:1,dx
Variable Write,context=Main:1#dfs:48,k=0
Field Read,context=Main:1,dx
Variable Write,context=Main:1#dfs:48,xxx=0
Field Read,context=Main:1,dy
Variable Write,context=Main:1#dfs:48,yyy=1
Field Read,context=Main:1,data
Field Read,context=Main:1,dx
Variable Write,context=Main:1#dfs:48,k=1
Variable Delete,method=Main:1#dfs:48 <name=xxx,type=int (id=7),value=<?>,index=13>
Variable Delete,method=Main:1#dfs:48 <name=yyy,type=int (id=7),value=<?>,index=14>
Field Read,context=Main:1,dx
Variable Write,context=Main:1#dfs:48,xxx=0
Field Read,context=Main:1,dy
Variable Write,context=Main:1#dfs:48,yyy=2
Field Read,context=Main:1,data
Variable Write,context=Main:1#dfs:48,flg=false
Variable Delete,method=Main:1#dfs:48 <name=k,type=int (id=7),value=<?>,index=12>
Variable Delete,method=Main:1#dfs:48 <name=xxx,type=int (id=7),value=<?>,index=13>
Variable Delete,method=Main:1#dfs:48 <name=yyy,type=int (id=7),value=<?>,index=14>
Variable Delete,method=Main:1#dfs:48 <name=xx,type=int (id=7),value=<?>,index=9>
Variable Delete,method=Main:1#dfs:48 <name=yy,type=int (id=7),value=<?>,index=10>
Variable Delete,method=Main:1#dfs:48 <name=flg,type=boolean (id=2),value=<?>,index=11>
Field Read,context=Main:1,vx
Variable Write,context=Main:1#dfs:48,i=1
Variable Delete,method=Main:1#dfs:48 <name=j,type=int (id=7),value=<?>,index=8>
Variable Write,context=Main:1#dfs:48,j=1
Field Read,context=Main:1,vx
Variable Write,context=Main:1#dfs:48,xx=0
Field Read,context=Main:1,vy
Variable Write,context=Main:1#dfs:48,yy=2
Method Call,caller=Main:1#dfs:48,target=Main:1#isOK:458
Variable Write,context=Main:1#isOK:458,xx=0
Variable Write,context=Main:1#isOK:458,yy=2
Variable Write,context=Main:1#isOK:458,result=true
Method Exit,returner=Main:1#isOK:458,value=true
Variable Write,context=Main:1#dfs:48,flg=true
Field Read,context=Main:1,dx
Variable Write,context=Main:1#dfs:48,k=0
Field Read,context=Main:1,dx
Variable Write,context=Main:1#dfs:48,xxx=0
Field Read,context=Main:1,dy
Variable Write,context=Main:1#dfs:48,yyy=2
Field Read,context=Main:1,data
Variable Write,context=Main:1#dfs:48,flg=false
Variable Delete,method=Main:1#dfs:48 <name=k,type=int (id=7),value=<?>,index=12>
Variable Delete,method=Main:1#dfs:48 <name=xxx,type=int (id=7),value=<?>,index=13>
Variable Delete,method=Main:1#dfs:48 <name=yyy,type=int (id=7),value=<?>,index=14>
Variable Write,context=Main:1#dfs:48,j=2
Variable Delete,method=Main:1#dfs:48 <name=xx,type=int (id=7),value=<?>,index=9>
Variable Delete,method=Main:1#dfs:48 <name=yy,type=int (id=7),value=<?>,index=10>
Variable Delete,method=Main:1#dfs:48 <name=flg,type=boolean (id=2),value=<?>,index=11>
Field Read,context=Main:1,vx
Variable Write,context=Main:1#dfs:48,xx=0
Field Read,context=Main:1,vy
Variable Write,context=Main:1#dfs:48,yy=3
Method Call,caller=Main:1#dfs:48,target=Main:1#isOK:459
Variable Write,context=Main:1#isOK:459,xx=0
Variable Write,context=Main:1#isOK:459,yy=3
Variable Write,context=Main:1#isOK:459,result=false
Method Exit,returner=Main:1#isOK:459,value=false
Variable Delete,method=Main:1#dfs:48 <name=xx,type=int (id=7),value=<?>,index=9>
Variable Delete,method=Main:1#dfs:48 <name=yy,type=int (id=7),value=<?>,index=10>
Field Read,context=Main:1,vx
Variable Write,context=Main:1#dfs:48,i=2
Variable Delete,method=Main:1#dfs:48 <name=j,type=int (id=7),value=<?>,index=8>
Variable Write,context=Main:1#dfs:48,j=1
Field Read,context=Main:1,vx
Variable Write,context=Main:1#dfs:48,xx=1
Field Read,context=Main:1,vy
Variable Write,context=Main:1#dfs:48,yy=1
Method Call,caller=Main:1#dfs:48,target=Main:1#isOK:460
Variable Write,context=Main:1#isOK:460,xx=1
Variable Write,context=Main:1#isOK:460,yy=1
Variable Write,context=Main:1#isOK:460,result=true
Method Exit,returner=Main:1#isOK:460,value=true
Variable Write,context=Main:1#dfs:48,flg=true
Field Read,context=Main:1,dx
Variable Write,context=Main:1#dfs:48,k=0
Field Read,context=Main:1,dx
Variable Write,context=Main:1#dfs:48,xxx=1
Field Read,context=Main:1,dy
Variable Write,context=Main:1#dfs:48,yyy=1
Field Read,context=Main:1,data
Variable Write,context=Main:1#dfs:48,flg=false
Variable Delete,method=Main:1#dfs:48 <name=k,type=int (id=7),value=<?>,index=12>
Variable Delete,method=Main:1#dfs:48 <name=xxx,type=int (id=7),value=<?>,index=13>
Variable Delete,method=Main:1#dfs:48 <name=yyy,type=int (id=7),value=<?>,index=14>
Variable Write,context=Main:1#dfs:48,j=2
Variable Delete,method=Main:1#dfs:48 <name=xx,type=int (id=7),value=<?>,index=9>
Variable Delete,method=Main:1#dfs:48 <name=yy,type=int (id=7),value=<?>,index=10>
Variable Delete,method=Main:1#dfs:48 <name=flg,type=boolean (id=2),value=<?>,index=11>
Field Read,context=Main:1,vx
Variable Write,context=Main:1#dfs:48,xx=2
Field Read,context=Main:1,vy
Variable Write,context=Main:1#dfs:48,yy=1
Method Call,caller=Main:1#dfs:48,target=Main:1#isOK:461
Variable Write,context=Main:1#isOK:461,xx=2
Variable Write,context=Main:1#isOK:461,yy=1
Variable Write,context=Main:1#isOK:461,result=true
Method Exit,returner=Main:1#isOK:461,value=true
Variable Write,context=Main:1#dfs:48,flg=true
Field Read,context=Main:1,dx
Variable Write,context=Main:1#dfs:48,k=0
Field Read,context=Main:1,dx
Variable Write,context=Main:1#dfs:48,xxx=2
Field Read,context=Main:1,dy
Variable Write,context=Main:1#dfs:48,yyy=1
Field Read,context=Main:1,data
Field Read,context=Main:1,dx
Variable Write,context=Main:1#dfs:48,k=1
Variable Delete,method=Main:1#dfs:48 <name=xxx,type=int (id=7),value=<?>,index=13>
Variable Delete,method=Main:1#dfs:48 <name=yyy,type=int (id=7),value=<?>,index=14>
Field Read,context=Main:1,dx
Variable Write,context=Main:1#dfs:48,xxx=2
Field Read,context=Main:1,dy
Variable Write,context=Main:1#dfs:48,yyy=2
Field Read,context=Main:1,data
Field Read,context=Main:1,dx
Variable Write,context=Main:1#dfs:48,k=2
Variable Delete,method=Main:1#dfs:48 <name=xxx,type=int (id=7),value=<?>,index=13>
Variable Delete,method=Main:1#dfs:48 <name=yyy,type=int (id=7),value=<?>,index=14>
Field Read,context=Main:1,dx
Variable Write,context=Main:1#dfs:48,xxx=3
Field Read,context=Main:1,dy
Variable Write,context=Main:1#dfs:48,yyy=1
Field Read,context=Main:1,data
Field Read,context=Main:1,dx
Variable Write,context=Main:1#dfs:48,k=3
Variable Delete,method=Main:1#dfs:48 <name=xxx,type=int (id=7),value=<?>,index=13>
Variable Delete,method=Main:1#dfs:48 <name=yyy,type=int (id=7),value=<?>,index=14>
Field Read,context=Main:1,dx
Variable Write,context=Main:1#dfs:48,xxx=3
Field Read,context=Main:1,dy
Variable Write,context=Main:1#dfs:48,yyy=2
Field Read,context=Main:1,data
Field Read,context=Main:1,dx
Variable Delete,method=Main:1#dfs:48 <name=xxx,type=int (id=7),value=<?>,index=13>
Variable Delete,method=Main:1#dfs:48 <name=yyy,type=int (id=7),value=<?>,index=14>
Variable Delete,method=Main:1#dfs:48 <name=k,type=int (id=7),value=<?>,index=12>
Variable Write,context=Main:1#dfs:48,nlt=3
Variable Write,context=Main:1#dfs:48,nlb=0
Variable Write,context=Main:1#dfs:48,nrt=4
Variable Write,context=Main:1#dfs:48,nrb=0
Variable Delete,method=Main:1#dfs:48 <name=xx,type=int (id=7),value=<?>,index=9>
Variable Delete,method=Main:1#dfs:48 <name=yy,type=int (id=7),value=<?>,index=10>
Variable Delete,method=Main:1#dfs:48 <name=flg,type=boolean (id=2),value=<?>,index=11>
Variable Delete,method=Main:1#dfs:48 <name=nlt,type=int (id=7),value=<?>,index=15>
Variable Delete,method=Main:1#dfs:48 <name=nlb,type=int (id=7),value=<?>,index=16>
Variable Delete,method=Main:1#dfs:48 <name=nrt,type=int (id=7),value=<?>,index=17>
Variable Delete,method=Main:1#dfs:48 <name=nrb,type=int (id=7),value=<?>,index=18>
Field Read,context=Main:1,vx
Variable Write,context=Main:1#dfs:48,i=3
Variable Delete,method=Main:1#dfs:48 <name=j,type=int (id=7),value=<?>,index=8>
Variable Write,context=Main:1#dfs:48,j=1
Field Read,context=Main:1,vx
Variable Write,context=Main:1#dfs:48,xx=0
Field Read,context=Main:1,vy
Variable Write,context=Main:1#dfs:48,yy=0
Method Call,caller=Main:1#dfs:48,target=Main:1#isOK:462
Variable Write,context=Main:1#isOK:462,xx=0
Variable Write,context=Main:1#isOK:462,yy=0
Variable Write,context=Main:1#isOK:462,result=true
Method Exit,returner=Main:1#isOK:462,value=true
Variable Write,context=Main:1#dfs:48,flg=true
Field Read,context=Main:1,dx
Variable Write,context=Main:1#dfs:48,k=0
Field Read,context=Main:1,dx
Variable Write,context=Main:1#dfs:48,xxx=0
Field Read,context=Main:1,dy
Variable Write,context=Main:1#dfs:48,yyy=0
Field Read,context=Main:1,data
Field Read,context=Main:1,dx
Variable Write,context=Main:1#dfs:48,k=1
Variable Delete,method=Main:1#dfs:48 <name=xxx,type=int (id=7),value=<?>,index=13>
Variable Delete,method=Main:1#dfs:48 <name=yyy,type=int (id=7),value=<?>,index=14>
Field Read,context=Main:1,dx
Variable Write,context=Main:1#dfs:48,xxx=0
Field Read,context=Main:1,dy
Variable Write,context=Main:1#dfs:48,yyy=1
Field Read,context=Main:1,data
Field Read,context=Main:1,dx
Variable Write,context=Main:1#dfs:48,k=2
Variable Delete,method=Main:1#dfs:48 <name=xxx,type=int (id=7),value=<?>,index=13>
Variable Delete,method=Main:1#dfs:48 <name=yyy,type=int (id=7),value=<?>,index=14>
Field Read,context=Main:1,dx
Variable Write,context=Main:1#dfs:48,xxx=1
Field Read,context=Main:1,dy
Variable Write,context=Main:1#dfs:48,yyy=0
Field Read,context=Main:1,data
Field Read,context=Main:1,dx
Variable Write,context=Main:1#dfs:48,k=3
Variable Delete,method=Main:1#dfs:48 <name=xxx,type=int (id=7),value=<?>,index=13>
Variable Delete,method=Main:1#dfs:48 <name=yyy,type=int (id=7),value=<?>,index=14>
Field Read,context=Main:1,dx
Variable Write,context=Main:1#dfs:48,xxx=1
Field Read,context=Main:1,dy
Variable Write,context=Main:1#dfs:48,yyy=1
Field Read,context=Main:1,data
Variable Write,context=Main:1#dfs:48,flg=false
Variable Delete,method=Main:1#dfs:48 <name=k,type=int (id=7),value=<?>,index=12>
Variable Delete,method=Main:1#dfs:48 <name=xxx,type=int (id=7),value=<?>,index=13>
Variable Delete,method=Main:1#dfs:48 <name=yyy,type=int (id=7),value=<?>,index=14>
Variable Write,context=Main:1#dfs:48,j=2
Variable Delete,method=Main:1#dfs:48 <name=xx,type=int (id=7),value=<?>,index=9>
Variable Delete,method=Main:1#dfs:48 <name=yy,type=int (id=7),value=<?>,index=10>
Variable Delete,method=Main:1#dfs:48 <name=flg,type=boolean (id=2),value=<?>,index=11>
Field Read,context=Main:1,vx
Variable Write,context=Main:1#dfs:48,xx=0
Field Read,context=Main:1,vy
Variable Write,context=Main:1#dfs:48,yy=-1
Method Call,caller=Main:1#dfs:48,target=Main:1#isOK:463
Variable Write,context=Main:1#isOK:463,xx=0
Variable Write,context=Main:1#isOK:463,yy=-1
Variable Write,context=Main:1#isOK:463,result=false
Method Exit,returner=Main:1#isOK:463,value=false
Variable Delete,method=Main:1#dfs:48 <name=xx,type=int (id=7),value=<?>,index=9>
Variable Delete,method=Main:1#dfs:48 <name=yy,type=int (id=7),value=<?>,index=10>
Field Read,context=Main:1,vx
Variable Write,context=Main:1#dfs:48,i=4
Variable Delete,method=Main:1#dfs:48 <name=j,type=int (id=7),value=<?>,index=8>
Variable Write,context=Main:1#dfs:48,j=1
Field Read,context=Main:1,vx
Variable Write,context=Main:1#dfs:48,xx=-1
Field Read,context=Main:1,vy
Variable Write,context=Main:1#dfs:48,yy=1
Method Call,caller=Main:1#dfs:48,target=Main:1#isOK:464
Variable Write,context=Main:1#isOK:464,xx=-1
Variable Write,context=Main:1#isOK:464,yy=1
Variable Write,context=Main:1#isOK:464,result=false
Method Exit,returner=Main:1#isOK:464,value=false
Variable Write,context=Main:1#dfs:48,j=2
Variable Delete,method=Main:1#dfs:48 <name=xx,type=int (id=7),value=<?>,index=9>
Variable Delete,method=Main:1#dfs:48 <name=yy,type=int (id=7),value=<?>,index=10>
Field Read,context=Main:1,vx
Variable Write,context=Main:1#dfs:48,xx=-2
Field Read,context=Main:1,vy
Variable Write,context=Main:1#dfs:48,yy=1
Method Call,caller=Main:1#dfs:48,target=Main:1#isOK:465
Variable Write,context=Main:1#isOK:465,xx=-2
Variable Write,context=Main:1#isOK:465,yy=1
Variable Write,context=Main:1#isOK:465,result=false
Method Exit,returner=Main:1#isOK:465,value=false
Variable Delete,method=Main:1#dfs:48 <name=xx,type=int (id=7),value=<?>,index=9>
Variable Delete,method=Main:1#dfs:48 <name=yy,type=int (id=7),value=<?>,index=10>
Field Read,context=Main:1,vx
Variable Delete,method=Main:1#dfs:48 <name=j,type=int (id=7),value=<?>,index=8>
Method Exit,returner=Main:1#dfs:48,value=<void>
Variable Delete,method=Main:1#dfs:45 <name=xx,type=int (id=7),value=<?>,index=9>
Variable Delete,method=Main:1#dfs:45 <name=yy,type=int (id=7),value=<?>,index=10>
Variable Delete,method=Main:1#dfs:45 <name=flg,type=boolean (id=2),value=<?>,index=11>
Variable Delete,method=Main:1#dfs:45 <name=nlt,type=int (id=7),value=<?>,index=15>
Variable Delete,method=Main:1#dfs:45 <name=nlb,type=int (id=7),value=<?>,index=16>
Variable Delete,method=Main:1#dfs:45 <name=nrt,type=int (id=7),value=<?>,index=17>
Variable Delete,method=Main:1#dfs:45 <name=nrb,type=int (id=7),value=<?>,index=18>
Variable Delete,method=Main:1#dfs:45 <name=next,type=java.lang.String (id=25),value=<?>,index=19>
Field Read,context=Main:1,vx
Variable Delete,method=Main:1#dfs:45 <name=j,type=int (id=7),value=<?>,index=8>
Method Exit,returner=Main:1#dfs:45,value=<void>
Variable Write,context=Main:1#dfs:44,j=2
Variable Delete,method=Main:1#dfs:44 <name=xx,type=int (id=7),value=2,index=9>
Variable Delete,method=Main:1#dfs:44 <name=yy,type=int (id=7),value=2,index=10>
Variable Delete,method=Main:1#dfs:44 <name=flg,type=boolean (id=2),value=true,index=11>
Variable Delete,method=Main:1#dfs:44 <name=nlt,type=int (id=7),value=5,index=15>
Variable Delete,method=Main:1#dfs:44 <name=nlb,type=int (id=7),value=2,index=16>
Variable Delete,method=Main:1#dfs:44 <name=nrt,type=int (id=7),value=6,index=17>
Variable Delete,method=Main:1#dfs:44 <name=nrb,type=int (id=7),value=7,index=18>
Variable Delete,method=Main:1#dfs:44 <name=next,type=java.lang.String (id=25),value=5 225267,index=19>
Field Read,context=Main:1,vx
Variable Write,context=Main:1#dfs:44,xx=2
Field Read,context=Main:1,vy
Variable Write,context=Main:1#dfs:44,yy=2
Method Call,caller=Main:1#dfs:44,target=Main:1#isOK:466
Variable Write,context=Main:1#isOK:466,xx=2
Variable Write,context=Main:1#isOK:466,yy=2
Variable Write,context=Main:1#isOK:466,result=true
Method Exit,returner=Main:1#isOK:466,value=true
Variable Write,context=Main:1#dfs:44,flg=true
Field Read,context=Main:1,dx
Variable Write,context=Main:1#dfs:44,k=0
Field Read,context=Main:1,dx
Variable Write,context=Main:1#dfs:44,xxx=2
Field Read,context=Main:1,dy
Variable Write,context=Main:1#dfs:44,yyy=2
Field Read,context=Main:1,data
Field Read,context=Main:1,dx
Variable Write,context=Main:1#dfs:44,k=1
Variable Delete,method=Main:1#dfs:44 <name=xxx,type=int (id=7),value=<?>,index=13>
Variable Delete,method=Main:1#dfs:44 <name=yyy,type=int (id=7),value=<?>,index=14>
Field Read,context=Main:1,dx
Variable Write,context=Main:1#dfs:44,xxx=2
Field Read,context=Main:1,dy
Variable Write,context=Main:1#dfs:44,yyy=3
Field Read,context=Main:1,data
Field Read,context=Main:1,dx
Variable Write,context=Main:1#dfs:44,k=2
Variable Delete,method=Main:1#dfs:44 <name=xxx,type=int (id=7),value=<?>,index=13>
Variable Delete,method=Main:1#dfs:44 <name=yyy,type=int (id=7),value=<?>,index=14>
Field Read,context=Main:1,dx
Variable Write,context=Main:1#dfs:44,xxx=3
Field Read,context=Main:1,dy
Variable Write,context=Main:1#dfs:44,yyy=2
Field Read,context=Main:1,data
Field Read,context=Main:1,dx
Variable Write,context=Main:1#dfs:44,k=3
Variable Delete,method=Main:1#dfs:44 <name=xxx,type=int (id=7),value=<?>,index=13>
Variable Delete,method=Main:1#dfs:44 <name=yyy,type=int (id=7),value=<?>,index=14>
Field Read,context=Main:1,dx
Variable Write,context=Main:1#dfs:44,xxx=3
Field Read,context=Main:1,dy
Variable Write,context=Main:1#dfs:44,yyy=3
Field Read,context=Main:1,data
Field Read,context=Main:1,dx
Variable Delete,method=Main:1#dfs:44 <name=xxx,type=int (id=7),value=<?>,index=13>
Variable Delete,method=Main:1#dfs:44 <name=yyy,type=int (id=7),value=<?>,index=14>
Variable Delete,method=Main:1#dfs:44 <name=k,type=int (id=7),value=<?>,index=12>
Variable Write,context=Main:1#dfs:44,nlt=5
Variable Write,context=Main:1#dfs:44,nlb=2
Variable Write,context=Main:1#dfs:44,nrt=6
Variable Write,context=Main:1#dfs:44,nrb=2
Variable Write,context=Main:1#dfs:44,nrb=7
Variable Write,context=Main:1#dfs:44,next=5 225267
Field Read,context=Main:1,close
Field Read,context=Main:1,close
Method Call,caller=Main:1#dfs:44,target=Main:1#dfs:49
Variable Write,context=Main:1#dfs:49,lt=5
Variable Write,context=Main:1#dfs:49,lb=2
Variable Write,context=Main:1#dfs:49,rt=6
Variable Write,context=Main:1#dfs:49,rb=7
Variable Write,context=Main:1#dfs:49,deep=5
Variable Write,context=Main:1#dfs:49,x=2
Variable Write,context=Main:1#dfs:49,y=2
Field Read,context=Main:1,n
Field Read,context=Main:1,vx
Variable Write,context=Main:1#dfs:49,i=0
Variable Write,context=Main:1#dfs:49,j=1
Field Read,context=Main:1,vx
Variable Write,context=Main:1#dfs:49,xx=2
Field Read,context=Main:1,vy
Variable Write,context=Main:1#dfs:49,yy=2
Method Call,caller=Main:1#dfs:49,target=Main:1#isOK:467
Variable Write,context=Main:1#isOK:467,xx=2
Variable Write,context=Main:1#isOK:467,yy=2
Variable Write,context=Main:1#isOK:467,result=true
Method Exit,returner=Main:1#isOK:467,value=true
Variable Write,context=Main:1#dfs:49,flg=true
Field Read,context=Main:1,dx
Variable Write,context=Main:1#dfs:49,k=0
Field Read,context=Main:1,dx
Variable Write,context=Main:1#dfs:49,xxx=2
Field Read,context=Main:1,dy
Variable Write,context=Main:1#dfs:49,yyy=2
Field Read,context=Main:1,data
Field Read,context=Main:1,dx
Variable Write,context=Main:1#dfs:49,k=1
Variable Delete,method=Main:1#dfs:49 <name=xxx,type=int (id=7),value=<?>,index=13>
Variable Delete,method=Main:1#dfs:49 <name=yyy,type=int (id=7),value=<?>,index=14>
Field Read,context=Main:1,dx
Variable Write,context=Main:1#dfs:49,xxx=2
Field Read,context=Main:1,dy
Variable Write,context=Main:1#dfs:49,yyy=3
Field Read,context=Main:1,data
Field Read,context=Main:1,dx
Variable Write,context=Main:1#dfs:49,k=2
Variable Delete,method=Main:1#dfs:49 <name=xxx,type=int (id=7),value=<?>,index=13>
Variable Delete,method=Main:1#dfs:49 <name=yyy,type=int (id=7),value=<?>,index=14>
Field Read,context=Main:1,dx
Variable Write,context=Main:1#dfs:49,xxx=3
Field Read,context=Main:1,dy
Variable Write,context=Main:1#dfs:49,yyy=2
Field Read,context=Main:1,data
Field Read,context=Main:1,dx
Variable Write,context=Main:1#dfs:49,k=3
Variable Delete,method=Main:1#dfs:49 <name=xxx,type=int (id=7),value=<?>,index=13>
Variable Delete,method=Main:1#dfs:49 <name=yyy,type=int (id=7),value=<?>,index=14>
Field Read,context=Main:1,dx
Variable Write,context=Main:1#dfs:49,xxx=3
Field Read,context=Main:1,dy
Variable Write,context=Main:1#dfs:49,yyy=3
Field Read,context=Main:1,data
Variable Write,context=Main:1#dfs:49,flg=false
Variable Delete,method=Main:1#dfs:49 <name=k,type=int (id=7),value=<?>,index=12>
Variable Delete,method=Main:1#dfs:49 <name=xxx,type=int (id=7),value=<?>,index=13>
Variable Delete,method=Main:1#dfs:49 <name=yyy,type=int (id=7),value=<?>,index=14>
Variable Write,context=Main:1#dfs:49,j=2
Variable Delete,method=Main:1#dfs:49 <name=xx,type=int (id=7),value=2,index=9>
Variable Delete,method=Main:1#dfs:49 <name=yy,type=int (id=7),value=1,index=10>
Variable Delete,method=Main:1#dfs:49 <name=flg,type=boolean (id=2),value=true,index=11>
Field Read,context=Main:1,vx
Variable Write,context=Main:1#dfs:49,xx=2
Field Read,context=Main:1,vy
Variable Write,context=Main:1#dfs:49,yy=2
Method Call,caller=Main:1#dfs:49,target=Main:1#isOK:468
Variable Write,context=Main:1#isOK:468,xx=2
Variable Write,context=Main:1#isOK:468,yy=2
Variable Write,context=Main:1#isOK:468,result=true
Method Exit,returner=Main:1#isOK:468,value=true
Variable Write,context=Main:1#dfs:49,flg=true
Field Read,context=Main:1,dx
Variable Write,context=Main:1#dfs:49,k=0
Field Read,context=Main:1,dx
Variable Write,context=Main:1#dfs:49,xxx=2
Field Read,context=Main:1,dy
Variable Write,context=Main:1#dfs:49,yyy=2
Field Read,context=Main:1,data
Field Read,context=Main:1,dx
Variable Write,context=Main:1#dfs:49,k=1
Variable Delete,method=Main:1#dfs:49 <name=xxx,type=int (id=7),value=<?>,index=13>
Variable Delete,method=Main:1#dfs:49 <name=yyy,type=int (id=7),value=<?>,index=14>
Field Read,context=Main:1,dx
Variable Write,context=Main:1#dfs:49,xxx=2
Field Read,context=Main:1,dy
Variable Write,context=Main:1#dfs:49,yyy=3
Field Read,context=Main:1,data
Field Read,context=Main:1,dx
Variable Write,context=Main:1#dfs:49,k=2
Variable Delete,method=Main:1#dfs:49 <name=xxx,type=int (id=7),value=<?>,index=13>
Variable Delete,method=Main:1#dfs:49 <name=yyy,type=int (id=7),value=<?>,index=14>
Field Read,context=Main:1,dx
Variable Write,context=Main:1#dfs:49,xxx=3
Field Read,context=Main:1,dy
Variable Write,context=Main:1#dfs:49,yyy=2
Field Read,context=Main:1,data
Field Read,context=Main:1,dx
Variable Write,context=Main:1#dfs:49,k=3
Variable Delete,method=Main:1#dfs:49 <name=xxx,type=int (id=7),value=<?>,index=13>
Variable Delete,method=Main:1#dfs:49 <name=yyy,type=int (id=7),value=<?>,index=14>
Field Read,context=Main:1,dx
Variable Write,context=Main:1#dfs:49,xxx=3
Field Read,context=Main:1,dy
Variable Write,context=Main:1#dfs:49,yyy=3
Field Read,context=Main:1,data
Variable Write,context=Main:1#dfs:49,flg=false
Variable Delete,method=Main:1#dfs:49 <name=k,type=int (id=7),value=<?>,index=12>
Variable Delete,method=Main:1#dfs:49 <name=xxx,type=int (id=7),value=<?>,index=13>
Variable Delete,method=Main:1#dfs:49 <name=yyy,type=int (id=7),value=<?>,index=14>
Variable Delete,method=Main:1#dfs:49 <name=xx,type=int (id=7),value=2,index=9>
Variable Delete,method=Main:1#dfs:49 <name=yy,type=int (id=7),value=1,index=10>
Variable Delete,method=Main:1#dfs:49 <name=flg,type=boolean (id=2),value=true,index=11>
Field Read,context=Main:1,vx
Variable Write,context=Main:1#dfs:49,i=1
Variable Delete,method=Main:1#dfs:49 <name=j,type=int (id=7),value=1,index=8>
Variable Write,context=Main:1#dfs:49,j=1
Field Read,context=Main:1,vx
Variable Write,context=Main:1#dfs:49,xx=2
Field Read,context=Main:1,vy
Variable Write,context=Main:1#dfs:49,yy=3
Method Call,caller=Main:1#dfs:49,target=Main:1#isOK:469
Variable Write,context=Main:1#isOK:469,xx=2
Variable Write,context=Main:1#isOK:469,yy=3
Variable Write,context=Main:1#isOK:469,result=false
Method Exit,returner=Main:1#isOK:469,value=false
Variable Write,context=Main:1#dfs:49,j=2
Variable Delete,method=Main:1#dfs:49 <name=xx,type=int (id=7),value=2,index=9>
Variable Delete,method=Main:1#dfs:49 <name=yy,type=int (id=7),value=1,index=10>
Field Read,context=Main:1,vx
Variable Write,context=Main:1#dfs:49,xx=2
Field Read,context=Main:1,vy
Variable Write,context=Main:1#dfs:49,yy=4
Method Call,caller=Main:1#dfs:49,target=Main:1#isOK:470
Variable Write,context=Main:1#isOK:470,xx=2
Variable Write,context=Main:1#isOK:470,yy=4
Variable Write,context=Main:1#isOK:470,result=false
Method Exit,returner=Main:1#isOK:470,value=false
Variable Delete,method=Main:1#dfs:49 <name=xx,type=int (id=7),value=2,index=9>
Variable Delete,method=Main:1#dfs:49 <name=yy,type=int (id=7),value=1,index=10>
Field Read,context=Main:1,vx
Variable Write,context=Main:1#dfs:49,i=2
Variable Delete,method=Main:1#dfs:49 <name=j,type=int (id=7),value=1,index=8>
Variable Write,context=Main:1#dfs:49,j=1
Field Read,context=Main:1,vx
Variable Write,context=Main:1#dfs:49,xx=3
Field Read,context=Main:1,vy
Variable Write,context=Main:1#dfs:49,yy=2
Method Call,caller=Main:1#dfs:49,target=Main:1#isOK:471
Variable Write,context=Main:1#isOK:471,xx=3
Variable Write,context=Main:1#isOK:471,yy=2
Variable Write,context=Main:1#isOK:471,result=false
Method Exit,returner=Main:1#isOK:471,value=false
Variable Write,context=Main:1#dfs:49,j=2
Variable Delete,method=Main:1#dfs:49 <name=xx,type=int (id=7),value=2,index=9>
Variable Delete,method=Main:1#dfs:49 <name=yy,type=int (id=7),value=1,index=10>
Field Read,context=Main:1,vx
Variable Write,context=Main:1#dfs:49,xx=4
Field Read,context=Main:1,vy
Variable Write,context=Main:1#dfs:49,yy=2
Method Call,caller=Main:1#dfs:49,target=Main:1#isOK:472
Variable Write,context=Main:1#isOK:472,xx=4
Variable Write,context=Main:1#isOK:472,yy=2
Variable Write,context=Main:1#isOK:472,result=false
Method Exit,returner=Main:1#isOK:472,value=false
Variable Delete,method=Main:1#dfs:49 <name=xx,type=int (id=7),value=2,index=9>
Variable Delete,method=Main:1#dfs:49 <name=yy,type=int (id=7),value=1,index=10>
Field Read,context=Main:1,vx
Variable Write,context=Main:1#dfs:49,i=3
Variable Delete,method=Main:1#dfs:49 <name=j,type=int (id=7),value=1,index=8>
Variable Write,context=Main:1#dfs:49,j=1
Field Read,context=Main:1,vx
Variable Write,context=Main:1#dfs:49,xx=2
Field Read,context=Main:1,vy
Variable Write,context=Main:1#dfs:49,yy=1
Method Call,caller=Main:1#dfs:49,target=Main:1#isOK:473
Variable Write,context=Main:1#isOK:473,xx=2
Variable Write,context=Main:1#isOK:473,yy=1
Variable Write,context=Main:1#isOK:473,result=true
Method Exit,returner=Main:1#isOK:473,value=true
Variable Write,context=Main:1#dfs:49,flg=true
Field Read,context=Main:1,dx
Variable Write,context=Main:1#dfs:49,k=0
Field Read,context=Main:1,dx
Variable Write,context=Main:1#dfs:49,xxx=2
Field Read,context=Main:1,dy
Variable Write,context=Main:1#dfs:49,yyy=1
Field Read,context=Main:1,data
Field Read,context=Main:1,dx
Variable Write,context=Main:1#dfs:49,k=1
Variable Delete,method=Main:1#dfs:49 <name=xxx,type=int (id=7),value=<?>,index=13>
Variable Delete,method=Main:1#dfs:49 <name=yyy,type=int (id=7),value=<?>,index=14>
Field Read,context=Main:1,dx
Variable Write,context=Main:1#dfs:49,xxx=2
Field Read,context=Main:1,dy
Variable Write,context=Main:1#dfs:49,yyy=2
Field Read,context=Main:1,data
Field Read,context=Main:1,dx
Variable Write,context=Main:1#dfs:49,k=2
Variable Delete,method=Main:1#dfs:49 <name=xxx,type=int (id=7),value=<?>,index=13>
Variable Delete,method=Main:1#dfs:49 <name=yyy,type=int (id=7),value=<?>,index=14>
Field Read,context=Main:1,dx
Variable Write,context=Main:1#dfs:49,xxx=3
Field Read,context=Main:1,dy
Variable Write,context=Main:1#dfs:49,yyy=1
Field Read,context=Main:1,data
Field Read,context=Main:1,dx
Variable Write,context=Main:1#dfs:49,k=3
Variable Delete,method=Main:1#dfs:49 <name=xxx,type=int (id=7),value=<?>,index=13>
Variable Delete,method=Main:1#dfs:49 <name=yyy,type=int (id=7),value=<?>,index=14>
Field Read,context=Main:1,dx
Variable Write,context=Main:1#dfs:49,xxx=3
Field Read,context=Main:1,dy
Variable Write,context=Main:1#dfs:49,yyy=2
Field Read,context=Main:1,data
Field Read,context=Main:1,dx
Variable Delete,method=Main:1#dfs:49 <name=xxx,type=int (id=7),value=<?>,index=13>
Variable Delete,method=Main:1#dfs:49 <name=yyy,type=int (id=7),value=<?>,index=14>
Variable Delete,method=Main:1#dfs:49 <name=k,type=int (id=7),value=<?>,index=12>
Variable Write,context=Main:1#dfs:49,nlt=4
Variable Write,context=Main:1#dfs:49,nlb=1
Variable Write,context=Main:1#dfs:49,nrt=5
Variable Write,context=Main:1#dfs:49,nrb=6
Variable Write,context=Main:1#dfs:49,next=6 214156
Field Read,context=Main:1,close
