Thread Start,main (1)
Method Call,caller=SYSTEM,target=Main#<clinit>:1
New Object,object=int[]:1
Field Write,context=int[]:1,0=-1
Field Write,context=int[]:1,1=1
Field Write,context=int[]:1,2=0
Field Write,context=int[]:1,3=0
Field Write,context=Main,xDelta=int[]:1
New Object,object=int[]:2
Field Write,context=int[]:2,0=0
Field Write,context=int[]:2,1=0
Field Write,context=int[]:2,2=-1
Field Write,context=int[]:2,3=1
Field Write,context=Main,yDelta=int[]:2
Method Exit,returner=Main#<clinit>:1,value=<void>
Method Call,caller=SYSTEM,target=Main#main:1
New Object,object=java.lang.String[]:1
Variable Write,context=Main#main:1,args=java.lang.String[]:1
Variable Write,context=Main#main:1,in=java.util.Scanner (id=365)
Variable Write,context=Main#main:1,n=3
Variable Write,context=Main#main:1,rects=java.util.ArrayList (id=366)
Variable Write,context=Main#main:1,xCoors=java.util.TreeSet (id=367)
Variable Write,context=Main#main:1,yCoors=java.util.TreeSet (id=369)
Variable Write,context=Main#main:1,i=0
Variable Write,context=Main#main:1,l=4
Variable Write,context=Main#main:1,t=28
Variable Write,context=Main#main:1,r=27
Variable Write,context=Main#main:1,b=11
New Object,object=Main$Rect:1
Method Call,caller=Main#main:1,target=Main$Rect:1#Main$Rect:1
Variable Write,context=Main$Rect:1#Main$Rect:1,x1=4
Variable Write,context=Main$Rect:1#Main$Rect:1,y1=28
Variable Write,context=Main$Rect:1#Main$Rect:1,x2=27
Variable Write,context=Main$Rect:1#Main$Rect:1,y2=11
Field Write,context=Main$Rect:1,x1=4
Field Write,context=Main$Rect:1,y1=11
Field Write,context=Main$Rect:1,x2=27
Field Write,context=Main$Rect:1,y2=28
Method Exit,returner=Main$Rect:1#Main$Rect:1,value=<void>
Variable Write,context=Main#main:1,rec=Main$Rect:1
Variable Write,context=Main#main:1,i=1
Variable Delete,method=Main#main:1 <name=l,type=int (id=7),value=<?>,index=7>
Variable Delete,method=Main#main:1 <name=t,type=int (id=7),value=<?>,index=8>
Variable Delete,method=Main#main:1 <name=r,type=int (id=7),value=<?>,index=9>
Variable Delete,method=Main#main:1 <name=b,type=int (id=7),value=<?>,index=10>
Variable Delete,method=Main#main:1 <name=rec,type=Main$Rect (id=97),value=<?>,index=11>
Variable Write,context=Main#main:1,l=15
Variable Write,context=Main#main:1,t=20
Variable Write,context=Main#main:1,r=42
Variable Write,context=Main#main:1,b=5
New Object,object=Main$Rect:2
Method Call,caller=Main#main:1,target=Main$Rect:2#Main$Rect:2
Variable Write,context=Main$Rect:2#Main$Rect:2,x1=15
Variable Write,context=Main$Rect:2#Main$Rect:2,y1=20
Variable Write,context=Main$Rect:2#Main$Rect:2,x2=42
Variable Write,context=Main$Rect:2#Main$Rect:2,y2=5
Field Write,context=Main$Rect:2,x1=15
Field Write,context=Main$Rect:2,y1=5
Field Write,context=Main$Rect:2,x2=42
Field Write,context=Main$Rect:2,y2=20
Method Exit,returner=Main$Rect:2#Main$Rect:2,value=<void>
Variable Write,context=Main#main:1,rec=Main$Rect:2
Variable Write,context=Main#main:1,i=2
Variable Delete,method=Main#main:1 <name=l,type=int (id=7),value=<?>,index=7>
Variable Delete,method=Main#main:1 <name=t,type=int (id=7),value=<?>,index=8>
Variable Delete,method=Main#main:1 <name=r,type=int (id=7),value=<?>,index=9>
Variable Delete,method=Main#main:1 <name=b,type=int (id=7),value=<?>,index=10>
Variable Delete,method=Main#main:1 <name=rec,type=Main$Rect (id=97),value=<?>,index=11>
Variable Write,context=Main#main:1,l=11
Variable Write,context=Main#main:1,t=24
Variable Write,context=Main#main:1,r=33
Variable Write,context=Main#main:1,b=14
New Object,object=Main$Rect:3
Method Call,caller=Main#main:1,target=Main$Rect:3#Main$Rect:3
Variable Write,context=Main$Rect:3#Main$Rect:3,x1=11
Variable Write,context=Main$Rect:3#Main$Rect:3,y1=24
Variable Write,context=Main$Rect:3#Main$Rect:3,x2=33
Variable Write,context=Main$Rect:3#Main$Rect:3,y2=14
Field Write,context=Main$Rect:3,x1=11
Field Write,context=Main$Rect:3,y1=14
Field Write,context=Main$Rect:3,x2=33
Field Write,context=Main$Rect:3,y2=24
Method Exit,returner=Main$Rect:3#Main$Rect:3,value=<void>
Variable Write,context=Main#main:1,rec=Main$Rect:3
Variable Delete,method=Main#main:1 <name=l,type=int (id=7),value=<?>,index=7>
Variable Delete,method=Main#main:1 <name=t,type=int (id=7),value=<?>,index=8>
Variable Delete,method=Main#main:1 <name=r,type=int (id=7),value=<?>,index=9>
Variable Delete,method=Main#main:1 <name=b,type=int (id=7),value=<?>,index=10>
Variable Delete,method=Main#main:1 <name=rec,type=Main$Rect (id=97),value=<?>,index=11>
Variable Delete,method=Main#main:1 <name=i,type=int (id=7),value=<?>,index=6>
Variable Write,context=Main#main:1,uniqueX=java.util.ArrayList (id=375)
Variable Write,context=Main#main:1,uniqueY=java.util.ArrayList (id=376)
Variable Write,context=Main#main:1,xn=13
Variable Write,context=Main#main:1,yn=13
New Object,object=int[][]:1
New Object,object=int[]:3
Field Write,context=int[]:3,0=0
Field Write,context=int[]:3,1=0
Field Write,context=int[]:3,2=0
Field Write,context=int[]:3,3=0
Field Write,context=int[]:3,4=0
Field Write,context=int[]:3,5=0
Field Write,context=int[]:3,6=0
Field Write,context=int[]:3,7=0
Field Write,context=int[]:3,8=0
Field Write,context=int[]:3,9=0
Field Write,context=int[]:3,10=0
Field Write,context=int[]:3,11=0
Field Write,context=int[]:3,12=0
Field Write,context=int[][]:1,0=int[]:3
New Object,object=int[]:4
Field Write,context=int[]:4,0=0
Field Write,context=int[]:4,1=0
Field Write,context=int[]:4,2=0
Field Write,context=int[]:4,3=0
Field Write,context=int[]:4,4=0
Field Write,context=int[]:4,5=0
Field Write,context=int[]:4,6=0
Field Write,context=int[]:4,7=0
Field Write,context=int[]:4,8=0
Field Write,context=int[]:4,9=0
Field Write,context=int[]:4,10=0
Field Write,context=int[]:4,11=0
Field Write,context=int[]:4,12=0
Field Write,context=int[][]:1,1=int[]:4
New Object,object=int[]:5
Field Write,context=int[]:5,0=0
Field Write,context=int[]:5,1=0
Field Write,context=int[]:5,2=0
Field Write,context=int[]:5,3=0
Field Write,context=int[]:5,4=0
Field Write,context=int[]:5,5=0
Field Write,context=int[]:5,6=0
Field Write,context=int[]:5,7=0
Field Write,context=int[]:5,8=0
Field Write,context=int[]:5,9=0
Field Write,context=int[]:5,10=0
Field Write,context=int[]:5,11=0
Field Write,context=int[]:5,12=0
Field Write,context=int[][]:1,2=int[]:5
New Object,object=int[]:6
Field Write,context=int[]:6,0=0
Field Write,context=int[]:6,1=0
Field Write,context=int[]:6,2=0
Field Write,context=int[]:6,3=0
Field Write,context=int[]:6,4=0
Field Write,context=int[]:6,5=0
Field Write,context=int[]:6,6=0
Field Write,context=int[]:6,7=0
Field Write,context=int[]:6,8=0
Field Write,context=int[]:6,9=0
Field Write,context=int[]:6,10=0
Field Write,context=int[]:6,11=0
Field Write,context=int[]:6,12=0
Field Write,context=int[][]:1,3=int[]:6
New Object,object=int[]:7
Field Write,context=int[]:7,0=0
Field Write,context=int[]:7,1=0
Field Write,context=int[]:7,2=0
Field Write,context=int[]:7,3=0
Field Write,context=int[]:7,4=0
Field Write,context=int[]:7,5=0
Field Write,context=int[]:7,6=0
Field Write,context=int[]:7,7=0
Field Write,context=int[]:7,8=0
Field Write,context=int[]:7,9=0
Field Write,context=int[]:7,10=0
Field Write,context=int[]:7,11=0
Field Write,context=int[]:7,12=0
Field Write,context=int[][]:1,4=int[]:7
New Object,object=int[]:8
Field Write,context=int[]:8,0=0
Field Write,context=int[]:8,1=0
Field Write,context=int[]:8,2=0
Field Write,context=int[]:8,3=0
Field Write,context=int[]:8,4=0
Field Write,context=int[]:8,5=0
Field Write,context=int[]:8,6=0
Field Write,context=int[]:8,7=0
Field Write,context=int[]:8,8=0
Field Write,context=int[]:8,9=0
Field Write,context=int[]:8,10=0
Field Write,context=int[]:8,11=0
Field Write,context=int[]:8,12=0
Field Write,context=int[][]:1,5=int[]:8
New Object,object=int[]:9
Field Write,context=int[]:9,0=0
Field Write,context=int[]:9,1=0
Field Write,context=int[]:9,2=0
Field Write,context=int[]:9,3=0
Field Write,context=int[]:9,4=0
Field Write,context=int[]:9,5=0
Field Write,context=int[]:9,6=0
Field Write,context=int[]:9,7=0
Field Write,context=int[]:9,8=0
Field Write,context=int[]:9,9=0
Field Write,context=int[]:9,10=0
Field Write,context=int[]:9,11=0
Field Write,context=int[]:9,12=0
Field Write,context=int[][]:1,6=int[]:9
New Object,object=int[]:10
Field Write,context=int[]:10,0=0
Field Write,context=int[]:10,1=0
Field Write,context=int[]:10,2=0
Field Write,context=int[]:10,3=0
Field Write,context=int[]:10,4=0
Field Write,context=int[]:10,5=0
Field Write,context=int[]:10,6=0
Field Write,context=int[]:10,7=0
Field Write,context=int[]:10,8=0
Field Write,context=int[]:10,9=0
Field Write,context=int[]:10,10=0
Field Write,context=int[]:10,11=0
Field Write,context=int[]:10,12=0
Field Write,context=int[][]:1,7=int[]:10
New Object,object=int[]:11
Field Write,context=int[]:11,0=0
Field Write,context=int[]:11,1=0
Field Write,context=int[]:11,2=0
Field Write,context=int[]:11,3=0
Field Write,context=int[]:11,4=0
Field Write,context=int[]:11,5=0
Field Write,context=int[]:11,6=0
Field Write,context=int[]:11,7=0
Field Write,context=int[]:11,8=0
Field Write,context=int[]:11,9=0
Field Write,context=int[]:11,10=0
Field Write,context=int[]:11,11=0
Field Write,context=int[]:11,12=0
Field Write,context=int[][]:1,8=int[]:11
New Object,object=int[]:12
Field Write,context=int[]:12,0=0
Field Write,context=int[]:12,1=0
Field Write,context=int[]:12,2=0
Field Write,context=int[]:12,3=0
Field Write,context=int[]:12,4=0
Field Write,context=int[]:12,5=0
Field Write,context=int[]:12,6=0
Field Write,context=int[]:12,7=0
Field Write,context=int[]:12,8=0
Field Write,context=int[]:12,9=0
Field Write,context=int[]:12,10=0
Field Write,context=int[]:12,11=0
Field Write,context=int[]:12,12=0
Field Write,context=int[][]:1,9=int[]:12
New Object,object=int[]:13
Field Write,context=int[]:13,0=0
Field Write,context=int[]:13,1=0
Field Write,context=int[]:13,2=0
Field Write,context=int[]:13,3=0
Field Write,context=int[]:13,4=0
Field Write,context=int[]:13,5=0
Field Write,context=int[]:13,6=0
Field Write,context=int[]:13,7=0
Field Write,context=int[]:13,8=0
Field Write,context=int[]:13,9=0
Field Write,context=int[]:13,10=0
Field Write,context=int[]:13,11=0
Field Write,context=int[]:13,12=0
Field Write,context=int[][]:1,10=int[]:13
New Object,object=int[]:14
Field Write,context=int[]:14,0=0
Field Write,context=int[]:14,1=0
Field Write,context=int[]:14,2=0
Field Write,context=int[]:14,3=0
Field Write,context=int[]:14,4=0
Field Write,context=int[]:14,5=0
Field Write,context=int[]:14,6=0
Field Write,context=int[]:14,7=0
Field Write,context=int[]:14,8=0
Field Write,context=int[]:14,9=0
Field Write,context=int[]:14,10=0
Field Write,context=int[]:14,11=0
Field Write,context=int[]:14,12=0
Field Write,context=int[][]:1,11=int[]:14
New Object,object=int[]:15
Field Write,context=int[]:15,0=0
Field Write,context=int[]:15,1=0
Field Write,context=int[]:15,2=0
Field Write,context=int[]:15,3=0
Field Write,context=int[]:15,4=0
Field Write,context=int[]:15,5=0
Field Write,context=int[]:15,6=0
Field Write,context=int[]:15,7=0
Field Write,context=int[]:15,8=0
Field Write,context=int[]:15,9=0
Field Write,context=int[]:15,10=0
Field Write,context=int[]:15,11=0
Field Write,context=int[]:15,12=0
Field Write,context=int[][]:1,12=int[]:15
Variable Write,context=Main#main:1,g=int[][]:1
Variable Write,context=Main#main:1,r=Main$Rect:1
Field Read,context=Main$Rect:1,x1
Variable Write,context=Main#main:1,x1i=1
Field Read,context=Main$Rect:1,x2
Variable Write,context=Main#main:1,x2i=7
Field Read,context=Main$Rect:1,y1
Variable Write,context=Main#main:1,y1i=3
Field Read,context=Main$Rect:1,y2
Variable Write,context=Main#main:1,y2i=11
Variable Write,context=Main#main:1,xi=1
Variable Write,context=Main#main:1,g=int[][]:1
Variable Write,context=Main#main:1,g=int[][]:1
Variable Write,context=Main#main:1,xi=2
Variable Write,context=Main#main:1,g=int[][]:1
Variable Write,context=Main#main:1,g=int[][]:1
Variable Write,context=Main#main:1,xi=3
Variable Write,context=Main#main:1,g=int[][]:1
Variable Write,context=Main#main:1,g=int[][]:1
Variable Write,context=Main#main:1,xi=4
Variable Write,context=Main#main:1,g=int[][]:1
Variable Write,context=Main#main:1,g=int[][]:1
Variable Write,context=Main#main:1,xi=5
Variable Write,context=Main#main:1,g=int[][]:1
Variable Write,context=Main#main:1,g=int[][]:1
Variable Write,context=Main#main:1,xi=6
Variable Write,context=Main#main:1,g=int[][]:1
Variable Write,context=Main#main:1,g=int[][]:1
Variable Write,context=Main#main:1,xi=7
Variable Write,context=Main#main:1,g=int[][]:1
Variable Write,context=Main#main:1,g=int[][]:1
Variable Delete,method=Main#main:1 <name=xi,type=int (id=7),value=<?>,index=22>
Variable Write,context=Main#main:1,yi=3
Variable Write,context=Main#main:1,g=int[][]:1
Variable Write,context=Main#main:1,g=int[][]:1
Variable Write,context=Main#main:1,yi=4
Variable Write,context=Main#main:1,g=int[][]:1
Variable Write,context=Main#main:1,g=int[][]:1
Variable Write,context=Main#main:1,yi=5
Variable Write,context=Main#main:1,g=int[][]:1
Variable Write,context=Main#main:1,g=int[][]:1
Variable Write,context=Main#main:1,yi=6
Variable Write,context=Main#main:1,g=int[][]:1
Variable Write,context=Main#main:1,g=int[][]:1
Variable Write,context=Main#main:1,yi=7
Variable Write,context=Main#main:1,g=int[][]:1
Variable Write,context=Main#main:1,g=int[][]:1
Variable Write,context=Main#main:1,yi=8
Variable Write,context=Main#main:1,g=int[][]:1
Variable Write,context=Main#main:1,g=int[][]:1
Variable Write,context=Main#main:1,yi=9
Variable Write,context=Main#main:1,g=int[][]:1
Variable Write,context=Main#main:1,g=int[][]:1
Variable Write,context=Main#main:1,yi=10
Variable Write,context=Main#main:1,g=int[][]:1
Variable Write,context=Main#main:1,g=int[][]:1
Variable Write,context=Main#main:1,yi=11
Variable Write,context=Main#main:1,g=int[][]:1
Variable Write,context=Main#main:1,g=int[][]:1
Variable Write,context=Main#main:1,r=Main$Rect:2
Variable Delete,method=Main#main:1 <name=x1i,type=int (id=7),value=<?>,index=18>
Variable Delete,method=Main#main:1 <name=x2i,type=int (id=7),value=<?>,index=19>
Variable Delete,method=Main#main:1 <name=y1i,type=int (id=7),value=<?>,index=20>
Variable Delete,method=Main#main:1 <name=y2i,type=int (id=7),value=<?>,index=21>
Variable Delete,method=Main#main:1 <name=yi,type=int (id=7),value=<?>,index=23>
Field Read,context=Main$Rect:2,x1
Variable Write,context=Main#main:1,x1i=5
Field Read,context=Main$Rect:2,x2
Variable Write,context=Main#main:1,x2i=11
Field Read,context=Main$Rect:2,y1
Variable Write,context=Main#main:1,y1i=1
Field Read,context=Main$Rect:2,y2
Variable Write,context=Main#main:1,y2i=7
Variable Write,context=Main#main:1,xi=5
Variable Write,context=Main#main:1,g=int[][]:1
Variable Write,context=Main#main:1,g=int[][]:1
Variable Write,context=Main#main:1,xi=6
Variable Write,context=Main#main:1,g=int[][]:1
Variable Write,context=Main#main:1,g=int[][]:1
Variable Write,context=Main#main:1,xi=7
Variable Write,context=Main#main:1,g=int[][]:1
Variable Write,context=Main#main:1,g=int[][]:1
Variable Write,context=Main#main:1,xi=8
Variable Write,context=Main#main:1,g=int[][]:1
Variable Write,context=Main#main:1,g=int[][]:1
Variable Write,context=Main#main:1,xi=9
Variable Write,context=Main#main:1,g=int[][]:1
Variable Write,context=Main#main:1,g=int[][]:1
Variable Write,context=Main#main:1,xi=10
Variable Write,context=Main#main:1,g=int[][]:1
Variable Write,context=Main#main:1,g=int[][]:1
Variable Write,context=Main#main:1,xi=11
Variable Write,context=Main#main:1,g=int[][]:1
Variable Write,context=Main#main:1,g=int[][]:1
Variable Delete,method=Main#main:1 <name=xi,type=int (id=7),value=<?>,index=22>
Variable Write,context=Main#main:1,yi=1
Variable Write,context=Main#main:1,g=int[][]:1
Variable Write,context=Main#main:1,g=int[][]:1
Variable Write,context=Main#main:1,yi=2
Variable Write,context=Main#main:1,g=int[][]:1
Variable Write,context=Main#main:1,g=int[][]:1
Variable Write,context=Main#main:1,yi=3
Variable Write,context=Main#main:1,g=int[][]:1
Variable Write,context=Main#main:1,g=int[][]:1
Variable Write,context=Main#main:1,yi=4
Variable Write,context=Main#main:1,g=int[][]:1
Variable Write,context=Main#main:1,g=int[][]:1
Variable Write,context=Main#main:1,yi=5
Variable Write,context=Main#main:1,g=int[][]:1
Variable Write,context=Main#main:1,g=int[][]:1
Variable Write,context=Main#main:1,yi=6
Variable Write,context=Main#main:1,g=int[][]:1
Variable Write,context=Main#main:1,g=int[][]:1
Variable Write,context=Main#main:1,yi=7
Variable Write,context=Main#main:1,g=int[][]:1
Variable Write,context=Main#main:1,g=int[][]:1
Variable Write,context=Main#main:1,r=Main$Rect:3
Variable Delete,method=Main#main:1 <name=x1i,type=int (id=7),value=<?>,index=18>
Variable Delete,method=Main#main:1 <name=x2i,type=int (id=7),value=<?>,index=19>
Variable Delete,method=Main#main:1 <name=y1i,type=int (id=7),value=<?>,index=20>
Variable Delete,method=Main#main:1 <name=y2i,type=int (id=7),value=<?>,index=21>
Variable Delete,method=Main#main:1 <name=yi,type=int (id=7),value=<?>,index=23>
Field Read,context=Main$Rect:3,x1
Variable Write,context=Main#main:1,x1i=3
Field Read,context=Main$Rect:3,x2
Variable Write,context=Main#main:1,x2i=9
Field Read,context=Main$Rect:3,y1
Variable Write,context=Main#main:1,y1i=5
Field Read,context=Main$Rect:3,y2
Variable Write,context=Main#main:1,y2i=9
Variable Write,context=Main#main:1,xi=3
Variable Write,context=Main#main:1,g=int[][]:1
Variable Write,context=Main#main:1,g=int[][]:1
Variable Write,context=Main#main:1,xi=4
Variable Write,context=Main#main:1,g=int[][]:1
Variable Write,context=Main#main:1,g=int[][]:1
Variable Write,context=Main#main:1,xi=5
Variable Write,context=Main#main:1,g=int[][]:1
Variable Write,context=Main#main:1,g=int[][]:1
Variable Write,context=Main#main:1,xi=6
Variable Write,context=Main#main:1,g=int[][]:1
Variable Write,context=Main#main:1,g=int[][]:1
Variable Write,context=Main#main:1,xi=7
Variable Write,context=Main#main:1,g=int[][]:1
Variable Write,context=Main#main:1,g=int[][]:1
Variable Write,context=Main#main:1,xi=8
Variable Write,context=Main#main:1,g=int[][]:1
Variable Write,context=Main#main:1,g=int[][]:1
Variable Write,context=Main#main:1,xi=9
Variable Write,context=Main#main:1,g=int[][]:1
Variable Write,context=Main#main:1,g=int[][]:1
Variable Delete,method=Main#main:1 <name=xi,type=int (id=7),value=<?>,index=22>
Variable Write,context=Main#main:1,yi=5
Variable Write,context=Main#main:1,g=int[][]:1
Variable Write,context=Main#main:1,g=int[][]:1
Variable Write,context=Main#main:1,yi=6
Variable Write,context=Main#main:1,g=int[][]:1
Variable Write,context=Main#main:1,g=int[][]:1
Variable Write,context=Main#main:1,yi=7
Variable Write,context=Main#main:1,g=int[][]:1
Variable Write,context=Main#main:1,g=int[][]:1
Variable Write,context=Main#main:1,yi=8
Variable Write,context=Main#main:1,g=int[][]:1
Variable Write,context=Main#main:1,g=int[][]:1
Variable Write,context=Main#main:1,yi=9
Variable Write,context=Main#main:1,g=int[][]:1
Variable Write,context=Main#main:1,g=int[][]:1
Variable Delete,method=Main#main:1 <name=x1i,type=int (id=7),value=<?>,index=18>
Variable Delete,method=Main#main:1 <name=x2i,type=int (id=7),value=<?>,index=19>
Variable Delete,method=Main#main:1 <name=y1i,type=int (id=7),value=<?>,index=20>
Variable Delete,method=Main#main:1 <name=y2i,type=int (id=7),value=<?>,index=21>
Variable Delete,method=Main#main:1 <name=yi,type=int (id=7),value=<?>,index=23>
Variable Delete,method=Main#main:1 <name=r,type=Main$Rect (id=97),value=<?>,index=17>
Variable Write,context=Main#main:1,regions=0
Variable Write,context=Main#main:1,x=0
Variable Write,context=Main#main:1,y=0
Variable Write,context=Main#main:1,g=int[][]:1
New Object,object=Main$Tuple:1
Method Call,caller=Main#main:1,target=Main$Tuple:1#Main$Tuple:1
Variable Write,context=Main$Tuple:1#Main$Tuple:1,x=0
Variable Write,context=Main$Tuple:1#Main$Tuple:1,y=0
Field Write,context=Main$Tuple:1,x=0
Field Write,context=Main$Tuple:1,y=0
Method Exit,returner=Main$Tuple:1#Main$Tuple:1,value=<void>
Variable Write,context=Main#main:1,p=Main$Tuple:1
Variable Write,context=Main#main:1,regions=1
Variable Write,context=Main#main:1,q=java.util.ArrayDeque (id=395)
Variable Write,context=Main#main:1,t=Main$Tuple:1
Variable Write,context=Main#main:1,i=0
Field Read,context=Main$Tuple:1,x
Field Read,context=Main,xDelta
Variable Write,context=Main#main:1,newX=-1
Field Read,context=Main$Tuple:1,y
Field Read,context=Main,yDelta
Variable Write,context=Main#main:1,newY=0
Variable Write,context=Main#main:1,i=1
Variable Delete,method=Main#main:1 <name=newX,type=int (id=7),value=<?>,index=31>
Variable Delete,method=Main#main:1 <name=newY,type=int (id=7),value=<?>,index=32>
Field Read,context=Main$Tuple:1,x
Field Read,context=Main,xDelta
Variable Write,context=Main#main:1,newX=1
Field Read,context=Main$Tuple:1,y
Field Read,context=Main,yDelta
Variable Write,context=Main#main:1,newY=0
Variable Write,context=Main#main:1,g=int[][]:1
New Object,object=Main$Tuple:2
Method Call,caller=Main#main:1,target=Main$Tuple:2#Main$Tuple:2
Variable Write,context=Main$Tuple:2#Main$Tuple:2,x=1
Variable Write,context=Main$Tuple:2#Main$Tuple:2,y=0
Field Write,context=Main$Tuple:2,x=1
Field Write,context=Main$Tuple:2,y=0
Method Exit,returner=Main$Tuple:2#Main$Tuple:2,value=<void>
Variable Write,context=Main#main:1,i=2
Variable Delete,method=Main#main:1 <name=newX,type=int (id=7),value=<?>,index=31>
Variable Delete,method=Main#main:1 <name=newY,type=int (id=7),value=<?>,index=32>
Field Read,context=Main$Tuple:1,x
Field Read,context=Main,xDelta
Variable Write,context=Main#main:1,newX=0
Field Read,context=Main$Tuple:1,y
Field Read,context=Main,yDelta
Variable Write,context=Main#main:1,newY=-1
Variable Write,context=Main#main:1,i=3
Variable Delete,method=Main#main:1 <name=newX,type=int (id=7),value=<?>,index=31>
Variable Delete,method=Main#main:1 <name=newY,type=int (id=7),value=<?>,index=32>
Field Read,context=Main$Tuple:1,x
Field Read,context=Main,xDelta
Variable Write,context=Main#main:1,newX=0
Field Read,context=Main$Tuple:1,y
Field Read,context=Main,yDelta
Variable Write,context=Main#main:1,newY=1
Variable Write,context=Main#main:1,g=int[][]:1
New Object,object=Main$Tuple:3
Method Call,caller=Main#main:1,target=Main$Tuple:3#Main$Tuple:3
Variable Write,context=Main$Tuple:3#Main$Tuple:3,x=0
Variable Write,context=Main$Tuple:3#Main$Tuple:3,y=1
Field Write,context=Main$Tuple:3,x=0
Field Write,context=Main$Tuple:3,y=1
Method Exit,returner=Main$Tuple:3#Main$Tuple:3,value=<void>
Variable Delete,method=Main#main:1 <name=newX,type=int (id=7),value=<?>,index=31>
Variable Delete,method=Main#main:1 <name=newY,type=int (id=7),value=<?>,index=32>
Variable Delete,method=Main#main:1 <name=t,type=Main$Tuple (id=90),value=<?>,index=29>
Variable Delete,method=Main#main:1 <name=i,type=int (id=7),value=<?>,index=30>
Variable Write,context=Main#main:1,t=Main$Tuple:2
Variable Write,context=Main#main:1,i=0
Field Read,context=Main$Tuple:2,x
Field Read,context=Main,xDelta
Variable Write,context=Main#main:1,newX=0
Field Read,context=Main$Tuple:2,y
Field Read,context=Main,yDelta
Variable Write,context=Main#main:1,newY=0
Variable Write,context=Main#main:1,i=1
Variable Delete,method=Main#main:1 <name=newX,type=int (id=7),value=<?>,index=31>
Variable Delete,method=Main#main:1 <name=newY,type=int (id=7),value=<?>,index=32>
Field Read,context=Main$Tuple:2,x
Field Read,context=Main,xDelta
Variable Write,context=Main#main:1,newX=2
Field Read,context=Main$Tuple:2,y
Field Read,context=Main,yDelta
Variable Write,context=Main#main:1,newY=0
Variable Write,context=Main#main:1,g=int[][]:1
New Object,object=Main$Tuple:4
Method Call,caller=Main#main:1,target=Main$Tuple:4#Main$Tuple:4
Variable Write,context=Main$Tuple:4#Main$Tuple:4,x=2
Variable Write,context=Main$Tuple:4#Main$Tuple:4,y=0
Field Write,context=Main$Tuple:4,x=2
Field Write,context=Main$Tuple:4,y=0
Method Exit,returner=Main$Tuple:4#Main$Tuple:4,value=<void>
Variable Write,context=Main#main:1,i=2
Variable Delete,method=Main#main:1 <name=newX,type=int (id=7),value=<?>,index=31>
Variable Delete,method=Main#main:1 <name=newY,type=int (id=7),value=<?>,index=32>
Field Read,context=Main$Tuple:2,x
Field Read,context=Main,xDelta
Variable Write,context=Main#main:1,newX=1
Field Read,context=Main$Tuple:2,y
Field Read,context=Main,yDelta
Variable Write,context=Main#main:1,newY=-1
Variable Write,context=Main#main:1,i=3
Variable Delete,method=Main#main:1 <name=newX,type=int (id=7),value=<?>,index=31>
Variable Delete,method=Main#main:1 <name=newY,type=int (id=7),value=<?>,index=32>
Field Read,context=Main$Tuple:2,x
Field Read,context=Main,xDelta
Variable Write,context=Main#main:1,newX=1
Field Read,context=Main$Tuple:2,y
Field Read,context=Main,yDelta
Variable Write,context=Main#main:1,newY=1
Variable Write,context=Main#main:1,g=int[][]:1
New Object,object=Main$Tuple:5
Method Call,caller=Main#main:1,target=Main$Tuple:5#Main$Tuple:5
Variable Write,context=Main$Tuple:5#Main$Tuple:5,x=1
Variable Write,context=Main$Tuple:5#Main$Tuple:5,y=1
Field Write,context=Main$Tuple:5,x=1
Field Write,context=Main$Tuple:5,y=1
Method Exit,returner=Main$Tuple:5#Main$Tuple:5,value=<void>
Variable Delete,method=Main#main:1 <name=newX,type=int (id=7),value=<?>,index=31>
Variable Delete,method=Main#main:1 <name=newY,type=int (id=7),value=<?>,index=32>
Variable Delete,method=Main#main:1 <name=t,type=Main$Tuple (id=90),value=<?>,index=29>
Variable Delete,method=Main#main:1 <name=i,type=int (id=7),value=<?>,index=30>
Variable Write,context=Main#main:1,t=Main$Tuple:3
Variable Write,context=Main#main:1,i=0
Field Read,context=Main$Tuple:3,x
Field Read,context=Main,xDelta
Variable Write,context=Main#main:1,newX=-1
Field Read,context=Main$Tuple:3,y
Field Read,context=Main,yDelta
Variable Write,context=Main#main:1,newY=1
Variable Write,context=Main#main:1,i=1
Variable Delete,method=Main#main:1 <name=newX,type=int (id=7),value=<?>,index=31>
Variable Delete,method=Main#main:1 <name=newY,type=int (id=7),value=<?>,index=32>
Field Read,context=Main$Tuple:3,x
Field Read,context=Main,xDelta
Variable Write,context=Main#main:1,newX=1
Field Read,context=Main$Tuple:3,y
Field Read,context=Main,yDelta
Variable Write,context=Main#main:1,newY=1
Variable Write,context=Main#main:1,i=2
Variable Delete,method=Main#main:1 <name=newX,type=int (id=7),value=<?>,index=31>
Variable Delete,method=Main#main:1 <name=newY,type=int (id=7),value=<?>,index=32>
Field Read,context=Main$Tuple:3,x
Field Read,context=Main,xDelta
Variable Write,context=Main#main:1,newX=0
Field Read,context=Main$Tuple:3,y
Field Read,context=Main,yDelta
Variable Write,context=Main#main:1,newY=0
Variable Write,context=Main#main:1,i=3
Variable Delete,method=Main#main:1 <name=newX,type=int (id=7),value=<?>,index=31>
Variable Delete,method=Main#main:1 <name=newY,type=int (id=7),value=<?>,index=32>
Field Read,context=Main$Tuple:3,x
Field Read,context=Main,xDelta
Variable Write,context=Main#main:1,newX=0
Field Read,context=Main$Tuple:3,y
Field Read,context=Main,yDelta
Variable Write,context=Main#main:1,newY=2
Variable Write,context=Main#main:1,g=int[][]:1
New Object,object=Main$Tuple:6
Method Call,caller=Main#main:1,target=Main$Tuple:6#Main$Tuple:6
Variable Write,context=Main$Tuple:6#Main$Tuple:6,x=0
Variable Write,context=Main$Tuple:6#Main$Tuple:6,y=2
Field Write,context=Main$Tuple:6,x=0
Field Write,context=Main$Tuple:6,y=2
Method Exit,returner=Main$Tuple:6#Main$Tuple:6,value=<void>
Variable Delete,method=Main#main:1 <name=newX,type=int (id=7),value=<?>,index=31>
Variable Delete,method=Main#main:1 <name=newY,type=int (id=7),value=<?>,index=32>
Variable Delete,method=Main#main:1 <name=t,type=Main$Tuple (id=90),value=<?>,index=29>
Variable Delete,method=Main#main:1 <name=i,type=int (id=7),value=<?>,index=30>
Variable Write,context=Main#main:1,t=Main$Tuple:4
Variable Write,context=Main#main:1,i=0
Field Read,context=Main$Tuple:4,x
Field Read,context=Main,xDelta
Variable Write,context=Main#main:1,newX=1
Field Read,context=Main$Tuple:4,y
Field Read,context=Main,yDelta
Variable Write,context=Main#main:1,newY=0
Variable Write,context=Main#main:1,i=1
Variable Delete,method=Main#main:1 <name=newX,type=int (id=7),value=<?>,index=31>
Variable Delete,method=Main#main:1 <name=newY,type=int (id=7),value=<?>,index=32>
Field Read,context=Main$Tuple:4,x
Field Read,context=Main,xDelta
Variable Write,context=Main#main:1,newX=3
Field Read,context=Main$Tuple:4,y
Field Read,context=Main,yDelta
Variable Write,context=Main#main:1,newY=0
Variable Write,context=Main#main:1,g=int[][]:1
New Object,object=Main$Tuple:7
Method Call,caller=Main#main:1,target=Main$Tuple:7#Main$Tuple:7
Variable Write,context=Main$Tuple:7#Main$Tuple:7,x=3
Variable Write,context=Main$Tuple:7#Main$Tuple:7,y=0
Field Write,context=Main$Tuple:7,x=3
Field Write,context=Main$Tuple:7,y=0
Method Exit,returner=Main$Tuple:7#Main$Tuple:7,value=<void>
Variable Write,context=Main#main:1,i=2
Variable Delete,method=Main#main:1 <name=newX,type=int (id=7),value=<?>,index=31>
Variable Delete,method=Main#main:1 <name=newY,type=int (id=7),value=<?>,index=32>
Field Read,context=Main$Tuple:4,x
Field Read,context=Main,xDelta
Variable Write,context=Main#main:1,newX=2
Field Read,context=Main$Tuple:4,y
Field Read,context=Main,yDelta
Variable Write,context=Main#main:1,newY=-1
Variable Write,context=Main#main:1,i=3
Variable Delete,method=Main#main:1 <name=newX,type=int (id=7),value=<?>,index=31>
Variable Delete,method=Main#main:1 <name=newY,type=int (id=7),value=<?>,index=32>
Field Read,context=Main$Tuple:4,x
Field Read,context=Main,xDelta
Variable Write,context=Main#main:1,newX=2
Field Read,context=Main$Tuple:4,y
Field Read,context=Main,yDelta
Variable Write,context=Main#main:1,newY=1
Variable Write,context=Main#main:1,g=int[][]:1
New Object,object=Main$Tuple:8
Method Call,caller=Main#main:1,target=Main$Tuple:8#Main$Tuple:8
Variable Write,context=Main$Tuple:8#Main$Tuple:8,x=2
Variable Write,context=Main$Tuple:8#Main$Tuple:8,y=1
Field Write,context=Main$Tuple:8,x=2
Field Write,context=Main$Tuple:8,y=1
Method Exit,returner=Main$Tuple:8#Main$Tuple:8,value=<void>
Variable Delete,method=Main#main:1 <name=newX,type=int (id=7),value=<?>,index=31>
Variable Delete,method=Main#main:1 <name=newY,type=int (id=7),value=<?>,index=32>
Variable Delete,method=Main#main:1 <name=t,type=Main$Tuple (id=90),value=<?>,index=29>
Variable Delete,method=Main#main:1 <name=i,type=int (id=7),value=<?>,index=30>
Variable Write,context=Main#main:1,t=Main$Tuple:5
Variable Write,context=Main#main:1,i=0
Field Read,context=Main$Tuple:5,x
Field Read,context=Main,xDelta
Variable Write,context=Main#main:1,newX=0
Field Read,context=Main$Tuple:5,y
Field Read,context=Main,yDelta
Variable Write,context=Main#main:1,newY=1
Variable Write,context=Main#main:1,i=1
Variable Delete,method=Main#main:1 <name=newX,type=int (id=7),value=<?>,index=31>
Variable Delete,method=Main#main:1 <name=newY,type=int (id=7),value=<?>,index=32>
Field Read,context=Main$Tuple:5,x
Field Read,context=Main,xDelta
Variable Write,context=Main#main:1,newX=2
Field Read,context=Main$Tuple:5,y
Field Read,context=Main,yDelta
Variable Write,context=Main#main:1,newY=1
Variable Write,context=Main#main:1,i=2
Variable Delete,method=Main#main:1 <name=newX,type=int (id=7),value=<?>,index=31>
Variable Delete,method=Main#main:1 <name=newY,type=int (id=7),value=<?>,index=32>
Field Read,context=Main$Tuple:5,x
Field Read,context=Main,xDelta
Variable Write,context=Main#main:1,newX=1
Field Read,context=Main$Tuple:5,y
Field Read,context=Main,yDelta
Variable Write,context=Main#main:1,newY=0
Variable Write,context=Main#main:1,i=3
Variable Delete,method=Main#main:1 <name=newX,type=int (id=7),value=<?>,index=31>
Variable Delete,method=Main#main:1 <name=newY,type=int (id=7),value=<?>,index=32>
Field Read,context=Main$Tuple:5,x
Field Read,context=Main,xDelta
Variable Write,context=Main#main:1,newX=1
Field Read,context=Main$Tuple:5,y
Field Read,context=Main,yDelta
Variable Write,context=Main#main:1,newY=2
Variable Write,context=Main#main:1,g=int[][]:1
New Object,object=Main$Tuple:9
Method Call,caller=Main#main:1,target=Main$Tuple:9#Main$Tuple:9
Variable Write,context=Main$Tuple:9#Main$Tuple:9,x=1
Variable Write,context=Main$Tuple:9#Main$Tuple:9,y=2
Field Write,context=Main$Tuple:9,x=1
Field Write,context=Main$Tuple:9,y=2
Method Exit,returner=Main$Tuple:9#Main$Tuple:9,value=<void>
Variable Delete,method=Main#main:1 <name=newX,type=int (id=7),value=<?>,index=31>
Variable Delete,method=Main#main:1 <name=newY,type=int (id=7),value=<?>,index=32>
Variable Delete,method=Main#main:1 <name=t,type=Main$Tuple (id=90),value=<?>,index=29>
Variable Delete,method=Main#main:1 <name=i,type=int (id=7),value=<?>,index=30>
Variable Write,context=Main#main:1,t=Main$Tuple:6
Variable Write,context=Main#main:1,i=0
Field Read,context=Main$Tuple:6,x
Field Read,context=Main,xDelta
Variable Write,context=Main#main:1,newX=-1
Field Read,context=Main$Tuple:6,y
Field Read,context=Main,yDelta
Variable Write,context=Main#main:1,newY=2
Variable Write,context=Main#main:1,i=1
Variable Delete,method=Main#main:1 <name=newX,type=int (id=7),value=<?>,index=31>
Variable Delete,method=Main#main:1 <name=newY,type=int (id=7),value=<?>,index=32>
Field Read,context=Main$Tuple:6,x
Field Read,context=Main,xDelta
Variable Write,context=Main#main:1,newX=1
Field Read,context=Main$Tuple:6,y
Field Read,context=Main,yDelta
Variable Write,context=Main#main:1,newY=2
Variable Write,context=Main#main:1,i=2
Variable Delete,method=Main#main:1 <name=newX,type=int (id=7),value=<?>,index=31>
Variable Delete,method=Main#main:1 <name=newY,type=int (id=7),value=<?>,index=32>
Field Read,context=Main$Tuple:6,x
Field Read,context=Main,xDelta
Variable Write,context=Main#main:1,newX=0
Field Read,context=Main$Tuple:6,y
Field Read,context=Main,yDelta
Variable Write,context=Main#main:1,newY=1
Variable Write,context=Main#main:1,i=3
Variable Delete,method=Main#main:1 <name=newX,type=int (id=7),value=<?>,index=31>
Variable Delete,method=Main#main:1 <name=newY,type=int (id=7),value=<?>,index=32>
Field Read,context=Main$Tuple:6,x
Field Read,context=Main,xDelta
Variable Write,context=Main#main:1,newX=0
Field Read,context=Main$Tuple:6,y
Field Read,context=Main,yDelta
Variable Write,context=Main#main:1,newY=3
Variable Write,context=Main#main:1,g=int[][]:1
New Object,object=Main$Tuple:10
Method Call,caller=Main#main:1,target=Main$Tuple:10#Main$Tuple:10
Variable Write,context=Main$Tuple:10#Main$Tuple:10,x=0
Variable Write,context=Main$Tuple:10#Main$Tuple:10,y=3
Field Write,context=Main$Tuple:10,x=0
Field Write,context=Main$Tuple:10,y=3
Method Exit,returner=Main$Tuple:10#Main$Tuple:10,value=<void>
Variable Delete,method=Main#main:1 <name=newX,type=int (id=7),value=<?>,index=31>
Variable Delete,method=Main#main:1 <name=newY,type=int (id=7),value=<?>,index=32>
Variable Delete,method=Main#main:1 <name=t,type=Main$Tuple (id=90),value=<?>,index=29>
Variable Delete,method=Main#main:1 <name=i,type=int (id=7),value=<?>,index=30>
Variable Write,context=Main#main:1,t=Main$Tuple:7
Variable Write,context=Main#main:1,i=0
Field Read,context=Main$Tuple:7,x
Field Read,context=Main,xDelta
Variable Write,context=Main#main:1,newX=2
Field Read,context=Main$Tuple:7,y
Field Read,context=Main,yDelta
Variable Write,context=Main#main:1,newY=0
Variable Write,context=Main#main:1,i=1
Variable Delete,method=Main#main:1 <name=newX,type=int (id=7),value=<?>,index=31>
Variable Delete,method=Main#main:1 <name=newY,type=int (id=7),value=<?>,index=32>
Field Read,context=Main$Tuple:7,x
Field Read,context=Main,xDelta
Variable Write,context=Main#main:1,newX=4
Field Read,context=Main$Tuple:7,y
Field Read,context=Main,yDelta
Variable Write,context=Main#main:1,newY=0
Variable Write,context=Main#main:1,g=int[][]:1
New Object,object=Main$Tuple:11
Method Call,caller=Main#main:1,target=Main$Tuple:11#Main$Tuple:11
Variable Write,context=Main$Tuple:11#Main$Tuple:11,x=4
Variable Write,context=Main$Tuple:11#Main$Tuple:11,y=0
Field Write,context=Main$Tuple:11,x=4
Field Write,context=Main$Tuple:11,y=0
Method Exit,returner=Main$Tuple:11#Main$Tuple:11,value=<void>
Variable Write,context=Main#main:1,i=2
Variable Delete,method=Main#main:1 <name=newX,type=int (id=7),value=<?>,index=31>
Variable Delete,method=Main#main:1 <name=newY,type=int (id=7),value=<?>,index=32>
Field Read,context=Main$Tuple:7,x
Field Read,context=Main,xDelta
Variable Write,context=Main#main:1,newX=3
Field Read,context=Main$Tuple:7,y
Field Read,context=Main,yDelta
Variable Write,context=Main#main:1,newY=-1
Variable Write,context=Main#main:1,i=3
Variable Delete,method=Main#main:1 <name=newX,type=int (id=7),value=<?>,index=31>
Variable Delete,method=Main#main:1 <name=newY,type=int (id=7),value=<?>,index=32>
Field Read,context=Main$Tuple:7,x
Field Read,context=Main,xDelta
Variable Write,context=Main#main:1,newX=3
Field Read,context=Main$Tuple:7,y
Field Read,context=Main,yDelta
Variable Write,context=Main#main:1,newY=1
Variable Write,context=Main#main:1,g=int[][]:1
New Object,object=Main$Tuple:12
Method Call,caller=Main#main:1,target=Main$Tuple:12#Main$Tuple:12
Variable Write,context=Main$Tuple:12#Main$Tuple:12,x=3
Variable Write,context=Main$Tuple:12#Main$Tuple:12,y=1
Field Write,context=Main$Tuple:12,x=3
Field Write,context=Main$Tuple:12,y=1
Method Exit,returner=Main$Tuple:12#Main$Tuple:12,value=<void>
Variable Delete,method=Main#main:1 <name=newX,type=int (id=7),value=<?>,index=31>
Variable Delete,method=Main#main:1 <name=newY,type=int (id=7),value=<?>,index=32>
Variable Delete,method=Main#main:1 <name=t,type=Main$Tuple (id=90),value=<?>,index=29>
Variable Delete,method=Main#main:1 <name=i,type=int (id=7),value=<?>,index=30>
Variable Write,context=Main#main:1,t=Main$Tuple:8
Variable Write,context=Main#main:1,i=0
Field Read,context=Main$Tuple:8,x
Field Read,context=Main,xDelta
Variable Write,context=Main#main:1,newX=1
Field Read,context=Main$Tuple:8,y
Field Read,context=Main,yDelta
Variable Write,context=Main#main:1,newY=1
Variable Write,context=Main#main:1,i=1
Variable Delete,method=Main#main:1 <name=newX,type=int (id=7),value=<?>,index=31>
Variable Delete,method=Main#main:1 <name=newY,type=int (id=7),value=<?>,index=32>
Field Read,context=Main$Tuple:8,x
Field Read,context=Main,xDelta
Variable Write,context=Main#main:1,newX=3
Field Read,context=Main$Tuple:8,y
Field Read,context=Main,yDelta
Variable Write,context=Main#main:1,newY=1
Variable Write,context=Main#main:1,i=2
Variable Delete,method=Main#main:1 <name=newX,type=int (id=7),value=<?>,index=31>
Variable Delete,method=Main#main:1 <name=newY,type=int (id=7),value=<?>,index=32>
Field Read,context=Main$Tuple:8,x
Field Read,context=Main,xDelta
Variable Write,context=Main#main:1,newX=2
Field Read,context=Main$Tuple:8,y
Field Read,context=Main,yDelta
Variable Write,context=Main#main:1,newY=0
Variable Write,context=Main#main:1,i=3
Variable Delete,method=Main#main:1 <name=newX,type=int (id=7),value=<?>,index=31>
Variable Delete,method=Main#main:1 <name=newY,type=int (id=7),value=<?>,index=32>
Field Read,context=Main$Tuple:8,x
Field Read,context=Main,xDelta
Variable Write,context=Main#main:1,newX=2
Field Read,context=Main$Tuple:8,y
Field Read,context=Main,yDelta
Variable Write,context=Main#main:1,newY=2
Variable Write,context=Main#main:1,g=int[][]:1
New Object,object=Main$Tuple:13
Method Call,caller=Main#main:1,target=Main$Tuple:13#Main$Tuple:13
Variable Write,context=Main$Tuple:13#Main$Tuple:13,x=2
Variable Write,context=Main$Tuple:13#Main$Tuple:13,y=2
Field Write,context=Main$Tuple:13,x=2
Field Write,context=Main$Tuple:13,y=2
Method Exit,returner=Main$Tuple:13#Main$Tuple:13,value=<void>
Variable Delete,method=Main#main:1 <name=newX,type=int (id=7),value=<?>,index=31>
Variable Delete,method=Main#main:1 <name=newY,type=int (id=7),value=<?>,index=32>
Variable Delete,method=Main#main:1 <name=t,type=Main$Tuple (id=90),value=<?>,index=29>
Variable Delete,method=Main#main:1 <name=i,type=int (id=7),value=<?>,index=30>
Variable Write,context=Main#main:1,t=Main$Tuple:9
Variable Write,context=Main#main:1,i=0
Field Read,context=Main$Tuple:9,x
Field Read,context=Main,xDelta
Variable Write,context=Main#main:1,newX=0
Field Read,context=Main$Tuple:9,y
Field Read,context=Main,yDelta
Variable Write,context=Main#main:1,newY=2
Variable Write,context=Main#main:1,i=1
Variable Delete,method=Main#main:1 <name=newX,type=int (id=7),value=<?>,index=31>
Variable Delete,method=Main#main:1 <name=newY,type=int (id=7),value=<?>,index=32>
Field Read,context=Main$Tuple:9,x
Field Read,context=Main,xDelta
Variable Write,context=Main#main:1,newX=2
Field Read,context=Main$Tuple:9,y
Field Read,context=Main,yDelta
Variable Write,context=Main#main:1,newY=2
Variable Write,context=Main#main:1,i=2
Variable Delete,method=Main#main:1 <name=newX,type=int (id=7),value=<?>,index=31>
Variable Delete,method=Main#main:1 <name=newY,type=int (id=7),value=<?>,index=32>
Field Read,context=Main$Tuple:9,x
Field Read,context=Main,xDelta
Variable Write,context=Main#main:1,newX=1
Field Read,context=Main$Tuple:9,y
Field Read,context=Main,yDelta
Variable Write,context=Main#main:1,newY=1
Variable Write,context=Main#main:1,i=3
Variable Delete,method=Main#main:1 <name=newX,type=int (id=7),value=<?>,index=31>
Variable Delete,method=Main#main:1 <name=newY,type=int (id=7),value=<?>,index=32>
Field Read,context=Main$Tuple:9,x
Field Read,context=Main,xDelta
Variable Write,context=Main#main:1,newX=1
Field Read,context=Main$Tuple:9,y
Field Read,context=Main,yDelta
Variable Write,context=Main#main:1,newY=3
Variable Delete,method=Main#main:1 <name=newX,type=int (id=7),value=<?>,index=31>
Variable Delete,method=Main#main:1 <name=newY,type=int (id=7),value=<?>,index=32>
Variable Delete,method=Main#main:1 <name=t,type=Main$Tuple (id=90),value=<?>,index=29>
Variable Delete,method=Main#main:1 <name=i,type=int (id=7),value=<?>,index=30>
Variable Write,context=Main#main:1,t=Main$Tuple:10
Variable Write,context=Main#main:1,i=0
Field Read,context=Main$Tuple:10,x
Field Read,context=Main,xDelta
Variable Write,context=Main#main:1,newX=-1
Field Read,context=Main$Tuple:10,y
Field Read,context=Main,yDelta
Variable Write,context=Main#main:1,newY=3
Variable Write,context=Main#main:1,i=1
Variable Delete,method=Main#main:1 <name=newX,type=int (id=7),value=<?>,index=31>
Variable Delete,method=Main#main:1 <name=newY,type=int (id=7),value=<?>,index=32>
Field Read,context=Main$Tuple:10,x
Field Read,context=Main,xDelta
Variable Write,context=Main#main:1,newX=1
Field Read,context=Main$Tuple:10,y
Field Read,context=Main,yDelta
Variable Write,context=Main#main:1,newY=3
Variable Write,context=Main#main:1,i=2
Variable Delete,method=Main#main:1 <name=newX,type=int (id=7),value=<?>,index=31>
Variable Delete,method=Main#main:1 <name=newY,type=int (id=7),value=<?>,index=32>
Field Read,context=Main$Tuple:10,x
Field Read,context=Main,xDelta
Variable Write,context=Main#main:1,newX=0
Field Read,context=Main$Tuple:10,y
Field Read,context=Main,yDelta
Variable Write,context=Main#main:1,newY=2
Variable Write,context=Main#main:1,i=3
Variable Delete,method=Main#main:1 <name=newX,type=int (id=7),value=<?>,index=31>
Variable Delete,method=Main#main:1 <name=newY,type=int (id=7),value=<?>,index=32>
Field Read,context=Main$Tuple:10,x
Field Read,context=Main,xDelta
Variable Write,context=Main#main:1,newX=0
Field Read,context=Main$Tuple:10,y
Field Read,context=Main,yDelta
Variable Write,context=Main#main:1,newY=4
Variable Write,context=Main#main:1,g=int[][]:1
New Object,object=Main$Tuple:14
Method Call,caller=Main#main:1,target=Main$Tuple:14#Main$Tuple:14
Variable Write,context=Main$Tuple:14#Main$Tuple:14,x=0
Variable Write,context=Main$Tuple:14#Main$Tuple:14,y=4
Field Write,context=Main$Tuple:14,x=0
Field Write,context=Main$Tuple:14,y=4
Method Exit,returner=Main$Tuple:14#Main$Tuple:14,value=<void>
Variable Delete,method=Main#main:1 <name=newX,type=int (id=7),value=<?>,index=31>
Variable Delete,method=Main#main:1 <name=newY,type=int (id=7),value=<?>,index=32>
Variable Delete,method=Main#main:1 <name=t,type=Main$Tuple (id=90),value=<?>,index=29>
Variable Delete,method=Main#main:1 <name=i,type=int (id=7),value=<?>,index=30>
Variable Write,context=Main#main:1,t=Main$Tuple:11
Variable Write,context=Main#main:1,i=0
Field Read,context=Main$Tuple:11,x
Field Read,context=Main,xDelta
Variable Write,context=Main#main:1,newX=3
Field Read,context=Main$Tuple:11,y
Field Read,context=Main,yDelta
Variable Write,context=Main#main:1,newY=0
Variable Write,context=Main#main:1,i=1
Variable Delete,method=Main#main:1 <name=newX,type=int (id=7),value=<?>,index=31>
Variable Delete,method=Main#main:1 <name=newY,type=int (id=7),value=<?>,index=32>
Field Read,context=Main$Tuple:11,x
Field Read,context=Main,xDelta
Variable Write,context=Main#main:1,newX=5
Field Read,context=Main$Tuple:11,y
Field Read,context=Main,yDelta
Variable Write,context=Main#main:1,newY=0
Variable Write,context=Main#main:1,g=int[][]:1
New Object,object=Main$Tuple:15
Method Call,caller=Main#main:1,target=Main$Tuple:15#Main$Tuple:15
Variable Write,context=Main$Tuple:15#Main$Tuple:15,x=5
Variable Write,context=Main$Tuple:15#Main$Tuple:15,y=0
Field Write,context=Main$Tuple:15,x=5
Field Write,context=Main$Tuple:15,y=0
Method Exit,returner=Main$Tuple:15#Main$Tuple:15,value=<void>
Variable Write,context=Main#main:1,i=2
Variable Delete,method=Main#main:1 <name=newX,type=int (id=7),value=<?>,index=31>
Variable Delete,method=Main#main:1 <name=newY,type=int (id=7),value=<?>,index=32>
Field Read,context=Main$Tuple:11,x
Field Read,context=Main,xDelta
Variable Write,context=Main#main:1,newX=4
Field Read,context=Main$Tuple:11,y
Field Read,context=Main,yDelta
Variable Write,context=Main#main:1,newY=-1
Variable Write,context=Main#main:1,i=3
Variable Delete,method=Main#main:1 <name=newX,type=int (id=7),value=<?>,index=31>
Variable Delete,method=Main#main:1 <name=newY,type=int (id=7),value=<?>,index=32>
Field Read,context=Main$Tuple:11,x
Field Read,context=Main,xDelta
Variable Write,context=Main#main:1,newX=4
Field Read,context=Main$Tuple:11,y
Field Read,context=Main,yDelta
Variable Write,context=Main#main:1,newY=1
Variable Write,context=Main#main:1,g=int[][]:1
New Object,object=Main$Tuple:16
Method Call,caller=Main#main:1,target=Main$Tuple:16#Main$Tuple:16
Variable Write,context=Main$Tuple:16#Main$Tuple:16,x=4
Variable Write,context=Main$Tuple:16#Main$Tuple:16,y=1
Field Write,context=Main$Tuple:16,x=4
Field Write,context=Main$Tuple:16,y=1
Method Exit,returner=Main$Tuple:16#Main$Tuple:16,value=<void>
Variable Delete,method=Main#main:1 <name=newX,type=int (id=7),value=<?>,index=31>
Variable Delete,method=Main#main:1 <name=newY,type=int (id=7),value=<?>,index=32>
Variable Delete,method=Main#main:1 <name=t,type=Main$Tuple (id=90),value=<?>,index=29>
Variable Delete,method=Main#main:1 <name=i,type=int (id=7),value=<?>,index=30>
Variable Write,context=Main#main:1,t=Main$Tuple:12
Variable Write,context=Main#main:1,i=0
Field Read,context=Main$Tuple:12,x
Field Read,context=Main,xDelta
Variable Write,context=Main#main:1,newX=2
Field Read,context=Main$Tuple:12,y
Field Read,context=Main,yDelta
Variable Write,context=Main#main:1,newY=1
Variable Write,context=Main#main:1,i=1
Variable Delete,method=Main#main:1 <name=newX,type=int (id=7),value=<?>,index=31>
Variable Delete,method=Main#main:1 <name=newY,type=int (id=7),value=<?>,index=32>
Field Read,context=Main$Tuple:12,x
Field Read,context=Main,xDelta
Variable Write,context=Main#main:1,newX=4
Field Read,context=Main$Tuple:12,y
Field Read,context=Main,yDelta
Variable Write,context=Main#main:1,newY=1
Variable Write,context=Main#main:1,i=2
Variable Delete,method=Main#main:1 <name=newX,type=int (id=7),value=<?>,index=31>
Variable Delete,method=Main#main:1 <name=newY,type=int (id=7),value=<?>,index=32>
Field Read,context=Main$Tuple:12,x
Field Read,context=Main,xDelta
Variable Write,context=Main#main:1,newX=3
Field Read,context=Main$Tuple:12,y
Field Read,context=Main,yDelta
Variable Write,context=Main#main:1,newY=0
Variable Write,context=Main#main:1,i=3
Variable Delete,method=Main#main:1 <name=newX,type=int (id=7),value=<?>,index=31>
Variable Delete,method=Main#main:1 <name=newY,type=int (id=7),value=<?>,index=32>
Field Read,context=Main$Tuple:12,x
Field Read,context=Main,xDelta
Variable Write,context=Main#main:1,newX=3
Field Read,context=Main$Tuple:12,y
Field Read,context=Main,yDelta
Variable Write,context=Main#main:1,newY=2
Variable Write,context=Main#main:1,g=int[][]:1
New Object,object=Main$Tuple:17
Method Call,caller=Main#main:1,target=Main$Tuple:17#Main$Tuple:17
Variable Write,context=Main$Tuple:17#Main$Tuple:17,x=3
Variable Write,context=Main$Tuple:17#Main$Tuple:17,y=2
Field Write,context=Main$Tuple:17,x=3
Field Write,context=Main$Tuple:17,y=2
Method Exit,returner=Main$Tuple:17#Main$Tuple:17,value=<void>
Variable Delete,method=Main#main:1 <name=newX,type=int (id=7),value=<?>,index=31>
Variable Delete,method=Main#main:1 <name=newY,type=int (id=7),value=<?>,index=32>
Variable Delete,method=Main#main:1 <name=t,type=Main$Tuple (id=90),value=<?>,index=29>
Variable Delete,method=Main#main:1 <name=i,type=int (id=7),value=<?>,index=30>
Variable Write,context=Main#main:1,t=Main$Tuple:13
Variable Write,context=Main#main:1,i=0
Field Read,context=Main$Tuple:13,x
Field Read,context=Main,xDelta
Variable Write,context=Main#main:1,newX=1
Field Read,context=Main$Tuple:13,y
Field Read,context=Main,yDelta
Variable Write,context=Main#main:1,newY=2
Variable Write,context=Main#main:1,i=1
Variable Delete,method=Main#main:1 <name=newX,type=int (id=7),value=<?>,index=31>
Variable Delete,method=Main#main:1 <name=newY,type=int (id=7),value=<?>,index=32>
Field Read,context=Main$Tuple:13,x
Field Read,context=Main,xDelta
Variable Write,context=Main#main:1,newX=3
Field Read,context=Main$Tuple:13,y
Field Read,context=Main,yDelta
Variable Write,context=Main#main:1,newY=2
Variable Write,context=Main#main:1,i=2
Variable Delete,method=Main#main:1 <name=newX,type=int (id=7),value=<?>,index=31>
Variable Delete,method=Main#main:1 <name=newY,type=int (id=7),value=<?>,index=32>
Field Read,context=Main$Tuple:13,x
Field Read,context=Main,xDelta
Variable Write,context=Main#main:1,newX=2
Field Read,context=Main$Tuple:13,y
Field Read,context=Main,yDelta
Variable Write,context=Main#main:1,newY=1
Variable Write,context=Main#main:1,i=3
Variable Delete,method=Main#main:1 <name=newX,type=int (id=7),value=<?>,index=31>
Variable Delete,method=Main#main:1 <name=newY,type=int (id=7),value=<?>,index=32>
Field Read,context=Main$Tuple:13,x
Field Read,context=Main,xDelta
Variable Write,context=Main#main:1,newX=2
Field Read,context=Main$Tuple:13,y
Field Read,context=Main,yDelta
Variable Write,context=Main#main:1,newY=3
Variable Delete,method=Main#main:1 <name=newX,type=int (id=7),value=<?>,index=31>
Variable Delete,method=Main#main:1 <name=newY,type=int (id=7),value=<?>,index=32>
Variable Delete,method=Main#main:1 <name=t,type=Main$Tuple (id=90),value=<?>,index=29>
Variable Delete,method=Main#main:1 <name=i,type=int (id=7),value=<?>,index=30>
Variable Write,context=Main#main:1,t=Main$Tuple:14
Variable Write,context=Main#main:1,i=0
Field Read,context=Main$Tuple:14,x
Field Read,context=Main,xDelta
Variable Write,context=Main#main:1,newX=-1
Field Read,context=Main$Tuple:14,y
Field Read,context=Main,yDelta
Variable Write,context=Main#main:1,newY=4
Variable Write,context=Main#main:1,i=1
Variable Delete,method=Main#main:1 <name=newX,type=int (id=7),value=<?>,index=31>
Variable Delete,method=Main#main:1 <name=newY,type=int (id=7),value=<?>,index=32>
Field Read,context=Main$Tuple:14,x
Field Read,context=Main,xDelta
Variable Write,context=Main#main:1,newX=1
Field Read,context=Main$Tuple:14,y
Field Read,context=Main,yDelta
Variable Write,context=Main#main:1,newY=4
Variable Write,context=Main#main:1,i=2
Variable Delete,method=Main#main:1 <name=newX,type=int (id=7),value=<?>,index=31>
Variable Delete,method=Main#main:1 <name=newY,type=int (id=7),value=<?>,index=32>
Field Read,context=Main$Tuple:14,x
Field Read,context=Main,xDelta
Variable Write,context=Main#main:1,newX=0
Field Read,context=Main$Tuple:14,y
Field Read,context=Main,yDelta
Variable Write,context=Main#main:1,newY=3
Variable Write,context=Main#main:1,i=3
Variable Delete,method=Main#main:1 <name=newX,type=int (id=7),value=<?>,index=31>
Variable Delete,method=Main#main:1 <name=newY,type=int (id=7),value=<?>,index=32>
Field Read,context=Main$Tuple:14,x
Field Read,context=Main,xDelta
Variable Write,context=Main#main:1,newX=0
Field Read,context=Main$Tuple:14,y
Field Read,context=Main,yDelta
Variable Write,context=Main#main:1,newY=5
Variable Write,context=Main#main:1,g=int[][]:1
New Object,object=Main$Tuple:18
Method Call,caller=Main#main:1,target=Main$Tuple:18#Main$Tuple:18
Variable Write,context=Main$Tuple:18#Main$Tuple:18,x=0
Variable Write,context=Main$Tuple:18#Main$Tuple:18,y=5
Field Write,context=Main$Tuple:18,x=0
Field Write,context=Main$Tuple:18,y=5
Method Exit,returner=Main$Tuple:18#Main$Tuple:18,value=<void>
Variable Delete,method=Main#main:1 <name=newX,type=int (id=7),value=<?>,index=31>
Variable Delete,method=Main#main:1 <name=newY,type=int (id=7),value=<?>,index=32>
Variable Delete,method=Main#main:1 <name=t,type=Main$Tuple (id=90),value=<?>,index=29>
Variable Delete,method=Main#main:1 <name=i,type=int (id=7),value=<?>,index=30>
Variable Write,context=Main#main:1,t=Main$Tuple:15
Variable Write,context=Main#main:1,i=0
Field Read,context=Main$Tuple:15,x
Field Read,context=Main,xDelta
Variable Write,context=Main#main:1,newX=4
Field Read,context=Main$Tuple:15,y
Field Read,context=Main,yDelta
Variable Write,context=Main#main:1,newY=0
Variable Write,context=Main#main:1,i=1
Variable Delete,method=Main#main:1 <name=newX,type=int (id=7),value=<?>,index=31>
Variable Delete,method=Main#main:1 <name=newY,type=int (id=7),value=<?>,index=32>
Field Read,context=Main$Tuple:15,x
Field Read,context=Main,xDelta
Variable Write,context=Main#main:1,newX=6
Field Read,context=Main$Tuple:15,y
Field Read,context=Main,yDelta
Variable Write,context=Main#main:1,newY=0
Variable Write,context=Main#main:1,g=int[][]:1
New Object,object=Main$Tuple:19
Method Call,caller=Main#main:1,target=Main$Tuple:19#Main$Tuple:19
Variable Write,context=Main$Tuple:19#Main$Tuple:19,x=6
Variable Write,context=Main$Tuple:19#Main$Tuple:19,y=0
Field Write,context=Main$Tuple:19,x=6
Field Write,context=Main$Tuple:19,y=0
Method Exit,returner=Main$Tuple:19#Main$Tuple:19,value=<void>
Variable Write,context=Main#main:1,i=2
Variable Delete,method=Main#main:1 <name=newX,type=int (id=7),value=<?>,index=31>
Variable Delete,method=Main#main:1 <name=newY,type=int (id=7),value=<?>,index=32>
Field Read,context=Main$Tuple:15,x
Field Read,context=Main,xDelta
Variable Write,context=Main#main:1,newX=5
Field Read,context=Main$Tuple:15,y
Field Read,context=Main,yDelta
Variable Write,context=Main#main:1,newY=-1
Variable Write,context=Main#main:1,i=3
Variable Delete,method=Main#main:1 <name=newX,type=int (id=7),value=<?>,index=31>
Variable Delete,method=Main#main:1 <name=newY,type=int (id=7),value=<?>,index=32>
Field Read,context=Main$Tuple:15,x
Field Read,context=Main,xDelta
Variable Write,context=Main#main:1,newX=5
Field Read,context=Main$Tuple:15,y
Field Read,context=Main,yDelta
Variable Write,context=Main#main:1,newY=1
Variable Delete,method=Main#main:1 <name=newX,type=int (id=7),value=<?>,index=31>
Variable Delete,method=Main#main:1 <name=newY,type=int (id=7),value=<?>,index=32>
Variable Delete,method=Main#main:1 <name=t,type=Main$Tuple (id=90),value=<?>,index=29>
Variable Delete,method=Main#main:1 <name=i,type=int (id=7),value=<?>,index=30>
Variable Write,context=Main#main:1,t=Main$Tuple:16
Variable Write,context=Main#main:1,i=0
Field Read,context=Main$Tuple:16,x
Field Read,context=Main,xDelta
Variable Write,context=Main#main:1,newX=3
Field Read,context=Main$Tuple:16,y
Field Read,context=Main,yDelta
Variable Write,context=Main#main:1,newY=1
Variable Write,context=Main#main:1,i=1
Variable Delete,method=Main#main:1 <name=newX,type=int (id=7),value=<?>,index=31>
Variable Delete,method=Main#main:1 <name=newY,type=int (id=7),value=<?>,index=32>
Field Read,context=Main$Tuple:16,x
Field Read,context=Main,xDelta
Variable Write,context=Main#main:1,newX=5
Field Read,context=Main$Tuple:16,y
Field Read,context=Main,yDelta
Variable Write,context=Main#main:1,newY=1
Variable Write,context=Main#main:1,i=2
Variable Delete,method=Main#main:1 <name=newX,type=int (id=7),value=<?>,index=31>
Variable Delete,method=Main#main:1 <name=newY,type=int (id=7),value=<?>,index=32>
Field Read,context=Main$Tuple:16,x
Field Read,context=Main,xDelta
Variable Write,context=Main#main:1,newX=4
Field Read,context=Main$Tuple:16,y
Field Read,context=Main,yDelta
Variable Write,context=Main#main:1,newY=0
Variable Write,context=Main#main:1,i=3
Variable Delete,method=Main#main:1 <name=newX,type=int (id=7),value=<?>,index=31>
Variable Delete,method=Main#main:1 <name=newY,type=int (id=7),value=<?>,index=32>
Field Read,context=Main$Tuple:16,x
Field Read,context=Main,xDelta
Variable Write,context=Main#main:1,newX=4
Field Read,context=Main$Tuple:16,y
Field Read,context=Main,yDelta
Variable Write,context=Main#main:1,newY=2
Variable Write,context=Main#main:1,g=int[][]:1
New Object,object=Main$Tuple:20
Method Call,caller=Main#main:1,target=Main$Tuple:20#Main$Tuple:20
Variable Write,context=Main$Tuple:20#Main$Tuple:20,x=4
Variable Write,context=Main$Tuple:20#Main$Tuple:20,y=2
Field Write,context=Main$Tuple:20,x=4
Field Write,context=Main$Tuple:20,y=2
Method Exit,returner=Main$Tuple:20#Main$Tuple:20,value=<void>
Variable Delete,method=Main#main:1 <name=newX,type=int (id=7),value=<?>,index=31>
Variable Delete,method=Main#main:1 <name=newY,type=int (id=7),value=<?>,index=32>
Variable Delete,method=Main#main:1 <name=t,type=Main$Tuple (id=90),value=<?>,index=29>
Variable Delete,method=Main#main:1 <name=i,type=int (id=7),value=<?>,index=30>
Variable Write,context=Main#main:1,t=Main$Tuple:17
Variable Write,context=Main#main:1,i=0
Field Read,context=Main$Tuple:17,x
Field Read,context=Main,xDelta
Variable Write,context=Main#main:1,newX=2
Field Read,context=Main$Tuple:17,y
Field Read,context=Main,yDelta
Variable Write,context=Main#main:1,newY=2
Variable Write,context=Main#main:1,i=1
Variable Delete,method=Main#main:1 <name=newX,type=int (id=7),value=<?>,index=31>
Variable Delete,method=Main#main:1 <name=newY,type=int (id=7),value=<?>,index=32>
Field Read,context=Main$Tuple:17,x
Field Read,context=Main,xDelta
Variable Write,context=Main#main:1,newX=4
Field Read,context=Main$Tuple:17,y
Field Read,context=Main,yDelta
Variable Write,context=Main#main:1,newY=2
Variable Write,context=Main#main:1,i=2
Variable Delete,method=Main#main:1 <name=newX,type=int (id=7),value=<?>,index=31>
Variable Delete,method=Main#main:1 <name=newY,type=int (id=7),value=<?>,index=32>
Field Read,context=Main$Tuple:17,x
Field Read,context=Main,xDelta
Variable Write,context=Main#main:1,newX=3
Field Read,context=Main$Tuple:17,y
Field Read,context=Main,yDelta
Variable Write,context=Main#main:1,newY=1
Variable Write,context=Main#main:1,i=3
Variable Delete,method=Main#main:1 <name=newX,type=int (id=7),value=<?>,index=31>
Variable Delete,method=Main#main:1 <name=newY,type=int (id=7),value=<?>,index=32>
Field Read,context=Main$Tuple:17,x
Field Read,context=Main,xDelta
Variable Write,context=Main#main:1,newX=3
Field Read,context=Main$Tuple:17,y
Field Read,context=Main,yDelta
Variable Write,context=Main#main:1,newY=3
Variable Delete,method=Main#main:1 <name=newX,type=int (id=7),value=<?>,index=31>
Variable Delete,method=Main#main:1 <name=newY,type=int (id=7),value=<?>,index=32>
Variable Delete,method=Main#main:1 <name=t,type=Main$Tuple (id=90),value=<?>,index=29>
Variable Delete,method=Main#main:1 <name=i,type=int (id=7),value=<?>,index=30>
Variable Write,context=Main#main:1,t=Main$Tuple:18
Variable Write,context=Main#main:1,i=0
Field Read,context=Main$Tuple:18,x
Field Read,context=Main,xDelta
Variable Write,context=Main#main:1,newX=-1
Field Read,context=Main$Tuple:18,y
Field Read,context=Main,yDelta
Variable Write,context=Main#main:1,newY=5
Variable Write,context=Main#main:1,i=1
Variable Delete,method=Main#main:1 <name=newX,type=int (id=7),value=<?>,index=31>
Variable Delete,method=Main#main:1 <name=newY,type=int (id=7),value=<?>,index=32>
Field Read,context=Main$Tuple:18,x
Field Read,context=Main,xDelta
Variable Write,context=Main#main:1,newX=1
Field Read,context=Main$Tuple:18,y
Field Read,context=Main,yDelta
Variable Write,context=Main#main:1,newY=5
Variable Write,context=Main#main:1,i=2
Variable Delete,method=Main#main:1 <name=newX,type=int (id=7),value=<?>,index=31>
Variable Delete,method=Main#main:1 <name=newY,type=int (id=7),value=<?>,index=32>
Field Read,context=Main$Tuple:18,x
Field Read,context=Main,xDelta
Variable Write,context=Main#main:1,newX=0
Field Read,context=Main$Tuple:18,y
Field Read,context=Main,yDelta
Variable Write,context=Main#main:1,newY=4
Variable Write,context=Main#main:1,i=3
Variable Delete,method=Main#main:1 <name=newX,type=int (id=7),value=<?>,index=31>
Variable Delete,method=Main#main:1 <name=newY,type=int (id=7),value=<?>,index=32>
Field Read,context=Main$Tuple:18,x
Field Read,context=Main,xDelta
Variable Write,context=Main#main:1,newX=0
Field Read,context=Main$Tuple:18,y
Field Read,context=Main,yDelta
Variable Write,context=Main#main:1,newY=6
Variable Write,context=Main#main:1,g=int[][]:1
New Object,object=Main$Tuple:21
Method Call,caller=Main#main:1,target=Main$Tuple:21#Main$Tuple:21
Variable Write,context=Main$Tuple:21#Main$Tuple:21,x=0
Variable Write,context=Main$Tuple:21#Main$Tuple:21,y=6
Field Write,context=Main$Tuple:21,x=0
Field Write,context=Main$Tuple:21,y=6
Method Exit,returner=Main$Tuple:21#Main$Tuple:21,value=<void>
Variable Delete,method=Main#main:1 <name=newX,type=int (id=7),value=<?>,index=31>
Variable Delete,method=Main#main:1 <name=newY,type=int (id=7),value=<?>,index=32>
Variable Delete,method=Main#main:1 <name=t,type=Main$Tuple (id=90),value=<?>,index=29>
Variable Delete,method=Main#main:1 <name=i,type=int (id=7),value=<?>,index=30>
Variable Write,context=Main#main:1,t=Main$Tuple:19
Variable Write,context=Main#main:1,i=0
Field Read,context=Main$Tuple:19,x
Field Read,context=Main,xDelta
Variable Write,context=Main#main:1,newX=5
Field Read,context=Main$Tuple:19,y
Field Read,context=Main,yDelta
Variable Write,context=Main#main:1,newY=0
Variable Write,context=Main#main:1,i=1
Variable Delete,method=Main#main:1 <name=newX,type=int (id=7),value=<?>,index=31>
Variable Delete,method=Main#main:1 <name=newY,type=int (id=7),value=<?>,index=32>
Field Read,context=Main$Tuple:19,x
Field Read,context=Main,xDelta
Variable Write,context=Main#main:1,newX=7
Field Read,context=Main$Tuple:19,y
Field Read,context=Main,yDelta
Variable Write,context=Main#main:1,newY=0
Variable Write,context=Main#main:1,g=int[][]:1
New Object,object=Main$Tuple:22
Method Call,caller=Main#main:1,target=Main$Tuple:22#Main$Tuple:22
Variable Write,context=Main$Tuple:22#Main$Tuple:22,x=7
Variable Write,context=Main$Tuple:22#Main$Tuple:22,y=0
Field Write,context=Main$Tuple:22,x=7
Field Write,context=Main$Tuple:22,y=0
Method Exit,returner=Main$Tuple:22#Main$Tuple:22,value=<void>
Variable Write,context=Main#main:1,i=2
Variable Delete,method=Main#main:1 <name=newX,type=int (id=7),value=<?>,index=31>
Variable Delete,method=Main#main:1 <name=newY,type=int (id=7),value=<?>,index=32>
Field Read,context=Main$Tuple:19,x
Field Read,context=Main,xDelta
Variable Write,context=Main#main:1,newX=6
Field Read,context=Main$Tuple:19,y
Field Read,context=Main,yDelta
Variable Write,context=Main#main:1,newY=-1
Variable Write,context=Main#main:1,i=3
Variable Delete,method=Main#main:1 <name=newX,type=int (id=7),value=<?>,index=31>
Variable Delete,method=Main#main:1 <name=newY,type=int (id=7),value=<?>,index=32>
Field Read,context=Main$Tuple:19,x
Field Read,context=Main,xDelta
Variable Write,context=Main#main:1,newX=6
Field Read,context=Main$Tuple:19,y
Field Read,context=Main,yDelta
Variable Write,context=Main#main:1,newY=1
Variable Delete,method=Main#main:1 <name=newX,type=int (id=7),value=<?>,index=31>
Variable Delete,method=Main#main:1 <name=newY,type=int (id=7),value=<?>,index=32>
Variable Delete,method=Main#main:1 <name=t,type=Main$Tuple (id=90),value=<?>,index=29>
Variable Delete,method=Main#main:1 <name=i,type=int (id=7),value=<?>,index=30>
Variable Write,context=Main#main:1,t=Main$Tuple:20
Variable Write,context=Main#main:1,i=0
Field Read,context=Main$Tuple:20,x
Field Read,context=Main,xDelta
Variable Write,context=Main#main:1,newX=3
Field Read,context=Main$Tuple:20,y
Field Read,context=Main,yDelta
Variable Write,context=Main#main:1,newY=2
Variable Write,context=Main#main:1,i=1
Variable Delete,method=Main#main:1 <name=newX,type=int (id=7),value=<?>,index=31>
Variable Delete,method=Main#main:1 <name=newY,type=int (id=7),value=<?>,index=32>
Field Read,context=Main$Tuple:20,x
Field Read,context=Main,xDelta
Variable Write,context=Main#main:1,newX=5
Field Read,context=Main$Tuple:20,y
Field Read,context=Main,yDelta
Variable Write,context=Main#main:1,newY=2
Variable Write,context=Main#main:1,i=2
Variable Delete,method=Main#main:1 <name=newX,type=int (id=7),value=<?>,index=31>
Variable Delete,method=Main#main:1 <name=newY,type=int (id=7),value=<?>,index=32>
Field Read,context=Main$Tuple:20,x
Field Read,context=Main,xDelta
Variable Write,context=Main#main:1,newX=4
Field Read,context=Main$Tuple:20,y
Field Read,context=Main,yDelta
Variable Write,context=Main#main:1,newY=1
Variable Write,context=Main#main:1,i=3
Variable Delete,method=Main#main:1 <name=newX,type=int (id=7),value=<?>,index=31>
Variable Delete,method=Main#main:1 <name=newY,type=int (id=7),value=<?>,index=32>
Field Read,context=Main$Tuple:20,x
Field Read,context=Main,xDelta
Variable Write,context=Main#main:1,newX=4
Field Read,context=Main$Tuple:20,y
Field Read,context=Main,yDelta
Variable Write,context=Main#main:1,newY=3
Variable Delete,method=Main#main:1 <name=newX,type=int (id=7),value=<?>,index=31>
Variable Delete,method=Main#main:1 <name=newY,type=int (id=7),value=<?>,index=32>
Variable Delete,method=Main#main:1 <name=t,type=Main$Tuple (id=90),value=<?>,index=29>
Variable Delete,method=Main#main:1 <name=i,type=int (id=7),value=<?>,index=30>
Variable Write,context=Main#main:1,t=Main$Tuple:21
Variable Write,context=Main#main:1,i=0
Field Read,context=Main$Tuple:21,x
Field Read,context=Main,xDelta
Variable Write,context=Main#main:1,newX=-1
Field Read,context=Main$Tuple:21,y
Field Read,context=Main,yDelta
Variable Write,context=Main#main:1,newY=6
Variable Write,context=Main#main:1,i=1
Variable Delete,method=Main#main:1 <name=newX,type=int (id=7),value=<?>,index=31>
Variable Delete,method=Main#main:1 <name=newY,type=int (id=7),value=<?>,index=32>
Field Read,context=Main$Tuple:21,x
Field Read,context=Main,xDelta
Variable Write,context=Main#main:1,newX=1
Field Read,context=Main$Tuple:21,y
Field Read,context=Main,yDelta
Variable Write,context=Main#main:1,newY=6
Variable Write,context=Main#main:1,i=2
Variable Delete,method=Main#main:1 <name=newX,type=int (id=7),value=<?>,index=31>
Variable Delete,method=Main#main:1 <name=newY,type=int (id=7),value=<?>,index=32>
Field Read,context=Main$Tuple:21,x
Field Read,context=Main,xDelta
Variable Write,context=Main#main:1,newX=0
Field Read,context=Main$Tuple:21,y
Field Read,context=Main,yDelta
Variable Write,context=Main#main:1,newY=5
Variable Write,context=Main#main:1,i=3
Variable Delete,method=Main#main:1 <name=newX,type=int (id=7),value=<?>,index=31>
Variable Delete,method=Main#main:1 <name=newY,type=int (id=7),value=<?>,index=32>
Field Read,context=Main$Tuple:21,x
Field Read,context=Main,xDelta
Variable Write,context=Main#main:1,newX=0
Field Read,context=Main$Tuple:21,y
Field Read,context=Main,yDelta
Variable Write,context=Main#main:1,newY=7
Variable Write,context=Main#main:1,g=int[][]:1
New Object,object=Main$Tuple:23
Method Call,caller=Main#main:1,target=Main$Tuple:23#Main$Tuple:23
Variable Write,context=Main$Tuple:23#Main$Tuple:23,x=0
Variable Write,context=Main$Tuple:23#Main$Tuple:23,y=7
Field Write,context=Main$Tuple:23,x=0
Field Write,context=Main$Tuple:23,y=7
Method Exit,returner=Main$Tuple:23#Main$Tuple:23,value=<void>
Variable Delete,method=Main#main:1 <name=newX,type=int (id=7),value=<?>,index=31>
Variable Delete,method=Main#main:1 <name=newY,type=int (id=7),value=<?>,index=32>
Variable Delete,method=Main#main:1 <name=t,type=Main$Tuple (id=90),value=<?>,index=29>
Variable Delete,method=Main#main:1 <name=i,type=int (id=7),value=<?>,index=30>
Variable Write,context=Main#main:1,t=Main$Tuple:22
Variable Write,context=Main#main:1,i=0
Field Read,context=Main$Tuple:22,x
Field Read,context=Main,xDelta
Variable Write,context=Main#main:1,newX=6
Field Read,context=Main$Tuple:22,y
Field Read,context=Main,yDelta
Variable Write,context=Main#main:1,newY=0
Variable Write,context=Main#main:1,i=1
Variable Delete,method=Main#main:1 <name=newX,type=int (id=7),value=<?>,index=31>
Variable Delete,method=Main#main:1 <name=newY,type=int (id=7),value=<?>,index=32>
Field Read,context=Main$Tuple:22,x
Field Read,context=Main,xDelta
Variable Write,context=Main#main:1,newX=8
Field Read,context=Main$Tuple:22,y
Field Read,context=Main,yDelta
Variable Write,context=Main#main:1,newY=0
Variable Write,context=Main#main:1,g=int[][]:1
New Object,object=Main$Tuple:24
Method Call,caller=Main#main:1,target=Main$Tuple:24#Main$Tuple:24
Variable Write,context=Main$Tuple:24#Main$Tuple:24,x=8
Variable Write,context=Main$Tuple:24#Main$Tuple:24,y=0
Field Write,context=Main$Tuple:24,x=8
Field Write,context=Main$Tuple:24,y=0
Method Exit,returner=Main$Tuple:24#Main$Tuple:24,value=<void>
Variable Write,context=Main#main:1,i=2
Variable Delete,method=Main#main:1 <name=newX,type=int (id=7),value=<?>,index=31>
Variable Delete,method=Main#main:1 <name=newY,type=int (id=7),value=<?>,index=32>
Field Read,context=Main$Tuple:22,x
Field Read,context=Main,xDelta
Variable Write,context=Main#main:1,newX=7
Field Read,context=Main$Tuple:22,y
Field Read,context=Main,yDelta
Variable Write,context=Main#main:1,newY=-1
Variable Write,context=Main#main:1,i=3
Variable Delete,method=Main#main:1 <name=newX,type=int (id=7),value=<?>,index=31>
Variable Delete,method=Main#main:1 <name=newY,type=int (id=7),value=<?>,index=32>
Field Read,context=Main$Tuple:22,x
Field Read,context=Main,xDelta
Variable Write,context=Main#main:1,newX=7
Field Read,context=Main$Tuple:22,y
Field Read,context=Main,yDelta
Variable Write,context=Main#main:1,newY=1
Variable Delete,method=Main#main:1 <name=newX,type=int (id=7),value=<?>,index=31>
Variable Delete,method=Main#main:1 <name=newY,type=int (id=7),value=<?>,index=32>
Variable Delete,method=Main#main:1 <name=t,type=Main$Tuple (id=90),value=<?>,index=29>
Variable Delete,method=Main#main:1 <name=i,type=int (id=7),value=<?>,index=30>
Variable Write,context=Main#main:1,t=Main$Tuple:23
Variable Write,context=Main#main:1,i=0
Field Read,context=Main$Tuple:23,x
Field Read,context=Main,xDelta
Variable Write,context=Main#main:1,newX=-1
Field Read,context=Main$Tuple:23,y
Field Read,context=Main,yDelta
Variable Write,context=Main#main:1,newY=7
Variable Write,context=Main#main:1,i=1
Variable Delete,method=Main#main:1 <name=newX,type=int (id=7),value=<?>,index=31>
Variable Delete,method=Main#main:1 <name=newY,type=int (id=7),value=<?>,index=32>
Field Read,context=Main$Tuple:23,x
Field Read,context=Main,xDelta
Variable Write,context=Main#main:1,newX=1
Field Read,context=Main$Tuple:23,y
Field Read,context=Main,yDelta
Variable Write,context=Main#main:1,newY=7
Variable Write,context=Main#main:1,i=2
Variable Delete,method=Main#main:1 <name=newX,type=int (id=7),value=<?>,index=31>
Variable Delete,method=Main#main:1 <name=newY,type=int (id=7),value=<?>,index=32>
Field Read,context=Main$Tuple:23,x
Field Read,context=Main,xDelta
Variable Write,context=Main#main:1,newX=0
Field Read,context=Main$Tuple:23,y
Field Read,context=Main,yDelta
Variable Write,context=Main#main:1,newY=6
Variable Write,context=Main#main:1,i=3
Variable Delete,method=Main#main:1 <name=newX,type=int (id=7),value=<?>,index=31>
Variable Delete,method=Main#main:1 <name=newY,type=int (id=7),value=<?>,index=32>
Field Read,context=Main$Tuple:23,x
Field Read,context=Main,xDelta
Variable Write,context=Main#main:1,newX=0
Field Read,context=Main$Tuple:23,y
Field Read,context=Main,yDelta
Variable Write,context=Main#main:1,newY=8
Variable Write,context=Main#main:1,g=int[][]:1
New Object,object=Main$Tuple:25
Method Call,caller=Main#main:1,target=Main$Tuple:25#Main$Tuple:25
Variable Write,context=Main$Tuple:25#Main$Tuple:25,x=0
Variable Write,context=Main$Tuple:25#Main$Tuple:25,y=8
Field Write,context=Main$Tuple:25,x=0
Field Write,context=Main$Tuple:25,y=8
Method Exit,returner=Main$Tuple:25#Main$Tuple:25,value=<void>
Variable Delete,method=Main#main:1 <name=newX,type=int (id=7),value=<?>,index=31>
Variable Delete,method=Main#main:1 <name=newY,type=int (id=7),value=<?>,index=32>
Variable Delete,method=Main#main:1 <name=t,type=Main$Tuple (id=90),value=<?>,index=29>
Variable Delete,method=Main#main:1 <name=i,type=int (id=7),value=<?>,index=30>
Variable Write,context=Main#main:1,t=Main$Tuple:24
Variable Write,context=Main#main:1,i=0
Field Read,context=Main$Tuple:24,x
Field Read,context=Main,xDelta
Variable Write,context=Main#main:1,newX=7
Field Read,context=Main$Tuple:24,y
Field Read,context=Main,yDelta
Variable Write,context=Main#main:1,newY=0
Variable Write,context=Main#main:1,i=1
Variable Delete,method=Main#main:1 <name=newX,type=int (id=7),value=<?>,index=31>
Variable Delete,method=Main#main:1 <name=newY,type=int (id=7),value=<?>,index=32>
Field Read,context=Main$Tuple:24,x
Field Read,context=Main,xDelta
Variable Write,context=Main#main:1,newX=9
Field Read,context=Main$Tuple:24,y
Field Read,context=Main,yDelta
Variable Write,context=Main#main:1,newY=0
Variable Write,context=Main#main:1,g=int[][]:1
New Object,object=Main$Tuple:26
Method Call,caller=Main#main:1,target=Main$Tuple:26#Main$Tuple:26
Variable Write,context=Main$Tuple:26#Main$Tuple:26,x=9
Variable Write,context=Main$Tuple:26#Main$Tuple:26,y=0
Field Write,context=Main$Tuple:26,x=9
Field Write,context=Main$Tuple:26,y=0
Method Exit,returner=Main$Tuple:26#Main$Tuple:26,value=<void>
Variable Write,context=Main#main:1,i=2
Variable Delete,method=Main#main:1 <name=newX,type=int (id=7),value=<?>,index=31>
Variable Delete,method=Main#main:1 <name=newY,type=int (id=7),value=<?>,index=32>
Field Read,context=Main$Tuple:24,x
Field Read,context=Main,xDelta
Variable Write,context=Main#main:1,newX=8
Field Read,context=Main$Tuple:24,y
Field Read,context=Main,yDelta
Variable Write,context=Main#main:1,newY=-1
Variable Write,context=Main#main:1,i=3
Variable Delete,method=Main#main:1 <name=newX,type=int (id=7),value=<?>,index=31>
Variable Delete,method=Main#main:1 <name=newY,type=int (id=7),value=<?>,index=32>
Field Read,context=Main$Tuple:24,x
Field Read,context=Main,xDelta
Variable Write,context=Main#main:1,newX=8
Field Read,context=Main$Tuple:24,y
Field Read,context=Main,yDelta
Variable Write,context=Main#main:1,newY=1
Variable Delete,method=Main#main:1 <name=newX,type=int (id=7),value=<?>,index=31>
Variable Delete,method=Main#main:1 <name=newY,type=int (id=7),value=<?>,index=32>
Variable Delete,method=Main#main:1 <name=t,type=Main$Tuple (id=90),value=<?>,index=29>
Variable Delete,method=Main#main:1 <name=i,type=int (id=7),value=<?>,index=30>
Variable Write,context=Main#main:1,t=Main$Tuple:25
Variable Write,context=Main#main:1,i=0
Field Read,context=Main$Tuple:25,x
Field Read,context=Main,xDelta
Variable Write,context=Main#main:1,newX=-1
Field Read,context=Main$Tuple:25,y
Field Read,context=Main,yDelta
Variable Write,context=Main#main:1,newY=8
Variable Write,context=Main#main:1,i=1
Variable Delete,method=Main#main:1 <name=newX,type=int (id=7),value=<?>,index=31>
Variable Delete,method=Main#main:1 <name=newY,type=int (id=7),value=<?>,index=32>
Field Read,context=Main$Tuple:25,x
Field Read,context=Main,xDelta
Variable Write,context=Main#main:1,newX=1
Field Read,context=Main$Tuple:25,y
Field Read,context=Main,yDelta
Variable Write,context=Main#main:1,newY=8
Variable Write,context=Main#main:1,i=2
Variable Delete,method=Main#main:1 <name=newX,type=int (id=7),value=<?>,index=31>
Variable Delete,method=Main#main:1 <name=newY,type=int (id=7),value=<?>,index=32>
Field Read,context=Main$Tuple:25,x
Field Read,context=Main,xDelta
Variable Write,context=Main#main:1,newX=0
Field Read,context=Main$Tuple:25,y
Field Read,context=Main,yDelta
Variable Write,context=Main#main:1,newY=7
Variable Write,context=Main#main:1,i=3
Variable Delete,method=Main#main:1 <name=newX,type=int (id=7),value=<?>,index=31>
Variable Delete,method=Main#main:1 <name=newY,type=int (id=7),value=<?>,index=32>
Field Read,context=Main$Tuple:25,x
Field Read,context=Main,xDelta
Variable Write,context=Main#main:1,newX=0
Field Read,context=Main$Tuple:25,y
Field Read,context=Main,yDelta
Variable Write,context=Main#main:1,newY=9
Variable Write,context=Main#main:1,g=int[][]:1
New Object,object=Main$Tuple:27
Method Call,caller=Main#main:1,target=Main$Tuple:27#Main$Tuple:27
Variable Write,context=Main$Tuple:27#Main$Tuple:27,x=0
Variable Write,context=Main$Tuple:27#Main$Tuple:27,y=9
Field Write,context=Main$Tuple:27,x=0
Field Write,context=Main$Tuple:27,y=9
Method Exit,returner=Main$Tuple:27#Main$Tuple:27,value=<void>
Variable Delete,method=Main#main:1 <name=newX,type=int (id=7),value=<?>,index=31>
Variable Delete,method=Main#main:1 <name=newY,type=int (id=7),value=<?>,index=32>
Variable Delete,method=Main#main:1 <name=t,type=Main$Tuple (id=90),value=<?>,index=29>
Variable Delete,method=Main#main:1 <name=i,type=int (id=7),value=<?>,index=30>
Variable Write,context=Main#main:1,t=Main$Tuple:26
Variable Write,context=Main#main:1,i=0
Field Read,context=Main$Tuple:26,x
Field Read,context=Main,xDelta
Variable Write,context=Main#main:1,newX=8
Field Read,context=Main$Tuple:26,y
Field Read,context=Main,yDelta
Variable Write,context=Main#main:1,newY=0
Variable Write,context=Main#main:1,i=1
Variable Delete,method=Main#main:1 <name=newX,type=int (id=7),value=<?>,index=31>
Variable Delete,method=Main#main:1 <name=newY,type=int (id=7),value=<?>,index=32>
Field Read,context=Main$Tuple:26,x
Field Read,context=Main,xDelta
Variable Write,context=Main#main:1,newX=10
Field Read,context=Main$Tuple:26,y
Field Read,context=Main,yDelta
Variable Write,context=Main#main:1,newY=0
Variable Write,context=Main#main:1,g=int[][]:1
New Object,object=Main$Tuple:28
Method Call,caller=Main#main:1,target=Main$Tuple:28#Main$Tuple:28
Variable Write,context=Main$Tuple:28#Main$Tuple:28,x=10
Variable Write,context=Main$Tuple:28#Main$Tuple:28,y=0
Field Write,context=Main$Tuple:28,x=10
Field Write,context=Main$Tuple:28,y=0
Method Exit,returner=Main$Tuple:28#Main$Tuple:28,value=<void>
Variable Write,context=Main#main:1,i=2
Variable Delete,method=Main#main:1 <name=newX,type=int (id=7),value=<?>,index=31>
Variable Delete,method=Main#main:1 <name=newY,type=int (id=7),value=<?>,index=32>
Field Read,context=Main$Tuple:26,x
Field Read,context=Main,xDelta
Variable Write,context=Main#main:1,newX=9
Field Read,context=Main$Tuple:26,y
Field Read,context=Main,yDelta
Variable Write,context=Main#main:1,newY=-1
Variable Write,context=Main#main:1,i=3
Variable Delete,method=Main#main:1 <name=newX,type=int (id=7),value=<?>,index=31>
Variable Delete,method=Main#main:1 <name=newY,type=int (id=7),value=<?>,index=32>
Field Read,context=Main$Tuple:26,x
Field Read,context=Main,xDelta
Variable Write,context=Main#main:1,newX=9
Field Read,context=Main$Tuple:26,y
Field Read,context=Main,yDelta
Variable Write,context=Main#main:1,newY=1
Variable Delete,method=Main#main:1 <name=newX,type=int (id=7),value=<?>,index=31>
Variable Delete,method=Main#main:1 <name=newY,type=int (id=7),value=<?>,index=32>
Variable Delete,method=Main#main:1 <name=t,type=Main$Tuple (id=90),value=<?>,index=29>
Variable Delete,method=Main#main:1 <name=i,type=int (id=7),value=<?>,index=30>
Variable Write,context=Main#main:1,t=Main$Tuple:27
Variable Write,context=Main#main:1,i=0
Field Read,context=Main$Tuple:27,x
Field Read,context=Main,xDelta
Variable Write,context=Main#main:1,newX=-1
Field Read,context=Main$Tuple:27,y
Field Read,context=Main,yDelta
Variable Write,context=Main#main:1,newY=9
Variable Write,context=Main#main:1,i=1
Variable Delete,method=Main#main:1 <name=newX,type=int (id=7),value=<?>,index=31>
Variable Delete,method=Main#main:1 <name=newY,type=int (id=7),value=<?>,index=32>
Field Read,context=Main$Tuple:27,x
Field Read,context=Main,xDelta
Variable Write,context=Main#main:1,newX=1
Field Read,context=Main$Tuple:27,y
Field Read,context=Main,yDelta
Variable Write,context=Main#main:1,newY=9
Variable Write,context=Main#main:1,i=2
Variable Delete,method=Main#main:1 <name=newX,type=int (id=7),value=<?>,index=31>
Variable Delete,method=Main#main:1 <name=newY,type=int (id=7),value=<?>,index=32>
Field Read,context=Main$Tuple:27,x
Field Read,context=Main,xDelta
Variable Write,context=Main#main:1,newX=0
Field Read,context=Main$Tuple:27,y
Field Read,context=Main,yDelta
Variable Write,context=Main#main:1,newY=8
Variable Write,context=Main#main:1,i=3
Variable Delete,method=Main#main:1 <name=newX,type=int (id=7),value=<?>,index=31>
Variable Delete,method=Main#main:1 <name=newY,type=int (id=7),value=<?>,index=32>
Field Read,context=Main$Tuple:27,x
Field Read,context=Main,xDelta
Variable Write,context=Main#main:1,newX=0
Field Read,context=Main$Tuple:27,y
Field Read,context=Main,yDelta
Variable Write,context=Main#main:1,newY=10
Variable Write,context=Main#main:1,g=int[][]:1
New Object,object=Main$Tuple:29
Method Call,caller=Main#main:1,target=Main$Tuple:29#Main$Tuple:29
Variable Write,context=Main$Tuple:29#Main$Tuple:29,x=0
Variable Write,context=Main$Tuple:29#Main$Tuple:29,y=10
Field Write,context=Main$Tuple:29,x=0
Field Write,context=Main$Tuple:29,y=10
Method Exit,returner=Main$Tuple:29#Main$Tuple:29,value=<void>
Variable Delete,method=Main#main:1 <name=newX,type=int (id=7),value=<?>,index=31>
Variable Delete,method=Main#main:1 <name=newY,type=int (id=7),value=<?>,index=32>
Variable Delete,method=Main#main:1 <name=t,type=Main$Tuple (id=90),value=<?>,index=29>
Variable Delete,method=Main#main:1 <name=i,type=int (id=7),value=<?>,index=30>
Variable Write,context=Main#main:1,t=Main$Tuple:28
Variable Write,context=Main#main:1,i=0
Field Read,context=Main$Tuple:28,x
Field Read,context=Main,xDelta
Variable Write,context=Main#main:1,newX=9
Field Read,context=Main$Tuple:28,y
Field Read,context=Main,yDelta
Variable Write,context=Main#main:1,newY=0
Variable Write,context=Main#main:1,i=1
Variable Delete,method=Main#main:1 <name=newX,type=int (id=7),value=<?>,index=31>
Variable Delete,method=Main#main:1 <name=newY,type=int (id=7),value=<?>,index=32>
Field Read,context=Main$Tuple:28,x
Field Read,context=Main,xDelta
Variable Write,context=Main#main:1,newX=11
Field Read,context=Main$Tuple:28,y
Field Read,context=Main,yDelta
Variable Write,context=Main#main:1,newY=0
Variable Write,context=Main#main:1,g=int[][]:1
New Object,object=Main$Tuple:30
Method Call,caller=Main#main:1,target=Main$Tuple:30#Main$Tuple:30
Variable Write,context=Main$Tuple:30#Main$Tuple:30,x=11
Variable Write,context=Main$Tuple:30#Main$Tuple:30,y=0
Field Write,context=Main$Tuple:30,x=11
Field Write,context=Main$Tuple:30,y=0
Method Exit,returner=Main$Tuple:30#Main$Tuple:30,value=<void>
Variable Write,context=Main#main:1,i=2
Variable Delete,method=Main#main:1 <name=newX,type=int (id=7),value=<?>,index=31>
Variable Delete,method=Main#main:1 <name=newY,type=int (id=7),value=<?>,index=32>
Field Read,context=Main$Tuple:28,x
Field Read,context=Main,xDelta
Variable Write,context=Main#main:1,newX=10
Field Read,context=Main$Tuple:28,y
Field Read,context=Main,yDelta
Variable Write,context=Main#main:1,newY=-1
Variable Write,context=Main#main:1,i=3
Variable Delete,method=Main#main:1 <name=newX,type=int (id=7),value=<?>,index=31>
Variable Delete,method=Main#main:1 <name=newY,type=int (id=7),value=<?>,index=32>
Field Read,context=Main$Tuple:28,x
Field Read,context=Main,xDelta
Variable Write,context=Main#main:1,newX=10
Field Read,context=Main$Tuple:28,y
Field Read,context=Main,yDelta
Variable Write,context=Main#main:1,newY=1
Variable Delete,method=Main#main:1 <name=newX,type=int (id=7),value=<?>,index=31>
Variable Delete,method=Main#main:1 <name=newY,type=int (id=7),value=<?>,index=32>
Variable Delete,method=Main#main:1 <name=t,type=Main$Tuple (id=90),value=<?>,index=29>
Variable Delete,method=Main#main:1 <name=i,type=int (id=7),value=<?>,index=30>
Variable Write,context=Main#main:1,t=Main$Tuple:29
Variable Write,context=Main#main:1,i=0
Field Read,context=Main$Tuple:29,x
Field Read,context=Main,xDelta
Variable Write,context=Main#main:1,newX=-1
Field Read,context=Main$Tuple:29,y
Field Read,context=Main,yDelta
Variable Write,context=Main#main:1,newY=10
Variable Write,context=Main#main:1,i=1
Variable Delete,method=Main#main:1 <name=newX,type=int (id=7),value=<?>,index=31>
Variable Delete,method=Main#main:1 <name=newY,type=int (id=7),value=<?>,index=32>
Field Read,context=Main$Tuple:29,x
Field Read,context=Main,xDelta
Variable Write,context=Main#main:1,newX=1
Field Read,context=Main$Tuple:29,y
Field Read,context=Main,yDelta
Variable Write,context=Main#main:1,newY=10
Variable Write,context=Main#main:1,i=2
Variable Delete,method=Main#main:1 <name=newX,type=int (id=7),value=<?>,index=31>
Variable Delete,method=Main#main:1 <name=newY,type=int (id=7),value=<?>,index=32>
Field Read,context=Main$Tuple:29,x
Field Read,context=Main,xDelta
Variable Write,context=Main#main:1,newX=0
Field Read,context=Main$Tuple:29,y
Field Read,context=Main,yDelta
Variable Write,context=Main#main:1,newY=9
Variable Write,context=Main#main:1,i=3
Variable Delete,method=Main#main:1 <name=newX,type=int (id=7),value=<?>,index=31>
Variable Delete,method=Main#main:1 <name=newY,type=int (id=7),value=<?>,index=32>
Field Read,context=Main$Tuple:29,x
Field Read,context=Main,xDelta
Variable Write,context=Main#main:1,newX=0
Field Read,context=Main$Tuple:29,y
Field Read,context=Main,yDelta
Variable Write,context=Main#main:1,newY=11
Variable Write,context=Main#main:1,g=int[][]:1
New Object,object=Main$Tuple:31
Method Call,caller=Main#main:1,target=Main$Tuple:31#Main$Tuple:31
Variable Write,context=Main$Tuple:31#Main$Tuple:31,x=0
Variable Write,context=Main$Tuple:31#Main$Tuple:31,y=11
Field Write,context=Main$Tuple:31,x=0
Field Write,context=Main$Tuple:31,y=11
Method Exit,returner=Main$Tuple:31#Main$Tuple:31,value=<void>
Variable Delete,method=Main#main:1 <name=newX,type=int (id=7),value=<?>,index=31>
Variable Delete,method=Main#main:1 <name=newY,type=int (id=7),value=<?>,index=32>
Variable Delete,method=Main#main:1 <name=t,type=Main$Tuple (id=90),value=<?>,index=29>
Variable Delete,method=Main#main:1 <name=i,type=int (id=7),value=<?>,index=30>
Variable Write,context=Main#main:1,t=Main$Tuple:30
Variable Write,context=Main#main:1,i=0
Field Read,context=Main$Tuple:30,x
Field Read,context=Main,xDelta
Variable Write,context=Main#main:1,newX=10
Field Read,context=Main$Tuple:30,y
Field Read,context=Main,yDelta
Variable Write,context=Main#main:1,newY=0
Variable Write,context=Main#main:1,i=1
Variable Delete,method=Main#main:1 <name=newX,type=int (id=7),value=<?>,index=31>
Variable Delete,method=Main#main:1 <name=newY,type=int (id=7),value=<?>,index=32>
Field Read,context=Main$Tuple:30,x
Field Read,context=Main,xDelta
Variable Write,context=Main#main:1,newX=12
Field Read,context=Main$Tuple:30,y
Field Read,context=Main,yDelta
Variable Write,context=Main#main:1,newY=0
Variable Write,context=Main#main:1,g=int[][]:1
New Object,object=Main$Tuple:32
Method Call,caller=Main#main:1,target=Main$Tuple:32#Main$Tuple:32
Variable Write,context=Main$Tuple:32#Main$Tuple:32,x=12
Variable Write,context=Main$Tuple:32#Main$Tuple:32,y=0
Field Write,context=Main$Tuple:32,x=12
Field Write,context=Main$Tuple:32,y=0
Method Exit,returner=Main$Tuple:32#Main$Tuple:32,value=<void>
Variable Write,context=Main#main:1,i=2
Variable Delete,method=Main#main:1 <name=newX,type=int (id=7),value=<?>,index=31>
Variable Delete,method=Main#main:1 <name=newY,type=int (id=7),value=<?>,index=32>
Field Read,context=Main$Tuple:30,x
Field Read,context=Main,xDelta
Variable Write,context=Main#main:1,newX=11
Field Read,context=Main$Tuple:30,y
Field Read,context=Main,yDelta
Variable Write,context=Main#main:1,newY=-1
Variable Write,context=Main#main:1,i=3
Variable Delete,method=Main#main:1 <name=newX,type=int (id=7),value=<?>,index=31>
Variable Delete,method=Main#main:1 <name=newY,type=int (id=7),value=<?>,index=32>
Field Read,context=Main$Tuple:30,x
Field Read,context=Main,xDelta
Variable Write,context=Main#main:1,newX=11
Field Read,context=Main$Tuple:30,y
Field Read,context=Main,yDelta
Variable Write,context=Main#main:1,newY=1
Variable Delete,method=Main#main:1 <name=newX,type=int (id=7),value=<?>,index=31>
Variable Delete,method=Main#main:1 <name=newY,type=int (id=7),value=<?>,index=32>
Variable Delete,method=Main#main:1 <name=t,type=Main$Tuple (id=90),value=<?>,index=29>
Variable Delete,method=Main#main:1 <name=i,type=int (id=7),value=<?>,index=30>
Variable Write,context=Main#main:1,t=Main$Tuple:31
Variable Write,context=Main#main:1,i=0
Field Read,context=Main$Tuple:31,x
Field Read,context=Main,xDelta
Variable Write,context=Main#main:1,newX=-1
Field Read,context=Main$Tuple:31,y
Field Read,context=Main,yDelta
Variable Write,context=Main#main:1,newY=11
Variable Write,context=Main#main:1,i=1
Variable Delete,method=Main#main:1 <name=newX,type=int (id=7),value=<?>,index=31>
Variable Delete,method=Main#main:1 <name=newY,type=int (id=7),value=<?>,index=32>
Field Read,context=Main$Tuple:31,x
Field Read,context=Main,xDelta
Variable Write,context=Main#main:1,newX=1
Field Read,context=Main$Tuple:31,y
Field Read,context=Main,yDelta
Variable Write,context=Main#main:1,newY=11
Variable Write,context=Main#main:1,i=2
Variable Delete,method=Main#main:1 <name=newX,type=int (id=7),value=<?>,index=31>
Variable Delete,method=Main#main:1 <name=newY,type=int (id=7),value=<?>,index=32>
Field Read,context=Main$Tuple:31,x
Field Read,context=Main,xDelta
Variable Write,context=Main#main:1,newX=0
Field Read,context=Main$Tuple:31,y
Field Read,context=Main,yDelta
Variable Write,context=Main#main:1,newY=10
Variable Write,context=Main#main:1,i=3
Variable Delete,method=Main#main:1 <name=newX,type=int (id=7),value=<?>,index=31>
Variable Delete,method=Main#main:1 <name=newY,type=int (id=7),value=<?>,index=32>
Field Read,context=Main$Tuple:31,x
Field Read,context=Main,xDelta
Variable Write,context=Main#main:1,newX=0
Field Read,context=Main$Tuple:31,y
Field Read,context=Main,yDelta
Variable Write,context=Main#main:1,newY=12
Variable Write,context=Main#main:1,g=int[][]:1
New Object,object=Main$Tuple:33
Method Call,caller=Main#main:1,target=Main$Tuple:33#Main$Tuple:33
Variable Write,context=Main$Tuple:33#Main$Tuple:33,x=0
Variable Write,context=Main$Tuple:33#Main$Tuple:33,y=12
Field Write,context=Main$Tuple:33,x=0
Field Write,context=Main$Tuple:33,y=12
Method Exit,returner=Main$Tuple:33#Main$Tuple:33,value=<void>
Variable Delete,method=Main#main:1 <name=newX,type=int (id=7),value=<?>,index=31>
Variable Delete,method=Main#main:1 <name=newY,type=int (id=7),value=<?>,index=32>
Variable Delete,method=Main#main:1 <name=t,type=Main$Tuple (id=90),value=<?>,index=29>
Variable Delete,method=Main#main:1 <name=i,type=int (id=7),value=<?>,index=30>
Variable Write,context=Main#main:1,t=Main$Tuple:32
Variable Write,context=Main#main:1,i=0
Field Read,context=Main$Tuple:32,x
Field Read,context=Main,xDelta
Variable Write,context=Main#main:1,newX=11
Field Read,context=Main$Tuple:32,y
Field Read,context=Main,yDelta
Variable Write,context=Main#main:1,newY=0
Variable Write,context=Main#main:1,i=1
Variable Delete,method=Main#main:1 <name=newX,type=int (id=7),value=<?>,index=31>
Variable Delete,method=Main#main:1 <name=newY,type=int (id=7),value=<?>,index=32>
Field Read,context=Main$Tuple:32,x
Field Read,context=Main,xDelta
Variable Write,context=Main#main:1,newX=13
Field Read,context=Main$Tuple:32,y
Field Read,context=Main,yDelta
Variable Write,context=Main#main:1,newY=0
Variable Write,context=Main#main:1,i=2
Variable Delete,method=Main#main:1 <name=newX,type=int (id=7),value=<?>,index=31>
Variable Delete,method=Main#main:1 <name=newY,type=int (id=7),value=<?>,index=32>
Field Read,context=Main$Tuple:32,x
Field Read,context=Main,xDelta
Variable Write,context=Main#main:1,newX=12
Field Read,context=Main$Tuple:32,y
Field Read,context=Main,yDelta
Variable Write,context=Main#main:1,newY=-1
Variable Write,context=Main#main:1,i=3
Variable Delete,method=Main#main:1 <name=newX,type=int (id=7),value=<?>,index=31>
Variable Delete,method=Main#main:1 <name=newY,type=int (id=7),value=<?>,index=32>
Field Read,context=Main$Tuple:32,x
Field Read,context=Main,xDelta
Variable Write,context=Main#main:1,newX=12
Field Read,context=Main$Tuple:32,y
Field Read,context=Main,yDelta
Variable Write,context=Main#main:1,newY=1
Variable Write,context=Main#main:1,g=int[][]:1
New Object,object=Main$Tuple:34
Method Call,caller=Main#main:1,target=Main$Tuple:34#Main$Tuple:34
Variable Write,context=Main$Tuple:34#Main$Tuple:34,x=12
Variable Write,context=Main$Tuple:34#Main$Tuple:34,y=1
Field Write,context=Main$Tuple:34,x=12
Field Write,context=Main$Tuple:34,y=1
Method Exit,returner=Main$Tuple:34#Main$Tuple:34,value=<void>
Variable Delete,method=Main#main:1 <name=newX,type=int (id=7),value=<?>,index=31>
Variable Delete,method=Main#main:1 <name=newY,type=int (id=7),value=<?>,index=32>
Variable Delete,method=Main#main:1 <name=t,type=Main$Tuple (id=90),value=<?>,index=29>
Variable Delete,method=Main#main:1 <name=i,type=int (id=7),value=<?>,index=30>
Variable Write,context=Main#main:1,t=Main$Tuple:33
Variable Write,context=Main#main:1,i=0
Field Read,context=Main$Tuple:33,x
Field Read,context=Main,xDelta
Variable Write,context=Main#main:1,newX=-1
Field Read,context=Main$Tuple:33,y
Field Read,context=Main,yDelta
Variable Write,context=Main#main:1,newY=12
Variable Write,context=Main#main:1,i=1
Variable Delete,method=Main#main:1 <name=newX,type=int (id=7),value=<?>,index=31>
Variable Delete,method=Main#main:1 <name=newY,type=int (id=7),value=<?>,index=32>
Field Read,context=Main$Tuple:33,x
Field Read,context=Main,xDelta
Variable Write,context=Main#main:1,newX=1
Field Read,context=Main$Tuple:33,y
Field Read,context=Main,yDelta
Variable Write,context=Main#main:1,newY=12
Variable Write,context=Main#main:1,g=int[][]:1
New Object,object=Main$Tuple:35
Method Call,caller=Main#main:1,target=Main$Tuple:35#Main$Tuple:35
Variable Write,context=Main$Tuple:35#Main$Tuple:35,x=1
Variable Write,context=Main$Tuple:35#Main$Tuple:35,y=12
Field Write,context=Main$Tuple:35,x=1
Field Write,context=Main$Tuple:35,y=12
Method Exit,returner=Main$Tuple:35#Main$Tuple:35,value=<void>
Variable Write,context=Main#main:1,i=2
Variable Delete,method=Main#main:1 <name=newX,type=int (id=7),value=<?>,index=31>
Variable Delete,method=Main#main:1 <name=newY,type=int (id=7),value=<?>,index=32>
Field Read,context=Main$Tuple:33,x
Field Read,context=Main,xDelta
Variable Write,context=Main#main:1,newX=0
Field Read,context=Main$Tuple:33,y
Field Read,context=Main,yDelta
Variable Write,context=Main#main:1,newY=11
Variable Write,context=Main#main:1,i=3
Variable Delete,method=Main#main:1 <name=newX,type=int (id=7),value=<?>,index=31>
Variable Delete,method=Main#main:1 <name=newY,type=int (id=7),value=<?>,index=32>
Field Read,context=Main$Tuple:33,x
Field Read,context=Main,xDelta
Variable Write,context=Main#main:1,newX=0
Field Read,context=Main$Tuple:33,y
Field Read,context=Main,yDelta
Variable Write,context=Main#main:1,newY=13
Variable Delete,method=Main#main:1 <name=newX,type=int (id=7),value=<?>,index=31>
Variable Delete,method=Main#main:1 <name=newY,type=int (id=7),value=<?>,index=32>
Variable Delete,method=Main#main:1 <name=t,type=Main$Tuple (id=90),value=<?>,index=29>
Variable Delete,method=Main#main:1 <name=i,type=int (id=7),value=<?>,index=30>
Variable Write,context=Main#main:1,t=Main$Tuple:34
Variable Write,context=Main#main:1,i=0
Field Read,context=Main$Tuple:34,x
Field Read,context=Main,xDelta
Variable Write,context=Main#main:1,newX=11
Field Read,context=Main$Tuple:34,y
Field Read,context=Main,yDelta
Variable Write,context=Main#main:1,newY=1
Variable Write,context=Main#main:1,i=1
Variable Delete,method=Main#main:1 <name=newX,type=int (id=7),value=<?>,index=31>
Variable Delete,method=Main#main:1 <name=newY,type=int (id=7),value=<?>,index=32>
Field Read,context=Main$Tuple:34,x
Field Read,context=Main,xDelta
Variable Write,context=Main#main:1,newX=13
Field Read,context=Main$Tuple:34,y
Field Read,context=Main,yDelta
Variable Write,context=Main#main:1,newY=1
Variable Write,context=Main#main:1,i=2
Variable Delete,method=Main#main:1 <name=newX,type=int (id=7),value=<?>,index=31>
Variable Delete,method=Main#main:1 <name=newY,type=int (id=7),value=<?>,index=32>
Field Read,context=Main$Tuple:34,x
Field Read,context=Main,xDelta
Variable Write,context=Main#main:1,newX=12
Field Read,context=Main$Tuple:34,y
Field Read,context=Main,yDelta
Variable Write,context=Main#main:1,newY=0
Variable Write,context=Main#main:1,i=3
Variable Delete,method=Main#main:1 <name=newX,type=int (id=7),value=<?>,index=31>
Variable Delete,method=Main#main:1 <name=newY,type=int (id=7),value=<?>,index=32>
Field Read,context=Main$Tuple:34,x
Field Read,context=Main,xDelta
Variable Write,context=Main#main:1,newX=12
Field Read,context=Main$Tuple:34,y
Field Read,context=Main,yDelta
Variable Write,context=Main#main:1,newY=2
Variable Write,context=Main#main:1,g=int[][]:1
New Object,object=Main$Tuple:36
Method Call,caller=Main#main:1,target=Main$Tuple:36#Main$Tuple:36
Variable Write,context=Main$Tuple:36#Main$Tuple:36,x=12
Variable Write,context=Main$Tuple:36#Main$Tuple:36,y=2
Field Write,context=Main$Tuple:36,x=12
Field Write,context=Main$Tuple:36,y=2
Method Exit,returner=Main$Tuple:36#Main$Tuple:36,value=<void>
Variable Delete,method=Main#main:1 <name=newX,type=int (id=7),value=<?>,index=31>
Variable Delete,method=Main#main:1 <name=newY,type=int (id=7),value=<?>,index=32>
Variable Delete,method=Main#main:1 <name=t,type=Main$Tuple (id=90),value=<?>,index=29>
Variable Delete,method=Main#main:1 <name=i,type=int (id=7),value=<?>,index=30>
Variable Write,context=Main#main:1,t=Main$Tuple:35
Variable Write,context=Main#main:1,i=0
Field Read,context=Main$Tuple:35,x
Field Read,context=Main,xDelta
Variable Write,context=Main#main:1,newX=0
Field Read,context=Main$Tuple:35,y
Field Read,context=Main,yDelta
Variable Write,context=Main#main:1,newY=12
Variable Write,context=Main#main:1,i=1
Variable Delete,method=Main#main:1 <name=newX,type=int (id=7),value=<?>,index=31>
Variable Delete,method=Main#main:1 <name=newY,type=int (id=7),value=<?>,index=32>
Field Read,context=Main$Tuple:35,x
Field Read,context=Main,xDelta
Variable Write,context=Main#main:1,newX=2
Field Read,context=Main$Tuple:35,y
Field Read,context=Main,yDelta
Variable Write,context=Main#main:1,newY=12
Variable Write,context=Main#main:1,g=int[][]:1
New Object,object=Main$Tuple:37
Method Call,caller=Main#main:1,target=Main$Tuple:37#Main$Tuple:37
Variable Write,context=Main$Tuple:37#Main$Tuple:37,x=2
Variable Write,context=Main$Tuple:37#Main$Tuple:37,y=12
Field Write,context=Main$Tuple:37,x=2
Field Write,context=Main$Tuple:37,y=12
Method Exit,returner=Main$Tuple:37#Main$Tuple:37,value=<void>
Variable Write,context=Main#main:1,i=2
Variable Delete,method=Main#main:1 <name=newX,type=int (id=7),value=<?>,index=31>
Variable Delete,method=Main#main:1 <name=newY,type=int (id=7),value=<?>,index=32>
Field Read,context=Main$Tuple:35,x
Field Read,context=Main,xDelta
Variable Write,context=Main#main:1,newX=1
Field Read,context=Main$Tuple:35,y
Field Read,context=Main,yDelta
Variable Write,context=Main#main:1,newY=11
Variable Write,context=Main#main:1,i=3
Variable Delete,method=Main#main:1 <name=newX,type=int (id=7),value=<?>,index=31>
Variable Delete,method=Main#main:1 <name=newY,type=int (id=7),value=<?>,index=32>
Field Read,context=Main$Tuple:35,x
Field Read,context=Main,xDelta
Variable Write,context=Main#main:1,newX=1
Field Read,context=Main$Tuple:35,y
Field Read,context=Main,yDelta
Variable Write,context=Main#main:1,newY=13
Variable Delete,method=Main#main:1 <name=newX,type=int (id=7),value=<?>,index=31>
Variable Delete,method=Main#main:1 <name=newY,type=int (id=7),value=<?>,index=32>
Variable Delete,method=Main#main:1 <name=t,type=Main$Tuple (id=90),value=<?>,index=29>
Variable Delete,method=Main#main:1 <name=i,type=int (id=7),value=<?>,index=30>
Variable Write,context=Main#main:1,t=Main$Tuple:36
Variable Write,context=Main#main:1,i=0
Field Read,context=Main$Tuple:36,x
Field Read,context=Main,xDelta
Variable Write,context=Main#main:1,newX=11
Field Read,context=Main$Tuple:36,y
Field Read,context=Main,yDelta
Variable Write,context=Main#main:1,newY=2
Variable Write,context=Main#main:1,i=1
Variable Delete,method=Main#main:1 <name=newX,type=int (id=7),value=<?>,index=31>
Variable Delete,method=Main#main:1 <name=newY,type=int (id=7),value=<?>,index=32>
Field Read,context=Main$Tuple:36,x
Field Read,context=Main,xDelta
Variable Write,context=Main#main:1,newX=13
Field Read,context=Main$Tuple:36,y
Field Read,context=Main,yDelta
Variable Write,context=Main#main:1,newY=2
Variable Write,context=Main#main:1,i=2
Variable Delete,method=Main#main:1 <name=newX,type=int (id=7),value=<?>,index=31>
Variable Delete,method=Main#main:1 <name=newY,type=int (id=7),value=<?>,index=32>
Field Read,context=Main$Tuple:36,x
Field Read,context=Main,xDelta
Variable Write,context=Main#main:1,newX=12
Field Read,context=Main$Tuple:36,y
Field Read,context=Main,yDelta
Variable Write,context=Main#main:1,newY=1
Variable Write,context=Main#main:1,i=3
Variable Delete,method=Main#main:1 <name=newX,type=int (id=7),value=<?>,index=31>
Variable Delete,method=Main#main:1 <name=newY,type=int (id=7),value=<?>,index=32>
Field Read,context=Main$Tuple:36,x
Field Read,context=Main,xDelta
Variable Write,context=Main#main:1,newX=12
Field Read,context=Main$Tuple:36,y
Field Read,context=Main,yDelta
Variable Write,context=Main#main:1,newY=3
Variable Write,context=Main#main:1,g=int[][]:1
New Object,object=Main$Tuple:38
Method Call,caller=Main#main:1,target=Main$Tuple:38#Main$Tuple:38
Variable Write,context=Main$Tuple:38#Main$Tuple:38,x=12
Variable Write,context=Main$Tuple:38#Main$Tuple:38,y=3
Field Write,context=Main$Tuple:38,x=12
Field Write,context=Main$Tuple:38,y=3
Method Exit,returner=Main$Tuple:38#Main$Tuple:38,value=<void>
Variable Delete,method=Main#main:1 <name=newX,type=int (id=7),value=<?>,index=31>
Variable Delete,method=Main#main:1 <name=newY,type=int (id=7),value=<?>,index=32>
Variable Delete,method=Main#main:1 <name=t,type=Main$Tuple (id=90),value=<?>,index=29>
Variable Delete,method=Main#main:1 <name=i,type=int (id=7),value=<?>,index=30>
Variable Write,context=Main#main:1,t=Main$Tuple:37
Variable Write,context=Main#main:1,i=0
Field Read,context=Main$Tuple:37,x
Field Read,context=Main,xDelta
Variable Write,context=Main#main:1,newX=1
Field Read,context=Main$Tuple:37,y
Field Read,context=Main,yDelta
Variable Write,context=Main#main:1,newY=12
Variable Write,context=Main#main:1,i=1
Variable Delete,method=Main#main:1 <name=newX,type=int (id=7),value=<?>,index=31>
Variable Delete,method=Main#main:1 <name=newY,type=int (id=7),value=<?>,index=32>
Field Read,context=Main$Tuple:37,x
Field Read,context=Main,xDelta
Variable Write,context=Main#main:1,newX=3
Field Read,context=Main$Tuple:37,y
Field Read,context=Main,yDelta
Variable Write,context=Main#main:1,newY=12
Variable Write,context=Main#main:1,g=int[][]:1
New Object,object=Main$Tuple:39
Method Call,caller=Main#main:1,target=Main$Tuple:39#Main$Tuple:39
Variable Write,context=Main$Tuple:39#Main$Tuple:39,x=3
Variable Write,context=Main$Tuple:39#Main$Tuple:39,y=12
Field Write,context=Main$Tuple:39,x=3
Field Write,context=Main$Tuple:39,y=12
Method Exit,returner=Main$Tuple:39#Main$Tuple:39,value=<void>
Variable Write,context=Main#main:1,i=2
Variable Delete,method=Main#main:1 <name=newX,type=int (id=7),value=<?>,index=31>
Variable Delete,method=Main#main:1 <name=newY,type=int (id=7),value=<?>,index=32>
Field Read,context=Main$Tuple:37,x
Field Read,context=Main,xDelta
Variable Write,context=Main#main:1,newX=2
Field Read,context=Main$Tuple:37,y
Field Read,context=Main,yDelta
Variable Write,context=Main#main:1,newY=11
Variable Write,context=Main#main:1,i=3
Variable Delete,method=Main#main:1 <name=newX,type=int (id=7),value=<?>,index=31>
Variable Delete,method=Main#main:1 <name=newY,type=int (id=7),value=<?>,index=32>
Field Read,context=Main$Tuple:37,x
Field Read,context=Main,xDelta
Variable Write,context=Main#main:1,newX=2
Field Read,context=Main$Tuple:37,y
Field Read,context=Main,yDelta
Variable Write,context=Main#main:1,newY=13
Variable Delete,method=Main#main:1 <name=newX,type=int (id=7),value=<?>,index=31>
Variable Delete,method=Main#main:1 <name=newY,type=int (id=7),value=<?>,index=32>
Variable Delete,method=Main#main:1 <name=t,type=Main$Tuple (id=90),value=<?>,index=29>
Variable Delete,method=Main#main:1 <name=i,type=int (id=7),value=<?>,index=30>
Variable Write,context=Main#main:1,t=Main$Tuple:38
Variable Write,context=Main#main:1,i=0
Field Read,context=Main$Tuple:38,x
Field Read,context=Main,xDelta
Variable Write,context=Main#main:1,newX=11
Field Read,context=Main$Tuple:38,y
Field Read,context=Main,yDelta
Variable Write,context=Main#main:1,newY=3
Variable Write,context=Main#main:1,i=1
Variable Delete,method=Main#main:1 <name=newX,type=int (id=7),value=<?>,index=31>
Variable Delete,method=Main#main:1 <name=newY,type=int (id=7),value=<?>,index=32>
Field Read,context=Main$Tuple:38,x
Field Read,context=Main,xDelta
Variable Write,context=Main#main:1,newX=13
Field Read,context=Main$Tuple:38,y
Field Read,context=Main,yDelta
Variable Write,context=Main#main:1,newY=3
Variable Write,context=Main#main:1,i=2
Variable Delete,method=Main#main:1 <name=newX,type=int (id=7),value=<?>,index=31>
Variable Delete,method=Main#main:1 <name=newY,type=int (id=7),value=<?>,index=32>
Field Read,context=Main$Tuple:38,x
Field Read,context=Main,xDelta
Variable Write,context=Main#main:1,newX=12
Field Read,context=Main$Tuple:38,y
Field Read,context=Main,yDelta
Variable Write,context=Main#main:1,newY=2
Variable Write,context=Main#main:1,i=3
Variable Delete,method=Main#main:1 <name=newX,type=int (id=7),value=<?>,index=31>
Variable Delete,method=Main#main:1 <name=newY,type=int (id=7),value=<?>,index=32>
Field Read,context=Main$Tuple:38,x
Field Read,context=Main,xDelta
Variable Write,context=Main#main:1,newX=12
Field Read,context=Main$Tuple:38,y
Field Read,context=Main,yDelta
Variable Write,context=Main#main:1,newY=4
Variable Write,context=Main#main:1,g=int[][]:1
New Object,object=Main$Tuple:40
Method Call,caller=Main#main:1,target=Main$Tuple:40#Main$Tuple:40
Variable Write,context=Main$Tuple:40#Main$Tuple:40,x=12
Variable Write,context=Main$Tuple:40#Main$Tuple:40,y=4
Field Write,context=Main$Tuple:40,x=12
Field Write,context=Main$Tuple:40,y=4
Method Exit,returner=Main$Tuple:40#Main$Tuple:40,value=<void>
Variable Delete,method=Main#main:1 <name=newX,type=int (id=7),value=<?>,index=31>
Variable Delete,method=Main#main:1 <name=newY,type=int (id=7),value=<?>,index=32>
Variable Delete,method=Main#main:1 <name=t,type=Main$Tuple (id=90),value=<?>,index=29>
Variable Delete,method=Main#main:1 <name=i,type=int (id=7),value=<?>,index=30>
Variable Write,context=Main#main:1,t=Main$Tuple:39
Variable Write,context=Main#main:1,i=0
Field Read,context=Main$Tuple:39,x
Field Read,context=Main,xDelta
Variable Write,context=Main#main:1,newX=2
Field Read,context=Main$Tuple:39,y
Field Read,context=Main,yDelta
Variable Write,context=Main#main:1,newY=12
Variable Write,context=Main#main:1,i=1
Variable Delete,method=Main#main:1 <name=newX,type=int (id=7),value=<?>,index=31>
Variable Delete,method=Main#main:1 <name=newY,type=int (id=7),value=<?>,index=32>
Field Read,context=Main$Tuple:39,x
Field Read,context=Main,xDelta
Variable Write,context=Main#main:1,newX=4
Field Read,context=Main$Tuple:39,y
Field Read,context=Main,yDelta
Variable Write,context=Main#main:1,newY=12
Variable Write,context=Main#main:1,g=int[][]:1
New Object,object=Main$Tuple:41
Method Call,caller=Main#main:1,target=Main$Tuple:41#Main$Tuple:41
Variable Write,context=Main$Tuple:41#Main$Tuple:41,x=4
Variable Write,context=Main$Tuple:41#Main$Tuple:41,y=12
Field Write,context=Main$Tuple:41,x=4
Field Write,context=Main$Tuple:41,y=12
Method Exit,returner=Main$Tuple:41#Main$Tuple:41,value=<void>
Variable Write,context=Main#main:1,i=2
Variable Delete,method=Main#main:1 <name=newX,type=int (id=7),value=<?>,index=31>
Variable Delete,method=Main#main:1 <name=newY,type=int (id=7),value=<?>,index=32>
Field Read,context=Main$Tuple:39,x
Field Read,context=Main,xDelta
Variable Write,context=Main#main:1,newX=3
Field Read,context=Main$Tuple:39,y
Field Read,context=Main,yDelta
Variable Write,context=Main#main:1,newY=11
Variable Write,context=Main#main:1,i=3
Variable Delete,method=Main#main:1 <name=newX,type=int (id=7),value=<?>,index=31>
Variable Delete,method=Main#main:1 <name=newY,type=int (id=7),value=<?>,index=32>
Field Read,context=Main$Tuple:39,x
Field Read,context=Main,xDelta
Variable Write,context=Main#main:1,newX=3
Field Read,context=Main$Tuple:39,y
Field Read,context=Main,yDelta
Variable Write,context=Main#main:1,newY=13
Variable Delete,method=Main#main:1 <name=newX,type=int (id=7),value=<?>,index=31>
Variable Delete,method=Main#main:1 <name=newY,type=int (id=7),value=<?>,index=32>
Variable Delete,method=Main#main:1 <name=t,type=Main$Tuple (id=90),value=<?>,index=29>
Variable Delete,method=Main#main:1 <name=i,type=int (id=7),value=<?>,index=30>
Variable Write,context=Main#main:1,t=Main$Tuple:40
Variable Write,context=Main#main:1,i=0
Field Read,context=Main$Tuple:40,x
Field Read,context=Main,xDelta
Variable Write,context=Main#main:1,newX=11
Field Read,context=Main$Tuple:40,y
Field Read,context=Main,yDelta
Variable Write,context=Main#main:1,newY=4
Variable Write,context=Main#main:1,i=1
Variable Delete,method=Main#main:1 <name=newX,type=int (id=7),value=<?>,index=31>
Variable Delete,method=Main#main:1 <name=newY,type=int (id=7),value=<?>,index=32>
Field Read,context=Main$Tuple:40,x
Field Read,context=Main,xDelta
Variable Write,context=Main#main:1,newX=13
Field Read,context=Main$Tuple:40,y
Field Read,context=Main,yDelta
Variable Write,context=Main#main:1,newY=4
Variable Write,context=Main#main:1,i=2
Variable Delete,method=Main#main:1 <name=newX,type=int (id=7),value=<?>,index=31>
Variable Delete,method=Main#main:1 <name=newY,type=int (id=7),value=<?>,index=32>
Field Read,context=Main$Tuple:40,x
Field Read,context=Main,xDelta
Variable Write,context=Main#main:1,newX=12
Field Read,context=Main$Tuple:40,y
Field Read,context=Main,yDelta
Variable Write,context=Main#main:1,newY=3
Variable Write,context=Main#main:1,i=3
Variable Delete,method=Main#main:1 <name=newX,type=int (id=7),value=<?>,index=31>
Variable Delete,method=Main#main:1 <name=newY,type=int (id=7),value=<?>,index=32>
Field Read,context=Main$Tuple:40,x
Field Read,context=Main,xDelta
Variable Write,context=Main#main:1,newX=12
Field Read,context=Main$Tuple:40,y
Field Read,context=Main,yDelta
Variable Write,context=Main#main:1,newY=5
Variable Write,context=Main#main:1,g=int[][]:1
New Object,object=Main$Tuple:42
Method Call,caller=Main#main:1,target=Main$Tuple:42#Main$Tuple:42
Variable Write,context=Main$Tuple:42#Main$Tuple:42,x=12
Variable Write,context=Main$Tuple:42#Main$Tuple:42,y=5
Field Write,context=Main$Tuple:42,x=12
Field Write,context=Main$Tuple:42,y=5
Method Exit,returner=Main$Tuple:42#Main$Tuple:42,value=<void>
Variable Delete,method=Main#main:1 <name=newX,type=int (id=7),value=<?>,index=31>
Variable Delete,method=Main#main:1 <name=newY,type=int (id=7),value=<?>,index=32>
Variable Delete,method=Main#main:1 <name=t,type=Main$Tuple (id=90),value=<?>,index=29>
Variable Delete,method=Main#main:1 <name=i,type=int (id=7),value=<?>,index=30>
Variable Write,context=Main#main:1,t=Main$Tuple:41
Variable Write,context=Main#main:1,i=0
Field Read,context=Main$Tuple:41,x
Field Read,context=Main,xDelta
Variable Write,context=Main#main:1,newX=3
Field Read,context=Main$Tuple:41,y
Field Read,context=Main,yDelta
Variable Write,context=Main#main:1,newY=12
Variable Write,context=Main#main:1,i=1
Variable Delete,method=Main#main:1 <name=newX,type=int (id=7),value=<?>,index=31>
Variable Delete,method=Main#main:1 <name=newY,type=int (id=7),value=<?>,index=32>
Field Read,context=Main$Tuple:41,x
Field Read,context=Main,xDelta
Variable Write,context=Main#main:1,newX=5
Field Read,context=Main$Tuple:41,y
Field Read,context=Main,yDelta
Variable Write,context=Main#main:1,newY=12
Variable Write,context=Main#main:1,g=int[][]:1
New Object,object=Main$Tuple:43
Method Call,caller=Main#main:1,target=Main$Tuple:43#Main$Tuple:43
Variable Write,context=Main$Tuple:43#Main$Tuple:43,x=5
Variable Write,context=Main$Tuple:43#Main$Tuple:43,y=12
Field Write,context=Main$Tuple:43,x=5
Field Write,context=Main$Tuple:43,y=12
Method Exit,returner=Main$Tuple:43#Main$Tuple:43,value=<void>
Variable Write,context=Main#main:1,i=2
Variable Delete,method=Main#main:1 <name=newX,type=int (id=7),value=<?>,index=31>
Variable Delete,method=Main#main:1 <name=newY,type=int (id=7),value=<?>,index=32>
Field Read,context=Main$Tuple:41,x
Field Read,context=Main,xDelta
Variable Write,context=Main#main:1,newX=4
Field Read,context=Main$Tuple:41,y
Field Read,context=Main,yDelta
Variable Write,context=Main#main:1,newY=11
Variable Write,context=Main#main:1,i=3
Variable Delete,method=Main#main:1 <name=newX,type=int (id=7),value=<?>,index=31>
Variable Delete,method=Main#main:1 <name=newY,type=int (id=7),value=<?>,index=32>
Field Read,context=Main$Tuple:41,x
Field Read,context=Main,xDelta
Variable Write,context=Main#main:1,newX=4
Field Read,context=Main$Tuple:41,y
Field Read,context=Main,yDelta
Variable Write,context=Main#main:1,newY=13
Variable Delete,method=Main#main:1 <name=newX,type=int (id=7),value=<?>,index=31>
Variable Delete,method=Main#main:1 <name=newY,type=int (id=7),value=<?>,index=32>
Variable Delete,method=Main#main:1 <name=t,type=Main$Tuple (id=90),value=<?>,index=29>
Variable Delete,method=Main#main:1 <name=i,type=int (id=7),value=<?>,index=30>
Variable Write,context=Main#main:1,t=Main$Tuple:42
Variable Write,context=Main#main:1,i=0
Field Read,context=Main$Tuple:42,x
Field Read,context=Main,xDelta
Variable Write,context=Main#main:1,newX=11
Field Read,context=Main$Tuple:42,y
Field Read,context=Main,yDelta
Variable Write,context=Main#main:1,newY=5
Variable Write,context=Main#main:1,i=1
Variable Delete,method=Main#main:1 <name=newX,type=int (id=7),value=<?>,index=31>
Variable Delete,method=Main#main:1 <name=newY,type=int (id=7),value=<?>,index=32>
Field Read,context=Main$Tuple:42,x
Field Read,context=Main,xDelta
Variable Write,context=Main#main:1,newX=13
Field Read,context=Main$Tuple:42,y
Field Read,context=Main,yDelta
Variable Write,context=Main#main:1,newY=5
Variable Write,context=Main#main:1,i=2
Variable Delete,method=Main#main:1 <name=newX,type=int (id=7),value=<?>,index=31>
Variable Delete,method=Main#main:1 <name=newY,type=int (id=7),value=<?>,index=32>
Field Read,context=Main$Tuple:42,x
Field Read,context=Main,xDelta
Variable Write,context=Main#main:1,newX=12
Field Read,context=Main$Tuple:42,y
Field Read,context=Main,yDelta
Variable Write,context=Main#main:1,newY=4
Variable Write,context=Main#main:1,i=3
Variable Delete,method=Main#main:1 <name=newX,type=int (id=7),value=<?>,index=31>
Variable Delete,method=Main#main:1 <name=newY,type=int (id=7),value=<?>,index=32>
Field Read,context=Main$Tuple:42,x
Field Read,context=Main,xDelta
Variable Write,context=Main#main:1,newX=12
Field Read,context=Main$Tuple:42,y
Field Read,context=Main,yDelta
Variable Write,context=Main#main:1,newY=6
Variable Write,context=Main#main:1,g=int[][]:1
New Object,object=Main$Tuple:44
Method Call,caller=Main#main:1,target=Main$Tuple:44#Main$Tuple:44
Variable Write,context=Main$Tuple:44#Main$Tuple:44,x=12
Variable Write,context=Main$Tuple:44#Main$Tuple:44,y=6
Field Write,context=Main$Tuple:44,x=12
Field Write,context=Main$Tuple:44,y=6
Method Exit,returner=Main$Tuple:44#Main$Tuple:44,value=<void>
Variable Delete,method=Main#main:1 <name=newX,type=int (id=7),value=<?>,index=31>
Variable Delete,method=Main#main:1 <name=newY,type=int (id=7),value=<?>,index=32>
Variable Delete,method=Main#main:1 <name=t,type=Main$Tuple (id=90),value=<?>,index=29>
Variable Delete,method=Main#main:1 <name=i,type=int (id=7),value=<?>,index=30>
Variable Write,context=Main#main:1,t=Main$Tuple:43
Variable Write,context=Main#main:1,i=0
Field Read,context=Main$Tuple:43,x
Field Read,context=Main,xDelta
Variable Write,context=Main#main:1,newX=4
Field Read,context=Main$Tuple:43,y
Field Read,context=Main,yDelta
Variable Write,context=Main#main:1,newY=12
Variable Write,context=Main#main:1,i=1
Variable Delete,method=Main#main:1 <name=newX,type=int (id=7),value=<?>,index=31>
Variable Delete,method=Main#main:1 <name=newY,type=int (id=7),value=<?>,index=32>
Field Read,context=Main$Tuple:43,x
Field Read,context=Main,xDelta
Variable Write,context=Main#main:1,newX=6
Field Read,context=Main$Tuple:43,y
Field Read,context=Main,yDelta
Variable Write,context=Main#main:1,newY=12
Variable Write,context=Main#main:1,g=int[][]:1
New Object,object=Main$Tuple:45
Method Call,caller=Main#main:1,target=Main$Tuple:45#Main$Tuple:45
Variable Write,context=Main$Tuple:45#Main$Tuple:45,x=6
Variable Write,context=Main$Tuple:45#Main$Tuple:45,y=12
Field Write,context=Main$Tuple:45,x=6
Field Write,context=Main$Tuple:45,y=12
Method Exit,returner=Main$Tuple:45#Main$Tuple:45,value=<void>
Variable Write,context=Main#main:1,i=2
Variable Delete,method=Main#main:1 <name=newX,type=int (id=7),value=<?>,index=31>
Variable Delete,method=Main#main:1 <name=newY,type=int (id=7),value=<?>,index=32>
Field Read,context=Main$Tuple:43,x
Field Read,context=Main,xDelta
Variable Write,context=Main#main:1,newX=5
Field Read,context=Main$Tuple:43,y
Field Read,context=Main,yDelta
Variable Write,context=Main#main:1,newY=11
Variable Write,context=Main#main:1,i=3
Variable Delete,method=Main#main:1 <name=newX,type=int (id=7),value=<?>,index=31>
Variable Delete,method=Main#main:1 <name=newY,type=int (id=7),value=<?>,index=32>
Field Read,context=Main$Tuple:43,x
Field Read,context=Main,xDelta
Variable Write,context=Main#main:1,newX=5
Field Read,context=Main$Tuple:43,y
Field Read,context=Main,yDelta
Variable Write,context=Main#main:1,newY=13
Variable Delete,method=Main#main:1 <name=newX,type=int (id=7),value=<?>,index=31>
Variable Delete,method=Main#main:1 <name=newY,type=int (id=7),value=<?>,index=32>
Variable Delete,method=Main#main:1 <name=t,type=Main$Tuple (id=90),value=<?>,index=29>
Variable Delete,method=Main#main:1 <name=i,type=int (id=7),value=<?>,index=30>
Variable Write,context=Main#main:1,t=Main$Tuple:44
Variable Write,context=Main#main:1,i=0
Field Read,context=Main$Tuple:44,x
Field Read,context=Main,xDelta
Variable Write,context=Main#main:1,newX=11
Field Read,context=Main$Tuple:44,y
Field Read,context=Main,yDelta
Variable Write,context=Main#main:1,newY=6
Variable Write,context=Main#main:1,i=1
Variable Delete,method=Main#main:1 <name=newX,type=int (id=7),value=<?>,index=31>
Variable Delete,method=Main#main:1 <name=newY,type=int (id=7),value=<?>,index=32>
Field Read,context=Main$Tuple:44,x
Field Read,context=Main,xDelta
Variable Write,context=Main#main:1,newX=13
Field Read,context=Main$Tuple:44,y
Field Read,context=Main,yDelta
Variable Write,context=Main#main:1,newY=6
Variable Write,context=Main#main:1,i=2
Variable Delete,method=Main#main:1 <name=newX,type=int (id=7),value=<?>,index=31>
Variable Delete,method=Main#main:1 <name=newY,type=int (id=7),value=<?>,index=32>
Field Read,context=Main$Tuple:44,x
Field Read,context=Main,xDelta
Variable Write,context=Main#main:1,newX=12
Field Read,context=Main$Tuple:44,y
Field Read,context=Main,yDelta
Variable Write,context=Main#main:1,newY=5
Variable Write,context=Main#main:1,i=3
Variable Delete,method=Main#main:1 <name=newX,type=int (id=7),value=<?>,index=31>
Variable Delete,method=Main#main:1 <name=newY,type=int (id=7),value=<?>,index=32>
Field Read,context=Main$Tuple:44,x
Field Read,context=Main,xDelta
Variable Write,context=Main#main:1,newX=12
Field Read,context=Main$Tuple:44,y
Field Read,context=Main,yDelta
Variable Write,context=Main#main:1,newY=7
Variable Write,context=Main#main:1,g=int[][]:1
New Object,object=Main$Tuple:46
Method Call,caller=Main#main:1,target=Main$Tuple:46#Main$Tuple:46
Variable Write,context=Main$Tuple:46#Main$Tuple:46,x=12
Variable Write,context=Main$Tuple:46#Main$Tuple:46,y=7
Field Write,context=Main$Tuple:46,x=12
Field Write,context=Main$Tuple:46,y=7
Method Exit,returner=Main$Tuple:46#Main$Tuple:46,value=<void>
Variable Delete,method=Main#main:1 <name=newX,type=int (id=7),value=<?>,index=31>
Variable Delete,method=Main#main:1 <name=newY,type=int (id=7),value=<?>,index=32>
Variable Delete,method=Main#main:1 <name=t,type=Main$Tuple (id=90),value=<?>,index=29>
Variable Delete,method=Main#main:1 <name=i,type=int (id=7),value=<?>,index=30>
Variable Write,context=Main#main:1,t=Main$Tuple:45
Variable Write,context=Main#main:1,i=0
Field Read,context=Main$Tuple:45,x
Field Read,context=Main,xDelta
Variable Write,context=Main#main:1,newX=5
Field Read,context=Main$Tuple:45,y
Field Read,context=Main,yDelta
Variable Write,context=Main#main:1,newY=12
Variable Write,context=Main#main:1,i=1
Variable Delete,method=Main#main:1 <name=newX,type=int (id=7),value=<?>,index=31>
Variable Delete,method=Main#main:1 <name=newY,type=int (id=7),value=<?>,index=32>
Field Read,context=Main$Tuple:45,x
Field Read,context=Main,xDelta
Variable Write,context=Main#main:1,newX=7
Field Read,context=Main$Tuple:45,y
Field Read,context=Main,yDelta
Variable Write,context=Main#main:1,newY=12
Variable Write,context=Main#main:1,g=int[][]:1
New Object,object=Main$Tuple:47
Method Call,caller=Main#main:1,target=Main$Tuple:47#Main$Tuple:47
Variable Write,context=Main$Tuple:47#Main$Tuple:47,x=7
Variable Write,context=Main$Tuple:47#Main$Tuple:47,y=12
Field Write,context=Main$Tuple:47,x=7
Field Write,context=Main$Tuple:47,y=12
Method Exit,returner=Main$Tuple:47#Main$Tuple:47,value=<void>
Variable Write,context=Main#main:1,i=2
Variable Delete,method=Main#main:1 <name=newX,type=int (id=7),value=<?>,index=31>
Variable Delete,method=Main#main:1 <name=newY,type=int (id=7),value=<?>,index=32>
Field Read,context=Main$Tuple:45,x
Field Read,context=Main,xDelta
Variable Write,context=Main#main:1,newX=6
Field Read,context=Main$Tuple:45,y
Field Read,context=Main,yDelta
Variable Write,context=Main#main:1,newY=11
Variable Write,context=Main#main:1,i=3
Variable Delete,method=Main#main:1 <name=newX,type=int (id=7),value=<?>,index=31>
Variable Delete,method=Main#main:1 <name=newY,type=int (id=7),value=<?>,index=32>
Field Read,context=Main$Tuple:45,x
Field Read,context=Main,xDelta
Variable Write,context=Main#main:1,newX=6
Field Read,context=Main$Tuple:45,y
Field Read,context=Main,yDelta
Variable Write,context=Main#main:1,newY=13
Variable Delete,method=Main#main:1 <name=newX,type=int (id=7),value=<?>,index=31>
Variable Delete,method=Main#main:1 <name=newY,type=int (id=7),value=<?>,index=32>
Variable Delete,method=Main#main:1 <name=t,type=Main$Tuple (id=90),value=<?>,index=29>
Variable Delete,method=Main#main:1 <name=i,type=int (id=7),value=<?>,index=30>
Variable Write,context=Main#main:1,t=Main$Tuple:46
Variable Write,context=Main#main:1,i=0
Field Read,context=Main$Tuple:46,x
Field Read,context=Main,xDelta
Variable Write,context=Main#main:1,newX=11
Field Read,context=Main$Tuple:46,y
Field Read,context=Main,yDelta
Variable Write,context=Main#main:1,newY=7
Variable Write,context=Main#main:1,i=1
Variable Delete,method=Main#main:1 <name=newX,type=int (id=7),value=<?>,index=31>
Variable Delete,method=Main#main:1 <name=newY,type=int (id=7),value=<?>,index=32>
Field Read,context=Main$Tuple:46,x
Field Read,context=Main,xDelta
Variable Write,context=Main#main:1,newX=13
Field Read,context=Main$Tuple:46,y
Field Read,context=Main,yDelta
Variable Write,context=Main#main:1,newY=7
Variable Write,context=Main#main:1,i=2
Variable Delete,method=Main#main:1 <name=newX,type=int (id=7),value=<?>,index=31>
Variable Delete,method=Main#main:1 <name=newY,type=int (id=7),value=<?>,index=32>
Field Read,context=Main$Tuple:46,x
Field Read,context=Main,xDelta
Variable Write,context=Main#main:1,newX=12
Field Read,context=Main$Tuple:46,y
Field Read,context=Main,yDelta
Variable Write,context=Main#main:1,newY=6
Variable Write,context=Main#main:1,i=3
Variable Delete,method=Main#main:1 <name=newX,type=int (id=7),value=<?>,index=31>
Variable Delete,method=Main#main:1 <name=newY,type=int (id=7),value=<?>,index=32>
Field Read,context=Main$Tuple:46,x
Field Read,context=Main,xDelta
Variable Write,context=Main#main:1,newX=12
Field Read,context=Main$Tuple:46,y
Field Read,context=Main,yDelta
Variable Write,context=Main#main:1,newY=8
Variable Write,context=Main#main:1,g=int[][]:1
New Object,object=Main$Tuple:48
Method Call,caller=Main#main:1,target=Main$Tuple:48#Main$Tuple:48
Variable Write,context=Main$Tuple:48#Main$Tuple:48,x=12
Variable Write,context=Main$Tuple:48#Main$Tuple:48,y=8
Field Write,context=Main$Tuple:48,x=12
Field Write,context=Main$Tuple:48,y=8
Method Exit,returner=Main$Tuple:48#Main$Tuple:48,value=<void>
Variable Delete,method=Main#main:1 <name=newX,type=int (id=7),value=<?>,index=31>
Variable Delete,method=Main#main:1 <name=newY,type=int (id=7),value=<?>,index=32>
Variable Delete,method=Main#main:1 <name=t,type=Main$Tuple (id=90),value=<?>,index=29>
Variable Delete,method=Main#main:1 <name=i,type=int (id=7),value=<?>,index=30>
Variable Write,context=Main#main:1,t=Main$Tuple:47
Variable Write,context=Main#main:1,i=0
Field Read,context=Main$Tuple:47,x
Field Read,context=Main,xDelta
Variable Write,context=Main#main:1,newX=6
Field Read,context=Main$Tuple:47,y
Field Read,context=Main,yDelta
Variable Write,context=Main#main:1,newY=12
Variable Write,context=Main#main:1,i=1
Variable Delete,method=Main#main:1 <name=newX,type=int (id=7),value=<?>,index=31>
Variable Delete,method=Main#main:1 <name=newY,type=int (id=7),value=<?>,index=32>
Field Read,context=Main$Tuple:47,x
Field Read,context=Main,xDelta
Variable Write,context=Main#main:1,newX=8
Field Read,context=Main$Tuple:47,y
Field Read,context=Main,yDelta
Variable Write,context=Main#main:1,newY=12
Variable Write,context=Main#main:1,g=int[][]:1
New Object,object=Main$Tuple:49
Method Call,caller=Main#main:1,target=Main$Tuple:49#Main$Tuple:49
Variable Write,context=Main$Tuple:49#Main$Tuple:49,x=8
Variable Write,context=Main$Tuple:49#Main$Tuple:49,y=12
Field Write,context=Main$Tuple:49,x=8
Field Write,context=Main$Tuple:49,y=12
Method Exit,returner=Main$Tuple:49#Main$Tuple:49,value=<void>
Variable Write,context=Main#main:1,i=2
Variable Delete,method=Main#main:1 <name=newX,type=int (id=7),value=<?>,index=31>
Variable Delete,method=Main#main:1 <name=newY,type=int (id=7),value=<?>,index=32>
Field Read,context=Main$Tuple:47,x
Field Read,context=Main,xDelta
Variable Write,context=Main#main:1,newX=7
Field Read,context=Main$Tuple:47,y
Field Read,context=Main,yDelta
Variable Write,context=Main#main:1,newY=11
Variable Write,context=Main#main:1,i=3
Variable Delete,method=Main#main:1 <name=newX,type=int (id=7),value=<?>,index=31>
Variable Delete,method=Main#main:1 <name=newY,type=int (id=7),value=<?>,index=32>
Field Read,context=Main$Tuple:47,x
Field Read,context=Main,xDelta
Variable Write,context=Main#main:1,newX=7
Field Read,context=Main$Tuple:47,y
Field Read,context=Main,yDelta
Variable Write,context=Main#main:1,newY=13
Variable Delete,method=Main#main:1 <name=newX,type=int (id=7),value=<?>,index=31>
Variable Delete,method=Main#main:1 <name=newY,type=int (id=7),value=<?>,index=32>
Variable Delete,method=Main#main:1 <name=t,type=Main$Tuple (id=90),value=<?>,index=29>
Variable Delete,method=Main#main:1 <name=i,type=int (id=7),value=<?>,index=30>
Variable Write,context=Main#main:1,t=Main$Tuple:48
Variable Write,context=Main#main:1,i=0
Field Read,context=Main$Tuple:48,x
Field Read,context=Main,xDelta
Variable Write,context=Main#main:1,newX=11
Field Read,context=Main$Tuple:48,y
Field Read,context=Main,yDelta
Variable Write,context=Main#main:1,newY=8
Variable Write,context=Main#main:1,g=int[][]:1
New Object,object=Main$Tuple:50
Method Call,caller=Main#main:1,target=Main$Tuple:50#Main$Tuple:50
Variable Write,context=Main$Tuple:50#Main$Tuple:50,x=11
Variable Write,context=Main$Tuple:50#Main$Tuple:50,y=8
Field Write,context=Main$Tuple:50,x=11
Field Write,context=Main$Tuple:50,y=8
Method Exit,returner=Main$Tuple:50#Main$Tuple:50,value=<void>
Variable Write,context=Main#main:1,i=1
Variable Delete,method=Main#main:1 <name=newX,type=int (id=7),value=<?>,index=31>
Variable Delete,method=Main#main:1 <name=newY,type=int (id=7),value=<?>,index=32>
Field Read,context=Main$Tuple:48,x
Field Read,context=Main,xDelta
Variable Write,context=Main#main:1,newX=13
Field Read,context=Main$Tuple:48,y
Field Read,context=Main,yDelta
Variable Write,context=Main#main:1,newY=8
Variable Write,context=Main#main:1,i=2
Variable Delete,method=Main#main:1 <name=newX,type=int (id=7),value=<?>,index=31>
Variable Delete,method=Main#main:1 <name=newY,type=int (id=7),value=<?>,index=32>
Field Read,context=Main$Tuple:48,x
Field Read,context=Main,xDelta
Variable Write,context=Main#main:1,newX=12
Field Read,context=Main$Tuple:48,y
Field Read,context=Main,yDelta
Variable Write,context=Main#main:1,newY=7
Variable Write,context=Main#main:1,i=3
Variable Delete,method=Main#main:1 <name=newX,type=int (id=7),value=<?>,index=31>
Variable Delete,method=Main#main:1 <name=newY,type=int (id=7),value=<?>,index=32>
Field Read,context=Main$Tuple:48,x
Field Read,context=Main,xDelta
Variable Write,context=Main#main:1,newX=12
Field Read,context=Main$Tuple:48,y
Field Read,context=Main,yDelta
Variable Write,context=Main#main:1,newY=9
Variable Write,context=Main#main:1,g=int[][]:1
New Object,object=Main$Tuple:51
Method Call,caller=Main#main:1,target=Main$Tuple:51#Main$Tuple:51
Variable Write,context=Main$Tuple:51#Main$Tuple:51,x=12
Variable Write,context=Main$Tuple:51#Main$Tuple:51,y=9
Field Write,context=Main$Tuple:51,x=12
Field Write,context=Main$Tuple:51,y=9
Method Exit,returner=Main$Tuple:51#Main$Tuple:51,value=<void>
Variable Delete,method=Main#main:1 <name=newX,type=int (id=7),value=<?>,index=31>
Variable Delete,method=Main#main:1 <name=newY,type=int (id=7),value=<?>,index=32>
Variable Delete,method=Main#main:1 <name=t,type=Main$Tuple (id=90),value=<?>,index=29>
Variable Delete,method=Main#main:1 <name=i,type=int (id=7),value=<?>,index=30>
Variable Write,context=Main#main:1,t=Main$Tuple:49
Variable Write,context=Main#main:1,i=0
Field Read,context=Main$Tuple:49,x
Field Read,context=Main,xDelta
Variable Write,context=Main#main:1,newX=7
Field Read,context=Main$Tuple:49,y
Field Read,context=Main,yDelta
Variable Write,context=Main#main:1,newY=12
Variable Write,context=Main#main:1,i=1
Variable Delete,method=Main#main:1 <name=newX,type=int (id=7),value=<?>,index=31>
Variable Delete,method=Main#main:1 <name=newY,type=int (id=7),value=<?>,index=32>
Field Read,context=Main$Tuple:49,x
Field Read,context=Main,xDelta
Variable Write,context=Main#main:1,newX=9
Field Read,context=Main$Tuple:49,y
Field Read,context=Main,yDelta
Variable Write,context=Main#main:1,newY=12
Variable Write,context=Main#main:1,g=int[][]:1
New Object,object=Main$Tuple:52
Method Call,caller=Main#main:1,target=Main$Tuple:52#Main$Tuple:52
Variable Write,context=Main$Tuple:52#Main$Tuple:52,x=9
Variable Write,context=Main$Tuple:52#Main$Tuple:52,y=12
Field Write,context=Main$Tuple:52,x=9
Field Write,context=Main$Tuple:52,y=12
Method Exit,returner=Main$Tuple:52#Main$Tuple:52,value=<void>
Variable Write,context=Main#main:1,i=2
Variable Delete,method=Main#main:1 <name=newX,type=int (id=7),value=<?>,index=31>
Variable Delete,method=Main#main:1 <name=newY,type=int (id=7),value=<?>,index=32>
Field Read,context=Main$Tuple:49,x
Field Read,context=Main,xDelta
Variable Write,context=Main#main:1,newX=8
Field Read,context=Main$Tuple:49,y
Field Read,context=Main,yDelta
Variable Write,context=Main#main:1,newY=11
Variable Write,context=Main#main:1,g=int[][]:1
New Object,object=Main$Tuple:53
Method Call,caller=Main#main:1,target=Main$Tuple:53#Main$Tuple:53
Variable Write,context=Main$Tuple:53#Main$Tuple:53,x=8
Variable Write,context=Main$Tuple:53#Main$Tuple:53,y=11
Field Write,context=Main$Tuple:53,x=8
Field Write,context=Main$Tuple:53,y=11
Method Exit,returner=Main$Tuple:53#Main$Tuple:53,value=<void>
Variable Write,context=Main#main:1,i=3
Variable Delete,method=Main#main:1 <name=newX,type=int (id=7),value=<?>,index=31>
Variable Delete,method=Main#main:1 <name=newY,type=int (id=7),value=<?>,index=32>
Field Read,context=Main$Tuple:49,x
Field Read,context=Main,xDelta
Variable Write,context=Main#main:1,newX=8
Field Read,context=Main$Tuple:49,y
Field Read,context=Main,yDelta
Variable Write,context=Main#main:1,newY=13
Variable Delete,method=Main#main:1 <name=newX,type=int (id=7),value=<?>,index=31>
Variable Delete,method=Main#main:1 <name=newY,type=int (id=7),value=<?>,index=32>
Variable Delete,method=Main#main:1 <name=t,type=Main$Tuple (id=90),value=<?>,index=29>
Variable Delete,method=Main#main:1 <name=i,type=int (id=7),value=<?>,index=30>
Variable Write,context=Main#main:1,t=Main$Tuple:50
Variable Write,context=Main#main:1,i=0
Field Read,context=Main$Tuple:50,x
Field Read,context=Main,xDelta
Variable Write,context=Main#main:1,newX=10
Field Read,context=Main$Tuple:50,y
Field Read,context=Main,yDelta
Variable Write,context=Main#main:1,newY=8
Variable Write,context=Main#main:1,g=int[][]:1
New Object,object=Main$Tuple:54
Method Call,caller=Main#main:1,target=Main$Tuple:54#Main$Tuple:54
Variable Write,context=Main$Tuple:54#Main$Tuple:54,x=10
Variable Write,context=Main$Tuple:54#Main$Tuple:54,y=8
Field Write,context=Main$Tuple:54,x=10
Field Write,context=Main$Tuple:54,y=8
Method Exit,returner=Main$Tuple:54#Main$Tuple:54,value=<void>
Variable Write,context=Main#main:1,i=1
Variable Delete,method=Main#main:1 <name=newX,type=int (id=7),value=<?>,index=31>
Variable Delete,method=Main#main:1 <name=newY,type=int (id=7),value=<?>,index=32>
Field Read,context=Main$Tuple:50,x
Field Read,context=Main,xDelta
Variable Write,context=Main#main:1,newX=12
Field Read,context=Main$Tuple:50,y
Field Read,context=Main,yDelta
Variable Write,context=Main#main:1,newY=8
Variable Write,context=Main#main:1,i=2
Variable Delete,method=Main#main:1 <name=newX,type=int (id=7),value=<?>,index=31>
Variable Delete,method=Main#main:1 <name=newY,type=int (id=7),value=<?>,index=32>
Field Read,context=Main$Tuple:50,x
Field Read,context=Main,xDelta
Variable Write,context=Main#main:1,newX=11
Field Read,context=Main$Tuple:50,y
Field Read,context=Main,yDelta
Variable Write,context=Main#main:1,newY=7
Variable Write,context=Main#main:1,i=3
Variable Delete,method=Main#main:1 <name=newX,type=int (id=7),value=<?>,index=31>
Variable Delete,method=Main#main:1 <name=newY,type=int (id=7),value=<?>,index=32>
Field Read,context=Main$Tuple:50,x
Field Read,context=Main,xDelta
Variable Write,context=Main#main:1,newX=11
Field Read,context=Main$Tuple:50,y
Field Read,context=Main,yDelta
Variable Write,context=Main#main:1,newY=9
Variable Write,context=Main#main:1,g=int[][]:1
New Object,object=Main$Tuple:55
Method Call,caller=Main#main:1,target=Main$Tuple:55#Main$Tuple:55
Variable Write,context=Main$Tuple:55#Main$Tuple:55,x=11
Variable Write,context=Main$Tuple:55#Main$Tuple:55,y=9
Field Write,context=Main$Tuple:55,x=11
Field Write,context=Main$Tuple:55,y=9
Method Exit,returner=Main$Tuple:55#Main$Tuple:55,value=<void>
Variable Delete,method=Main#main:1 <name=newX,type=int (id=7),value=<?>,index=31>
Variable Delete,method=Main#main:1 <name=newY,type=int (id=7),value=<?>,index=32>
Variable Delete,method=Main#main:1 <name=t,type=Main$Tuple (id=90),value=<?>,index=29>
Variable Delete,method=Main#main:1 <name=i,type=int (id=7),value=<?>,index=30>
Variable Write,context=Main#main:1,t=Main$Tuple:51
Variable Write,context=Main#main:1,i=0
Field Read,context=Main$Tuple:51,x
Field Read,context=Main,xDelta
Variable Write,context=Main#main:1,newX=11
Field Read,context=Main$Tuple:51,y
Field Read,context=Main,yDelta
Variable Write,context=Main#main:1,newY=9
Variable Write,context=Main#main:1,i=1
Variable Delete,method=Main#main:1 <name=newX,type=int (id=7),value=<?>,index=31>
Variable Delete,method=Main#main:1 <name=newY,type=int (id=7),value=<?>,index=32>
Field Read,context=Main$Tuple:51,x
Field Read,context=Main,xDelta
Variable Write,context=Main#main:1,newX=13
Field Read,context=Main$Tuple:51,y
Field Read,context=Main,yDelta
Variable Write,context=Main#main:1,newY=9
Variable Write,context=Main#main:1,i=2
Variable Delete,method=Main#main:1 <name=newX,type=int (id=7),value=<?>,index=31>
Variable Delete,method=Main#main:1 <name=newY,type=int (id=7),value=<?>,index=32>
Field Read,context=Main$Tuple:51,x
Field Read,context=Main,xDelta
Variable Write,context=Main#main:1,newX=12
Field Read,context=Main$Tuple:51,y
Field Read,context=Main,yDelta
Variable Write,context=Main#main:1,newY=8
Variable Write,context=Main#main:1,i=3
Variable Delete,method=Main#main:1 <name=newX,type=int (id=7),value=<?>,index=31>
Variable Delete,method=Main#main:1 <name=newY,type=int (id=7),value=<?>,index=32>
Field Read,context=Main$Tuple:51,x
Field Read,context=Main,xDelta
Variable Write,context=Main#main:1,newX=12
Field Read,context=Main$Tuple:51,y
Field Read,context=Main,yDelta
Variable Write,context=Main#main:1,newY=10
Variable Write,context=Main#main:1,g=int[][]:1
New Object,object=Main$Tuple:56
Method Call,caller=Main#main:1,target=Main$Tuple:56#Main$Tuple:56
Variable Write,context=Main$Tuple:56#Main$Tuple:56,x=12
Variable Write,context=Main$Tuple:56#Main$Tuple:56,y=10
Field Write,context=Main$Tuple:56,x=12
Field Write,context=Main$Tuple:56,y=10
Method Exit,returner=Main$Tuple:56#Main$Tuple:56,value=<void>
Variable Delete,method=Main#main:1 <name=newX,type=int (id=7),value=<?>,index=31>
Variable Delete,method=Main#main:1 <name=newY,type=int (id=7),value=<?>,index=32>
Variable Delete,method=Main#main:1 <name=t,type=Main$Tuple (id=90),value=<?>,index=29>
Variable Delete,method=Main#main:1 <name=i,type=int (id=7),value=<?>,index=30>
Variable Write,context=Main#main:1,t=Main$Tuple:52
Variable Write,context=Main#main:1,i=0
Field Read,context=Main$Tuple:52,x
Field Read,context=Main,xDelta
Variable Write,context=Main#main:1,newX=8
Field Read,context=Main$Tuple:52,y
Field Read,context=Main,yDelta
Variable Write,context=Main#main:1,newY=12
Variable Write,context=Main#main:1,i=1
Variable Delete,method=Main#main:1 <name=newX,type=int (id=7),value=<?>,index=31>
Variable Delete,method=Main#main:1 <name=newY,type=int (id=7),value=<?>,index=32>
Field Read,context=Main$Tuple:52,x
Field Read,context=Main,xDelta
Variable Write,context=Main#main:1,newX=10
Field Read,context=Main$Tuple:52,y
Field Read,context=Main,yDelta
Variable Write,context=Main#main:1,newY=12
Variable Write,context=Main#main:1,g=int[][]:1
New Object,object=Main$Tuple:57
Method Call,caller=Main#main:1,target=Main$Tuple:57#Main$Tuple:57
Variable Write,context=Main$Tuple:57#Main$Tuple:57,x=10
Variable Write,context=Main$Tuple:57#Main$Tuple:57,y=12
Field Write,context=Main$Tuple:57,x=10
Field Write,context=Main$Tuple:57,y=12
Method Exit,returner=Main$Tuple:57#Main$Tuple:57,value=<void>
Variable Write,context=Main#main:1,i=2
Variable Delete,method=Main#main:1 <name=newX,type=int (id=7),value=<?>,index=31>
Variable Delete,method=Main#main:1 <name=newY,type=int (id=7),value=<?>,index=32>
Field Read,context=Main$Tuple:52,x
Field Read,context=Main,xDelta
Variable Write,context=Main#main:1,newX=9
Field Read,context=Main$Tuple:52,y
Field Read,context=Main,yDelta
Variable Write,context=Main#main:1,newY=11
Variable Write,context=Main#main:1,g=int[][]:1
New Object,object=Main$Tuple:58
Method Call,caller=Main#main:1,target=Main$Tuple:58#Main$Tuple:58
Variable Write,context=Main$Tuple:58#Main$Tuple:58,x=9
Variable Write,context=Main$Tuple:58#Main$Tuple:58,y=11
Field Write,context=Main$Tuple:58,x=9
Field Write,context=Main$Tuple:58,y=11
Method Exit,returner=Main$Tuple:58#Main$Tuple:58,value=<void>
Variable Write,context=Main#main:1,i=3
Variable Delete,method=Main#main:1 <name=newX,type=int (id=7),value=<?>,index=31>
Variable Delete,method=Main#main:1 <name=newY,type=int (id=7),value=<?>,index=32>
Field Read,context=Main$Tuple:52,x
Field Read,context=Main,xDelta
Variable Write,context=Main#main:1,newX=9
Field Read,context=Main$Tuple:52,y
Field Read,context=Main,yDelta
Variable Write,context=Main#main:1,newY=13
Variable Delete,method=Main#main:1 <name=newX,type=int (id=7),value=<?>,index=31>
Variable Delete,method=Main#main:1 <name=newY,type=int (id=7),value=<?>,index=32>
Variable Delete,method=Main#main:1 <name=t,type=Main$Tuple (id=90),value=<?>,index=29>
Variable Delete,method=Main#main:1 <name=i,type=int (id=7),value=<?>,index=30>
Variable Write,context=Main#main:1,t=Main$Tuple:53
Variable Write,context=Main#main:1,i=0
Field Read,context=Main$Tuple:53,x
Field Read,context=Main,xDelta
Variable Write,context=Main#main:1,newX=7
Field Read,context=Main$Tuple:53,y
Field Read,context=Main,yDelta
Variable Write,context=Main#main:1,newY=11
Variable Write,context=Main#main:1,i=1
Variable Delete,method=Main#main:1 <name=newX,type=int (id=7),value=<?>,index=31>
Variable Delete,method=Main#main:1 <name=newY,type=int (id=7),value=<?>,index=32>
Field Read,context=Main$Tuple:53,x
Field Read,context=Main,xDelta
Variable Write,context=Main#main:1,newX=9
Field Read,context=Main$Tuple:53,y
Field Read,context=Main,yDelta
Variable Write,context=Main#main:1,newY=11
Variable Write,context=Main#main:1,i=2
Variable Delete,method=Main#main:1 <name=newX,type=int (id=7),value=<?>,index=31>
Variable Delete,method=Main#main:1 <name=newY,type=int (id=7),value=<?>,index=32>
Field Read,context=Main$Tuple:53,x
Field Read,context=Main,xDelta
Variable Write,context=Main#main:1,newX=8
Field Read,context=Main$Tuple:53,y
Field Read,context=Main,yDelta
Variable Write,context=Main#main:1,newY=10
Variable Write,context=Main#main:1,g=int[][]:1
New Object,object=Main$Tuple:59
Method Call,caller=Main#main:1,target=Main$Tuple:59#Main$Tuple:59
Variable Write,context=Main$Tuple:59#Main$Tuple:59,x=8
Variable Write,context=Main$Tuple:59#Main$Tuple:59,y=10
Field Write,context=Main$Tuple:59,x=8
Field Write,context=Main$Tuple:59,y=10
Method Exit,returner=Main$Tuple:59#Main$Tuple:59,value=<void>
Variable Write,context=Main#main:1,i=3
Variable Delete,method=Main#main:1 <name=newX,type=int (id=7),value=<?>,index=31>
Variable Delete,method=Main#main:1 <name=newY,type=int (id=7),value=<?>,index=32>
Field Read,context=Main$Tuple:53,x
Field Read,context=Main,xDelta
Variable Write,context=Main#main:1,newX=8
Field Read,context=Main$Tuple:53,y
Field Read,context=Main,yDelta
Variable Write,context=Main#main:1,newY=12
Variable Delete,method=Main#main:1 <name=newX,type=int (id=7),value=<?>,index=31>
Variable Delete,method=Main#main:1 <name=newY,type=int (id=7),value=<?>,index=32>
Variable Delete,method=Main#main:1 <name=t,type=Main$Tuple (id=90),value=<?>,index=29>
Variable Delete,method=Main#main:1 <name=i,type=int (id=7),value=<?>,index=30>
Variable Write,context=Main#main:1,t=Main$Tuple:54
Variable Write,context=Main#main:1,i=0
Field Read,context=Main$Tuple:54,x
Field Read,context=Main,xDelta
Variable Write,context=Main#main:1,newX=9
Field Read,context=Main$Tuple:54,y
Field Read,context=Main,yDelta
Variable Write,context=Main#main:1,newY=8
Variable Write,context=Main#main:1,i=1
Variable Delete,method=Main#main:1 <name=newX,type=int (id=7),value=<?>,index=31>
Variable Delete,method=Main#main:1 <name=newY,type=int (id=7),value=<?>,index=32>
Field Read,context=Main$Tuple:54,x
Field Read,context=Main,xDelta
Variable Write,context=Main#main:1,newX=11
Field Read,context=Main$Tuple:54,y
Field Read,context=Main,yDelta
Variable Write,context=Main#main:1,newY=8
Variable Write,context=Main#main:1,i=2
Variable Delete,method=Main#main:1 <name=newX,type=int (id=7),value=<?>,index=31>
Variable Delete,method=Main#main:1 <name=newY,type=int (id=7),value=<?>,index=32>
Field Read,context=Main$Tuple:54,x
Field Read,context=Main,xDelta
Variable Write,context=Main#main:1,newX=10
Field Read,context=Main$Tuple:54,y
Field Read,context=Main,yDelta
Variable Write,context=Main#main:1,newY=7
Variable Write,context=Main#main:1,i=3
Variable Delete,method=Main#main:1 <name=newX,type=int (id=7),value=<?>,index=31>
Variable Delete,method=Main#main:1 <name=newY,type=int (id=7),value=<?>,index=32>
Field Read,context=Main$Tuple:54,x
Field Read,context=Main,xDelta
Variable Write,context=Main#main:1,newX=10
Field Read,context=Main$Tuple:54,y
Field Read,context=Main,yDelta
Variable Write,context=Main#main:1,newY=9
Variable Write,context=Main#main:1,g=int[][]:1
New Object,object=Main$Tuple:60
Method Call,caller=Main#main:1,target=Main$Tuple:60#Main$Tuple:60
Variable Write,context=Main$Tuple:60#Main$Tuple:60,x=10
Variable Write,context=Main$Tuple:60#Main$Tuple:60,y=9
Field Write,context=Main$Tuple:60,x=10
Field Write,context=Main$Tuple:60,y=9
Method Exit,returner=Main$Tuple:60#Main$Tuple:60,value=<void>
Variable Delete,method=Main#main:1 <name=newX,type=int (id=7),value=<?>,index=31>
Variable Delete,method=Main#main:1 <name=newY,type=int (id=7),value=<?>,index=32>
Variable Delete,method=Main#main:1 <name=t,type=Main$Tuple (id=90),value=<?>,index=29>
Variable Delete,method=Main#main:1 <name=i,type=int (id=7),value=<?>,index=30>
Variable Write,context=Main#main:1,t=Main$Tuple:55
Variable Write,context=Main#main:1,i=0
Field Read,context=Main$Tuple:55,x
Field Read,context=Main,xDelta
Variable Write,context=Main#main:1,newX=10
Field Read,context=Main$Tuple:55,y
Field Read,context=Main,yDelta
Variable Write,context=Main#main:1,newY=9
Variable Write,context=Main#main:1,i=1
Variable Delete,method=Main#main:1 <name=newX,type=int (id=7),value=<?>,index=31>
Variable Delete,method=Main#main:1 <name=newY,type=int (id=7),value=<?>,index=32>
Field Read,context=Main$Tuple:55,x
Field Read,context=Main,xDelta
Variable Write,context=Main#main:1,newX=12
Field Read,context=Main$Tuple:55,y
Field Read,context=Main,yDelta
Variable Write,context=Main#main:1,newY=9
Variable Write,context=Main#main:1,i=2
Variable Delete,method=Main#main:1 <name=newX,type=int (id=7),value=<?>,index=31>
Variable Delete,method=Main#main:1 <name=newY,type=int (id=7),value=<?>,index=32>
Field Read,context=Main$Tuple:55,x
Field Read,context=Main,xDelta
Variable Write,context=Main#main:1,newX=11
Field Read,context=Main$Tuple:55,y
Field Read,context=Main,yDelta
Variable Write,context=Main#main:1,newY=8
Variable Write,context=Main#main:1,i=3
Variable Delete,method=Main#main:1 <name=newX,type=int (id=7),value=<?>,index=31>
Variable Delete,method=Main#main:1 <name=newY,type=int (id=7),value=<?>,index=32>
Field Read,context=Main$Tuple:55,x
Field Read,context=Main,xDelta
Variable Write,context=Main#main:1,newX=11
Field Read,context=Main$Tuple:55,y
Field Read,context=Main,yDelta
Variable Write,context=Main#main:1,newY=10
Variable Write,context=Main#main:1,g=int[][]:1
New Object,object=Main$Tuple:61
Method Call,caller=Main#main:1,target=Main$Tuple:61#Main$Tuple:61
Variable Write,context=Main$Tuple:61#Main$Tuple:61,x=11
Variable Write,context=Main$Tuple:61#Main$Tuple:61,y=10
Field Write,context=Main$Tuple:61,x=11
Field Write,context=Main$Tuple:61,y=10
Method Exit,returner=Main$Tuple:61#Main$Tuple:61,value=<void>
Variable Delete,method=Main#main:1 <name=newX,type=int (id=7),value=<?>,index=31>
Variable Delete,method=Main#main:1 <name=newY,type=int (id=7),value=<?>,index=32>
Variable Delete,method=Main#main:1 <name=t,type=Main$Tuple (id=90),value=<?>,index=29>
Variable Delete,method=Main#main:1 <name=i,type=int (id=7),value=<?>,index=30>
Variable Write,context=Main#main:1,t=Main$Tuple:56
Variable Write,context=Main#main:1,i=0
Field Read,context=Main$Tuple:56,x
Field Read,context=Main,xDelta
Variable Write,context=Main#main:1,newX=11
Field Read,context=Main$Tuple:56,y
Field Read,context=Main,yDelta
Variable Write,context=Main#main:1,newY=10
Variable Write,context=Main#main:1,i=1
Variable Delete,method=Main#main:1 <name=newX,type=int (id=7),value=<?>,index=31>
Variable Delete,method=Main#main:1 <name=newY,type=int (id=7),value=<?>,index=32>
Field Read,context=Main$Tuple:56,x
Field Read,context=Main,xDelta
Variable Write,context=Main#main:1,newX=13
Field Read,context=Main$Tuple:56,y
Field Read,context=Main,yDelta
Variable Write,context=Main#main:1,newY=10
Variable Write,context=Main#main:1,i=2
Variable Delete,method=Main#main:1 <name=newX,type=int (id=7),value=<?>,index=31>
Variable Delete,method=Main#main:1 <name=newY,type=int (id=7),value=<?>,index=32>
Field Read,context=Main$Tuple:56,x
Field Read,context=Main,xDelta
Variable Write,context=Main#main:1,newX=12
Field Read,context=Main$Tuple:56,y
Field Read,context=Main,yDelta
Variable Write,context=Main#main:1,newY=9
Variable Write,context=Main#main:1,i=3
Variable Delete,method=Main#main:1 <name=newX,type=int (id=7),value=<?>,index=31>
Variable Delete,method=Main#main:1 <name=newY,type=int (id=7),value=<?>,index=32>
Field Read,context=Main$Tuple:56,x
Field Read,context=Main,xDelta
Variable Write,context=Main#main:1,newX=12
Field Read,context=Main$Tuple:56,y
Field Read,context=Main,yDelta
Variable Write,context=Main#main:1,newY=11
Variable Write,context=Main#main:1,g=int[][]:1
New Object,object=Main$Tuple:62
Method Call,caller=Main#main:1,target=Main$Tuple:62#Main$Tuple:62
Variable Write,context=Main$Tuple:62#Main$Tuple:62,x=12
Variable Write,context=Main$Tuple:62#Main$Tuple:62,y=11
Field Write,context=Main$Tuple:62,x=12
Field Write,context=Main$Tuple:62,y=11
Method Exit,returner=Main$Tuple:62#Main$Tuple:62,value=<void>
Variable Delete,method=Main#main:1 <name=newX,type=int (id=7),value=<?>,index=31>
Variable Delete,method=Main#main:1 <name=newY,type=int (id=7),value=<?>,index=32>
Variable Delete,method=Main#main:1 <name=t,type=Main$Tuple (id=90),value=<?>,index=29>
Variable Delete,method=Main#main:1 <name=i,type=int (id=7),value=<?>,index=30>
Variable Write,context=Main#main:1,t=Main$Tuple:57
Variable Write,context=Main#main:1,i=0
Field Read,context=Main$Tuple:57,x
Field Read,context=Main,xDelta
Variable Write,context=Main#main:1,newX=9
Field Read,context=Main$Tuple:57,y
Field Read,context=Main,yDelta
Variable Write,context=Main#main:1,newY=12
Variable Write,context=Main#main:1,i=1
Variable Delete,method=Main#main:1 <name=newX,type=int (id=7),value=<?>,index=31>
Variable Delete,method=Main#main:1 <name=newY,type=int (id=7),value=<?>,index=32>
Field Read,context=Main$Tuple:57,x
Field Read,context=Main,xDelta
Variable Write,context=Main#main:1,newX=11
Field Read,context=Main$Tuple:57,y
Field Read,context=Main,yDelta
Variable Write,context=Main#main:1,newY=12
Variable Write,context=Main#main:1,g=int[][]:1
New Object,object=Main$Tuple:63
Method Call,caller=Main#main:1,target=Main$Tuple:63#Main$Tuple:63
Variable Write,context=Main$Tuple:63#Main$Tuple:63,x=11
Variable Write,context=Main$Tuple:63#Main$Tuple:63,y=12
Field Write,context=Main$Tuple:63,x=11
Field Write,context=Main$Tuple:63,y=12
Method Exit,returner=Main$Tuple:63#Main$Tuple:63,value=<void>
Variable Write,context=Main#main:1,i=2
Variable Delete,method=Main#main:1 <name=newX,type=int (id=7),value=<?>,index=31>
Variable Delete,method=Main#main:1 <name=newY,type=int (id=7),value=<?>,index=32>
Field Read,context=Main$Tuple:57,x
Field Read,context=Main,xDelta
Variable Write,context=Main#main:1,newX=10
Field Read,context=Main$Tuple:57,y
Field Read,context=Main,yDelta
Variable Write,context=Main#main:1,newY=11
Variable Write,context=Main#main:1,g=int[][]:1
New Object,object=Main$Tuple:64
Method Call,caller=Main#main:1,target=Main$Tuple:64#Main$Tuple:64
Variable Write,context=Main$Tuple:64#Main$Tuple:64,x=10
Variable Write,context=Main$Tuple:64#Main$Tuple:64,y=11
Field Write,context=Main$Tuple:64,x=10
Field Write,context=Main$Tuple:64,y=11
Method Exit,returner=Main$Tuple:64#Main$Tuple:64,value=<void>
Variable Write,context=Main#main:1,i=3
Variable Delete,method=Main#main:1 <name=newX,type=int (id=7),value=<?>,index=31>
Variable Delete,method=Main#main:1 <name=newY,type=int (id=7),value=<?>,index=32>
Field Read,context=Main$Tuple:57,x
Field Read,context=Main,xDelta
Variable Write,context=Main#main:1,newX=10
Field Read,context=Main$Tuple:57,y
Field Read,context=Main,yDelta
Variable Write,context=Main#main:1,newY=13
Variable Delete,method=Main#main:1 <name=newX,type=int (id=7),value=<?>,index=31>
Variable Delete,method=Main#main:1 <name=newY,type=int (id=7),value=<?>,index=32>
Variable Delete,method=Main#main:1 <name=t,type=Main$Tuple (id=90),value=<?>,index=29>
Variable Delete,method=Main#main:1 <name=i,type=int (id=7),value=<?>,index=30>
Variable Write,context=Main#main:1,t=Main$Tuple:58
Variable Write,context=Main#main:1,i=0
Field Read,context=Main$Tuple:58,x
Field Read,context=Main,xDelta
Variable Write,context=Main#main:1,newX=8
Field Read,context=Main$Tuple:58,y
Field Read,context=Main,yDelta
Variable Write,context=Main#main:1,newY=11
Variable Write,context=Main#main:1,i=1
Variable Delete,method=Main#main:1 <name=newX,type=int (id=7),value=<?>,index=31>
Variable Delete,method=Main#main:1 <name=newY,type=int (id=7),value=<?>,index=32>
Field Read,context=Main$Tuple:58,x
Field Read,context=Main,xDelta
Variable Write,context=Main#main:1,newX=10
Field Read,context=Main$Tuple:58,y
Field Read,context=Main,yDelta
Variable Write,context=Main#main:1,newY=11
Variable Write,context=Main#main:1,i=2
Variable Delete,method=Main#main:1 <name=newX,type=int (id=7),value=<?>,index=31>
Variable Delete,method=Main#main:1 <name=newY,type=int (id=7),value=<?>,index=32>
Field Read,context=Main$Tuple:58,x
Field Read,context=Main,xDelta
Variable Write,context=Main#main:1,newX=9
Field Read,context=Main$Tuple:58,y
Field Read,context=Main,yDelta
Variable Write,context=Main#main:1,newY=10
Variable Write,context=Main#main:1,g=int[][]:1
New Object,object=Main$Tuple:65
Method Call,caller=Main#main:1,target=Main$Tuple:65#Main$Tuple:65
Variable Write,context=Main$Tuple:65#Main$Tuple:65,x=9
Variable Write,context=Main$Tuple:65#Main$Tuple:65,y=10
Field Write,context=Main$Tuple:65,x=9
Field Write,context=Main$Tuple:65,y=10
Method Exit,returner=Main$Tuple:65#Main$Tuple:65,value=<void>
Variable Write,context=Main#main:1,i=3
Variable Delete,method=Main#main:1 <name=newX,type=int (id=7),value=<?>,index=31>
Variable Delete,method=Main#main:1 <name=newY,type=int (id=7),value=<?>,index=32>
Field Read,context=Main$Tuple:58,x
Field Read,context=Main,xDelta
Variable Write,context=Main#main:1,newX=9
Field Read,context=Main$Tuple:58,y
Field Read,context=Main,yDelta
Variable Write,context=Main#main:1,newY=12
Variable Delete,method=Main#main:1 <name=newX,type=int (id=7),value=<?>,index=31>
Variable Delete,method=Main#main:1 <name=newY,type=int (id=7),value=<?>,index=32>
Variable Delete,method=Main#main:1 <name=t,type=Main$Tuple (id=90),value=<?>,index=29>
Variable Delete,method=Main#main:1 <name=i,type=int (id=7),value=<?>,index=30>
Variable Write,context=Main#main:1,t=Main$Tuple:59
Variable Write,context=Main#main:1,i=0
Field Read,context=Main$Tuple:59,x
Field Read,context=Main,xDelta
Variable Write,context=Main#main:1,newX=7
Field Read,context=Main$Tuple:59,y
Field Read,context=Main,yDelta
Variable Write,context=Main#main:1,newY=10
Variable Write,context=Main#main:1,i=1
Variable Delete,method=Main#main:1 <name=newX,type=int (id=7),value=<?>,index=31>
Variable Delete,method=Main#main:1 <name=newY,type=int (id=7),value=<?>,index=32>
Field Read,context=Main$Tuple:59,x
Field Read,context=Main,xDelta
Variable Write,context=Main#main:1,newX=9
Field Read,context=Main$Tuple:59,y
Field Read,context=Main,yDelta
Variable Write,context=Main#main:1,newY=10
Variable Write,context=Main#main:1,i=2
Variable Delete,method=Main#main:1 <name=newX,type=int (id=7),value=<?>,index=31>
Variable Delete,method=Main#main:1 <name=newY,type=int (id=7),value=<?>,index=32>
Field Read,context=Main$Tuple:59,x
Field Read,context=Main,xDelta
Variable Write,context=Main#main:1,newX=8
Field Read,context=Main$Tuple:59,y
Field Read,context=Main,yDelta
Variable Write,context=Main#main:1,newY=9
Variable Write,context=Main#main:1,i=3
Variable Delete,method=Main#main:1 <name=newX,type=int (id=7),value=<?>,index=31>
Variable Delete,method=Main#main:1 <name=newY,type=int (id=7),value=<?>,index=32>
Field Read,context=Main$Tuple:59,x
Field Read,context=Main,xDelta
Variable Write,context=Main#main:1,newX=8
Field Read,context=Main$Tuple:59,y
Field Read,context=Main,yDelta
Variable Write,context=Main#main:1,newY=11
Variable Delete,method=Main#main:1 <name=newX,type=int (id=7),value=<?>,index=31>
Variable Delete,method=Main#main:1 <name=newY,type=int (id=7),value=<?>,index=32>
Variable Delete,method=Main#main:1 <name=t,type=Main$Tuple (id=90),value=<?>,index=29>
Variable Delete,method=Main#main:1 <name=i,type=int (id=7),value=<?>,index=30>
Variable Write,context=Main#main:1,t=Main$Tuple:60
Variable Write,context=Main#main:1,i=0
Field Read,context=Main$Tuple:60,x
Field Read,context=Main,xDelta
Variable Write,context=Main#main:1,newX=9
Field Read,context=Main$Tuple:60,y
Field Read,context=Main,yDelta
Variable Write,context=Main#main:1,newY=9
Variable Write,context=Main#main:1,i=1
Variable Delete,method=Main#main:1 <name=newX,type=int (id=7),value=<?>,index=31>
Variable Delete,method=Main#main:1 <name=newY,type=int (id=7),value=<?>,index=32>
Field Read,context=Main$Tuple:60,x
Field Read,context=Main,xDelta
Variable Write,context=Main#main:1,newX=11
Field Read,context=Main$Tuple:60,y
Field Read,context=Main,yDelta
Variable Write,context=Main#main:1,newY=9
Variable Write,context=Main#main:1,i=2
Variable Delete,method=Main#main:1 <name=newX,type=int (id=7),value=<?>,index=31>
Variable Delete,method=Main#main:1 <name=newY,type=int (id=7),value=<?>,index=32>
Field Read,context=Main$Tuple:60,x
Field Read,context=Main,xDelta
Variable Write,context=Main#main:1,newX=10
Field Read,context=Main$Tuple:60,y
Field Read,context=Main,yDelta
Variable Write,context=Main#main:1,newY=8
Variable Write,context=Main#main:1,i=3
Variable Delete,method=Main#main:1 <name=newX,type=int (id=7),value=<?>,index=31>
Variable Delete,method=Main#main:1 <name=newY,type=int (id=7),value=<?>,index=32>
Field Read,context=Main$Tuple:60,x
Field Read,context=Main,xDelta
Variable Write,context=Main#main:1,newX=10
Field Read,context=Main$Tuple:60,y
Field Read,context=Main,yDelta
Variable Write,context=Main#main:1,newY=10
Variable Write,context=Main#main:1,g=int[][]:1
New Object,object=Main$Tuple:66
Method Call,caller=Main#main:1,target=Main$Tuple:66#Main$Tuple:66
Variable Write,context=Main$Tuple:66#Main$Tuple:66,x=10
Variable Write,context=Main$Tuple:66#Main$Tuple:66,y=10
Field Write,context=Main$Tuple:66,x=10
Field Write,context=Main$Tuple:66,y=10
Method Exit,returner=Main$Tuple:66#Main$Tuple:66,value=<void>
Variable Delete,method=Main#main:1 <name=newX,type=int (id=7),value=<?>,index=31>
Variable Delete,method=Main#main:1 <name=newY,type=int (id=7),value=<?>,index=32>
Variable Delete,method=Main#main:1 <name=t,type=Main$Tuple (id=90),value=<?>,index=29>
Variable Delete,method=Main#main:1 <name=i,type=int (id=7),value=<?>,index=30>
Variable Write,context=Main#main:1,t=Main$Tuple:61
Variable Write,context=Main#main:1,i=0
Field Read,context=Main$Tuple:61,x
Field Read,context=Main,xDelta
Variable Write,context=Main#main:1,newX=10
Field Read,context=Main$Tuple:61,y
Field Read,context=Main,yDelta
Variable Write,context=Main#main:1,newY=10
Variable Write,context=Main#main:1,i=1
Variable Delete,method=Main#main:1 <name=newX,type=int (id=7),value=<?>,index=31>
Variable Delete,method=Main#main:1 <name=newY,type=int (id=7),value=<?>,index=32>
Field Read,context=Main$Tuple:61,x
Field Read,context=Main,xDelta
Variable Write,context=Main#main:1,newX=12
Field Read,context=Main$Tuple:61,y
Field Read,context=Main,yDelta
Variable Write,context=Main#main:1,newY=10
Variable Write,context=Main#main:1,i=2
Variable Delete,method=Main#main:1 <name=newX,type=int (id=7),value=<?>,index=31>
Variable Delete,method=Main#main:1 <name=newY,type=int (id=7),value=<?>,index=32>
Field Read,context=Main$Tuple:61,x
Field Read,context=Main,xDelta
Variable Write,context=Main#main:1,newX=11
Field Read,context=Main$Tuple:61,y
Field Read,context=Main,yDelta
Variable Write,context=Main#main:1,newY=9
Variable Write,context=Main#main:1,i=3
Variable Delete,method=Main#main:1 <name=newX,type=int (id=7),value=<?>,index=31>
Variable Delete,method=Main#main:1 <name=newY,type=int (id=7),value=<?>,index=32>
Field Read,context=Main$Tuple:61,x
Field Read,context=Main,xDelta
Variable Write,context=Main#main:1,newX=11
Field Read,context=Main$Tuple:61,y
Field Read,context=Main,yDelta
Variable Write,context=Main#main:1,newY=11
Variable Write,context=Main#main:1,g=int[][]:1
New Object,object=Main$Tuple:67
Method Call,caller=Main#main:1,target=Main$Tuple:67#Main$Tuple:67
Variable Write,context=Main$Tuple:67#Main$Tuple:67,x=11
Variable Write,context=Main$Tuple:67#Main$Tuple:67,y=11
Field Write,context=Main$Tuple:67,x=11
Field Write,context=Main$Tuple:67,y=11
Method Exit,returner=Main$Tuple:67#Main$Tuple:67,value=<void>
Variable Delete,method=Main#main:1 <name=newX,type=int (id=7),value=<?>,index=31>
Variable Delete,method=Main#main:1 <name=newY,type=int (id=7),value=<?>,index=32>
Variable Delete,method=Main#main:1 <name=t,type=Main$Tuple (id=90),value=<?>,index=29>
Variable Delete,method=Main#main:1 <name=i,type=int (id=7),value=<?>,index=30>
Variable Write,context=Main#main:1,t=Main$Tuple:62
Variable Write,context=Main#main:1,i=0
Field Read,context=Main$Tuple:62,x
Field Read,context=Main,xDelta
Variable Write,context=Main#main:1,newX=11
Field Read,context=Main$Tuple:62,y
Field Read,context=Main,yDelta
Variable Write,context=Main#main:1,newY=11
Variable Write,context=Main#main:1,i=1
Variable Delete,method=Main#main:1 <name=newX,type=int (id=7),value=<?>,index=31>
Variable Delete,method=Main#main:1 <name=newY,type=int (id=7),value=<?>,index=32>
Field Read,context=Main$Tuple:62,x
Field Read,context=Main,xDelta
Variable Write,context=Main#main:1,newX=13
Field Read,context=Main$Tuple:62,y
Field Read,context=Main,yDelta
Variable Write,context=Main#main:1,newY=11
Variable Write,context=Main#main:1,i=2
Variable Delete,method=Main#main:1 <name=newX,type=int (id=7),value=<?>,index=31>
Variable Delete,method=Main#main:1 <name=newY,type=int (id=7),value=<?>,index=32>
Field Read,context=Main$Tuple:62,x
Field Read,context=Main,xDelta
Variable Write,context=Main#main:1,newX=12
Field Read,context=Main$Tuple:62,y
Field Read,context=Main,yDelta
Variable Write,context=Main#main:1,newY=10
Variable Write,context=Main#main:1,i=3
Variable Delete,method=Main#main:1 <name=newX,type=int (id=7),value=<?>,index=31>
Variable Delete,method=Main#main:1 <name=newY,type=int (id=7),value=<?>,index=32>
Field Read,context=Main$Tuple:62,x
Field Read,context=Main,xDelta
Variable Write,context=Main#main:1,newX=12
Field Read,context=Main$Tuple:62,y
Field Read,context=Main,yDelta
Variable Write,context=Main#main:1,newY=12
Variable Write,context=Main#main:1,g=int[][]:1
New Object,object=Main$Tuple:68
Method Call,caller=Main#main:1,target=Main$Tuple:68#Main$Tuple:68
Variable Write,context=Main$Tuple:68#Main$Tuple:68,x=12
Variable Write,context=Main$Tuple:68#Main$Tuple:68,y=12
Field Write,context=Main$Tuple:68,x=12
Field Write,context=Main$Tuple:68,y=12
Method Exit,returner=Main$Tuple:68#Main$Tuple:68,value=<void>
Variable Delete,method=Main#main:1 <name=newX,type=int (id=7),value=<?>,index=31>
Variable Delete,method=Main#main:1 <name=newY,type=int (id=7),value=<?>,index=32>
Variable Delete,method=Main#main:1 <name=t,type=Main$Tuple (id=90),value=<?>,index=29>
Variable Delete,method=Main#main:1 <name=i,type=int (id=7),value=<?>,index=30>
Variable Write,context=Main#main:1,t=Main$Tuple:63
Variable Write,context=Main#main:1,i=0
Field Read,context=Main$Tuple:63,x
Field Read,context=Main,xDelta
Variable Write,context=Main#main:1,newX=10
Field Read,context=Main$Tuple:63,y
Field Read,context=Main,yDelta
Variable Write,context=Main#main:1,newY=12
Variable Write,context=Main#main:1,i=1
Variable Delete,method=Main#main:1 <name=newX,type=int (id=7),value=<?>,index=31>
Variable Delete,method=Main#main:1 <name=newY,type=int (id=7),value=<?>,index=32>
Field Read,context=Main$Tuple:63,x
Field Read,context=Main,xDelta
Variable Write,context=Main#main:1,newX=12
Field Read,context=Main$Tuple:63,y
Field Read,context=Main,yDelta
Variable Write,context=Main#main:1,newY=12
Variable Write,context=Main#main:1,i=2
Variable Delete,method=Main#main:1 <name=newX,type=int (id=7),value=<?>,index=31>
Variable Delete,method=Main#main:1 <name=newY,type=int (id=7),value=<?>,index=32>
Field Read,context=Main$Tuple:63,x
Field Read,context=Main,xDelta
Variable Write,context=Main#main:1,newX=11
Field Read,context=Main$Tuple:63,y
Field Read,context=Main,yDelta
Variable Write,context=Main#main:1,newY=11
Variable Write,context=Main#main:1,i=3
Variable Delete,method=Main#main:1 <name=newX,type=int (id=7),value=<?>,index=31>
Variable Delete,method=Main#main:1 <name=newY,type=int (id=7),value=<?>,index=32>
Field Read,context=Main$Tuple:63,x
Field Read,context=Main,xDelta
Variable Write,context=Main#main:1,newX=11
Field Read,context=Main$Tuple:63,y
Field Read,context=Main,yDelta
Variable Write,context=Main#main:1,newY=13
Variable Delete,method=Main#main:1 <name=newX,type=int (id=7),value=<?>,index=31>
Variable Delete,method=Main#main:1 <name=newY,type=int (id=7),value=<?>,index=32>
Variable Delete,method=Main#main:1 <name=t,type=Main$Tuple (id=90),value=<?>,index=29>
Variable Delete,method=Main#main:1 <name=i,type=int (id=7),value=<?>,index=30>
Variable Write,context=Main#main:1,t=Main$Tuple:64
Variable Write,context=Main#main:1,i=0
Field Read,context=Main$Tuple:64,x
Field Read,context=Main,xDelta
Variable Write,context=Main#main:1,newX=9
Field Read,context=Main$Tuple:64,y
Field Read,context=Main,yDelta
Variable Write,context=Main#main:1,newY=11
Variable Write,context=Main#main:1,i=1
Variable Delete,method=Main#main:1 <name=newX,type=int (id=7),value=<?>,index=31>
Variable Delete,method=Main#main:1 <name=newY,type=int (id=7),value=<?>,index=32>
Field Read,context=Main$Tuple:64,x
Field Read,context=Main,xDelta
Variable Write,context=Main#main:1,newX=11
Field Read,context=Main$Tuple:64,y
Field Read,context=Main,yDelta
Variable Write,context=Main#main:1,newY=11
Variable Write,context=Main#main:1,i=2
Variable Delete,method=Main#main:1 <name=newX,type=int (id=7),value=<?>,index=31>
Variable Delete,method=Main#main:1 <name=newY,type=int (id=7),value=<?>,index=32>
Field Read,context=Main$Tuple:64,x
Field Read,context=Main,xDelta
Variable Write,context=Main#main:1,newX=10
Field Read,context=Main$Tuple:64,y
Field Read,context=Main,yDelta
Variable Write,context=Main#main:1,newY=10
Variable Write,context=Main#main:1,i=3
Variable Delete,method=Main#main:1 <name=newX,type=int (id=7),value=<?>,index=31>
Variable Delete,method=Main#main:1 <name=newY,type=int (id=7),value=<?>,index=32>
Field Read,context=Main$Tuple:64,x
Field Read,context=Main,xDelta
Variable Write,context=Main#main:1,newX=10
Field Read,context=Main$Tuple:64,y
Field Read,context=Main,yDelta
Variable Write,context=Main#main:1,newY=12
Variable Delete,method=Main#main:1 <name=newX,type=int (id=7),value=<?>,index=31>
Variable Delete,method=Main#main:1 <name=newY,type=int (id=7),value=<?>,index=32>
Variable Delete,method=Main#main:1 <name=t,type=Main$Tuple (id=90),value=<?>,index=29>
Variable Delete,method=Main#main:1 <name=i,type=int (id=7),value=<?>,index=30>
Variable Write,context=Main#main:1,t=Main$Tuple:65
Variable Write,context=Main#main:1,i=0
Field Read,context=Main$Tuple:65,x
Field Read,context=Main,xDelta
Variable Write,context=Main#main:1,newX=8
Field Read,context=Main$Tuple:65,y
Field Read,context=Main,yDelta
Variable Write,context=Main#main:1,newY=10
Variable Write,context=Main#main:1,i=1
Variable Delete,method=Main#main:1 <name=newX,type=int (id=7),value=<?>,index=31>
Variable Delete,method=Main#main:1 <name=newY,type=int (id=7),value=<?>,index=32>
Field Read,context=Main$Tuple:65,x
Field Read,context=Main,xDelta
Variable Write,context=Main#main:1,newX=10
Field Read,context=Main$Tuple:65,y
Field Read,context=Main,yDelta
Variable Write,context=Main#main:1,newY=10
Variable Write,context=Main#main:1,i=2
Variable Delete,method=Main#main:1 <name=newX,type=int (id=7),value=<?>,index=31>
Variable Delete,method=Main#main:1 <name=newY,type=int (id=7),value=<?>,index=32>
Field Read,context=Main$Tuple:65,x
Field Read,context=Main,xDelta
Variable Write,context=Main#main:1,newX=9
Field Read,context=Main$Tuple:65,y
Field Read,context=Main,yDelta
Variable Write,context=Main#main:1,newY=9
Variable Write,context=Main#main:1,i=3
Variable Delete,method=Main#main:1 <name=newX,type=int (id=7),value=<?>,index=31>
Variable Delete,method=Main#main:1 <name=newY,type=int (id=7),value=<?>,index=32>
Field Read,context=Main$Tuple:65,x
Field Read,context=Main,xDelta
Variable Write,context=Main#main:1,newX=9
Field Read,context=Main$Tuple:65,y
Field Read,context=Main,yDelta
Variable Write,context=Main#main:1,newY=11
Variable Delete,method=Main#main:1 <name=newX,type=int (id=7),value=<?>,index=31>
Variable Delete,method=Main#main:1 <name=newY,type=int (id=7),value=<?>,index=32>
Variable Delete,method=Main#main:1 <name=t,type=Main$Tuple (id=90),value=<?>,index=29>
Variable Delete,method=Main#main:1 <name=i,type=int (id=7),value=<?>,index=30>
Variable Write,context=Main#main:1,t=Main$Tuple:66
Variable Write,context=Main#main:1,i=0
Field Read,context=Main$Tuple:66,x
Field Read,context=Main,xDelta
Variable Write,context=Main#main:1,newX=9
Field Read,context=Main$Tuple:66,y
Field Read,context=Main,yDelta
Variable Write,context=Main#main:1,newY=10
Variable Write,context=Main#main:1,i=1
Variable Delete,method=Main#main:1 <name=newX,type=int (id=7),value=<?>,index=31>
Variable Delete,method=Main#main:1 <name=newY,type=int (id=7),value=<?>,index=32>
Field Read,context=Main$Tuple:66,x
Field Read,context=Main,xDelta
Variable Write,context=Main#main:1,newX=11
Field Read,context=Main$Tuple:66,y
Field Read,context=Main,yDelta
Variable Write,context=Main#main:1,newY=10
Variable Write,context=Main#main:1,i=2
Variable Delete,method=Main#main:1 <name=newX,type=int (id=7),value=<?>,index=31>
Variable Delete,method=Main#main:1 <name=newY,type=int (id=7),value=<?>,index=32>
Field Read,context=Main$Tuple:66,x
Field Read,context=Main,xDelta
Variable Write,context=Main#main:1,newX=10
Field Read,context=Main$Tuple:66,y
Field Read,context=Main,yDelta
Variable Write,context=Main#main:1,newY=9
Variable Write,context=Main#main:1,i=3
Variable Delete,method=Main#main:1 <name=newX,type=int (id=7),value=<?>,index=31>
Variable Delete,method=Main#main:1 <name=newY,type=int (id=7),value=<?>,index=32>
Field Read,context=Main$Tuple:66,x
Field Read,context=Main,xDelta
Variable Write,context=Main#main:1,newX=10
Field Read,context=Main$Tuple:66,y
Field Read,context=Main,yDelta
Variable Write,context=Main#main:1,newY=11
Variable Delete,method=Main#main:1 <name=newX,type=int (id=7),value=<?>,index=31>
Variable Delete,method=Main#main:1 <name=newY,type=int (id=7),value=<?>,index=32>
Variable Delete,method=Main#main:1 <name=t,type=Main$Tuple (id=90),value=<?>,index=29>
Variable Delete,method=Main#main:1 <name=i,type=int (id=7),value=<?>,index=30>
Variable Write,context=Main#main:1,t=Main$Tuple:67
Variable Write,context=Main#main:1,i=0
Field Read,context=Main$Tuple:67,x
Field Read,context=Main,xDelta
Variable Write,context=Main#main:1,newX=10
Field Read,context=Main$Tuple:67,y
Field Read,context=Main,yDelta
Variable Write,context=Main#main:1,newY=11
Variable Write,context=Main#main:1,i=1
Variable Delete,method=Main#main:1 <name=newX,type=int (id=7),value=<?>,index=31>
Variable Delete,method=Main#main:1 <name=newY,type=int (id=7),value=<?>,index=32>
Field Read,context=Main$Tuple:67,x
Field Read,context=Main,xDelta
Variable Write,context=Main#main:1,newX=12
Field Read,context=Main$Tuple:67,y
Field Read,context=Main,yDelta
Variable Write,context=Main#main:1,newY=11
Variable Write,context=Main#main:1,i=2
Variable Delete,method=Main#main:1 <name=newX,type=int (id=7),value=<?>,index=31>
Variable Delete,method=Main#main:1 <name=newY,type=int (id=7),value=<?>,index=32>
Field Read,context=Main$Tuple:67,x
Field Read,context=Main,xDelta
Variable Write,context=Main#main:1,newX=11
Field Read,context=Main$Tuple:67,y
Field Read,context=Main,yDelta
Variable Write,context=Main#main:1,newY=10
Variable Write,context=Main#main:1,i=3
Variable Delete,method=Main#main:1 <name=newX,type=int (id=7),value=<?>,index=31>
Variable Delete,method=Main#main:1 <name=newY,type=int (id=7),value=<?>,index=32>
Field Read,context=Main$Tuple:67,x
Field Read,context=Main,xDelta
Variable Write,context=Main#main:1,newX=11
Field Read,context=Main$Tuple:67,y
Field Read,context=Main,yDelta
Variable Write,context=Main#main:1,newY=12
Variable Delete,method=Main#main:1 <name=newX,type=int (id=7),value=<?>,index=31>
Variable Delete,method=Main#main:1 <name=newY,type=int (id=7),value=<?>,index=32>
Variable Delete,method=Main#main:1 <name=t,type=Main$Tuple (id=90),value=<?>,index=29>
Variable Delete,method=Main#main:1 <name=i,type=int (id=7),value=<?>,index=30>
Variable Write,context=Main#main:1,t=Main$Tuple:68
Variable Write,context=Main#main:1,i=0
Field Read,context=Main$Tuple:68,x
Field Read,context=Main,xDelta
Variable Write,context=Main#main:1,newX=11
Field Read,context=Main$Tuple:68,y
Field Read,context=Main,yDelta
Variable Write,context=Main#main:1,newY=12
Variable Write,context=Main#main:1,i=1
Variable Delete,method=Main#main:1 <name=newX,type=int (id=7),value=<?>,index=31>
Variable Delete,method=Main#main:1 <name=newY,type=int (id=7),value=<?>,index=32>
Field Read,context=Main$Tuple:68,x
Field Read,context=Main,xDelta
Variable Write,context=Main#main:1,newX=13
Field Read,context=Main$Tuple:68,y
Field Read,context=Main,yDelta
Variable Write,context=Main#main:1,newY=12
Variable Write,context=Main#main:1,i=2
Variable Delete,method=Main#main:1 <name=newX,type=int (id=7),value=<?>,index=31>
Variable Delete,method=Main#main:1 <name=newY,type=int (id=7),value=<?>,index=32>
Field Read,context=Main$Tuple:68,x
Field Read,context=Main,xDelta
Variable Write,context=Main#main:1,newX=12
Field Read,context=Main$Tuple:68,y
Field Read,context=Main,yDelta
Variable Write,context=Main#main:1,newY=11
Variable Write,context=Main#main:1,i=3
Variable Delete,method=Main#main:1 <name=newX,type=int (id=7),value=<?>,index=31>
Variable Delete,method=Main#main:1 <name=newY,type=int (id=7),value=<?>,index=32>
Field Read,context=Main$Tuple:68,x
Field Read,context=Main,xDelta
Variable Write,context=Main#main:1,newX=12
Field Read,context=Main$Tuple:68,y
Field Read,context=Main,yDelta
Variable Write,context=Main#main:1,newY=13
Variable Delete,method=Main#main:1 <name=newX,type=int (id=7),value=<?>,index=31>
Variable Delete,method=Main#main:1 <name=newY,type=int (id=7),value=<?>,index=32>
Variable Delete,method=Main#main:1 <name=t,type=Main$Tuple (id=90),value=<?>,index=29>
Variable Delete,method=Main#main:1 <name=i,type=int (id=7),value=<?>,index=30>
Variable Write,context=Main#main:1,y=1
Variable Delete,method=Main#main:1 <name=p,type=Main$Tuple (id=90),value=<?>,index=27>
Variable Delete,method=Main#main:1 <name=q,type=java.util.Queue (unresolved),value=<?>,index=28>
Variable Write,context=Main#main:1,y=2
Variable Write,context=Main#main:1,y=3
Variable Write,context=Main#main:1,y=4
Variable Write,context=Main#main:1,y=5
Variable Write,context=Main#main:1,y=6
Variable Write,context=Main#main:1,y=7
Variable Write,context=Main#main:1,y=8
Variable Write,context=Main#main:1,y=9
Variable Write,context=Main#main:1,y=10
Variable Write,context=Main#main:1,y=11
Variable Write,context=Main#main:1,y=12
Variable Write,context=Main#main:1,x=1
Variable Delete,method=Main#main:1 <name=y,type=int (id=7),value=<?>,index=26>
Variable Write,context=Main#main:1,y=0
Variable Write,context=Main#main:1,y=1
Variable Write,context=Main#main:1,y=2
Variable Write,context=Main#main:1,y=3
Variable Write,context=Main#main:1,y=4
Variable Write,context=Main#main:1,y=5
Variable Write,context=Main#main:1,y=6
Variable Write,context=Main#main:1,y=7
Variable Write,context=Main#main:1,y=8
Variable Write,context=Main#main:1,y=9
Variable Write,context=Main#main:1,y=10
Variable Write,context=Main#main:1,y=11
Variable Write,context=Main#main:1,y=12
Variable Write,context=Main#main:1,x=2
Variable Delete,method=Main#main:1 <name=y,type=int (id=7),value=<?>,index=26>
Variable Write,context=Main#main:1,y=0
Variable Write,context=Main#main:1,y=1
Variable Write,context=Main#main:1,y=2
Variable Write,context=Main#main:1,y=3
Variable Write,context=Main#main:1,y=4
Variable Write,context=Main#main:1,g=int[][]:1
New Object,object=Main$Tuple:69
Method Call,caller=Main#main:1,target=Main$Tuple:69#Main$Tuple:69
Variable Write,context=Main$Tuple:69#Main$Tuple:69,x=2
Variable Write,context=Main$Tuple:69#Main$Tuple:69,y=4
Field Write,context=Main$Tuple:69,x=2
Field Write,context=Main$Tuple:69,y=4
Method Exit,returner=Main$Tuple:69#Main$Tuple:69,value=<void>
Variable Write,context=Main#main:1,p=Main$Tuple:69
Variable Write,context=Main#main:1,regions=2
Variable Write,context=Main#main:1,q=java.util.ArrayDeque (id=465)
Variable Write,context=Main#main:1,t=Main$Tuple:69
Variable Write,context=Main#main:1,i=0
Field Read,context=Main$Tuple:69,x
Field Read,context=Main,xDelta
Variable Write,context=Main#main:1,newX=1
Field Read,context=Main$Tuple:69,y
Field Read,context=Main,yDelta
Variable Write,context=Main#main:1,newY=4
Variable Write,context=Main#main:1,i=1
Variable Delete,method=Main#main:1 <name=newX,type=int (id=7),value=<?>,index=31>
Variable Delete,method=Main#main:1 <name=newY,type=int (id=7),value=<?>,index=32>
Field Read,context=Main$Tuple:69,x
Field Read,context=Main,xDelta
Variable Write,context=Main#main:1,newX=3
Field Read,context=Main$Tuple:69,y
Field Read,context=Main,yDelta
Variable Write,context=Main#main:1,newY=4
Variable Write,context=Main#main:1,g=int[][]:1
New Object,object=Main$Tuple:70
Method Call,caller=Main#main:1,target=Main$Tuple:70#Main$Tuple:70
Variable Write,context=Main$Tuple:70#Main$Tuple:70,x=3
Variable Write,context=Main$Tuple:70#Main$Tuple:70,y=4
Field Write,context=Main$Tuple:70,x=3
Field Write,context=Main$Tuple:70,y=4
Method Exit,returner=Main$Tuple:70#Main$Tuple:70,value=<void>
Variable Write,context=Main#main:1,i=2
Variable Delete,method=Main#main:1 <name=newX,type=int (id=7),value=<?>,index=31>
Variable Delete,method=Main#main:1 <name=newY,type=int (id=7),value=<?>,index=32>
Field Read,context=Main$Tuple:69,x
Field Read,context=Main,xDelta
Variable Write,context=Main#main:1,newX=2
Field Read,context=Main$Tuple:69,y
Field Read,context=Main,yDelta
Variable Write,context=Main#main:1,newY=3
Variable Write,context=Main#main:1,i=3
Variable Delete,method=Main#main:1 <name=newX,type=int (id=7),value=<?>,index=31>
Variable Delete,method=Main#main:1 <name=newY,type=int (id=7),value=<?>,index=32>
Field Read,context=Main$Tuple:69,x
Field Read,context=Main,xDelta
Variable Write,context=Main#main:1,newX=2
Field Read,context=Main$Tuple:69,y
Field Read,context=Main,yDelta
Variable Write,context=Main#main:1,newY=5
Variable Write,context=Main#main:1,g=int[][]:1
New Object,object=Main$Tuple:71
Method Call,caller=Main#main:1,target=Main$Tuple:71#Main$Tuple:71
Variable Write,context=Main$Tuple:71#Main$Tuple:71,x=2
Variable Write,context=Main$Tuple:71#Main$Tuple:71,y=5
Field Write,context=Main$Tuple:71,x=2
Field Write,context=Main$Tuple:71,y=5
Method Exit,returner=Main$Tuple:71#Main$Tuple:71,value=<void>
Variable Delete,method=Main#main:1 <name=newX,type=int (id=7),value=<?>,index=31>
Variable Delete,method=Main#main:1 <name=newY,type=int (id=7),value=<?>,index=32>
Variable Delete,method=Main#main:1 <name=t,type=Main$Tuple (id=90),value=<?>,index=29>
Variable Delete,method=Main#main:1 <name=i,type=int (id=7),value=<?>,index=30>
Variable Write,context=Main#main:1,t=Main$Tuple:70
Variable Write,context=Main#main:1,i=0
Field Read,context=Main$Tuple:70,x
Field Read,context=Main,xDelta
Variable Write,context=Main#main:1,newX=2
Field Read,context=Main$Tuple:70,y
Field Read,context=Main,yDelta
Variable Write,context=Main#main:1,newY=4
Variable Write,context=Main#main:1,i=1
Variable Delete,method=Main#main:1 <name=newX,type=int (id=7),value=<?>,index=31>
Variable Delete,method=Main#main:1 <name=newY,type=int (id=7),value=<?>,index=32>
Field Read,context=Main$Tuple:70,x
Field Read,context=Main,xDelta
Variable Write,context=Main#main:1,newX=4
Field Read,context=Main$Tuple:70,y
Field Read,context=Main,yDelta
Variable Write,context=Main#main:1,newY=4
Variable Write,context=Main#main:1,g=int[][]:1
New Object,object=Main$Tuple:72
Method Call,caller=Main#main:1,target=Main$Tuple:72#Main$Tuple:72
Variable Write,context=Main$Tuple:72#Main$Tuple:72,x=4
Variable Write,context=Main$Tuple:72#Main$Tuple:72,y=4
Field Write,context=Main$Tuple:72,x=4
Field Write,context=Main$Tuple:72,y=4
Method Exit,returner=Main$Tuple:72#Main$Tuple:72,value=<void>
Variable Write,context=Main#main:1,i=2
Variable Delete,method=Main#main:1 <name=newX,type=int (id=7),value=<?>,index=31>
Variable Delete,method=Main#main:1 <name=newY,type=int (id=7),value=<?>,index=32>
Field Read,context=Main$Tuple:70,x
Field Read,context=Main,xDelta
Variable Write,context=Main#main:1,newX=3
Field Read,context=Main$Tuple:70,y
Field Read,context=Main,yDelta
Variable Write,context=Main#main:1,newY=3
Variable Write,context=Main#main:1,i=3
Variable Delete,method=Main#main:1 <name=newX,type=int (id=7),value=<?>,index=31>
Variable Delete,method=Main#main:1 <name=newY,type=int (id=7),value=<?>,index=32>
Field Read,context=Main$Tuple:70,x
Field Read,context=Main,xDelta
Variable Write,context=Main#main:1,newX=3
Field Read,context=Main$Tuple:70,y
Field Read,context=Main,yDelta
Variable Write,context=Main#main:1,newY=5
Variable Delete,method=Main#main:1 <name=newX,type=int (id=7),value=<?>,index=31>
Variable Delete,method=Main#main:1 <name=newY,type=int (id=7),value=<?>,index=32>
Variable Delete,method=Main#main:1 <name=t,type=Main$Tuple (id=90),value=<?>,index=29>
Variable Delete,method=Main#main:1 <name=i,type=int (id=7),value=<?>,index=30>
Variable Write,context=Main#main:1,t=Main$Tuple:71
Variable Write,context=Main#main:1,i=0
Field Read,context=Main$Tuple:71,x
Field Read,context=Main,xDelta
Variable Write,context=Main#main:1,newX=1
Field Read,context=Main$Tuple:71,y
Field Read,context=Main,yDelta
Variable Write,context=Main#main:1,newY=5
Variable Write,context=Main#main:1,i=1
Variable Delete,method=Main#main:1 <name=newX,type=int (id=7),value=<?>,index=31>
Variable Delete,method=Main#main:1 <name=newY,type=int (id=7),value=<?>,index=32>
Field Read,context=Main$Tuple:71,x
Field Read,context=Main,xDelta
Variable Write,context=Main#main:1,newX=3
Field Read,context=Main$Tuple:71,y
Field Read,context=Main,yDelta
Variable Write,context=Main#main:1,newY=5
Variable Write,context=Main#main:1,i=2
Variable Delete,method=Main#main:1 <name=newX,type=int (id=7),value=<?>,index=31>
Variable Delete,method=Main#main:1 <name=newY,type=int (id=7),value=<?>,index=32>
Field Read,context=Main$Tuple:71,x
Field Read,context=Main,xDelta
Variable Write,context=Main#main:1,newX=2
Field Read,context=Main$Tuple:71,y
Field Read,context=Main,yDelta
Variable Write,context=Main#main:1,newY=4
Variable Write,context=Main#main:1,i=3
Variable Delete,method=Main#main:1 <name=newX,type=int (id=7),value=<?>,index=31>
Variable Delete,method=Main#main:1 <name=newY,type=int (id=7),value=<?>,index=32>
Field Read,context=Main$Tuple:71,x
Field Read,context=Main,xDelta
Variable Write,context=Main#main:1,newX=2
Field Read,context=Main$Tuple:71,y
Field Read,context=Main,yDelta
Variable Write,context=Main#main:1,newY=6
Variable Write,context=Main#main:1,g=int[][]:1
New Object,object=Main$Tuple:73
Method Call,caller=Main#main:1,target=Main$Tuple:73#Main$Tuple:73
Variable Write,context=Main$Tuple:73#Main$Tuple:73,x=2
Variable Write,context=Main$Tuple:73#Main$Tuple:73,y=6
Field Write,context=Main$Tuple:73,x=2
Field Write,context=Main$Tuple:73,y=6
Method Exit,returner=Main$Tuple:73#Main$Tuple:73,value=<void>
Variable Delete,method=Main#main:1 <name=newX,type=int (id=7),value=<?>,index=31>
Variable Delete,method=Main#main:1 <name=newY,type=int (id=7),value=<?>,index=32>
Variable Delete,method=Main#main:1 <name=t,type=Main$Tuple (id=90),value=<?>,index=29>
Variable Delete,method=Main#main:1 <name=i,type=int (id=7),value=<?>,index=30>
Variable Write,context=Main#main:1,t=Main$Tuple:72
Variable Write,context=Main#main:1,i=0
Field Read,context=Main$Tuple:72,x
Field Read,context=Main,xDelta
Variable Write,context=Main#main:1,newX=3
Field Read,context=Main$Tuple:72,y
Field Read,context=Main,yDelta
Variable Write,context=Main#main:1,newY=4
Variable Write,context=Main#main:1,i=1
Variable Delete,method=Main#main:1 <name=newX,type=int (id=7),value=<?>,index=31>
Variable Delete,method=Main#main:1 <name=newY,type=int (id=7),value=<?>,index=32>
Field Read,context=Main$Tuple:72,x
Field Read,context=Main,xDelta
Variable Write,context=Main#main:1,newX=5
Field Read,context=Main$Tuple:72,y
Field Read,context=Main,yDelta
Variable Write,context=Main#main:1,newY=4
Variable Write,context=Main#main:1,i=2
Variable Delete,method=Main#main:1 <name=newX,type=int (id=7),value=<?>,index=31>
Variable Delete,method=Main#main:1 <name=newY,type=int (id=7),value=<?>,index=32>
Field Read,context=Main$Tuple:72,x
Field Read,context=Main,xDelta
Variable Write,context=Main#main:1,newX=4
Field Read,context=Main$Tuple:72,y
Field Read,context=Main,yDelta
Variable Write,context=Main#main:1,newY=3
Variable Write,context=Main#main:1,i=3
Variable Delete,method=Main#main:1 <name=newX,type=int (id=7),value=<?>,index=31>
Variable Delete,method=Main#main:1 <name=newY,type=int (id=7),value=<?>,index=32>
Field Read,context=Main$Tuple:72,x
Field Read,context=Main,xDelta
Variable Write,context=Main#main:1,newX=4
Field Read,context=Main$Tuple:72,y
Field Read,context=Main,yDelta
Variable Write,context=Main#main:1,newY=5
Variable Delete,method=Main#main:1 <name=newX,type=int (id=7),value=<?>,index=31>
Variable Delete,method=Main#main:1 <name=newY,type=int (id=7),value=<?>,index=32>
Variable Delete,method=Main#main:1 <name=t,type=Main$Tuple (id=90),value=<?>,index=29>
Variable Delete,method=Main#main:1 <name=i,type=int (id=7),value=<?>,index=30>
Variable Write,context=Main#main:1,t=Main$Tuple:73
Variable Write,context=Main#main:1,i=0
Field Read,context=Main$Tuple:73,x
Field Read,context=Main,xDelta
Variable Write,context=Main#main:1,newX=1
Field Read,context=Main$Tuple:73,y
Field Read,context=Main,yDelta
Variable Write,context=Main#main:1,newY=6
Variable Write,context=Main#main:1,i=1
Variable Delete,method=Main#main:1 <name=newX,type=int (id=7),value=<?>,index=31>
Variable Delete,method=Main#main:1 <name=newY,type=int (id=7),value=<?>,index=32>
Field Read,context=Main$Tuple:73,x
Field Read,context=Main,xDelta
Variable Write,context=Main#main:1,newX=3
Field Read,context=Main$Tuple:73,y
Field Read,context=Main,yDelta
Variable Write,context=Main#main:1,newY=6
Variable Write,context=Main#main:1,i=2
Variable Delete,method=Main#main:1 <name=newX,type=int (id=7),value=<?>,index=31>
Variable Delete,method=Main#main:1 <name=newY,type=int (id=7),value=<?>,index=32>
Field Read,context=Main$Tuple:73,x
Field Read,context=Main,xDelta
Variable Write,context=Main#main:1,newX=2
Field Read,context=Main$Tuple:73,y
Field Read,context=Main,yDelta
Variable Write,context=Main#main:1,newY=5
Variable Write,context=Main#main:1,i=3
Variable Delete,method=Main#main:1 <name=newX,type=int (id=7),value=<?>,index=31>
Variable Delete,method=Main#main:1 <name=newY,type=int (id=7),value=<?>,index=32>
Field Read,context=Main$Tuple:73,x
Field Read,context=Main,xDelta
Variable Write,context=Main#main:1,newX=2
Field Read,context=Main$Tuple:73,y
Field Read,context=Main,yDelta
Variable Write,context=Main#main:1,newY=7
Variable Write,context=Main#main:1,g=int[][]:1
New Object,object=Main$Tuple:74
Method Call,caller=Main#main:1,target=Main$Tuple:74#Main$Tuple:74
Variable Write,context=Main$Tuple:74#Main$Tuple:74,x=2
Variable Write,context=Main$Tuple:74#Main$Tuple:74,y=7
Field Write,context=Main$Tuple:74,x=2
Field Write,context=Main$Tuple:74,y=7
Method Exit,returner=Main$Tuple:74#Main$Tuple:74,value=<void>
Variable Delete,method=Main#main:1 <name=newX,type=int (id=7),value=<?>,index=31>
Variable Delete,method=Main#main:1 <name=newY,type=int (id=7),value=<?>,index=32>
Variable Delete,method=Main#main:1 <name=t,type=Main$Tuple (id=90),value=<?>,index=29>
Variable Delete,method=Main#main:1 <name=i,type=int (id=7),value=<?>,index=30>
Variable Write,context=Main#main:1,t=Main$Tuple:74
Variable Write,context=Main#main:1,i=0
Field Read,context=Main$Tuple:74,x
Field Read,context=Main,xDelta
Variable Write,context=Main#main:1,newX=1
Field Read,context=Main$Tuple:74,y
Field Read,context=Main,yDelta
Variable Write,context=Main#main:1,newY=7
Variable Write,context=Main#main:1,i=1
Variable Delete,method=Main#main:1 <name=newX,type=int (id=7),value=<?>,index=31>
Variable Delete,method=Main#main:1 <name=newY,type=int (id=7),value=<?>,index=32>
Field Read,context=Main$Tuple:74,x
Field Read,context=Main,xDelta
Variable Write,context=Main#main:1,newX=3
Field Read,context=Main$Tuple:74,y
Field Read,context=Main,yDelta
Variable Write,context=Main#main:1,newY=7
Variable Write,context=Main#main:1,i=2
Variable Delete,method=Main#main:1 <name=newX,type=int (id=7),value=<?>,index=31>
Variable Delete,method=Main#main:1 <name=newY,type=int (id=7),value=<?>,index=32>
Field Read,context=Main$Tuple:74,x
Field Read,context=Main,xDelta
Variable Write,context=Main#main:1,newX=2
Field Read,context=Main$Tuple:74,y
Field Read,context=Main,yDelta
Variable Write,context=Main#main:1,newY=6
Variable Write,context=Main#main:1,i=3
Variable Delete,method=Main#main:1 <name=newX,type=int (id=7),value=<?>,index=31>
Variable Delete,method=Main#main:1 <name=newY,type=int (id=7),value=<?>,index=32>
Field Read,context=Main$Tuple:74,x
Field Read,context=Main,xDelta
Variable Write,context=Main#main:1,newX=2
Field Read,context=Main$Tuple:74,y
Field Read,context=Main,yDelta
Variable Write,context=Main#main:1,newY=8
Variable Write,context=Main#main:1,g=int[][]:1
New Object,object=Main$Tuple:75
Method Call,caller=Main#main:1,target=Main$Tuple:75#Main$Tuple:75
Variable Write,context=Main$Tuple:75#Main$Tuple:75,x=2
Variable Write,context=Main$Tuple:75#Main$Tuple:75,y=8
Field Write,context=Main$Tuple:75,x=2
Field Write,context=Main$Tuple:75,y=8
Method Exit,returner=Main$Tuple:75#Main$Tuple:75,value=<void>
Variable Delete,method=Main#main:1 <name=newX,type=int (id=7),value=<?>,index=31>
Variable Delete,method=Main#main:1 <name=newY,type=int (id=7),value=<?>,index=32>
Variable Delete,method=Main#main:1 <name=t,type=Main$Tuple (id=90),value=<?>,index=29>
Variable Delete,method=Main#main:1 <name=i,type=int (id=7),value=<?>,index=30>
Variable Write,context=Main#main:1,t=Main$Tuple:75
Variable Write,context=Main#main:1,i=0
Field Read,context=Main$Tuple:75,x
Field Read,context=Main,xDelta
Variable Write,context=Main#main:1,newX=1
Field Read,context=Main$Tuple:75,y
Field Read,context=Main,yDelta
Variable Write,context=Main#main:1,newY=8
Variable Write,context=Main#main:1,i=1
Variable Delete,method=Main#main:1 <name=newX,type=int (id=7),value=<?>,index=31>
Variable Delete,method=Main#main:1 <name=newY,type=int (id=7),value=<?>,index=32>
Field Read,context=Main$Tuple:75,x
Field Read,context=Main,xDelta
Variable Write,context=Main#main:1,newX=3
Field Read,context=Main$Tuple:75,y
Field Read,context=Main,yDelta
Variable Write,context=Main#main:1,newY=8
Variable Write,context=Main#main:1,i=2
Variable Delete,method=Main#main:1 <name=newX,type=int (id=7),value=<?>,index=31>
Variable Delete,method=Main#main:1 <name=newY,type=int (id=7),value=<?>,index=32>
Field Read,context=Main$Tuple:75,x
Field Read,context=Main,xDelta
Variable Write,context=Main#main:1,newX=2
Field Read,context=Main$Tuple:75,y
Field Read,context=Main,yDelta
Variable Write,context=Main#main:1,newY=7
Variable Write,context=Main#main:1,i=3
Variable Delete,method=Main#main:1 <name=newX,type=int (id=7),value=<?>,index=31>
Variable Delete,method=Main#main:1 <name=newY,type=int (id=7),value=<?>,index=32>
Field Read,context=Main$Tuple:75,x
Field Read,context=Main,xDelta
Variable Write,context=Main#main:1,newX=2
Field Read,context=Main$Tuple:75,y
Field Read,context=Main,yDelta
Variable Write,context=Main#main:1,newY=9
Variable Write,context=Main#main:1,g=int[][]:1
New Object,object=Main$Tuple:76
Method Call,caller=Main#main:1,target=Main$Tuple:76#Main$Tuple:76
Variable Write,context=Main$Tuple:76#Main$Tuple:76,x=2
Variable Write,context=Main$Tuple:76#Main$Tuple:76,y=9
Field Write,context=Main$Tuple:76,x=2
Field Write,context=Main$Tuple:76,y=9
Method Exit,returner=Main$Tuple:76#Main$Tuple:76,value=<void>
Variable Delete,method=Main#main:1 <name=newX,type=int (id=7),value=<?>,index=31>
Variable Delete,method=Main#main:1 <name=newY,type=int (id=7),value=<?>,index=32>
Variable Delete,method=Main#main:1 <name=t,type=Main$Tuple (id=90),value=<?>,index=29>
Variable Delete,method=Main#main:1 <name=i,type=int (id=7),value=<?>,index=30>
Variable Write,context=Main#main:1,t=Main$Tuple:76
Variable Write,context=Main#main:1,i=0
Field Read,context=Main$Tuple:76,x
Field Read,context=Main,xDelta
Variable Write,context=Main#main:1,newX=1
Field Read,context=Main$Tuple:76,y
Field Read,context=Main,yDelta
Variable Write,context=Main#main:1,newY=9
Variable Write,context=Main#main:1,i=1
Variable Delete,method=Main#main:1 <name=newX,type=int (id=7),value=<?>,index=31>
Variable Delete,method=Main#main:1 <name=newY,type=int (id=7),value=<?>,index=32>
Field Read,context=Main$Tuple:76,x
Field Read,context=Main,xDelta
Variable Write,context=Main#main:1,newX=3
Field Read,context=Main$Tuple:76,y
Field Read,context=Main,yDelta
Variable Write,context=Main#main:1,newY=9
Variable Write,context=Main#main:1,i=2
Variable Delete,method=Main#main:1 <name=newX,type=int (id=7),value=<?>,index=31>
Variable Delete,method=Main#main:1 <name=newY,type=int (id=7),value=<?>,index=32>
Field Read,context=Main$Tuple:76,x
Field Read,context=Main,xDelta
Variable Write,context=Main#main:1,newX=2
Field Read,context=Main$Tuple:76,y
Field Read,context=Main,yDelta
Variable Write,context=Main#main:1,newY=8
Variable Write,context=Main#main:1,i=3
Variable Delete,method=Main#main:1 <name=newX,type=int (id=7),value=<?>,index=31>
Variable Delete,method=Main#main:1 <name=newY,type=int (id=7),value=<?>,index=32>
Field Read,context=Main$Tuple:76,x
Field Read,context=Main,xDelta
Variable Write,context=Main#main:1,newX=2
Field Read,context=Main$Tuple:76,y
Field Read,context=Main,yDelta
Variable Write,context=Main#main:1,newY=10
Variable Write,context=Main#main:1,g=int[][]:1
New Object,object=Main$Tuple:77
Method Call,caller=Main#main:1,target=Main$Tuple:77#Main$Tuple:77
Variable Write,context=Main$Tuple:77#Main$Tuple:77,x=2
Variable Write,context=Main$Tuple:77#Main$Tuple:77,y=10
Field Write,context=Main$Tuple:77,x=2
Field Write,context=Main$Tuple:77,y=10
Method Exit,returner=Main$Tuple:77#Main$Tuple:77,value=<void>
Variable Delete,method=Main#main:1 <name=newX,type=int (id=7),value=<?>,index=31>
Variable Delete,method=Main#main:1 <name=newY,type=int (id=7),value=<?>,index=32>
Variable Delete,method=Main#main:1 <name=t,type=Main$Tuple (id=90),value=<?>,index=29>
Variable Delete,method=Main#main:1 <name=i,type=int (id=7),value=<?>,index=30>
Variable Write,context=Main#main:1,t=Main$Tuple:77
Variable Write,context=Main#main:1,i=0
Field Read,context=Main$Tuple:77,x
Field Read,context=Main,xDelta
Variable Write,context=Main#main:1,newX=1
Field Read,context=Main$Tuple:77,y
Field Read,context=Main,yDelta
Variable Write,context=Main#main:1,newY=10
Variable Write,context=Main#main:1,i=1
Variable Delete,method=Main#main:1 <name=newX,type=int (id=7),value=<?>,index=31>
Variable Delete,method=Main#main:1 <name=newY,type=int (id=7),value=<?>,index=32>
Field Read,context=Main$Tuple:77,x
Field Read,context=Main,xDelta
Variable Write,context=Main#main:1,newX=3
Field Read,context=Main$Tuple:77,y
Field Read,context=Main,yDelta
Variable Write,context=Main#main:1,newY=10
Variable Write,context=Main#main:1,g=int[][]:1
New Object,object=Main$Tuple:78
Method Call,caller=Main#main:1,target=Main$Tuple:78#Main$Tuple:78
Variable Write,context=Main$Tuple:78#Main$Tuple:78,x=3
Variable Write,context=Main$Tuple:78#Main$Tuple:78,y=10
Field Write,context=Main$Tuple:78,x=3
Field Write,context=Main$Tuple:78,y=10
Method Exit,returner=Main$Tuple:78#Main$Tuple:78,value=<void>
Variable Write,context=Main#main:1,i=2
Variable Delete,method=Main#main:1 <name=newX,type=int (id=7),value=<?>,index=31>
Variable Delete,method=Main#main:1 <name=newY,type=int (id=7),value=<?>,index=32>
Field Read,context=Main$Tuple:77,x
Field Read,context=Main,xDelta
Variable Write,context=Main#main:1,newX=2
Field Read,context=Main$Tuple:77,y
Field Read,context=Main,yDelta
Variable Write,context=Main#main:1,newY=9
Variable Write,context=Main#main:1,i=3
Variable Delete,method=Main#main:1 <name=newX,type=int (id=7),value=<?>,index=31>
Variable Delete,method=Main#main:1 <name=newY,type=int (id=7),value=<?>,index=32>
Field Read,context=Main$Tuple:77,x
Field Read,context=Main,xDelta
Variable Write,context=Main#main:1,newX=2
Field Read,context=Main$Tuple:77,y
Field Read,context=Main,yDelta
Variable Write,context=Main#main:1,newY=11
Variable Delete,method=Main#main:1 <name=newX,type=int (id=7),value=<?>,index=31>
Variable Delete,method=Main#main:1 <name=newY,type=int (id=7),value=<?>,index=32>
Variable Delete,method=Main#main:1 <name=t,type=Main$Tuple (id=90),value=<?>,index=29>
Variable Delete,method=Main#main:1 <name=i,type=int (id=7),value=<?>,index=30>
Variable Write,context=Main#main:1,t=Main$Tuple:78
Variable Write,context=Main#main:1,i=0
Field Read,context=Main$Tuple:78,x
Field Read,context=Main,xDelta
Variable Write,context=Main#main:1,newX=2
Field Read,context=Main$Tuple:78,y
Field Read,context=Main,yDelta
Variable Write,context=Main#main:1,newY=10
Variable Write,context=Main#main:1,i=1
Variable Delete,method=Main#main:1 <name=newX,type=int (id=7),value=<?>,index=31>
Variable Delete,method=Main#main:1 <name=newY,type=int (id=7),value=<?>,index=32>
Field Read,context=Main$Tuple:78,x
Field Read,context=Main,xDelta
Variable Write,context=Main#main:1,newX=4
Field Read,context=Main$Tuple:78,y
Field Read,context=Main,yDelta
Variable Write,context=Main#main:1,newY=10
Variable Write,context=Main#main:1,g=int[][]:1
New Object,object=Main$Tuple:79
Method Call,caller=Main#main:1,target=Main$Tuple:79#Main$Tuple:79
Variable Write,context=Main$Tuple:79#Main$Tuple:79,x=4
Variable Write,context=Main$Tuple:79#Main$Tuple:79,y=10
Field Write,context=Main$Tuple:79,x=4
Field Write,context=Main$Tuple:79,y=10
Method Exit,returner=Main$Tuple:79#Main$Tuple:79,value=<void>
Variable Write,context=Main#main:1,i=2
Variable Delete,method=Main#main:1 <name=newX,type=int (id=7),value=<?>,index=31>
Variable Delete,method=Main#main:1 <name=newY,type=int (id=7),value=<?>,index=32>
Field Read,context=Main$Tuple:78,x
Field Read,context=Main,xDelta
Variable Write,context=Main#main:1,newX=3
Field Read,context=Main$Tuple:78,y
Field Read,context=Main,yDelta
Variable Write,context=Main#main:1,newY=9
Variable Write,context=Main#main:1,i=3
Variable Delete,method=Main#main:1 <name=newX,type=int (id=7),value=<?>,index=31>
Variable Delete,method=Main#main:1 <name=newY,type=int (id=7),value=<?>,index=32>
Field Read,context=Main$Tuple:78,x
Field Read,context=Main,xDelta
Variable Write,context=Main#main:1,newX=3
Field Read,context=Main$Tuple:78,y
Field Read,context=Main,yDelta
Variable Write,context=Main#main:1,newY=11
Variable Delete,method=Main#main:1 <name=newX,type=int (id=7),value=<?>,index=31>
Variable Delete,method=Main#main:1 <name=newY,type=int (id=7),value=<?>,index=32>
Variable Delete,method=Main#main:1 <name=t,type=Main$Tuple (id=90),value=<?>,index=29>
Variable Delete,method=Main#main:1 <name=i,type=int (id=7),value=<?>,index=30>
Variable Write,context=Main#main:1,t=Main$Tuple:79
Variable Write,context=Main#main:1,i=0
Field Read,context=Main$Tuple:79,x
Field Read,context=Main,xDelta
Variable Write,context=Main#main:1,newX=3
Field Read,context=Main$Tuple:79,y
Field Read,context=Main,yDelta
Variable Write,context=Main#main:1,newY=10
Variable Write,context=Main#main:1,i=1
Variable Delete,method=Main#main:1 <name=newX,type=int (id=7),value=<?>,index=31>
Variable Delete,method=Main#main:1 <name=newY,type=int (id=7),value=<?>,index=32>
Field Read,context=Main$Tuple:79,x
Field Read,context=Main,xDelta
Variable Write,context=Main#main:1,newX=5
Field Read,context=Main$Tuple:79,y
Field Read,context=Main,yDelta
Variable Write,context=Main#main:1,newY=10
Variable Write,context=Main#main:1,g=int[][]:1
New Object,object=Main$Tuple:80
Method Call,caller=Main#main:1,target=Main$Tuple:80#Main$Tuple:80
Variable Write,context=Main$Tuple:80#Main$Tuple:80,x=5
Variable Write,context=Main$Tuple:80#Main$Tuple:80,y=10
Field Write,context=Main$Tuple:80,x=5
Field Write,context=Main$Tuple:80,y=10
Method Exit,returner=Main$Tuple:80#Main$Tuple:80,value=<void>
Variable Write,context=Main#main:1,i=2
Variable Delete,method=Main#main:1 <name=newX,type=int (id=7),value=<?>,index=31>
Variable Delete,method=Main#main:1 <name=newY,type=int (id=7),value=<?>,index=32>
Field Read,context=Main$Tuple:79,x
Field Read,context=Main,xDelta
Variable Write,context=Main#main:1,newX=4
Field Read,context=Main$Tuple:79,y
Field Read,context=Main,yDelta
Variable Write,context=Main#main:1,newY=9
Variable Write,context=Main#main:1,i=3
Variable Delete,method=Main#main:1 <name=newX,type=int (id=7),value=<?>,index=31>
Variable Delete,method=Main#main:1 <name=newY,type=int (id=7),value=<?>,index=32>
Field Read,context=Main$Tuple:79,x
Field Read,context=Main,xDelta
Variable Write,context=Main#main:1,newX=4
Field Read,context=Main$Tuple:79,y
Field Read,context=Main,yDelta
Variable Write,context=Main#main:1,newY=11
Variable Delete,method=Main#main:1 <name=newX,type=int (id=7),value=<?>,index=31>
Variable Delete,method=Main#main:1 <name=newY,type=int (id=7),value=<?>,index=32>
Variable Delete,method=Main#main:1 <name=t,type=Main$Tuple (id=90),value=<?>,index=29>
Variable Delete,method=Main#main:1 <name=i,type=int (id=7),value=<?>,index=30>
Variable Write,context=Main#main:1,t=Main$Tuple:80
Variable Write,context=Main#main:1,i=0
Field Read,context=Main$Tuple:80,x
Field Read,context=Main,xDelta
Variable Write,context=Main#main:1,newX=4
Field Read,context=Main$Tuple:80,y
Field Read,context=Main,yDelta
Variable Write,context=Main#main:1,newY=10
Variable Write,context=Main#main:1,i=1
Variable Delete,method=Main#main:1 <name=newX,type=int (id=7),value=<?>,index=31>
Variable Delete,method=Main#main:1 <name=newY,type=int (id=7),value=<?>,index=32>
Field Read,context=Main$Tuple:80,x
Field Read,context=Main,xDelta
Variable Write,context=Main#main:1,newX=6
Field Read,context=Main$Tuple:80,y
Field Read,context=Main,yDelta
Variable Write,context=Main#main:1,newY=10
Variable Write,context=Main#main:1,g=int[][]:1
New Object,object=Main$Tuple:81
Method Call,caller=Main#main:1,target=Main$Tuple:81#Main$Tuple:81
Variable Write,context=Main$Tuple:81#Main$Tuple:81,x=6
Variable Write,context=Main$Tuple:81#Main$Tuple:81,y=10
Field Write,context=Main$Tuple:81,x=6
Field Write,context=Main$Tuple:81,y=10
Method Exit,returner=Main$Tuple:81#Main$Tuple:81,value=<void>
Variable Write,context=Main#main:1,i=2
Variable Delete,method=Main#main:1 <name=newX,type=int (id=7),value=<?>,index=31>
Variable Delete,method=Main#main:1 <name=newY,type=int (id=7),value=<?>,index=32>
Field Read,context=Main$Tuple:80,x
Field Read,context=Main,xDelta
Variable Write,context=Main#main:1,newX=5
Field Read,context=Main$Tuple:80,y
Field Read,context=Main,yDelta
Variable Write,context=Main#main:1,newY=9
Variable Write,context=Main#main:1,i=3
Variable Delete,method=Main#main:1 <name=newX,type=int (id=7),value=<?>,index=31>
Variable Delete,method=Main#main:1 <name=newY,type=int (id=7),value=<?>,index=32>
Field Read,context=Main$Tuple:80,x
Field Read,context=Main,xDelta
Variable Write,context=Main#main:1,newX=5
Field Read,context=Main$Tuple:80,y
Field Read,context=Main,yDelta
Variable Write,context=Main#main:1,newY=11
Variable Delete,method=Main#main:1 <name=newX,type=int (id=7),value=<?>,index=31>
Variable Delete,method=Main#main:1 <name=newY,type=int (id=7),value=<?>,index=32>
Variable Delete,method=Main#main:1 <name=t,type=Main$Tuple (id=90),value=<?>,index=29>
Variable Delete,method=Main#main:1 <name=i,type=int (id=7),value=<?>,index=30>
Variable Write,context=Main#main:1,t=Main$Tuple:81
Variable Write,context=Main#main:1,i=0
Field Read,context=Main$Tuple:81,x
Field Read,context=Main,xDelta
Variable Write,context=Main#main:1,newX=5
Field Read,context=Main$Tuple:81,y
Field Read,context=Main,yDelta
Variable Write,context=Main#main:1,newY=10
Variable Write,context=Main#main:1,i=1
Variable Delete,method=Main#main:1 <name=newX,type=int (id=7),value=<?>,index=31>
Variable Delete,method=Main#main:1 <name=newY,type=int (id=7),value=<?>,index=32>
Field Read,context=Main$Tuple:81,x
Field Read,context=Main,xDelta
Variable Write,context=Main#main:1,newX=7
Field Read,context=Main$Tuple:81,y
Field Read,context=Main,yDelta
Variable Write,context=Main#main:1,newY=10
Variable Write,context=Main#main:1,i=2
Variable Delete,method=Main#main:1 <name=newX,type=int (id=7),value=<?>,index=31>
Variable Delete,method=Main#main:1 <name=newY,type=int (id=7),value=<?>,index=32>
Field Read,context=Main$Tuple:81,x
Field Read,context=Main,xDelta
Variable Write,context=Main#main:1,newX=6
Field Read,context=Main$Tuple:81,y
Field Read,context=Main,yDelta
Variable Write,context=Main#main:1,newY=9
Variable Write,context=Main#main:1,i=3
Variable Delete,method=Main#main:1 <name=newX,type=int (id=7),value=<?>,index=31>
Variable Delete,method=Main#main:1 <name=newY,type=int (id=7),value=<?>,index=32>
Field Read,context=Main$Tuple:81,x
Field Read,context=Main,xDelta
Variable Write,context=Main#main:1,newX=6
Field Read,context=Main$Tuple:81,y
Field Read,context=Main,yDelta
Variable Write,context=Main#main:1,newY=11
Variable Delete,method=Main#main:1 <name=newX,type=int (id=7),value=<?>,index=31>
Variable Delete,method=Main#main:1 <name=newY,type=int (id=7),value=<?>,index=32>
Variable Delete,method=Main#main:1 <name=t,type=Main$Tuple (id=90),value=<?>,index=29>
Variable Delete,method=Main#main:1 <name=i,type=int (id=7),value=<?>,index=30>
Variable Write,context=Main#main:1,y=5
Variable Delete,method=Main#main:1 <name=p,type=Main$Tuple (id=90),value=<?>,index=27>
Variable Delete,method=Main#main:1 <name=q,type=java.util.Queue (unresolved),value=<?>,index=28>
Variable Write,context=Main#main:1,y=6
Variable Write,context=Main#main:1,y=7
Variable Write,context=Main#main:1,y=8
Variable Write,context=Main#main:1,y=9
Variable Write,context=Main#main:1,y=10
Variable Write,context=Main#main:1,y=11
Variable Write,context=Main#main:1,y=12
Variable Write,context=Main#main:1,x=3
Variable Delete,method=Main#main:1 <name=y,type=int (id=7),value=<?>,index=26>
Variable Write,context=Main#main:1,y=0
Variable Write,context=Main#main:1,y=1
Variable Write,context=Main#main:1,y=2
Variable Write,context=Main#main:1,y=3
Variable Write,context=Main#main:1,y=4
Variable Write,context=Main#main:1,y=5
Variable Write,context=Main#main:1,y=6
Variable Write,context=Main#main:1,y=7
Variable Write,context=Main#main:1,y=8
Variable Write,context=Main#main:1,y=9
Variable Write,context=Main#main:1,y=10
Variable Write,context=Main#main:1,y=11
Variable Write,context=Main#main:1,y=12
Variable Write,context=Main#main:1,x=4
Variable Delete,method=Main#main:1 <name=y,type=int (id=7),value=<?>,index=26>
Variable Write,context=Main#main:1,y=0
Variable Write,context=Main#main:1,y=1
Variable Write,context=Main#main:1,y=2
Variable Write,context=Main#main:1,y=3
Variable Write,context=Main#main:1,y=4
Variable Write,context=Main#main:1,y=5
Variable Write,context=Main#main:1,y=6
Variable Write,context=Main#main:1,g=int[][]:1
New Object,object=Main$Tuple:82
Method Call,caller=Main#main:1,target=Main$Tuple:82#Main$Tuple:82
Variable Write,context=Main$Tuple:82#Main$Tuple:82,x=4
Variable Write,context=Main$Tuple:82#Main$Tuple:82,y=6
Field Write,context=Main$Tuple:82,x=4
Field Write,context=Main$Tuple:82,y=6
Method Exit,returner=Main$Tuple:82#Main$Tuple:82,value=<void>
Variable Write,context=Main#main:1,p=Main$Tuple:82
Variable Write,context=Main#main:1,regions=3
Variable Write,context=Main#main:1,q=java.util.ArrayDeque (id=479)
Variable Write,context=Main#main:1,t=Main$Tuple:82
Variable Write,context=Main#main:1,i=0
Field Read,context=Main$Tuple:82,x
Field Read,context=Main,xDelta
Variable Write,context=Main#main:1,newX=3
Field Read,context=Main$Tuple:82,y
Field Read,context=Main,yDelta
Variable Write,context=Main#main:1,newY=6
Variable Write,context=Main#main:1,i=1
Variable Delete,method=Main#main:1 <name=newX,type=int (id=7),value=<?>,index=31>
Variable Delete,method=Main#main:1 <name=newY,type=int (id=7),value=<?>,index=32>
Field Read,context=Main$Tuple:82,x
Field Read,context=Main,xDelta
Variable Write,context=Main#main:1,newX=5
Field Read,context=Main$Tuple:82,y
Field Read,context=Main,yDelta
Variable Write,context=Main#main:1,newY=6
Variable Write,context=Main#main:1,i=2
Variable Delete,method=Main#main:1 <name=newX,type=int (id=7),value=<?>,index=31>
Variable Delete,method=Main#main:1 <name=newY,type=int (id=7),value=<?>,index=32>
Field Read,context=Main$Tuple:82,x
Field Read,context=Main,xDelta
Variable Write,context=Main#main:1,newX=4
Field Read,context=Main$Tuple:82,y
Field Read,context=Main,yDelta
Variable Write,context=Main#main:1,newY=5
Variable Write,context=Main#main:1,i=3
Variable Delete,method=Main#main:1 <name=newX,type=int (id=7),value=<?>,index=31>
Variable Delete,method=Main#main:1 <name=newY,type=int (id=7),value=<?>,index=32>
Field Read,context=Main$Tuple:82,x
Field Read,context=Main,xDelta
Variable Write,context=Main#main:1,newX=4
Field Read,context=Main$Tuple:82,y
Field Read,context=Main,yDelta
Variable Write,context=Main#main:1,newY=7
Variable Write,context=Main#main:1,g=int[][]:1
New Object,object=Main$Tuple:83
Method Call,caller=Main#main:1,target=Main$Tuple:83#Main$Tuple:83
Variable Write,context=Main$Tuple:83#Main$Tuple:83,x=4
Variable Write,context=Main$Tuple:83#Main$Tuple:83,y=7
Field Write,context=Main$Tuple:83,x=4
Field Write,context=Main$Tuple:83,y=7
Method Exit,returner=Main$Tuple:83#Main$Tuple:83,value=<void>
Variable Delete,method=Main#main:1 <name=newX,type=int (id=7),value=<?>,index=31>
Variable Delete,method=Main#main:1 <name=newY,type=int (id=7),value=<?>,index=32>
Variable Delete,method=Main#main:1 <name=t,type=Main$Tuple (id=90),value=<?>,index=29>
Variable Delete,method=Main#main:1 <name=i,type=int (id=7),value=<?>,index=30>
Variable Write,context=Main#main:1,t=Main$Tuple:83
Variable Write,context=Main#main:1,i=0
Field Read,context=Main$Tuple:83,x
Field Read,context=Main,xDelta
Variable Write,context=Main#main:1,newX=3
Field Read,context=Main$Tuple:83,y
Field Read,context=Main,yDelta
Variable Write,context=Main#main:1,newY=7
Variable Write,context=Main#main:1,i=1
Variable Delete,method=Main#main:1 <name=newX,type=int (id=7),value=<?>,index=31>
Variable Delete,method=Main#main:1 <name=newY,type=int (id=7),value=<?>,index=32>
Field Read,context=Main$Tuple:83,x
Field Read,context=Main,xDelta
Variable Write,context=Main#main:1,newX=5
Field Read,context=Main$Tuple:83,y
Field Read,context=Main,yDelta
Variable Write,context=Main#main:1,newY=7
Variable Write,context=Main#main:1,i=2
Variable Delete,method=Main#main:1 <name=newX,type=int (id=7),value=<?>,index=31>
Variable Delete,method=Main#main:1 <name=newY,type=int (id=7),value=<?>,index=32>
Field Read,context=Main$Tuple:83,x
Field Read,context=Main,xDelta
Variable Write,context=Main#main:1,newX=4
Field Read,context=Main$Tuple:83,y
Field Read,context=Main,yDelta
Variable Write,context=Main#main:1,newY=6
Variable Write,context=Main#main:1,i=3
Variable Delete,method=Main#main:1 <name=newX,type=int (id=7),value=<?>,index=31>
Variable Delete,method=Main#main:1 <name=newY,type=int (id=7),value=<?>,index=32>
Field Read,context=Main$Tuple:83,x
Field Read,context=Main,xDelta
Variable Write,context=Main#main:1,newX=4
Field Read,context=Main$Tuple:83,y
Field Read,context=Main,yDelta
Variable Write,context=Main#main:1,newY=8
Variable Write,context=Main#main:1,g=int[][]:1
New Object,object=Main$Tuple:84
Method Call,caller=Main#main:1,target=Main$Tuple:84#Main$Tuple:84
Variable Write,context=Main$Tuple:84#Main$Tuple:84,x=4
Variable Write,context=Main$Tuple:84#Main$Tuple:84,y=8
Field Write,context=Main$Tuple:84,x=4
Field Write,context=Main$Tuple:84,y=8
Method Exit,returner=Main$Tuple:84#Main$Tuple:84,value=<void>
Variable Delete,method=Main#main:1 <name=newX,type=int (id=7),value=<?>,index=31>
Variable Delete,method=Main#main:1 <name=newY,type=int (id=7),value=<?>,index=32>
Variable Delete,method=Main#main:1 <name=t,type=Main$Tuple (id=90),value=<?>,index=29>
Variable Delete,method=Main#main:1 <name=i,type=int (id=7),value=<?>,index=30>
Variable Write,context=Main#main:1,t=Main$Tuple:84
Variable Write,context=Main#main:1,i=0
Field Read,context=Main$Tuple:84,x
Field Read,context=Main,xDelta
Variable Write,context=Main#main:1,newX=3
Field Read,context=Main$Tuple:84,y
Field Read,context=Main,yDelta
Variable Write,context=Main#main:1,newY=8
Variable Write,context=Main#main:1,i=1
Variable Delete,method=Main#main:1 <name=newX,type=int (id=7),value=<?>,index=31>
Variable Delete,method=Main#main:1 <name=newY,type=int (id=7),value=<?>,index=32>
Field Read,context=Main$Tuple:84,x
Field Read,context=Main,xDelta
Variable Write,context=Main#main:1,newX=5
Field Read,context=Main$Tuple:84,y
Field Read,context=Main,yDelta
Variable Write,context=Main#main:1,newY=8
Variable Write,context=Main#main:1,g=int[][]:1
New Object,object=Main$Tuple:85
Method Call,caller=Main#main:1,target=Main$Tuple:85#Main$Tuple:85
Variable Write,context=Main$Tuple:85#Main$Tuple:85,x=5
Variable Write,context=Main$Tuple:85#Main$Tuple:85,y=8
Field Write,context=Main$Tuple:85,x=5
Field Write,context=Main$Tuple:85,y=8
Method Exit,returner=Main$Tuple:85#Main$Tuple:85,value=<void>
Variable Write,context=Main#main:1,i=2
Variable Delete,method=Main#main:1 <name=newX,type=int (id=7),value=<?>,index=31>
Variable Delete,method=Main#main:1 <name=newY,type=int (id=7),value=<?>,index=32>
Field Read,context=Main$Tuple:84,x
Field Read,context=Main,xDelta
Variable Write,context=Main#main:1,newX=4
Field Read,context=Main$Tuple:84,y
Field Read,context=Main,yDelta
Variable Write,context=Main#main:1,newY=7
Variable Write,context=Main#main:1,i=3
Variable Delete,method=Main#main:1 <name=newX,type=int (id=7),value=<?>,index=31>
Variable Delete,method=Main#main:1 <name=newY,type=int (id=7),value=<?>,index=32>
Field Read,context=Main$Tuple:84,x
Field Read,context=Main,xDelta
Variable Write,context=Main#main:1,newX=4
Field Read,context=Main$Tuple:84,y
Field Read,context=Main,yDelta
Variable Write,context=Main#main:1,newY=9
Variable Delete,method=Main#main:1 <name=newX,type=int (id=7),value=<?>,index=31>
Variable Delete,method=Main#main:1 <name=newY,type=int (id=7),value=<?>,index=32>
Variable Delete,method=Main#main:1 <name=t,type=Main$Tuple (id=90),value=<?>,index=29>
Variable Delete,method=Main#main:1 <name=i,type=int (id=7),value=<?>,index=30>
Variable Write,context=Main#main:1,t=Main$Tuple:85
Variable Write,context=Main#main:1,i=0
Field Read,context=Main$Tuple:85,x
Field Read,context=Main,xDelta
Variable Write,context=Main#main:1,newX=4
Field Read,context=Main$Tuple:85,y
Field Read,context=Main,yDelta
Variable Write,context=Main#main:1,newY=8
Variable Write,context=Main#main:1,i=1
Variable Delete,method=Main#main:1 <name=newX,type=int (id=7),value=<?>,index=31>
Variable Delete,method=Main#main:1 <name=newY,type=int (id=7),value=<?>,index=32>
Field Read,context=Main$Tuple:85,x
Field Read,context=Main,xDelta
Variable Write,context=Main#main:1,newX=6
Field Read,context=Main$Tuple:85,y
Field Read,context=Main,yDelta
Variable Write,context=Main#main:1,newY=8
Variable Write,context=Main#main:1,g=int[][]:1
New Object,object=Main$Tuple:86
Method Call,caller=Main#main:1,target=Main$Tuple:86#Main$Tuple:86
Variable Write,context=Main$Tuple:86#Main$Tuple:86,x=6
Variable Write,context=Main$Tuple:86#Main$Tuple:86,y=8
Field Write,context=Main$Tuple:86,x=6
Field Write,context=Main$Tuple:86,y=8
Method Exit,returner=Main$Tuple:86#Main$Tuple:86,value=<void>
Variable Write,context=Main#main:1,i=2
Variable Delete,method=Main#main:1 <name=newX,type=int (id=7),value=<?>,index=31>
Variable Delete,method=Main#main:1 <name=newY,type=int (id=7),value=<?>,index=32>
Field Read,context=Main$Tuple:85,x
Field Read,context=Main,xDelta
Variable Write,context=Main#main:1,newX=5
Field Read,context=Main$Tuple:85,y
Field Read,context=Main,yDelta
Variable Write,context=Main#main:1,newY=7
Variable Write,context=Main#main:1,i=3
Variable Delete,method=Main#main:1 <name=newX,type=int (id=7),value=<?>,index=31>
Variable Delete,method=Main#main:1 <name=newY,type=int (id=7),value=<?>,index=32>
Field Read,context=Main$Tuple:85,x
Field Read,context=Main,xDelta
Variable Write,context=Main#main:1,newX=5
Field Read,context=Main$Tuple:85,y
Field Read,context=Main,yDelta
Variable Write,context=Main#main:1,newY=9
Variable Delete,method=Main#main:1 <name=newX,type=int (id=7),value=<?>,index=31>
Variable Delete,method=Main#main:1 <name=newY,type=int (id=7),value=<?>,index=32>
Variable Delete,method=Main#main:1 <name=t,type=Main$Tuple (id=90),value=<?>,index=29>
Variable Delete,method=Main#main:1 <name=i,type=int (id=7),value=<?>,index=30>
Variable Write,context=Main#main:1,t=Main$Tuple:86
Variable Write,context=Main#main:1,i=0
Field Read,context=Main$Tuple:86,x
Field Read,context=Main,xDelta
Variable Write,context=Main#main:1,newX=5
Field Read,context=Main$Tuple:86,y
Field Read,context=Main,yDelta
Variable Write,context=Main#main:1,newY=8
Variable Write,context=Main#main:1,i=1
Variable Delete,method=Main#main:1 <name=newX,type=int (id=7),value=<?>,index=31>
Variable Delete,method=Main#main:1 <name=newY,type=int (id=7),value=<?>,index=32>
Field Read,context=Main$Tuple:86,x
Field Read,context=Main,xDelta
Variable Write,context=Main#main:1,newX=7
Field Read,context=Main$Tuple:86,y
Field Read,context=Main,yDelta
Variable Write,context=Main#main:1,newY=8
Variable Write,context=Main#main:1,i=2
Variable Delete,method=Main#main:1 <name=newX,type=int (id=7),value=<?>,index=31>
Variable Delete,method=Main#main:1 <name=newY,type=int (id=7),value=<?>,index=32>
Field Read,context=Main$Tuple:86,x
Field Read,context=Main,xDelta
Variable Write,context=Main#main:1,newX=6
Field Read,context=Main$Tuple:86,y
Field Read,context=Main,yDelta
Variable Write,context=Main#main:1,newY=7
Variable Write,context=Main#main:1,i=3
Variable Delete,method=Main#main:1 <name=newX,type=int (id=7),value=<?>,index=31>
Variable Delete,method=Main#main:1 <name=newY,type=int (id=7),value=<?>,index=32>
Field Read,context=Main$Tuple:86,x
Field Read,context=Main,xDelta
Variable Write,context=Main#main:1,newX=6
Field Read,context=Main$Tuple:86,y
Field Read,context=Main,yDelta
Variable Write,context=Main#main:1,newY=9
Variable Delete,method=Main#main:1 <name=newX,type=int (id=7),value=<?>,index=31>
Variable Delete,method=Main#main:1 <name=newY,type=int (id=7),value=<?>,index=32>
Variable Delete,method=Main#main:1 <name=t,type=Main$Tuple (id=90),value=<?>,index=29>
Variable Delete,method=Main#main:1 <name=i,type=int (id=7),value=<?>,index=30>
Variable Write,context=Main#main:1,y=7
Variable Delete,method=Main#main:1 <name=p,type=Main$Tuple (id=90),value=<?>,index=27>
Variable Delete,method=Main#main:1 <name=q,type=java.util.Queue (unresolved),value=<?>,index=28>
Variable Write,context=Main#main:1,y=8
Variable Write,context=Main#main:1,y=9
Variable Write,context=Main#main:1,y=10
Variable Write,context=Main#main:1,y=11
Variable Write,context=Main#main:1,y=12
Variable Write,context=Main#main:1,x=5
Variable Delete,method=Main#main:1 <name=y,type=int (id=7),value=<?>,index=26>
Variable Write,context=Main#main:1,y=0
Variable Write,context=Main#main:1,y=1
Variable Write,context=Main#main:1,y=2
Variable Write,context=Main#main:1,y=3
Variable Write,context=Main#main:1,y=4
Variable Write,context=Main#main:1,y=5
Variable Write,context=Main#main:1,y=6
Variable Write,context=Main#main:1,y=7
Variable Write,context=Main#main:1,y=8
Variable Write,context=Main#main:1,y=9
Variable Write,context=Main#main:1,y=10
Variable Write,context=Main#main:1,y=11
Variable Write,context=Main#main:1,y=12
Variable Write,context=Main#main:1,x=6
Variable Delete,method=Main#main:1 <name=y,type=int (id=7),value=<?>,index=26>
Variable Write,context=Main#main:1,y=0
Variable Write,context=Main#main:1,y=1
Variable Write,context=Main#main:1,y=2
Variable Write,context=Main#main:1,g=int[][]:1
New Object,object=Main$Tuple:87
Method Call,caller=Main#main:1,target=Main$Tuple:87#Main$Tuple:87
Variable Write,context=Main$Tuple:87#Main$Tuple:87,x=6
Variable Write,context=Main$Tuple:87#Main$Tuple:87,y=2
Field Write,context=Main$Tuple:87,x=6
Field Write,context=Main$Tuple:87,y=2
Method Exit,returner=Main$Tuple:87#Main$Tuple:87,value=<void>
Variable Write,context=Main#main:1,p=Main$Tuple:87
Variable Write,context=Main#main:1,regions=4
Variable Write,context=Main#main:1,q=java.util.ArrayDeque (id=485)
Variable Write,context=Main#main:1,t=Main$Tuple:87
Variable Write,context=Main#main:1,i=0
Field Read,context=Main$Tuple:87,x
Field Read,context=Main,xDelta
Variable Write,context=Main#main:1,newX=5
Field Read,context=Main$Tuple:87,y
Field Read,context=Main,yDelta
Variable Write,context=Main#main:1,newY=2
Variable Write,context=Main#main:1,i=1
Variable Delete,method=Main#main:1 <name=newX,type=int (id=7),value=<?>,index=31>
Variable Delete,method=Main#main:1 <name=newY,type=int (id=7),value=<?>,index=32>
Field Read,context=Main$Tuple:87,x
Field Read,context=Main,xDelta
Variable Write,context=Main#main:1,newX=7
Field Read,context=Main$Tuple:87,y
Field Read,context=Main,yDelta
Variable Write,context=Main#main:1,newY=2
Variable Write,context=Main#main:1,g=int[][]:1
New Object,object=Main$Tuple:88
Method Call,caller=Main#main:1,target=Main$Tuple:88#Main$Tuple:88
Variable Write,context=Main$Tuple:88#Main$Tuple:88,x=7
Variable Write,context=Main$Tuple:88#Main$Tuple:88,y=2
Field Write,context=Main$Tuple:88,x=7
Field Write,context=Main$Tuple:88,y=2
Method Exit,returner=Main$Tuple:88#Main$Tuple:88,value=<void>
Variable Write,context=Main#main:1,i=2
Variable Delete,method=Main#main:1 <name=newX,type=int (id=7),value=<?>,index=31>
Variable Delete,method=Main#main:1 <name=newY,type=int (id=7),value=<?>,index=32>
Field Read,context=Main$Tuple:87,x
Field Read,context=Main,xDelta
Variable Write,context=Main#main:1,newX=6
Field Read,context=Main$Tuple:87,y
Field Read,context=Main,yDelta
Variable Write,context=Main#main:1,newY=1
Variable Write,context=Main#main:1,i=3
Variable Delete,method=Main#main:1 <name=newX,type=int (id=7),value=<?>,index=31>
Variable Delete,method=Main#main:1 <name=newY,type=int (id=7),value=<?>,index=32>
Field Read,context=Main$Tuple:87,x
Field Read,context=Main,xDelta
Variable Write,context=Main#main:1,newX=6
Field Read,context=Main$Tuple:87,y
Field Read,context=Main,yDelta
Variable Write,context=Main#main:1,newY=3
Variable Delete,method=Main#main:1 <name=newX,type=int (id=7),value=<?>,index=31>
Variable Delete,method=Main#main:1 <name=newY,type=int (id=7),value=<?>,index=32>
Variable Delete,method=Main#main:1 <name=t,type=Main$Tuple (id=90),value=<?>,index=29>
Variable Delete,method=Main#main:1 <name=i,type=int (id=7),value=<?>,index=30>
Variable Write,context=Main#main:1,t=Main$Tuple:88
Variable Write,context=Main#main:1,i=0
Field Read,context=Main$Tuple:88,x
Field Read,context=Main,xDelta
Variable Write,context=Main#main:1,newX=6
Field Read,context=Main$Tuple:88,y
Field Read,context=Main,yDelta
Variable Write,context=Main#main:1,newY=2
Variable Write,context=Main#main:1,i=1
Variable Delete,method=Main#main:1 <name=newX,type=int (id=7),value=<?>,index=31>
Variable Delete,method=Main#main:1 <name=newY,type=int (id=7),value=<?>,index=32>
Field Read,context=Main$Tuple:88,x
Field Read,context=Main,xDelta
Variable Write,context=Main#main:1,newX=8
Field Read,context=Main$Tuple:88,y
Field Read,context=Main,yDelta
Variable Write,context=Main#main:1,newY=2
Variable Write,context=Main#main:1,g=int[][]:1
New Object,object=Main$Tuple:89
Method Call,caller=Main#main:1,target=Main$Tuple:89#Main$Tuple:89
Variable Write,context=Main$Tuple:89#Main$Tuple:89,x=8
Variable Write,context=Main$Tuple:89#Main$Tuple:89,y=2
Field Write,context=Main$Tuple:89,x=8
Field Write,context=Main$Tuple:89,y=2
Method Exit,returner=Main$Tuple:89#Main$Tuple:89,value=<void>
Variable Write,context=Main#main:1,i=2
Variable Delete,method=Main#main:1 <name=newX,type=int (id=7),value=<?>,index=31>
Variable Delete,method=Main#main:1 <name=newY,type=int (id=7),value=<?>,index=32>
Field Read,context=Main$Tuple:88,x
Field Read,context=Main,xDelta
Variable Write,context=Main#main:1,newX=7
Field Read,context=Main$Tuple:88,y
Field Read,context=Main,yDelta
Variable Write,context=Main#main:1,newY=1
Variable Write,context=Main#main:1,i=3
Variable Delete,method=Main#main:1 <name=newX,type=int (id=7),value=<?>,index=31>
Variable Delete,method=Main#main:1 <name=newY,type=int (id=7),value=<?>,index=32>
Field Read,context=Main$Tuple:88,x
Field Read,context=Main,xDelta
Variable Write,context=Main#main:1,newX=7
Field Read,context=Main$Tuple:88,y
Field Read,context=Main,yDelta
Variable Write,context=Main#main:1,newY=3
Variable Delete,method=Main#main:1 <name=newX,type=int (id=7),value=<?>,index=31>
Variable Delete,method=Main#main:1 <name=newY,type=int (id=7),value=<?>,index=32>
Variable Delete,method=Main#main:1 <name=t,type=Main$Tuple (id=90),value=<?>,index=29>
Variable Delete,method=Main#main:1 <name=i,type=int (id=7),value=<?>,index=30>
Variable Write,context=Main#main:1,t=Main$Tuple:89
Variable Write,context=Main#main:1,i=0
Field Read,context=Main$Tuple:89,x
Field Read,context=Main,xDelta
Variable Write,context=Main#main:1,newX=7
Field Read,context=Main$Tuple:89,y
Field Read,context=Main,yDelta
Variable Write,context=Main#main:1,newY=2
Variable Write,context=Main#main:1,i=1
Variable Delete,method=Main#main:1 <name=newX,type=int (id=7),value=<?>,index=31>
Variable Delete,method=Main#main:1 <name=newY,type=int (id=7),value=<?>,index=32>
Field Read,context=Main$Tuple:89,x
Field Read,context=Main,xDelta
Variable Write,context=Main#main:1,newX=9
Field Read,context=Main$Tuple:89,y
Field Read,context=Main,yDelta
Variable Write,context=Main#main:1,newY=2
Variable Write,context=Main#main:1,g=int[][]:1
New Object,object=Main$Tuple:90
Method Call,caller=Main#main:1,target=Main$Tuple:90#Main$Tuple:90
Variable Write,context=Main$Tuple:90#Main$Tuple:90,x=9
Variable Write,context=Main$Tuple:90#Main$Tuple:90,y=2
Field Write,context=Main$Tuple:90,x=9
Field Write,context=Main$Tuple:90,y=2
Method Exit,returner=Main$Tuple:90#Main$Tuple:90,value=<void>
Variable Write,context=Main#main:1,i=2
Variable Delete,method=Main#main:1 <name=newX,type=int (id=7),value=<?>,index=31>
Variable Delete,method=Main#main:1 <name=newY,type=int (id=7),value=<?>,index=32>
Field Read,context=Main$Tuple:89,x
Field Read,context=Main,xDelta
Variable Write,context=Main#main:1,newX=8
Field Read,context=Main$Tuple:89,y
Field Read,context=Main,yDelta
Variable Write,context=Main#main:1,newY=1
Variable Write,context=Main#main:1,i=3
Variable Delete,method=Main#main:1 <name=newX,type=int (id=7),value=<?>,index=31>
Variable Delete,method=Main#main:1 <name=newY,type=int (id=7),value=<?>,index=32>
Field Read,context=Main$Tuple:89,x
Field Read,context=Main,xDelta
Variable Write,context=Main#main:1,newX=8
Field Read,context=Main$Tuple:89,y
Field Read,context=Main,yDelta
Variable Write,context=Main#main:1,newY=3
Variable Write,context=Main#main:1,g=int[][]:1
New Object,object=Main$Tuple:91
Method Call,caller=Main#main:1,target=Main$Tuple:91#Main$Tuple:91
Variable Write,context=Main$Tuple:91#Main$Tuple:91,x=8
Variable Write,context=Main$Tuple:91#Main$Tuple:91,y=3
Field Write,context=Main$Tuple:91,x=8
Field Write,context=Main$Tuple:91,y=3
Method Exit,returner=Main$Tuple:91#Main$Tuple:91,value=<void>
Variable Delete,method=Main#main:1 <name=newX,type=int (id=7),value=<?>,index=31>
Variable Delete,method=Main#main:1 <name=newY,type=int (id=7),value=<?>,index=32>
Variable Delete,method=Main#main:1 <name=t,type=Main$Tuple (id=90),value=<?>,index=29>
Variable Delete,method=Main#main:1 <name=i,type=int (id=7),value=<?>,index=30>
Variable Write,context=Main#main:1,t=Main$Tuple:90
Variable Write,context=Main#main:1,i=0
Field Read,context=Main$Tuple:90,x
Field Read,context=Main,xDelta
Variable Write,context=Main#main:1,newX=8
Field Read,context=Main$Tuple:90,y
Field Read,context=Main,yDelta
Variable Write,context=Main#main:1,newY=2
Variable Write,context=Main#main:1,i=1
Variable Delete,method=Main#main:1 <name=newX,type=int (id=7),value=<?>,index=31>
Variable Delete,method=Main#main:1 <name=newY,type=int (id=7),value=<?>,index=32>
Field Read,context=Main$Tuple:90,x
Field Read,context=Main,xDelta
Variable Write,context=Main#main:1,newX=10
Field Read,context=Main$Tuple:90,y
Field Read,context=Main,yDelta
Variable Write,context=Main#main:1,newY=2
Variable Write,context=Main#main:1,g=int[][]:1
New Object,object=Main$Tuple:92
Method Call,caller=Main#main:1,target=Main$Tuple:92#Main$Tuple:92
Variable Write,context=Main$Tuple:92#Main$Tuple:92,x=10
Variable Write,context=Main$Tuple:92#Main$Tuple:92,y=2
Field Write,context=Main$Tuple:92,x=10
Field Write,context=Main$Tuple:92,y=2
Method Exit,returner=Main$Tuple:92#Main$Tuple:92,value=<void>
Variable Write,context=Main#main:1,i=2
Variable Delete,method=Main#main:1 <name=newX,type=int (id=7),value=<?>,index=31>
Variable Delete,method=Main#main:1 <name=newY,type=int (id=7),value=<?>,index=32>
Field Read,context=Main$Tuple:90,x
Field Read,context=Main,xDelta
Variable Write,context=Main#main:1,newX=9
Field Read,context=Main$Tuple:90,y
Field Read,context=Main,yDelta
Variable Write,context=Main#main:1,newY=1
Variable Write,context=Main#main:1,i=3
Variable Delete,method=Main#main:1 <name=newX,type=int (id=7),value=<?>,index=31>
Variable Delete,method=Main#main:1 <name=newY,type=int (id=7),value=<?>,index=32>
Field Read,context=Main$Tuple:90,x
Field Read,context=Main,xDelta
Variable Write,context=Main#main:1,newX=9
Field Read,context=Main$Tuple:90,y
Field Read,context=Main,yDelta
Variable Write,context=Main#main:1,newY=3
Variable Write,context=Main#main:1,g=int[][]:1
New Object,object=Main$Tuple:93
Method Call,caller=Main#main:1,target=Main$Tuple:93#Main$Tuple:93
Variable Write,context=Main$Tuple:93#Main$Tuple:93,x=9
Variable Write,context=Main$Tuple:93#Main$Tuple:93,y=3
Field Write,context=Main$Tuple:93,x=9
Field Write,context=Main$Tuple:93,y=3
Method Exit,returner=Main$Tuple:93#Main$Tuple:93,value=<void>
Variable Delete,method=Main#main:1 <name=newX,type=int (id=7),value=<?>,index=31>
Variable Delete,method=Main#main:1 <name=newY,type=int (id=7),value=<?>,index=32>
Variable Delete,method=Main#main:1 <name=t,type=Main$Tuple (id=90),value=<?>,index=29>
Variable Delete,method=Main#main:1 <name=i,type=int (id=7),value=<?>,index=30>
Variable Write,context=Main#main:1,t=Main$Tuple:91
Variable Write,context=Main#main:1,i=0
Field Read,context=Main$Tuple:91,x
Field Read,context=Main,xDelta
Variable Write,context=Main#main:1,newX=7
Field Read,context=Main$Tuple:91,y
Field Read,context=Main,yDelta
Variable Write,context=Main#main:1,newY=3
Variable Write,context=Main#main:1,i=1
Variable Delete,method=Main#main:1 <name=newX,type=int (id=7),value=<?>,index=31>
Variable Delete,method=Main#main:1 <name=newY,type=int (id=7),value=<?>,index=32>
Field Read,context=Main$Tuple:91,x
Field Read,context=Main,xDelta
Variable Write,context=Main#main:1,newX=9
Field Read,context=Main$Tuple:91,y
Field Read,context=Main,yDelta
Variable Write,context=Main#main:1,newY=3
Variable Write,context=Main#main:1,i=2
Variable Delete,method=Main#main:1 <name=newX,type=int (id=7),value=<?>,index=31>
Variable Delete,method=Main#main:1 <name=newY,type=int (id=7),value=<?>,index=32>
Field Read,context=Main$Tuple:91,x
Field Read,context=Main,xDelta
Variable Write,context=Main#main:1,newX=8
Field Read,context=Main$Tuple:91,y
Field Read,context=Main,yDelta
Variable Write,context=Main#main:1,newY=2
Variable Write,context=Main#main:1,i=3
Variable Delete,method=Main#main:1 <name=newX,type=int (id=7),value=<?>,index=31>
Variable Delete,method=Main#main:1 <name=newY,type=int (id=7),value=<?>,index=32>
Field Read,context=Main$Tuple:91,x
Field Read,context=Main,xDelta
Variable Write,context=Main#main:1,newX=8
Field Read,context=Main$Tuple:91,y
Field Read,context=Main,yDelta
Variable Write,context=Main#main:1,newY=4
Variable Write,context=Main#main:1,g=int[][]:1
New Object,object=Main$Tuple:94
Method Call,caller=Main#main:1,target=Main$Tuple:94#Main$Tuple:94
Variable Write,context=Main$Tuple:94#Main$Tuple:94,x=8
Variable Write,context=Main$Tuple:94#Main$Tuple:94,y=4
Field Write,context=Main$Tuple:94,x=8
Field Write,context=Main$Tuple:94,y=4
Method Exit,returner=Main$Tuple:94#Main$Tuple:94,value=<void>
Variable Delete,method=Main#main:1 <name=newX,type=int (id=7),value=<?>,index=31>
Variable Delete,method=Main#main:1 <name=newY,type=int (id=7),value=<?>,index=32>
Variable Delete,method=Main#main:1 <name=t,type=Main$Tuple (id=90),value=<?>,index=29>
Variable Delete,method=Main#main:1 <name=i,type=int (id=7),value=<?>,index=30>
Variable Write,context=Main#main:1,t=Main$Tuple:92
Variable Write,context=Main#main:1,i=0
Field Read,context=Main$Tuple:92,x
Field Read,context=Main,xDelta
Variable Write,context=Main#main:1,newX=9
Field Read,context=Main$Tuple:92,y
Field Read,context=Main,yDelta
Variable Write,context=Main#main:1,newY=2
Variable Write,context=Main#main:1,i=1
Variable Delete,method=Main#main:1 <name=newX,type=int (id=7),value=<?>,index=31>
Variable Delete,method=Main#main:1 <name=newY,type=int (id=7),value=<?>,index=32>
Field Read,context=Main$Tuple:92,x
Field Read,context=Main,xDelta
Variable Write,context=Main#main:1,newX=11
Field Read,context=Main$Tuple:92,y
Field Read,context=Main,yDelta
Variable Write,context=Main#main:1,newY=2
Variable Write,context=Main#main:1,i=2
Variable Delete,method=Main#main:1 <name=newX,type=int (id=7),value=<?>,index=31>
Variable Delete,method=Main#main:1 <name=newY,type=int (id=7),value=<?>,index=32>
Field Read,context=Main$Tuple:92,x
Field Read,context=Main,xDelta
Variable Write,context=Main#main:1,newX=10
Field Read,context=Main$Tuple:92,y
Field Read,context=Main,yDelta
Variable Write,context=Main#main:1,newY=1
Variable Write,context=Main#main:1,i=3
Variable Delete,method=Main#main:1 <name=newX,type=int (id=7),value=<?>,index=31>
Variable Delete,method=Main#main:1 <name=newY,type=int (id=7),value=<?>,index=32>
Field Read,context=Main$Tuple:92,x
Field Read,context=Main,xDelta
Variable Write,context=Main#main:1,newX=10
Field Read,context=Main$Tuple:92,y
Field Read,context=Main,yDelta
Variable Write,context=Main#main:1,newY=3
Variable Write,context=Main#main:1,g=int[][]:1
New Object,object=Main$Tuple:95
Method Call,caller=Main#main:1,target=Main$Tuple:95#Main$Tuple:95
Variable Write,context=Main$Tuple:95#Main$Tuple:95,x=10
Variable Write,context=Main$Tuple:95#Main$Tuple:95,y=3
Field Write,context=Main$Tuple:95,x=10
Field Write,context=Main$Tuple:95,y=3
Method Exit,returner=Main$Tuple:95#Main$Tuple:95,value=<void>
Variable Delete,method=Main#main:1 <name=newX,type=int (id=7),value=<?>,index=31>
Variable Delete,method=Main#main:1 <name=newY,type=int (id=7),value=<?>,index=32>
Variable Delete,method=Main#main:1 <name=t,type=Main$Tuple (id=90),value=<?>,index=29>
Variable Delete,method=Main#main:1 <name=i,type=int (id=7),value=<?>,index=30>
Variable Write,context=Main#main:1,t=Main$Tuple:93
Variable Write,context=Main#main:1,i=0
Field Read,context=Main$Tuple:93,x
Field Read,context=Main,xDelta
Variable Write,context=Main#main:1,newX=8
Field Read,context=Main$Tuple:93,y
Field Read,context=Main,yDelta
Variable Write,context=Main#main:1,newY=3
Variable Write,context=Main#main:1,i=1
Variable Delete,method=Main#main:1 <name=newX,type=int (id=7),value=<?>,index=31>
Variable Delete,method=Main#main:1 <name=newY,type=int (id=7),value=<?>,index=32>
Field Read,context=Main$Tuple:93,x
Field Read,context=Main,xDelta
Variable Write,context=Main#main:1,newX=10
Field Read,context=Main$Tuple:93,y
Field Read,context=Main,yDelta
Variable Write,context=Main#main:1,newY=3
Variable Write,context=Main#main:1,i=2
Variable Delete,method=Main#main:1 <name=newX,type=int (id=7),value=<?>,index=31>
Variable Delete,method=Main#main:1 <name=newY,type=int (id=7),value=<?>,index=32>
Field Read,context=Main$Tuple:93,x
Field Read,context=Main,xDelta
Variable Write,context=Main#main:1,newX=9
Field Read,context=Main$Tuple:93,y
Field Read,context=Main,yDelta
Variable Write,context=Main#main:1,newY=2
Variable Write,context=Main#main:1,i=3
Variable Delete,method=Main#main:1 <name=newX,type=int (id=7),value=<?>,index=31>
Variable Delete,method=Main#main:1 <name=newY,type=int (id=7),value=<?>,index=32>
Field Read,context=Main$Tuple:93,x
Field Read,context=Main,xDelta
Variable Write,context=Main#main:1,newX=9
Field Read,context=Main$Tuple:93,y
Field Read,context=Main,yDelta
Variable Write,context=Main#main:1,newY=4
Variable Write,context=Main#main:1,g=int[][]:1
New Object,object=Main$Tuple:96
Method Call,caller=Main#main:1,target=Main$Tuple:96#Main$Tuple:96
Variable Write,context=Main$Tuple:96#Main$Tuple:96,x=9
Variable Write,context=Main$Tuple:96#Main$Tuple:96,y=4
Field Write,context=Main$Tuple:96,x=9
Field Write,context=Main$Tuple:96,y=4
Method Exit,returner=Main$Tuple:96#Main$Tuple:96,value=<void>
Variable Delete,method=Main#main:1 <name=newX,type=int (id=7),value=<?>,index=31>
Variable Delete,method=Main#main:1 <name=newY,type=int (id=7),value=<?>,index=32>
Variable Delete,method=Main#main:1 <name=t,type=Main$Tuple (id=90),value=<?>,index=29>
Variable Delete,method=Main#main:1 <name=i,type=int (id=7),value=<?>,index=30>
Variable Write,context=Main#main:1,t=Main$Tuple:94
Variable Write,context=Main#main:1,i=0
Field Read,context=Main$Tuple:94,x
Field Read,context=Main,xDelta
Variable Write,context=Main#main:1,newX=7
Field Read,context=Main$Tuple:94,y
Field Read,context=Main,yDelta
Variable Write,context=Main#main:1,newY=4
Variable Write,context=Main#main:1,i=1
Variable Delete,method=Main#main:1 <name=newX,type=int (id=7),value=<?>,index=31>
Variable Delete,method=Main#main:1 <name=newY,type=int (id=7),value=<?>,index=32>
Field Read,context=Main$Tuple:94,x
Field Read,context=Main,xDelta
Variable Write,context=Main#main:1,newX=9
Field Read,context=Main$Tuple:94,y
Field Read,context=Main,yDelta
Variable Write,context=Main#main:1,newY=4
Variable Write,context=Main#main:1,i=2
Variable Delete,method=Main#main:1 <name=newX,type=int (id=7),value=<?>,index=31>
Variable Delete,method=Main#main:1 <name=newY,type=int (id=7),value=<?>,index=32>
Field Read,context=Main$Tuple:94,x
Field Read,context=Main,xDelta
Variable Write,context=Main#main:1,newX=8
Field Read,context=Main$Tuple:94,y
Field Read,context=Main,yDelta
Variable Write,context=Main#main:1,newY=3
Variable Write,context=Main#main:1,i=3
Variable Delete,method=Main#main:1 <name=newX,type=int (id=7),value=<?>,index=31>
Variable Delete,method=Main#main:1 <name=newY,type=int (id=7),value=<?>,index=32>
Field Read,context=Main$Tuple:94,x
Field Read,context=Main,xDelta
Variable Write,context=Main#main:1,newX=8
Field Read,context=Main$Tuple:94,y
Field Read,context=Main,yDelta
Variable Write,context=Main#main:1,newY=5
Variable Delete,method=Main#main:1 <name=newX,type=int (id=7),value=<?>,index=31>
Variable Delete,method=Main#main:1 <name=newY,type=int (id=7),value=<?>,index=32>
Variable Delete,method=Main#main:1 <name=t,type=Main$Tuple (id=90),value=<?>,index=29>
Variable Delete,method=Main#main:1 <name=i,type=int (id=7),value=<?>,index=30>
Variable Write,context=Main#main:1,t=Main$Tuple:95
Variable Write,context=Main#main:1,i=0
Field Read,context=Main$Tuple:95,x
Field Read,context=Main,xDelta
Variable Write,context=Main#main:1,newX=9
Field Read,context=Main$Tuple:95,y
Field Read,context=Main,yDelta
Variable Write,context=Main#main:1,newY=3
Variable Write,context=Main#main:1,i=1
Variable Delete,method=Main#main:1 <name=newX,type=int (id=7),value=<?>,index=31>
Variable Delete,method=Main#main:1 <name=newY,type=int (id=7),value=<?>,index=32>
Field Read,context=Main$Tuple:95,x
Field Read,context=Main,xDelta
Variable Write,context=Main#main:1,newX=11
Field Read,context=Main$Tuple:95,y
Field Read,context=Main,yDelta
Variable Write,context=Main#main:1,newY=3
Variable Write,context=Main#main:1,i=2
Variable Delete,method=Main#main:1 <name=newX,type=int (id=7),value=<?>,index=31>
Variable Delete,method=Main#main:1 <name=newY,type=int (id=7),value=<?>,index=32>
Field Read,context=Main$Tuple:95,x
Field Read,context=Main,xDelta
Variable Write,context=Main#main:1,newX=10
Field Read,context=Main$Tuple:95,y
Field Read,context=Main,yDelta
Variable Write,context=Main#main:1,newY=2
Variable Write,context=Main#main:1,i=3
Variable Delete,method=Main#main:1 <name=newX,type=int (id=7),value=<?>,index=31>
Variable Delete,method=Main#main:1 <name=newY,type=int (id=7),value=<?>,index=32>
Field Read,context=Main$Tuple:95,x
Field Read,context=Main,xDelta
Variable Write,context=Main#main:1,newX=10
Field Read,context=Main$Tuple:95,y
Field Read,context=Main,yDelta
Variable Write,context=Main#main:1,newY=4
Variable Write,context=Main#main:1,g=int[][]:1
New Object,object=Main$Tuple:97
Method Call,caller=Main#main:1,target=Main$Tuple:97#Main$Tuple:97
Variable Write,context=Main$Tuple:97#Main$Tuple:97,x=10
Variable Write,context=Main$Tuple:97#Main$Tuple:97,y=4
Field Write,context=Main$Tuple:97,x=10
Field Write,context=Main$Tuple:97,y=4
Method Exit,returner=Main$Tuple:97#Main$Tuple:97,value=<void>
Variable Delete,method=Main#main:1 <name=newX,type=int (id=7),value=<?>,index=31>
Variable Delete,method=Main#main:1 <name=newY,type=int (id=7),value=<?>,index=32>
Variable Delete,method=Main#main:1 <name=t,type=Main$Tuple (id=90),value=<?>,index=29>
Variable Delete,method=Main#main:1 <name=i,type=int (id=7),value=<?>,index=30>
Variable Write,context=Main#main:1,t=Main$Tuple:96
Variable Write,context=Main#main:1,i=0
Field Read,context=Main$Tuple:96,x
Field Read,context=Main,xDelta
Variable Write,context=Main#main:1,newX=8
Field Read,context=Main$Tuple:96,y
Field Read,context=Main,yDelta
Variable Write,context=Main#main:1,newY=4
Variable Write,context=Main#main:1,i=1
Variable Delete,method=Main#main:1 <name=newX,type=int (id=7),value=<?>,index=31>
Variable Delete,method=Main#main:1 <name=newY,type=int (id=7),value=<?>,index=32>
Field Read,context=Main$Tuple:96,x
Field Read,context=Main,xDelta
Variable Write,context=Main#main:1,newX=10
Field Read,context=Main$Tuple:96,y
Field Read,context=Main,yDelta
Variable Write,context=Main#main:1,newY=4
Variable Write,context=Main#main:1,i=2
Variable Delete,method=Main#main:1 <name=newX,type=int (id=7),value=<?>,index=31>
Variable Delete,method=Main#main:1 <name=newY,type=int (id=7),value=<?>,index=32>
Field Read,context=Main$Tuple:96,x
Field Read,context=Main,xDelta
Variable Write,context=Main#main:1,newX=9
Field Read,context=Main$Tuple:96,y
Field Read,context=Main,yDelta
Variable Write,context=Main#main:1,newY=3
Variable Write,context=Main#main:1,i=3
Variable Delete,method=Main#main:1 <name=newX,type=int (id=7),value=<?>,index=31>
Variable Delete,method=Main#main:1 <name=newY,type=int (id=7),value=<?>,index=32>
Field Read,context=Main$Tuple:96,x
Field Read,context=Main,xDelta
Variable Write,context=Main#main:1,newX=9
Field Read,context=Main$Tuple:96,y
Field Read,context=Main,yDelta
Variable Write,context=Main#main:1,newY=5
Variable Delete,method=Main#main:1 <name=newX,type=int (id=7),value=<?>,index=31>
Variable Delete,method=Main#main:1 <name=newY,type=int (id=7),value=<?>,index=32>
Variable Delete,method=Main#main:1 <name=t,type=Main$Tuple (id=90),value=<?>,index=29>
Variable Delete,method=Main#main:1 <name=i,type=int (id=7),value=<?>,index=30>
Variable Write,context=Main#main:1,t=Main$Tuple:97
Variable Write,context=Main#main:1,i=0
Field Read,context=Main$Tuple:97,x
Field Read,context=Main,xDelta
Variable Write,context=Main#main:1,newX=9
Field Read,context=Main$Tuple:97,y
Field Read,context=Main,yDelta
Variable Write,context=Main#main:1,newY=4
Variable Write,context=Main#main:1,i=1
Variable Delete,method=Main#main:1 <name=newX,type=int (id=7),value=<?>,index=31>
Variable Delete,method=Main#main:1 <name=newY,type=int (id=7),value=<?>,index=32>
Field Read,context=Main$Tuple:97,x
Field Read,context=Main,xDelta
Variable Write,context=Main#main:1,newX=11
Field Read,context=Main$Tuple:97,y
Field Read,context=Main,yDelta
Variable Write,context=Main#main:1,newY=4
Variable Write,context=Main#main:1,i=2
Variable Delete,method=Main#main:1 <name=newX,type=int (id=7),value=<?>,index=31>
Variable Delete,method=Main#main:1 <name=newY,type=int (id=7),value=<?>,index=32>
Field Read,context=Main$Tuple:97,x
Field Read,context=Main,xDelta
Variable Write,context=Main#main:1,newX=10
Field Read,context=Main$Tuple:97,y
Field Read,context=Main,yDelta
Variable Write,context=Main#main:1,newY=3
Variable Write,context=Main#main:1,i=3
Variable Delete,method=Main#main:1 <name=newX,type=int (id=7),value=<?>,index=31>
Variable Delete,method=Main#main:1 <name=newY,type=int (id=7),value=<?>,index=32>
Field Read,context=Main$Tuple:97,x
Field Read,context=Main,xDelta
Variable Write,context=Main#main:1,newX=10
Field Read,context=Main$Tuple:97,y
Field Read,context=Main,yDelta
Variable Write,context=Main#main:1,newY=5
Variable Write,context=Main#main:1,g=int[][]:1
New Object,object=Main$Tuple:98
Method Call,caller=Main#main:1,target=Main$Tuple:98#Main$Tuple:98
Variable Write,context=Main$Tuple:98#Main$Tuple:98,x=10
Variable Write,context=Main$Tuple:98#Main$Tuple:98,y=5
Field Write,context=Main$Tuple:98,x=10
Field Write,context=Main$Tuple:98,y=5
Method Exit,returner=Main$Tuple:98#Main$Tuple:98,value=<void>
Variable Delete,method=Main#main:1 <name=newX,type=int (id=7),value=<?>,index=31>
Variable Delete,method=Main#main:1 <name=newY,type=int (id=7),value=<?>,index=32>
Variable Delete,method=Main#main:1 <name=t,type=Main$Tuple (id=90),value=<?>,index=29>
Variable Delete,method=Main#main:1 <name=i,type=int (id=7),value=<?>,index=30>
Variable Write,context=Main#main:1,t=Main$Tuple:98
Variable Write,context=Main#main:1,i=0
Field Read,context=Main$Tuple:98,x
Field Read,context=Main,xDelta
Variable Write,context=Main#main:1,newX=9
Field Read,context=Main$Tuple:98,y
Field Read,context=Main,yDelta
Variable Write,context=Main#main:1,newY=5
Variable Write,context=Main#main:1,i=1
Variable Delete,method=Main#main:1 <name=newX,type=int (id=7),value=<?>,index=31>
Variable Delete,method=Main#main:1 <name=newY,type=int (id=7),value=<?>,index=32>
Field Read,context=Main$Tuple:98,x
Field Read,context=Main,xDelta
Variable Write,context=Main#main:1,newX=11
Field Read,context=Main$Tuple:98,y
Field Read,context=Main,yDelta
Variable Write,context=Main#main:1,newY=5
Variable Write,context=Main#main:1,i=2
Variable Delete,method=Main#main:1 <name=newX,type=int (id=7),value=<?>,index=31>
Variable Delete,method=Main#main:1 <name=newY,type=int (id=7),value=<?>,index=32>
Field Read,context=Main$Tuple:98,x
Field Read,context=Main,xDelta
Variable Write,context=Main#main:1,newX=10
Field Read,context=Main$Tuple:98,y
Field Read,context=Main,yDelta
Variable Write,context=Main#main:1,newY=4
Variable Write,context=Main#main:1,i=3
Variable Delete,method=Main#main:1 <name=newX,type=int (id=7),value=<?>,index=31>
Variable Delete,method=Main#main:1 <name=newY,type=int (id=7),value=<?>,index=32>
Field Read,context=Main$Tuple:98,x
Field Read,context=Main,xDelta
Variable Write,context=Main#main:1,newX=10
Field Read,context=Main$Tuple:98,y
Field Read,context=Main,yDelta
Variable Write,context=Main#main:1,newY=6
Variable Write,context=Main#main:1,g=int[][]:1
New Object,object=Main$Tuple:99
Method Call,caller=Main#main:1,target=Main$Tuple:99#Main$Tuple:99
Variable Write,context=Main$Tuple:99#Main$Tuple:99,x=10
Variable Write,context=Main$Tuple:99#Main$Tuple:99,y=6
Field Write,context=Main$Tuple:99,x=10
Field Write,context=Main$Tuple:99,y=6
Method Exit,returner=Main$Tuple:99#Main$Tuple:99,value=<void>
Variable Delete,method=Main#main:1 <name=newX,type=int (id=7),value=<?>,index=31>
Variable Delete,method=Main#main:1 <name=newY,type=int (id=7),value=<?>,index=32>
Variable Delete,method=Main#main:1 <name=t,type=Main$Tuple (id=90),value=<?>,index=29>
Variable Delete,method=Main#main:1 <name=i,type=int (id=7),value=<?>,index=30>
Variable Write,context=Main#main:1,t=Main$Tuple:99
Variable Write,context=Main#main:1,i=0
Field Read,context=Main$Tuple:99,x
Field Read,context=Main,xDelta
Variable Write,context=Main#main:1,newX=9
Field Read,context=Main$Tuple:99,y
Field Read,context=Main,yDelta
Variable Write,context=Main#main:1,newY=6
Variable Write,context=Main#main:1,i=1
Variable Delete,method=Main#main:1 <name=newX,type=int (id=7),value=<?>,index=31>
Variable Delete,method=Main#main:1 <name=newY,type=int (id=7),value=<?>,index=32>
Field Read,context=Main$Tuple:99,x
Field Read,context=Main,xDelta
Variable Write,context=Main#main:1,newX=11
Field Read,context=Main$Tuple:99,y
Field Read,context=Main,yDelta
Variable Write,context=Main#main:1,newY=6
Variable Write,context=Main#main:1,i=2
Variable Delete,method=Main#main:1 <name=newX,type=int (id=7),value=<?>,index=31>
Variable Delete,method=Main#main:1 <name=newY,type=int (id=7),value=<?>,index=32>
Field Read,context=Main$Tuple:99,x
Field Read,context=Main,xDelta
Variable Write,context=Main#main:1,newX=10
Field Read,context=Main$Tuple:99,y
Field Read,context=Main,yDelta
Variable Write,context=Main#main:1,newY=5
Variable Write,context=Main#main:1,i=3
Variable Delete,method=Main#main:1 <name=newX,type=int (id=7),value=<?>,index=31>
Variable Delete,method=Main#main:1 <name=newY,type=int (id=7),value=<?>,index=32>
Field Read,context=Main$Tuple:99,x
Field Read,context=Main,xDelta
Variable Write,context=Main#main:1,newX=10
Field Read,context=Main$Tuple:99,y
Field Read,context=Main,yDelta
Variable Write,context=Main#main:1,newY=7
Variable Delete,method=Main#main:1 <name=newX,type=int (id=7),value=<?>,index=31>
Variable Delete,method=Main#main:1 <name=newY,type=int (id=7),value=<?>,index=32>
Variable Delete,method=Main#main:1 <name=t,type=Main$Tuple (id=90),value=<?>,index=29>
Variable Delete,method=Main#main:1 <name=i,type=int (id=7),value=<?>,index=30>
Variable Write,context=Main#main:1,y=3
Variable Delete,method=Main#main:1 <name=p,type=Main$Tuple (id=90),value=<?>,index=27>
Variable Delete,method=Main#main:1 <name=q,type=java.util.Queue (unresolved),value=<?>,index=28>
Variable Write,context=Main#main:1,y=4
Variable Write,context=Main#main:1,g=int[][]:1
New Object,object=Main$Tuple:100
Method Call,caller=Main#main:1,target=Main$Tuple:100#Main$Tuple:100
Variable Write,context=Main$Tuple:100#Main$Tuple:100,x=6
Variable Write,context=Main$Tuple:100#Main$Tuple:100,y=4
Field Write,context=Main$Tuple:100,x=6
Field Write,context=Main$Tuple:100,y=4
Method Exit,returner=Main$Tuple:100#Main$Tuple:100,value=<void>
Variable Write,context=Main#main:1,p=Main$Tuple:100
Variable Write,context=Main#main:1,regions=5
Variable Write,context=Main#main:1,q=java.util.ArrayDeque (id=499)
Variable Write,context=Main#main:1,t=Main$Tuple:100
Variable Write,context=Main#main:1,i=0
Field Read,context=Main$Tuple:100,x
Field Read,context=Main,xDelta
Variable Write,context=Main#main:1,newX=5
Field Read,context=Main$Tuple:100,y
Field Read,context=Main,yDelta
Variable Write,context=Main#main:1,newY=4
Variable Write,context=Main#main:1,i=1
Variable Delete,method=Main#main:1 <name=newX,type=int (id=7),value=<?>,index=31>
Variable Delete,method=Main#main:1 <name=newY,type=int (id=7),value=<?>,index=32>
Field Read,context=Main$Tuple:100,x
Field Read,context=Main,xDelta
Variable Write,context=Main#main:1,newX=7
Field Read,context=Main$Tuple:100,y
Field Read,context=Main,yDelta
Variable Write,context=Main#main:1,newY=4
Variable Write,context=Main#main:1,i=2
Variable Delete,method=Main#main:1 <name=newX,type=int (id=7),value=<?>,index=31>
Variable Delete,method=Main#main:1 <name=newY,type=int (id=7),value=<?>,index=32>
Field Read,context=Main$Tuple:100,x
Field Read,context=Main,xDelta
Variable Write,context=Main#main:1,newX=6
Field Read,context=Main$Tuple:100,y
Field Read,context=Main,yDelta
Variable Write,context=Main#main:1,newY=3
Variable Write,context=Main#main:1,i=3
Variable Delete,method=Main#main:1 <name=newX,type=int (id=7),value=<?>,index=31>
Variable Delete,method=Main#main:1 <name=newY,type=int (id=7),value=<?>,index=32>
Field Read,context=Main$Tuple:100,x
Field Read,context=Main,xDelta
Variable Write,context=Main#main:1,newX=6
Field Read,context=Main$Tuple:100,y
Field Read,context=Main,yDelta
Variable Write,context=Main#main:1,newY=5
Variable Delete,method=Main#main:1 <name=newX,type=int (id=7),value=<?>,index=31>
Variable Delete,method=Main#main:1 <name=newY,type=int (id=7),value=<?>,index=32>
Variable Delete,method=Main#main:1 <name=t,type=Main$Tuple (id=90),value=<?>,index=29>
Variable Delete,method=Main#main:1 <name=i,type=int (id=7),value=<?>,index=30>
Variable Write,context=Main#main:1,y=5
Variable Delete,method=Main#main:1 <name=p,type=Main$Tuple (id=90),value=<?>,index=27>
Variable Delete,method=Main#main:1 <name=q,type=java.util.Queue (unresolved),value=<?>,index=28>
Variable Write,context=Main#main:1,y=6
Variable Write,context=Main#main:1,g=int[][]:1
New Object,object=Main$Tuple:101
Method Call,caller=Main#main:1,target=Main$Tuple:101#Main$Tuple:101
Variable Write,context=Main$Tuple:101#Main$Tuple:101,x=6
Variable Write,context=Main$Tuple:101#Main$Tuple:101,y=6
Field Write,context=Main$Tuple:101,x=6
Field Write,context=Main$Tuple:101,y=6
Method Exit,returner=Main$Tuple:101#Main$Tuple:101,value=<void>
Variable Write,context=Main#main:1,p=Main$Tuple:101
Variable Write,context=Main#main:1,regions=6
Variable Write,context=Main#main:1,q=java.util.ArrayDeque (id=501)
Variable Write,context=Main#main:1,t=Main$Tuple:101
Variable Write,context=Main#main:1,i=0
Field Read,context=Main$Tuple:101,x
Field Read,context=Main,xDelta
Variable Write,context=Main#main:1,newX=5
Field Read,context=Main$Tuple:101,y
Field Read,context=Main,yDelta
Variable Write,context=Main#main:1,newY=6
Variable Write,context=Main#main:1,i=1
Variable Delete,method=Main#main:1 <name=newX,type=int (id=7),value=<?>,index=31>
Variable Delete,method=Main#main:1 <name=newY,type=int (id=7),value=<?>,index=32>
Field Read,context=Main$Tuple:101,x
Field Read,context=Main,xDelta
Variable Write,context=Main#main:1,newX=7
Field Read,context=Main$Tuple:101,y
Field Read,context=Main,yDelta
Variable Write,context=Main#main:1,newY=6
Variable Write,context=Main#main:1,i=2
Variable Delete,method=Main#main:1 <name=newX,type=int (id=7),value=<?>,index=31>
Variable Delete,method=Main#main:1 <name=newY,type=int (id=7),value=<?>,index=32>
Field Read,context=Main$Tuple:101,x
Field Read,context=Main,xDelta
Variable Write,context=Main#main:1,newX=6
Field Read,context=Main$Tuple:101,y
Field Read,context=Main,yDelta
Variable Write,context=Main#main:1,newY=5
Variable Write,context=Main#main:1,i=3
Variable Delete,method=Main#main:1 <name=newX,type=int (id=7),value=<?>,index=31>
Variable Delete,method=Main#main:1 <name=newY,type=int (id=7),value=<?>,index=32>
Field Read,context=Main$Tuple:101,x
Field Read,context=Main,xDelta
Variable Write,context=Main#main:1,newX=6
Field Read,context=Main$Tuple:101,y
Field Read,context=Main,yDelta
Variable Write,context=Main#main:1,newY=7
Variable Delete,method=Main#main:1 <name=newX,type=int (id=7),value=<?>,index=31>
Variable Delete,method=Main#main:1 <name=newY,type=int (id=7),value=<?>,index=32>
Variable Delete,method=Main#main:1 <name=t,type=Main$Tuple (id=90),value=<?>,index=29>
Variable Delete,method=Main#main:1 <name=i,type=int (id=7),value=<?>,index=30>
Variable Write,context=Main#main:1,y=7
Variable Delete,method=Main#main:1 <name=p,type=Main$Tuple (id=90),value=<?>,index=27>
Variable Delete,method=Main#main:1 <name=q,type=java.util.Queue (unresolved),value=<?>,index=28>
Variable Write,context=Main#main:1,y=8
Variable Write,context=Main#main:1,y=9
Variable Write,context=Main#main:1,y=10
Variable Write,context=Main#main:1,y=11
Variable Write,context=Main#main:1,y=12
Variable Write,context=Main#main:1,x=7
Variable Delete,method=Main#main:1 <name=y,type=int (id=7),value=<?>,index=26>
Variable Write,context=Main#main:1,y=0
Variable Write,context=Main#main:1,y=1
Variable Write,context=Main#main:1,y=2
Variable Write,context=Main#main:1,y=3
Variable Write,context=Main#main:1,y=4
Variable Write,context=Main#main:1,y=5
Variable Write,context=Main#main:1,y=6
Variable Write,context=Main#main:1,y=7
Variable Write,context=Main#main:1,y=8
Variable Write,context=Main#main:1,y=9
Variable Write,context=Main#main:1,y=10
Variable Write,context=Main#main:1,y=11
Variable Write,context=Main#main:1,y=12
Variable Write,context=Main#main:1,x=8
Variable Delete,method=Main#main:1 <name=y,type=int (id=7),value=<?>,index=26>
Variable Write,context=Main#main:1,y=0
Variable Write,context=Main#main:1,y=1
Variable Write,context=Main#main:1,y=2
Variable Write,context=Main#main:1,y=3
Variable Write,context=Main#main:1,y=4
Variable Write,context=Main#main:1,y=5
Variable Write,context=Main#main:1,y=6
Variable Write,context=Main#main:1,g=int[][]:1
New Object,object=Main$Tuple:102
Method Call,caller=Main#main:1,target=Main$Tuple:102#Main$Tuple:102
Variable Write,context=Main$Tuple:102#Main$Tuple:102,x=8
Variable Write,context=Main$Tuple:102#Main$Tuple:102,y=6
Field Write,context=Main$Tuple:102,x=8
Field Write,context=Main$Tuple:102,y=6
Method Exit,returner=Main$Tuple:102#Main$Tuple:102,value=<void>
Variable Write,context=Main#main:1,p=Main$Tuple:102
Variable Write,context=Main#main:1,regions=7
Variable Write,context=Main#main:1,q=java.util.ArrayDeque (id=503)
Variable Write,context=Main#main:1,t=Main$Tuple:102
Variable Write,context=Main#main:1,i=0
Field Read,context=Main$Tuple:102,x
Field Read,context=Main,xDelta
Variable Write,context=Main#main:1,newX=7
Field Read,context=Main$Tuple:102,y
Field Read,context=Main,yDelta
Variable Write,context=Main#main:1,newY=6
Variable Write,context=Main#main:1,i=1
Variable Delete,method=Main#main:1 <name=newX,type=int (id=7),value=<?>,index=31>
Variable Delete,method=Main#main:1 <name=newY,type=int (id=7),value=<?>,index=32>
Field Read,context=Main$Tuple:102,x
Field Read,context=Main,xDelta
Variable Write,context=Main#main:1,newX=9
Field Read,context=Main$Tuple:102,y
Field Read,context=Main,yDelta
Variable Write,context=Main#main:1,newY=6
Variable Write,context=Main#main:1,i=2
Variable Delete,method=Main#main:1 <name=newX,type=int (id=7),value=<?>,index=31>
Variable Delete,method=Main#main:1 <name=newY,type=int (id=7),value=<?>,index=32>
Field Read,context=Main$Tuple:102,x
Field Read,context=Main,xDelta
Variable Write,context=Main#main:1,newX=8
Field Read,context=Main$Tuple:102,y
Field Read,context=Main,yDelta
Variable Write,context=Main#main:1,newY=5
Variable Write,context=Main#main:1,i=3
Variable Delete,method=Main#main:1 <name=newX,type=int (id=7),value=<?>,index=31>
Variable Delete,method=Main#main:1 <name=newY,type=int (id=7),value=<?>,index=32>
Field Read,context=Main$Tuple:102,x
Field Read,context=Main,xDelta
Variable Write,context=Main#main:1,newX=8
Field Read,context=Main$Tuple:102,y
Field Read,context=Main,yDelta
Variable Write,context=Main#main:1,newY=7
Variable Delete,method=Main#main:1 <name=newX,type=int (id=7),value=<?>,index=31>
Variable Delete,method=Main#main:1 <name=newY,type=int (id=7),value=<?>,index=32>
Variable Delete,method=Main#main:1 <name=t,type=Main$Tuple (id=90),value=<?>,index=29>
Variable Delete,method=Main#main:1 <name=i,type=int (id=7),value=<?>,index=30>
Variable Write,context=Main#main:1,y=7
Variable Delete,method=Main#main:1 <name=p,type=Main$Tuple (id=90),value=<?>,index=27>
Variable Delete,method=Main#main:1 <name=q,type=java.util.Queue (unresolved),value=<?>,index=28>
Variable Write,context=Main#main:1,y=8
Variable Write,context=Main#main:1,g=int[][]:1
New Object,object=Main$Tuple:103
Method Call,caller=Main#main:1,target=Main$Tuple:103#Main$Tuple:103
Variable Write,context=Main$Tuple:103#Main$Tuple:103,x=8
Variable Write,context=Main$Tuple:103#Main$Tuple:103,y=8
Field Write,context=Main$Tuple:103,x=8
Field Write,context=Main$Tuple:103,y=8
Method Exit,returner=Main$Tuple:103#Main$Tuple:103,value=<void>
Variable Write,context=Main#main:1,p=Main$Tuple:103
Variable Write,context=Main#main:1,regions=8
Variable Write,context=Main#main:1,q=java.util.ArrayDeque (id=505)
Variable Write,context=Main#main:1,t=Main$Tuple:103
Variable Write,context=Main#main:1,i=0
Field Read,context=Main$Tuple:103,x
Field Read,context=Main,xDelta
Variable Write,context=Main#main:1,newX=7
Field Read,context=Main$Tuple:103,y
Field Read,context=Main,yDelta
Variable Write,context=Main#main:1,newY=8
Variable Write,context=Main#main:1,i=1
Variable Delete,method=Main#main:1 <name=newX,type=int (id=7),value=<?>,index=31>
Variable Delete,method=Main#main:1 <name=newY,type=int (id=7),value=<?>,index=32>
Field Read,context=Main$Tuple:103,x
Field Read,context=Main,xDelta
Variable Write,context=Main#main:1,newX=9
Field Read,context=Main$Tuple:103,y
Field Read,context=Main,yDelta
Variable Write,context=Main#main:1,newY=8
Variable Write,context=Main#main:1,i=2
Variable Delete,method=Main#main:1 <name=newX,type=int (id=7),value=<?>,index=31>
Variable Delete,method=Main#main:1 <name=newY,type=int (id=7),value=<?>,index=32>
Field Read,context=Main$Tuple:103,x
Field Read,context=Main,xDelta
Variable Write,context=Main#main:1,newX=8
Field Read,context=Main$Tuple:103,y
Field Read,context=Main,yDelta
Variable Write,context=Main#main:1,newY=7
Variable Write,context=Main#main:1,i=3
Variable Delete,method=Main#main:1 <name=newX,type=int (id=7),value=<?>,index=31>
Variable Delete,method=Main#main:1 <name=newY,type=int (id=7),value=<?>,index=32>
Field Read,context=Main$Tuple:103,x
Field Read,context=Main,xDelta
Variable Write,context=Main#main:1,newX=8
Field Read,context=Main$Tuple:103,y
Field Read,context=Main,yDelta
Variable Write,context=Main#main:1,newY=9
Variable Delete,method=Main#main:1 <name=newX,type=int (id=7),value=<?>,index=31>
Variable Delete,method=Main#main:1 <name=newY,type=int (id=7),value=<?>,index=32>
Variable Delete,method=Main#main:1 <name=t,type=Main$Tuple (id=90),value=<?>,index=29>
Variable Delete,method=Main#main:1 <name=i,type=int (id=7),value=<?>,index=30>
Variable Write,context=Main#main:1,y=9
Variable Delete,method=Main#main:1 <name=p,type=Main$Tuple (id=90),value=<?>,index=27>
Variable Delete,method=Main#main:1 <name=q,type=java.util.Queue (unresolved),value=<?>,index=28>
Variable Write,context=Main#main:1,y=10
Variable Write,context=Main#main:1,y=11
Variable Write,context=Main#main:1,y=12
Variable Write,context=Main#main:1,x=9
Variable Delete,method=Main#main:1 <name=y,type=int (id=7),value=<?>,index=26>
Variable Write,context=Main#main:1,y=0
Variable Write,context=Main#main:1,y=1
Variable Write,context=Main#main:1,y=2
Variable Write,context=Main#main:1,y=3
Variable Write,context=Main#main:1,y=4
Variable Write,context=Main#main:1,y=5
Variable Write,context=Main#main:1,y=6
Variable Write,context=Main#main:1,y=7
Variable Write,context=Main#main:1,y=8
Variable Write,context=Main#main:1,y=9
Variable Write,context=Main#main:1,y=10
Variable Write,context=Main#main:1,y=11
Variable Write,context=Main#main:1,y=12
Variable Write,context=Main#main:1,x=10
Variable Delete,method=Main#main:1 <name=y,type=int (id=7),value=<?>,index=26>
Variable Write,context=Main#main:1,y=0
Variable Write,context=Main#main:1,y=1
Variable Write,context=Main#main:1,y=2
Variable Write,context=Main#main:1,y=3
Variable Write,context=Main#main:1,y=4
Variable Write,context=Main#main:1,y=5
Variable Write,context=Main#main:1,y=6
Variable Write,context=Main#main:1,y=7
Variable Write,context=Main#main:1,y=8
Variable Write,context=Main#main:1,y=9
Variable Write,context=Main#main:1,y=10
Variable Write,context=Main#main:1,y=11
Variable Write,context=Main#main:1,y=12
Variable Write,context=Main#main:1,x=11
Variable Delete,method=Main#main:1 <name=y,type=int (id=7),value=<?>,index=26>
Variable Write,context=Main#main:1,y=0
Variable Write,context=Main#main:1,y=1
Variable Write,context=Main#main:1,y=2
Variable Write,context=Main#main:1,y=3
Variable Write,context=Main#main:1,y=4
Variable Write,context=Main#main:1,y=5
Variable Write,context=Main#main:1,y=6
Variable Write,context=Main#main:1,y=7
Variable Write,context=Main#main:1,y=8
Variable Write,context=Main#main:1,y=9
Variable Write,context=Main#main:1,y=10
Variable Write,context=Main#main:1,y=11
Variable Write,context=Main#main:1,y=12
Variable Write,context=Main#main:1,x=12
Variable Delete,method=Main#main:1 <name=y,type=int (id=7),value=<?>,index=26>
Variable Write,context=Main#main:1,y=0
Variable Write,context=Main#main:1,y=1
Variable Write,context=Main#main:1,y=2
Variable Write,context=Main#main:1,y=3
Variable Write,context=Main#main:1,y=4
Variable Write,context=Main#main:1,y=5
Variable Write,context=Main#main:1,y=6
Variable Write,context=Main#main:1,y=7
Variable Write,context=Main#main:1,y=8
Variable Write,context=Main#main:1,y=9
Variable Write,context=Main#main:1,y=10
Variable Write,context=Main#main:1,y=11
Variable Write,context=Main#main:1,y=12
Variable Delete,method=Main#main:1 <name=y,type=int (id=7),value=<?>,index=26>
Variable Delete,method=Main#main:1 <name=x,type=int (id=7),value=<?>,index=25>
Variable Write,context=Main#main:1,n=5
Variable Delete,method=Main#main:1 <name=rects,type=java.util.ArrayList (unresolved),value=<?>,index=3>
Variable Delete,method=Main#main:1 <name=xCoors,type=java.util.TreeSet (unresolved),value=<?>,index=4>
Variable Delete,method=Main#main:1 <name=yCoors,type=java.util.TreeSet (unresolved),value=<?>,index=5>
Variable Delete,method=Main#main:1 <name=uniqueX,type=java.util.ArrayList (unresolved),value=<?>,index=12>
Variable Delete,method=Main#main:1 <name=uniqueY,type=java.util.ArrayList (unresolved),value=<?>,index=13>
Variable Delete,method=Main#main:1 <name=xn,type=int (id=7),value=<?>,index=14>
Variable Delete,method=Main#main:1 <name=yn,type=int (id=7),value=<?>,index=15>
Variable Delete,method=Main#main:1 <name=g,type=int[][] (id=135),value=<?>,index=16>
Variable Delete,method=Main#main:1 <name=regions,type=int (id=7),value=<?>,index=24>
Variable Write,context=Main#main:1,rects=java.util.ArrayList (id=506)
Variable Write,context=Main#main:1,xCoors=java.util.TreeSet (id=507)
Variable Write,context=Main#main:1,yCoors=java.util.TreeSet (id=508)
Variable Write,context=Main#main:1,i=0
Variable Write,context=Main#main:1,l=4
Variable Write,context=Main#main:1,t=28
Variable Write,context=Main#main:1,r=27
Variable Write,context=Main#main:1,b=11
New Object,object=Main$Rect:4
Method Call,caller=Main#main:1,target=Main$Rect:4#Main$Rect:4
Variable Write,context=Main$Rect:4#Main$Rect:4,x1=4
Variable Write,context=Main$Rect:4#Main$Rect:4,y1=28
Variable Write,context=Main$Rect:4#Main$Rect:4,x2=27
Variable Write,context=Main$Rect:4#Main$Rect:4,y2=11
Field Write,context=Main$Rect:4,x1=4
Field Write,context=Main$Rect:4,y1=11
Field Write,context=Main$Rect:4,x2=27
Field Write,context=Main$Rect:4,y2=28
Method Exit,returner=Main$Rect:4#Main$Rect:4,value=<void>
Variable Write,context=Main#main:1,rec=Main$Rect:4
Variable Write,context=Main#main:1,i=1
Variable Delete,method=Main#main:1 <name=l,type=int (id=7),value=<?>,index=7>
Variable Delete,method=Main#main:1 <name=t,type=int (id=7),value=<?>,index=8>
Variable Delete,method=Main#main:1 <name=r,type=int (id=7),value=<?>,index=9>
Variable Delete,method=Main#main:1 <name=b,type=int (id=7),value=<?>,index=10>
Variable Delete,method=Main#main:1 <name=rec,type=Main$Rect (id=97),value=<?>,index=11>
Variable Write,context=Main#main:1,l=12
Variable Write,context=Main#main:1,t=11
Variable Write,context=Main#main:1,r=34
Variable Write,context=Main#main:1,b=2
New Object,object=Main$Rect:5
Method Call,caller=Main#main:1,target=Main$Rect:5#Main$Rect:5
Variable Write,context=Main$Rect:5#Main$Rect:5,x1=12
Variable Write,context=Main$Rect:5#Main$Rect:5,y1=11
Variable Write,context=Main$Rect:5#Main$Rect:5,x2=34
Variable Write,context=Main$Rect:5#Main$Rect:5,y2=2
Field Write,context=Main$Rect:5,x1=12
Field Write,context=Main$Rect:5,y1=2
Field Write,context=Main$Rect:5,x2=34
Field Write,context=Main$Rect:5,y2=11
Method Exit,returner=Main$Rect:5#Main$Rect:5,value=<void>
Variable Write,context=Main#main:1,rec=Main$Rect:5
Variable Write,context=Main#main:1,i=2
Variable Delete,method=Main#main:1 <name=l,type=int (id=7),value=<?>,index=7>
Variable Delete,method=Main#main:1 <name=t,type=int (id=7),value=<?>,index=8>
Variable Delete,method=Main#main:1 <name=r,type=int (id=7),value=<?>,index=9>
Variable Delete,method=Main#main:1 <name=b,type=int (id=7),value=<?>,index=10>
Variable Delete,method=Main#main:1 <name=rec,type=Main$Rect (id=97),value=<?>,index=11>
Variable Write,context=Main#main:1,l=7
Variable Write,context=Main#main:1,t=26
Variable Write,context=Main#main:1,r=14
Variable Write,context=Main#main:1,b=16
New Object,object=Main$Rect:6
Method Call,caller=Main#main:1,target=Main$Rect:6#Main$Rect:6
Variable Write,context=Main$Rect:6#Main$Rect:6,x1=7
Variable Write,context=Main$Rect:6#Main$Rect:6,y1=26
Variable Write,context=Main$Rect:6#Main$Rect:6,x2=14
Variable Write,context=Main$Rect:6#Main$Rect:6,y2=16
Field Write,context=Main$Rect:6,x1=7
Field Write,context=Main$Rect:6,y1=16
Field Write,context=Main$Rect:6,x2=14
Field Write,context=Main$Rect:6,y2=26
Method Exit,returner=Main$Rect:6#Main$Rect:6,value=<void>
Variable Write,context=Main#main:1,rec=Main$Rect:6
Variable Write,context=Main#main:1,i=3
Variable Delete,method=Main#main:1 <name=l,type=int (id=7),value=<?>,index=7>
Variable Delete,method=Main#main:1 <name=t,type=int (id=7),value=<?>,index=8>
Variable Delete,method=Main#main:1 <name=r,type=int (id=7),value=<?>,index=9>
Variable Delete,method=Main#main:1 <name=b,type=int (id=7),value=<?>,index=10>
Variable Delete,method=Main#main:1 <name=rec,type=Main$Rect (id=97),value=<?>,index=11>
Variable Write,context=Main#main:1,l=14
Variable Write,context=Main#main:1,t=16
Variable Write,context=Main#main:1,r=19
Variable Write,context=Main#main:1,b=12
New Object,object=Main$Rect:7
Method Call,caller=Main#main:1,target=Main$Rect:7#Main$Rect:7
Variable Write,context=Main$Rect:7#Main$Rect:7,x1=14
Variable Write,context=Main$Rect:7#Main$Rect:7,y1=16
Variable Write,context=Main$Rect:7#Main$Rect:7,x2=19
Variable Write,context=Main$Rect:7#Main$Rect:7,y2=12
Field Write,context=Main$Rect:7,x1=14
Field Write,context=Main$Rect:7,y1=12
Field Write,context=Main$Rect:7,x2=19
Field Write,context=Main$Rect:7,y2=16
Method Exit,returner=Main$Rect:7#Main$Rect:7,value=<void>
Variable Write,context=Main#main:1,rec=Main$Rect:7
Variable Write,context=Main#main:1,i=4
Variable Delete,method=Main#main:1 <name=l,type=int (id=7),value=<?>,index=7>
Variable Delete,method=Main#main:1 <name=t,type=int (id=7),value=<?>,index=8>
Variable Delete,method=Main#main:1 <name=r,type=int (id=7),value=<?>,index=9>
Variable Delete,method=Main#main:1 <name=b,type=int (id=7),value=<?>,index=10>
Variable Delete,method=Main#main:1 <name=rec,type=Main$Rect (id=97),value=<?>,index=11>
Variable Write,context=Main#main:1,l=17
Variable Write,context=Main#main:1,t=28
Variable Write,context=Main#main:1,r=27
Variable Write,context=Main#main:1,b=21
New Object,object=Main$Rect:8
Method Call,caller=Main#main:1,target=Main$Rect:8#Main$Rect:8
Variable Write,context=Main$Rect:8#Main$Rect:8,x1=17
Variable Write,context=Main$Rect:8#Main$Rect:8,y1=28
Variable Write,context=Main$Rect:8#Main$Rect:8,x2=27
Variable Write,context=Main$Rect:8#Main$Rect:8,y2=21
Field Write,context=Main$Rect:8,x1=17
Field Write,context=Main$Rect:8,y1=21
Field Write,context=Main$Rect:8,x2=27
Field Write,context=Main$Rect:8,y2=28
Method Exit,returner=Main$Rect:8#Main$Rect:8,value=<void>
Variable Write,context=Main#main:1,rec=Main$Rect:8
Variable Delete,method=Main#main:1 <name=l,type=int (id=7),value=<?>,index=7>
Variable Delete,method=Main#main:1 <name=t,type=int (id=7),value=<?>,index=8>
Variable Delete,method=Main#main:1 <name=r,type=int (id=7),value=<?>,index=9>
Variable Delete,method=Main#main:1 <name=b,type=int (id=7),value=<?>,index=10>
Variable Delete,method=Main#main:1 <name=rec,type=Main$Rect (id=97),value=<?>,index=11>
Variable Delete,method=Main#main:1 <name=i,type=int (id=7),value=<?>,index=6>
Variable Write,context=Main#main:1,uniqueX=java.util.ArrayList (id=514)
Variable Write,context=Main#main:1,uniqueY=java.util.ArrayList (id=515)
Variable Write,context=Main#main:1,xn=17
Variable Write,context=Main#main:1,yn=15
New Object,object=int[][]:2
New Object,object=int[]:16
Field Write,context=int[]:16,0=0
Field Write,context=int[]:16,1=0
Field Write,context=int[]:16,2=0
Field Write,context=int[]:16,3=0
Field Write,context=int[]:16,4=0
Field Write,context=int[]:16,5=0
Field Write,context=int[]:16,6=0
Field Write,context=int[]:16,7=0
Field Write,context=int[]:16,8=0
Field Write,context=int[]:16,9=0
Field Write,context=int[]:16,10=0
Field Write,context=int[]:16,11=0
Field Write,context=int[]:16,12=0
Field Write,context=int[]:16,13=0
Field Write,context=int[]:16,14=0
Field Write,context=int[][]:2,0=int[]:16
New Object,object=int[]:17
Field Write,context=int[]:17,0=0
Field Write,context=int[]:17,1=0
Field Write,context=int[]:17,2=0
Field Write,context=int[]:17,3=0
Field Write,context=int[]:17,4=0
Field Write,context=int[]:17,5=0
Field Write,context=int[]:17,6=0
Field Write,context=int[]:17,7=0
Field Write,context=int[]:17,8=0
Field Write,context=int[]:17,9=0
Field Write,context=int[]:17,10=0
Field Write,context=int[]:17,11=0
Field Write,context=int[]:17,12=0
Field Write,context=int[]:17,13=0
Field Write,context=int[]:17,14=0
Field Write,context=int[][]:2,1=int[]:17
New Object,object=int[]:18
Field Write,context=int[]:18,0=0
Field Write,context=int[]:18,1=0
Field Write,context=int[]:18,2=0
Field Write,context=int[]:18,3=0
Field Write,context=int[]:18,4=0
Field Write,context=int[]:18,5=0
Field Write,context=int[]:18,6=0
Field Write,context=int[]:18,7=0
Field Write,context=int[]:18,8=0
Field Write,context=int[]:18,9=0
Field Write,context=int[]:18,10=0
Field Write,context=int[]:18,11=0
Field Write,context=int[]:18,12=0
Field Write,context=int[]:18,13=0
Field Write,context=int[]:18,14=0
Field Write,context=int[][]:2,2=int[]:18
New Object,object=int[]:19
Field Write,context=int[]:19,0=0
Field Write,context=int[]:19,1=0
Field Write,context=int[]:19,2=0
Field Write,context=int[]:19,3=0
Field Write,context=int[]:19,4=0
Field Write,context=int[]:19,5=0
Field Write,context=int[]:19,6=0
Field Write,context=int[]:19,7=0
Field Write,context=int[]:19,8=0
Field Write,context=int[]:19,9=0
Field Write,context=int[]:19,10=0
Field Write,context=int[]:19,11=0
Field Write,context=int[]:19,12=0
Field Write,context=int[]:19,13=0
Field Write,context=int[]:19,14=0
Field Write,context=int[][]:2,3=int[]:19
New Object,object=int[]:20
Field Write,context=int[]:20,0=0
Field Write,context=int[]:20,1=0
Field Write,context=int[]:20,2=0
Field Write,context=int[]:20,3=0
Field Write,context=int[]:20,4=0
Field Write,context=int[]:20,5=0
Field Write,context=int[]:20,6=0
Field Write,context=int[]:20,7=0
Field Write,context=int[]:20,8=0
Field Write,context=int[]:20,9=0
Field Write,context=int[]:20,10=0
Field Write,context=int[]:20,11=0
Field Write,context=int[]:20,12=0
Field Write,context=int[]:20,13=0
Field Write,context=int[]:20,14=0
Field Write,context=int[][]:2,4=int[]:20
New Object,object=int[]:21
Field Write,context=int[]:21,0=0
Field Write,context=int[]:21,1=0
Field Write,context=int[]:21,2=0
Field Write,context=int[]:21,3=0
Field Write,context=int[]:21,4=0
Field Write,context=int[]:21,5=0
Field Write,context=int[]:21,6=0
Field Write,context=int[]:21,7=0
Field Write,context=int[]:21,8=0
Field Write,context=int[]:21,9=0
Field Write,context=int[]:21,10=0
Field Write,context=int[]:21,11=0
Field Write,context=int[]:21,12=0
Field Write,context=int[]:21,13=0
Field Write,context=int[]:21,14=0
Field Write,context=int[][]:2,5=int[]:21
New Object,object=int[]:22
Field Write,context=int[]:22,0=0
Field Write,context=int[]:22,1=0
Field Write,context=int[]:22,2=0
Field Write,context=int[]:22,3=0
Field Write,context=int[]:22,4=0
Field Write,context=int[]:22,5=0
Field Write,context=int[]:22,6=0
Field Write,context=int[]:22,7=0
Field Write,context=int[]:22,8=0
Field Write,context=int[]:22,9=0
Field Write,context=int[]:22,10=0
Field Write,context=int[]:22,11=0
Field Write,context=int[]:22,12=0
Field Write,context=int[]:22,13=0
Field Write,context=int[]:22,14=0
Field Write,context=int[][]:2,6=int[]:22
New Object,object=int[]:23
Field Write,context=int[]:23,0=0
Field Write,context=int[]:23,1=0
Field Write,context=int[]:23,2=0
Field Write,context=int[]:23,3=0
Field Write,context=int[]:23,4=0
Field Write,context=int[]:23,5=0
Field Write,context=int[]:23,6=0
Field Write,context=int[]:23,7=0
Field Write,context=int[]:23,8=0
Field Write,context=int[]:23,9=0
Field Write,context=int[]:23,10=0
Field Write,context=int[]:23,11=0
Field Write,context=int[]:23,12=0
Field Write,context=int[]:23,13=0
Field Write,context=int[]:23,14=0
Field Write,context=int[][]:2,7=int[]:23
New Object,object=int[]:24
Field Write,context=int[]:24,0=0
Field Write,context=int[]:24,1=0
Field Write,context=int[]:24,2=0
Field Write,context=int[]:24,3=0
Field Write,context=int[]:24,4=0
Field Write,context=int[]:24,5=0
Field Write,context=int[]:24,6=0
Field Write,context=int[]:24,7=0
Field Write,context=int[]:24,8=0
Field Write,context=int[]:24,9=0
Field Write,context=int[]:24,10=0
Field Write,context=int[]:24,11=0
Field Write,context=int[]:24,12=0
Field Write,context=int[]:24,13=0
Field Write,context=int[]:24,14=0
Field Write,context=int[][]:2,8=int[]:24
New Object,object=int[]:25
Field Write,context=int[]:25,0=0
Field Write,context=int[]:25,1=0
Field Write,context=int[]:25,2=0
Field Write,context=int[]:25,3=0
Field Write,context=int[]:25,4=0
Field Write,context=int[]:25,5=0
Field Write,context=int[]:25,6=0
Field Write,context=int[]:25,7=0
Field Write,context=int[]:25,8=0
Field Write,context=int[]:25,9=0
Field Write,context=int[]:25,10=0
Field Write,context=int[]:25,11=0
Field Write,context=int[]:25,12=0
Field Write,context=int[]:25,13=0
Field Write,context=int[]:25,14=0
Field Write,context=int[][]:2,9=int[]:25
New Object,object=int[]:26
Field Write,context=int[]:26,0=0
Field Write,context=int[]:26,1=0
Field Write,context=int[]:26,2=0
Field Write,context=int[]:26,3=0
Field Write,context=int[]:26,4=0
Field Write,context=int[]:26,5=0
Field Write,context=int[]:26,6=0
Field Write,context=int[]:26,7=0
Field Write,context=int[]:26,8=0
Field Write,context=int[]:26,9=0
Field Write,context=int[]:26,10=0
Field Write,context=int[]:26,11=0
Field Write,context=int[]:26,12=0
Field Write,context=int[]:26,13=0
Field Write,context=int[]:26,14=0
Field Write,context=int[][]:2,10=int[]:26
New Object,object=int[]:27
Field Write,context=int[]:27,0=0
Field Write,context=int[]:27,1=0
Field Write,context=int[]:27,2=0
Field Write,context=int[]:27,3=0
Field Write,context=int[]:27,4=0
Field Write,context=int[]:27,5=0
Field Write,context=int[]:27,6=0
Field Write,context=int[]:27,7=0
Field Write,context=int[]:27,8=0
Field Write,context=int[]:27,9=0
Field Write,context=int[]:27,10=0
Field Write,context=int[]:27,11=0
Field Write,context=int[]:27,12=0
Field Write,context=int[]:27,13=0
Field Write,context=int[]:27,14=0
Field Write,context=int[][]:2,11=int[]:27
New Object,object=int[]:28
Field Write,context=int[]:28,0=0
Field Write,context=int[]:28,1=0
Field Write,context=int[]:28,2=0
Field Write,context=int[]:28,3=0
Field Write,context=int[]:28,4=0
Field Write,context=int[]:28,5=0
Field Write,context=int[]:28,6=0
Field Write,context=int[]:28,7=0
Field Write,context=int[]:28,8=0
Field Write,context=int[]:28,9=0
Field Write,context=int[]:28,10=0
Field Write,context=int[]:28,11=0
Field Write,context=int[]:28,12=0
Field Write,context=int[]:28,13=0
Field Write,context=int[]:28,14=0
Field Write,context=int[][]:2,12=int[]:28
New Object,object=int[]:29
Field Write,context=int[]:29,0=0
Field Write,context=int[]:29,1=0
Field Write,context=int[]:29,2=0
Field Write,context=int[]:29,3=0
Field Write,context=int[]:29,4=0
Field Write,context=int[]:29,5=0
Field Write,context=int[]:29,6=0
Field Write,context=int[]:29,7=0
Field Write,context=int[]:29,8=0
Field Write,context=int[]:29,9=0
Field Write,context=int[]:29,10=0
Field Write,context=int[]:29,11=0
Field Write,context=int[]:29,12=0
Field Write,context=int[]:29,13=0
Field Write,context=int[]:29,14=0
Field Write,context=int[][]:2,13=int[]:29
New Object,object=int[]:30
Field Write,context=int[]:30,0=0
Field Write,context=int[]:30,1=0
Field Write,context=int[]:30,2=0
Field Write,context=int[]:30,3=0
Field Write,context=int[]:30,4=0
Field Write,context=int[]:30,5=0
Field Write,context=int[]:30,6=0
Field Write,context=int[]:30,7=0
Field Write,context=int[]:30,8=0
Field Write,context=int[]:30,9=0
Field Write,context=int[]:30,10=0
Field Write,context=int[]:30,11=0
Field Write,context=int[]:30,12=0
Field Write,context=int[]:30,13=0
Field Write,context=int[]:30,14=0
Field Write,context=int[][]:2,14=int[]:30
New Object,object=int[]:31
Field Write,context=int[]:31,0=0
Field Write,context=int[]:31,1=0
Field Write,context=int[]:31,2=0
Field Write,context=int[]:31,3=0
Field Write,context=int[]:31,4=0
Field Write,context=int[]:31,5=0
Field Write,context=int[]:31,6=0
Field Write,context=int[]:31,7=0
Field Write,context=int[]:31,8=0
Field Write,context=int[]:31,9=0
Field Write,context=int[]:31,10=0
Field Write,context=int[]:31,11=0
Field Write,context=int[]:31,12=0
Field Write,context=int[]:31,13=0
Field Write,context=int[]:31,14=0
Field Write,context=int[][]:2,15=int[]:31
New Object,object=int[]:32
Field Write,context=int[]:32,0=0
Field Write,context=int[]:32,1=0
Field Write,context=int[]:32,2=0
Field Write,context=int[]:32,3=0
Field Write,context=int[]:32,4=0
Field Write,context=int[]:32,5=0
Field Write,context=int[]:32,6=0
Field Write,context=int[]:32,7=0
Field Write,context=int[]:32,8=0
Field Write,context=int[]:32,9=0
Field Write,context=int[]:32,10=0
Field Write,context=int[]:32,11=0
Field Write,context=int[]:32,12=0
Field Write,context=int[]:32,13=0
Field Write,context=int[]:32,14=0
Field Write,context=int[][]:2,16=int[]:32
Variable Write,context=Main#main:1,g=int[][]:2
Variable Write,context=Main#main:1,r=Main$Rect:4
Field Read,context=Main$Rect:4,x1
Variable Write,context=Main#main:1,x1i=1
Field Read,context=Main$Rect:4,x2
Variable Write,context=Main#main:1,x2i=13
Field Read,context=Main$Rect:4,y1
Variable Write,context=Main#main:1,y1i=3
Field Read,context=Main$Rect:4,y2
Variable Write,context=Main#main:1,y2i=13
Variable Write,context=Main#main:1,xi=1
Variable Write,context=Main#main:1,g=int[][]:2
Variable Write,context=Main#main:1,g=int[][]:2
Variable Write,context=Main#main:1,xi=2
Variable Write,context=Main#main:1,g=int[][]:2
Variable Write,context=Main#main:1,g=int[][]:2
Variable Write,context=Main#main:1,xi=3
Variable Write,context=Main#main:1,g=int[][]:2
Variable Write,context=Main#main:1,g=int[][]:2
Variable Write,context=Main#main:1,xi=4
Variable Write,context=Main#main:1,g=int[][]:2
Variable Write,context=Main#main:1,g=int[][]:2
Variable Write,context=Main#main:1,xi=5
Variable Write,context=Main#main:1,g=int[][]:2
Variable Write,context=Main#main:1,g=int[][]:2
Variable Write,context=Main#main:1,xi=6
Variable Write,context=Main#main:1,g=int[][]:2
Variable Write,context=Main#main:1,g=int[][]:2
Variable Write,context=Main#main:1,xi=7
Variable Write,context=Main#main:1,g=int[][]:2
Variable Write,context=Main#main:1,g=int[][]:2
Variable Write,context=Main#main:1,xi=8
Variable Write,context=Main#main:1,g=int[][]:2
Variable Write,context=Main#main:1,g=int[][]:2
Variable Write,context=Main#main:1,xi=9
Variable Write,context=Main#main:1,g=int[][]:2
Variable Write,context=Main#main:1,g=int[][]:2
Variable Write,context=Main#main:1,xi=10
Variable Write,context=Main#main:1,g=int[][]:2
Variable Write,context=Main#main:1,g=int[][]:2
Variable Write,context=Main#main:1,xi=11
Variable Write,context=Main#main:1,g=int[][]:2
Variable Write,context=Main#main:1,g=int[][]:2
Variable Write,context=Main#main:1,xi=12
Variable Write,context=Main#main:1,g=int[][]:2
Variable Write,context=Main#main:1,g=int[][]:2
Variable Write,context=Main#main:1,xi=13
Variable Write,context=Main#main:1,g=int[][]:2
Variable Write,context=Main#main:1,g=int[][]:2
Variable Delete,method=Main#main:1 <name=xi,type=int (id=7),value=<?>,index=22>
Variable Write,context=Main#main:1,yi=3
Variable Write,context=Main#main:1,g=int[][]:2
Variable Write,context=Main#main:1,g=int[][]:2
Variable Write,context=Main#main:1,yi=4
Variable Write,context=Main#main:1,g=int[][]:2
Variable Write,context=Main#main:1,g=int[][]:2
Variable Write,context=Main#main:1,yi=5
Variable Write,context=Main#main:1,g=int[][]:2
Variable Write,context=Main#main:1,g=int[][]:2
Variable Write,context=Main#main:1,yi=6
Variable Write,context=Main#main:1,g=int[][]:2
Variable Write,context=Main#main:1,g=int[][]:2
Variable Write,context=Main#main:1,yi=7
Variable Write,context=Main#main:1,g=int[][]:2
Variable Write,context=Main#main:1,g=int[][]:2
Variable Write,context=Main#main:1,yi=8
Variable Write,context=Main#main:1,g=int[][]:2
Variable Write,context=Main#main:1,g=int[][]:2
Variable Write,context=Main#main:1,yi=9
Variable Write,context=Main#main:1,g=int[][]:2
Variable Write,context=Main#main:1,g=int[][]:2
Variable Write,context=Main#main:1,yi=10
Variable Write,context=Main#main:1,g=int[][]:2
Variable Write,context=Main#main:1,g=int[][]:2
Variable Write,context=Main#main:1,yi=11
Variable Write,context=Main#main:1,g=int[][]:2
Variable Write,context=Main#main:1,g=int[][]:2
Variable Write,context=Main#main:1,yi=12
Variable Write,context=Main#main:1,g=int[][]:2
Variable Write,context=Main#main:1,g=int[][]:2
Variable Write,context=Main#main:1,yi=13
Variable Write,context=Main#main:1,g=int[][]:2
Variable Write,context=Main#main:1,g=int[][]:2
Variable Write,context=Main#main:1,r=Main$Rect:5
Variable Delete,method=Main#main:1 <name=x1i,type=int (id=7),value=<?>,index=18>
Variable Delete,method=Main#main:1 <name=x2i,type=int (id=7),value=<?>,index=19>
Variable Delete,method=Main#main:1 <name=y1i,type=int (id=7),value=<?>,index=20>
Variable Delete,method=Main#main:1 <name=y2i,type=int (id=7),value=<?>,index=21>
Variable Delete,method=Main#main:1 <name=yi,type=int (id=7),value=<?>,index=23>
Field Read,context=Main$Rect:5,x1
Variable Write,context=Main#main:1,x1i=5
Field Read,context=Main$Rect:5,x2
Variable Write,context=Main#main:1,x2i=15
Field Read,context=Main$Rect:5,y1
Variable Write,context=Main#main:1,y1i=1
Field Read,context=Main$Rect:5,y2
Variable Write,context=Main#main:1,y2i=3
Variable Write,context=Main#main:1,xi=5
Variable Write,context=Main#main:1,g=int[][]:2
Variable Write,context=Main#main:1,g=int[][]:2
Variable Write,context=Main#main:1,xi=6
Variable Write,context=Main#main:1,g=int[][]:2
Variable Write,context=Main#main:1,g=int[][]:2
Variable Write,context=Main#main:1,xi=7
Variable Write,context=Main#main:1,g=int[][]:2
Variable Write,context=Main#main:1,g=int[][]:2
Variable Write,context=Main#main:1,xi=8
Variable Write,context=Main#main:1,g=int[][]:2
Variable Write,context=Main#main:1,g=int[][]:2
Variable Write,context=Main#main:1,xi=9
Variable Write,context=Main#main:1,g=int[][]:2
Variable Write,context=Main#main:1,g=int[][]:2
Variable Write,context=Main#main:1,xi=10
Variable Write,context=Main#main:1,g=int[][]:2
Variable Write,context=Main#main:1,g=int[][]:2
Variable Write,context=Main#main:1,xi=11
Variable Write,context=Main#main:1,g=int[][]:2
Variable Write,context=Main#main:1,g=int[][]:2
Variable Write,context=Main#main:1,xi=12
Variable Write,context=Main#main:1,g=int[][]:2
Variable Write,context=Main#main:1,g=int[][]:2
Variable Write,context=Main#main:1,xi=13
Variable Write,context=Main#main:1,g=int[][]:2
Variable Write,context=Main#main:1,g=int[][]:2
Variable Write,context=Main#main:1,xi=14
Variable Write,context=Main#main:1,g=int[][]:2
Variable Write,context=Main#main:1,g=int[][]:2
Variable Write,context=Main#main:1,xi=15
Variable Write,context=Main#main:1,g=int[][]:2
Variable Write,context=Main#main:1,g=int[][]:2
Variable Delete,method=Main#main:1 <name=xi,type=int (id=7),value=<?>,index=22>
Variable Write,context=Main#main:1,yi=1
Variable Write,context=Main#main:1,g=int[][]:2
Variable Write,context=Main#main:1,g=int[][]:2
Variable Write,context=Main#main:1,yi=2
Variable Write,context=Main#main:1,g=int[][]:2
Variable Write,context=Main#main:1,g=int[][]:2
Variable Write,context=Main#main:1,yi=3
Variable Write,context=Main#main:1,g=int[][]:2
Variable Write,context=Main#main:1,g=int[][]:2
Variable Write,context=Main#main:1,r=Main$Rect:6
Variable Delete,method=Main#main:1 <name=x1i,type=int (id=7),value=<?>,index=18>
Variable Delete,method=Main#main:1 <name=x2i,type=int (id=7),value=<?>,index=19>
Variable Delete,method=Main#main:1 <name=y1i,type=int (id=7),value=<?>,index=20>
Variable Delete,method=Main#main:1 <name=y2i,type=int (id=7),value=<?>,index=21>
Variable Delete,method=Main#main:1 <name=yi,type=int (id=7),value=<?>,index=23>
Field Read,context=Main$Rect:6,x1
Variable Write,context=Main#main:1,x1i=3
Field Read,context=Main$Rect:6,x2
Variable Write,context=Main#main:1,x2i=7
Field Read,context=Main$Rect:6,y1
Variable Write,context=Main#main:1,y1i=7
Field Read,context=Main$Rect:6,y2
Variable Write,context=Main#main:1,y2i=11
Variable Write,context=Main#main:1,xi=3
Variable Write,context=Main#main:1,g=int[][]:2
Variable Write,context=Main#main:1,g=int[][]:2
Variable Write,context=Main#main:1,xi=4
Variable Write,context=Main#main:1,g=int[][]:2
Variable Write,context=Main#main:1,g=int[][]:2
Variable Write,context=Main#main:1,xi=5
Variable Write,context=Main#main:1,g=int[][]:2
Variable Write,context=Main#main:1,g=int[][]:2
Variable Write,context=Main#main:1,xi=6
Variable Write,context=Main#main:1,g=int[][]:2
Variable Write,context=Main#main:1,g=int[][]:2
Variable Write,context=Main#main:1,xi=7
Variable Write,context=Main#main:1,g=int[][]:2
Variable Write,context=Main#main:1,g=int[][]:2
Variable Delete,method=Main#main:1 <name=xi,type=int (id=7),value=<?>,index=22>
Variable Write,context=Main#main:1,yi=7
Variable Write,context=Main#main:1,g=int[][]:2
Variable Write,context=Main#main:1,g=int[][]:2
Variable Write,context=Main#main:1,yi=8
Variable Write,context=Main#main:1,g=int[][]:2
Variable Write,context=Main#main:1,g=int[][]:2
Variable Write,context=Main#main:1,yi=9
Variable Write,context=Main#main:1,g=int[][]:2
Variable Write,context=Main#main:1,g=int[][]:2
Variable Write,context=Main#main:1,yi=10
Variable Write,context=Main#main:1,g=int[][]:2
Variable Write,context=Main#main:1,g=int[][]:2
Variable Write,context=Main#main:1,yi=11
Variable Write,context=Main#main:1,g=int[][]:2
Variable Write,context=Main#main:1,g=int[][]:2
Variable Write,context=Main#main:1,r=Main$Rect:7
Variable Delete,method=Main#main:1 <name=x1i,type=int (id=7),value=<?>,index=18>
Variable Delete,method=Main#main:1 <name=x2i,type=int (id=7),value=<?>,index=19>
Variable Delete,method=Main#main:1 <name=y1i,type=int (id=7),value=<?>,index=20>
Variable Delete,method=Main#main:1 <name=y2i,type=int (id=7),value=<?>,index=21>
Variable Delete,method=Main#main:1 <name=yi,type=int (id=7),value=<?>,index=23>
Field Read,context=Main$Rect:7,x1
Variable Write,context=Main#main:1,x1i=7
Field Read,context=Main$Rect:7,x2
Variable Write,context=Main#main:1,x2i=11
Field Read,context=Main$Rect:7,y1
Variable Write,context=Main#main:1,y1i=5
Field Read,context=Main$Rect:7,y2
Variable Write,context=Main#main:1,y2i=7
Variable Write,context=Main#main:1,xi=7
Variable Write,context=Main#main:1,g=int[][]:2
Variable Write,context=Main#main:1,g=int[][]:2
Variable Write,context=Main#main:1,xi=8
Variable Write,context=Main#main:1,g=int[][]:2
Variable Write,context=Main#main:1,g=int[][]:2
Variable Write,context=Main#main:1,xi=9
Variable Write,context=Main#main:1,g=int[][]:2
Variable Write,context=Main#main:1,g=int[][]:2
Variable Write,context=Main#main:1,xi=10
Variable Write,context=Main#main:1,g=int[][]:2
Variable Write,context=Main#main:1,g=int[][]:2
Variable Write,context=Main#main:1,xi=11
Variable Write,context=Main#main:1,g=int[][]:2
Variable Write,context=Main#main:1,g=int[][]:2
Variable Delete,method=Main#main:1 <name=xi,type=int (id=7),value=<?>,index=22>
Variable Write,context=Main#main:1,yi=5
Variable Write,context=Main#main:1,g=int[][]:2
Variable Write,context=Main#main:1,g=int[][]:2
Variable Write,context=Main#main:1,yi=6
Variable Write,context=Main#main:1,g=int[][]:2
Variable Write,context=Main#main:1,g=int[][]:2
Variable Write,context=Main#main:1,yi=7
Variable Write,context=Main#main:1,g=int[][]:2
Variable Write,context=Main#main:1,g=int[][]:2
Variable Write,context=Main#main:1,r=Main$Rect:8
Variable Delete,method=Main#main:1 <name=x1i,type=int (id=7),value=<?>,index=18>
Variable Delete,method=Main#main:1 <name=x2i,type=int (id=7),value=<?>,index=19>
Variable Delete,method=Main#main:1 <name=y1i,type=int (id=7),value=<?>,index=20>
Variable Delete,method=Main#main:1 <name=y2i,type=int (id=7),value=<?>,index=21>
Variable Delete,method=Main#main:1 <name=yi,type=int (id=7),value=<?>,index=23>
Field Read,context=Main$Rect:8,x1
Variable Write,context=Main#main:1,x1i=9
Field Read,context=Main$Rect:8,x2
Variable Write,context=Main#main:1,x2i=13
Field Read,context=Main$Rect:8,y1
Variable Write,context=Main#main:1,y1i=9
Field Read,context=Main$Rect:8,y2
Variable Write,context=Main#main:1,y2i=13
Variable Write,context=Main#main:1,xi=9
Variable Write,context=Main#main:1,g=int[][]:2
Variable Write,context=Main#main:1,g=int[][]:2
Variable Write,context=Main#main:1,xi=10
Variable Write,context=Main#main:1,g=int[][]:2
Variable Write,context=Main#main:1,g=int[][]:2
Variable Write,context=Main#main:1,xi=11
Variable Write,context=Main#main:1,g=int[][]:2
Variable Write,context=Main#main:1,g=int[][]:2
Variable Write,context=Main#main:1,xi=12
Variable Write,context=Main#main:1,g=int[][]:2
Variable Write,context=Main#main:1,g=int[][]:2
Variable Write,context=Main#main:1,xi=13
Variable Write,context=Main#main:1,g=int[][]:2
Variable Write,context=Main#main:1,g=int[][]:2
Variable Delete,method=Main#main:1 <name=xi,type=int (id=7),value=<?>,index=22>
Variable Write,context=Main#main:1,yi=9
Variable Write,context=Main#main:1,g=int[][]:2
Variable Write,context=Main#main:1,g=int[][]:2
Variable Write,context=Main#main:1,yi=10
Variable Write,context=Main#main:1,g=int[][]:2
Variable Write,context=Main#main:1,g=int[][]:2
Variable Write,context=Main#main:1,yi=11
Variable Write,context=Main#main:1,g=int[][]:2
Variable Write,context=Main#main:1,g=int[][]:2
Variable Write,context=Main#main:1,yi=12
Variable Write,context=Main#main:1,g=int[][]:2
Variable Write,context=Main#main:1,g=int[][]:2
Variable Write,context=Main#main:1,yi=13
Variable Write,context=Main#main:1,g=int[][]:2
Variable Write,context=Main#main:1,g=int[][]:2
Variable Delete,method=Main#main:1 <name=x1i,type=int (id=7),value=<?>,index=18>
Variable Delete,method=Main#main:1 <name=x2i,type=int (id=7),value=<?>,index=19>
Variable Delete,method=Main#main:1 <name=y1i,type=int (id=7),value=<?>,index=20>
Variable Delete,method=Main#main:1 <name=y2i,type=int (id=7),value=<?>,index=21>
Variable Delete,method=Main#main:1 <name=yi,type=int (id=7),value=<?>,index=23>
Variable Delete,method=Main#main:1 <name=r,type=Main$Rect (id=97),value=<?>,index=17>
Variable Write,context=Main#main:1,regions=0
Variable Write,context=Main#main:1,x=0
Variable Write,context=Main#main:1,y=0
Variable Write,context=Main#main:1,g=int[][]:2
New Object,object=Main$Tuple:104
Method Call,caller=Main#main:1,target=Main$Tuple:104#Main$Tuple:104
Variable Write,context=Main$Tuple:104#Main$Tuple:104,x=0
Variable Write,context=Main$Tuple:104#Main$Tuple:104,y=0
Field Write,context=Main$Tuple:104,x=0
Field Write,context=Main$Tuple:104,y=0
Method Exit,returner=Main$Tuple:104#Main$Tuple:104,value=<void>
Variable Write,context=Main#main:1,p=Main$Tuple:104
Variable Write,context=Main#main:1,regions=1
Variable Write,context=Main#main:1,q=java.util.ArrayDeque (id=535)
Variable Write,context=Main#main:1,t=Main$Tuple:104
Variable Write,context=Main#main:1,i=0
Field Read,context=Main$Tuple:104,x
Field Read,context=Main,xDelta
Variable Write,context=Main#main:1,newX=-1
Field Read,context=Main$Tuple:104,y
Field Read,context=Main,yDelta
Variable Write,context=Main#main:1,newY=0
Variable Write,context=Main#main:1,i=1
Variable Delete,method=Main#main:1 <name=newX,type=int (id=7),value=<?>,index=31>
Variable Delete,method=Main#main:1 <name=newY,type=int (id=7),value=<?>,index=32>
Field Read,context=Main$Tuple:104,x
Field Read,context=Main,xDelta
Variable Write,context=Main#main:1,newX=1
Field Read,context=Main$Tuple:104,y
Field Read,context=Main,yDelta
Variable Write,context=Main#main:1,newY=0
Variable Write,context=Main#main:1,g=int[][]:2
New Object,object=Main$Tuple:105
Method Call,caller=Main#main:1,target=Main$Tuple:105#Main$Tuple:105
Variable Write,context=Main$Tuple:105#Main$Tuple:105,x=1
Variable Write,context=Main$Tuple:105#Main$Tuple:105,y=0
Field Write,context=Main$Tuple:105,x=1
Field Write,context=Main$Tuple:105,y=0
Method Exit,returner=Main$Tuple:105#Main$Tuple:105,value=<void>
Variable Write,context=Main#main:1,i=2
Variable Delete,method=Main#main:1 <name=newX,type=int (id=7),value=<?>,index=31>
Variable Delete,method=Main#main:1 <name=newY,type=int (id=7),value=<?>,index=32>
Field Read,context=Main$Tuple:104,x
Field Read,context=Main,xDelta
Variable Write,context=Main#main:1,newX=0
Field Read,context=Main$Tuple:104,y
Field Read,context=Main,yDelta
Variable Write,context=Main#main:1,newY=-1
Variable Write,context=Main#main:1,i=3
Variable Delete,method=Main#main:1 <name=newX,type=int (id=7),value=<?>,index=31>
Variable Delete,method=Main#main:1 <name=newY,type=int (id=7),value=<?>,index=32>
Field Read,context=Main$Tuple:104,x
Field Read,context=Main,xDelta
Variable Write,context=Main#main:1,newX=0
Field Read,context=Main$Tuple:104,y
Field Read,context=Main,yDelta
Variable Write,context=Main#main:1,newY=1
Variable Write,context=Main#main:1,g=int[][]:2
New Object,object=Main$Tuple:106
Method Call,caller=Main#main:1,target=Main$Tuple:106#Main$Tuple:106
Variable Write,context=Main$Tuple:106#Main$Tuple:106,x=0
Variable Write,context=Main$Tuple:106#Main$Tuple:106,y=1
Field Write,context=Main$Tuple:106,x=0
Field Write,context=Main$Tuple:106,y=1
Method Exit,returner=Main$Tuple:106#Main$Tuple:106,value=<void>
Variable Delete,method=Main#main:1 <name=newX,type=int (id=7),value=<?>,index=31>
Variable Delete,method=Main#main:1 <name=newY,type=int (id=7),value=<?>,index=32>
Variable Delete,method=Main#main:1 <name=t,type=Main$Tuple (id=90),value=<?>,index=29>
Variable Delete,method=Main#main:1 <name=i,type=int (id=7),value=<?>,index=30>
Variable Write,context=Main#main:1,t=Main$Tuple:105
Variable Write,context=Main#main:1,i=0
Field Read,context=Main$Tuple:105,x
Field Read,context=Main,xDelta
Variable Write,context=Main#main:1,newX=0
Field Read,context=Main$Tuple:105,y
Field Read,context=Main,yDelta
Variable Write,context=Main#main:1,newY=0
Variable Write,context=Main#main:1,i=1
Variable Delete,method=Main#main:1 <name=newX,type=int (id=7),value=<?>,index=31>
Variable Delete,method=Main#main:1 <name=newY,type=int (id=7),value=<?>,index=32>
Field Read,context=Main$Tuple:105,x
Field Read,context=Main,xDelta
Variable Write,context=Main#main:1,newX=2
Field Read,context=Main$Tuple:105,y
Field Read,context=Main,yDelta
Variable Write,context=Main#main:1,newY=0
Variable Write,context=Main#main:1,g=int[][]:2
New Object,object=Main$Tuple:107
Method Call,caller=Main#main:1,target=Main$Tuple:107#Main$Tuple:107
Variable Write,context=Main$Tuple:107#Main$Tuple:107,x=2
Variable Write,context=Main$Tuple:107#Main$Tuple:107,y=0
Field Write,context=Main$Tuple:107,x=2
Field Write,context=Main$Tuple:107,y=0
Method Exit,returner=Main$Tuple:107#Main$Tuple:107,value=<void>
Variable Write,context=Main#main:1,i=2
Variable Delete,method=Main#main:1 <name=newX,type=int (id=7),value=<?>,index=31>
Variable Delete,method=Main#main:1 <name=newY,type=int (id=7),value=<?>,index=32>
Field Read,context=Main$Tuple:105,x
Field Read,context=Main,xDelta
Variable Write,context=Main#main:1,newX=1
Field Read,context=Main$Tuple:105,y
Field Read,context=Main,yDelta
Variable Write,context=Main#main:1,newY=-1
Variable Write,context=Main#main:1,i=3
Variable Delete,method=Main#main:1 <name=newX,type=int (id=7),value=<?>,index=31>
Variable Delete,method=Main#main:1 <name=newY,type=int (id=7),value=<?>,index=32>
Field Read,context=Main$Tuple:105,x
Field Read,context=Main,xDelta
Variable Write,context=Main#main:1,newX=1
Field Read,context=Main$Tuple:105,y
Field Read,context=Main,yDelta
Variable Write,context=Main#main:1,newY=1
Variable Write,context=Main#main:1,g=int[][]:2
New Object,object=Main$Tuple:108
Method Call,caller=Main#main:1,target=Main$Tuple:108#Main$Tuple:108
Variable Write,context=Main$Tuple:108#Main$Tuple:108,x=1
Variable Write,context=Main$Tuple:108#Main$Tuple:108,y=1
Field Write,context=Main$Tuple:108,x=1
Field Write,context=Main$Tuple:108,y=1
Method Exit,returner=Main$Tuple:108#Main$Tuple:108,value=<void>
Variable Delete,method=Main#main:1 <name=newX,type=int (id=7),value=<?>,index=31>
Variable Delete,method=Main#main:1 <name=newY,type=int (id=7),value=<?>,index=32>
Variable Delete,method=Main#main:1 <name=t,type=Main$Tuple (id=90),value=<?>,index=29>
Variable Delete,method=Main#main:1 <name=i,type=int (id=7),value=<?>,index=30>
Variable Write,context=Main#main:1,t=Main$Tuple:106
Variable Write,context=Main#main:1,i=0
Field Read,context=Main$Tuple:106,x
Field Read,context=Main,xDelta
Variable Write,context=Main#main:1,newX=-1
Field Read,context=Main$Tuple:106,y
Field Read,context=Main,yDelta
Variable Write,context=Main#main:1,newY=1
Variable Write,context=Main#main:1,i=1
Variable Delete,method=Main#main:1 <name=newX,type=int (id=7),value=<?>,index=31>
Variable Delete,method=Main#main:1 <name=newY,type=int (id=7),value=<?>,index=32>
Field Read,context=Main$Tuple:106,x
Field Read,context=Main,xDelta
Variable Write,context=Main#main:1,newX=1
Field Read,context=Main$Tuple:106,y
Field Read,context=Main,yDelta
Variable Write,context=Main#main:1,newY=1
Variable Write,context=Main#main:1,i=2
Variable Delete,method=Main#main:1 <name=newX,type=int (id=7),value=<?>,index=31>
Variable Delete,method=Main#main:1 <name=newY,type=int (id=7),value=<?>,index=32>
Field Read,context=Main$Tuple:106,x
Field Read,context=Main,xDelta
Variable Write,context=Main#main:1,newX=0
Field Read,context=Main$Tuple:106,y
Field Read,context=Main,yDelta
Variable Write,context=Main#main:1,newY=0
Variable Write,context=Main#main:1,i=3
Variable Delete,method=Main#main:1 <name=newX,type=int (id=7),value=<?>,index=31>
Variable Delete,method=Main#main:1 <name=newY,type=int (id=7),value=<?>,index=32>
Field Read,context=Main$Tuple:106,x
Field Read,context=Main,xDelta
Variable Write,context=Main#main:1,newX=0
Field Read,context=Main$Tuple:106,y
Field Read,context=Main,yDelta
Variable Write,context=Main#main:1,newY=2
Variable Write,context=Main#main:1,g=int[][]:2
New Object,object=Main$Tuple:109
Method Call,caller=Main#main:1,target=Main$Tuple:109#Main$Tuple:109
Variable Write,context=Main$Tuple:109#Main$Tuple:109,x=0
Variable Write,context=Main$Tuple:109#Main$Tuple:109,y=2
Field Write,context=Main$Tuple:109,x=0
Field Write,context=Main$Tuple:109,y=2
Method Exit,returner=Main$Tuple:109#Main$Tuple:109,value=<void>
Variable Delete,method=Main#main:1 <name=newX,type=int (id=7),value=<?>,index=31>
Variable Delete,method=Main#main:1 <name=newY,type=int (id=7),value=<?>,index=32>
Variable Delete,method=Main#main:1 <name=t,type=Main$Tuple (id=90),value=<?>,index=29>
Variable Delete,method=Main#main:1 <name=i,type=int (id=7),value=<?>,index=30>
Variable Write,context=Main#main:1,t=Main$Tuple:107
Variable Write,context=Main#main:1,i=0
Field Read,context=Main$Tuple:107,x
Field Read,context=Main,xDelta
Variable Write,context=Main#main:1,newX=1
Field Read,context=Main$Tuple:107,y
Field Read,context=Main,yDelta
Variable Write,context=Main#main:1,newY=0
Variable Write,context=Main#main:1,i=1
Variable Delete,method=Main#main:1 <name=newX,type=int (id=7),value=<?>,index=31>
Variable Delete,method=Main#main:1 <name=newY,type=int (id=7),value=<?>,index=32>
Field Read,context=Main$Tuple:107,x
Field Read,context=Main,xDelta
Variable Write,context=Main#main:1,newX=3
Field Read,context=Main$Tuple:107,y
Field Read,context=Main,yDelta
Variable Write,context=Main#main:1,newY=0
Variable Write,context=Main#main:1,g=int[][]:2
New Object,object=Main$Tuple:110
Method Call,caller=Main#main:1,target=Main$Tuple:110#Main$Tuple:110
Variable Write,context=Main$Tuple:110#Main$Tuple:110,x=3
Variable Write,context=Main$Tuple:110#Main$Tuple:110,y=0
Field Write,context=Main$Tuple:110,x=3
Field Write,context=Main$Tuple:110,y=0
Method Exit,returner=Main$Tuple:110#Main$Tuple:110,value=<void>
Variable Write,context=Main#main:1,i=2
Variable Delete,method=Main#main:1 <name=newX,type=int (id=7),value=<?>,index=31>
Variable Delete,method=Main#main:1 <name=newY,type=int (id=7),value=<?>,index=32>
Field Read,context=Main$Tuple:107,x
Field Read,context=Main,xDelta
Variable Write,context=Main#main:1,newX=2
Field Read,context=Main$Tuple:107,y
Field Read,context=Main,yDelta
Variable Write,context=Main#main:1,newY=-1
Variable Write,context=Main#main:1,i=3
Variable Delete,method=Main#main:1 <name=newX,type=int (id=7),value=<?>,index=31>
Variable Delete,method=Main#main:1 <name=newY,type=int (id=7),value=<?>,index=32>
Field Read,context=Main$Tuple:107,x
Field Read,context=Main,xDelta
Variable Write,context=Main#main:1,newX=2
Field Read,context=Main$Tuple:107,y
Field Read,context=Main,yDelta
Variable Write,context=Main#main:1,newY=1
Variable Write,context=Main#main:1,g=int[][]:2
New Object,object=Main$Tuple:111
Method Call,caller=Main#main:1,target=Main$Tuple:111#Main$Tuple:111
Variable Write,context=Main$Tuple:111#Main$Tuple:111,x=2
Variable Write,context=Main$Tuple:111#Main$Tuple:111,y=1
Field Write,context=Main$Tuple:111,x=2
Field Write,context=Main$Tuple:111,y=1
Method Exit,returner=Main$Tuple:111#Main$Tuple:111,value=<void>
Variable Delete,method=Main#main:1 <name=newX,type=int (id=7),value=<?>,index=31>
Variable Delete,method=Main#main:1 <name=newY,type=int (id=7),value=<?>,index=32>
Variable Delete,method=Main#main:1 <name=t,type=Main$Tuple (id=90),value=<?>,index=29>
Variable Delete,method=Main#main:1 <name=i,type=int (id=7),value=<?>,index=30>
Variable Write,context=Main#main:1,t=Main$Tuple:108
Variable Write,context=Main#main:1,i=0
Field Read,context=Main$Tuple:108,x
Field Read,context=Main,xDelta
Variable Write,context=Main#main:1,newX=0
Field Read,context=Main$Tuple:108,y
Field Read,context=Main,yDelta
Variable Write,context=Main#main:1,newY=1
Variable Write,context=Main#main:1,i=1
Variable Delete,method=Main#main:1 <name=newX,type=int (id=7),value=<?>,index=31>
Variable Delete,method=Main#main:1 <name=newY,type=int (id=7),value=<?>,index=32>
Field Read,context=Main$Tuple:108,x
Field Read,context=Main,xDelta
Variable Write,context=Main#main:1,newX=2
Field Read,context=Main$Tuple:108,y
Field Read,context=Main,yDelta
Variable Write,context=Main#main:1,newY=1
Variable Write,context=Main#main:1,i=2
Variable Delete,method=Main#main:1 <name=newX,type=int (id=7),value=<?>,index=31>
Variable Delete,method=Main#main:1 <name=newY,type=int (id=7),value=<?>,index=32>
Field Read,context=Main$Tuple:108,x
Field Read,context=Main,xDelta
Variable Write,context=Main#main:1,newX=1
Field Read,context=Main$Tuple:108,y
Field Read,context=Main,yDelta
Variable Write,context=Main#main:1,newY=0
Variable Write,context=Main#main:1,i=3
Variable Delete,method=Main#main:1 <name=newX,type=int (id=7),value=<?>,index=31>
Variable Delete,method=Main#main:1 <name=newY,type=int (id=7),value=<?>,index=32>
Field Read,context=Main$Tuple:108,x
Field Read,context=Main,xDelta
Variable Write,context=Main#main:1,newX=1
Field Read,context=Main$Tuple:108,y
Field Read,context=Main,yDelta
Variable Write,context=Main#main:1,newY=2
Variable Write,context=Main#main:1,g=int[][]:2
New Object,object=Main$Tuple:112
Method Call,caller=Main#main:1,target=Main$Tuple:112#Main$Tuple:112
Variable Write,context=Main$Tuple:112#Main$Tuple:112,x=1
Variable Write,context=Main$Tuple:112#Main$Tuple:112,y=2
Field Write,context=Main$Tuple:112,x=1
Field Write,context=Main$Tuple:112,y=2
Method Exit,returner=Main$Tuple:112#Main$Tuple:112,value=<void>
Variable Delete,method=Main#main:1 <name=newX,type=int (id=7),value=<?>,index=31>
Variable Delete,method=Main#main:1 <name=newY,type=int (id=7),value=<?>,index=32>
Variable Delete,method=Main#main:1 <name=t,type=Main$Tuple (id=90),value=<?>,index=29>
Variable Delete,method=Main#main:1 <name=i,type=int (id=7),value=<?>,index=30>
Variable Write,context=Main#main:1,t=Main$Tuple:109
Variable Write,context=Main#main:1,i=0
Field Read,context=Main$Tuple:109,x
Field Read,context=Main,xDelta
Variable Write,context=Main#main:1,newX=-1
Field Read,context=Main$Tuple:109,y
Field Read,context=Main,yDelta
Variable Write,context=Main#main:1,newY=2
Variable Write,context=Main#main:1,i=1
Variable Delete,method=Main#main:1 <name=newX,type=int (id=7),value=<?>,index=31>
Variable Delete,method=Main#main:1 <name=newY,type=int (id=7),value=<?>,index=32>
Field Read,context=Main$Tuple:109,x
Field Read,context=Main,xDelta
Variable Write,context=Main#main:1,newX=1
Field Read,context=Main$Tuple:109,y
Field Read,context=Main,yDelta
Variable Write,context=Main#main:1,newY=2
Variable Write,context=Main#main:1,i=2
Variable Delete,method=Main#main:1 <name=newX,type=int (id=7),value=<?>,index=31>
Variable Delete,method=Main#main:1 <name=newY,type=int (id=7),value=<?>,index=32>
Field Read,context=Main$Tuple:109,x
Field Read,context=Main,xDelta
Variable Write,context=Main#main:1,newX=0
Field Read,context=Main$Tuple:109,y
Field Read,context=Main,yDelta
Variable Write,context=Main#main:1,newY=1
Variable Write,context=Main#main:1,i=3
Variable Delete,method=Main#main:1 <name=newX,type=int (id=7),value=<?>,index=31>
Variable Delete,method=Main#main:1 <name=newY,type=int (id=7),value=<?>,index=32>
Field Read,context=Main$Tuple:109,x
Field Read,context=Main,xDelta
Variable Write,context=Main#main:1,newX=0
Field Read,context=Main$Tuple:109,y
Field Read,context=Main,yDelta
Variable Write,context=Main#main:1,newY=3
Variable Write,context=Main#main:1,g=int[][]:2
New Object,object=Main$Tuple:113
Method Call,caller=Main#main:1,target=Main$Tuple:113#Main$Tuple:113
Variable Write,context=Main$Tuple:113#Main$Tuple:113,x=0
Variable Write,context=Main$Tuple:113#Main$Tuple:113,y=3
Field Write,context=Main$Tuple:113,x=0
Field Write,context=Main$Tuple:113,y=3
Method Exit,returner=Main$Tuple:113#Main$Tuple:113,value=<void>
Variable Delete,method=Main#main:1 <name=newX,type=int (id=7),value=<?>,index=31>
Variable Delete,method=Main#main:1 <name=newY,type=int (id=7),value=<?>,index=32>
Variable Delete,method=Main#main:1 <name=t,type=Main$Tuple (id=90),value=<?>,index=29>
Variable Delete,method=Main#main:1 <name=i,type=int (id=7),value=<?>,index=30>
Variable Write,context=Main#main:1,t=Main$Tuple:110
Variable Write,context=Main#main:1,i=0
Field Read,context=Main$Tuple:110,x
Field Read,context=Main,xDelta
Variable Write,context=Main#main:1,newX=2
Field Read,context=Main$Tuple:110,y
Field Read,context=Main,yDelta
Variable Write,context=Main#main:1,newY=0
Variable Write,context=Main#main:1,i=1
Variable Delete,method=Main#main:1 <name=newX,type=int (id=7),value=<?>,index=31>
Variable Delete,method=Main#main:1 <name=newY,type=int (id=7),value=<?>,index=32>
Field Read,context=Main$Tuple:110,x
Field Read,context=Main,xDelta
Variable Write,context=Main#main:1,newX=4
Field Read,context=Main$Tuple:110,y
Field Read,context=Main,yDelta
Variable Write,context=Main#main:1,newY=0
Variable Write,context=Main#main:1,g=int[][]:2
New Object,object=Main$Tuple:114
Method Call,caller=Main#main:1,target=Main$Tuple:114#Main$Tuple:114
Variable Write,context=Main$Tuple:114#Main$Tuple:114,x=4
Variable Write,context=Main$Tuple:114#Main$Tuple:114,y=0
Field Write,context=Main$Tuple:114,x=4
Field Write,context=Main$Tuple:114,y=0
Method Exit,returner=Main$Tuple:114#Main$Tuple:114,value=<void>
Variable Write,context=Main#main:1,i=2
Variable Delete,method=Main#main:1 <name=newX,type=int (id=7),value=<?>,index=31>
Variable Delete,method=Main#main:1 <name=newY,type=int (id=7),value=<?>,index=32>
Field Read,context=Main$Tuple:110,x
Field Read,context=Main,xDelta
Variable Write,context=Main#main:1,newX=3
Field Read,context=Main$Tuple:110,y
Field Read,context=Main,yDelta
Variable Write,context=Main#main:1,newY=-1
Variable Write,context=Main#main:1,i=3
Variable Delete,method=Main#main:1 <name=newX,type=int (id=7),value=<?>,index=31>
Variable Delete,method=Main#main:1 <name=newY,type=int (id=7),value=<?>,index=32>
Field Read,context=Main$Tuple:110,x
Field Read,context=Main,xDelta
Variable Write,context=Main#main:1,newX=3
Field Read,context=Main$Tuple:110,y
Field Read,context=Main,yDelta
Variable Write,context=Main#main:1,newY=1
Variable Write,context=Main#main:1,g=int[][]:2
New Object,object=Main$Tuple:115
Method Call,caller=Main#main:1,target=Main$Tuple:115#Main$Tuple:115
Variable Write,context=Main$Tuple:115#Main$Tuple:115,x=3
Variable Write,context=Main$Tuple:115#Main$Tuple:115,y=1
Field Write,context=Main$Tuple:115,x=3
Field Write,context=Main$Tuple:115,y=1
Method Exit,returner=Main$Tuple:115#Main$Tuple:115,value=<void>
Variable Delete,method=Main#main:1 <name=newX,type=int (id=7),value=<?>,index=31>
Variable Delete,method=Main#main:1 <name=newY,type=int (id=7),value=<?>,index=32>
Variable Delete,method=Main#main:1 <name=t,type=Main$Tuple (id=90),value=<?>,index=29>
Variable Delete,method=Main#main:1 <name=i,type=int (id=7),value=<?>,index=30>
Variable Write,context=Main#main:1,t=Main$Tuple:111
Variable Write,context=Main#main:1,i=0
Field Read,context=Main$Tuple:111,x
Field Read,context=Main,xDelta
Variable Write,context=Main#main:1,newX=1
Field Read,context=Main$Tuple:111,y
Field Read,context=Main,yDelta
Variable Write,context=Main#main:1,newY=1
Variable Write,context=Main#main:1,i=1
Variable Delete,method=Main#main:1 <name=newX,type=int (id=7),value=<?>,index=31>
Variable Delete,method=Main#main:1 <name=newY,type=int (id=7),value=<?>,index=32>
Field Read,context=Main$Tuple:111,x
Field Read,context=Main,xDelta
Variable Write,context=Main#main:1,newX=3
Field Read,context=Main$Tuple:111,y
Field Read,context=Main,yDelta
Variable Write,context=Main#main:1,newY=1
Variable Write,context=Main#main:1,i=2
Variable Delete,method=Main#main:1 <name=newX,type=int (id=7),value=<?>,index=31>
Variable Delete,method=Main#main:1 <name=newY,type=int (id=7),value=<?>,index=32>
Field Read,context=Main$Tuple:111,x
Field Read,context=Main,xDelta
Variable Write,context=Main#main:1,newX=2
Field Read,context=Main$Tuple:111,y
Field Read,context=Main,yDelta
Variable Write,context=Main#main:1,newY=0
Variable Write,context=Main#main:1,i=3
Variable Delete,method=Main#main:1 <name=newX,type=int (id=7),value=<?>,index=31>
Variable Delete,method=Main#main:1 <name=newY,type=int (id=7),value=<?>,index=32>
Field Read,context=Main$Tuple:111,x
Field Read,context=Main,xDelta
Variable Write,context=Main#main:1,newX=2
Field Read,context=Main$Tuple:111,y
Field Read,context=Main,yDelta
Variable Write,context=Main#main:1,newY=2
Variable Write,context=Main#main:1,g=int[][]:2
New Object,object=Main$Tuple:116
Method Call,caller=Main#main:1,target=Main$Tuple:116#Main$Tuple:116
Variable Write,context=Main$Tuple:116#Main$Tuple:116,x=2
Variable Write,context=Main$Tuple:116#Main$Tuple:116,y=2
Field Write,context=Main$Tuple:116,x=2
Field Write,context=Main$Tuple:116,y=2
Method Exit,returner=Main$Tuple:116#Main$Tuple:116,value=<void>
Variable Delete,method=Main#main:1 <name=newX,type=int (id=7),value=<?>,index=31>
Variable Delete,method=Main#main:1 <name=newY,type=int (id=7),value=<?>,index=32>
Variable Delete,method=Main#main:1 <name=t,type=Main$Tuple (id=90),value=<?>,index=29>
Variable Delete,method=Main#main:1 <name=i,type=int (id=7),value=<?>,index=30>
Variable Write,context=Main#main:1,t=Main$Tuple:112
Variable Write,context=Main#main:1,i=0
Field Read,context=Main$Tuple:112,x
Field Read,context=Main,xDelta
Variable Write,context=Main#main:1,newX=0
Field Read,context=Main$Tuple:112,y
Field Read,context=Main,yDelta
Variable Write,context=Main#main:1,newY=2
Variable Write,context=Main#main:1,i=1
Variable Delete,method=Main#main:1 <name=newX,type=int (id=7),value=<?>,index=31>
Variable Delete,method=Main#main:1 <name=newY,type=int (id=7),value=<?>,index=32>
Field Read,context=Main$Tuple:112,x
Field Read,context=Main,xDelta
Variable Write,context=Main#main:1,newX=2
Field Read,context=Main$Tuple:112,y
Field Read,context=Main,yDelta
Variable Write,context=Main#main:1,newY=2
Variable Write,context=Main#main:1,i=2
Variable Delete,method=Main#main:1 <name=newX,type=int (id=7),value=<?>,index=31>
Variable Delete,method=Main#main:1 <name=newY,type=int (id=7),value=<?>,index=32>
Field Read,context=Main$Tuple:112,x
Field Read,context=Main,xDelta
Variable Write,context=Main#main:1,newX=1
Field Read,context=Main$Tuple:112,y
Field Read,context=Main,yDelta
Variable Write,context=Main#main:1,newY=1
Variable Write,context=Main#main:1,i=3
Variable Delete,method=Main#main:1 <name=newX,type=int (id=7),value=<?>,index=31>
Variable Delete,method=Main#main:1 <name=newY,type=int (id=7),value=<?>,index=32>
Field Read,context=Main$Tuple:112,x
Field Read,context=Main,xDelta
Variable Write,context=Main#main:1,newX=1
Field Read,context=Main$Tuple:112,y
Field Read,context=Main,yDelta
Variable Write,context=Main#main:1,newY=3
Variable Delete,method=Main#main:1 <name=newX,type=int (id=7),value=<?>,index=31>
Variable Delete,method=Main#main:1 <name=newY,type=int (id=7),value=<?>,index=32>
Variable Delete,method=Main#main:1 <name=t,type=Main$Tuple (id=90),value=<?>,index=29>
Variable Delete,method=Main#main:1 <name=i,type=int (id=7),value=<?>,index=30>
Variable Write,context=Main#main:1,t=Main$Tuple:113
Variable Write,context=Main#main:1,i=0
Field Read,context=Main$Tuple:113,x
Field Read,context=Main,xDelta
Variable Write,context=Main#main:1,newX=-1
Field Read,context=Main$Tuple:113,y
Field Read,context=Main,yDelta
Variable Write,context=Main#main:1,newY=3
Variable Write,context=Main#main:1,i=1
Variable Delete,method=Main#main:1 <name=newX,type=int (id=7),value=<?>,index=31>
Variable Delete,method=Main#main:1 <name=newY,type=int (id=7),value=<?>,index=32>
Field Read,context=Main$Tuple:113,x
Field Read,context=Main,xDelta
Variable Write,context=Main#main:1,newX=1
Field Read,context=Main$Tuple:113,y
Field Read,context=Main,yDelta
Variable Write,context=Main#main:1,newY=3
Variable Write,context=Main#main:1,i=2
Variable Delete,method=Main#main:1 <name=newX,type=int (id=7),value=<?>,index=31>
Variable Delete,method=Main#main:1 <name=newY,type=int (id=7),value=<?>,index=32>
Field Read,context=Main$Tuple:113,x
Field Read,context=Main,xDelta
Variable Write,context=Main#main:1,newX=0
Field Read,context=Main$Tuple:113,y
Field Read,context=Main,yDelta
Variable Write,context=Main#main:1,newY=2
Variable Write,context=Main#main:1,i=3
Variable Delete,method=Main#main:1 <name=newX,type=int (id=7),value=<?>,index=31>
Variable Delete,method=Main#main:1 <name=newY,type=int (id=7),value=<?>,index=32>
Field Read,context=Main$Tuple:113,x
Field Read,context=Main,xDelta
Variable Write,context=Main#main:1,newX=0
Field Read,context=Main$Tuple:113,y
Field Read,context=Main,yDelta
Variable Write,context=Main#main:1,newY=4
Variable Write,context=Main#main:1,g=int[][]:2
New Object,object=Main$Tuple:117
Method Call,caller=Main#main:1,target=Main$Tuple:117#Main$Tuple:117
Variable Write,context=Main$Tuple:117#Main$Tuple:117,x=0
Variable Write,context=Main$Tuple:117#Main$Tuple:117,y=4
Field Write,context=Main$Tuple:117,x=0
Field Write,context=Main$Tuple:117,y=4
Method Exit,returner=Main$Tuple:117#Main$Tuple:117,value=<void>
Variable Delete,method=Main#main:1 <name=newX,type=int (id=7),value=<?>,index=31>
Variable Delete,method=Main#main:1 <name=newY,type=int (id=7),value=<?>,index=32>
Variable Delete,method=Main#main:1 <name=t,type=Main$Tuple (id=90),value=<?>,index=29>
Variable Delete,method=Main#main:1 <name=i,type=int (id=7),value=<?>,index=30>
Variable Write,context=Main#main:1,t=Main$Tuple:114
Variable Write,context=Main#main:1,i=0
Field Read,context=Main$Tuple:114,x
Field Read,context=Main,xDelta
Variable Write,context=Main#main:1,newX=3
Field Read,context=Main$Tuple:114,y
Field Read,context=Main,yDelta
Variable Write,context=Main#main:1,newY=0
Variable Write,context=Main#main:1,i=1
Variable Delete,method=Main#main:1 <name=newX,type=int (id=7),value=<?>,index=31>
Variable Delete,method=Main#main:1 <name=newY,type=int (id=7),value=<?>,index=32>
Field Read,context=Main$Tuple:114,x
Field Read,context=Main,xDelta
Variable Write,context=Main#main:1,newX=5
Field Read,context=Main$Tuple:114,y
Field Read,context=Main,yDelta
Variable Write,context=Main#main:1,newY=0
Variable Write,context=Main#main:1,g=int[][]:2
New Object,object=Main$Tuple:118
Method Call,caller=Main#main:1,target=Main$Tuple:118#Main$Tuple:118
Variable Write,context=Main$Tuple:118#Main$Tuple:118,x=5
Variable Write,context=Main$Tuple:118#Main$Tuple:118,y=0
Field Write,context=Main$Tuple:118,x=5
Field Write,context=Main$Tuple:118,y=0
Method Exit,returner=Main$Tuple:118#Main$Tuple:118,value=<void>
Variable Write,context=Main#main:1,i=2
Variable Delete,method=Main#main:1 <name=newX,type=int (id=7),value=<?>,index=31>
Variable Delete,method=Main#main:1 <name=newY,type=int (id=7),value=<?>,index=32>
Field Read,context=Main$Tuple:114,x
Field Read,context=Main,xDelta
Variable Write,context=Main#main:1,newX=4
Field Read,context=Main$Tuple:114,y
Field Read,context=Main,yDelta
Variable Write,context=Main#main:1,newY=-1
Variable Write,context=Main#main:1,i=3
Variable Delete,method=Main#main:1 <name=newX,type=int (id=7),value=<?>,index=31>
Variable Delete,method=Main#main:1 <name=newY,type=int (id=7),value=<?>,index=32>
Field Read,context=Main$Tuple:114,x
Field Read,context=Main,xDelta
Variable Write,context=Main#main:1,newX=4
Field Read,context=Main$Tuple:114,y
Field Read,context=Main,yDelta
Variable Write,context=Main#main:1,newY=1
Variable Write,context=Main#main:1,g=int[][]:2
New Object,object=Main$Tuple:119
Method Call,caller=Main#main:1,target=Main$Tuple:119#Main$Tuple:119
Variable Write,context=Main$Tuple:119#Main$Tuple:119,x=4
Variable Write,context=Main$Tuple:119#Main$Tuple:119,y=1
Field Write,context=Main$Tuple:119,x=4
Field Write,context=Main$Tuple:119,y=1
Method Exit,returner=Main$Tuple:119#Main$Tuple:119,value=<void>
Variable Delete,method=Main#main:1 <name=newX,type=int (id=7),value=<?>,index=31>
Variable Delete,method=Main#main:1 <name=newY,type=int (id=7),value=<?>,index=32>
Variable Delete,method=Main#main:1 <name=t,type=Main$Tuple (id=90),value=<?>,index=29>
Variable Delete,method=Main#main:1 <name=i,type=int (id=7),value=<?>,index=30>
Variable Write,context=Main#main:1,t=Main$Tuple:115
Variable Write,context=Main#main:1,i=0
Field Read,context=Main$Tuple:115,x
Field Read,context=Main,xDelta
Variable Write,context=Main#main:1,newX=2
Field Read,context=Main$Tuple:115,y
Field Read,context=Main,yDelta
Variable Write,context=Main#main:1,newY=1
Variable Write,context=Main#main:1,i=1
Variable Delete,method=Main#main:1 <name=newX,type=int (id=7),value=<?>,index=31>
Variable Delete,method=Main#main:1 <name=newY,type=int (id=7),value=<?>,index=32>
Field Read,context=Main$Tuple:115,x
Field Read,context=Main,xDelta
Variable Write,context=Main#main:1,newX=4
Field Read,context=Main$Tuple:115,y
Field Read,context=Main,yDelta
Variable Write,context=Main#main:1,newY=1
Variable Write,context=Main#main:1,i=2
Variable Delete,method=Main#main:1 <name=newX,type=int (id=7),value=<?>,index=31>
Variable Delete,method=Main#main:1 <name=newY,type=int (id=7),value=<?>,index=32>
Field Read,context=Main$Tuple:115,x
Field Read,context=Main,xDelta
Variable Write,context=Main#main:1,newX=3
Field Read,context=Main$Tuple:115,y
Field Read,context=Main,yDelta
Variable Write,context=Main#main:1,newY=0
Variable Write,context=Main#main:1,i=3
Variable Delete,method=Main#main:1 <name=newX,type=int (id=7),value=<?>,index=31>
Variable Delete,method=Main#main:1 <name=newY,type=int (id=7),value=<?>,index=32>
Field Read,context=Main$Tuple:115,x
Field Read,context=Main,xDelta
Variable Write,context=Main#main:1,newX=3
Field Read,context=Main$Tuple:115,y
Field Read,context=Main,yDelta
Variable Write,context=Main#main:1,newY=2
Variable Write,context=Main#main:1,g=int[][]:2
New Object,object=Main$Tuple:120
Method Call,caller=Main#main:1,target=Main$Tuple:120#Main$Tuple:120
Variable Write,context=Main$Tuple:120#Main$Tuple:120,x=3
Variable Write,context=Main$Tuple:120#Main$Tuple:120,y=2
Field Write,context=Main$Tuple:120,x=3
Field Write,context=Main$Tuple:120,y=2
Method Exit,returner=Main$Tuple:120#Main$Tuple:120,value=<void>
Variable Delete,method=Main#main:1 <name=newX,type=int (id=7),value=<?>,index=31>
Variable Delete,method=Main#main:1 <name=newY,type=int (id=7),value=<?>,index=32>
Variable Delete,method=Main#main:1 <name=t,type=Main$Tuple (id=90),value=<?>,index=29>
Variable Delete,method=Main#main:1 <name=i,type=int (id=7),value=<?>,index=30>
Variable Write,context=Main#main:1,t=Main$Tuple:116
Variable Write,context=Main#main:1,i=0
Field Read,context=Main$Tuple:116,x
Field Read,context=Main,xDelta
Variable Write,context=Main#main:1,newX=1
Field Read,context=Main$Tuple:116,y
Field Read,context=Main,yDelta
Variable Write,context=Main#main:1,newY=2
Variable Write,context=Main#main:1,i=1
Variable Delete,method=Main#main:1 <name=newX,type=int (id=7),value=<?>,index=31>
Variable Delete,method=Main#main:1 <name=newY,type=int (id=7),value=<?>,index=32>
Field Read,context=Main$Tuple:116,x
Field Read,context=Main,xDelta
Variable Write,context=Main#main:1,newX=3
Field Read,context=Main$Tuple:116,y
Field Read,context=Main,yDelta
Variable Write,context=Main#main:1,newY=2
Variable Write,context=Main#main:1,i=2
Variable Delete,method=Main#main:1 <name=newX,type=int (id=7),value=<?>,index=31>
Variable Delete,method=Main#main:1 <name=newY,type=int (id=7),value=<?>,index=32>
Field Read,context=Main$Tuple:116,x
Field Read,context=Main,xDelta
Variable Write,context=Main#main:1,newX=2
Field Read,context=Main$Tuple:116,y
Field Read,context=Main,yDelta
Variable Write,context=Main#main:1,newY=1
Variable Write,context=Main#main:1,i=3
Variable Delete,method=Main#main:1 <name=newX,type=int (id=7),value=<?>,index=31>
Variable Delete,method=Main#main:1 <name=newY,type=int (id=7),value=<?>,index=32>
Field Read,context=Main$Tuple:116,x
Field Read,context=Main,xDelta
Variable Write,context=Main#main:1,newX=2
Field Read,context=Main$Tuple:116,y
Field Read,context=Main,yDelta
Variable Write,context=Main#main:1,newY=3
Variable Delete,method=Main#main:1 <name=newX,type=int (id=7),value=<?>,index=31>
Variable Delete,method=Main#main:1 <name=newY,type=int (id=7),value=<?>,index=32>
Variable Delete,method=Main#main:1 <name=t,type=Main$Tuple (id=90),value=<?>,index=29>
Variable Delete,method=Main#main:1 <name=i,type=int (id=7),value=<?>,index=30>
Variable Write,context=Main#main:1,t=Main$Tuple:117
Variable Write,context=Main#main:1,i=0
Field Read,context=Main$Tuple:117,x
Field Read,context=Main,xDelta
Variable Write,context=Main#main:1,newX=-1
Field Read,context=Main$Tuple:117,y
Field Read,context=Main,yDelta
Variable Write,context=Main#main:1,newY=4
Variable Write,context=Main#main:1,i=1
Variable Delete,method=Main#main:1 <name=newX,type=int (id=7),value=<?>,index=31>
Variable Delete,method=Main#main:1 <name=newY,type=int (id=7),value=<?>,index=32>
Field Read,context=Main$Tuple:117,x
Field Read,context=Main,xDelta
Variable Write,context=Main#main:1,newX=1
Field Read,context=Main$Tuple:117,y
Field Read,context=Main,yDelta
Variable Write,context=Main#main:1,newY=4
Variable Write,context=Main#main:1,i=2
Variable Delete,method=Main#main:1 <name=newX,type=int (id=7),value=<?>,index=31>
Variable Delete,method=Main#main:1 <name=newY,type=int (id=7),value=<?>,index=32>
Field Read,context=Main$Tuple:117,x
Field Read,context=Main,xDelta
Variable Write,context=Main#main:1,newX=0
Field Read,context=Main$Tuple:117,y
Field Read,context=Main,yDelta
Variable Write,context=Main#main:1,newY=3
Variable Write,context=Main#main:1,i=3
Variable Delete,method=Main#main:1 <name=newX,type=int (id=7),value=<?>,index=31>
Variable Delete,method=Main#main:1 <name=newY,type=int (id=7),value=<?>,index=32>
Field Read,context=Main$Tuple:117,x
Field Read,context=Main,xDelta
Variable Write,context=Main#main:1,newX=0
Field Read,context=Main$Tuple:117,y
Field Read,context=Main,yDelta
Variable Write,context=Main#main:1,newY=5
Variable Write,context=Main#main:1,g=int[][]:2
New Object,object=Main$Tuple:121
Method Call,caller=Main#main:1,target=Main$Tuple:121#Main$Tuple:121
Variable Write,context=Main$Tuple:121#Main$Tuple:121,x=0
Variable Write,context=Main$Tuple:121#Main$Tuple:121,y=5
Field Write,context=Main$Tuple:121,x=0
Field Write,context=Main$Tuple:121,y=5
Method Exit,returner=Main$Tuple:121#Main$Tuple:121,value=<void>
Variable Delete,method=Main#main:1 <name=newX,type=int (id=7),value=<?>,index=31>
Variable Delete,method=Main#main:1 <name=newY,type=int (id=7),value=<?>,index=32>
Variable Delete,method=Main#main:1 <name=t,type=Main$Tuple (id=90),value=<?>,index=29>
Variable Delete,method=Main#main:1 <name=i,type=int (id=7),value=<?>,index=30>
Variable Write,context=Main#main:1,t=Main$Tuple:118
Variable Write,context=Main#main:1,i=0
Field Read,context=Main$Tuple:118,x
Field Read,context=Main,xDelta
Variable Write,context=Main#main:1,newX=4
Field Read,context=Main$Tuple:118,y
Field Read,context=Main,yDelta
Variable Write,context=Main#main:1,newY=0
Variable Write,context=Main#main:1,i=1
Variable Delete,method=Main#main:1 <name=newX,type=int (id=7),value=<?>,index=31>
Variable Delete,method=Main#main:1 <name=newY,type=int (id=7),value=<?>,index=32>
Field Read,context=Main$Tuple:118,x
Field Read,context=Main,xDelta
Variable Write,context=Main#main:1,newX=6
Field Read,context=Main$Tuple:118,y
Field Read,context=Main,yDelta
Variable Write,context=Main#main:1,newY=0
Variable Write,context=Main#main:1,g=int[][]:2
New Object,object=Main$Tuple:122
Method Call,caller=Main#main:1,target=Main$Tuple:122#Main$Tuple:122
Variable Write,context=Main$Tuple:122#Main$Tuple:122,x=6
Variable Write,context=Main$Tuple:122#Main$Tuple:122,y=0
Field Write,context=Main$Tuple:122,x=6
Field Write,context=Main$Tuple:122,y=0
Method Exit,returner=Main$Tuple:122#Main$Tuple:122,value=<void>
Variable Write,context=Main#main:1,i=2
Variable Delete,method=Main#main:1 <name=newX,type=int (id=7),value=<?>,index=31>
Variable Delete,method=Main#main:1 <name=newY,type=int (id=7),value=<?>,index=32>
Field Read,context=Main$Tuple:118,x
Field Read,context=Main,xDelta
Variable Write,context=Main#main:1,newX=5
Field Read,context=Main$Tuple:118,y
Field Read,context=Main,yDelta
Variable Write,context=Main#main:1,newY=-1
Variable Write,context=Main#main:1,i=3
Variable Delete,method=Main#main:1 <name=newX,type=int (id=7),value=<?>,index=31>
Variable Delete,method=Main#main:1 <name=newY,type=int (id=7),value=<?>,index=32>
Field Read,context=Main$Tuple:118,x
Field Read,context=Main,xDelta
Variable Write,context=Main#main:1,newX=5
Field Read,context=Main$Tuple:118,y
Field Read,context=Main,yDelta
Variable Write,context=Main#main:1,newY=1
Variable Delete,method=Main#main:1 <name=newX,type=int (id=7),value=<?>,index=31>
Variable Delete,method=Main#main:1 <name=newY,type=int (id=7),value=<?>,index=32>
Variable Delete,method=Main#main:1 <name=t,type=Main$Tuple (id=90),value=<?>,index=29>
Variable Delete,method=Main#main:1 <name=i,type=int (id=7),value=<?>,index=30>
Variable Write,context=Main#main:1,t=Main$Tuple:119
Variable Write,context=Main#main:1,i=0
Field Read,context=Main$Tuple:119,x
Field Read,context=Main,xDelta
Variable Write,context=Main#main:1,newX=3
Field Read,context=Main$Tuple:119,y
Field Read,context=Main,yDelta
Variable Write,context=Main#main:1,newY=1
Variable Write,context=Main#main:1,i=1
Variable Delete,method=Main#main:1 <name=newX,type=int (id=7),value=<?>,index=31>
Variable Delete,method=Main#main:1 <name=newY,type=int (id=7),value=<?>,index=32>
Field Read,context=Main$Tuple:119,x
Field Read,context=Main,xDelta
Variable Write,context=Main#main:1,newX=5
Field Read,context=Main$Tuple:119,y
Field Read,context=Main,yDelta
Variable Write,context=Main#main:1,newY=1
Variable Write,context=Main#main:1,i=2
Variable Delete,method=Main#main:1 <name=newX,type=int (id=7),value=<?>,index=31>
Variable Delete,method=Main#main:1 <name=newY,type=int (id=7),value=<?>,index=32>
Field Read,context=Main$Tuple:119,x
Field Read,context=Main,xDelta
Variable Write,context=Main#main:1,newX=4
Field Read,context=Main$Tuple:119,y
Field Read,context=Main,yDelta
Variable Write,context=Main#main:1,newY=0
Variable Write,context=Main#main:1,i=3
Variable Delete,method=Main#main:1 <name=newX,type=int (id=7),value=<?>,index=31>
Variable Delete,method=Main#main:1 <name=newY,type=int (id=7),value=<?>,index=32>
Field Read,context=Main$Tuple:119,x
Field Read,context=Main,xDelta
Variable Write,context=Main#main:1,newX=4
Field Read,context=Main$Tuple:119,y
Field Read,context=Main,yDelta
Variable Write,context=Main#main:1,newY=2
Variable Write,context=Main#main:1,g=int[][]:2
New Object,object=Main$Tuple:123
Method Call,caller=Main#main:1,target=Main$Tuple:123#Main$Tuple:123
Variable Write,context=Main$Tuple:123#Main$Tuple:123,x=4
Variable Write,context=Main$Tuple:123#Main$Tuple:123,y=2
Field Write,context=Main$Tuple:123,x=4
Field Write,context=Main$Tuple:123,y=2
Method Exit,returner=Main$Tuple:123#Main$Tuple:123,value=<void>
Variable Delete,method=Main#main:1 <name=newX,type=int (id=7),value=<?>,index=31>
Variable Delete,method=Main#main:1 <name=newY,type=int (id=7),value=<?>,index=32>
Variable Delete,method=Main#main:1 <name=t,type=Main$Tuple (id=90),value=<?>,index=29>
Variable Delete,method=Main#main:1 <name=i,type=int (id=7),value=<?>,index=30>
Variable Write,context=Main#main:1,t=Main$Tuple:120
Variable Write,context=Main#main:1,i=0
Field Read,context=Main$Tuple:120,x
Field Read,context=Main,xDelta
Variable Write,context=Main#main:1,newX=2
Field Read,context=Main$Tuple:120,y
Field Read,context=Main,yDelta
Variable Write,context=Main#main:1,newY=2
Variable Write,context=Main#main:1,i=1
Variable Delete,method=Main#main:1 <name=newX,type=int (id=7),value=<?>,index=31>
Variable Delete,method=Main#main:1 <name=newY,type=int (id=7),value=<?>,index=32>
Field Read,context=Main$Tuple:120,x
Field Read,context=Main,xDelta
Variable Write,context=Main#main:1,newX=4
Field Read,context=Main$Tuple:120,y
Field Read,context=Main,yDelta
Variable Write,context=Main#main:1,newY=2
Variable Write,context=Main#main:1,i=2
Variable Delete,method=Main#main:1 <name=newX,type=int (id=7),value=<?>,index=31>
Variable Delete,method=Main#main:1 <name=newY,type=int (id=7),value=<?>,index=32>
Field Read,context=Main$Tuple:120,x
Field Read,context=Main,xDelta
Variable Write,context=Main#main:1,newX=3
Field Read,context=Main$Tuple:120,y
Field Read,context=Main,yDelta
Variable Write,context=Main#main:1,newY=1
Variable Write,context=Main#main:1,i=3
Variable Delete,method=Main#main:1 <name=newX,type=int (id=7),value=<?>,index=31>
Variable Delete,method=Main#main:1 <name=newY,type=int (id=7),value=<?>,index=32>
Field Read,context=Main$Tuple:120,x
Field Read,context=Main,xDelta
Variable Write,context=Main#main:1,newX=3
Field Read,context=Main$Tuple:120,y
Field Read,context=Main,yDelta
Variable Write,context=Main#main:1,newY=3
Variable Delete,method=Main#main:1 <name=newX,type=int (id=7),value=<?>,index=31>
Variable Delete,method=Main#main:1 <name=newY,type=int (id=7),value=<?>,index=32>
Variable Delete,method=Main#main:1 <name=t,type=Main$Tuple (id=90),value=<?>,index=29>
Variable Delete,method=Main#main:1 <name=i,type=int (id=7),value=<?>,index=30>
Variable Write,context=Main#main:1,t=Main$Tuple:121
Variable Write,context=Main#main:1,i=0
Field Read,context=Main$Tuple:121,x
Field Read,context=Main,xDelta
Variable Write,context=Main#main:1,newX=-1
Field Read,context=Main$Tuple:121,y
Field Read,context=Main,yDelta
Variable Write,context=Main#main:1,newY=5
Variable Write,context=Main#main:1,i=1
Variable Delete,method=Main#main:1 <name=newX,type=int (id=7),value=<?>,index=31>
Variable Delete,method=Main#main:1 <name=newY,type=int (id=7),value=<?>,index=32>
Field Read,context=Main$Tuple:121,x
Field Read,context=Main,xDelta
Variable Write,context=Main#main:1,newX=1
Field Read,context=Main$Tuple:121,y
Field Read,context=Main,yDelta
Variable Write,context=Main#main:1,newY=5
Variable Write,context=Main#main:1,i=2
Variable Delete,method=Main#main:1 <name=newX,type=int (id=7),value=<?>,index=31>
Variable Delete,method=Main#main:1 <name=newY,type=int (id=7),value=<?>,index=32>
Field Read,context=Main$Tuple:121,x
Field Read,context=Main,xDelta
Variable Write,context=Main#main:1,newX=0
Field Read,context=Main$Tuple:121,y
Field Read,context=Main,yDelta
Variable Write,context=Main#main:1,newY=4
Variable Write,context=Main#main:1,i=3
Variable Delete,method=Main#main:1 <name=newX,type=int (id=7),value=<?>,index=31>
Variable Delete,method=Main#main:1 <name=newY,type=int (id=7),value=<?>,index=32>
Field Read,context=Main$Tuple:121,x
Field Read,context=Main,xDelta
Variable Write,context=Main#main:1,newX=0
Field Read,context=Main$Tuple:121,y
Field Read,context=Main,yDelta
Variable Write,context=Main#main:1,newY=6
Variable Write,context=Main#main:1,g=int[][]:2
New Object,object=Main$Tuple:124
Method Call,caller=Main#main:1,target=Main$Tuple:124#Main$Tuple:124
Variable Write,context=Main$Tuple:124#Main$Tuple:124,x=0
Variable Write,context=Main$Tuple:124#Main$Tuple:124,y=6
Field Write,context=Main$Tuple:124,x=0
Field Write,context=Main$Tuple:124,y=6
Method Exit,returner=Main$Tuple:124#Main$Tuple:124,value=<void>
Variable Delete,method=Main#main:1 <name=newX,type=int (id=7),value=<?>,index=31>
Variable Delete,method=Main#main:1 <name=newY,type=int (id=7),value=<?>,index=32>
Variable Delete,method=Main#main:1 <name=t,type=Main$Tuple (id=90),value=<?>,index=29>
Variable Delete,method=Main#main:1 <name=i,type=int (id=7),value=<?>,index=30>
Variable Write,context=Main#main:1,t=Main$Tuple:122
Variable Write,context=Main#main:1,i=0
Field Read,context=Main$Tuple:122,x
Field Read,context=Main,xDelta
Variable Write,context=Main#main:1,newX=5
Field Read,context=Main$Tuple:122,y
Field Read,context=Main,yDelta
Variable Write,context=Main#main:1,newY=0
Variable Write,context=Main#main:1,i=1
Variable Delete,method=Main#main:1 <name=newX,type=int (id=7),value=<?>,index=31>
Variable Delete,method=Main#main:1 <name=newY,type=int (id=7),value=<?>,index=32>
Field Read,context=Main$Tuple:122,x
Field Read,context=Main,xDelta
Variable Write,context=Main#main:1,newX=7
Field Read,context=Main$Tuple:122,y
Field Read,context=Main,yDelta
Variable Write,context=Main#main:1,newY=0
Variable Write,context=Main#main:1,g=int[][]:2
New Object,object=Main$Tuple:125
Method Call,caller=Main#main:1,target=Main$Tuple:125#Main$Tuple:125
Variable Write,context=Main$Tuple:125#Main$Tuple:125,x=7
Variable Write,context=Main$Tuple:125#Main$Tuple:125,y=0
Field Write,context=Main$Tuple:125,x=7
Field Write,context=Main$Tuple:125,y=0
Method Exit,returner=Main$Tuple:125#Main$Tuple:125,value=<void>
Variable Write,context=Main#main:1,i=2
Variable Delete,method=Main#main:1 <name=newX,type=int (id=7),value=<?>,index=31>
Variable Delete,method=Main#main:1 <name=newY,type=int (id=7),value=<?>,index=32>
Field Read,context=Main$Tuple:122,x
Field Read,context=Main,xDelta
Variable Write,context=Main#main:1,newX=6
Field Read,context=Main$Tuple:122,y
Field Read,context=Main,yDelta
Variable Write,context=Main#main:1,newY=-1
Variable Write,context=Main#main:1,i=3
Variable Delete,method=Main#main:1 <name=newX,type=int (id=7),value=<?>,index=31>
Variable Delete,method=Main#main:1 <name=newY,type=int (id=7),value=<?>,index=32>
Field Read,context=Main$Tuple:122,x
Field Read,context=Main,xDelta
Variable Write,context=Main#main:1,newX=6
Field Read,context=Main$Tuple:122,y
Field Read,context=Main,yDelta
Variable Write,context=Main#main:1,newY=1
Variable Delete,method=Main#main:1 <name=newX,type=int (id=7),value=<?>,index=31>
Variable Delete,method=Main#main:1 <name=newY,type=int (id=7),value=<?>,index=32>
Variable Delete,method=Main#main:1 <name=t,type=Main$Tuple (id=90),value=<?>,index=29>
Variable Delete,method=Main#main:1 <name=i,type=int (id=7),value=<?>,index=30>
Variable Write,context=Main#main:1,t=Main$Tuple:123
Variable Write,context=Main#main:1,i=0
Field Read,context=Main$Tuple:123,x
Field Read,context=Main,xDelta
Variable Write,context=Main#main:1,newX=3
Field Read,context=Main$Tuple:123,y
Field Read,context=Main,yDelta
Variable Write,context=Main#main:1,newY=2
Variable Write,context=Main#main:1,i=1
Variable Delete,method=Main#main:1 <name=newX,type=int (id=7),value=<?>,index=31>
Variable Delete,method=Main#main:1 <name=newY,type=int (id=7),value=<?>,index=32>
Field Read,context=Main$Tuple:123,x
Field Read,context=Main,xDelta
Variable Write,context=Main#main:1,newX=5
Field Read,context=Main$Tuple:123,y
Field Read,context=Main,yDelta
Variable Write,context=Main#main:1,newY=2
Variable Write,context=Main#main:1,i=2
Variable Delete,method=Main#main:1 <name=newX,type=int (id=7),value=<?>,index=31>
Variable Delete,method=Main#main:1 <name=newY,type=int (id=7),value=<?>,index=32>
Field Read,context=Main$Tuple:123,x
Field Read,context=Main,xDelta
Variable Write,context=Main#main:1,newX=4
Field Read,context=Main$Tuple:123,y
Field Read,context=Main,yDelta
Variable Write,context=Main#main:1,newY=1
Variable Write,context=Main#main:1,i=3
Variable Delete,method=Main#main:1 <name=newX,type=int (id=7),value=<?>,index=31>
Variable Delete,method=Main#main:1 <name=newY,type=int (id=7),value=<?>,index=32>
Field Read,context=Main$Tuple:123,x
Field Read,context=Main,xDelta
Variable Write,context=Main#main:1,newX=4
Field Read,context=Main$Tuple:123,y
Field Read,context=Main,yDelta
Variable Write,context=Main#main:1,newY=3
Variable Delete,method=Main#main:1 <name=newX,type=int (id=7),value=<?>,index=31>
Variable Delete,method=Main#main:1 <name=newY,type=int (id=7),value=<?>,index=32>
Variable Delete,method=Main#main:1 <name=t,type=Main$Tuple (id=90),value=<?>,index=29>
Variable Delete,method=Main#main:1 <name=i,type=int (id=7),value=<?>,index=30>
Variable Write,context=Main#main:1,t=Main$Tuple:124
Variable Write,context=Main#main:1,i=0
Field Read,context=Main$Tuple:124,x
Field Read,context=Main,xDelta
Variable Write,context=Main#main:1,newX=-1
Field Read,context=Main$Tuple:124,y
Field Read,context=Main,yDelta
Variable Write,context=Main#main:1,newY=6
Variable Write,context=Main#main:1,i=1
Variable Delete,method=Main#main:1 <name=newX,type=int (id=7),value=<?>,index=31>
Variable Delete,method=Main#main:1 <name=newY,type=int (id=7),value=<?>,index=32>
Field Read,context=Main$Tuple:124,x
Field Read,context=Main,xDelta
Variable Write,context=Main#main:1,newX=1
Field Read,context=Main$Tuple:124,y
Field Read,context=Main,yDelta
Variable Write,context=Main#main:1,newY=6
Variable Write,context=Main#main:1,i=2
Variable Delete,method=Main#main:1 <name=newX,type=int (id=7),value=<?>,index=31>
Variable Delete,method=Main#main:1 <name=newY,type=int (id=7),value=<?>,index=32>
Field Read,context=Main$Tuple:124,x
Field Read,context=Main,xDelta
Variable Write,context=Main#main:1,newX=0
Field Read,context=Main$Tuple:124,y
Field Read,context=Main,yDelta
Variable Write,context=Main#main:1,newY=5
Variable Write,context=Main#main:1,i=3
Variable Delete,method=Main#main:1 <name=newX,type=int (id=7),value=<?>,index=31>
Variable Delete,method=Main#main:1 <name=newY,type=int (id=7),value=<?>,index=32>
Field Read,context=Main$Tuple:124,x
Field Read,context=Main,xDelta
Variable Write,context=Main#main:1,newX=0
Field Read,context=Main$Tuple:124,y
Field Read,context=Main,yDelta
Variable Write,context=Main#main:1,newY=7
Variable Write,context=Main#main:1,g=int[][]:2
New Object,object=Main$Tuple:126
Method Call,caller=Main#main:1,target=Main$Tuple:126#Main$Tuple:126
Variable Write,context=Main$Tuple:126#Main$Tuple:126,x=0
Variable Write,context=Main$Tuple:126#Main$Tuple:126,y=7
Field Write,context=Main$Tuple:126,x=0
Field Write,context=Main$Tuple:126,y=7
Method Exit,returner=Main$Tuple:126#Main$Tuple:126,value=<void>
Variable Delete,method=Main#main:1 <name=newX,type=int (id=7),value=<?>,index=31>
Variable Delete,method=Main#main:1 <name=newY,type=int (id=7),value=<?>,index=32>
Variable Delete,method=Main#main:1 <name=t,type=Main$Tuple (id=90),value=<?>,index=29>
Variable Delete,method=Main#main:1 <name=i,type=int (id=7),value=<?>,index=30>
Variable Write,context=Main#main:1,t=Main$Tuple:125
Variable Write,context=Main#main:1,i=0
Field Read,context=Main$Tuple:125,x
Field Read,context=Main,xDelta
Variable Write,context=Main#main:1,newX=6
Field Read,context=Main$Tuple:125,y
Field Read,context=Main,yDelta
Variable Write,context=Main#main:1,newY=0
Variable Write,context=Main#main:1,i=1
Variable Delete,method=Main#main:1 <name=newX,type=int (id=7),value=<?>,index=31>
Variable Delete,method=Main#main:1 <name=newY,type=int (id=7),value=<?>,index=32>
Field Read,context=Main$Tuple:125,x
Field Read,context=Main,xDelta
Variable Write,context=Main#main:1,newX=8
Field Read,context=Main$Tuple:125,y
Field Read,context=Main,yDelta
Variable Write,context=Main#main:1,newY=0
Variable Write,context=Main#main:1,g=int[][]:2
New Object,object=Main$Tuple:127
Method Call,caller=Main#main:1,target=Main$Tuple:127#Main$Tuple:127
Variable Write,context=Main$Tuple:127#Main$Tuple:127,x=8
Variable Write,context=Main$Tuple:127#Main$Tuple:127,y=0
Field Write,context=Main$Tuple:127,x=8
Field Write,context=Main$Tuple:127,y=0
Method Exit,returner=Main$Tuple:127#Main$Tuple:127,value=<void>
Variable Write,context=Main#main:1,i=2
Variable Delete,method=Main#main:1 <name=newX,type=int (id=7),value=<?>,index=31>
Variable Delete,method=Main#main:1 <name=newY,type=int (id=7),value=<?>,index=32>
Field Read,context=Main$Tuple:125,x
Field Read,context=Main,xDelta
Variable Write,context=Main#main:1,newX=7
Field Read,context=Main$Tuple:125,y
Field Read,context=Main,yDelta
Variable Write,context=Main#main:1,newY=-1
Variable Write,context=Main#main:1,i=3
Variable Delete,method=Main#main:1 <name=newX,type=int (id=7),value=<?>,index=31>
Variable Delete,method=Main#main:1 <name=newY,type=int (id=7),value=<?>,index=32>
Field Read,context=Main$Tuple:125,x
Field Read,context=Main,xDelta
Variable Write,context=Main#main:1,newX=7
Field Read,context=Main$Tuple:125,y
Field Read,context=Main,yDelta
Variable Write,context=Main#main:1,newY=1
Variable Delete,method=Main#main:1 <name=newX,type=int (id=7),value=<?>,index=31>
Variable Delete,method=Main#main:1 <name=newY,type=int (id=7),value=<?>,index=32>
Variable Delete,method=Main#main:1 <name=t,type=Main$Tuple (id=90),value=<?>,index=29>
Variable Delete,method=Main#main:1 <name=i,type=int (id=7),value=<?>,index=30>
Variable Write,context=Main#main:1,t=Main$Tuple:126
Variable Write,context=Main#main:1,i=0
Field Read,context=Main$Tuple:126,x
Field Read,context=Main,xDelta
Variable Write,context=Main#main:1,newX=-1
Field Read,context=Main$Tuple:126,y
Field Read,context=Main,yDelta
Variable Write,context=Main#main:1,newY=7
Variable Write,context=Main#main:1,i=1
Variable Delete,method=Main#main:1 <name=newX,type=int (id=7),value=<?>,index=31>
Variable Delete,method=Main#main:1 <name=newY,type=int (id=7),value=<?>,index=32>
Field Read,context=Main$Tuple:126,x
Field Read,context=Main,xDelta
Variable Write,context=Main#main:1,newX=1
Field Read,context=Main$Tuple:126,y
Field Read,context=Main,yDelta
Variable Write,context=Main#main:1,newY=7
Variable Write,context=Main#main:1,i=2
Variable Delete,method=Main#main:1 <name=newX,type=int (id=7),value=<?>,index=31>
Variable Delete,method=Main#main:1 <name=newY,type=int (id=7),value=<?>,index=32>
Field Read,context=Main$Tuple:126,x
Field Read,context=Main,xDelta
Variable Write,context=Main#main:1,newX=0
Field Read,context=Main$Tuple:126,y
Field Read,context=Main,yDelta
Variable Write,context=Main#main:1,newY=6
Variable Write,context=Main#main:1,i=3
Variable Delete,method=Main#main:1 <name=newX,type=int (id=7),value=<?>,index=31>
Variable Delete,method=Main#main:1 <name=newY,type=int (id=7),value=<?>,index=32>
Field Read,context=Main$Tuple:126,x
Field Read,context=Main,xDelta
Variable Write,context=Main#main:1,newX=0
Field Read,context=Main$Tuple:126,y
Field Read,context=Main,yDelta
Variable Write,context=Main#main:1,newY=8
Variable Write,context=Main#main:1,g=int[][]:2
New Object,object=Main$Tuple:128
Method Call,caller=Main#main:1,target=Main$Tuple:128#Main$Tuple:128
Variable Write,context=Main$Tuple:128#Main$Tuple:128,x=0
Variable Write,context=Main$Tuple:128#Main$Tuple:128,y=8
Field Write,context=Main$Tuple:128,x=0
Field Write,context=Main$Tuple:128,y=8
Method Exit,returner=Main$Tuple:128#Main$Tuple:128,value=<void>
Variable Delete,method=Main#main:1 <name=newX,type=int (id=7),value=<?>,index=31>
Variable Delete,method=Main#main:1 <name=newY,type=int (id=7),value=<?>,index=32>
Variable Delete,method=Main#main:1 <name=t,type=Main$Tuple (id=90),value=<?>,index=29>
Variable Delete,method=Main#main:1 <name=i,type=int (id=7),value=<?>,index=30>
Variable Write,context=Main#main:1,t=Main$Tuple:127
Variable Write,context=Main#main:1,i=0
Field Read,context=Main$Tuple:127,x
Field Read,context=Main,xDelta
Variable Write,context=Main#main:1,newX=7
Field Read,context=Main$Tuple:127,y
Field Read,context=Main,yDelta
Variable Write,context=Main#main:1,newY=0
Variable Write,context=Main#main:1,i=1
Variable Delete,method=Main#main:1 <name=newX,type=int (id=7),value=<?>,index=31>
Variable Delete,method=Main#main:1 <name=newY,type=int (id=7),value=<?>,index=32>
Field Read,context=Main$Tuple:127,x
Field Read,context=Main,xDelta
Variable Write,context=Main#main:1,newX=9
Field Read,context=Main$Tuple:127,y
Field Read,context=Main,yDelta
Variable Write,context=Main#main:1,newY=0
Variable Write,context=Main#main:1,g=int[][]:2
New Object,object=Main$Tuple:129
Method Call,caller=Main#main:1,target=Main$Tuple:129#Main$Tuple:129
Variable Write,context=Main$Tuple:129#Main$Tuple:129,x=9
Variable Write,context=Main$Tuple:129#Main$Tuple:129,y=0
Field Write,context=Main$Tuple:129,x=9
Field Write,context=Main$Tuple:129,y=0
Method Exit,returner=Main$Tuple:129#Main$Tuple:129,value=<void>
Variable Write,context=Main#main:1,i=2
Variable Delete,method=Main#main:1 <name=newX,type=int (id=7),value=<?>,index=31>
Variable Delete,method=Main#main:1 <name=newY,type=int (id=7),value=<?>,index=32>
Field Read,context=Main$Tuple:127,x
Field Read,context=Main,xDelta
Variable Write,context=Main#main:1,newX=8
Field Read,context=Main$Tuple:127,y
Field Read,context=Main,yDelta
Variable Write,context=Main#main:1,newY=-1
Variable Write,context=Main#main:1,i=3
Variable Delete,method=Main#main:1 <name=newX,type=int (id=7),value=<?>,index=31>
Variable Delete,method=Main#main:1 <name=newY,type=int (id=7),value=<?>,index=32>
Field Read,context=Main$Tuple:127,x
Field Read,context=Main,xDelta
Variable Write,context=Main#main:1,newX=8
Field Read,context=Main$Tuple:127,y
Field Read,context=Main,yDelta
Variable Write,context=Main#main:1,newY=1
Variable Delete,method=Main#main:1 <name=newX,type=int (id=7),value=<?>,index=31>
Variable Delete,method=Main#main:1 <name=newY,type=int (id=7),value=<?>,index=32>
Variable Delete,method=Main#main:1 <name=t,type=Main$Tuple (id=90),value=<?>,index=29>
Variable Delete,method=Main#main:1 <name=i,type=int (id=7),value=<?>,index=30>
Variable Write,context=Main#main:1,t=Main$Tuple:128
Variable Write,context=Main#main:1,i=0
Field Read,context=Main$Tuple:128,x
Field Read,context=Main,xDelta
Variable Write,context=Main#main:1,newX=-1
Field Read,context=Main$Tuple:128,y
Field Read,context=Main,yDelta
Variable Write,context=Main#main:1,newY=8
Variable Write,context=Main#main:1,i=1
Variable Delete,method=Main#main:1 <name=newX,type=int (id=7),value=<?>,index=31>
Variable Delete,method=Main#main:1 <name=newY,type=int (id=7),value=<?>,index=32>
Field Read,context=Main$Tuple:128,x
Field Read,context=Main,xDelta
Variable Write,context=Main#main:1,newX=1
Field Read,context=Main$Tuple:128,y
Field Read,context=Main,yDelta
Variable Write,context=Main#main:1,newY=8
Variable Write,context=Main#main:1,i=2
Variable Delete,method=Main#main:1 <name=newX,type=int (id=7),value=<?>,index=31>
Variable Delete,method=Main#main:1 <name=newY,type=int (id=7),value=<?>,index=32>
Field Read,context=Main$Tuple:128,x
Field Read,context=Main,xDelta
Variable Write,context=Main#main:1,newX=0
Field Read,context=Main$Tuple:128,y
Field Read,context=Main,yDelta
Variable Write,context=Main#main:1,newY=7
Variable Write,context=Main#main:1,i=3
Variable Delete,method=Main#main:1 <name=newX,type=int (id=7),value=<?>,index=31>
Variable Delete,method=Main#main:1 <name=newY,type=int (id=7),value=<?>,index=32>
Field Read,context=Main$Tuple:128,x
Field Read,context=Main,xDelta
Variable Write,context=Main#main:1,newX=0
Field Read,context=Main$Tuple:128,y
Field Read,context=Main,yDelta
Variable Write,context=Main#main:1,newY=9
Variable Write,context=Main#main:1,g=int[][]:2
New Object,object=Main$Tuple:130
Method Call,caller=Main#main:1,target=Main$Tuple:130#Main$Tuple:130
Variable Write,context=Main$Tuple:130#Main$Tuple:130,x=0
Variable Write,context=Main$Tuple:130#Main$Tuple:130,y=9
Field Write,context=Main$Tuple:130,x=0
Field Write,context=Main$Tuple:130,y=9
Method Exit,returner=Main$Tuple:130#Main$Tuple:130,value=<void>
Variable Delete,method=Main#main:1 <name=newX,type=int (id=7),value=<?>,index=31>
Variable Delete,method=Main#main:1 <name=newY,type=int (id=7),value=<?>,index=32>
Variable Delete,method=Main#main:1 <name=t,type=Main$Tuple (id=90),value=<?>,index=29>
Variable Delete,method=Main#main:1 <name=i,type=int (id=7),value=<?>,index=30>
Variable Write,context=Main#main:1,t=Main$Tuple:129
Variable Write,context=Main#main:1,i=0
Field Read,context=Main$Tuple:129,x
Field Read,context=Main,xDelta
Variable Write,context=Main#main:1,newX=8
Field Read,context=Main$Tuple:129,y
Field Read,context=Main,yDelta
Variable Write,context=Main#main:1,newY=0
Variable Write,context=Main#main:1,i=1
Variable Delete,method=Main#main:1 <name=newX,type=int (id=7),value=<?>,index=31>
Variable Delete,method=Main#main:1 <name=newY,type=int (id=7),value=<?>,index=32>
Field Read,context=Main$Tuple:129,x
Field Read,context=Main,xDelta
Variable Write,context=Main#main:1,newX=10
Field Read,context=Main$Tuple:129,y
Field Read,context=Main,yDelta
Variable Write,context=Main#main:1,newY=0
Variable Write,context=Main#main:1,g=int[][]:2
New Object,object=Main$Tuple:131
Method Call,caller=Main#main:1,target=Main$Tuple:131#Main$Tuple:131
Variable Write,context=Main$Tuple:131#Main$Tuple:131,x=10
Variable Write,context=Main$Tuple:131#Main$Tuple:131,y=0
Field Write,context=Main$Tuple:131,x=10
Field Write,context=Main$Tuple:131,y=0
Method Exit,returner=Main$Tuple:131#Main$Tuple:131,value=<void>
Variable Write,context=Main#main:1,i=2
Variable Delete,method=Main#main:1 <name=newX,type=int (id=7),value=<?>,index=31>
Variable Delete,method=Main#main:1 <name=newY,type=int (id=7),value=<?>,index=32>
Field Read,context=Main$Tuple:129,x
Field Read,context=Main,xDelta
Variable Write,context=Main#main:1,newX=9
Field Read,context=Main$Tuple:129,y
Field Read,context=Main,yDelta
Variable Write,context=Main#main:1,newY=-1
Variable Write,context=Main#main:1,i=3
Variable Delete,method=Main#main:1 <name=newX,type=int (id=7),value=<?>,index=31>
Variable Delete,method=Main#main:1 <name=newY,type=int (id=7),value=<?>,index=32>
Field Read,context=Main$Tuple:129,x
Field Read,context=Main,xDelta
Variable Write,context=Main#main:1,newX=9
Field Read,context=Main$Tuple:129,y
Field Read,context=Main,yDelta
Variable Write,context=Main#main:1,newY=1
Variable Delete,method=Main#main:1 <name=newX,type=int (id=7),value=<?>,index=31>
Variable Delete,method=Main#main:1 <name=newY,type=int (id=7),value=<?>,index=32>
Variable Delete,method=Main#main:1 <name=t,type=Main$Tuple (id=90),value=<?>,index=29>
Variable Delete,method=Main#main:1 <name=i,type=int (id=7),value=<?>,index=30>
Variable Write,context=Main#main:1,t=Main$Tuple:130
Variable Write,context=Main#main:1,i=0
Field Read,context=Main$Tuple:130,x
Field Read,context=Main,xDelta
Variable Write,context=Main#main:1,newX=-1
Field Read,context=Main$Tuple:130,y
Field Read,context=Main,yDelta
Variable Write,context=Main#main:1,newY=9
Variable Write,context=Main#main:1,i=1
Variable Delete,method=Main#main:1 <name=newX,type=int (id=7),value=<?>,index=31>
Variable Delete,method=Main#main:1 <name=newY,type=int (id=7),value=<?>,index=32>
Field Read,context=Main$Tuple:130,x
Field Read,context=Main,xDelta
Variable Write,context=Main#main:1,newX=1
Field Read,context=Main$Tuple:130,y
Field Read,context=Main,yDelta
Variable Write,context=Main#main:1,newY=9
Variable Write,context=Main#main:1,i=2
Variable Delete,method=Main#main:1 <name=newX,type=int (id=7),value=<?>,index=31>
Variable Delete,method=Main#main:1 <name=newY,type=int (id=7),value=<?>,index=32>
Field Read,context=Main$Tuple:130,x
Field Read,context=Main,xDelta
Variable Write,context=Main#main:1,newX=0
Field Read,context=Main$Tuple:130,y
Field Read,context=Main,yDelta
Variable Write,context=Main#main:1,newY=8
Variable Write,context=Main#main:1,i=3
Variable Delete,method=Main#main:1 <name=newX,type=int (id=7),value=<?>,index=31>
Variable Delete,method=Main#main:1 <name=newY,type=int (id=7),value=<?>,index=32>
Field Read,context=Main$Tuple:130,x
Field Read,context=Main,xDelta
Variable Write,context=Main#main:1,newX=0
Field Read,context=Main$Tuple:130,y
Field Read,context=Main,yDelta
Variable Write,context=Main#main:1,newY=10
Variable Write,context=Main#main:1,g=int[][]:2
New Object,object=Main$Tuple:132
Method Call,caller=Main#main:1,target=Main$Tuple:132#Main$Tuple:132
Variable Write,context=Main$Tuple:132#Main$Tuple:132,x=0
Variable Write,context=Main$Tuple:132#Main$Tuple:132,y=10
Field Write,context=Main$Tuple:132,x=0
Field Write,context=Main$Tuple:132,y=10
Method Exit,returner=Main$Tuple:132#Main$Tuple:132,value=<void>
Variable Delete,method=Main#main:1 <name=newX,type=int (id=7),value=<?>,index=31>
Variable Delete,method=Main#main:1 <name=newY,type=int (id=7),value=<?>,index=32>
Variable Delete,method=Main#main:1 <name=t,type=Main$Tuple (id=90),value=<?>,index=29>
Variable Delete,method=Main#main:1 <name=i,type=int (id=7),value=<?>,index=30>
Variable Write,context=Main#main:1,t=Main$Tuple:131
Variable Write,context=Main#main:1,i=0
Field Read,context=Main$Tuple:131,x
Field Read,context=Main,xDelta
Variable Write,context=Main#main:1,newX=9
Field Read,context=Main$Tuple:131,y
Field Read,context=Main,yDelta
Variable Write,context=Main#main:1,newY=0
Variable Write,context=Main#main:1,i=1
Variable Delete,method=Main#main:1 <name=newX,type=int (id=7),value=<?>,index=31>
Variable Delete,method=Main#main:1 <name=newY,type=int (id=7),value=<?>,index=32>
Field Read,context=Main$Tuple:131,x
Field Read,context=Main,xDelta
Variable Write,context=Main#main:1,newX=11
Field Read,context=Main$Tuple:131,y
Field Read,context=Main,yDelta
Variable Write,context=Main#main:1,newY=0
Variable Write,context=Main#main:1,g=int[][]:2
New Object,object=Main$Tuple:133
Method Call,caller=Main#main:1,target=Main$Tuple:133#Main$Tuple:133
Variable Write,context=Main$Tuple:133#Main$Tuple:133,x=11
Variable Write,context=Main$Tuple:133#Main$Tuple:133,y=0
Field Write,context=Main$Tuple:133,x=11
Field Write,context=Main$Tuple:133,y=0
Method Exit,returner=Main$Tuple:133#Main$Tuple:133,value=<void>
Variable Write,context=Main#main:1,i=2
Variable Delete,method=Main#main:1 <name=newX,type=int (id=7),value=<?>,index=31>
Variable Delete,method=Main#main:1 <name=newY,type=int (id=7),value=<?>,index=32>
Field Read,context=Main$Tuple:131,x
Field Read,context=Main,xDelta
Variable Write,context=Main#main:1,newX=10
Field Read,context=Main$Tuple:131,y
Field Read,context=Main,yDelta
Variable Write,context=Main#main:1,newY=-1
Variable Write,context=Main#main:1,i=3
Variable Delete,method=Main#main:1 <name=newX,type=int (id=7),value=<?>,index=31>
Variable Delete,method=Main#main:1 <name=newY,type=int (id=7),value=<?>,index=32>
Field Read,context=Main$Tuple:131,x
Field Read,context=Main,xDelta
Variable Write,context=Main#main:1,newX=10
Field Read,context=Main$Tuple:131,y
Field Read,context=Main,yDelta
Variable Write,context=Main#main:1,newY=1
Variable Delete,method=Main#main:1 <name=newX,type=int (id=7),value=<?>,index=31>
Variable Delete,method=Main#main:1 <name=newY,type=int (id=7),value=<?>,index=32>
Variable Delete,method=Main#main:1 <name=t,type=Main$Tuple (id=90),value=<?>,index=29>
Variable Delete,method=Main#main:1 <name=i,type=int (id=7),value=<?>,index=30>
Variable Write,context=Main#main:1,t=Main$Tuple:132
Variable Write,context=Main#main:1,i=0
Field Read,context=Main$Tuple:132,x
Field Read,context=Main,xDelta
Variable Write,context=Main#main:1,newX=-1
Field Read,context=Main$Tuple:132,y
Field Read,context=Main,yDelta
Variable Write,context=Main#main:1,newY=10
Variable Write,context=Main#main:1,i=1
Variable Delete,method=Main#main:1 <name=newX,type=int (id=7),value=<?>,index=31>
Variable Delete,method=Main#main:1 <name=newY,type=int (id=7),value=<?>,index=32>
Field Read,context=Main$Tuple:132,x
Field Read,context=Main,xDelta
Variable Write,context=Main#main:1,newX=1
Field Read,context=Main$Tuple:132,y
Field Read,context=Main,yDelta
Variable Write,context=Main#main:1,newY=10
Variable Write,context=Main#main:1,i=2
Variable Delete,method=Main#main:1 <name=newX,type=int (id=7),value=<?>,index=31>
Variable Delete,method=Main#main:1 <name=newY,type=int (id=7),value=<?>,index=32>
Field Read,context=Main$Tuple:132,x
Field Read,context=Main,xDelta
Variable Write,context=Main#main:1,newX=0
Field Read,context=Main$Tuple:132,y
Field Read,context=Main,yDelta
Variable Write,context=Main#main:1,newY=9
Variable Write,context=Main#main:1,i=3
Variable Delete,method=Main#main:1 <name=newX,type=int (id=7),value=<?>,index=31>
Variable Delete,method=Main#main:1 <name=newY,type=int (id=7),value=<?>,index=32>
Field Read,context=Main$Tuple:132,x
Field Read,context=Main,xDelta
Variable Write,context=Main#main:1,newX=0
Field Read,context=Main$Tuple:132,y
Field Read,context=Main,yDelta
Variable Write,context=Main#main:1,newY=11
Variable Write,context=Main#main:1,g=int[][]:2
New Object,object=Main$Tuple:134
Method Call,caller=Main#main:1,target=Main$Tuple:134#Main$Tuple:134
Variable Write,context=Main$Tuple:134#Main$Tuple:134,x=0
Variable Write,context=Main$Tuple:134#Main$Tuple:134,y=11
Field Write,context=Main$Tuple:134,x=0
Field Write,context=Main$Tuple:134,y=11
Method Exit,returner=Main$Tuple:134#Main$Tuple:134,value=<void>
Variable Delete,method=Main#main:1 <name=newX,type=int (id=7),value=<?>,index=31>
Variable Delete,method=Main#main:1 <name=newY,type=int (id=7),value=<?>,index=32>
Variable Delete,method=Main#main:1 <name=t,type=Main$Tuple (id=90),value=<?>,index=29>
Variable Delete,method=Main#main:1 <name=i,type=int (id=7),value=<?>,index=30>
Variable Write,context=Main#main:1,t=Main$Tuple:133
Variable Write,context=Main#main:1,i=0
Field Read,context=Main$Tuple:133,x
Field Read,context=Main,xDelta
Variable Write,context=Main#main:1,newX=10
Field Read,context=Main$Tuple:133,y
Field Read,context=Main,yDelta
Variable Write,context=Main#main:1,newY=0
Variable Write,context=Main#main:1,i=1
Variable Delete,method=Main#main:1 <name=newX,type=int (id=7),value=<?>,index=31>
Variable Delete,method=Main#main:1 <name=newY,type=int (id=7),value=<?>,index=32>
Field Read,context=Main$Tuple:133,x
Field Read,context=Main,xDelta
Variable Write,context=Main#main:1,newX=12
Field Read,context=Main$Tuple:133,y
Field Read,context=Main,yDelta
Variable Write,context=Main#main:1,newY=0
Variable Write,context=Main#main:1,g=int[][]:2
New Object,object=Main$Tuple:135
Method Call,caller=Main#main:1,target=Main$Tuple:135#Main$Tuple:135
Variable Write,context=Main$Tuple:135#Main$Tuple:135,x=12
Variable Write,context=Main$Tuple:135#Main$Tuple:135,y=0
Field Write,context=Main$Tuple:135,x=12
Field Write,context=Main$Tuple:135,y=0
Method Exit,returner=Main$Tuple:135#Main$Tuple:135,value=<void>
Variable Write,context=Main#main:1,i=2
Variable Delete,method=Main#main:1 <name=newX,type=int (id=7),value=<?>,index=31>
Variable Delete,method=Main#main:1 <name=newY,type=int (id=7),value=<?>,index=32>
Field Read,context=Main$Tuple:133,x
Field Read,context=Main,xDelta
Variable Write,context=Main#main:1,newX=11
Field Read,context=Main$Tuple:133,y
Field Read,context=Main,yDelta
Variable Write,context=Main#main:1,newY=-1
Variable Write,context=Main#main:1,i=3
Variable Delete,method=Main#main:1 <name=newX,type=int (id=7),value=<?>,index=31>
Variable Delete,method=Main#main:1 <name=newY,type=int (id=7),value=<?>,index=32>
Field Read,context=Main$Tuple:133,x
Field Read,context=Main,xDelta
Variable Write,context=Main#main:1,newX=11
Field Read,context=Main$Tuple:133,y
Field Read,context=Main,yDelta
Variable Write,context=Main#main:1,newY=1
Variable Delete,method=Main#main:1 <name=newX,type=int (id=7),value=<?>,index=31>
Variable Delete,method=Main#main:1 <name=newY,type=int (id=7),value=<?>,index=32>
Variable Delete,method=Main#main:1 <name=t,type=Main$Tuple (id=90),value=<?>,index=29>
Variable Delete,method=Main#main:1 <name=i,type=int (id=7),value=<?>,index=30>
Variable Write,context=Main#main:1,t=Main$Tuple:134
Variable Write,context=Main#main:1,i=0
Field Read,context=Main$Tuple:134,x
Field Read,context=Main,xDelta
Variable Write,context=Main#main:1,newX=-1
Field Read,context=Main$Tuple:134,y
Field Read,context=Main,yDelta
Variable Write,context=Main#main:1,newY=11
Variable Write,context=Main#main:1,i=1
Variable Delete,method=Main#main:1 <name=newX,type=int (id=7),value=<?>,index=31>
Variable Delete,method=Main#main:1 <name=newY,type=int (id=7),value=<?>,index=32>
Field Read,context=Main$Tuple:134,x
Field Read,context=Main,xDelta
Variable Write,context=Main#main:1,newX=1
Field Read,context=Main$Tuple:134,y
Field Read,context=Main,yDelta
Variable Write,context=Main#main:1,newY=11
Variable Write,context=Main#main:1,i=2
Variable Delete,method=Main#main:1 <name=newX,type=int (id=7),value=<?>,index=31>
Variable Delete,method=Main#main:1 <name=newY,type=int (id=7),value=<?>,index=32>
Field Read,context=Main$Tuple:134,x
Field Read,context=Main,xDelta
Variable Write,context=Main#main:1,newX=0
Field Read,context=Main$Tuple:134,y
Field Read,context=Main,yDelta
Variable Write,context=Main#main:1,newY=10
Variable Write,context=Main#main:1,i=3
Variable Delete,method=Main#main:1 <name=newX,type=int (id=7),value=<?>,index=31>
Variable Delete,method=Main#main:1 <name=newY,type=int (id=7),value=<?>,index=32>
Field Read,context=Main$Tuple:134,x
Field Read,context=Main,xDelta
Variable Write,context=Main#main:1,newX=0
Field Read,context=Main$Tuple:134,y
Field Read,context=Main,yDelta
Variable Write,context=Main#main:1,newY=12
Variable Write,context=Main#main:1,g=int[][]:2
New Object,object=Main$Tuple:136
Method Call,caller=Main#main:1,target=Main$Tuple:136#Main$Tuple:136
Variable Write,context=Main$Tuple:136#Main$Tuple:136,x=0
Variable Write,context=Main$Tuple:136#Main$Tuple:136,y=12
Field Write,context=Main$Tuple:136,x=0
Field Write,context=Main$Tuple:136,y=12
Method Exit,returner=Main$Tuple:136#Main$Tuple:136,value=<void>
Variable Delete,method=Main#main:1 <name=newX,type=int (id=7),value=<?>,index=31>
Variable Delete,method=Main#main:1 <name=newY,type=int (id=7),value=<?>,index=32>
Variable Delete,method=Main#main:1 <name=t,type=Main$Tuple (id=90),value=<?>,index=29>
Variable Delete,method=Main#main:1 <name=i,type=int (id=7),value=<?>,index=30>
Variable Write,context=Main#main:1,t=Main$Tuple:135
Variable Write,context=Main#main:1,i=0
Field Read,context=Main$Tuple:135,x
Field Read,context=Main,xDelta
Variable Write,context=Main#main:1,newX=11
Field Read,context=Main$Tuple:135,y
Field Read,context=Main,yDelta
Variable Write,context=Main#main:1,newY=0
Variable Write,context=Main#main:1,i=1
Variable Delete,method=Main#main:1 <name=newX,type=int (id=7),value=<?>,index=31>
Variable Delete,method=Main#main:1 <name=newY,type=int (id=7),value=<?>,index=32>
Field Read,context=Main$Tuple:135,x
Field Read,context=Main,xDelta
Variable Write,context=Main#main:1,newX=13
Field Read,context=Main$Tuple:135,y
Field Read,context=Main,yDelta
Variable Write,context=Main#main:1,newY=0
Variable Write,context=Main#main:1,g=int[][]:2
New Object,object=Main$Tuple:137
Method Call,caller=Main#main:1,target=Main$Tuple:137#Main$Tuple:137
Variable Write,context=Main$Tuple:137#Main$Tuple:137,x=13
Variable Write,context=Main$Tuple:137#Main$Tuple:137,y=0
Field Write,context=Main$Tuple:137,x=13
Field Write,context=Main$Tuple:137,y=0
Method Exit,returner=Main$Tuple:137#Main$Tuple:137,value=<void>
Variable Write,context=Main#main:1,i=2
Variable Delete,method=Main#main:1 <name=newX,type=int (id=7),value=<?>,index=31>
Variable Delete,method=Main#main:1 <name=newY,type=int (id=7),value=<?>,index=32>
Field Read,context=Main$Tuple:135,x
Field Read,context=Main,xDelta
Variable Write,context=Main#main:1,newX=12
Field Read,context=Main$Tuple:135,y
Field Read,context=Main,yDelta
Variable Write,context=Main#main:1,newY=-1
Variable Write,context=Main#main:1,i=3
Variable Delete,method=Main#main:1 <name=newX,type=int (id=7),value=<?>,index=31>
Variable Delete,method=Main#main:1 <name=newY,type=int (id=7),value=<?>,index=32>
Field Read,context=Main$Tuple:135,x
Field Read,context=Main,xDelta
Variable Write,context=Main#main:1,newX=12
Field Read,context=Main$Tuple:135,y
Field Read,context=Main,yDelta
Variable Write,context=Main#main:1,newY=1
Variable Delete,method=Main#main:1 <name=newX,type=int (id=7),value=<?>,index=31>
Variable Delete,method=Main#main:1 <name=newY,type=int (id=7),value=<?>,index=32>
Variable Delete,method=Main#main:1 <name=t,type=Main$Tuple (id=90),value=<?>,index=29>
Variable Delete,method=Main#main:1 <name=i,type=int (id=7),value=<?>,index=30>
Variable Write,context=Main#main:1,t=Main$Tuple:136
Variable Write,context=Main#main:1,i=0
Field Read,context=Main$Tuple:136,x
Field Read,context=Main,xDelta
Variable Write,context=Main#main:1,newX=-1
Field Read,context=Main$Tuple:136,y
Field Read,context=Main,yDelta
Variable Write,context=Main#main:1,newY=12
Variable Write,context=Main#main:1,i=1
Variable Delete,method=Main#main:1 <name=newX,type=int (id=7),value=<?>,index=31>
Variable Delete,method=Main#main:1 <name=newY,type=int (id=7),value=<?>,index=32>
Field Read,context=Main$Tuple:136,x
Field Read,context=Main,xDelta
Variable Write,context=Main#main:1,newX=1
Field Read,context=Main$Tuple:136,y
Field Read,context=Main,yDelta
Variable Write,context=Main#main:1,newY=12
Variable Write,context=Main#main:1,i=2
Variable Delete,method=Main#main:1 <name=newX,type=int (id=7),value=<?>,index=31>
Variable Delete,method=Main#main:1 <name=newY,type=int (id=7),value=<?>,index=32>
Field Read,context=Main$Tuple:136,x
Field Read,context=Main,xDelta
Variable Write,context=Main#main:1,newX=0
Field Read,context=Main$Tuple:136,y
Field Read,context=Main,yDelta
Variable Write,context=Main#main:1,newY=11
Variable Write,context=Main#main:1,i=3
Variable Delete,method=Main#main:1 <name=newX,type=int (id=7),value=<?>,index=31>
Variable Delete,method=Main#main:1 <name=newY,type=int (id=7),value=<?>,index=32>
Field Read,context=Main$Tuple:136,x
Field Read,context=Main,xDelta
Variable Write,context=Main#main:1,newX=0
Field Read,context=Main$Tuple:136,y
Field Read,context=Main,yDelta
Variable Write,context=Main#main:1,newY=13
Variable Write,context=Main#main:1,g=int[][]:2
New Object,object=Main$Tuple:138
Method Call,caller=Main#main:1,target=Main$Tuple:138#Main$Tuple:138
Variable Write,context=Main$Tuple:138#Main$Tuple:138,x=0
Variable Write,context=Main$Tuple:138#Main$Tuple:138,y=13
Field Write,context=Main$Tuple:138,x=0
Field Write,context=Main$Tuple:138,y=13
Method Exit,returner=Main$Tuple:138#Main$Tuple:138,value=<void>
Variable Delete,method=Main#main:1 <name=newX,type=int (id=7),value=<?>,index=31>
Variable Delete,method=Main#main:1 <name=newY,type=int (id=7),value=<?>,index=32>
Variable Delete,method=Main#main:1 <name=t,type=Main$Tuple (id=90),value=<?>,index=29>
Variable Delete,method=Main#main:1 <name=i,type=int (id=7),value=<?>,index=30>
Variable Write,context=Main#main:1,t=Main$Tuple:137
Variable Write,context=Main#main:1,i=0
Field Read,context=Main$Tuple:137,x
Field Read,context=Main,xDelta
Variable Write,context=Main#main:1,newX=12
Field Read,context=Main$Tuple:137,y
Field Read,context=Main,yDelta
Variable Write,context=Main#main:1,newY=0
Variable Write,context=Main#main:1,i=1
Variable Delete,method=Main#main:1 <name=newX,type=int (id=7),value=<?>,index=31>
Variable Delete,method=Main#main:1 <name=newY,type=int (id=7),value=<?>,index=32>
Field Read,context=Main$Tuple:137,x
Field Read,context=Main,xDelta
Variable Write,context=Main#main:1,newX=14
Field Read,context=Main$Tuple:137,y
Field Read,context=Main,yDelta
Variable Write,context=Main#main:1,newY=0
Variable Write,context=Main#main:1,g=int[][]:2
New Object,object=Main$Tuple:139
Method Call,caller=Main#main:1,target=Main$Tuple:139#Main$Tuple:139
Variable Write,context=Main$Tuple:139#Main$Tuple:139,x=14
Variable Write,context=Main$Tuple:139#Main$Tuple:139,y=0
Field Write,context=Main$Tuple:139,x=14
Field Write,context=Main$Tuple:139,y=0
Method Exit,returner=Main$Tuple:139#Main$Tuple:139,value=<void>
Variable Write,context=Main#main:1,i=2
Variable Delete,method=Main#main:1 <name=newX,type=int (id=7),value=<?>,index=31>
Variable Delete,method=Main#main:1 <name=newY,type=int (id=7),value=<?>,index=32>
Field Read,context=Main$Tuple:137,x
Field Read,context=Main,xDelta
Variable Write,context=Main#main:1,newX=13
Field Read,context=Main$Tuple:137,y
Field Read,context=Main,yDelta
Variable Write,context=Main#main:1,newY=-1
Variable Write,context=Main#main:1,i=3
Variable Delete,method=Main#main:1 <name=newX,type=int (id=7),value=<?>,index=31>
Variable Delete,method=Main#main:1 <name=newY,type=int (id=7),value=<?>,index=32>
Field Read,context=Main$Tuple:137,x
Field Read,context=Main,xDelta
Variable Write,context=Main#main:1,newX=13
Field Read,context=Main$Tuple:137,y
Field Read,context=Main,yDelta
Variable Write,context=Main#main:1,newY=1
Variable Delete,method=Main#main:1 <name=newX,type=int (id=7),value=<?>,index=31>
Variable Delete,method=Main#main:1 <name=newY,type=int (id=7),value=<?>,index=32>
Variable Delete,method=Main#main:1 <name=t,type=Main$Tuple (id=90),value=<?>,index=29>
Variable Delete,method=Main#main:1 <name=i,type=int (id=7),value=<?>,index=30>
Variable Write,context=Main#main:1,t=Main$Tuple:138
Variable Write,context=Main#main:1,i=0
Field Read,context=Main$Tuple:138,x
Field Read,context=Main,xDelta
Variable Write,context=Main#main:1,newX=-1
Field Read,context=Main$Tuple:138,y
Field Read,context=Main,yDelta
Variable Write,context=Main#main:1,newY=13
Variable Write,context=Main#main:1,i=1
Variable Delete,method=Main#main:1 <name=newX,type=int (id=7),value=<?>,index=31>
Variable Delete,method=Main#main:1 <name=newY,type=int (id=7),value=<?>,index=32>
Field Read,context=Main$Tuple:138,x
Field Read,context=Main,xDelta
Variable Write,context=Main#main:1,newX=1
Field Read,context=Main$Tuple:138,y
Field Read,context=Main,yDelta
Variable Write,context=Main#main:1,newY=13
Variable Write,context=Main#main:1,i=2
Variable Delete,method=Main#main:1 <name=newX,type=int (id=7),value=<?>,index=31>
Variable Delete,method=Main#main:1 <name=newY,type=int (id=7),value=<?>,index=32>
Field Read,context=Main$Tuple:138,x
Field Read,context=Main,xDelta
Variable Write,context=Main#main:1,newX=0
Field Read,context=Main$Tuple:138,y
Field Read,context=Main,yDelta
Variable Write,context=Main#main:1,newY=12
Variable Write,context=Main#main:1,i=3
Variable Delete,method=Main#main:1 <name=newX,type=int (id=7),value=<?>,index=31>
Variable Delete,method=Main#main:1 <name=newY,type=int (id=7),value=<?>,index=32>
Field Read,context=Main$Tuple:138,x
Field Read,context=Main,xDelta
Variable Write,context=Main#main:1,newX=0
Field Read,context=Main$Tuple:138,y
Field Read,context=Main,yDelta
Variable Write,context=Main#main:1,newY=14
Variable Write,context=Main#main:1,g=int[][]:2
New Object,object=Main$Tuple:140
Method Call,caller=Main#main:1,target=Main$Tuple:140#Main$Tuple:140
Variable Write,context=Main$Tuple:140#Main$Tuple:140,x=0
Variable Write,context=Main$Tuple:140#Main$Tuple:140,y=14
Field Write,context=Main$Tuple:140,x=0
Field Write,context=Main$Tuple:140,y=14
Method Exit,returner=Main$Tuple:140#Main$Tuple:140,value=<void>
Variable Delete,method=Main#main:1 <name=newX,type=int (id=7),value=<?>,index=31>
Variable Delete,method=Main#main:1 <name=newY,type=int (id=7),value=<?>,index=32>
Variable Delete,method=Main#main:1 <name=t,type=Main$Tuple (id=90),value=<?>,index=29>
Variable Delete,method=Main#main:1 <name=i,type=int (id=7),value=<?>,index=30>
Variable Write,context=Main#main:1,t=Main$Tuple:139
Variable Write,context=Main#main:1,i=0
Field Read,context=Main$Tuple:139,x
Field Read,context=Main,xDelta
Variable Write,context=Main#main:1,newX=13
Field Read,context=Main$Tuple:139,y
Field Read,context=Main,yDelta
Variable Write,context=Main#main:1,newY=0
Variable Write,context=Main#main:1,i=1
Variable Delete,method=Main#main:1 <name=newX,type=int (id=7),value=<?>,index=31>
Variable Delete,method=Main#main:1 <name=newY,type=int (id=7),value=<?>,index=32>
Field Read,context=Main$Tuple:139,x
Field Read,context=Main,xDelta
Variable Write,context=Main#main:1,newX=15
Field Read,context=Main$Tuple:139,y
Field Read,context=Main,yDelta
Variable Write,context=Main#main:1,newY=0
Variable Write,context=Main#main:1,g=int[][]:2
New Object,object=Main$Tuple:141
Method Call,caller=Main#main:1,target=Main$Tuple:141#Main$Tuple:141
Variable Write,context=Main$Tuple:141#Main$Tuple:141,x=15
Variable Write,context=Main$Tuple:141#Main$Tuple:141,y=0
Field Write,context=Main$Tuple:141,x=15
Field Write,context=Main$Tuple:141,y=0
Method Exit,returner=Main$Tuple:141#Main$Tuple:141,value=<void>
Variable Write,context=Main#main:1,i=2
Variable Delete,method=Main#main:1 <name=newX,type=int (id=7),value=<?>,index=31>
Variable Delete,method=Main#main:1 <name=newY,type=int (id=7),value=<?>,index=32>
Field Read,context=Main$Tuple:139,x
Field Read,context=Main,xDelta
Variable Write,context=Main#main:1,newX=14
Field Read,context=Main$Tuple:139,y
Field Read,context=Main,yDelta
Variable Write,context=Main#main:1,newY=-1
Variable Write,context=Main#main:1,i=3
Variable Delete,method=Main#main:1 <name=newX,type=int (id=7),value=<?>,index=31>
Variable Delete,method=Main#main:1 <name=newY,type=int (id=7),value=<?>,index=32>
Field Read,context=Main$Tuple:139,x
Field Read,context=Main,xDelta
Variable Write,context=Main#main:1,newX=14
Field Read,context=Main$Tuple:139,y
Field Read,context=Main,yDelta
Variable Write,context=Main#main:1,newY=1
Variable Delete,method=Main#main:1 <name=newX,type=int (id=7),value=<?>,index=31>
Variable Delete,method=Main#main:1 <name=newY,type=int (id=7),value=<?>,index=32>
Variable Delete,method=Main#main:1 <name=t,type=Main$Tuple (id=90),value=<?>,index=29>
Variable Delete,method=Main#main:1 <name=i,type=int (id=7),value=<?>,index=30>
Variable Write,context=Main#main:1,t=Main$Tuple:140
Variable Write,context=Main#main:1,i=0
Field Read,context=Main$Tuple:140,x
Field Read,context=Main,xDelta
Variable Write,context=Main#main:1,newX=-1
Field Read,context=Main$Tuple:140,y
Field Read,context=Main,yDelta
Variable Write,context=Main#main:1,newY=14
Variable Write,context=Main#main:1,i=1
Variable Delete,method=Main#main:1 <name=newX,type=int (id=7),value=<?>,index=31>
Variable Delete,method=Main#main:1 <name=newY,type=int (id=7),value=<?>,index=32>
Field Read,context=Main$Tuple:140,x
Field Read,context=Main,xDelta
Variable Write,context=Main#main:1,newX=1
Field Read,context=Main$Tuple:140,y
Field Read,context=Main,yDelta
Variable Write,context=Main#main:1,newY=14
Variable Write,context=Main#main:1,g=int[][]:2
New Object,object=Main$Tuple:142
Method Call,caller=Main#main:1,target=Main$Tuple:142#Main$Tuple:142
Variable Write,context=Main$Tuple:142#Main$Tuple:142,x=1
Variable Write,context=Main$Tuple:142#Main$Tuple:142,y=14
Field Write,context=Main$Tuple:142,x=1
Field Write,context=Main$Tuple:142,y=14
Method Exit,returner=Main$Tuple:142#Main$Tuple:142,value=<void>
Variable Write,context=Main#main:1,i=2
Variable Delete,method=Main#main:1 <name=newX,type=int (id=7),value=<?>,index=31>
Variable Delete,method=Main#main:1 <name=newY,type=int (id=7),value=<?>,index=32>
Field Read,context=Main$Tuple:140,x
Field Read,context=Main,xDelta
Variable Write,context=Main#main:1,newX=0
Field Read,context=Main$Tuple:140,y
Field Read,context=Main,yDelta
Variable Write,context=Main#main:1,newY=13
Variable Write,context=Main#main:1,i=3
Variable Delete,method=Main#main:1 <name=newX,type=int (id=7),value=<?>,index=31>
Variable Delete,method=Main#main:1 <name=newY,type=int (id=7),value=<?>,index=32>
Field Read,context=Main$Tuple:140,x
Field Read,context=Main,xDelta
Variable Write,context=Main#main:1,newX=0
Field Read,context=Main$Tuple:140,y
Field Read,context=Main,yDelta
Variable Write,context=Main#main:1,newY=15
Variable Delete,method=Main#main:1 <name=newX,type=int (id=7),value=<?>,index=31>
Variable Delete,method=Main#main:1 <name=newY,type=int (id=7),value=<?>,index=32>
Variable Delete,method=Main#main:1 <name=t,type=Main$Tuple (id=90),value=<?>,index=29>
Variable Delete,method=Main#main:1 <name=i,type=int (id=7),value=<?>,index=30>
Variable Write,context=Main#main:1,t=Main$Tuple:141
Variable Write,context=Main#main:1,i=0
Field Read,context=Main$Tuple:141,x
Field Read,context=Main,xDelta
Variable Write,context=Main#main:1,newX=14
Field Read,context=Main$Tuple:141,y
Field Read,context=Main,yDelta
Variable Write,context=Main#main:1,newY=0
Variable Write,context=Main#main:1,i=1
Variable Delete,method=Main#main:1 <name=newX,type=int (id=7),value=<?>,index=31>
Variable Delete,method=Main#main:1 <name=newY,type=int (id=7),value=<?>,index=32>
Field Read,context=Main$Tuple:141,x
Field Read,context=Main,xDelta
Variable Write,context=Main#main:1,newX=16
Field Read,context=Main$Tuple:141,y
Field Read,context=Main,yDelta
Variable Write,context=Main#main:1,newY=0
Variable Write,context=Main#main:1,g=int[][]:2
New Object,object=Main$Tuple:143
Method Call,caller=Main#main:1,target=Main$Tuple:143#Main$Tuple:143
Variable Write,context=Main$Tuple:143#Main$Tuple:143,x=16
Variable Write,context=Main$Tuple:143#Main$Tuple:143,y=0
Field Write,context=Main$Tuple:143,x=16
Field Write,context=Main$Tuple:143,y=0
Method Exit,returner=Main$Tuple:143#Main$Tuple:143,value=<void>
Variable Write,context=Main#main:1,i=2
Variable Delete,method=Main#main:1 <name=newX,type=int (id=7),value=<?>,index=31>
Variable Delete,method=Main#main:1 <name=newY,type=int (id=7),value=<?>,index=32>
Field Read,context=Main$Tuple:141,x
Field Read,context=Main,xDelta
Variable Write,context=Main#main:1,newX=15
Field Read,context=Main$Tuple:141,y
Field Read,context=Main,yDelta
Variable Write,context=Main#main:1,newY=-1
Variable Write,context=Main#main:1,i=3
Variable Delete,method=Main#main:1 <name=newX,type=int (id=7),value=<?>,index=31>
Variable Delete,method=Main#main:1 <name=newY,type=int (id=7),value=<?>,index=32>
Field Read,context=Main$Tuple:141,x
Field Read,context=Main,xDelta
Variable Write,context=Main#main:1,newX=15
Field Read,context=Main$Tuple:141,y
Field Read,context=Main,yDelta
Variable Write,context=Main#main:1,newY=1
Variable Delete,method=Main#main:1 <name=newX,type=int (id=7),value=<?>,index=31>
Variable Delete,method=Main#main:1 <name=newY,type=int (id=7),value=<?>,index=32>
Variable Delete,method=Main#main:1 <name=t,type=Main$Tuple (id=90),value=<?>,index=29>
Variable Delete,method=Main#main:1 <name=i,type=int (id=7),value=<?>,index=30>
Variable Write,context=Main#main:1,t=Main$Tuple:142
Variable Write,context=Main#main:1,i=0
Field Read,context=Main$Tuple:142,x
Field Read,context=Main,xDelta
Variable Write,context=Main#main:1,newX=0
Field Read,context=Main$Tuple:142,y
Field Read,context=Main,yDelta
Variable Write,context=Main#main:1,newY=14
Variable Write,context=Main#main:1,i=1
Variable Delete,method=Main#main:1 <name=newX,type=int (id=7),value=<?>,index=31>
Variable Delete,method=Main#main:1 <name=newY,type=int (id=7),value=<?>,index=32>
Field Read,context=Main$Tuple:142,x
Field Read,context=Main,xDelta
Variable Write,context=Main#main:1,newX=2
Field Read,context=Main$Tuple:142,y
Field Read,context=Main,yDelta
Variable Write,context=Main#main:1,newY=14
Variable Write,context=Main#main:1,g=int[][]:2
New Object,object=Main$Tuple:144
Method Call,caller=Main#main:1,target=Main$Tuple:144#Main$Tuple:144
Variable Write,context=Main$Tuple:144#Main$Tuple:144,x=2
Variable Write,context=Main$Tuple:144#Main$Tuple:144,y=14
Field Write,context=Main$Tuple:144,x=2
Field Write,context=Main$Tuple:144,y=14
Method Exit,returner=Main$Tuple:144#Main$Tuple:144,value=<void>
Variable Write,context=Main#main:1,i=2
Variable Delete,method=Main#main:1 <name=newX,type=int (id=7),value=<?>,index=31>
Variable Delete,method=Main#main:1 <name=newY,type=int (id=7),value=<?>,index=32>
Field Read,context=Main$Tuple:142,x
Field Read,context=Main,xDelta
Variable Write,context=Main#main:1,newX=1
Field Read,context=Main$Tuple:142,y
Field Read,context=Main,yDelta
Variable Write,context=Main#main:1,newY=13
Variable Write,context=Main#main:1,i=3
Variable Delete,method=Main#main:1 <name=newX,type=int (id=7),value=<?>,index=31>
Variable Delete,method=Main#main:1 <name=newY,type=int (id=7),value=<?>,index=32>
Field Read,context=Main$Tuple:142,x
Field Read,context=Main,xDelta
Variable Write,context=Main#main:1,newX=1
Field Read,context=Main$Tuple:142,y
Field Read,context=Main,yDelta
Variable Write,context=Main#main:1,newY=15
Variable Delete,method=Main#main:1 <name=newX,type=int (id=7),value=<?>,index=31>
Variable Delete,method=Main#main:1 <name=newY,type=int (id=7),value=<?>,index=32>
Variable Delete,method=Main#main:1 <name=t,type=Main$Tuple (id=90),value=<?>,index=29>
Variable Delete,method=Main#main:1 <name=i,type=int (id=7),value=<?>,index=30>
Variable Write,context=Main#main:1,t=Main$Tuple:143
Variable Write,context=Main#main:1,i=0
Field Read,context=Main$Tuple:143,x
Field Read,context=Main,xDelta
Variable Write,context=Main#main:1,newX=15
Field Read,context=Main$Tuple:143,y
Field Read,context=Main,yDelta
Variable Write,context=Main#main:1,newY=0
Variable Write,context=Main#main:1,i=1
Variable Delete,method=Main#main:1 <name=newX,type=int (id=7),value=<?>,index=31>
Variable Delete,method=Main#main:1 <name=newY,type=int (id=7),value=<?>,index=32>
Field Read,context=Main$Tuple:143,x
Field Read,context=Main,xDelta
Variable Write,context=Main#main:1,newX=17
Field Read,context=Main$Tuple:143,y
Field Read,context=Main,yDelta
Variable Write,context=Main#main:1,newY=0
Variable Write,context=Main#main:1,i=2
Variable Delete,method=Main#main:1 <name=newX,type=int (id=7),value=<?>,index=31>
Variable Delete,method=Main#main:1 <name=newY,type=int (id=7),value=<?>,index=32>
Field Read,context=Main$Tuple:143,x
Field Read,context=Main,xDelta
Variable Write,context=Main#main:1,newX=16
Field Read,context=Main$Tuple:143,y
Field Read,context=Main,yDelta
Variable Write,context=Main#main:1,newY=-1
Variable Write,context=Main#main:1,i=3
Variable Delete,method=Main#main:1 <name=newX,type=int (id=7),value=<?>,index=31>
Variable Delete,method=Main#main:1 <name=newY,type=int (id=7),value=<?>,index=32>
Field Read,context=Main$Tuple:143,x
Field Read,context=Main,xDelta
Variable Write,context=Main#main:1,newX=16
Field Read,context=Main$Tuple:143,y
Field Read,context=Main,yDelta
Variable Write,context=Main#main:1,newY=1
Variable Write,context=Main#main:1,g=int[][]:2
New Object,object=Main$Tuple:145
Method Call,caller=Main#main:1,target=Main$Tuple:145#Main$Tuple:145
Variable Write,context=Main$Tuple:145#Main$Tuple:145,x=16
Variable Write,context=Main$Tuple:145#Main$Tuple:145,y=1
Field Write,context=Main$Tuple:145,x=16
Field Write,context=Main$Tuple:145,y=1
Method Exit,returner=Main$Tuple:145#Main$Tuple:145,value=<void>
Variable Delete,method=Main#main:1 <name=newX,type=int (id=7),value=<?>,index=31>
Variable Delete,method=Main#main:1 <name=newY,type=int (id=7),value=<?>,index=32>
Variable Delete,method=Main#main:1 <name=t,type=Main$Tuple (id=90),value=<?>,index=29>
Variable Delete,method=Main#main:1 <name=i,type=int (id=7),value=<?>,index=30>
Variable Write,context=Main#main:1,t=Main$Tuple:144
Variable Write,context=Main#main:1,i=0
Field Read,context=Main$Tuple:144,x
Field Read,context=Main,xDelta
Variable Write,context=Main#main:1,newX=1
Field Read,context=Main$Tuple:144,y
Field Read,context=Main,yDelta
Variable Write,context=Main#main:1,newY=14
Variable Write,context=Main#main:1,i=1
Variable Delete,method=Main#main:1 <name=newX,type=int (id=7),value=<?>,index=31>
Variable Delete,method=Main#main:1 <name=newY,type=int (id=7),value=<?>,index=32>
Field Read,context=Main$Tuple:144,x
Field Read,context=Main,xDelta
Variable Write,context=Main#main:1,newX=3
Field Read,context=Main$Tuple:144,y
Field Read,context=Main,yDelta
Variable Write,context=Main#main:1,newY=14
Variable Write,context=Main#main:1,g=int[][]:2
New Object,object=Main$Tuple:146
Method Call,caller=Main#main:1,target=Main$Tuple:146#Main$Tuple:146
Variable Write,context=Main$Tuple:146#Main$Tuple:146,x=3
Variable Write,context=Main$Tuple:146#Main$Tuple:146,y=14
Field Write,context=Main$Tuple:146,x=3
Field Write,context=Main$Tuple:146,y=14
Method Exit,returner=Main$Tuple:146#Main$Tuple:146,value=<void>
Variable Write,context=Main#main:1,i=2
Variable Delete,method=Main#main:1 <name=newX,type=int (id=7),value=<?>,index=31>
Variable Delete,method=Main#main:1 <name=newY,type=int (id=7),value=<?>,index=32>
Field Read,context=Main$Tuple:144,x
Field Read,context=Main,xDelta
Variable Write,context=Main#main:1,newX=2
Field Read,context=Main$Tuple:144,y
Field Read,context=Main,yDelta
Variable Write,context=Main#main:1,newY=13
Variable Write,context=Main#main:1,i=3
Variable Delete,method=Main#main:1 <name=newX,type=int (id=7),value=<?>,index=31>
Variable Delete,method=Main#main:1 <name=newY,type=int (id=7),value=<?>,index=32>
Field Read,context=Main$Tuple:144,x
Field Read,context=Main,xDelta
Variable Write,context=Main#main:1,newX=2
Field Read,context=Main$Tuple:144,y
Field Read,context=Main,yDelta
Variable Write,context=Main#main:1,newY=15
Variable Delete,method=Main#main:1 <name=newX,type=int (id=7),value=<?>,index=31>
Variable Delete,method=Main#main:1 <name=newY,type=int (id=7),value=<?>,index=32>
Variable Delete,method=Main#main:1 <name=t,type=Main$Tuple (id=90),value=<?>,index=29>
Variable Delete,method=Main#main:1 <name=i,type=int (id=7),value=<?>,index=30>
Variable Write,context=Main#main:1,t=Main$Tuple:145
Variable Write,context=Main#main:1,i=0
Field Read,context=Main$Tuple:145,x
Field Read,context=Main,xDelta
Variable Write,context=Main#main:1,newX=15
Field Read,context=Main$Tuple:145,y
Field Read,context=Main,yDelta
Variable Write,context=Main#main:1,newY=1
Variable Write,context=Main#main:1,i=1
Variable Delete,method=Main#main:1 <name=newX,type=int (id=7),value=<?>,index=31>
Variable Delete,method=Main#main:1 <name=newY,type=int (id=7),value=<?>,index=32>
Field Read,context=Main$Tuple:145,x
Field Read,context=Main,xDelta
Variable Write,context=Main#main:1,newX=17
Field Read,context=Main$Tuple:145,y
Field Read,context=Main,yDelta
Variable Write,context=Main#main:1,newY=1
Variable Write,context=Main#main:1,i=2
Variable Delete,method=Main#main:1 <name=newX,type=int (id=7),value=<?>,index=31>
Variable Delete,method=Main#main:1 <name=newY,type=int (id=7),value=<?>,index=32>
Field Read,context=Main$Tuple:145,x
Field Read,context=Main,xDelta
Variable Write,context=Main#main:1,newX=16
Field Read,context=Main$Tuple:145,y
Field Read,context=Main,yDelta
Variable Write,context=Main#main:1,newY=0
Variable Write,context=Main#main:1,i=3
Variable Delete,method=Main#main:1 <name=newX,type=int (id=7),value=<?>,index=31>
Variable Delete,method=Main#main:1 <name=newY,type=int (id=7),value=<?>,index=32>
Field Read,context=Main$Tuple:145,x
Field Read,context=Main,xDelta
Variable Write,context=Main#main:1,newX=16
Field Read,context=Main$Tuple:145,y
Field Read,context=Main,yDelta
Variable Write,context=Main#main:1,newY=2
Variable Write,context=Main#main:1,g=int[][]:2
New Object,object=Main$Tuple:147
Method Call,caller=Main#main:1,target=Main$Tuple:147#Main$Tuple:147
Variable Write,context=Main$Tuple:147#Main$Tuple:147,x=16
Variable Write,context=Main$Tuple:147#Main$Tuple:147,y=2
Field Write,context=Main$Tuple:147,x=16
Field Write,context=Main$Tuple:147,y=2
Method Exit,returner=Main$Tuple:147#Main$Tuple:147,value=<void>
Variable Delete,method=Main#main:1 <name=newX,type=int (id=7),value=<?>,index=31>
Variable Delete,method=Main#main:1 <name=newY,type=int (id=7),value=<?>,index=32>
Variable Delete,method=Main#main:1 <name=t,type=Main$Tuple (id=90),value=<?>,index=29>
Variable Delete,method=Main#main:1 <name=i,type=int (id=7),value=<?>,index=30>
Variable Write,context=Main#main:1,t=Main$Tuple:146
Variable Write,context=Main#main:1,i=0
Field Read,context=Main$Tuple:146,x
Field Read,context=Main,xDelta
Variable Write,context=Main#main:1,newX=2
Field Read,context=Main$Tuple:146,y
Field Read,context=Main,yDelta
Variable Write,context=Main#main:1,newY=14
Variable Write,context=Main#main:1,i=1
Variable Delete,method=Main#main:1 <name=newX,type=int (id=7),value=<?>,index=31>
Variable Delete,method=Main#main:1 <name=newY,type=int (id=7),value=<?>,index=32>
Field Read,context=Main$Tuple:146,x
Field Read,context=Main,xDelta
Variable Write,context=Main#main:1,newX=4
Field Read,context=Main$Tuple:146,y
Field Read,context=Main,yDelta
Variable Write,context=Main#main:1,newY=14
Variable Write,context=Main#main:1,g=int[][]:2
New Object,object=Main$Tuple:148
Method Call,caller=Main#main:1,target=Main$Tuple:148#Main$Tuple:148
Variable Write,context=Main$Tuple:148#Main$Tuple:148,x=4
Variable Write,context=Main$Tuple:148#Main$Tuple:148,y=14
Field Write,context=Main$Tuple:148,x=4
Field Write,context=Main$Tuple:148,y=14
Method Exit,returner=Main$Tuple:148#Main$Tuple:148,value=<void>
Variable Write,context=Main#main:1,i=2
Variable Delete,method=Main#main:1 <name=newX,type=int (id=7),value=<?>,index=31>
Variable Delete,method=Main#main:1 <name=newY,type=int (id=7),value=<?>,index=32>
Field Read,context=Main$Tuple:146,x
Field Read,context=Main,xDelta
Variable Write,context=Main#main:1,newX=3
Field Read,context=Main$Tuple:146,y
Field Read,context=Main,yDelta
Variable Write,context=Main#main:1,newY=13
Variable Write,context=Main#main:1,i=3
Variable Delete,method=Main#main:1 <name=newX,type=int (id=7),value=<?>,index=31>
Variable Delete,method=Main#main:1 <name=newY,type=int (id=7),value=<?>,index=32>
Field Read,context=Main$Tuple:146,x
Field Read,context=Main,xDelta
Variable Write,context=Main#main:1,newX=3
Field Read,context=Main$Tuple:146,y
Field Read,context=Main,yDelta
Variable Write,context=Main#main:1,newY=15
Variable Delete,method=Main#main:1 <name=newX,type=int (id=7),value=<?>,index=31>
Variable Delete,method=Main#main:1 <name=newY,type=int (id=7),value=<?>,index=32>
Variable Delete,method=Main#main:1 <name=t,type=Main$Tuple (id=90),value=<?>,index=29>
Variable Delete,method=Main#main:1 <name=i,type=int (id=7),value=<?>,index=30>
Variable Write,context=Main#main:1,t=Main$Tuple:147
Variable Write,context=Main#main:1,i=0
Field Read,context=Main$Tuple:147,x
Field Read,context=Main,xDelta
Variable Write,context=Main#main:1,newX=15
Field Read,context=Main$Tuple:147,y
Field Read,context=Main,yDelta
Variable Write,context=Main#main:1,newY=2
Variable Write,context=Main#main:1,i=1
Variable Delete,method=Main#main:1 <name=newX,type=int (id=7),value=<?>,index=31>
Variable Delete,method=Main#main:1 <name=newY,type=int (id=7),value=<?>,index=32>
Field Read,context=Main$Tuple:147,x
Field Read,context=Main,xDelta
Variable Write,context=Main#main:1,newX=17
Field Read,context=Main$Tuple:147,y
Field Read,context=Main,yDelta
Variable Write,context=Main#main:1,newY=2
Variable Write,context=Main#main:1,i=2
Variable Delete,method=Main#main:1 <name=newX,type=int (id=7),value=<?>,index=31>
Variable Delete,method=Main#main:1 <name=newY,type=int (id=7),value=<?>,index=32>
Field Read,context=Main$Tuple:147,x
Field Read,context=Main,xDelta
Variable Write,context=Main#main:1,newX=16
Field Read,context=Main$Tuple:147,y
Field Read,context=Main,yDelta
Variable Write,context=Main#main:1,newY=1
Variable Write,context=Main#main:1,i=3
Variable Delete,method=Main#main:1 <name=newX,type=int (id=7),value=<?>,index=31>
Variable Delete,method=Main#main:1 <name=newY,type=int (id=7),value=<?>,index=32>
Field Read,context=Main$Tuple:147,x
Field Read,context=Main,xDelta
Variable Write,context=Main#main:1,newX=16
Field Read,context=Main$Tuple:147,y
Field Read,context=Main,yDelta
Variable Write,context=Main#main:1,newY=3
Variable Write,context=Main#main:1,g=int[][]:2
New Object,object=Main$Tuple:149
Method Call,caller=Main#main:1,target=Main$Tuple:149#Main$Tuple:149
Variable Write,context=Main$Tuple:149#Main$Tuple:149,x=16
Variable Write,context=Main$Tuple:149#Main$Tuple:149,y=3
Field Write,context=Main$Tuple:149,x=16
Field Write,context=Main$Tuple:149,y=3
Method Exit,returner=Main$Tuple:149#Main$Tuple:149,value=<void>
Variable Delete,method=Main#main:1 <name=newX,type=int (id=7),value=<?>,index=31>
Variable Delete,method=Main#main:1 <name=newY,type=int (id=7),value=<?>,index=32>
Variable Delete,method=Main#main:1 <name=t,type=Main$Tuple (id=90),value=<?>,index=29>
Variable Delete,method=Main#main:1 <name=i,type=int (id=7),value=<?>,index=30>
Variable Write,context=Main#main:1,t=Main$Tuple:148
Variable Write,context=Main#main:1,i=0
Field Read,context=Main$Tuple:148,x
Field Read,context=Main,xDelta
Variable Write,context=Main#main:1,newX=3
Field Read,context=Main$Tuple:148,y
Field Read,context=Main,yDelta
Variable Write,context=Main#main:1,newY=14
Variable Write,context=Main#main:1,i=1
Variable Delete,method=Main#main:1 <name=newX,type=int (id=7),value=<?>,index=31>
Variable Delete,method=Main#main:1 <name=newY,type=int (id=7),value=<?>,index=32>
Field Read,context=Main$Tuple:148,x
Field Read,context=Main,xDelta
Variable Write,context=Main#main:1,newX=5
Field Read,context=Main$Tuple:148,y
Field Read,context=Main,yDelta
Variable Write,context=Main#main:1,newY=14
Variable Write,context=Main#main:1,g=int[][]:2
New Object,object=Main$Tuple:150
Method Call,caller=Main#main:1,target=Main$Tuple:150#Main$Tuple:150
Variable Write,context=Main$Tuple:150#Main$Tuple:150,x=5
Variable Write,context=Main$Tuple:150#Main$Tuple:150,y=14
Field Write,context=Main$Tuple:150,x=5
Field Write,context=Main$Tuple:150,y=14
Method Exit,returner=Main$Tuple:150#Main$Tuple:150,value=<void>
Variable Write,context=Main#main:1,i=2
Variable Delete,method=Main#main:1 <name=newX,type=int (id=7),value=<?>,index=31>
Variable Delete,method=Main#main:1 <name=newY,type=int (id=7),value=<?>,index=32>
Field Read,context=Main$Tuple:148,x
Field Read,context=Main,xDelta
Variable Write,context=Main#main:1,newX=4
Field Read,context=Main$Tuple:148,y
Field Read,context=Main,yDelta
Variable Write,context=Main#main:1,newY=13
Variable Write,context=Main#main:1,i=3
Variable Delete,method=Main#main:1 <name=newX,type=int (id=7),value=<?>,index=31>
Variable Delete,method=Main#main:1 <name=newY,type=int (id=7),value=<?>,index=32>
Field Read,context=Main$Tuple:148,x
Field Read,context=Main,xDelta
Variable Write,context=Main#main:1,newX=4
Field Read,context=Main$Tuple:148,y
Field Read,context=Main,yDelta
Variable Write,context=Main#main:1,newY=15
Variable Delete,method=Main#main:1 <name=newX,type=int (id=7),value=<?>,index=31>
Variable Delete,method=Main#main:1 <name=newY,type=int (id=7),value=<?>,index=32>
Variable Delete,method=Main#main:1 <name=t,type=Main$Tuple (id=90),value=<?>,index=29>
Variable Delete,method=Main#main:1 <name=i,type=int (id=7),value=<?>,index=30>
Variable Write,context=Main#main:1,t=Main$Tuple:149
Variable Write,context=Main#main:1,i=0
Field Read,context=Main$Tuple:149,x
Field Read,context=Main,xDelta
Variable Write,context=Main#main:1,newX=15
Field Read,context=Main$Tuple:149,y
Field Read,context=Main,yDelta
Variable Write,context=Main#main:1,newY=3
Variable Write,context=Main#main:1,i=1
Variable Delete,method=Main#main:1 <name=newX,type=int (id=7),value=<?>,index=31>
Variable Delete,method=Main#main:1 <name=newY,type=int (id=7),value=<?>,index=32>
Field Read,context=Main$Tuple:149,x
Field Read,context=Main,xDelta
Variable Write,context=Main#main:1,newX=17
Field Read,context=Main$Tuple:149,y
Field Read,context=Main,yDelta
Variable Write,context=Main#main:1,newY=3
Variable Write,context=Main#main:1,i=2
Variable Delete,method=Main#main:1 <name=newX,type=int (id=7),value=<?>,index=31>
Variable Delete,method=Main#main:1 <name=newY,type=int (id=7),value=<?>,index=32>
Field Read,context=Main$Tuple:149,x
Field Read,context=Main,xDelta
Variable Write,context=Main#main:1,newX=16
Field Read,context=Main$Tuple:149,y
Field Read,context=Main,yDelta
Variable Write,context=Main#main:1,newY=2
Variable Write,context=Main#main:1,i=3
Variable Delete,method=Main#main:1 <name=newX,type=int (id=7),value=<?>,index=31>
Variable Delete,method=Main#main:1 <name=newY,type=int (id=7),value=<?>,index=32>
Field Read,context=Main$Tuple:149,x
Field Read,context=Main,xDelta
Variable Write,context=Main#main:1,newX=16
Field Read,context=Main$Tuple:149,y
Field Read,context=Main,yDelta
Variable Write,context=Main#main:1,newY=4
Variable Write,context=Main#main:1,g=int[][]:2
New Object,object=Main$Tuple:151
Method Call,caller=Main#main:1,target=Main$Tuple:151#Main$Tuple:151
Variable Write,context=Main$Tuple:151#Main$Tuple:151,x=16
Variable Write,context=Main$Tuple:151#Main$Tuple:151,y=4
Field Write,context=Main$Tuple:151,x=16
Field Write,context=Main$Tuple:151,y=4
Method Exit,returner=Main$Tuple:151#Main$Tuple:151,value=<void>
Variable Delete,method=Main#main:1 <name=newX,type=int (id=7),value=<?>,index=31>
Variable Delete,method=Main#main:1 <name=newY,type=int (id=7),value=<?>,index=32>
Variable Delete,method=Main#main:1 <name=t,type=Main$Tuple (id=90),value=<?>,index=29>
Variable Delete,method=Main#main:1 <name=i,type=int (id=7),value=<?>,index=30>
Variable Write,context=Main#main:1,t=Main$Tuple:150
Variable Write,context=Main#main:1,i=0
Field Read,context=Main$Tuple:150,x
Field Read,context=Main,xDelta
Variable Write,context=Main#main:1,newX=4
Field Read,context=Main$Tuple:150,y
Field Read,context=Main,yDelta
Variable Write,context=Main#main:1,newY=14
Variable Write,context=Main#main:1,i=1
Variable Delete,method=Main#main:1 <name=newX,type=int (id=7),value=<?>,index=31>
Variable Delete,method=Main#main:1 <name=newY,type=int (id=7),value=<?>,index=32>
Field Read,context=Main$Tuple:150,x
Field Read,context=Main,xDelta
Variable Write,context=Main#main:1,newX=6
Field Read,context=Main$Tuple:150,y
Field Read,context=Main,yDelta
Variable Write,context=Main#main:1,newY=14
Variable Write,context=Main#main:1,g=int[][]:2
New Object,object=Main$Tuple:152
Method Call,caller=Main#main:1,target=Main$Tuple:152#Main$Tuple:152
Variable Write,context=Main$Tuple:152#Main$Tuple:152,x=6
Variable Write,context=Main$Tuple:152#Main$Tuple:152,y=14
Field Write,context=Main$Tuple:152,x=6
Field Write,context=Main$Tuple:152,y=14
Method Exit,returner=Main$Tuple:152#Main$Tuple:152,value=<void>
Variable Write,context=Main#main:1,i=2
Variable Delete,method=Main#main:1 <name=newX,type=int (id=7),value=<?>,index=31>
Variable Delete,method=Main#main:1 <name=newY,type=int (id=7),value=<?>,index=32>
Field Read,context=Main$Tuple:150,x
Field Read,context=Main,xDelta
Variable Write,context=Main#main:1,newX=5
Field Read,context=Main$Tuple:150,y
Field Read,context=Main,yDelta
Variable Write,context=Main#main:1,newY=13
Variable Write,context=Main#main:1,i=3
Variable Delete,method=Main#main:1 <name=newX,type=int (id=7),value=<?>,index=31>
Variable Delete,method=Main#main:1 <name=newY,type=int (id=7),value=<?>,index=32>
Field Read,context=Main$Tuple:150,x
Field Read,context=Main,xDelta
Variable Write,context=Main#main:1,newX=5
Field Read,context=Main$Tuple:150,y
Field Read,context=Main,yDelta
Variable Write,context=Main#main:1,newY=15
Variable Delete,method=Main#main:1 <name=newX,type=int (id=7),value=<?>,index=31>
Variable Delete,method=Main#main:1 <name=newY,type=int (id=7),value=<?>,index=32>
Variable Delete,method=Main#main:1 <name=t,type=Main$Tuple (id=90),value=<?>,index=29>
Variable Delete,method=Main#main:1 <name=i,type=int (id=7),value=<?>,index=30>
Variable Write,context=Main#main:1,t=Main$Tuple:151
Variable Write,context=Main#main:1,i=0
Field Read,context=Main$Tuple:151,x
Field Read,context=Main,xDelta
Variable Write,context=Main#main:1,newX=15
Field Read,context=Main$Tuple:151,y
Field Read,context=Main,yDelta
Variable Write,context=Main#main:1,newY=4
Variable Write,context=Main#main:1,g=int[][]:2
New Object,object=Main$Tuple:153
Method Call,caller=Main#main:1,target=Main$Tuple:153#Main$Tuple:153
Variable Write,context=Main$Tuple:153#Main$Tuple:153,x=15
Variable Write,context=Main$Tuple:153#Main$Tuple:153,y=4
Field Write,context=Main$Tuple:153,x=15
Field Write,context=Main$Tuple:153,y=4
Method Exit,returner=Main$Tuple:153#Main$Tuple:153,value=<void>
Variable Write,context=Main#main:1,i=1
Variable Delete,method=Main#main:1 <name=newX,type=int (id=7),value=<?>,index=31>
Variable Delete,method=Main#main:1 <name=newY,type=int (id=7),value=<?>,index=32>
Field Read,context=Main$Tuple:151,x
Field Read,context=Main,xDelta
Variable Write,context=Main#main:1,newX=17
Field Read,context=Main$Tuple:151,y
Field Read,context=Main,yDelta
Variable Write,context=Main#main:1,newY=4
Variable Write,context=Main#main:1,i=2
Variable Delete,method=Main#main:1 <name=newX,type=int (id=7),value=<?>,index=31>
Variable Delete,method=Main#main:1 <name=newY,type=int (id=7),value=<?>,index=32>
Field Read,context=Main$Tuple:151,x
Field Read,context=Main,xDelta
Variable Write,context=Main#main:1,newX=16
Field Read,context=Main$Tuple:151,y
Field Read,context=Main,yDelta
Variable Write,context=Main#main:1,newY=3
Variable Write,context=Main#main:1,i=3
Variable Delete,method=Main#main:1 <name=newX,type=int (id=7),value=<?>,index=31>
Variable Delete,method=Main#main:1 <name=newY,type=int (id=7),value=<?>,index=32>
Field Read,context=Main$Tuple:151,x
Field Read,context=Main,xDelta
Variable Write,context=Main#main:1,newX=16
Field Read,context=Main$Tuple:151,y
Field Read,context=Main,yDelta
Variable Write,context=Main#main:1,newY=5
Variable Write,context=Main#main:1,g=int[][]:2
New Object,object=Main$Tuple:154
Method Call,caller=Main#main:1,target=Main$Tuple:154#Main$Tuple:154
Variable Write,context=Main$Tuple:154#Main$Tuple:154,x=16
Variable Write,context=Main$Tuple:154#Main$Tuple:154,y=5
Field Write,context=Main$Tuple:154,x=16
Field Write,context=Main$Tuple:154,y=5
Method Exit,returner=Main$Tuple:154#Main$Tuple:154,value=<void>
Variable Delete,method=Main#main:1 <name=newX,type=int (id=7),value=<?>,index=31>
Variable Delete,method=Main#main:1 <name=newY,type=int (id=7),value=<?>,index=32>
Variable Delete,method=Main#main:1 <name=t,type=Main$Tuple (id=90),value=<?>,index=29>
Variable Delete,method=Main#main:1 <name=i,type=int (id=7),value=<?>,index=30>
Variable Write,context=Main#main:1,t=Main$Tuple:152
Variable Write,context=Main#main:1,i=0
Field Read,context=Main$Tuple:152,x
Field Read,context=Main,xDelta
Variable Write,context=Main#main:1,newX=5
Field Read,context=Main$Tuple:152,y
Field Read,context=Main,yDelta
Variable Write,context=Main#main:1,newY=14
Variable Write,context=Main#main:1,i=1
Variable Delete,method=Main#main:1 <name=newX,type=int (id=7),value=<?>,index=31>
Variable Delete,method=Main#main:1 <name=newY,type=int (id=7),value=<?>,index=32>
Field Read,context=Main$Tuple:152,x
Field Read,context=Main,xDelta
Variable Write,context=Main#main:1,newX=7
Field Read,context=Main$Tuple:152,y
Field Read,context=Main,yDelta
Variable Write,context=Main#main:1,newY=14
Variable Write,context=Main#main:1,g=int[][]:2
New Object,object=Main$Tuple:155
Method Call,caller=Main#main:1,target=Main$Tuple:155#Main$Tuple:155
Variable Write,context=Main$Tuple:155#Main$Tuple:155,x=7
Variable Write,context=Main$Tuple:155#Main$Tuple:155,y=14
Field Write,context=Main$Tuple:155,x=7
Field Write,context=Main$Tuple:155,y=14
Method Exit,returner=Main$Tuple:155#Main$Tuple:155,value=<void>
Variable Write,context=Main#main:1,i=2
Variable Delete,method=Main#main:1 <name=newX,type=int (id=7),value=<?>,index=31>
Variable Delete,method=Main#main:1 <name=newY,type=int (id=7),value=<?>,index=32>
Field Read,context=Main$Tuple:152,x
Field Read,context=Main,xDelta
Variable Write,context=Main#main:1,newX=6
Field Read,context=Main$Tuple:152,y
Field Read,context=Main,yDelta
Variable Write,context=Main#main:1,newY=13
Variable Write,context=Main#main:1,i=3
Variable Delete,method=Main#main:1 <name=newX,type=int (id=7),value=<?>,index=31>
Variable Delete,method=Main#main:1 <name=newY,type=int (id=7),value=<?>,index=32>
Field Read,context=Main$Tuple:152,x
Field Read,context=Main,xDelta
Variable Write,context=Main#main:1,newX=6
Field Read,context=Main$Tuple:152,y
Field Read,context=Main,yDelta
Variable Write,context=Main#main:1,newY=15
Variable Delete,method=Main#main:1 <name=newX,type=int (id=7),value=<?>,index=31>
Variable Delete,method=Main#main:1 <name=newY,type=int (id=7),value=<?>,index=32>
Variable Delete,method=Main#main:1 <name=t,type=Main$Tuple (id=90),value=<?>,index=29>
Variable Delete,method=Main#main:1 <name=i,type=int (id=7),value=<?>,index=30>
Variable Write,context=Main#main:1,t=Main$Tuple:153
Variable Write,context=Main#main:1,i=0
Field Read,context=Main$Tuple:153,x
Field Read,context=Main,xDelta
Variable Write,context=Main#main:1,newX=14
Field Read,context=Main$Tuple:153,y
Field Read,context=Main,yDelta
Variable Write,context=Main#main:1,newY=4
Variable Write,context=Main#main:1,g=int[][]:2
New Object,object=Main$Tuple:156
Method Call,caller=Main#main:1,target=Main$Tuple:156#Main$Tuple:156
Variable Write,context=Main$Tuple:156#Main$Tuple:156,x=14
Variable Write,context=Main$Tuple:156#Main$Tuple:156,y=4
Field Write,context=Main$Tuple:156,x=14
Field Write,context=Main$Tuple:156,y=4
Method Exit,returner=Main$Tuple:156#Main$Tuple:156,value=<void>
Variable Write,context=Main#main:1,i=1
Variable Delete,method=Main#main:1 <name=newX,type=int (id=7),value=<?>,index=31>
Variable Delete,method=Main#main:1 <name=newY,type=int (id=7),value=<?>,index=32>
Field Read,context=Main$Tuple:153,x
Field Read,context=Main,xDelta
Variable Write,context=Main#main:1,newX=16
Field Read,context=Main$Tuple:153,y
Field Read,context=Main,yDelta
Variable Write,context=Main#main:1,newY=4
Variable Write,context=Main#main:1,i=2
Variable Delete,method=Main#main:1 <name=newX,type=int (id=7),value=<?>,index=31>
Variable Delete,method=Main#main:1 <name=newY,type=int (id=7),value=<?>,index=32>
Field Read,context=Main$Tuple:153,x
Field Read,context=Main,xDelta
Variable Write,context=Main#main:1,newX=15
Field Read,context=Main$Tuple:153,y
Field Read,context=Main,yDelta
Variable Write,context=Main#main:1,newY=3
Variable Write,context=Main#main:1,i=3
Variable Delete,method=Main#main:1 <name=newX,type=int (id=7),value=<?>,index=31>
Variable Delete,method=Main#main:1 <name=newY,type=int (id=7),value=<?>,index=32>
Field Read,context=Main$Tuple:153,x
Field Read,context=Main,xDelta
Variable Write,context=Main#main:1,newX=15
Field Read,context=Main$Tuple:153,y
Field Read,context=Main,yDelta
Variable Write,context=Main#main:1,newY=5
Variable Write,context=Main#main:1,g=int[][]:2
New Object,object=Main$Tuple:157
Method Call,caller=Main#main:1,target=Main$Tuple:157#Main$Tuple:157
Variable Write,context=Main$Tuple:157#Main$Tuple:157,x=15
Variable Write,context=Main$Tuple:157#Main$Tuple:157,y=5
Field Write,context=Main$Tuple:157,x=15
Field Write,context=Main$Tuple:157,y=5
Method Exit,returner=Main$Tuple:157#Main$Tuple:157,value=<void>
Variable Delete,method=Main#main:1 <name=newX,type=int (id=7),value=<?>,index=31>
Variable Delete,method=Main#main:1 <name=newY,type=int (id=7),value=<?>,index=32>
Variable Delete,method=Main#main:1 <name=t,type=Main$Tuple (id=90),value=<?>,index=29>
Variable Delete,method=Main#main:1 <name=i,type=int (id=7),value=<?>,index=30>
Variable Write,context=Main#main:1,t=Main$Tuple:154
Variable Write,context=Main#main:1,i=0
Field Read,context=Main$Tuple:154,x
Field Read,context=Main,xDelta
Variable Write,context=Main#main:1,newX=15
Field Read,context=Main$Tuple:154,y
Field Read,context=Main,yDelta
Variable Write,context=Main#main:1,newY=5
Variable Write,context=Main#main:1,i=1
Variable Delete,method=Main#main:1 <name=newX,type=int (id=7),value=<?>,index=31>
Variable Delete,method=Main#main:1 <name=newY,type=int (id=7),value=<?>,index=32>
Field Read,context=Main$Tuple:154,x
Field Read,context=Main,xDelta
Variable Write,context=Main#main:1,newX=17
Field Read,context=Main$Tuple:154,y
Field Read,context=Main,yDelta
Variable Write,context=Main#main:1,newY=5
Variable Write,context=Main#main:1,i=2
Variable Delete,method=Main#main:1 <name=newX,type=int (id=7),value=<?>,index=31>
Variable Delete,method=Main#main:1 <name=newY,type=int (id=7),value=<?>,index=32>
Field Read,context=Main$Tuple:154,x
Field Read,context=Main,xDelta
Variable Write,context=Main#main:1,newX=16
Field Read,context=Main$Tuple:154,y
Field Read,context=Main,yDelta
Variable Write,context=Main#main:1,newY=4
Variable Write,context=Main#main:1,i=3
Variable Delete,method=Main#main:1 <name=newX,type=int (id=7),value=<?>,index=31>
Variable Delete,method=Main#main:1 <name=newY,type=int (id=7),value=<?>,index=32>
Field Read,context=Main$Tuple:154,x
Field Read,context=Main,xDelta
Variable Write,context=Main#main:1,newX=16
Field Read,context=Main$Tuple:154,y
Field Read,context=Main,yDelta
Variable Write,context=Main#main:1,newY=6
Variable Write,context=Main#main:1,g=int[][]:2
New Object,object=Main$Tuple:158
Method Call,caller=Main#main:1,target=Main$Tuple:158#Main$Tuple:158
Variable Write,context=Main$Tuple:158#Main$Tuple:158,x=16
Variable Write,context=Main$Tuple:158#Main$Tuple:158,y=6
Field Write,context=Main$Tuple:158,x=16
Field Write,context=Main$Tuple:158,y=6
Method Exit,returner=Main$Tuple:158#Main$Tuple:158,value=<void>
Variable Delete,method=Main#main:1 <name=newX,type=int (id=7),value=<?>,index=31>
Variable Delete,method=Main#main:1 <name=newY,type=int (id=7),value=<?>,index=32>
Variable Delete,method=Main#main:1 <name=t,type=Main$Tuple (id=90),value=<?>,index=29>
Variable Delete,method=Main#main:1 <name=i,type=int (id=7),value=<?>,index=30>
Variable Write,context=Main#main:1,t=Main$Tuple:155
Variable Write,context=Main#main:1,i=0
Field Read,context=Main$Tuple:155,x
Field Read,context=Main,xDelta
Variable Write,context=Main#main:1,newX=6
Field Read,context=Main$Tuple:155,y
Field Read,context=Main,yDelta
Variable Write,context=Main#main:1,newY=14
Variable Write,context=Main#main:1,i=1
Variable Delete,method=Main#main:1 <name=newX,type=int (id=7),value=<?>,index=31>
Variable Delete,method=Main#main:1 <name=newY,type=int (id=7),value=<?>,index=32>
Field Read,context=Main$Tuple:155,x
Field Read,context=Main,xDelta
Variable Write,context=Main#main:1,newX=8
Field Read,context=Main$Tuple:155,y
Field Read,context=Main,yDelta
Variable Write,context=Main#main:1,newY=14
Variable Write,context=Main#main:1,g=int[][]:2
New Object,object=Main$Tuple:159
Method Call,caller=Main#main:1,target=Main$Tuple:159#Main$Tuple:159
Variable Write,context=Main$Tuple:159#Main$Tuple:159,x=8
Variable Write,context=Main$Tuple:159#Main$Tuple:159,y=14
Field Write,context=Main$Tuple:159,x=8
Field Write,context=Main$Tuple:159,y=14
Method Exit,returner=Main$Tuple:159#Main$Tuple:159,value=<void>
Variable Write,context=Main#main:1,i=2
Variable Delete,method=Main#main:1 <name=newX,type=int (id=7),value=<?>,index=31>
Variable Delete,method=Main#main:1 <name=newY,type=int (id=7),value=<?>,index=32>
Field Read,context=Main$Tuple:155,x
Field Read,context=Main,xDelta
Variable Write,context=Main#main:1,newX=7
Field Read,context=Main$Tuple:155,y
Field Read,context=Main,yDelta
Variable Write,context=Main#main:1,newY=13
Variable Write,context=Main#main:1,i=3
Variable Delete,method=Main#main:1 <name=newX,type=int (id=7),value=<?>,index=31>
Variable Delete,method=Main#main:1 <name=newY,type=int (id=7),value=<?>,index=32>
Field Read,context=Main$Tuple:155,x
Field Read,context=Main,xDelta
Variable Write,context=Main#main:1,newX=7
Field Read,context=Main$Tuple:155,y
Field Read,context=Main,yDelta
Variable Write,context=Main#main:1,newY=15
Variable Delete,method=Main#main:1 <name=newX,type=int (id=7),value=<?>,index=31>
Variable Delete,method=Main#main:1 <name=newY,type=int (id=7),value=<?>,index=32>
Variable Delete,method=Main#main:1 <name=t,type=Main$Tuple (id=90),value=<?>,index=29>
Variable Delete,method=Main#main:1 <name=i,type=int (id=7),value=<?>,index=30>
Variable Write,context=Main#main:1,t=Main$Tuple:156
Variable Write,context=Main#main:1,i=0
Field Read,context=Main$Tuple:156,x
Field Read,context=Main,xDelta
Variable Write,context=Main#main:1,newX=13
Field Read,context=Main$Tuple:156,y
Field Read,context=Main,yDelta
Variable Write,context=Main#main:1,newY=4
Variable Write,context=Main#main:1,i=1
Variable Delete,method=Main#main:1 <name=newX,type=int (id=7),value=<?>,index=31>
Variable Delete,method=Main#main:1 <name=newY,type=int (id=7),value=<?>,index=32>
Field Read,context=Main$Tuple:156,x
Field Read,context=Main,xDelta
Variable Write,context=Main#main:1,newX=15
Field Read,context=Main$Tuple:156,y
Field Read,context=Main,yDelta
Variable Write,context=Main#main:1,newY=4
Variable Write,context=Main#main:1,i=2
Variable Delete,method=Main#main:1 <name=newX,type=int (id=7),value=<?>,index=31>
Variable Delete,method=Main#main:1 <name=newY,type=int (id=7),value=<?>,index=32>
Field Read,context=Main$Tuple:156,x
Field Read,context=Main,xDelta
Variable Write,context=Main#main:1,newX=14
Field Read,context=Main$Tuple:156,y
Field Read,context=Main,yDelta
Variable Write,context=Main#main:1,newY=3
Variable Write,context=Main#main:1,i=3
Variable Delete,method=Main#main:1 <name=newX,type=int (id=7),value=<?>,index=31>
Variable Delete,method=Main#main:1 <name=newY,type=int (id=7),value=<?>,index=32>
Field Read,context=Main$Tuple:156,x
Field Read,context=Main,xDelta
Variable Write,context=Main#main:1,newX=14
Field Read,context=Main$Tuple:156,y
Field Read,context=Main,yDelta
Variable Write,context=Main#main:1,newY=5
Variable Write,context=Main#main:1,g=int[][]:2
New Object,object=Main$Tuple:160
Method Call,caller=Main#main:1,target=Main$Tuple:160#Main$Tuple:160
Variable Write,context=Main$Tuple:160#Main$Tuple:160,x=14
Variable Write,context=Main$Tuple:160#Main$Tuple:160,y=5
Field Write,context=Main$Tuple:160,x=14
Field Write,context=Main$Tuple:160,y=5
Method Exit,returner=Main$Tuple:160#Main$Tuple:160,value=<void>
Variable Delete,method=Main#main:1 <name=newX,type=int (id=7),value=<?>,index=31>
Variable Delete,method=Main#main:1 <name=newY,type=int (id=7),value=<?>,index=32>
Variable Delete,method=Main#main:1 <name=t,type=Main$Tuple (id=90),value=<?>,index=29>
Variable Delete,method=Main#main:1 <name=i,type=int (id=7),value=<?>,index=30>
Variable Write,context=Main#main:1,t=Main$Tuple:157
Variable Write,context=Main#main:1,i=0
Field Read,context=Main$Tuple:157,x
Field Read,context=Main,xDelta
Variable Write,context=Main#main:1,newX=14
Field Read,context=Main$Tuple:157,y
Field Read,context=Main,yDelta
Variable Write,context=Main#main:1,newY=5
Variable Write,context=Main#main:1,i=1
Variable Delete,method=Main#main:1 <name=newX,type=int (id=7),value=<?>,index=31>
Variable Delete,method=Main#main:1 <name=newY,type=int (id=7),value=<?>,index=32>
Field Read,context=Main$Tuple:157,x
Field Read,context=Main,xDelta
Variable Write,context=Main#main:1,newX=16
Field Read,context=Main$Tuple:157,y
Field Read,context=Main,yDelta
Variable Write,context=Main#main:1,newY=5
Variable Write,context=Main#main:1,i=2
Variable Delete,method=Main#main:1 <name=newX,type=int (id=7),value=<?>,index=31>
Variable Delete,method=Main#main:1 <name=newY,type=int (id=7),value=<?>,index=32>
Field Read,context=Main$Tuple:157,x
Field Read,context=Main,xDelta
Variable Write,context=Main#main:1,newX=15
Field Read,context=Main$Tuple:157,y
Field Read,context=Main,yDelta
Variable Write,context=Main#main:1,newY=4
Variable Write,context=Main#main:1,i=3
Variable Delete,method=Main#main:1 <name=newX,type=int (id=7),value=<?>,index=31>
Variable Delete,method=Main#main:1 <name=newY,type=int (id=7),value=<?>,index=32>
Field Read,context=Main$Tuple:157,x
Field Read,context=Main,xDelta
Variable Write,context=Main#main:1,newX=15
Field Read,context=Main$Tuple:157,y
Field Read,context=Main,yDelta
Variable Write,context=Main#main:1,newY=6
Variable Write,context=Main#main:1,g=int[][]:2
New Object,object=Main$Tuple:161
Method Call,caller=Main#main:1,target=Main$Tuple:161#Main$Tuple:161
Variable Write,context=Main$Tuple:161#Main$Tuple:161,x=15
Variable Write,context=Main$Tuple:161#Main$Tuple:161,y=6
Field Write,context=Main$Tuple:161,x=15
Field Write,context=Main$Tuple:161,y=6
Method Exit,returner=Main$Tuple:161#Main$Tuple:161,value=<void>
Variable Delete,method=Main#main:1 <name=newX,type=int (id=7),value=<?>,index=31>
Variable Delete,method=Main#main:1 <name=newY,type=int (id=7),value=<?>,index=32>
Variable Delete,method=Main#main:1 <name=t,type=Main$Tuple (id=90),value=<?>,index=29>
Variable Delete,method=Main#main:1 <name=i,type=int (id=7),value=<?>,index=30>
Variable Write,context=Main#main:1,t=Main$Tuple:158
Variable Write,context=Main#main:1,i=0
Field Read,context=Main$Tuple:158,x
Field Read,context=Main,xDelta
Variable Write,context=Main#main:1,newX=15
Field Read,context=Main$Tuple:158,y
Field Read,context=Main,yDelta
Variable Write,context=Main#main:1,newY=6
Variable Write,context=Main#main:1,i=1
Variable Delete,method=Main#main:1 <name=newX,type=int (id=7),value=<?>,index=31>
Variable Delete,method=Main#main:1 <name=newY,type=int (id=7),value=<?>,index=32>
Field Read,context=Main$Tuple:158,x
Field Read,context=Main,xDelta
Variable Write,context=Main#main:1,newX=17
Field Read,context=Main$Tuple:158,y
Field Read,context=Main,yDelta
Variable Write,context=Main#main:1,newY=6
Variable Write,context=Main#main:1,i=2
Variable Delete,method=Main#main:1 <name=newX,type=int (id=7),value=<?>,index=31>
Variable Delete,method=Main#main:1 <name=newY,type=int (id=7),value=<?>,index=32>
Field Read,context=Main$Tuple:158,x
Field Read,context=Main,xDelta
Variable Write,context=Main#main:1,newX=16
Field Read,context=Main$Tuple:158,y
Field Read,context=Main,yDelta
Variable Write,context=Main#main:1,newY=5
Variable Write,context=Main#main:1,i=3
Variable Delete,method=Main#main:1 <name=newX,type=int (id=7),value=<?>,index=31>
Variable Delete,method=Main#main:1 <name=newY,type=int (id=7),value=<?>,index=32>
Field Read,context=Main$Tuple:158,x
Field Read,context=Main,xDelta
Variable Write,context=Main#main:1,newX=16
Field Read,context=Main$Tuple:158,y
Field Read,context=Main,yDelta
Variable Write,context=Main#main:1,newY=7
Variable Write,context=Main#main:1,g=int[][]:2
New Object,object=Main$Tuple:162
Method Call,caller=Main#main:1,target=Main$Tuple:162#Main$Tuple:162
Variable Write,context=Main$Tuple:162#Main$Tuple:162,x=16
Variable Write,context=Main$Tuple:162#Main$Tuple:162,y=7
Field Write,context=Main$Tuple:162,x=16
Field Write,context=Main$Tuple:162,y=7
Method Exit,returner=Main$Tuple:162#Main$Tuple:162,value=<void>
Variable Delete,method=Main#main:1 <name=newX,type=int (id=7),value=<?>,index=31>
Variable Delete,method=Main#main:1 <name=newY,type=int (id=7),value=<?>,index=32>
Variable Delete,method=Main#main:1 <name=t,type=Main$Tuple (id=90),value=<?>,index=29>
Variable Delete,method=Main#main:1 <name=i,type=int (id=7),value=<?>,index=30>
Variable Write,context=Main#main:1,t=Main$Tuple:159
Variable Write,context=Main#main:1,i=0
Field Read,context=Main$Tuple:159,x
Field Read,context=Main,xDelta
Variable Write,context=Main#main:1,newX=7
Field Read,context=Main$Tuple:159,y
Field Read,context=Main,yDelta
Variable Write,context=Main#main:1,newY=14
Variable Write,context=Main#main:1,i=1
Variable Delete,method=Main#main:1 <name=newX,type=int (id=7),value=<?>,index=31>
Variable Delete,method=Main#main:1 <name=newY,type=int (id=7),value=<?>,index=32>
Field Read,context=Main$Tuple:159,x
Field Read,context=Main,xDelta
Variable Write,context=Main#main:1,newX=9
Field Read,context=Main$Tuple:159,y
Field Read,context=Main,yDelta
Variable Write,context=Main#main:1,newY=14
Variable Write,context=Main#main:1,g=int[][]:2
New Object,object=Main$Tuple:163
Method Call,caller=Main#main:1,target=Main$Tuple:163#Main$Tuple:163
Variable Write,context=Main$Tuple:163#Main$Tuple:163,x=9
Variable Write,context=Main$Tuple:163#Main$Tuple:163,y=14
Field Write,context=Main$Tuple:163,x=9
Field Write,context=Main$Tuple:163,y=14
Method Exit,returner=Main$Tuple:163#Main$Tuple:163,value=<void>
Variable Write,context=Main#main:1,i=2
Variable Delete,method=Main#main:1 <name=newX,type=int (id=7),value=<?>,index=31>
Variable Delete,method=Main#main:1 <name=newY,type=int (id=7),value=<?>,index=32>
Field Read,context=Main$Tuple:159,x
Field Read,context=Main,xDelta
Variable Write,context=Main#main:1,newX=8
Field Read,context=Main$Tuple:159,y
Field Read,context=Main,yDelta
Variable Write,context=Main#main:1,newY=13
Variable Write,context=Main#main:1,i=3
Variable Delete,method=Main#main:1 <name=newX,type=int (id=7),value=<?>,index=31>
Variable Delete,method=Main#main:1 <name=newY,type=int (id=7),value=<?>,index=32>
Field Read,context=Main$Tuple:159,x
Field Read,context=Main,xDelta
Variable Write,context=Main#main:1,newX=8
Field Read,context=Main$Tuple:159,y
Field Read,context=Main,yDelta
Variable Write,context=Main#main:1,newY=15
Variable Delete,method=Main#main:1 <name=newX,type=int (id=7),value=<?>,index=31>
Variable Delete,method=Main#main:1 <name=newY,type=int (id=7),value=<?>,index=32>
Variable Delete,method=Main#main:1 <name=t,type=Main$Tuple (id=90),value=<?>,index=29>
Variable Delete,method=Main#main:1 <name=i,type=int (id=7),value=<?>,index=30>
Variable Write,context=Main#main:1,t=Main$Tuple:160
Variable Write,context=Main#main:1,i=0
Field Read,context=Main$Tuple:160,x
Field Read,context=Main,xDelta
Variable Write,context=Main#main:1,newX=13
Field Read,context=Main$Tuple:160,y
Field Read,context=Main,yDelta
Variable Write,context=Main#main:1,newY=5
Variable Write,context=Main#main:1,i=1
Variable Delete,method=Main#main:1 <name=newX,type=int (id=7),value=<?>,index=31>
Variable Delete,method=Main#main:1 <name=newY,type=int (id=7),value=<?>,index=32>
Field Read,context=Main$Tuple:160,x
Field Read,context=Main,xDelta
Variable Write,context=Main#main:1,newX=15
Field Read,context=Main$Tuple:160,y
Field Read,context=Main,yDelta
Variable Write,context=Main#main:1,newY=5
Variable Write,context=Main#main:1,i=2
Variable Delete,method=Main#main:1 <name=newX,type=int (id=7),value=<?>,index=31>
Variable Delete,method=Main#main:1 <name=newY,type=int (id=7),value=<?>,index=32>
Field Read,context=Main$Tuple:160,x
Field Read,context=Main,xDelta
Variable Write,context=Main#main:1,newX=14
Field Read,context=Main$Tuple:160,y
Field Read,context=Main,yDelta
Variable Write,context=Main#main:1,newY=4
Variable Write,context=Main#main:1,i=3
Variable Delete,method=Main#main:1 <name=newX,type=int (id=7),value=<?>,index=31>
Variable Delete,method=Main#main:1 <name=newY,type=int (id=7),value=<?>,index=32>
Field Read,context=Main$Tuple:160,x
Field Read,context=Main,xDelta
Variable Write,context=Main#main:1,newX=14
Field Read,context=Main$Tuple:160,y
Field Read,context=Main,yDelta
Variable Write,context=Main#main:1,newY=6
Variable Write,context=Main#main:1,g=int[][]:2
New Object,object=Main$Tuple:164
Method Call,caller=Main#main:1,target=Main$Tuple:164#Main$Tuple:164
Variable Write,context=Main$Tuple:164#Main$Tuple:164,x=14
Variable Write,context=Main$Tuple:164#Main$Tuple:164,y=6
Field Write,context=Main$Tuple:164,x=14
Field Write,context=Main$Tuple:164,y=6
Method Exit,returner=Main$Tuple:164#Main$Tuple:164,value=<void>
Variable Delete,method=Main#main:1 <name=newX,type=int (id=7),value=<?>,index=31>
Variable Delete,method=Main#main:1 <name=newY,type=int (id=7),value=<?>,index=32>
Variable Delete,method=Main#main:1 <name=t,type=Main$Tuple (id=90),value=<?>,index=29>
Variable Delete,method=Main#main:1 <name=i,type=int (id=7),value=<?>,index=30>
Variable Write,context=Main#main:1,t=Main$Tuple:161
Variable Write,context=Main#main:1,i=0
Field Read,context=Main$Tuple:161,x
Field Read,context=Main,xDelta
Variable Write,context=Main#main:1,newX=14
Field Read,context=Main$Tuple:161,y
Field Read,context=Main,yDelta
Variable Write,context=Main#main:1,newY=6
Variable Write,context=Main#main:1,i=1
Variable Delete,method=Main#main:1 <name=newX,type=int (id=7),value=<?>,index=31>
Variable Delete,method=Main#main:1 <name=newY,type=int (id=7),value=<?>,index=32>
Field Read,context=Main$Tuple:161,x
Field Read,context=Main,xDelta
Variable Write,context=Main#main:1,newX=16
Field Read,context=Main$Tuple:161,y
Field Read,context=Main,yDelta
Variable Write,context=Main#main:1,newY=6
Variable Write,context=Main#main:1,i=2
Variable Delete,method=Main#main:1 <name=newX,type=int (id=7),value=<?>,index=31>
Variable Delete,method=Main#main:1 <name=newY,type=int (id=7),value=<?>,index=32>
Field Read,context=Main$Tuple:161,x
Field Read,context=Main,xDelta
Variable Write,context=Main#main:1,newX=15
Field Read,context=Main$Tuple:161,y
Field Read,context=Main,yDelta
Variable Write,context=Main#main:1,newY=5
Variable Write,context=Main#main:1,i=3
Variable Delete,method=Main#main:1 <name=newX,type=int (id=7),value=<?>,index=31>
Variable Delete,method=Main#main:1 <name=newY,type=int (id=7),value=<?>,index=32>
Field Read,context=Main$Tuple:161,x
Field Read,context=Main,xDelta
Variable Write,context=Main#main:1,newX=15
Field Read,context=Main$Tuple:161,y
Field Read,context=Main,yDelta
Variable Write,context=Main#main:1,newY=7
Variable Write,context=Main#main:1,g=int[][]:2
New Object,object=Main$Tuple:165
Method Call,caller=Main#main:1,target=Main$Tuple:165#Main$Tuple:165
Variable Write,context=Main$Tuple:165#Main$Tuple:165,x=15
Variable Write,context=Main$Tuple:165#Main$Tuple:165,y=7
Field Write,context=Main$Tuple:165,x=15
Field Write,context=Main$Tuple:165,y=7
Method Exit,returner=Main$Tuple:165#Main$Tuple:165,value=<void>
Variable Delete,method=Main#main:1 <name=newX,type=int (id=7),value=<?>,index=31>
Variable Delete,method=Main#main:1 <name=newY,type=int (id=7),value=<?>,index=32>
Variable Delete,method=Main#main:1 <name=t,type=Main$Tuple (id=90),value=<?>,index=29>
Variable Delete,method=Main#main:1 <name=i,type=int (id=7),value=<?>,index=30>
Variable Write,context=Main#main:1,t=Main$Tuple:162
Variable Write,context=Main#main:1,i=0
Field Read,context=Main$Tuple:162,x
Field Read,context=Main,xDelta
Variable Write,context=Main#main:1,newX=15
Field Read,context=Main$Tuple:162,y
Field Read,context=Main,yDelta
Variable Write,context=Main#main:1,newY=7
Variable Write,context=Main#main:1,i=1
Variable Delete,method=Main#main:1 <name=newX,type=int (id=7),value=<?>,index=31>
Variable Delete,method=Main#main:1 <name=newY,type=int (id=7),value=<?>,index=32>
Field Read,context=Main$Tuple:162,x
Field Read,context=Main,xDelta
Variable Write,context=Main#main:1,newX=17
Field Read,context=Main$Tuple:162,y
Field Read,context=Main,yDelta
Variable Write,context=Main#main:1,newY=7
Variable Write,context=Main#main:1,i=2
Variable Delete,method=Main#main:1 <name=newX,type=int (id=7),value=<?>,index=31>
Variable Delete,method=Main#main:1 <name=newY,type=int (id=7),value=<?>,index=32>
Field Read,context=Main$Tuple:162,x
Field Read,context=Main,xDelta
Variable Write,context=Main#main:1,newX=16
Field Read,context=Main$Tuple:162,y
Field Read,context=Main,yDelta
Variable Write,context=Main#main:1,newY=6
Variable Write,context=Main#main:1,i=3
Variable Delete,method=Main#main:1 <name=newX,type=int (id=7),value=<?>,index=31>
Variable Delete,method=Main#main:1 <name=newY,type=int (id=7),value=<?>,index=32>
Field Read,context=Main$Tuple:162,x
Field Read,context=Main,xDelta
Variable Write,context=Main#main:1,newX=16
Field Read,context=Main$Tuple:162,y
Field Read,context=Main,yDelta
Variable Write,context=Main#main:1,newY=8
Variable Write,context=Main#main:1,g=int[][]:2
New Object,object=Main$Tuple:166
Method Call,caller=Main#main:1,target=Main$Tuple:166#Main$Tuple:166
Variable Write,context=Main$Tuple:166#Main$Tuple:166,x=16
Variable Write,context=Main$Tuple:166#Main$Tuple:166,y=8
Field Write,context=Main$Tuple:166,x=16
Field Write,context=Main$Tuple:166,y=8
Method Exit,returner=Main$Tuple:166#Main$Tuple:166,value=<void>
Variable Delete,method=Main#main:1 <name=newX,type=int (id=7),value=<?>,index=31>
Variable Delete,method=Main#main:1 <name=newY,type=int (id=7),value=<?>,index=32>
Variable Delete,method=Main#main:1 <name=t,type=Main$Tuple (id=90),value=<?>,index=29>
Variable Delete,method=Main#main:1 <name=i,type=int (id=7),value=<?>,index=30>
Variable Write,context=Main#main:1,t=Main$Tuple:163
Variable Write,context=Main#main:1,i=0
Field Read,context=Main$Tuple:163,x
Field Read,context=Main,xDelta
Variable Write,context=Main#main:1,newX=8
Field Read,context=Main$Tuple:163,y
Field Read,context=Main,yDelta
Variable Write,context=Main#main:1,newY=14
Variable Write,context=Main#main:1,i=1
Variable Delete,method=Main#main:1 <name=newX,type=int (id=7),value=<?>,index=31>
Variable Delete,method=Main#main:1 <name=newY,type=int (id=7),value=<?>,index=32>
Field Read,context=Main$Tuple:163,x
Field Read,context=Main,xDelta
Variable Write,context=Main#main:1,newX=10
Field Read,context=Main$Tuple:163,y
Field Read,context=Main,yDelta
Variable Write,context=Main#main:1,newY=14
Variable Write,context=Main#main:1,g=int[][]:2
New Object,object=Main$Tuple:167
Method Call,caller=Main#main:1,target=Main$Tuple:167#Main$Tuple:167
Variable Write,context=Main$Tuple:167#Main$Tuple:167,x=10
Variable Write,context=Main$Tuple:167#Main$Tuple:167,y=14
Field Write,context=Main$Tuple:167,x=10
Field Write,context=Main$Tuple:167,y=14
Method Exit,returner=Main$Tuple:167#Main$Tuple:167,value=<void>
Variable Write,context=Main#main:1,i=2
Variable Delete,method=Main#main:1 <name=newX,type=int (id=7),value=<?>,index=31>
Variable Delete,method=Main#main:1 <name=newY,type=int (id=7),value=<?>,index=32>
Field Read,context=Main$Tuple:163,x
Field Read,context=Main,xDelta
Variable Write,context=Main#main:1,newX=9
Field Read,context=Main$Tuple:163,y
Field Read,context=Main,yDelta
Variable Write,context=Main#main:1,newY=13
Variable Write,context=Main#main:1,i=3
Variable Delete,method=Main#main:1 <name=newX,type=int (id=7),value=<?>,index=31>
Variable Delete,method=Main#main:1 <name=newY,type=int (id=7),value=<?>,index=32>
Field Read,context=Main$Tuple:163,x
Field Read,context=Main,xDelta
Variable Write,context=Main#main:1,newX=9
Field Read,context=Main$Tuple:163,y
Field Read,context=Main,yDelta
Variable Write,context=Main#main:1,newY=15
Variable Delete,method=Main#main:1 <name=newX,type=int (id=7),value=<?>,index=31>
Variable Delete,method=Main#main:1 <name=newY,type=int (id=7),value=<?>,index=32>
Variable Delete,method=Main#main:1 <name=t,type=Main$Tuple (id=90),value=<?>,index=29>
Variable Delete,method=Main#main:1 <name=i,type=int (id=7),value=<?>,index=30>
Variable Write,context=Main#main:1,t=Main$Tuple:164
Variable Write,context=Main#main:1,i=0
Field Read,context=Main$Tuple:164,x
Field Read,context=Main,xDelta
Variable Write,context=Main#main:1,newX=13
Field Read,context=Main$Tuple:164,y
Field Read,context=Main,yDelta
Variable Write,context=Main#main:1,newY=6
Variable Write,context=Main#main:1,i=1
Variable Delete,method=Main#main:1 <name=newX,type=int (id=7),value=<?>,index=31>
Variable Delete,method=Main#main:1 <name=newY,type=int (id=7),value=<?>,index=32>
Field Read,context=Main$Tuple:164,x
Field Read,context=Main,xDelta
Variable Write,context=Main#main:1,newX=15
Field Read,context=Main$Tuple:164,y
Field Read,context=Main,yDelta
Variable Write,context=Main#main:1,newY=6
Variable Write,context=Main#main:1,i=2
Variable Delete,method=Main#main:1 <name=newX,type=int (id=7),value=<?>,index=31>
Variable Delete,method=Main#main:1 <name=newY,type=int (id=7),value=<?>,index=32>
Field Read,context=Main$Tuple:164,x
Field Read,context=Main,xDelta
Variable Write,context=Main#main:1,newX=14
Field Read,context=Main$Tuple:164,y
Field Read,context=Main,yDelta
Variable Write,context=Main#main:1,newY=5
Variable Write,context=Main#main:1,i=3
Variable Delete,method=Main#main:1 <name=newX,type=int (id=7),value=<?>,index=31>
Variable Delete,method=Main#main:1 <name=newY,type=int (id=7),value=<?>,index=32>
Field Read,context=Main$Tuple:164,x
Field Read,context=Main,xDelta
Variable Write,context=Main#main:1,newX=14
Field Read,context=Main$Tuple:164,y
Field Read,context=Main,yDelta
Variable Write,context=Main#main:1,newY=7
Variable Write,context=Main#main:1,g=int[][]:2
New Object,object=Main$Tuple:168
Method Call,caller=Main#main:1,target=Main$Tuple:168#Main$Tuple:168
Variable Write,context=Main$Tuple:168#Main$Tuple:168,x=14
Variable Write,context=Main$Tuple:168#Main$Tuple:168,y=7
Field Write,context=Main$Tuple:168,x=14
Field Write,context=Main$Tuple:168,y=7
Method Exit,returner=Main$Tuple:168#Main$Tuple:168,value=<void>
Variable Delete,method=Main#main:1 <name=newX,type=int (id=7),value=<?>,index=31>
Variable Delete,method=Main#main:1 <name=newY,type=int (id=7),value=<?>,index=32>
Variable Delete,method=Main#main:1 <name=t,type=Main$Tuple (id=90),value=<?>,index=29>
Variable Delete,method=Main#main:1 <name=i,type=int (id=7),value=<?>,index=30>
Variable Write,context=Main#main:1,t=Main$Tuple:165
Variable Write,context=Main#main:1,i=0
Field Read,context=Main$Tuple:165,x
Field Read,context=Main,xDelta
Variable Write,context=Main#main:1,newX=14
Field Read,context=Main$Tuple:165,y
Field Read,context=Main,yDelta
Variable Write,context=Main#main:1,newY=7
Variable Write,context=Main#main:1,i=1
Variable Delete,method=Main#main:1 <name=newX,type=int (id=7),value=<?>,index=31>
Variable Delete,method=Main#main:1 <name=newY,type=int (id=7),value=<?>,index=32>
Field Read,context=Main$Tuple:165,x
Field Read,context=Main,xDelta
Variable Write,context=Main#main:1,newX=16
Field Read,context=Main$Tuple:165,y
Field Read,context=Main,yDelta
Variable Write,context=Main#main:1,newY=7
Variable Write,context=Main#main:1,i=2
Variable Delete,method=Main#main:1 <name=newX,type=int (id=7),value=<?>,index=31>
Variable Delete,method=Main#main:1 <name=newY,type=int (id=7),value=<?>,index=32>
Field Read,context=Main$Tuple:165,x
Field Read,context=Main,xDelta
Variable Write,context=Main#main:1,newX=15
Field Read,context=Main$Tuple:165,y
Field Read,context=Main,yDelta
Variable Write,context=Main#main:1,newY=6
Variable Write,context=Main#main:1,i=3
Variable Delete,method=Main#main:1 <name=newX,type=int (id=7),value=<?>,index=31>
Variable Delete,method=Main#main:1 <name=newY,type=int (id=7),value=<?>,index=32>
Field Read,context=Main$Tuple:165,x
Field Read,context=Main,xDelta
Variable Write,context=Main#main:1,newX=15
Field Read,context=Main$Tuple:165,y
Field Read,context=Main,yDelta
Variable Write,context=Main#main:1,newY=8
Variable Write,context=Main#main:1,g=int[][]:2
New Object,object=Main$Tuple:169
Method Call,caller=Main#main:1,target=Main$Tuple:169#Main$Tuple:169
Variable Write,context=Main$Tuple:169#Main$Tuple:169,x=15
Variable Write,context=Main$Tuple:169#Main$Tuple:169,y=8
Field Write,context=Main$Tuple:169,x=15
Field Write,context=Main$Tuple:169,y=8
Method Exit,returner=Main$Tuple:169#Main$Tuple:169,value=<void>
Variable Delete,method=Main#main:1 <name=newX,type=int (id=7),value=<?>,index=31>
Variable Delete,method=Main#main:1 <name=newY,type=int (id=7),value=<?>,index=32>
Variable Delete,method=Main#main:1 <name=t,type=Main$Tuple (id=90),value=<?>,index=29>
Variable Delete,method=Main#main:1 <name=i,type=int (id=7),value=<?>,index=30>
Variable Write,context=Main#main:1,t=Main$Tuple:166
Variable Write,context=Main#main:1,i=0
Field Read,context=Main$Tuple:166,x
Field Read,context=Main,xDelta
Variable Write,context=Main#main:1,newX=15
Field Read,context=Main$Tuple:166,y
Field Read,context=Main,yDelta
Variable Write,context=Main#main:1,newY=8
Variable Write,context=Main#main:1,i=1
Variable Delete,method=Main#main:1 <name=newX,type=int (id=7),value=<?>,index=31>
Variable Delete,method=Main#main:1 <name=newY,type=int (id=7),value=<?>,index=32>
Field Read,context=Main$Tuple:166,x
Field Read,context=Main,xDelta
Variable Write,context=Main#main:1,newX=17
Field Read,context=Main$Tuple:166,y
Field Read,context=Main,yDelta
Variable Write,context=Main#main:1,newY=8
Variable Write,context=Main#main:1,i=2
Variable Delete,method=Main#main:1 <name=newX,type=int (id=7),value=<?>,index=31>
Variable Delete,method=Main#main:1 <name=newY,type=int (id=7),value=<?>,index=32>
Field Read,context=Main$Tuple:166,x
Field Read,context=Main,xDelta
Variable Write,context=Main#main:1,newX=16
Field Read,context=Main$Tuple:166,y
Field Read,context=Main,yDelta
Variable Write,context=Main#main:1,newY=7
Variable Write,context=Main#main:1,i=3
Variable Delete,method=Main#main:1 <name=newX,type=int (id=7),value=<?>,index=31>
Variable Delete,method=Main#main:1 <name=newY,type=int (id=7),value=<?>,index=32>
Field Read,context=Main$Tuple:166,x
Field Read,context=Main,xDelta
Variable Write,context=Main#main:1,newX=16
Field Read,context=Main$Tuple:166,y
Field Read,context=Main,yDelta
Variable Write,context=Main#main:1,newY=9
Variable Write,context=Main#main:1,g=int[][]:2
New Object,object=Main$Tuple:170
Method Call,caller=Main#main:1,target=Main$Tuple:170#Main$Tuple:170
Variable Write,context=Main$Tuple:170#Main$Tuple:170,x=16
Variable Write,context=Main$Tuple:170#Main$Tuple:170,y=9
Field Write,context=Main$Tuple:170,x=16
Field Write,context=Main$Tuple:170,y=9
Method Exit,returner=Main$Tuple:170#Main$Tuple:170,value=<void>
Variable Delete,method=Main#main:1 <name=newX,type=int (id=7),value=<?>,index=31>
Variable Delete,method=Main#main:1 <name=newY,type=int (id=7),value=<?>,index=32>
Variable Delete,method=Main#main:1 <name=t,type=Main$Tuple (id=90),value=<?>,index=29>
Variable Delete,method=Main#main:1 <name=i,type=int (id=7),value=<?>,index=30>
Variable Write,context=Main#main:1,t=Main$Tuple:167
Variable Write,context=Main#main:1,i=0
Field Read,context=Main$Tuple:167,x
Field Read,context=Main,xDelta
Variable Write,context=Main#main:1,newX=9
Field Read,context=Main$Tuple:167,y
Field Read,context=Main,yDelta
Variable Write,context=Main#main:1,newY=14
Variable Write,context=Main#main:1,i=1
Variable Delete,method=Main#main:1 <name=newX,type=int (id=7),value=<?>,index=31>
Variable Delete,method=Main#main:1 <name=newY,type=int (id=7),value=<?>,index=32>
Field Read,context=Main$Tuple:167,x
Field Read,context=Main,xDelta
Variable Write,context=Main#main:1,newX=11
Field Read,context=Main$Tuple:167,y
Field Read,context=Main,yDelta
Variable Write,context=Main#main:1,newY=14
Variable Write,context=Main#main:1,g=int[][]:2
New Object,object=Main$Tuple:171
Method Call,caller=Main#main:1,target=Main$Tuple:171#Main$Tuple:171
Variable Write,context=Main$Tuple:171#Main$Tuple:171,x=11
Variable Write,context=Main$Tuple:171#Main$Tuple:171,y=14
Field Write,context=Main$Tuple:171,x=11
Field Write,context=Main$Tuple:171,y=14
Method Exit,returner=Main$Tuple:171#Main$Tuple:171,value=<void>
Variable Write,context=Main#main:1,i=2
Variable Delete,method=Main#main:1 <name=newX,type=int (id=7),value=<?>,index=31>
Variable Delete,method=Main#main:1 <name=newY,type=int (id=7),value=<?>,index=32>
Field Read,context=Main$Tuple:167,x
Field Read,context=Main,xDelta
Variable Write,context=Main#main:1,newX=10
Field Read,context=Main$Tuple:167,y
Field Read,context=Main,yDelta
Variable Write,context=Main#main:1,newY=13
Variable Write,context=Main#main:1,i=3
Variable Delete,method=Main#main:1 <name=newX,type=int (id=7),value=<?>,index=31>
Variable Delete,method=Main#main:1 <name=newY,type=int (id=7),value=<?>,index=32>
Field Read,context=Main$Tuple:167,x
Field Read,context=Main,xDelta
Variable Write,context=Main#main:1,newX=10
Field Read,context=Main$Tuple:167,y
Field Read,context=Main,yDelta
Variable Write,context=Main#main:1,newY=15
Variable Delete,method=Main#main:1 <name=newX,type=int (id=7),value=<?>,index=31>
Variable Delete,method=Main#main:1 <name=newY,type=int (id=7),value=<?>,index=32>
Variable Delete,method=Main#main:1 <name=t,type=Main$Tuple (id=90),value=<?>,index=29>
Variable Delete,method=Main#main:1 <name=i,type=int (id=7),value=<?>,index=30>
Variable Write,context=Main#main:1,t=Main$Tuple:168
Variable Write,context=Main#main:1,i=0
Field Read,context=Main$Tuple:168,x
Field Read,context=Main,xDelta
Variable Write,context=Main#main:1,newX=13
Field Read,context=Main$Tuple:168,y
Field Read,context=Main,yDelta
Variable Write,context=Main#main:1,newY=7
Variable Write,context=Main#main:1,i=1
Variable Delete,method=Main#main:1 <name=newX,type=int (id=7),value=<?>,index=31>
Variable Delete,method=Main#main:1 <name=newY,type=int (id=7),value=<?>,index=32>
Field Read,context=Main$Tuple:168,x
Field Read,context=Main,xDelta
Variable Write,context=Main#main:1,newX=15
Field Read,context=Main$Tuple:168,y
Field Read,context=Main,yDelta
Variable Write,context=Main#main:1,newY=7
Variable Write,context=Main#main:1,i=2
Variable Delete,method=Main#main:1 <name=newX,type=int (id=7),value=<?>,index=31>
Variable Delete,method=Main#main:1 <name=newY,type=int (id=7),value=<?>,index=32>
Field Read,context=Main$Tuple:168,x
Field Read,context=Main,xDelta
Variable Write,context=Main#main:1,newX=14
Field Read,context=Main$Tuple:168,y
Field Read,context=Main,yDelta
Variable Write,context=Main#main:1,newY=6
Variable Write,context=Main#main:1,i=3
Variable Delete,method=Main#main:1 <name=newX,type=int (id=7),value=<?>,index=31>
Variable Delete,method=Main#main:1 <name=newY,type=int (id=7),value=<?>,index=32>
Field Read,context=Main$Tuple:168,x
Field Read,context=Main,xDelta
Variable Write,context=Main#main:1,newX=14
Field Read,context=Main$Tuple:168,y
Field Read,context=Main,yDelta
Variable Write,context=Main#main:1,newY=8
Variable Write,context=Main#main:1,g=int[][]:2
New Object,object=Main$Tuple:172
Method Call,caller=Main#main:1,target=Main$Tuple:172#Main$Tuple:172
Variable Write,context=Main$Tuple:172#Main$Tuple:172,x=14
Variable Write,context=Main$Tuple:172#Main$Tuple:172,y=8
Field Write,context=Main$Tuple:172,x=14
Field Write,context=Main$Tuple:172,y=8
Method Exit,returner=Main$Tuple:172#Main$Tuple:172,value=<void>
Variable Delete,method=Main#main:1 <name=newX,type=int (id=7),value=<?>,index=31>
Variable Delete,method=Main#main:1 <name=newY,type=int (id=7),value=<?>,index=32>
Variable Delete,method=Main#main:1 <name=t,type=Main$Tuple (id=90),value=<?>,index=29>
Variable Delete,method=Main#main:1 <name=i,type=int (id=7),value=<?>,index=30>
Variable Write,context=Main#main:1,t=Main$Tuple:169
Variable Write,context=Main#main:1,i=0
Field Read,context=Main$Tuple:169,x
Field Read,context=Main,xDelta
Variable Write,context=Main#main:1,newX=14
Field Read,context=Main$Tuple:169,y
Field Read,context=Main,yDelta
Variable Write,context=Main#main:1,newY=8
Variable Write,context=Main#main:1,i=1
Variable Delete,method=Main#main:1 <name=newX,type=int (id=7),value=<?>,index=31>
Variable Delete,method=Main#main:1 <name=newY,type=int (id=7),value=<?>,index=32>
Field Read,context=Main$Tuple:169,x
Field Read,context=Main,xDelta
Variable Write,context=Main#main:1,newX=16
Field Read,context=Main$Tuple:169,y
Field Read,context=Main,yDelta
Variable Write,context=Main#main:1,newY=8
Variable Write,context=Main#main:1,i=2
Variable Delete,method=Main#main:1 <name=newX,type=int (id=7),value=<?>,index=31>
Variable Delete,method=Main#main:1 <name=newY,type=int (id=7),value=<?>,index=32>
Field Read,context=Main$Tuple:169,x
Field Read,context=Main,xDelta
Variable Write,context=Main#main:1,newX=15
Field Read,context=Main$Tuple:169,y
Field Read,context=Main,yDelta
Variable Write,context=Main#main:1,newY=7
Variable Write,context=Main#main:1,i=3
Variable Delete,method=Main#main:1 <name=newX,type=int (id=7),value=<?>,index=31>
Variable Delete,method=Main#main:1 <name=newY,type=int (id=7),value=<?>,index=32>
Field Read,context=Main$Tuple:169,x
Field Read,context=Main,xDelta
Variable Write,context=Main#main:1,newX=15
Field Read,context=Main$Tuple:169,y
Field Read,context=Main,yDelta
Variable Write,context=Main#main:1,newY=9
Variable Write,context=Main#main:1,g=int[][]:2
New Object,object=Main$Tuple:173
Method Call,caller=Main#main:1,target=Main$Tuple:173#Main$Tuple:173
Variable Write,context=Main$Tuple:173#Main$Tuple:173,x=15
Variable Write,context=Main$Tuple:173#Main$Tuple:173,y=9
Field Write,context=Main$Tuple:173,x=15
Field Write,context=Main$Tuple:173,y=9
Method Exit,returner=Main$Tuple:173#Main$Tuple:173,value=<void>
Variable Delete,method=Main#main:1 <name=newX,type=int (id=7),value=<?>,index=31>
Variable Delete,method=Main#main:1 <name=newY,type=int (id=7),value=<?>,index=32>
Variable Delete,method=Main#main:1 <name=t,type=Main$Tuple (id=90),value=<?>,index=29>
Variable Delete,method=Main#main:1 <name=i,type=int (id=7),value=<?>,index=30>
Variable Write,context=Main#main:1,t=Main$Tuple:170
Variable Write,context=Main#main:1,i=0
Field Read,context=Main$Tuple:170,x
Field Read,context=Main,xDelta
Variable Write,context=Main#main:1,newX=15
Field Read,context=Main$Tuple:170,y
Field Read,context=Main,yDelta
Variable Write,context=Main#main:1,newY=9
Variable Write,context=Main#main:1,i=1
Variable Delete,method=Main#main:1 <name=newX,type=int (id=7),value=<?>,index=31>
Variable Delete,method=Main#main:1 <name=newY,type=int (id=7),value=<?>,index=32>
Field Read,context=Main$Tuple:170,x
Field Read,context=Main,xDelta
Variable Write,context=Main#main:1,newX=17
Field Read,context=Main$Tuple:170,y
Field Read,context=Main,yDelta
Variable Write,context=Main#main:1,newY=9
Variable Write,context=Main#main:1,i=2
Variable Delete,method=Main#main:1 <name=newX,type=int (id=7),value=<?>,index=31>
Variable Delete,method=Main#main:1 <name=newY,type=int (id=7),value=<?>,index=32>
Field Read,context=Main$Tuple:170,x
Field Read,context=Main,xDelta
Variable Write,context=Main#main:1,newX=16
Field Read,context=Main$Tuple:170,y
Field Read,context=Main,yDelta
Variable Write,context=Main#main:1,newY=8
Variable Write,context=Main#main:1,i=3
Variable Delete,method=Main#main:1 <name=newX,type=int (id=7),value=<?>,index=31>
Variable Delete,method=Main#main:1 <name=newY,type=int (id=7),value=<?>,index=32>
Field Read,context=Main$Tuple:170,x
Field Read,context=Main,xDelta
Variable Write,context=Main#main:1,newX=16
Field Read,context=Main$Tuple:170,y
Field Read,context=Main,yDelta
Variable Write,context=Main#main:1,newY=10
Variable Write,context=Main#main:1,g=int[][]:2
New Object,object=Main$Tuple:174
Method Call,caller=Main#main:1,target=Main$Tuple:174#Main$Tuple:174
Variable Write,context=Main$Tuple:174#Main$Tuple:174,x=16
Variable Write,context=Main$Tuple:174#Main$Tuple:174,y=10
Field Write,context=Main$Tuple:174,x=16
Field Write,context=Main$Tuple:174,y=10
Method Exit,returner=Main$Tuple:174#Main$Tuple:174,value=<void>
Variable Delete,method=Main#main:1 <name=newX,type=int (id=7),value=<?>,index=31>
Variable Delete,method=Main#main:1 <name=newY,type=int (id=7),value=<?>,index=32>
Variable Delete,method=Main#main:1 <name=t,type=Main$Tuple (id=90),value=<?>,index=29>
Variable Delete,method=Main#main:1 <name=i,type=int (id=7),value=<?>,index=30>
Variable Write,context=Main#main:1,t=Main$Tuple:171
Variable Write,context=Main#main:1,i=0
Field Read,context=Main$Tuple:171,x
Field Read,context=Main,xDelta
Variable Write,context=Main#main:1,newX=10
Field Read,context=Main$Tuple:171,y
Field Read,context=Main,yDelta
Variable Write,context=Main#main:1,newY=14
Variable Write,context=Main#main:1,i=1
Variable Delete,method=Main#main:1 <name=newX,type=int (id=7),value=<?>,index=31>
Variable Delete,method=Main#main:1 <name=newY,type=int (id=7),value=<?>,index=32>
Field Read,context=Main$Tuple:171,x
Field Read,context=Main,xDelta
Variable Write,context=Main#main:1,newX=12
Field Read,context=Main$Tuple:171,y
Field Read,context=Main,yDelta
Variable Write,context=Main#main:1,newY=14
Variable Write,context=Main#main:1,g=int[][]:2
New Object,object=Main$Tuple:175
Method Call,caller=Main#main:1,target=Main$Tuple:175#Main$Tuple:175
Variable Write,context=Main$Tuple:175#Main$Tuple:175,x=12
Variable Write,context=Main$Tuple:175#Main$Tuple:175,y=14
Field Write,context=Main$Tuple:175,x=12
Field Write,context=Main$Tuple:175,y=14
Method Exit,returner=Main$Tuple:175#Main$Tuple:175,value=<void>
Variable Write,context=Main#main:1,i=2
Variable Delete,method=Main#main:1 <name=newX,type=int (id=7),value=<?>,index=31>
Variable Delete,method=Main#main:1 <name=newY,type=int (id=7),value=<?>,index=32>
Field Read,context=Main$Tuple:171,x
Field Read,context=Main,xDelta
Variable Write,context=Main#main:1,newX=11
Field Read,context=Main$Tuple:171,y
Field Read,context=Main,yDelta
Variable Write,context=Main#main:1,newY=13
Variable Write,context=Main#main:1,i=3
Variable Delete,method=Main#main:1 <name=newX,type=int (id=7),value=<?>,index=31>
Variable Delete,method=Main#main:1 <name=newY,type=int (id=7),value=<?>,index=32>
Field Read,context=Main$Tuple:171,x
Field Read,context=Main,xDelta
Variable Write,context=Main#main:1,newX=11
Field Read,context=Main$Tuple:171,y
Field Read,context=Main,yDelta
Variable Write,context=Main#main:1,newY=15
Variable Delete,method=Main#main:1 <name=newX,type=int (id=7),value=<?>,index=31>
Variable Delete,method=Main#main:1 <name=newY,type=int (id=7),value=<?>,index=32>
Variable Delete,method=Main#main:1 <name=t,type=Main$Tuple (id=90),value=<?>,index=29>
Variable Delete,method=Main#main:1 <name=i,type=int (id=7),value=<?>,index=30>
Variable Write,context=Main#main:1,t=Main$Tuple:172
Variable Write,context=Main#main:1,i=0
Field Read,context=Main$Tuple:172,x
Field Read,context=Main,xDelta
Variable Write,context=Main#main:1,newX=13
Field Read,context=Main$Tuple:172,y
Field Read,context=Main,yDelta
Variable Write,context=Main#main:1,newY=8
Variable Write,context=Main#main:1,i=1
Variable Delete,method=Main#main:1 <name=newX,type=int (id=7),value=<?>,index=31>
Variable Delete,method=Main#main:1 <name=newY,type=int (id=7),value=<?>,index=32>
Field Read,context=Main$Tuple:172,x
Field Read,context=Main,xDelta
Variable Write,context=Main#main:1,newX=15
Field Read,context=Main$Tuple:172,y
Field Read,context=Main,yDelta
Variable Write,context=Main#main:1,newY=8
Variable Write,context=Main#main:1,i=2
Variable Delete,method=Main#main:1 <name=newX,type=int (id=7),value=<?>,index=31>
Variable Delete,method=Main#main:1 <name=newY,type=int (id=7),value=<?>,index=32>
Field Read,context=Main$Tuple:172,x
Field Read,context=Main,xDelta
Variable Write,context=Main#main:1,newX=14
Field Read,context=Main$Tuple:172,y
Field Read,context=Main,yDelta
Variable Write,context=Main#main:1,newY=7
Variable Write,context=Main#main:1,i=3
Variable Delete,method=Main#main:1 <name=newX,type=int (id=7),value=<?>,index=31>
Variable Delete,method=Main#main:1 <name=newY,type=int (id=7),value=<?>,index=32>
Field Read,context=Main$Tuple:172,x
Field Read,context=Main,xDelta
Variable Write,context=Main#main:1,newX=14
Field Read,context=Main$Tuple:172,y
Field Read,context=Main,yDelta
Variable Write,context=Main#main:1,newY=9
Variable Write,context=Main#main:1,g=int[][]:2
New Object,object=Main$Tuple:176
Method Call,caller=Main#main:1,target=Main$Tuple:176#Main$Tuple:176
Variable Write,context=Main$Tuple:176#Main$Tuple:176,x=14
Variable Write,context=Main$Tuple:176#Main$Tuple:176,y=9
Field Write,context=Main$Tuple:176,x=14
Field Write,context=Main$Tuple:176,y=9
Method Exit,returner=Main$Tuple:176#Main$Tuple:176,value=<void>
Variable Delete,method=Main#main:1 <name=newX,type=int (id=7),value=<?>,index=31>
Variable Delete,method=Main#main:1 <name=newY,type=int (id=7),value=<?>,index=32>
Variable Delete,method=Main#main:1 <name=t,type=Main$Tuple (id=90),value=<?>,index=29>
Variable Delete,method=Main#main:1 <name=i,type=int (id=7),value=<?>,index=30>
Variable Write,context=Main#main:1,t=Main$Tuple:173
Variable Write,context=Main#main:1,i=0
Field Read,context=Main$Tuple:173,x
Field Read,context=Main,xDelta
Variable Write,context=Main#main:1,newX=14
Field Read,context=Main$Tuple:173,y
Field Read,context=Main,yDelta
Variable Write,context=Main#main:1,newY=9
Variable Write,context=Main#main:1,i=1
Variable Delete,method=Main#main:1 <name=newX,type=int (id=7),value=<?>,index=31>
Variable Delete,method=Main#main:1 <name=newY,type=int (id=7),value=<?>,index=32>
Field Read,context=Main$Tuple:173,x
Field Read,context=Main,xDelta
Variable Write,context=Main#main:1,newX=16
Field Read,context=Main$Tuple:173,y
Field Read,context=Main,yDelta
Variable Write,context=Main#main:1,newY=9
Variable Write,context=Main#main:1,i=2
Variable Delete,method=Main#main:1 <name=newX,type=int (id=7),value=<?>,index=31>
Variable Delete,method=Main#main:1 <name=newY,type=int (id=7),value=<?>,index=32>
Field Read,context=Main$Tuple:173,x
Field Read,context=Main,xDelta
Variable Write,context=Main#main:1,newX=15
Field Read,context=Main$Tuple:173,y
Field Read,context=Main,yDelta
Variable Write,context=Main#main:1,newY=8
Variable Write,context=Main#main:1,i=3
Variable Delete,method=Main#main:1 <name=newX,type=int (id=7),value=<?>,index=31>
Variable Delete,method=Main#main:1 <name=newY,type=int (id=7),value=<?>,index=32>
Field Read,context=Main$Tuple:173,x
Field Read,context=Main,xDelta
Variable Write,context=Main#main:1,newX=15
Field Read,context=Main$Tuple:173,y
Field Read,context=Main,yDelta
Variable Write,context=Main#main:1,newY=10
Variable Write,context=Main#main:1,g=int[][]:2
New Object,object=Main$Tuple:177
Method Call,caller=Main#main:1,target=Main$Tuple:177#Main$Tuple:177
Variable Write,context=Main$Tuple:177#Main$Tuple:177,x=15
Variable Write,context=Main$Tuple:177#Main$Tuple:177,y=10
Field Write,context=Main$Tuple:177,x=15
Field Write,context=Main$Tuple:177,y=10
Method Exit,returner=Main$Tuple:177#Main$Tuple:177,value=<void>
Variable Delete,method=Main#main:1 <name=newX,type=int (id=7),value=<?>,index=31>
Variable Delete,method=Main#main:1 <name=newY,type=int (id=7),value=<?>,index=32>
Variable Delete,method=Main#main:1 <name=t,type=Main$Tuple (id=90),value=<?>,index=29>
Variable Delete,method=Main#main:1 <name=i,type=int (id=7),value=<?>,index=30>
Variable Write,context=Main#main:1,t=Main$Tuple:174
Variable Write,context=Main#main:1,i=0
Field Read,context=Main$Tuple:174,x
Field Read,context=Main,xDelta
Variable Write,context=Main#main:1,newX=15
Field Read,context=Main$Tuple:174,y
Field Read,context=Main,yDelta
Variable Write,context=Main#main:1,newY=10
Variable Write,context=Main#main:1,i=1
Variable Delete,method=Main#main:1 <name=newX,type=int (id=7),value=<?>,index=31>
Variable Delete,method=Main#main:1 <name=newY,type=int (id=7),value=<?>,index=32>
Field Read,context=Main$Tuple:174,x
Field Read,context=Main,xDelta
Variable Write,context=Main#main:1,newX=17
Field Read,context=Main$Tuple:174,y
Field Read,context=Main,yDelta
Variable Write,context=Main#main:1,newY=10
Variable Write,context=Main#main:1,i=2
Variable Delete,method=Main#main:1 <name=newX,type=int (id=7),value=<?>,index=31>
Variable Delete,method=Main#main:1 <name=newY,type=int (id=7),value=<?>,index=32>
Field Read,context=Main$Tuple:174,x
Field Read,context=Main,xDelta
Variable Write,context=Main#main:1,newX=16
Field Read,context=Main$Tuple:174,y
Field Read,context=Main,yDelta
Variable Write,context=Main#main:1,newY=9
Variable Write,context=Main#main:1,i=3
Variable Delete,method=Main#main:1 <name=newX,type=int (id=7),value=<?>,index=31>
Variable Delete,method=Main#main:1 <name=newY,type=int (id=7),value=<?>,index=32>
Field Read,context=Main$Tuple:174,x
Field Read,context=Main,xDelta
Variable Write,context=Main#main:1,newX=16
Field Read,context=Main$Tuple:174,y
Field Read,context=Main,yDelta
Variable Write,context=Main#main:1,newY=11
Variable Write,context=Main#main:1,g=int[][]:2
New Object,object=Main$Tuple:178
Method Call,caller=Main#main:1,target=Main$Tuple:178#Main$Tuple:178
Variable Write,context=Main$Tuple:178#Main$Tuple:178,x=16
Variable Write,context=Main$Tuple:178#Main$Tuple:178,y=11
Field Write,context=Main$Tuple:178,x=16
Field Write,context=Main$Tuple:178,y=11
Method Exit,returner=Main$Tuple:178#Main$Tuple:178,value=<void>
Variable Delete,method=Main#main:1 <name=newX,type=int (id=7),value=<?>,index=31>
Variable Delete,method=Main#main:1 <name=newY,type=int (id=7),value=<?>,index=32>
Variable Delete,method=Main#main:1 <name=t,type=Main$Tuple (id=90),value=<?>,index=29>
Variable Delete,method=Main#main:1 <name=i,type=int (id=7),value=<?>,index=30>
Variable Write,context=Main#main:1,t=Main$Tuple:175
Variable Write,context=Main#main:1,i=0
Field Read,context=Main$Tuple:175,x
Field Read,context=Main,xDelta
Variable Write,context=Main#main:1,newX=11
Field Read,context=Main$Tuple:175,y
Field Read,context=Main,yDelta
Variable Write,context=Main#main:1,newY=14
Variable Write,context=Main#main:1,i=1
Variable Delete,method=Main#main:1 <name=newX,type=int (id=7),value=<?>,index=31>
Variable Delete,method=Main#main:1 <name=newY,type=int (id=7),value=<?>,index=32>
Field Read,context=Main$Tuple:175,x
Field Read,context=Main,xDelta
Variable Write,context=Main#main:1,newX=13
Field Read,context=Main$Tuple:175,y
Field Read,context=Main,yDelta
Variable Write,context=Main#main:1,newY=14
Variable Write,context=Main#main:1,g=int[][]:2
New Object,object=Main$Tuple:179
Method Call,caller=Main#main:1,target=Main$Tuple:179#Main$Tuple:179
Variable Write,context=Main$Tuple:179#Main$Tuple:179,x=13
Variable Write,context=Main$Tuple:179#Main$Tuple:179,y=14
Field Write,context=Main$Tuple:179,x=13
Field Write,context=Main$Tuple:179,y=14
Method Exit,returner=Main$Tuple:179#Main$Tuple:179,value=<void>
Variable Write,context=Main#main:1,i=2
Variable Delete,method=Main#main:1 <name=newX,type=int (id=7),value=<?>,index=31>
Variable Delete,method=Main#main:1 <name=newY,type=int (id=7),value=<?>,index=32>
Field Read,context=Main$Tuple:175,x
Field Read,context=Main,xDelta
Variable Write,context=Main#main:1,newX=12
Field Read,context=Main$Tuple:175,y
Field Read,context=Main,yDelta
Variable Write,context=Main#main:1,newY=13
Variable Write,context=Main#main:1,i=3
Variable Delete,method=Main#main:1 <name=newX,type=int (id=7),value=<?>,index=31>
Variable Delete,method=Main#main:1 <name=newY,type=int (id=7),value=<?>,index=32>
Field Read,context=Main$Tuple:175,x
Field Read,context=Main,xDelta
Variable Write,context=Main#main:1,newX=12
Field Read,context=Main$Tuple:175,y
Field Read,context=Main,yDelta
Variable Write,context=Main#main:1,newY=15
Variable Delete,method=Main#main:1 <name=newX,type=int (id=7),value=<?>,index=31>
Variable Delete,method=Main#main:1 <name=newY,type=int (id=7),value=<?>,index=32>
Variable Delete,method=Main#main:1 <name=t,type=Main$Tuple (id=90),value=<?>,index=29>
Variable Delete,method=Main#main:1 <name=i,type=int (id=7),value=<?>,index=30>
Variable Write,context=Main#main:1,t=Main$Tuple:176
Variable Write,context=Main#main:1,i=0
Field Read,context=Main$Tuple:176,x
Field Read,context=Main,xDelta
Variable Write,context=Main#main:1,newX=13
Field Read,context=Main$Tuple:176,y
Field Read,context=Main,yDelta
Variable Write,context=Main#main:1,newY=9
Variable Write,context=Main#main:1,i=1
Variable Delete,method=Main#main:1 <name=newX,type=int (id=7),value=<?>,index=31>
Variable Delete,method=Main#main:1 <name=newY,type=int (id=7),value=<?>,index=32>
Field Read,context=Main$Tuple:176,x
Field Read,context=Main,xDelta
Variable Write,context=Main#main:1,newX=15
Field Read,context=Main$Tuple:176,y
Field Read,context=Main,yDelta
Variable Write,context=Main#main:1,newY=9
Variable Write,context=Main#main:1,i=2
Variable Delete,method=Main#main:1 <name=newX,type=int (id=7),value=<?>,index=31>
Variable Delete,method=Main#main:1 <name=newY,type=int (id=7),value=<?>,index=32>
Field Read,context=Main$Tuple:176,x
Field Read,context=Main,xDelta
Variable Write,context=Main#main:1,newX=14
Field Read,context=Main$Tuple:176,y
Field Read,context=Main,yDelta
Variable Write,context=Main#main:1,newY=8
Variable Write,context=Main#main:1,i=3
Variable Delete,method=Main#main:1 <name=newX,type=int (id=7),value=<?>,index=31>
Variable Delete,method=Main#main:1 <name=newY,type=int (id=7),value=<?>,index=32>
Field Read,context=Main$Tuple:176,x
Field Read,context=Main,xDelta
Variable Write,context=Main#main:1,newX=14
Field Read,context=Main$Tuple:176,y
Field Read,context=Main,yDelta
Variable Write,context=Main#main:1,newY=10
Variable Write,context=Main#main:1,g=int[][]:2
New Object,object=Main$Tuple:180
Method Call,caller=Main#main:1,target=Main$Tuple:180#Main$Tuple:180
Variable Write,context=Main$Tuple:180#Main$Tuple:180,x=14
Variable Write,context=Main$Tuple:180#Main$Tuple:180,y=10
Field Write,context=Main$Tuple:180,x=14
Field Write,context=Main$Tuple:180,y=10
Method Exit,returner=Main$Tuple:180#Main$Tuple:180,value=<void>
Variable Delete,method=Main#main:1 <name=newX,type=int (id=7),value=<?>,index=31>
Variable Delete,method=Main#main:1 <name=newY,type=int (id=7),value=<?>,index=32>
Variable Delete,method=Main#main:1 <name=t,type=Main$Tuple (id=90),value=<?>,index=29>
Variable Delete,method=Main#main:1 <name=i,type=int (id=7),value=<?>,index=30>
Variable Write,context=Main#main:1,t=Main$Tuple:177
Variable Write,context=Main#main:1,i=0
Field Read,context=Main$Tuple:177,x
Field Read,context=Main,xDelta
Variable Write,context=Main#main:1,newX=14
Field Read,context=Main$Tuple:177,y
Field Read,context=Main,yDelta
Variable Write,context=Main#main:1,newY=10
Variable Write,context=Main#main:1,i=1
Variable Delete,method=Main#main:1 <name=newX,type=int (id=7),value=<?>,index=31>
Variable Delete,method=Main#main:1 <name=newY,type=int (id=7),value=<?>,index=32>
Field Read,context=Main$Tuple:177,x
Field Read,context=Main,xDelta
Variable Write,context=Main#main:1,newX=16
Field Read,context=Main$Tuple:177,y
Field Read,context=Main,yDelta
Variable Write,context=Main#main:1,newY=10
Variable Write,context=Main#main:1,i=2
Variable Delete,method=Main#main:1 <name=newX,type=int (id=7),value=<?>,index=31>
Variable Delete,method=Main#main:1 <name=newY,type=int (id=7),value=<?>,index=32>
Field Read,context=Main$Tuple:177,x
Field Read,context=Main,xDelta
Variable Write,context=Main#main:1,newX=15
Field Read,context=Main$Tuple:177,y
Field Read,context=Main,yDelta
Variable Write,context=Main#main:1,newY=9
Variable Write,context=Main#main:1,i=3
Variable Delete,method=Main#main:1 <name=newX,type=int (id=7),value=<?>,index=31>
Variable Delete,method=Main#main:1 <name=newY,type=int (id=7),value=<?>,index=32>
Field Read,context=Main$Tuple:177,x
Field Read,context=Main,xDelta
Variable Write,context=Main#main:1,newX=15
Field Read,context=Main$Tuple:177,y
Field Read,context=Main,yDelta
Variable Write,context=Main#main:1,newY=11
Variable Write,context=Main#main:1,g=int[][]:2
New Object,object=Main$Tuple:181
Method Call,caller=Main#main:1,target=Main$Tuple:181#Main$Tuple:181
Variable Write,context=Main$Tuple:181#Main$Tuple:181,x=15
Variable Write,context=Main$Tuple:181#Main$Tuple:181,y=11
Field Write,context=Main$Tuple:181,x=15
Field Write,context=Main$Tuple:181,y=11
Method Exit,returner=Main$Tuple:181#Main$Tuple:181,value=<void>
Variable Delete,method=Main#main:1 <name=newX,type=int (id=7),value=<?>,index=31>
Variable Delete,method=Main#main:1 <name=newY,type=int (id=7),value=<?>,index=32>
Variable Delete,method=Main#main:1 <name=t,type=Main$Tuple (id=90),value=<?>,index=29>
Variable Delete,method=Main#main:1 <name=i,type=int (id=7),value=<?>,index=30>
Variable Write,context=Main#main:1,t=Main$Tuple:178
Variable Write,context=Main#main:1,i=0
Field Read,context=Main$Tuple:178,x
Field Read,context=Main,xDelta
Variable Write,context=Main#main:1,newX=15
Field Read,context=Main$Tuple:178,y
Field Read,context=Main,yDelta
Variable Write,context=Main#main:1,newY=11
Variable Write,context=Main#main:1,i=1
Variable Delete,method=Main#main:1 <name=newX,type=int (id=7),value=<?>,index=31>
Variable Delete,method=Main#main:1 <name=newY,type=int (id=7),value=<?>,index=32>
Field Read,context=Main$Tuple:178,x
Field Read,context=Main,xDelta
Variable Write,context=Main#main:1,newX=17
Field Read,context=Main$Tuple:178,y
Field Read,context=Main,yDelta
Variable Write,context=Main#main:1,newY=11
Variable Write,context=Main#main:1,i=2
Variable Delete,method=Main#main:1 <name=newX,type=int (id=7),value=<?>,index=31>
Variable Delete,method=Main#main:1 <name=newY,type=int (id=7),value=<?>,index=32>
Field Read,context=Main$Tuple:178,x
Field Read,context=Main,xDelta
Variable Write,context=Main#main:1,newX=16
Field Read,context=Main$Tuple:178,y
Field Read,context=Main,yDelta
Variable Write,context=Main#main:1,newY=10
Variable Write,context=Main#main:1,i=3
Variable Delete,method=Main#main:1 <name=newX,type=int (id=7),value=<?>,index=31>
Variable Delete,method=Main#main:1 <name=newY,type=int (id=7),value=<?>,index=32>
Field Read,context=Main$Tuple:178,x
Field Read,context=Main,xDelta
Variable Write,context=Main#main:1,newX=16
Field Read,context=Main$Tuple:178,y
Field Read,context=Main,yDelta
Variable Write,context=Main#main:1,newY=12
Variable Write,context=Main#main:1,g=int[][]:2
New Object,object=Main$Tuple:182
Method Call,caller=Main#main:1,target=Main$Tuple:182#Main$Tuple:182
Variable Write,context=Main$Tuple:182#Main$Tuple:182,x=16
Variable Write,context=Main$Tuple:182#Main$Tuple:182,y=12
Field Write,context=Main$Tuple:182,x=16
Field Write,context=Main$Tuple:182,y=12
Method Exit,returner=Main$Tuple:182#Main$Tuple:182,value=<void>
Variable Delete,method=Main#main:1 <name=newX,type=int (id=7),value=<?>,index=31>
Variable Delete,method=Main#main:1 <name=newY,type=int (id=7),value=<?>,index=32>
Variable Delete,method=Main#main:1 <name=t,type=Main$Tuple (id=90),value=<?>,index=29>
Variable Delete,method=Main#main:1 <name=i,type=int (id=7),value=<?>,index=30>
Variable Write,context=Main#main:1,t=Main$Tuple:179
Variable Write,context=Main#main:1,i=0
Field Read,context=Main$Tuple:179,x
Field Read,context=Main,xDelta
Variable Write,context=Main#main:1,newX=12
Field Read,context=Main$Tuple:179,y
Field Read,context=Main,yDelta
Variable Write,context=Main#main:1,newY=14
Variable Write,context=Main#main:1,i=1
Variable Delete,method=Main#main:1 <name=newX,type=int (id=7),value=<?>,index=31>
Variable Delete,method=Main#main:1 <name=newY,type=int (id=7),value=<?>,index=32>
Field Read,context=Main$Tuple:179,x
Field Read,context=Main,xDelta
Variable Write,context=Main#main:1,newX=14
Field Read,context=Main$Tuple:179,y
Field Read,context=Main,yDelta
Variable Write,context=Main#main:1,newY=14
Variable Write,context=Main#main:1,g=int[][]:2
New Object,object=Main$Tuple:183
Method Call,caller=Main#main:1,target=Main$Tuple:183#Main$Tuple:183
Variable Write,context=Main$Tuple:183#Main$Tuple:183,x=14
Variable Write,context=Main$Tuple:183#Main$Tuple:183,y=14
Field Write,context=Main$Tuple:183,x=14
Field Write,context=Main$Tuple:183,y=14
Method Exit,returner=Main$Tuple:183#Main$Tuple:183,value=<void>
Variable Write,context=Main#main:1,i=2
Variable Delete,method=Main#main:1 <name=newX,type=int (id=7),value=<?>,index=31>
Variable Delete,method=Main#main:1 <name=newY,type=int (id=7),value=<?>,index=32>
Field Read,context=Main$Tuple:179,x
Field Read,context=Main,xDelta
Variable Write,context=Main#main:1,newX=13
Field Read,context=Main$Tuple:179,y
Field Read,context=Main,yDelta
Variable Write,context=Main#main:1,newY=13
Variable Write,context=Main#main:1,i=3
Variable Delete,method=Main#main:1 <name=newX,type=int (id=7),value=<?>,index=31>
Variable Delete,method=Main#main:1 <name=newY,type=int (id=7),value=<?>,index=32>
Field Read,context=Main$Tuple:179,x
Field Read,context=Main,xDelta
Variable Write,context=Main#main:1,newX=13
Field Read,context=Main$Tuple:179,y
Field Read,context=Main,yDelta
Variable Write,context=Main#main:1,newY=15
Variable Delete,method=Main#main:1 <name=newX,type=int (id=7),value=<?>,index=31>
Variable Delete,method=Main#main:1 <name=newY,type=int (id=7),value=<?>,index=32>
Variable Delete,method=Main#main:1 <name=t,type=Main$Tuple (id=90),value=<?>,index=29>
Variable Delete,method=Main#main:1 <name=i,type=int (id=7),value=<?>,index=30>
Variable Write,context=Main#main:1,t=Main$Tuple:180
Variable Write,context=Main#main:1,i=0
Field Read,context=Main$Tuple:180,x
Field Read,context=Main,xDelta
Variable Write,context=Main#main:1,newX=13
Field Read,context=Main$Tuple:180,y
Field Read,context=Main,yDelta
Variable Write,context=Main#main:1,newY=10
Variable Write,context=Main#main:1,i=1
Variable Delete,method=Main#main:1 <name=newX,type=int (id=7),value=<?>,index=31>
Variable Delete,method=Main#main:1 <name=newY,type=int (id=7),value=<?>,index=32>
Field Read,context=Main$Tuple:180,x
Field Read,context=Main,xDelta
Variable Write,context=Main#main:1,newX=15
Field Read,context=Main$Tuple:180,y
Field Read,context=Main,yDelta
Variable Write,context=Main#main:1,newY=10
Variable Write,context=Main#main:1,i=2
Variable Delete,method=Main#main:1 <name=newX,type=int (id=7),value=<?>,index=31>
Variable Delete,method=Main#main:1 <name=newY,type=int (id=7),value=<?>,index=32>
Field Read,context=Main$Tuple:180,x
Field Read,context=Main,xDelta
Variable Write,context=Main#main:1,newX=14
Field Read,context=Main$Tuple:180,y
Field Read,context=Main,yDelta
Variable Write,context=Main#main:1,newY=9
Variable Write,context=Main#main:1,i=3
Variable Delete,method=Main#main:1 <name=newX,type=int (id=7),value=<?>,index=31>
Variable Delete,method=Main#main:1 <name=newY,type=int (id=7),value=<?>,index=32>
Field Read,context=Main$Tuple:180,x
Field Read,context=Main,xDelta
Variable Write,context=Main#main:1,newX=14
Field Read,context=Main$Tuple:180,y
Field Read,context=Main,yDelta
Variable Write,context=Main#main:1,newY=11
Variable Write,context=Main#main:1,g=int[][]:2
New Object,object=Main$Tuple:184
Method Call,caller=Main#main:1,target=Main$Tuple:184#Main$Tuple:184
Variable Write,context=Main$Tuple:184#Main$Tuple:184,x=14
Variable Write,context=Main$Tuple:184#Main$Tuple:184,y=11
Field Write,context=Main$Tuple:184,x=14
Field Write,context=Main$Tuple:184,y=11
Method Exit,returner=Main$Tuple:184#Main$Tuple:184,value=<void>
Variable Delete,method=Main#main:1 <name=newX,type=int (id=7),value=<?>,index=31>
Variable Delete,method=Main#main:1 <name=newY,type=int (id=7),value=<?>,index=32>
Variable Delete,method=Main#main:1 <name=t,type=Main$Tuple (id=90),value=<?>,index=29>
Variable Delete,method=Main#main:1 <name=i,type=int (id=7),value=<?>,index=30>
Variable Write,context=Main#main:1,t=Main$Tuple:181
Variable Write,context=Main#main:1,i=0
Field Read,context=Main$Tuple:181,x
Field Read,context=Main,xDelta
Variable Write,context=Main#main:1,newX=14
Field Read,context=Main$Tuple:181,y
Field Read,context=Main,yDelta
Variable Write,context=Main#main:1,newY=11
Variable Write,context=Main#main:1,i=1
Variable Delete,method=Main#main:1 <name=newX,type=int (id=7),value=<?>,index=31>
Variable Delete,method=Main#main:1 <name=newY,type=int (id=7),value=<?>,index=32>
Field Read,context=Main$Tuple:181,x
Field Read,context=Main,xDelta
Variable Write,context=Main#main:1,newX=16
Field Read,context=Main$Tuple:181,y
Field Read,context=Main,yDelta
Variable Write,context=Main#main:1,newY=11
Variable Write,context=Main#main:1,i=2
Variable Delete,method=Main#main:1 <name=newX,type=int (id=7),value=<?>,index=31>
Variable Delete,method=Main#main:1 <name=newY,type=int (id=7),value=<?>,index=32>
Field Read,context=Main$Tuple:181,x
Field Read,context=Main,xDelta
Variable Write,context=Main#main:1,newX=15
Field Read,context=Main$Tuple:181,y
Field Read,context=Main,yDelta
Variable Write,context=Main#main:1,newY=10
Variable Write,context=Main#main:1,i=3
Variable Delete,method=Main#main:1 <name=newX,type=int (id=7),value=<?>,index=31>
Variable Delete,method=Main#main:1 <name=newY,type=int (id=7),value=<?>,index=32>
Field Read,context=Main$Tuple:181,x
Field Read,context=Main,xDelta
Variable Write,context=Main#main:1,newX=15
Field Read,context=Main$Tuple:181,y
Field Read,context=Main,yDelta
Variable Write,context=Main#main:1,newY=12
Variable Write,context=Main#main:1,g=int[][]:2
New Object,object=Main$Tuple:185
Method Call,caller=Main#main:1,target=Main$Tuple:185#Main$Tuple:185
Variable Write,context=Main$Tuple:185#Main$Tuple:185,x=15
Variable Write,context=Main$Tuple:185#Main$Tuple:185,y=12
Field Write,context=Main$Tuple:185,x=15
Field Write,context=Main$Tuple:185,y=12
Method Exit,returner=Main$Tuple:185#Main$Tuple:185,value=<void>
Variable Delete,method=Main#main:1 <name=newX,type=int (id=7),value=<?>,index=31>
Variable Delete,method=Main#main:1 <name=newY,type=int (id=7),value=<?>,index=32>
Variable Delete,method=Main#main:1 <name=t,type=Main$Tuple (id=90),value=<?>,index=29>
Variable Delete,method=Main#main:1 <name=i,type=int (id=7),value=<?>,index=30>
Variable Write,context=Main#main:1,t=Main$Tuple:182
Variable Write,context=Main#main:1,i=0
Field Read,context=Main$Tuple:182,x
Field Read,context=Main,xDelta
Variable Write,context=Main#main:1,newX=15
Field Read,context=Main$Tuple:182,y
Field Read,context=Main,yDelta
Variable Write,context=Main#main:1,newY=12
Variable Write,context=Main#main:1,i=1
Variable Delete,method=Main#main:1 <name=newX,type=int (id=7),value=<?>,index=31>
Variable Delete,method=Main#main:1 <name=newY,type=int (id=7),value=<?>,index=32>
Field Read,context=Main$Tuple:182,x
Field Read,context=Main,xDelta
Variable Write,context=Main#main:1,newX=17
Field Read,context=Main$Tuple:182,y
Field Read,context=Main,yDelta
Variable Write,context=Main#main:1,newY=12
Variable Write,context=Main#main:1,i=2
Variable Delete,method=Main#main:1 <name=newX,type=int (id=7),value=<?>,index=31>
Variable Delete,method=Main#main:1 <name=newY,type=int (id=7),value=<?>,index=32>
Field Read,context=Main$Tuple:182,x
Field Read,context=Main,xDelta
Variable Write,context=Main#main:1,newX=16
Field Read,context=Main$Tuple:182,y
Field Read,context=Main,yDelta
Variable Write,context=Main#main:1,newY=11
Variable Write,context=Main#main:1,i=3
Variable Delete,method=Main#main:1 <name=newX,type=int (id=7),value=<?>,index=31>
Variable Delete,method=Main#main:1 <name=newY,type=int (id=7),value=<?>,index=32>
Field Read,context=Main$Tuple:182,x
Field Read,context=Main,xDelta
Variable Write,context=Main#main:1,newX=16
Field Read,context=Main$Tuple:182,y
Field Read,context=Main,yDelta
Variable Write,context=Main#main:1,newY=13
Variable Write,context=Main#main:1,g=int[][]:2
New Object,object=Main$Tuple:186
Method Call,caller=Main#main:1,target=Main$Tuple:186#Main$Tuple:186
Variable Write,context=Main$Tuple:186#Main$Tuple:186,x=16
Variable Write,context=Main$Tuple:186#Main$Tuple:186,y=13
Field Write,context=Main$Tuple:186,x=16
Field Write,context=Main$Tuple:186,y=13
Method Exit,returner=Main$Tuple:186#Main$Tuple:186,value=<void>
Variable Delete,method=Main#main:1 <name=newX,type=int (id=7),value=<?>,index=31>
Variable Delete,method=Main#main:1 <name=newY,type=int (id=7),value=<?>,index=32>
Variable Delete,method=Main#main:1 <name=t,type=Main$Tuple (id=90),value=<?>,index=29>
Variable Delete,method=Main#main:1 <name=i,type=int (id=7),value=<?>,index=30>
Variable Write,context=Main#main:1,t=Main$Tuple:183
Variable Write,context=Main#main:1,i=0
Field Read,context=Main$Tuple:183,x
Field Read,context=Main,xDelta
Variable Write,context=Main#main:1,newX=13
Field Read,context=Main$Tuple:183,y
Field Read,context=Main,yDelta
Variable Write,context=Main#main:1,newY=14
Variable Write,context=Main#main:1,i=1
Variable Delete,method=Main#main:1 <name=newX,type=int (id=7),value=<?>,index=31>
Variable Delete,method=Main#main:1 <name=newY,type=int (id=7),value=<?>,index=32>
Field Read,context=Main$Tuple:183,x
Field Read,context=Main,xDelta
Variable Write,context=Main#main:1,newX=15
Field Read,context=Main$Tuple:183,y
Field Read,context=Main,yDelta
Variable Write,context=Main#main:1,newY=14
Variable Write,context=Main#main:1,g=int[][]:2
New Object,object=Main$Tuple:187
Method Call,caller=Main#main:1,target=Main$Tuple:187#Main$Tuple:187
Variable Write,context=Main$Tuple:187#Main$Tuple:187,x=15
Variable Write,context=Main$Tuple:187#Main$Tuple:187,y=14
Field Write,context=Main$Tuple:187,x=15
Field Write,context=Main$Tuple:187,y=14
Method Exit,returner=Main$Tuple:187#Main$Tuple:187,value=<void>
Variable Write,context=Main#main:1,i=2
Variable Delete,method=Main#main:1 <name=newX,type=int (id=7),value=<?>,index=31>
Variable Delete,method=Main#main:1 <name=newY,type=int (id=7),value=<?>,index=32>
Field Read,context=Main$Tuple:183,x
Field Read,context=Main,xDelta
Variable Write,context=Main#main:1,newX=14
Field Read,context=Main$Tuple:183,y
Field Read,context=Main,yDelta
Variable Write,context=Main#main:1,newY=13
Variable Write,context=Main#main:1,g=int[][]:2
New Object,object=Main$Tuple:188
Method Call,caller=Main#main:1,target=Main$Tuple:188#Main$Tuple:188
Variable Write,context=Main$Tuple:188#Main$Tuple:188,x=14
Variable Write,context=Main$Tuple:188#Main$Tuple:188,y=13
Field Write,context=Main$Tuple:188,x=14
Field Write,context=Main$Tuple:188,y=13
Method Exit,returner=Main$Tuple:188#Main$Tuple:188,value=<void>
Variable Write,context=Main#main:1,i=3
Variable Delete,method=Main#main:1 <name=newX,type=int (id=7),value=<?>,index=31>
Variable Delete,method=Main#main:1 <name=newY,type=int (id=7),value=<?>,index=32>
Field Read,context=Main$Tuple:183,x
Field Read,context=Main,xDelta
Variable Write,context=Main#main:1,newX=14
Field Read,context=Main$Tuple:183,y
Field Read,context=Main,yDelta
Variable Write,context=Main#main:1,newY=15
Variable Delete,method=Main#main:1 <name=newX,type=int (id=7),value=<?>,index=31>
Variable Delete,method=Main#main:1 <name=newY,type=int (id=7),value=<?>,index=32>
Variable Delete,method=Main#main:1 <name=t,type=Main$Tuple (id=90),value=<?>,index=29>
Variable Delete,method=Main#main:1 <name=i,type=int (id=7),value=<?>,index=30>
Variable Write,context=Main#main:1,t=Main$Tuple:184
Variable Write,context=Main#main:1,i=0
Field Read,context=Main$Tuple:184,x
Field Read,context=Main,xDelta
Variable Write,context=Main#main:1,newX=13
Field Read,context=Main$Tuple:184,y
Field Read,context=Main,yDelta
Variable Write,context=Main#main:1,newY=11
Variable Write,context=Main#main:1,i=1
Variable Delete,method=Main#main:1 <name=newX,type=int (id=7),value=<?>,index=31>
Variable Delete,method=Main#main:1 <name=newY,type=int (id=7),value=<?>,index=32>
Field Read,context=Main$Tuple:184,x
Field Read,context=Main,xDelta
Variable Write,context=Main#main:1,newX=15
Field Read,context=Main$Tuple:184,y
Field Read,context=Main,yDelta
Variable Write,context=Main#main:1,newY=11
Variable Write,context=Main#main:1,i=2
Variable Delete,method=Main#main:1 <name=newX,type=int (id=7),value=<?>,index=31>
Variable Delete,method=Main#main:1 <name=newY,type=int (id=7),value=<?>,index=32>
Field Read,context=Main$Tuple:184,x
Field Read,context=Main,xDelta
Variable Write,context=Main#main:1,newX=14
Field Read,context=Main$Tuple:184,y
Field Read,context=Main,yDelta
Variable Write,context=Main#main:1,newY=10
Variable Write,context=Main#main:1,i=3
Variable Delete,method=Main#main:1 <name=newX,type=int (id=7),value=<?>,index=31>
Variable Delete,method=Main#main:1 <name=newY,type=int (id=7),value=<?>,index=32>
Field Read,context=Main$Tuple:184,x
Field Read,context=Main,xDelta
Variable Write,context=Main#main:1,newX=14
Field Read,context=Main$Tuple:184,y
Field Read,context=Main,yDelta
Variable Write,context=Main#main:1,newY=12
Variable Write,context=Main#main:1,g=int[][]:2
New Object,object=Main$Tuple:189
Method Call,caller=Main#main:1,target=Main$Tuple:189#Main$Tuple:189
Variable Write,context=Main$Tuple:189#Main$Tuple:189,x=14
Variable Write,context=Main$Tuple:189#Main$Tuple:189,y=12
Field Write,context=Main$Tuple:189,x=14
Field Write,context=Main$Tuple:189,y=12
Method Exit,returner=Main$Tuple:189#Main$Tuple:189,value=<void>
Variable Delete,method=Main#main:1 <name=newX,type=int (id=7),value=<?>,index=31>
Variable Delete,method=Main#main:1 <name=newY,type=int (id=7),value=<?>,index=32>
Variable Delete,method=Main#main:1 <name=t,type=Main$Tuple (id=90),value=<?>,index=29>
Variable Delete,method=Main#main:1 <name=i,type=int (id=7),value=<?>,index=30>
Variable Write,context=Main#main:1,t=Main$Tuple:185
Variable Write,context=Main#main:1,i=0
Field Read,context=Main$Tuple:185,x
Field Read,context=Main,xDelta
Variable Write,context=Main#main:1,newX=14
Field Read,context=Main$Tuple:185,y
Field Read,context=Main,yDelta
Variable Write,context=Main#main:1,newY=12
Variable Write,context=Main#main:1,i=1
Variable Delete,method=Main#main:1 <name=newX,type=int (id=7),value=<?>,index=31>
Variable Delete,method=Main#main:1 <name=newY,type=int (id=7),value=<?>,index=32>
Field Read,context=Main$Tuple:185,x
Field Read,context=Main,xDelta
Variable Write,context=Main#main:1,newX=16
Field Read,context=Main$Tuple:185,y
Field Read,context=Main,yDelta
Variable Write,context=Main#main:1,newY=12
Variable Write,context=Main#main:1,i=2
Variable Delete,method=Main#main:1 <name=newX,type=int (id=7),value=<?>,index=31>
Variable Delete,method=Main#main:1 <name=newY,type=int (id=7),value=<?>,index=32>
Field Read,context=Main$Tuple:185,x
Field Read,context=Main,xDelta
Variable Write,context=Main#main:1,newX=15
Field Read,context=Main$Tuple:185,y
Field Read,context=Main,yDelta
Variable Write,context=Main#main:1,newY=11
Variable Write,context=Main#main:1,i=3
Variable Delete,method=Main#main:1 <name=newX,type=int (id=7),value=<?>,index=31>
Variable Delete,method=Main#main:1 <name=newY,type=int (id=7),value=<?>,index=32>
Field Read,context=Main$Tuple:185,x
Field Read,context=Main,xDelta
Variable Write,context=Main#main:1,newX=15
Field Read,context=Main$Tuple:185,y
Field Read,context=Main,yDelta
Variable Write,context=Main#main:1,newY=13
Variable Write,context=Main#main:1,g=int[][]:2
New Object,object=Main$Tuple:190
Method Call,caller=Main#main:1,target=Main$Tuple:190#Main$Tuple:190
Variable Write,context=Main$Tuple:190#Main$Tuple:190,x=15
Variable Write,context=Main$Tuple:190#Main$Tuple:190,y=13
Field Write,context=Main$Tuple:190,x=15
Field Write,context=Main$Tuple:190,y=13
Method Exit,returner=Main$Tuple:190#Main$Tuple:190,value=<void>
Variable Delete,method=Main#main:1 <name=newX,type=int (id=7),value=<?>,index=31>
Variable Delete,method=Main#main:1 <name=newY,type=int (id=7),value=<?>,index=32>
Variable Delete,method=Main#main:1 <name=t,type=Main$Tuple (id=90),value=<?>,index=29>
Variable Delete,method=Main#main:1 <name=i,type=int (id=7),value=<?>,index=30>
Variable Write,context=Main#main:1,t=Main$Tuple:186
Variable Write,context=Main#main:1,i=0
Field Read,context=Main$Tuple:186,x
Field Read,context=Main,xDelta
Variable Write,context=Main#main:1,newX=15
Field Read,context=Main$Tuple:186,y
Field Read,context=Main,yDelta
Variable Write,context=Main#main:1,newY=13
Variable Write,context=Main#main:1,i=1
Variable Delete,method=Main#main:1 <name=newX,type=int (id=7),value=<?>,index=31>
Variable Delete,method=Main#main:1 <name=newY,type=int (id=7),value=<?>,index=32>
Field Read,context=Main$Tuple:186,x
Field Read,context=Main,xDelta
Variable Write,context=Main#main:1,newX=17
Field Read,context=Main$Tuple:186,y
Field Read,context=Main,yDelta
Variable Write,context=Main#main:1,newY=13
Variable Write,context=Main#main:1,i=2
Variable Delete,method=Main#main:1 <name=newX,type=int (id=7),value=<?>,index=31>
Variable Delete,method=Main#main:1 <name=newY,type=int (id=7),value=<?>,index=32>
Field Read,context=Main$Tuple:186,x
Field Read,context=Main,xDelta
Variable Write,context=Main#main:1,newX=16
Field Read,context=Main$Tuple:186,y
Field Read,context=Main,yDelta
Variable Write,context=Main#main:1,newY=12
Variable Write,context=Main#main:1,i=3
Variable Delete,method=Main#main:1 <name=newX,type=int (id=7),value=<?>,index=31>
Variable Delete,method=Main#main:1 <name=newY,type=int (id=7),value=<?>,index=32>
Field Read,context=Main$Tuple:186,x
Field Read,context=Main,xDelta
Variable Write,context=Main#main:1,newX=16
Field Read,context=Main$Tuple:186,y
Field Read,context=Main,yDelta
Variable Write,context=Main#main:1,newY=14
Variable Write,context=Main#main:1,g=int[][]:2
New Object,object=Main$Tuple:191
Method Call,caller=Main#main:1,target=Main$Tuple:191#Main$Tuple:191
Variable Write,context=Main$Tuple:191#Main$Tuple:191,x=16
Variable Write,context=Main$Tuple:191#Main$Tuple:191,y=14
Field Write,context=Main$Tuple:191,x=16
Field Write,context=Main$Tuple:191,y=14
Method Exit,returner=Main$Tuple:191#Main$Tuple:191,value=<void>
Variable Delete,method=Main#main:1 <name=newX,type=int (id=7),value=<?>,index=31>
Variable Delete,method=Main#main:1 <name=newY,type=int (id=7),value=<?>,index=32>
Variable Delete,method=Main#main:1 <name=t,type=Main$Tuple (id=90),value=<?>,index=29>
Variable Delete,method=Main#main:1 <name=i,type=int (id=7),value=<?>,index=30>
Variable Write,context=Main#main:1,t=Main$Tuple:187
Variable Write,context=Main#main:1,i=0
Field Read,context=Main$Tuple:187,x
Field Read,context=Main,xDelta
Variable Write,context=Main#main:1,newX=14
Field Read,context=Main$Tuple:187,y
Field Read,context=Main,yDelta
Variable Write,context=Main#main:1,newY=14
Variable Write,context=Main#main:1,i=1
Variable Delete,method=Main#main:1 <name=newX,type=int (id=7),value=<?>,index=31>
Variable Delete,method=Main#main:1 <name=newY,type=int (id=7),value=<?>,index=32>
Field Read,context=Main$Tuple:187,x
Field Read,context=Main,xDelta
Variable Write,context=Main#main:1,newX=16
Field Read,context=Main$Tuple:187,y
Field Read,context=Main,yDelta
Variable Write,context=Main#main:1,newY=14
Variable Write,context=Main#main:1,i=2
Variable Delete,method=Main#main:1 <name=newX,type=int (id=7),value=<?>,index=31>
Variable Delete,method=Main#main:1 <name=newY,type=int (id=7),value=<?>,index=32>
Field Read,context=Main$Tuple:187,x
Field Read,context=Main,xDelta
Variable Write,context=Main#main:1,newX=15
Field Read,context=Main$Tuple:187,y
Field Read,context=Main,yDelta
Variable Write,context=Main#main:1,newY=13
Variable Write,context=Main#main:1,i=3
Variable Delete,method=Main#main:1 <name=newX,type=int (id=7),value=<?>,index=31>
Variable Delete,method=Main#main:1 <name=newY,type=int (id=7),value=<?>,index=32>
Field Read,context=Main$Tuple:187,x
Field Read,context=Main,xDelta
Variable Write,context=Main#main:1,newX=15
Field Read,context=Main$Tuple:187,y
Field Read,context=Main,yDelta
Variable Write,context=Main#main:1,newY=15
Variable Delete,method=Main#main:1 <name=newX,type=int (id=7),value=<?>,index=31>
Variable Delete,method=Main#main:1 <name=newY,type=int (id=7),value=<?>,index=32>
Variable Delete,method=Main#main:1 <name=t,type=Main$Tuple (id=90),value=<?>,index=29>
Variable Delete,method=Main#main:1 <name=i,type=int (id=7),value=<?>,index=30>
Variable Write,context=Main#main:1,t=Main$Tuple:188
Variable Write,context=Main#main:1,i=0
Field Read,context=Main$Tuple:188,x
Field Read,context=Main,xDelta
Variable Write,context=Main#main:1,newX=13
Field Read,context=Main$Tuple:188,y
Field Read,context=Main,yDelta
Variable Write,context=Main#main:1,newY=13
Variable Write,context=Main#main:1,i=1
Variable Delete,method=Main#main:1 <name=newX,type=int (id=7),value=<?>,index=31>
Variable Delete,method=Main#main:1 <name=newY,type=int (id=7),value=<?>,index=32>
Field Read,context=Main$Tuple:188,x
Field Read,context=Main,xDelta
Variable Write,context=Main#main:1,newX=15
Field Read,context=Main$Tuple:188,y
Field Read,context=Main,yDelta
Variable Write,context=Main#main:1,newY=13
Variable Write,context=Main#main:1,i=2
Variable Delete,method=Main#main:1 <name=newX,type=int (id=7),value=<?>,index=31>
Variable Delete,method=Main#main:1 <name=newY,type=int (id=7),value=<?>,index=32>
Field Read,context=Main$Tuple:188,x
Field Read,context=Main,xDelta
Variable Write,context=Main#main:1,newX=14
Field Read,context=Main$Tuple:188,y
Field Read,context=Main,yDelta
Variable Write,context=Main#main:1,newY=12
Variable Write,context=Main#main:1,i=3
Variable Delete,method=Main#main:1 <name=newX,type=int (id=7),value=<?>,index=31>
Variable Delete,method=Main#main:1 <name=newY,type=int (id=7),value=<?>,index=32>
Field Read,context=Main$Tuple:188,x
Field Read,context=Main,xDelta
Variable Write,context=Main#main:1,newX=14
Field Read,context=Main$Tuple:188,y
Field Read,context=Main,yDelta
Variable Write,context=Main#main:1,newY=14
Variable Delete,method=Main#main:1 <name=newX,type=int (id=7),value=<?>,index=31>
Variable Delete,method=Main#main:1 <name=newY,type=int (id=7),value=<?>,index=32>
Variable Delete,method=Main#main:1 <name=t,type=Main$Tuple (id=90),value=<?>,index=29>
Variable Delete,method=Main#main:1 <name=i,type=int (id=7),value=<?>,index=30>
Variable Write,context=Main#main:1,t=Main$Tuple:189
Variable Write,context=Main#main:1,i=0
Field Read,context=Main$Tuple:189,x
Field Read,context=Main,xDelta
Variable Write,context=Main#main:1,newX=13
Field Read,context=Main$Tuple:189,y
Field Read,context=Main,yDelta
Variable Write,context=Main#main:1,newY=12
Variable Write,context=Main#main:1,i=1
Variable Delete,method=Main#main:1 <name=newX,type=int (id=7),value=<?>,index=31>
Variable Delete,method=Main#main:1 <name=newY,type=int (id=7),value=<?>,index=32>
Field Read,context=Main$Tuple:189,x
Field Read,context=Main,xDelta
Variable Write,context=Main#main:1,newX=15
Field Read,context=Main$Tuple:189,y
Field Read,context=Main,yDelta
Variable Write,context=Main#main:1,newY=12
Variable Write,context=Main#main:1,i=2
Variable Delete,method=Main#main:1 <name=newX,type=int (id=7),value=<?>,index=31>
Variable Delete,method=Main#main:1 <name=newY,type=int (id=7),value=<?>,index=32>
Field Read,context=Main$Tuple:189,x
Field Read,context=Main,xDelta
Variable Write,context=Main#main:1,newX=14
Field Read,context=Main$Tuple:189,y
Field Read,context=Main,yDelta
Variable Write,context=Main#main:1,newY=11
Variable Write,context=Main#main:1,i=3
Variable Delete,method=Main#main:1 <name=newX,type=int (id=7),value=<?>,index=31>
Variable Delete,method=Main#main:1 <name=newY,type=int (id=7),value=<?>,index=32>
Field Read,context=Main$Tuple:189,x
Field Read,context=Main,xDelta
Variable Write,context=Main#main:1,newX=14
Field Read,context=Main$Tuple:189,y
Field Read,context=Main,yDelta
Variable Write,context=Main#main:1,newY=13
Variable Delete,method=Main#main:1 <name=newX,type=int (id=7),value=<?>,index=31>
Variable Delete,method=Main#main:1 <name=newY,type=int (id=7),value=<?>,index=32>
Variable Delete,method=Main#main:1 <name=t,type=Main$Tuple (id=90),value=<?>,index=29>
Variable Delete,method=Main#main:1 <name=i,type=int (id=7),value=<?>,index=30>
Variable Write,context=Main#main:1,t=Main$Tuple:190
Variable Write,context=Main#main:1,i=0
Field Read,context=Main$Tuple:190,x
Field Read,context=Main,xDelta
Variable Write,context=Main#main:1,newX=14
Field Read,context=Main$Tuple:190,y
Field Read,context=Main,yDelta
Variable Write,context=Main#main:1,newY=13
Variable Write,context=Main#main:1,i=1
Variable Delete,method=Main#main:1 <name=newX,type=int (id=7),value=<?>,index=31>
Variable Delete,method=Main#main:1 <name=newY,type=int (id=7),value=<?>,index=32>
Field Read,context=Main$Tuple:190,x
Field Read,context=Main,xDelta
Variable Write,context=Main#main:1,newX=16
Field Read,context=Main$Tuple:190,y
Field Read,context=Main,yDelta
Variable Write,context=Main#main:1,newY=13
Variable Write,context=Main#main:1,i=2
Variable Delete,method=Main#main:1 <name=newX,type=int (id=7),value=<?>,index=31>
Variable Delete,method=Main#main:1 <name=newY,type=int (id=7),value=<?>,index=32>
Field Read,context=Main$Tuple:190,x
Field Read,context=Main,xDelta
Variable Write,context=Main#main:1,newX=15
Field Read,context=Main$Tuple:190,y
Field Read,context=Main,yDelta
Variable Write,context=Main#main:1,newY=12
Variable Write,context=Main#main:1,i=3
Variable Delete,method=Main#main:1 <name=newX,type=int (id=7),value=<?>,index=31>
Variable Delete,method=Main#main:1 <name=newY,type=int (id=7),value=<?>,index=32>
Field Read,context=Main$Tuple:190,x
Field Read,context=Main,xDelta
Variable Write,context=Main#main:1,newX=15
Field Read,context=Main$Tuple:190,y
Field Read,context=Main,yDelta
Variable Write,context=Main#main:1,newY=14
Variable Delete,method=Main#main:1 <name=newX,type=int (id=7),value=<?>,index=31>
Variable Delete,method=Main#main:1 <name=newY,type=int (id=7),value=<?>,index=32>
Variable Delete,method=Main#main:1 <name=t,type=Main$Tuple (id=90),value=<?>,index=29>
Variable Delete,method=Main#main:1 <name=i,type=int (id=7),value=<?>,index=30>
Variable Write,context=Main#main:1,t=Main$Tuple:191
Variable Write,context=Main#main:1,i=0
Field Read,context=Main$Tuple:191,x
Field Read,context=Main,xDelta
Variable Write,context=Main#main:1,newX=15
Field Read,context=Main$Tuple:191,y
Field Read,context=Main,yDelta
Variable Write,context=Main#main:1,newY=14
Variable Write,context=Main#main:1,i=1
Variable Delete,method=Main#main:1 <name=newX,type=int (id=7),value=<?>,index=31>
Variable Delete,method=Main#main:1 <name=newY,type=int (id=7),value=<?>,index=32>
Field Read,context=Main$Tuple:191,x
Field Read,context=Main,xDelta
Variable Write,context=Main#main:1,newX=17
Field Read,context=Main$Tuple:191,y
Field Read,context=Main,yDelta
Variable Write,context=Main#main:1,newY=14
Variable Write,context=Main#main:1,i=2
Variable Delete,method=Main#main:1 <name=newX,type=int (id=7),value=<?>,index=31>
Variable Delete,method=Main#main:1 <name=newY,type=int (id=7),value=<?>,index=32>
Field Read,context=Main$Tuple:191,x
Field Read,context=Main,xDelta
Variable Write,context=Main#main:1,newX=16
Field Read,context=Main$Tuple:191,y
Field Read,context=Main,yDelta
Variable Write,context=Main#main:1,newY=13
Variable Write,context=Main#main:1,i=3
Variable Delete,method=Main#main:1 <name=newX,type=int (id=7),value=<?>,index=31>
Variable Delete,method=Main#main:1 <name=newY,type=int (id=7),value=<?>,index=32>
Field Read,context=Main$Tuple:191,x
Field Read,context=Main,xDelta
Variable Write,context=Main#main:1,newX=16
Field Read,context=Main$Tuple:191,y
Field Read,context=Main,yDelta
Variable Write,context=Main#main:1,newY=15
Variable Delete,method=Main#main:1 <name=newX,type=int (id=7),value=<?>,index=31>
Variable Delete,method=Main#main:1 <name=newY,type=int (id=7),value=<?>,index=32>
Variable Delete,method=Main#main:1 <name=t,type=Main$Tuple (id=90),value=<?>,index=29>
Variable Delete,method=Main#main:1 <name=i,type=int (id=7),value=<?>,index=30>
Variable Write,context=Main#main:1,y=1
Variable Delete,method=Main#main:1 <name=p,type=Main$Tuple (id=90),value=<?>,index=27>
Variable Delete,method=Main#main:1 <name=q,type=java.util.Queue (unresolved),value=<?>,index=28>
Variable Write,context=Main#main:1,y=2
Variable Write,context=Main#main:1,y=3
Variable Write,context=Main#main:1,y=4
Variable Write,context=Main#main:1,y=5
Variable Write,context=Main#main:1,y=6
Variable Write,context=Main#main:1,y=7
Variable Write,context=Main#main:1,y=8
Variable Write,context=Main#main:1,y=9
Variable Write,context=Main#main:1,y=10
Variable Write,context=Main#main:1,y=11
Variable Write,context=Main#main:1,y=12
Variable Write,context=Main#main:1,y=13
Variable Write,context=Main#main:1,y=14
Variable Write,context=Main#main:1,x=1
Variable Delete,method=Main#main:1 <name=y,type=int (id=7),value=<?>,index=26>
Variable Write,context=Main#main:1,y=0
Variable Write,context=Main#main:1,y=1
Variable Write,context=Main#main:1,y=2
Variable Write,context=Main#main:1,y=3
Variable Write,context=Main#main:1,y=4
Variable Write,context=Main#main:1,y=5
Variable Write,context=Main#main:1,y=6
Variable Write,context=Main#main:1,y=7
Variable Write,context=Main#main:1,y=8
Variable Write,context=Main#main:1,y=9
Variable Write,context=Main#main:1,y=10
Variable Write,context=Main#main:1,y=11
Variable Write,context=Main#main:1,y=12
Variable Write,context=Main#main:1,y=13
Variable Write,context=Main#main:1,y=14
Variable Write,context=Main#main:1,x=2
Variable Delete,method=Main#main:1 <name=y,type=int (id=7),value=<?>,index=26>
Variable Write,context=Main#main:1,y=0
Variable Write,context=Main#main:1,y=1
Variable Write,context=Main#main:1,y=2
Variable Write,context=Main#main:1,y=3
Variable Write,context=Main#main:1,y=4
Variable Write,context=Main#main:1,g=int[][]:2
New Object,object=Main$Tuple:192
Method Call,caller=Main#main:1,target=Main$Tuple:192#Main$Tuple:192
Variable Write,context=Main$Tuple:192#Main$Tuple:192,x=2
Variable Write,context=Main$Tuple:192#Main$Tuple:192,y=4
Field Write,context=Main$Tuple:192,x=2
Field Write,context=Main$Tuple:192,y=4
Method Exit,returner=Main$Tuple:192#Main$Tuple:192,value=<void>
Variable Write,context=Main#main:1,p=Main$Tuple:192
Variable Write,context=Main#main:1,regions=2
Variable Write,context=Main#main:1,q=java.util.ArrayDeque (id=624)
Variable Write,context=Main#main:1,t=Main$Tuple:192
Variable Write,context=Main#main:1,i=0
Field Read,context=Main$Tuple:192,x
Field Read,context=Main,xDelta
Variable Write,context=Main#main:1,newX=1
Field Read,context=Main$Tuple:192,y
Field Read,context=Main,yDelta
Variable Write,context=Main#main:1,newY=4
Variable Write,context=Main#main:1,i=1
Variable Delete,method=Main#main:1 <name=newX,type=int (id=7),value=<?>,index=31>
Variable Delete,method=Main#main:1 <name=newY,type=int (id=7),value=<?>,index=32>
Field Read,context=Main$Tuple:192,x
Field Read,context=Main,xDelta
Variable Write,context=Main#main:1,newX=3
Field Read,context=Main$Tuple:192,y
Field Read,context=Main,yDelta
Variable Write,context=Main#main:1,newY=4
Variable Write,context=Main#main:1,g=int[][]:2
New Object,object=Main$Tuple:193
Method Call,caller=Main#main:1,target=Main$Tuple:193#Main$Tuple:193
Variable Write,context=Main$Tuple:193#Main$Tuple:193,x=3
Variable Write,context=Main$Tuple:193#Main$Tuple:193,y=4
Field Write,context=Main$Tuple:193,x=3
Field Write,context=Main$Tuple:193,y=4
Method Exit,returner=Main$Tuple:193#Main$Tuple:193,value=<void>
Variable Write,context=Main#main:1,i=2
Variable Delete,method=Main#main:1 <name=newX,type=int (id=7),value=<?>,index=31>
Variable Delete,method=Main#main:1 <name=newY,type=int (id=7),value=<?>,index=32>
Field Read,context=Main$Tuple:192,x
Field Read,context=Main,xDelta
Variable Write,context=Main#main:1,newX=2
Field Read,context=Main$Tuple:192,y
Field Read,context=Main,yDelta
Variable Write,context=Main#main:1,newY=3
Variable Write,context=Main#main:1,i=3
Variable Delete,method=Main#main:1 <name=newX,type=int (id=7),value=<?>,index=31>
Variable Delete,method=Main#main:1 <name=newY,type=int (id=7),value=<?>,index=32>
Field Read,context=Main$Tuple:192,x
Field Read,context=Main,xDelta
Variable Write,context=Main#main:1,newX=2
Field Read,context=Main$Tuple:192,y
Field Read,context=Main,yDelta
Variable Write,context=Main#main:1,newY=5
Variable Write,context=Main#main:1,g=int[][]:2
New Object,object=Main$Tuple:194
Method Call,caller=Main#main:1,target=Main$Tuple:194#Main$Tuple:194
Variable Write,context=Main$Tuple:194#Main$Tuple:194,x=2
Variable Write,context=Main$Tuple:194#Main$Tuple:194,y=5
Field Write,context=Main$Tuple:194,x=2
Field Write,context=Main$Tuple:194,y=5
Method Exit,returner=Main$Tuple:194#Main$Tuple:194,value=<void>
Variable Delete,method=Main#main:1 <name=newX,type=int (id=7),value=<?>,index=31>
Variable Delete,method=Main#main:1 <name=newY,type=int (id=7),value=<?>,index=32>
Variable Delete,method=Main#main:1 <name=t,type=Main$Tuple (id=90),value=<?>,index=29>
Variable Delete,method=Main#main:1 <name=i,type=int (id=7),value=<?>,index=30>
Variable Write,context=Main#main:1,t=Main$Tuple:193
Variable Write,context=Main#main:1,i=0
Field Read,context=Main$Tuple:193,x
Field Read,context=Main,xDelta
Variable Write,context=Main#main:1,newX=2
Field Read,context=Main$Tuple:193,y
Field Read,context=Main,yDelta
Variable Write,context=Main#main:1,newY=4
Variable Write,context=Main#main:1,i=1
Variable Delete,method=Main#main:1 <name=newX,type=int (id=7),value=<?>,index=31>
Variable Delete,method=Main#main:1 <name=newY,type=int (id=7),value=<?>,index=32>
Field Read,context=Main$Tuple:193,x
Field Read,context=Main,xDelta
Variable Write,context=Main#main:1,newX=4
Field Read,context=Main$Tuple:193,y
Field Read,context=Main,yDelta
Variable Write,context=Main#main:1,newY=4
Variable Write,context=Main#main:1,g=int[][]:2
New Object,object=Main$Tuple:195
Method Call,caller=Main#main:1,target=Main$Tuple:195#Main$Tuple:195
Variable Write,context=Main$Tuple:195#Main$Tuple:195,x=4
Variable Write,context=Main$Tuple:195#Main$Tuple:195,y=4
Field Write,context=Main$Tuple:195,x=4
Field Write,context=Main$Tuple:195,y=4
Method Exit,returner=Main$Tuple:195#Main$Tuple:195,value=<void>
Variable Write,context=Main#main:1,i=2
Variable Delete,method=Main#main:1 <name=newX,type=int (id=7),value=<?>,index=31>
Variable Delete,method=Main#main:1 <name=newY,type=int (id=7),value=<?>,index=32>
Field Read,context=Main$Tuple:193,x
Field Read,context=Main,xDelta
Variable Write,context=Main#main:1,newX=3
Field Read,context=Main$Tuple:193,y
Field Read,context=Main,yDelta
Variable Write,context=Main#main:1,newY=3
Variable Write,context=Main#main:1,i=3
Variable Delete,method=Main#main:1 <name=newX,type=int (id=7),value=<?>,index=31>
Variable Delete,method=Main#main:1 <name=newY,type=int (id=7),value=<?>,index=32>
Field Read,context=Main$Tuple:193,x
Field Read,context=Main,xDelta
Variable Write,context=Main#main:1,newX=3
Field Read,context=Main$Tuple:193,y
Field Read,context=Main,yDelta
Variable Write,context=Main#main:1,newY=5
Variable Write,context=Main#main:1,g=int[][]:2
New Object,object=Main$Tuple:196
Method Call,caller=Main#main:1,target=Main$Tuple:196#Main$Tuple:196
Variable Write,context=Main$Tuple:196#Main$Tuple:196,x=3
Variable Write,context=Main$Tuple:196#Main$Tuple:196,y=5
Field Write,context=Main$Tuple:196,x=3
Field Write,context=Main$Tuple:196,y=5
Method Exit,returner=Main$Tuple:196#Main$Tuple:196,value=<void>
Variable Delete,method=Main#main:1 <name=newX,type=int (id=7),value=<?>,index=31>
Variable Delete,method=Main#main:1 <name=newY,type=int (id=7),value=<?>,index=32>
Variable Delete,method=Main#main:1 <name=t,type=Main$Tuple (id=90),value=<?>,index=29>
Variable Delete,method=Main#main:1 <name=i,type=int (id=7),value=<?>,index=30>
Variable Write,context=Main#main:1,t=Main$Tuple:194
Variable Write,context=Main#main:1,i=0
Field Read,context=Main$Tuple:194,x
Field Read,context=Main,xDelta
Variable Write,context=Main#main:1,newX=1
Field Read,context=Main$Tuple:194,y
Field Read,context=Main,yDelta
Variable Write,context=Main#main:1,newY=5
Variable Write,context=Main#main:1,i=1
Variable Delete,method=Main#main:1 <name=newX,type=int (id=7),value=<?>,index=31>
Variable Delete,method=Main#main:1 <name=newY,type=int (id=7),value=<?>,index=32>
Field Read,context=Main$Tuple:194,x
Field Read,context=Main,xDelta
Variable Write,context=Main#main:1,newX=3
Field Read,context=Main$Tuple:194,y
Field Read,context=Main,yDelta
Variable Write,context=Main#main:1,newY=5
Variable Write,context=Main#main:1,i=2
Variable Delete,method=Main#main:1 <name=newX,type=int (id=7),value=<?>,index=31>
Variable Delete,method=Main#main:1 <name=newY,type=int (id=7),value=<?>,index=32>
Field Read,context=Main$Tuple:194,x
Field Read,context=Main,xDelta
Variable Write,context=Main#main:1,newX=2
Field Read,context=Main$Tuple:194,y
Field Read,context=Main,yDelta
Variable Write,context=Main#main:1,newY=4
Variable Write,context=Main#main:1,i=3
Variable Delete,method=Main#main:1 <name=newX,type=int (id=7),value=<?>,index=31>
Variable Delete,method=Main#main:1 <name=newY,type=int (id=7),value=<?>,index=32>
Field Read,context=Main$Tuple:194,x
Field Read,context=Main,xDelta
Variable Write,context=Main#main:1,newX=2
Field Read,context=Main$Tuple:194,y
Field Read,context=Main,yDelta
Variable Write,context=Main#main:1,newY=6
Variable Write,context=Main#main:1,g=int[][]:2
New Object,object=Main$Tuple:197
Method Call,caller=Main#main:1,target=Main$Tuple:197#Main$Tuple:197
Variable Write,context=Main$Tuple:197#Main$Tuple:197,x=2
Variable Write,context=Main$Tuple:197#Main$Tuple:197,y=6
Field Write,context=Main$Tuple:197,x=2
Field Write,context=Main$Tuple:197,y=6
Method Exit,returner=Main$Tuple:197#Main$Tuple:197,value=<void>
Variable Delete,method=Main#main:1 <name=newX,type=int (id=7),value=<?>,index=31>
Variable Delete,method=Main#main:1 <name=newY,type=int (id=7),value=<?>,index=32>
Variable Delete,method=Main#main:1 <name=t,type=Main$Tuple (id=90),value=<?>,index=29>
Variable Delete,method=Main#main:1 <name=i,type=int (id=7),value=<?>,index=30>
Variable Write,context=Main#main:1,t=Main$Tuple:195
Variable Write,context=Main#main:1,i=0
Field Read,context=Main$Tuple:195,x
Field Read,context=Main,xDelta
Variable Write,context=Main#main:1,newX=3
Field Read,context=Main$Tuple:195,y
Field Read,context=Main,yDelta
Variable Write,context=Main#main:1,newY=4
Variable Write,context=Main#main:1,i=1
Variable Delete,method=Main#main:1 <name=newX,type=int (id=7),value=<?>,index=31>
Variable Delete,method=Main#main:1 <name=newY,type=int (id=7),value=<?>,index=32>
Field Read,context=Main$Tuple:195,x
Field Read,context=Main,xDelta
Variable Write,context=Main#main:1,newX=5
Field Read,context=Main$Tuple:195,y
Field Read,context=Main,yDelta
Variable Write,context=Main#main:1,newY=4
Variable Write,context=Main#main:1,g=int[][]:2
New Object,object=Main$Tuple:198
Method Call,caller=Main#main:1,target=Main$Tuple:198#Main$Tuple:198
Variable Write,context=Main$Tuple:198#Main$Tuple:198,x=5
Variable Write,context=Main$Tuple:198#Main$Tuple:198,y=4
Field Write,context=Main$Tuple:198,x=5
Field Write,context=Main$Tuple:198,y=4
Method Exit,returner=Main$Tuple:198#Main$Tuple:198,value=<void>
Variable Write,context=Main#main:1,i=2
Variable Delete,method=Main#main:1 <name=newX,type=int (id=7),value=<?>,index=31>
Variable Delete,method=Main#main:1 <name=newY,type=int (id=7),value=<?>,index=32>
Field Read,context=Main$Tuple:195,x
Field Read,context=Main,xDelta
Variable Write,context=Main#main:1,newX=4
Field Read,context=Main$Tuple:195,y
Field Read,context=Main,yDelta
Variable Write,context=Main#main:1,newY=3
Variable Write,context=Main#main:1,i=3
Variable Delete,method=Main#main:1 <name=newX,type=int (id=7),value=<?>,index=31>
Variable Delete,method=Main#main:1 <name=newY,type=int (id=7),value=<?>,index=32>
Field Read,context=Main$Tuple:195,x
Field Read,context=Main,xDelta
Variable Write,context=Main#main:1,newX=4
Field Read,context=Main$Tuple:195,y
Field Read,context=Main,yDelta
Variable Write,context=Main#main:1,newY=5
Variable Write,context=Main#main:1,g=int[][]:2
New Object,object=Main$Tuple:199
Method Call,caller=Main#main:1,target=Main$Tuple:199#Main$Tuple:199
Variable Write,context=Main$Tuple:199#Main$Tuple:199,x=4
Variable Write,context=Main$Tuple:199#Main$Tuple:199,y=5
Field Write,context=Main$Tuple:199,x=4
Field Write,context=Main$Tuple:199,y=5
Method Exit,returner=Main$Tuple:199#Main$Tuple:199,value=<void>
Variable Delete,method=Main#main:1 <name=newX,type=int (id=7),value=<?>,index=31>
Variable Delete,method=Main#main:1 <name=newY,type=int (id=7),value=<?>,index=32>
Variable Delete,method=Main#main:1 <name=t,type=Main$Tuple (id=90),value=<?>,index=29>
Variable Delete,method=Main#main:1 <name=i,type=int (id=7),value=<?>,index=30>
Variable Write,context=Main#main:1,t=Main$Tuple:196
Variable Write,context=Main#main:1,i=0
Field Read,context=Main$Tuple:196,x
Field Read,context=Main,xDelta
Variable Write,context=Main#main:1,newX=2
Field Read,context=Main$Tuple:196,y
Field Read,context=Main,yDelta
Variable Write,context=Main#main:1,newY=5
Variable Write,context=Main#main:1,i=1
Variable Delete,method=Main#main:1 <name=newX,type=int (id=7),value=<?>,index=31>
Variable Delete,method=Main#main:1 <name=newY,type=int (id=7),value=<?>,index=32>
Field Read,context=Main$Tuple:196,x
Field Read,context=Main,xDelta
Variable Write,context=Main#main:1,newX=4
Field Read,context=Main$Tuple:196,y
Field Read,context=Main,yDelta
Variable Write,context=Main#main:1,newY=5
Variable Write,context=Main#main:1,i=2
Variable Delete,method=Main#main:1 <name=newX,type=int (id=7),value=<?>,index=31>
Variable Delete,method=Main#main:1 <name=newY,type=int (id=7),value=<?>,index=32>
Field Read,context=Main$Tuple:196,x
Field Read,context=Main,xDelta
Variable Write,context=Main#main:1,newX=3
Field Read,context=Main$Tuple:196,y
Field Read,context=Main,yDelta
Variable Write,context=Main#main:1,newY=4
Variable Write,context=Main#main:1,i=3
Variable Delete,method=Main#main:1 <name=newX,type=int (id=7),value=<?>,index=31>
Variable Delete,method=Main#main:1 <name=newY,type=int (id=7),value=<?>,index=32>
Field Read,context=Main$Tuple:196,x
Field Read,context=Main,xDelta
Variable Write,context=Main#main:1,newX=3
Field Read,context=Main$Tuple:196,y
Field Read,context=Main,yDelta
Variable Write,context=Main#main:1,newY=6
Variable Write,context=Main#main:1,g=int[][]:2
New Object,object=Main$Tuple:200
Method Call,caller=Main#main:1,target=Main$Tuple:200#Main$Tuple:200
Variable Write,context=Main$Tuple:200#Main$Tuple:200,x=3
Variable Write,context=Main$Tuple:200#Main$Tuple:200,y=6
Field Write,context=Main$Tuple:200,x=3
Field Write,context=Main$Tuple:200,y=6
Method Exit,returner=Main$Tuple:200#Main$Tuple:200,value=<void>
Variable Delete,method=Main#main:1 <name=newX,type=int (id=7),value=<?>,index=31>
Variable Delete,method=Main#main:1 <name=newY,type=int (id=7),value=<?>,index=32>
Variable Delete,method=Main#main:1 <name=t,type=Main$Tuple (id=90),value=<?>,index=29>
Variable Delete,method=Main#main:1 <name=i,type=int (id=7),value=<?>,index=30>
Variable Write,context=Main#main:1,t=Main$Tuple:197
Variable Write,context=Main#main:1,i=0
Field Read,context=Main$Tuple:197,x
Field Read,context=Main,xDelta
Variable Write,context=Main#main:1,newX=1
Field Read,context=Main$Tuple:197,y
Field Read,context=Main,yDelta
Variable Write,context=Main#main:1,newY=6
Variable Write,context=Main#main:1,i=1
Variable Delete,method=Main#main:1 <name=newX,type=int (id=7),value=<?>,index=31>
Variable Delete,method=Main#main:1 <name=newY,type=int (id=7),value=<?>,index=32>
Field Read,context=Main$Tuple:197,x
Field Read,context=Main,xDelta
Variable Write,context=Main#main:1,newX=3
Field Read,context=Main$Tuple:197,y
Field Read,context=Main,yDelta
Variable Write,context=Main#main:1,newY=6
Variable Write,context=Main#main:1,i=2
Variable Delete,method=Main#main:1 <name=newX,type=int (id=7),value=<?>,index=31>
Variable Delete,method=Main#main:1 <name=newY,type=int (id=7),value=<?>,index=32>
Field Read,context=Main$Tuple:197,x
Field Read,context=Main,xDelta
Variable Write,context=Main#main:1,newX=2
Field Read,context=Main$Tuple:197,y
Field Read,context=Main,yDelta
Variable Write,context=Main#main:1,newY=5
Variable Write,context=Main#main:1,i=3
Variable Delete,method=Main#main:1 <name=newX,type=int (id=7),value=<?>,index=31>
Variable Delete,method=Main#main:1 <name=newY,type=int (id=7),value=<?>,index=32>
Field Read,context=Main$Tuple:197,x
Field Read,context=Main,xDelta
Variable Write,context=Main#main:1,newX=2
Field Read,context=Main$Tuple:197,y
Field Read,context=Main,yDelta
Variable Write,context=Main#main:1,newY=7
Variable Write,context=Main#main:1,g=int[][]:2
New Object,object=Main$Tuple:201
Method Call,caller=Main#main:1,target=Main$Tuple:201#Main$Tuple:201
Variable Write,context=Main$Tuple:201#Main$Tuple:201,x=2
Variable Write,context=Main$Tuple:201#Main$Tuple:201,y=7
Field Write,context=Main$Tuple:201,x=2
Field Write,context=Main$Tuple:201,y=7
Method Exit,returner=Main$Tuple:201#Main$Tuple:201,value=<void>
Variable Delete,method=Main#main:1 <name=newX,type=int (id=7),value=<?>,index=31>
Variable Delete,method=Main#main:1 <name=newY,type=int (id=7),value=<?>,index=32>
Variable Delete,method=Main#main:1 <name=t,type=Main$Tuple (id=90),value=<?>,index=29>
Variable Delete,method=Main#main:1 <name=i,type=int (id=7),value=<?>,index=30>
Variable Write,context=Main#main:1,t=Main$Tuple:198
Variable Write,context=Main#main:1,i=0
Field Read,context=Main$Tuple:198,x
Field Read,context=Main,xDelta
Variable Write,context=Main#main:1,newX=4
Field Read,context=Main$Tuple:198,y
Field Read,context=Main,yDelta
Variable Write,context=Main#main:1,newY=4
Variable Write,context=Main#main:1,i=1
Variable Delete,method=Main#main:1 <name=newX,type=int (id=7),value=<?>,index=31>
Variable Delete,method=Main#main:1 <name=newY,type=int (id=7),value=<?>,index=32>
Field Read,context=Main$Tuple:198,x
Field Read,context=Main,xDelta
Variable Write,context=Main#main:1,newX=6
Field Read,context=Main$Tuple:198,y
Field Read,context=Main,yDelta
Variable Write,context=Main#main:1,newY=4
Variable Write,context=Main#main:1,g=int[][]:2
New Object,object=Main$Tuple:202
Method Call,caller=Main#main:1,target=Main$Tuple:202#Main$Tuple:202
Variable Write,context=Main$Tuple:202#Main$Tuple:202,x=6
Variable Write,context=Main$Tuple:202#Main$Tuple:202,y=4
Field Write,context=Main$Tuple:202,x=6
Field Write,context=Main$Tuple:202,y=4
Method Exit,returner=Main$Tuple:202#Main$Tuple:202,value=<void>
Variable Write,context=Main#main:1,i=2
Variable Delete,method=Main#main:1 <name=newX,type=int (id=7),value=<?>,index=31>
Variable Delete,method=Main#main:1 <name=newY,type=int (id=7),value=<?>,index=32>
Field Read,context=Main$Tuple:198,x
Field Read,context=Main,xDelta
Variable Write,context=Main#main:1,newX=5
Field Read,context=Main$Tuple:198,y
Field Read,context=Main,yDelta
Variable Write,context=Main#main:1,newY=3
Variable Write,context=Main#main:1,i=3
Variable Delete,method=Main#main:1 <name=newX,type=int (id=7),value=<?>,index=31>
Variable Delete,method=Main#main:1 <name=newY,type=int (id=7),value=<?>,index=32>
Field Read,context=Main$Tuple:198,x
Field Read,context=Main,xDelta
Variable Write,context=Main#main:1,newX=5
Field Read,context=Main$Tuple:198,y
Field Read,context=Main,yDelta
Variable Write,context=Main#main:1,newY=5
Variable Write,context=Main#main:1,g=int[][]:2
New Object,object=Main$Tuple:203
Method Call,caller=Main#main:1,target=Main$Tuple:203#Main$Tuple:203
Variable Write,context=Main$Tuple:203#Main$Tuple:203,x=5
Variable Write,context=Main$Tuple:203#Main$Tuple:203,y=5
Field Write,context=Main$Tuple:203,x=5
Field Write,context=Main$Tuple:203,y=5
Method Exit,returner=Main$Tuple:203#Main$Tuple:203,value=<void>
Variable Delete,method=Main#main:1 <name=newX,type=int (id=7),value=<?>,index=31>
Variable Delete,method=Main#main:1 <name=newY,type=int (id=7),value=<?>,index=32>
Variable Delete,method=Main#main:1 <name=t,type=Main$Tuple (id=90),value=<?>,index=29>
Variable Delete,method=Main#main:1 <name=i,type=int (id=7),value=<?>,index=30>
Variable Write,context=Main#main:1,t=Main$Tuple:199
Variable Write,context=Main#main:1,i=0
Field Read,context=Main$Tuple:199,x
Field Read,context=Main,xDelta
Variable Write,context=Main#main:1,newX=3
Field Read,context=Main$Tuple:199,y
Field Read,context=Main,yDelta
Variable Write,context=Main#main:1,newY=5
Variable Write,context=Main#main:1,i=1
Variable Delete,method=Main#main:1 <name=newX,type=int (id=7),value=<?>,index=31>
Variable Delete,method=Main#main:1 <name=newY,type=int (id=7),value=<?>,index=32>
Field Read,context=Main$Tuple:199,x
Field Read,context=Main,xDelta
Variable Write,context=Main#main:1,newX=5
Field Read,context=Main$Tuple:199,y
Field Read,context=Main,yDelta
Variable Write,context=Main#main:1,newY=5
Variable Write,context=Main#main:1,i=2
Variable Delete,method=Main#main:1 <name=newX,type=int (id=7),value=<?>,index=31>
Variable Delete,method=Main#main:1 <name=newY,type=int (id=7),value=<?>,index=32>
Field Read,context=Main$Tuple:199,x
Field Read,context=Main,xDelta
Variable Write,context=Main#main:1,newX=4
Field Read,context=Main$Tuple:199,y
Field Read,context=Main,yDelta
Variable Write,context=Main#main:1,newY=4
Variable Write,context=Main#main:1,i=3
Variable Delete,method=Main#main:1 <name=newX,type=int (id=7),value=<?>,index=31>
Variable Delete,method=Main#main:1 <name=newY,type=int (id=7),value=<?>,index=32>
Field Read,context=Main$Tuple:199,x
Field Read,context=Main,xDelta
Variable Write,context=Main#main:1,newX=4
Field Read,context=Main$Tuple:199,y
Field Read,context=Main,yDelta
Variable Write,context=Main#main:1,newY=6
Variable Write,context=Main#main:1,g=int[][]:2
New Object,object=Main$Tuple:204
Method Call,caller=Main#main:1,target=Main$Tuple:204#Main$Tuple:204
Variable Write,context=Main$Tuple:204#Main$Tuple:204,x=4
Variable Write,context=Main$Tuple:204#Main$Tuple:204,y=6
Field Write,context=Main$Tuple:204,x=4
Field Write,context=Main$Tuple:204,y=6
Method Exit,returner=Main$Tuple:204#Main$Tuple:204,value=<void>
Variable Delete,method=Main#main:1 <name=newX,type=int (id=7),value=<?>,index=31>
Variable Delete,method=Main#main:1 <name=newY,type=int (id=7),value=<?>,index=32>
Variable Delete,method=Main#main:1 <name=t,type=Main$Tuple (id=90),value=<?>,index=29>
Variable Delete,method=Main#main:1 <name=i,type=int (id=7),value=<?>,index=30>
Variable Write,context=Main#main:1,t=Main$Tuple:200
Variable Write,context=Main#main:1,i=0
Field Read,context=Main$Tuple:200,x
Field Read,context=Main,xDelta
Variable Write,context=Main#main:1,newX=2
Field Read,context=Main$Tuple:200,y
Field Read,context=Main,yDelta
Variable Write,context=Main#main:1,newY=6
Variable Write,context=Main#main:1,i=1
Variable Delete,method=Main#main:1 <name=newX,type=int (id=7),value=<?>,index=31>
Variable Delete,method=Main#main:1 <name=newY,type=int (id=7),value=<?>,index=32>
Field Read,context=Main$Tuple:200,x
Field Read,context=Main,xDelta
Variable Write,context=Main#main:1,newX=4
Field Read,context=Main$Tuple:200,y
Field Read,context=Main,yDelta
Variable Write,context=Main#main:1,newY=6
Variable Write,context=Main#main:1,i=2
Variable Delete,method=Main#main:1 <name=newX,type=int (id=7),value=<?>,index=31>
Variable Delete,method=Main#main:1 <name=newY,type=int (id=7),value=<?>,index=32>
Field Read,context=Main$Tuple:200,x
Field Read,context=Main,xDelta
Variable Write,context=Main#main:1,newX=3
Field Read,context=Main$Tuple:200,y
Field Read,context=Main,yDelta
Variable Write,context=Main#main:1,newY=5
Variable Write,context=Main#main:1,i=3
Variable Delete,method=Main#main:1 <name=newX,type=int (id=7),value=<?>,index=31>
Variable Delete,method=Main#main:1 <name=newY,type=int (id=7),value=<?>,index=32>
Field Read,context=Main$Tuple:200,x
Field Read,context=Main,xDelta
Variable Write,context=Main#main:1,newX=3
Field Read,context=Main$Tuple:200,y
Field Read,context=Main,yDelta
Variable Write,context=Main#main:1,newY=7
Variable Delete,method=Main#main:1 <name=newX,type=int (id=7),value=<?>,index=31>
Variable Delete,method=Main#main:1 <name=newY,type=int (id=7),value=<?>,index=32>
Variable Delete,method=Main#main:1 <name=t,type=Main$Tuple (id=90),value=<?>,index=29>
Variable Delete,method=Main#main:1 <name=i,type=int (id=7),value=<?>,index=30>
Variable Write,context=Main#main:1,t=Main$Tuple:201
Variable Write,context=Main#main:1,i=0
Field Read,context=Main$Tuple:201,x
Field Read,context=Main,xDelta
Variable Write,context=Main#main:1,newX=1
Field Read,context=Main$Tuple:201,y
Field Read,context=Main,yDelta
Variable Write,context=Main#main:1,newY=7
Variable Write,context=Main#main:1,i=1
Variable Delete,method=Main#main:1 <name=newX,type=int (id=7),value=<?>,index=31>
Variable Delete,method=Main#main:1 <name=newY,type=int (id=7),value=<?>,index=32>
Field Read,context=Main$Tuple:201,x
Field Read,context=Main,xDelta
Variable Write,context=Main#main:1,newX=3
Field Read,context=Main$Tuple:201,y
Field Read,context=Main,yDelta
Variable Write,context=Main#main:1,newY=7
Variable Write,context=Main#main:1,i=2
Variable Delete,method=Main#main:1 <name=newX,type=int (id=7),value=<?>,index=31>
Variable Delete,method=Main#main:1 <name=newY,type=int (id=7),value=<?>,index=32>
Field Read,context=Main$Tuple:201,x
Field Read,context=Main,xDelta
Variable Write,context=Main#main:1,newX=2
Field Read,context=Main$Tuple:201,y
Field Read,context=Main,yDelta
Variable Write,context=Main#main:1,newY=6
Variable Write,context=Main#main:1,i=3
Variable Delete,method=Main#main:1 <name=newX,type=int (id=7),value=<?>,index=31>
Variable Delete,method=Main#main:1 <name=newY,type=int (id=7),value=<?>,index=32>
Field Read,context=Main$Tuple:201,x
Field Read,context=Main,xDelta
Variable Write,context=Main#main:1,newX=2
Field Read,context=Main$Tuple:201,y
Field Read,context=Main,yDelta
Variable Write,context=Main#main:1,newY=8
Variable Write,context=Main#main:1,g=int[][]:2
New Object,object=Main$Tuple:205
Method Call,caller=Main#main:1,target=Main$Tuple:205#Main$Tuple:205
Variable Write,context=Main$Tuple:205#Main$Tuple:205,x=2
Variable Write,context=Main$Tuple:205#Main$Tuple:205,y=8
Field Write,context=Main$Tuple:205,x=2
Field Write,context=Main$Tuple:205,y=8
Method Exit,returner=Main$Tuple:205#Main$Tuple:205,value=<void>
Variable Delete,method=Main#main:1 <name=newX,type=int (id=7),value=<?>,index=31>
Variable Delete,method=Main#main:1 <name=newY,type=int (id=7),value=<?>,index=32>
Variable Delete,method=Main#main:1 <name=t,type=Main$Tuple (id=90),value=<?>,index=29>
Variable Delete,method=Main#main:1 <name=i,type=int (id=7),value=<?>,index=30>
Variable Write,context=Main#main:1,t=Main$Tuple:202
Variable Write,context=Main#main:1,i=0
Field Read,context=Main$Tuple:202,x
Field Read,context=Main,xDelta
Variable Write,context=Main#main:1,newX=5
Field Read,context=Main$Tuple:202,y
Field Read,context=Main,yDelta
Variable Write,context=Main#main:1,newY=4
Variable Write,context=Main#main:1,i=1
Variable Delete,method=Main#main:1 <name=newX,type=int (id=7),value=<?>,index=31>
Variable Delete,method=Main#main:1 <name=newY,type=int (id=7),value=<?>,index=32>
Field Read,context=Main$Tuple:202,x
Field Read,context=Main,xDelta
Variable Write,context=Main#main:1,newX=7
Field Read,context=Main$Tuple:202,y
Field Read,context=Main,yDelta
Variable Write,context=Main#main:1,newY=4
Variable Write,context=Main#main:1,g=int[][]:2
New Object,object=Main$Tuple:206
Method Call,caller=Main#main:1,target=Main$Tuple:206#Main$Tuple:206
Variable Write,context=Main$Tuple:206#Main$Tuple:206,x=7
Variable Write,context=Main$Tuple:206#Main$Tuple:206,y=4
Field Write,context=Main$Tuple:206,x=7
Field Write,context=Main$Tuple:206,y=4
Method Exit,returner=Main$Tuple:206#Main$Tuple:206,value=<void>
Variable Write,context=Main#main:1,i=2
Variable Delete,method=Main#main:1 <name=newX,type=int (id=7),value=<?>,index=31>
Variable Delete,method=Main#main:1 <name=newY,type=int (id=7),value=<?>,index=32>
Field Read,context=Main$Tuple:202,x
Field Read,context=Main,xDelta
Variable Write,context=Main#main:1,newX=6
Field Read,context=Main$Tuple:202,y
Field Read,context=Main,yDelta
Variable Write,context=Main#main:1,newY=3
Variable Write,context=Main#main:1,i=3
Variable Delete,method=Main#main:1 <name=newX,type=int (id=7),value=<?>,index=31>
Variable Delete,method=Main#main:1 <name=newY,type=int (id=7),value=<?>,index=32>
Field Read,context=Main$Tuple:202,x
Field Read,context=Main,xDelta
Variable Write,context=Main#main:1,newX=6
Field Read,context=Main$Tuple:202,y
Field Read,context=Main,yDelta
Variable Write,context=Main#main:1,newY=5
Variable Write,context=Main#main:1,g=int[][]:2
New Object,object=Main$Tuple:207
Method Call,caller=Main#main:1,target=Main$Tuple:207#Main$Tuple:207
Variable Write,context=Main$Tuple:207#Main$Tuple:207,x=6
Variable Write,context=Main$Tuple:207#Main$Tuple:207,y=5
Field Write,context=Main$Tuple:207,x=6
Field Write,context=Main$Tuple:207,y=5
Method Exit,returner=Main$Tuple:207#Main$Tuple:207,value=<void>
Variable Delete,method=Main#main:1 <name=newX,type=int (id=7),value=<?>,index=31>
Variable Delete,method=Main#main:1 <name=newY,type=int (id=7),value=<?>,index=32>
Variable Delete,method=Main#main:1 <name=t,type=Main$Tuple (id=90),value=<?>,index=29>
Variable Delete,method=Main#main:1 <name=i,type=int (id=7),value=<?>,index=30>
Variable Write,context=Main#main:1,t=Main$Tuple:203
Variable Write,context=Main#main:1,i=0
Field Read,context=Main$Tuple:203,x
Field Read,context=Main,xDelta
Variable Write,context=Main#main:1,newX=4
Field Read,context=Main$Tuple:203,y
Field Read,context=Main,yDelta
Variable Write,context=Main#main:1,newY=5
Variable Write,context=Main#main:1,i=1
Variable Delete,method=Main#main:1 <name=newX,type=int (id=7),value=<?>,index=31>
Variable Delete,method=Main#main:1 <name=newY,type=int (id=7),value=<?>,index=32>
Field Read,context=Main$Tuple:203,x
Field Read,context=Main,xDelta
Variable Write,context=Main#main:1,newX=6
Field Read,context=Main$Tuple:203,y
Field Read,context=Main,yDelta
Variable Write,context=Main#main:1,newY=5
Variable Write,context=Main#main:1,i=2
Variable Delete,method=Main#main:1 <name=newX,type=int (id=7),value=<?>,index=31>
Variable Delete,method=Main#main:1 <name=newY,type=int (id=7),value=<?>,index=32>
Field Read,context=Main$Tuple:203,x
Field Read,context=Main,xDelta
Variable Write,context=Main#main:1,newX=5
Field Read,context=Main$Tuple:203,y
Field Read,context=Main,yDelta
Variable Write,context=Main#main:1,newY=4
Variable Write,context=Main#main:1,i=3
Variable Delete,method=Main#main:1 <name=newX,type=int (id=7),value=<?>,index=31>
Variable Delete,method=Main#main:1 <name=newY,type=int (id=7),value=<?>,index=32>
Field Read,context=Main$Tuple:203,x
Field Read,context=Main,xDelta
Variable Write,context=Main#main:1,newX=5
Field Read,context=Main$Tuple:203,y
Field Read,context=Main,yDelta
Variable Write,context=Main#main:1,newY=6
Variable Write,context=Main#main:1,g=int[][]:2
New Object,object=Main$Tuple:208
Method Call,caller=Main#main:1,target=Main$Tuple:208#Main$Tuple:208
Variable Write,context=Main$Tuple:208#Main$Tuple:208,x=5
Variable Write,context=Main$Tuple:208#Main$Tuple:208,y=6
Field Write,context=Main$Tuple:208,x=5
Field Write,context=Main$Tuple:208,y=6
Method Exit,returner=Main$Tuple:208#Main$Tuple:208,value=<void>
Variable Delete,method=Main#main:1 <name=newX,type=int (id=7),value=<?>,index=31>
Variable Delete,method=Main#main:1 <name=newY,type=int (id=7),value=<?>,index=32>
Variable Delete,method=Main#main:1 <name=t,type=Main$Tuple (id=90),value=<?>,index=29>
Variable Delete,method=Main#main:1 <name=i,type=int (id=7),value=<?>,index=30>
Variable Write,context=Main#main:1,t=Main$Tuple:204
Variable Write,context=Main#main:1,i=0
Field Read,context=Main$Tuple:204,x
Field Read,context=Main,xDelta
Variable Write,context=Main#main:1,newX=3
Field Read,context=Main$Tuple:204,y
Field Read,context=Main,yDelta
Variable Write,context=Main#main:1,newY=6
Variable Write,context=Main#main:1,i=1
Variable Delete,method=Main#main:1 <name=newX,type=int (id=7),value=<?>,index=31>
Variable Delete,method=Main#main:1 <name=newY,type=int (id=7),value=<?>,index=32>
Field Read,context=Main$Tuple:204,x
Field Read,context=Main,xDelta
Variable Write,context=Main#main:1,newX=5
Field Read,context=Main$Tuple:204,y
Field Read,context=Main,yDelta
Variable Write,context=Main#main:1,newY=6
Variable Write,context=Main#main:1,i=2
Variable Delete,method=Main#main:1 <name=newX,type=int (id=7),value=<?>,index=31>
Variable Delete,method=Main#main:1 <name=newY,type=int (id=7),value=<?>,index=32>
Field Read,context=Main$Tuple:204,x
Field Read,context=Main,xDelta
Variable Write,context=Main#main:1,newX=4
Field Read,context=Main$Tuple:204,y
Field Read,context=Main,yDelta
Variable Write,context=Main#main:1,newY=5
Variable Write,context=Main#main:1,i=3
Variable Delete,method=Main#main:1 <name=newX,type=int (id=7),value=<?>,index=31>
Variable Delete,method=Main#main:1 <name=newY,type=int (id=7),value=<?>,index=32>
Field Read,context=Main$Tuple:204,x
Field Read,context=Main,xDelta
Variable Write,context=Main#main:1,newX=4
Field Read,context=Main$Tuple:204,y
Field Read,context=Main,yDelta
Variable Write,context=Main#main:1,newY=7
Variable Delete,method=Main#main:1 <name=newX,type=int (id=7),value=<?>,index=31>
Variable Delete,method=Main#main:1 <name=newY,type=int (id=7),value=<?>,index=32>
Variable Delete,method=Main#main:1 <name=t,type=Main$Tuple (id=90),value=<?>,index=29>
Variable Delete,method=Main#main:1 <name=i,type=int (id=7),value=<?>,index=30>
Variable Write,context=Main#main:1,t=Main$Tuple:205
Variable Write,context=Main#main:1,i=0
Field Read,context=Main$Tuple:205,x
Field Read,context=Main,xDelta
Variable Write,context=Main#main:1,newX=1
Field Read,context=Main$Tuple:205,y
Field Read,context=Main,yDelta
Variable Write,context=Main#main:1,newY=8
Variable Write,context=Main#main:1,i=1
Variable Delete,method=Main#main:1 <name=newX,type=int (id=7),value=<?>,index=31>
Variable Delete,method=Main#main:1 <name=newY,type=int (id=7),value=<?>,index=32>
Field Read,context=Main$Tuple:205,x
Field Read,context=Main,xDelta
Variable Write,context=Main#main:1,newX=3
Field Read,context=Main$Tuple:205,y
Field Read,context=Main,yDelta
Variable Write,context=Main#main:1,newY=8
Variable Write,context=Main#main:1,i=2
Variable Delete,method=Main#main:1 <name=newX,type=int (id=7),value=<?>,index=31>
Variable Delete,method=Main#main:1 <name=newY,type=int (id=7),value=<?>,index=32>
Field Read,context=Main$Tuple:205,x
Field Read,context=Main,xDelta
Variable Write,context=Main#main:1,newX=2
Field Read,context=Main$Tuple:205,y
Field Read,context=Main,yDelta
Variable Write,context=Main#main:1,newY=7
Variable Write,context=Main#main:1,i=3
Variable Delete,method=Main#main:1 <name=newX,type=int (id=7),value=<?>,index=31>
Variable Delete,method=Main#main:1 <name=newY,type=int (id=7),value=<?>,index=32>
Field Read,context=Main$Tuple:205,x
Field Read,context=Main,xDelta
Variable Write,context=Main#main:1,newX=2
Field Read,context=Main$Tuple:205,y
Field Read,context=Main,yDelta
Variable Write,context=Main#main:1,newY=9
Variable Write,context=Main#main:1,g=int[][]:2
New Object,object=Main$Tuple:209
Method Call,caller=Main#main:1,target=Main$Tuple:209#Main$Tuple:209
Variable Write,context=Main$Tuple:209#Main$Tuple:209,x=2
Variable Write,context=Main$Tuple:209#Main$Tuple:209,y=9
Field Write,context=Main$Tuple:209,x=2
Field Write,context=Main$Tuple:209,y=9
Method Exit,returner=Main$Tuple:209#Main$Tuple:209,value=<void>
Variable Delete,method=Main#main:1 <name=newX,type=int (id=7),value=<?>,index=31>
Variable Delete,method=Main#main:1 <name=newY,type=int (id=7),value=<?>,index=32>
Variable Delete,method=Main#main:1 <name=t,type=Main$Tuple (id=90),value=<?>,index=29>
Variable Delete,method=Main#main:1 <name=i,type=int (id=7),value=<?>,index=30>
Variable Write,context=Main#main:1,t=Main$Tuple:206
Variable Write,context=Main#main:1,i=0
Field Read,context=Main$Tuple:206,x
Field Read,context=Main,xDelta
Variable Write,context=Main#main:1,newX=6
Field Read,context=Main$Tuple:206,y
Field Read,context=Main,yDelta
Variable Write,context=Main#main:1,newY=4
Variable Write,context=Main#main:1,i=1
Variable Delete,method=Main#main:1 <name=newX,type=int (id=7),value=<?>,index=31>
Variable Delete,method=Main#main:1 <name=newY,type=int (id=7),value=<?>,index=32>
Field Read,context=Main$Tuple:206,x
Field Read,context=Main,xDelta
Variable Write,context=Main#main:1,newX=8
Field Read,context=Main$Tuple:206,y
Field Read,context=Main,yDelta
Variable Write,context=Main#main:1,newY=4
Variable Write,context=Main#main:1,g=int[][]:2
New Object,object=Main$Tuple:210
Method Call,caller=Main#main:1,target=Main$Tuple:210#Main$Tuple:210
Variable Write,context=Main$Tuple:210#Main$Tuple:210,x=8
Variable Write,context=Main$Tuple:210#Main$Tuple:210,y=4
Field Write,context=Main$Tuple:210,x=8
Field Write,context=Main$Tuple:210,y=4
Method Exit,returner=Main$Tuple:210#Main$Tuple:210,value=<void>
Variable Write,context=Main#main:1,i=2
Variable Delete,method=Main#main:1 <name=newX,type=int (id=7),value=<?>,index=31>
Variable Delete,method=Main#main:1 <name=newY,type=int (id=7),value=<?>,index=32>
Field Read,context=Main$Tuple:206,x
Field Read,context=Main,xDelta
Variable Write,context=Main#main:1,newX=7
Field Read,context=Main$Tuple:206,y
Field Read,context=Main,yDelta
Variable Write,context=Main#main:1,newY=3
Variable Write,context=Main#main:1,i=3
Variable Delete,method=Main#main:1 <name=newX,type=int (id=7),value=<?>,index=31>
Variable Delete,method=Main#main:1 <name=newY,type=int (id=7),value=<?>,index=32>
Field Read,context=Main$Tuple:206,x
Field Read,context=Main,xDelta
Variable Write,context=Main#main:1,newX=7
Field Read,context=Main$Tuple:206,y
Field Read,context=Main,yDelta
Variable Write,context=Main#main:1,newY=5
Variable Delete,method=Main#main:1 <name=newX,type=int (id=7),value=<?>,index=31>
Variable Delete,method=Main#main:1 <name=newY,type=int (id=7),value=<?>,index=32>
Variable Delete,method=Main#main:1 <name=t,type=Main$Tuple (id=90),value=<?>,index=29>
Variable Delete,method=Main#main:1 <name=i,type=int (id=7),value=<?>,index=30>
Variable Write,context=Main#main:1,t=Main$Tuple:207
Variable Write,context=Main#main:1,i=0
Field Read,context=Main$Tuple:207,x
Field Read,context=Main,xDelta
Variable Write,context=Main#main:1,newX=5
Field Read,context=Main$Tuple:207,y
Field Read,context=Main,yDelta
Variable Write,context=Main#main:1,newY=5
Variable Write,context=Main#main:1,i=1
Variable Delete,method=Main#main:1 <name=newX,type=int (id=7),value=<?>,index=31>
Variable Delete,method=Main#main:1 <name=newY,type=int (id=7),value=<?>,index=32>
Field Read,context=Main$Tuple:207,x
Field Read,context=Main,xDelta
Variable Write,context=Main#main:1,newX=7
Field Read,context=Main$Tuple:207,y
Field Read,context=Main,yDelta
Variable Write,context=Main#main:1,newY=5
Variable Write,context=Main#main:1,i=2
Variable Delete,method=Main#main:1 <name=newX,type=int (id=7),value=<?>,index=31>
Variable Delete,method=Main#main:1 <name=newY,type=int (id=7),value=<?>,index=32>
Field Read,context=Main$Tuple:207,x
Field Read,context=Main,xDelta
Variable Write,context=Main#main:1,newX=6
Field Read,context=Main$Tuple:207,y
Field Read,context=Main,yDelta
Variable Write,context=Main#main:1,newY=4
Variable Write,context=Main#main:1,i=3
Variable Delete,method=Main#main:1 <name=newX,type=int (id=7),value=<?>,index=31>
Variable Delete,method=Main#main:1 <name=newY,type=int (id=7),value=<?>,index=32>
Field Read,context=Main$Tuple:207,x
Field Read,context=Main,xDelta
Variable Write,context=Main#main:1,newX=6
Field Read,context=Main$Tuple:207,y
Field Read,context=Main,yDelta
Variable Write,context=Main#main:1,newY=6
Variable Write,context=Main#main:1,g=int[][]:2
New Object,object=Main$Tuple:211
Method Call,caller=Main#main:1,target=Main$Tuple:211#Main$Tuple:211
Variable Write,context=Main$Tuple:211#Main$Tuple:211,x=6
Variable Write,context=Main$Tuple:211#Main$Tuple:211,y=6
Field Write,context=Main$Tuple:211,x=6
Field Write,context=Main$Tuple:211,y=6
Method Exit,returner=Main$Tuple:211#Main$Tuple:211,value=<void>
Variable Delete,method=Main#main:1 <name=newX,type=int (id=7),value=<?>,index=31>
Variable Delete,method=Main#main:1 <name=newY,type=int (id=7),value=<?>,index=32>
Variable Delete,method=Main#main:1 <name=t,type=Main$Tuple (id=90),value=<?>,index=29>
Variable Delete,method=Main#main:1 <name=i,type=int (id=7),value=<?>,index=30>
Variable Write,context=Main#main:1,t=Main$Tuple:208
Variable Write,context=Main#main:1,i=0
Field Read,context=Main$Tuple:208,x
Field Read,context=Main,xDelta
Variable Write,context=Main#main:1,newX=4
Field Read,context=Main$Tuple:208,y
Field Read,context=Main,yDelta
Variable Write,context=Main#main:1,newY=6
Variable Write,context=Main#main:1,i=1
Variable Delete,method=Main#main:1 <name=newX,type=int (id=7),value=<?>,index=31>
Variable Delete,method=Main#main:1 <name=newY,type=int (id=7),value=<?>,index=32>
Field Read,context=Main$Tuple:208,x
Field Read,context=Main,xDelta
Variable Write,context=Main#main:1,newX=6
Field Read,context=Main$Tuple:208,y
Field Read,context=Main,yDelta
Variable Write,context=Main#main:1,newY=6
Variable Write,context=Main#main:1,i=2
Variable Delete,method=Main#main:1 <name=newX,type=int (id=7),value=<?>,index=31>
Variable Delete,method=Main#main:1 <name=newY,type=int (id=7),value=<?>,index=32>
Field Read,context=Main$Tuple:208,x
Field Read,context=Main,xDelta
Variable Write,context=Main#main:1,newX=5
Field Read,context=Main$Tuple:208,y
Field Read,context=Main,yDelta
Variable Write,context=Main#main:1,newY=5
Variable Write,context=Main#main:1,i=3
Variable Delete,method=Main#main:1 <name=newX,type=int (id=7),value=<?>,index=31>
Variable Delete,method=Main#main:1 <name=newY,type=int (id=7),value=<?>,index=32>
Field Read,context=Main$Tuple:208,x
Field Read,context=Main,xDelta
Variable Write,context=Main#main:1,newX=5
Field Read,context=Main$Tuple:208,y
Field Read,context=Main,yDelta
Variable Write,context=Main#main:1,newY=7
Variable Delete,method=Main#main:1 <name=newX,type=int (id=7),value=<?>,index=31>
Variable Delete,method=Main#main:1 <name=newY,type=int (id=7),value=<?>,index=32>
Variable Delete,method=Main#main:1 <name=t,type=Main$Tuple (id=90),value=<?>,index=29>
Variable Delete,method=Main#main:1 <name=i,type=int (id=7),value=<?>,index=30>
Variable Write,context=Main#main:1,t=Main$Tuple:209
Variable Write,context=Main#main:1,i=0
Field Read,context=Main$Tuple:209,x
Field Read,context=Main,xDelta
Variable Write,context=Main#main:1,newX=1
Field Read,context=Main$Tuple:209,y
Field Read,context=Main,yDelta
Variable Write,context=Main#main:1,newY=9
Variable Write,context=Main#main:1,i=1
Variable Delete,method=Main#main:1 <name=newX,type=int (id=7),value=<?>,index=31>
Variable Delete,method=Main#main:1 <name=newY,type=int (id=7),value=<?>,index=32>
Field Read,context=Main$Tuple:209,x
Field Read,context=Main,xDelta
Variable Write,context=Main#main:1,newX=3
Field Read,context=Main$Tuple:209,y
Field Read,context=Main,yDelta
Variable Write,context=Main#main:1,newY=9
Variable Write,context=Main#main:1,i=2
Variable Delete,method=Main#main:1 <name=newX,type=int (id=7),value=<?>,index=31>
Variable Delete,method=Main#main:1 <name=newY,type=int (id=7),value=<?>,index=32>
Field Read,context=Main$Tuple:209,x
Field Read,context=Main,xDelta
Variable Write,context=Main#main:1,newX=2
Field Read,context=Main$Tuple:209,y
Field Read,context=Main,yDelta
Variable Write,context=Main#main:1,newY=8
Variable Write,context=Main#main:1,i=3
Variable Delete,method=Main#main:1 <name=newX,type=int (id=7),value=<?>,index=31>
Variable Delete,method=Main#main:1 <name=newY,type=int (id=7),value=<?>,index=32>
Field Read,context=Main$Tuple:209,x
Field Read,context=Main,xDelta
Variable Write,context=Main#main:1,newX=2
Field Read,context=Main$Tuple:209,y
Field Read,context=Main,yDelta
Variable Write,context=Main#main:1,newY=10
Variable Write,context=Main#main:1,g=int[][]:2
New Object,object=Main$Tuple:212
Method Call,caller=Main#main:1,target=Main$Tuple:212#Main$Tuple:212
Variable Write,context=Main$Tuple:212#Main$Tuple:212,x=2
Variable Write,context=Main$Tuple:212#Main$Tuple:212,y=10
Field Write,context=Main$Tuple:212,x=2
Field Write,context=Main$Tuple:212,y=10
Method Exit,returner=Main$Tuple:212#Main$Tuple:212,value=<void>
Variable Delete,method=Main#main:1 <name=newX,type=int (id=7),value=<?>,index=31>
Variable Delete,method=Main#main:1 <name=newY,type=int (id=7),value=<?>,index=32>
Variable Delete,method=Main#main:1 <name=t,type=Main$Tuple (id=90),value=<?>,index=29>
Variable Delete,method=Main#main:1 <name=i,type=int (id=7),value=<?>,index=30>
Variable Write,context=Main#main:1,t=Main$Tuple:210
Variable Write,context=Main#main:1,i=0
Field Read,context=Main$Tuple:210,x
Field Read,context=Main,xDelta
Variable Write,context=Main#main:1,newX=7
Field Read,context=Main$Tuple:210,y
Field Read,context=Main,yDelta
Variable Write,context=Main#main:1,newY=4
Variable Write,context=Main#main:1,i=1
Variable Delete,method=Main#main:1 <name=newX,type=int (id=7),value=<?>,index=31>
Variable Delete,method=Main#main:1 <name=newY,type=int (id=7),value=<?>,index=32>
Field Read,context=Main$Tuple:210,x
Field Read,context=Main,xDelta
Variable Write,context=Main#main:1,newX=9
Field Read,context=Main$Tuple:210,y
Field Read,context=Main,yDelta
Variable Write,context=Main#main:1,newY=4
Variable Write,context=Main#main:1,g=int[][]:2
New Object,object=Main$Tuple:213
Method Call,caller=Main#main:1,target=Main$Tuple:213#Main$Tuple:213
Variable Write,context=Main$Tuple:213#Main$Tuple:213,x=9
Variable Write,context=Main$Tuple:213#Main$Tuple:213,y=4
Field Write,context=Main$Tuple:213,x=9
Field Write,context=Main$Tuple:213,y=4
Method Exit,returner=Main$Tuple:213#Main$Tuple:213,value=<void>
Variable Write,context=Main#main:1,i=2
Variable Delete,method=Main#main:1 <name=newX,type=int (id=7),value=<?>,index=31>
Variable Delete,method=Main#main:1 <name=newY,type=int (id=7),value=<?>,index=32>
Field Read,context=Main$Tuple:210,x
Field Read,context=Main,xDelta
Variable Write,context=Main#main:1,newX=8
Field Read,context=Main$Tuple:210,y
Field Read,context=Main,yDelta
Variable Write,context=Main#main:1,newY=3
Variable Write,context=Main#main:1,i=3
Variable Delete,method=Main#main:1 <name=newX,type=int (id=7),value=<?>,index=31>
Variable Delete,method=Main#main:1 <name=newY,type=int (id=7),value=<?>,index=32>
Field Read,context=Main$Tuple:210,x
Field Read,context=Main,xDelta
Variable Write,context=Main#main:1,newX=8
Field Read,context=Main$Tuple:210,y
Field Read,context=Main,yDelta
Variable Write,context=Main#main:1,newY=5
Variable Delete,method=Main#main:1 <name=newX,type=int (id=7),value=<?>,index=31>
Variable Delete,method=Main#main:1 <name=newY,type=int (id=7),value=<?>,index=32>
Variable Delete,method=Main#main:1 <name=t,type=Main$Tuple (id=90),value=<?>,index=29>
Variable Delete,method=Main#main:1 <name=i,type=int (id=7),value=<?>,index=30>
Variable Write,context=Main#main:1,t=Main$Tuple:211
Variable Write,context=Main#main:1,i=0
Field Read,context=Main$Tuple:211,x
Field Read,context=Main,xDelta
Variable Write,context=Main#main:1,newX=5
Field Read,context=Main$Tuple:211,y
Field Read,context=Main,yDelta
Variable Write,context=Main#main:1,newY=6
Variable Write,context=Main#main:1,i=1
Variable Delete,method=Main#main:1 <name=newX,type=int (id=7),value=<?>,index=31>
Variable Delete,method=Main#main:1 <name=newY,type=int (id=7),value=<?>,index=32>
Field Read,context=Main$Tuple:211,x
Field Read,context=Main,xDelta
Variable Write,context=Main#main:1,newX=7
Field Read,context=Main$Tuple:211,y
Field Read,context=Main,yDelta
Variable Write,context=Main#main:1,newY=6
Variable Write,context=Main#main:1,i=2
Variable Delete,method=Main#main:1 <name=newX,type=int (id=7),value=<?>,index=31>
Variable Delete,method=Main#main:1 <name=newY,type=int (id=7),value=<?>,index=32>
Field Read,context=Main$Tuple:211,x
Field Read,context=Main,xDelta
Variable Write,context=Main#main:1,newX=6
Field Read,context=Main$Tuple:211,y
Field Read,context=Main,yDelta
Variable Write,context=Main#main:1,newY=5
Variable Write,context=Main#main:1,i=3
Variable Delete,method=Main#main:1 <name=newX,type=int (id=7),value=<?>,index=31>
Variable Delete,method=Main#main:1 <name=newY,type=int (id=7),value=<?>,index=32>
Field Read,context=Main$Tuple:211,x
Field Read,context=Main,xDelta
Variable Write,context=Main#main:1,newX=6
Field Read,context=Main$Tuple:211,y
Field Read,context=Main,yDelta
Variable Write,context=Main#main:1,newY=7
Variable Delete,method=Main#main:1 <name=newX,type=int (id=7),value=<?>,index=31>
Variable Delete,method=Main#main:1 <name=newY,type=int (id=7),value=<?>,index=32>
Variable Delete,method=Main#main:1 <name=t,type=Main$Tuple (id=90),value=<?>,index=29>
Variable Delete,method=Main#main:1 <name=i,type=int (id=7),value=<?>,index=30>
Variable Write,context=Main#main:1,t=Main$Tuple:212
Variable Write,context=Main#main:1,i=0
Field Read,context=Main$Tuple:212,x
Field Read,context=Main,xDelta
Variable Write,context=Main#main:1,newX=1
Field Read,context=Main$Tuple:212,y
Field Read,context=Main,yDelta
Variable Write,context=Main#main:1,newY=10
Variable Write,context=Main#main:1,i=1
Variable Delete,method=Main#main:1 <name=newX,type=int (id=7),value=<?>,index=31>
Variable Delete,method=Main#main:1 <name=newY,type=int (id=7),value=<?>,index=32>
Field Read,context=Main$Tuple:212,x
Field Read,context=Main,xDelta
Variable Write,context=Main#main:1,newX=3
Field Read,context=Main$Tuple:212,y
Field Read,context=Main,yDelta
Variable Write,context=Main#main:1,newY=10
Variable Write,context=Main#main:1,i=2
Variable Delete,method=Main#main:1 <name=newX,type=int (id=7),value=<?>,index=31>
Variable Delete,method=Main#main:1 <name=newY,type=int (id=7),value=<?>,index=32>
Field Read,context=Main$Tuple:212,x
Field Read,context=Main,xDelta
Variable Write,context=Main#main:1,newX=2
Field Read,context=Main$Tuple:212,y
Field Read,context=Main,yDelta
Variable Write,context=Main#main:1,newY=9
Variable Write,context=Main#main:1,i=3
Variable Delete,method=Main#main:1 <name=newX,type=int (id=7),value=<?>,index=31>
Variable Delete,method=Main#main:1 <name=newY,type=int (id=7),value=<?>,index=32>
Field Read,context=Main$Tuple:212,x
Field Read,context=Main,xDelta
Variable Write,context=Main#main:1,newX=2
Field Read,context=Main$Tuple:212,y
Field Read,context=Main,yDelta
Variable Write,context=Main#main:1,newY=11
Variable Write,context=Main#main:1,g=int[][]:2
New Object,object=Main$Tuple:214
Method Call,caller=Main#main:1,target=Main$Tuple:214#Main$Tuple:214
Variable Write,context=Main$Tuple:214#Main$Tuple:214,x=2
Variable Write,context=Main$Tuple:214#Main$Tuple:214,y=11
Field Write,context=Main$Tuple:214,x=2
Field Write,context=Main$Tuple:214,y=11
Method Exit,returner=Main$Tuple:214#Main$Tuple:214,value=<void>
Variable Delete,method=Main#main:1 <name=newX,type=int (id=7),value=<?>,index=31>
Variable Delete,method=Main#main:1 <name=newY,type=int (id=7),value=<?>,index=32>
Variable Delete,method=Main#main:1 <name=t,type=Main$Tuple (id=90),value=<?>,index=29>
Variable Delete,method=Main#main:1 <name=i,type=int (id=7),value=<?>,index=30>
Variable Write,context=Main#main:1,t=Main$Tuple:213
Variable Write,context=Main#main:1,i=0
Field Read,context=Main$Tuple:213,x
Field Read,context=Main,xDelta
Variable Write,context=Main#main:1,newX=8
Field Read,context=Main$Tuple:213,y
Field Read,context=Main,yDelta
Variable Write,context=Main#main:1,newY=4
Variable Write,context=Main#main:1,i=1
Variable Delete,method=Main#main:1 <name=newX,type=int (id=7),value=<?>,index=31>
Variable Delete,method=Main#main:1 <name=newY,type=int (id=7),value=<?>,index=32>
Field Read,context=Main$Tuple:213,x
Field Read,context=Main,xDelta
Variable Write,context=Main#main:1,newX=10
Field Read,context=Main$Tuple:213,y
Field Read,context=Main,yDelta
Variable Write,context=Main#main:1,newY=4
Variable Write,context=Main#main:1,g=int[][]:2
New Object,object=Main$Tuple:215
Method Call,caller=Main#main:1,target=Main$Tuple:215#Main$Tuple:215
Variable Write,context=Main$Tuple:215#Main$Tuple:215,x=10
Variable Write,context=Main$Tuple:215#Main$Tuple:215,y=4
Field Write,context=Main$Tuple:215,x=10
Field Write,context=Main$Tuple:215,y=4
Method Exit,returner=Main$Tuple:215#Main$Tuple:215,value=<void>
Variable Write,context=Main#main:1,i=2
Variable Delete,method=Main#main:1 <name=newX,type=int (id=7),value=<?>,index=31>
Variable Delete,method=Main#main:1 <name=newY,type=int (id=7),value=<?>,index=32>
Field Read,context=Main$Tuple:213,x
Field Read,context=Main,xDelta
Variable Write,context=Main#main:1,newX=9
Field Read,context=Main$Tuple:213,y
Field Read,context=Main,yDelta
Variable Write,context=Main#main:1,newY=3
Variable Write,context=Main#main:1,i=3
Variable Delete,method=Main#main:1 <name=newX,type=int (id=7),value=<?>,index=31>
Variable Delete,method=Main#main:1 <name=newY,type=int (id=7),value=<?>,index=32>
Field Read,context=Main$Tuple:213,x
Field Read,context=Main,xDelta
Variable Write,context=Main#main:1,newX=9
Field Read,context=Main$Tuple:213,y
Field Read,context=Main,yDelta
Variable Write,context=Main#main:1,newY=5
Variable Delete,method=Main#main:1 <name=newX,type=int (id=7),value=<?>,index=31>
Variable Delete,method=Main#main:1 <name=newY,type=int (id=7),value=<?>,index=32>
Variable Delete,method=Main#main:1 <name=t,type=Main$Tuple (id=90),value=<?>,index=29>
Variable Delete,method=Main#main:1 <name=i,type=int (id=7),value=<?>,index=30>
Variable Write,context=Main#main:1,t=Main$Tuple:214
Variable Write,context=Main#main:1,i=0
Field Read,context=Main$Tuple:214,x
Field Read,context=Main,xDelta
Variable Write,context=Main#main:1,newX=1
Field Read,context=Main$Tuple:214,y
Field Read,context=Main,yDelta
Variable Write,context=Main#main:1,newY=11
Variable Write,context=Main#main:1,i=1
Variable Delete,method=Main#main:1 <name=newX,type=int (id=7),value=<?>,index=31>
Variable Delete,method=Main#main:1 <name=newY,type=int (id=7),value=<?>,index=32>
Field Read,context=Main$Tuple:214,x
Field Read,context=Main,xDelta
Variable Write,context=Main#main:1,newX=3
Field Read,context=Main$Tuple:214,y
Field Read,context=Main,yDelta
Variable Write,context=Main#main:1,newY=11
Variable Write,context=Main#main:1,i=2
Variable Delete,method=Main#main:1 <name=newX,type=int (id=7),value=<?>,index=31>
Variable Delete,method=Main#main:1 <name=newY,type=int (id=7),value=<?>,index=32>
Field Read,context=Main$Tuple:214,x
Field Read,context=Main,xDelta
Variable Write,context=Main#main:1,newX=2
Field Read,context=Main$Tuple:214,y
Field Read,context=Main,yDelta
Variable Write,context=Main#main:1,newY=10
Variable Write,context=Main#main:1,i=3
Variable Delete,method=Main#main:1 <name=newX,type=int (id=7),value=<?>,index=31>
Variable Delete,method=Main#main:1 <name=newY,type=int (id=7),value=<?>,index=32>
Field Read,context=Main$Tuple:214,x
Field Read,context=Main,xDelta
Variable Write,context=Main#main:1,newX=2
Field Read,context=Main$Tuple:214,y
Field Read,context=Main,yDelta
Variable Write,context=Main#main:1,newY=12
Variable Write,context=Main#main:1,g=int[][]:2
New Object,object=Main$Tuple:216
Method Call,caller=Main#main:1,target=Main$Tuple:216#Main$Tuple:216
Variable Write,context=Main$Tuple:216#Main$Tuple:216,x=2
Variable Write,context=Main$Tuple:216#Main$Tuple:216,y=12
Field Write,context=Main$Tuple:216,x=2
Field Write,context=Main$Tuple:216,y=12
Method Exit,returner=Main$Tuple:216#Main$Tuple:216,value=<void>
Variable Delete,method=Main#main:1 <name=newX,type=int (id=7),value=<?>,index=31>
Variable Delete,method=Main#main:1 <name=newY,type=int (id=7),value=<?>,index=32>
Variable Delete,method=Main#main:1 <name=t,type=Main$Tuple (id=90),value=<?>,index=29>
Variable Delete,method=Main#main:1 <name=i,type=int (id=7),value=<?>,index=30>
Variable Write,context=Main#main:1,t=Main$Tuple:215
Variable Write,context=Main#main:1,i=0
Field Read,context=Main$Tuple:215,x
Field Read,context=Main,xDelta
Variable Write,context=Main#main:1,newX=9
Field Read,context=Main$Tuple:215,y
Field Read,context=Main,yDelta
Variable Write,context=Main#main:1,newY=4
Variable Write,context=Main#main:1,i=1
Variable Delete,method=Main#main:1 <name=newX,type=int (id=7),value=<?>,index=31>
Variable Delete,method=Main#main:1 <name=newY,type=int (id=7),value=<?>,index=32>
Field Read,context=Main$Tuple:215,x
Field Read,context=Main,xDelta
Variable Write,context=Main#main:1,newX=11
Field Read,context=Main$Tuple:215,y
Field Read,context=Main,yDelta
Variable Write,context=Main#main:1,newY=4
Variable Write,context=Main#main:1,g=int[][]:2
New Object,object=Main$Tuple:217
Method Call,caller=Main#main:1,target=Main$Tuple:217#Main$Tuple:217
Variable Write,context=Main$Tuple:217#Main$Tuple:217,x=11
Variable Write,context=Main$Tuple:217#Main$Tuple:217,y=4
Field Write,context=Main$Tuple:217,x=11
Field Write,context=Main$Tuple:217,y=4
Method Exit,returner=Main$Tuple:217#Main$Tuple:217,value=<void>
Variable Write,context=Main#main:1,i=2
Variable Delete,method=Main#main:1 <name=newX,type=int (id=7),value=<?>,index=31>
Variable Delete,method=Main#main:1 <name=newY,type=int (id=7),value=<?>,index=32>
Field Read,context=Main$Tuple:215,x
Field Read,context=Main,xDelta
Variable Write,context=Main#main:1,newX=10
Field Read,context=Main$Tuple:215,y
Field Read,context=Main,yDelta
Variable Write,context=Main#main:1,newY=3
Variable Write,context=Main#main:1,i=3
Variable Delete,method=Main#main:1 <name=newX,type=int (id=7),value=<?>,index=31>
Variable Delete,method=Main#main:1 <name=newY,type=int (id=7),value=<?>,index=32>
Field Read,context=Main$Tuple:215,x
Field Read,context=Main,xDelta
Variable Write,context=Main#main:1,newX=10
Field Read,context=Main$Tuple:215,y
Field Read,context=Main,yDelta
Variable Write,context=Main#main:1,newY=5
Variable Delete,method=Main#main:1 <name=newX,type=int (id=7),value=<?>,index=31>
Variable Delete,method=Main#main:1 <name=newY,type=int (id=7),value=<?>,index=32>
Variable Delete,method=Main#main:1 <name=t,type=Main$Tuple (id=90),value=<?>,index=29>
Variable Delete,method=Main#main:1 <name=i,type=int (id=7),value=<?>,index=30>
Variable Write,context=Main#main:1,t=Main$Tuple:216
Variable Write,context=Main#main:1,i=0
Field Read,context=Main$Tuple:216,x
Field Read,context=Main,xDelta
Variable Write,context=Main#main:1,newX=1
Field Read,context=Main$Tuple:216,y
Field Read,context=Main,yDelta
Variable Write,context=Main#main:1,newY=12
Variable Write,context=Main#main:1,i=1
Variable Delete,method=Main#main:1 <name=newX,type=int (id=7),value=<?>,index=31>
Variable Delete,method=Main#main:1 <name=newY,type=int (id=7),value=<?>,index=32>
Field Read,context=Main$Tuple:216,x
Field Read,context=Main,xDelta
Variable Write,context=Main#main:1,newX=3
Field Read,context=Main$Tuple:216,y
Field Read,context=Main,yDelta
Variable Write,context=Main#main:1,newY=12
Variable Write,context=Main#main:1,g=int[][]:2
New Object,object=Main$Tuple:218
Method Call,caller=Main#main:1,target=Main$Tuple:218#Main$Tuple:218
Variable Write,context=Main$Tuple:218#Main$Tuple:218,x=3
Variable Write,context=Main$Tuple:218#Main$Tuple:218,y=12
Field Write,context=Main$Tuple:218,x=3
Field Write,context=Main$Tuple:218,y=12
Method Exit,returner=Main$Tuple:218#Main$Tuple:218,value=<void>
Variable Write,context=Main#main:1,i=2
Variable Delete,method=Main#main:1 <name=newX,type=int (id=7),value=<?>,index=31>
Variable Delete,method=Main#main:1 <name=newY,type=int (id=7),value=<?>,index=32>
Field Read,context=Main$Tuple:216,x
Field Read,context=Main,xDelta
Variable Write,context=Main#main:1,newX=2
Field Read,context=Main$Tuple:216,y
Field Read,context=Main,yDelta
Variable Write,context=Main#main:1,newY=11
Variable Write,context=Main#main:1,i=3
Variable Delete,method=Main#main:1 <name=newX,type=int (id=7),value=<?>,index=31>
Variable Delete,method=Main#main:1 <name=newY,type=int (id=7),value=<?>,index=32>
Field Read,context=Main$Tuple:216,x
Field Read,context=Main,xDelta
Variable Write,context=Main#main:1,newX=2
Field Read,context=Main$Tuple:216,y
Field Read,context=Main,yDelta
Variable Write,context=Main#main:1,newY=13
Variable Delete,method=Main#main:1 <name=newX,type=int (id=7),value=<?>,index=31>
Variable Delete,method=Main#main:1 <name=newY,type=int (id=7),value=<?>,index=32>
Variable Delete,method=Main#main:1 <name=t,type=Main$Tuple (id=90),value=<?>,index=29>
Variable Delete,method=Main#main:1 <name=i,type=int (id=7),value=<?>,index=30>
Variable Write,context=Main#main:1,t=Main$Tuple:217
Variable Write,context=Main#main:1,i=0
Field Read,context=Main$Tuple:217,x
Field Read,context=Main,xDelta
Variable Write,context=Main#main:1,newX=10
Field Read,context=Main$Tuple:217,y
Field Read,context=Main,yDelta
Variable Write,context=Main#main:1,newY=4
Variable Write,context=Main#main:1,i=1
Variable Delete,method=Main#main:1 <name=newX,type=int (id=7),value=<?>,index=31>
Variable Delete,method=Main#main:1 <name=newY,type=int (id=7),value=<?>,index=32>
Field Read,context=Main$Tuple:217,x
Field Read,context=Main,xDelta
Variable Write,context=Main#main:1,newX=12
Field Read,context=Main$Tuple:217,y
Field Read,context=Main,yDelta
Variable Write,context=Main#main:1,newY=4
Variable Write,context=Main#main:1,g=int[][]:2
New Object,object=Main$Tuple:219
Method Call,caller=Main#main:1,target=Main$Tuple:219#Main$Tuple:219
Variable Write,context=Main$Tuple:219#Main$Tuple:219,x=12
Variable Write,context=Main$Tuple:219#Main$Tuple:219,y=4
Field Write,context=Main$Tuple:219,x=12
Field Write,context=Main$Tuple:219,y=4
Method Exit,returner=Main$Tuple:219#Main$Tuple:219,value=<void>
Variable Write,context=Main#main:1,i=2
Variable Delete,method=Main#main:1 <name=newX,type=int (id=7),value=<?>,index=31>
Variable Delete,method=Main#main:1 <name=newY,type=int (id=7),value=<?>,index=32>
Field Read,context=Main$Tuple:217,x
Field Read,context=Main,xDelta
Variable Write,context=Main#main:1,newX=11
Field Read,context=Main$Tuple:217,y
Field Read,context=Main,yDelta
Variable Write,context=Main#main:1,newY=3
Variable Write,context=Main#main:1,i=3
Variable Delete,method=Main#main:1 <name=newX,type=int (id=7),value=<?>,index=31>
Variable Delete,method=Main#main:1 <name=newY,type=int (id=7),value=<?>,index=32>
Field Read,context=Main$Tuple:217,x
Field Read,context=Main,xDelta
Variable Write,context=Main#main:1,newX=11
Field Read,context=Main$Tuple:217,y
Field Read,context=Main,yDelta
Variable Write,context=Main#main:1,newY=5
Variable Delete,method=Main#main:1 <name=newX,type=int (id=7),value=<?>,index=31>
Variable Delete,method=Main#main:1 <name=newY,type=int (id=7),value=<?>,index=32>
Variable Delete,method=Main#main:1 <name=t,type=Main$Tuple (id=90),value=<?>,index=29>
Variable Delete,method=Main#main:1 <name=i,type=int (id=7),value=<?>,index=30>
Variable Write,context=Main#main:1,t=Main$Tuple:218
Variable Write,context=Main#main:1,i=0
Field Read,context=Main$Tuple:218,x
Field Read,context=Main,xDelta
Variable Write,context=Main#main:1,newX=2
Field Read,context=Main$Tuple:218,y
Field Read,context=Main,yDelta
Variable Write,context=Main#main:1,newY=12
Variable Write,context=Main#main:1,i=1
Variable Delete,method=Main#main:1 <name=newX,type=int (id=7),value=<?>,index=31>
Variable Delete,method=Main#main:1 <name=newY,type=int (id=7),value=<?>,index=32>
Field Read,context=Main$Tuple:218,x
Field Read,context=Main,xDelta
Variable Write,context=Main#main:1,newX=4
Field Read,context=Main$Tuple:218,y
Field Read,context=Main,yDelta
Variable Write,context=Main#main:1,newY=12
Variable Write,context=Main#main:1,g=int[][]:2
New Object,object=Main$Tuple:220
Method Call,caller=Main#main:1,target=Main$Tuple:220#Main$Tuple:220
Variable Write,context=Main$Tuple:220#Main$Tuple:220,x=4
Variable Write,context=Main$Tuple:220#Main$Tuple:220,y=12
Field Write,context=Main$Tuple:220,x=4
Field Write,context=Main$Tuple:220,y=12
Method Exit,returner=Main$Tuple:220#Main$Tuple:220,value=<void>
Variable Write,context=Main#main:1,i=2
Variable Delete,method=Main#main:1 <name=newX,type=int (id=7),value=<?>,index=31>
Variable Delete,method=Main#main:1 <name=newY,type=int (id=7),value=<?>,index=32>
Field Read,context=Main$Tuple:218,x
Field Read,context=Main,xDelta
Variable Write,context=Main#main:1,newX=3
Field Read,context=Main$Tuple:218,y
Field Read,context=Main,yDelta
Variable Write,context=Main#main:1,newY=11
Variable Write,context=Main#main:1,i=3
Variable Delete,method=Main#main:1 <name=newX,type=int (id=7),value=<?>,index=31>
Variable Delete,method=Main#main:1 <name=newY,type=int (id=7),value=<?>,index=32>
Field Read,context=Main$Tuple:218,x
Field Read,context=Main,xDelta
Variable Write,context=Main#main:1,newX=3
Field Read,context=Main$Tuple:218,y
Field Read,context=Main,yDelta
Variable Write,context=Main#main:1,newY=13
Variable Delete,method=Main#main:1 <name=newX,type=int (id=7),value=<?>,index=31>
Variable Delete,method=Main#main:1 <name=newY,type=int (id=7),value=<?>,index=32>
Variable Delete,method=Main#main:1 <name=t,type=Main$Tuple (id=90),value=<?>,index=29>
Variable Delete,method=Main#main:1 <name=i,type=int (id=7),value=<?>,index=30>
Variable Write,context=Main#main:1,t=Main$Tuple:219
Variable Write,context=Main#main:1,i=0
Field Read,context=Main$Tuple:219,x
Field Read,context=Main,xDelta
Variable Write,context=Main#main:1,newX=11
Field Read,context=Main$Tuple:219,y
Field Read,context=Main,yDelta
Variable Write,context=Main#main:1,newY=4
Variable Write,context=Main#main:1,i=1
Variable Delete,method=Main#main:1 <name=newX,type=int (id=7),value=<?>,index=31>
Variable Delete,method=Main#main:1 <name=newY,type=int (id=7),value=<?>,index=32>
Field Read,context=Main$Tuple:219,x
Field Read,context=Main,xDelta
Variable Write,context=Main#main:1,newX=13
Field Read,context=Main$Tuple:219,y
Field Read,context=Main,yDelta
Variable Write,context=Main#main:1,newY=4
Variable Write,context=Main#main:1,i=2
Variable Delete,method=Main#main:1 <name=newX,type=int (id=7),value=<?>,index=31>
Variable Delete,method=Main#main:1 <name=newY,type=int (id=7),value=<?>,index=32>
Field Read,context=Main$Tuple:219,x
Field Read,context=Main,xDelta
Variable Write,context=Main#main:1,newX=12
Field Read,context=Main$Tuple:219,y
Field Read,context=Main,yDelta
Variable Write,context=Main#main:1,newY=3
Variable Write,context=Main#main:1,i=3
Variable Delete,method=Main#main:1 <name=newX,type=int (id=7),value=<?>,index=31>
Variable Delete,method=Main#main:1 <name=newY,type=int (id=7),value=<?>,index=32>
Field Read,context=Main$Tuple:219,x
Field Read,context=Main,xDelta
Variable Write,context=Main#main:1,newX=12
Field Read,context=Main$Tuple:219,y
Field Read,context=Main,yDelta
Variable Write,context=Main#main:1,newY=5
Variable Write,context=Main#main:1,g=int[][]:2
New Object,object=Main$Tuple:221
Method Call,caller=Main#main:1,target=Main$Tuple:221#Main$Tuple:221
Variable Write,context=Main$Tuple:221#Main$Tuple:221,x=12
Variable Write,context=Main$Tuple:221#Main$Tuple:221,y=5
Field Write,context=Main$Tuple:221,x=12
Field Write,context=Main$Tuple:221,y=5
Method Exit,returner=Main$Tuple:221#Main$Tuple:221,value=<void>
Variable Delete,method=Main#main:1 <name=newX,type=int (id=7),value=<?>,index=31>
Variable Delete,method=Main#main:1 <name=newY,type=int (id=7),value=<?>,index=32>
Variable Delete,method=Main#main:1 <name=t,type=Main$Tuple (id=90),value=<?>,index=29>
Variable Delete,method=Main#main:1 <name=i,type=int (id=7),value=<?>,index=30>
Variable Write,context=Main#main:1,t=Main$Tuple:220
Variable Write,context=Main#main:1,i=0
Field Read,context=Main$Tuple:220,x
Field Read,context=Main,xDelta
Variable Write,context=Main#main:1,newX=3
Field Read,context=Main$Tuple:220,y
Field Read,context=Main,yDelta
Variable Write,context=Main#main:1,newY=12
Variable Write,context=Main#main:1,i=1
Variable Delete,method=Main#main:1 <name=newX,type=int (id=7),value=<?>,index=31>
Variable Delete,method=Main#main:1 <name=newY,type=int (id=7),value=<?>,index=32>
Field Read,context=Main$Tuple:220,x
Field Read,context=Main,xDelta
Variable Write,context=Main#main:1,newX=5
Field Read,context=Main$Tuple:220,y
Field Read,context=Main,yDelta
Variable Write,context=Main#main:1,newY=12
Variable Write,context=Main#main:1,g=int[][]:2
New Object,object=Main$Tuple:222
Method Call,caller=Main#main:1,target=Main$Tuple:222#Main$Tuple:222
Variable Write,context=Main$Tuple:222#Main$Tuple:222,x=5
Variable Write,context=Main$Tuple:222#Main$Tuple:222,y=12
Field Write,context=Main$Tuple:222,x=5
Field Write,context=Main$Tuple:222,y=12
Method Exit,returner=Main$Tuple:222#Main$Tuple:222,value=<void>
Variable Write,context=Main#main:1,i=2
Variable Delete,method=Main#main:1 <name=newX,type=int (id=7),value=<?>,index=31>
Variable Delete,method=Main#main:1 <name=newY,type=int (id=7),value=<?>,index=32>
Field Read,context=Main$Tuple:220,x
Field Read,context=Main,xDelta
Variable Write,context=Main#main:1,newX=4
Field Read,context=Main$Tuple:220,y
Field Read,context=Main,yDelta
Variable Write,context=Main#main:1,newY=11
Variable Write,context=Main#main:1,i=3
Variable Delete,method=Main#main:1 <name=newX,type=int (id=7),value=<?>,index=31>
Variable Delete,method=Main#main:1 <name=newY,type=int (id=7),value=<?>,index=32>
Field Read,context=Main$Tuple:220,x
Field Read,context=Main,xDelta
Variable Write,context=Main#main:1,newX=4
Field Read,context=Main$Tuple:220,y
Field Read,context=Main,yDelta
Variable Write,context=Main#main:1,newY=13
Variable Delete,method=Main#main:1 <name=newX,type=int (id=7),value=<?>,index=31>
Variable Delete,method=Main#main:1 <name=newY,type=int (id=7),value=<?>,index=32>
Variable Delete,method=Main#main:1 <name=t,type=Main$Tuple (id=90),value=<?>,index=29>
Variable Delete,method=Main#main:1 <name=i,type=int (id=7),value=<?>,index=30>
Variable Write,context=Main#main:1,t=Main$Tuple:221
Variable Write,context=Main#main:1,i=0
Field Read,context=Main$Tuple:221,x
Field Read,context=Main,xDelta
Variable Write,context=Main#main:1,newX=11
Field Read,context=Main$Tuple:221,y
Field Read,context=Main,yDelta
Variable Write,context=Main#main:1,newY=5
Variable Write,context=Main#main:1,i=1
Variable Delete,method=Main#main:1 <name=newX,type=int (id=7),value=<?>,index=31>
Variable Delete,method=Main#main:1 <name=newY,type=int (id=7),value=<?>,index=32>
Field Read,context=Main$Tuple:221,x
Field Read,context=Main,xDelta
Variable Write,context=Main#main:1,newX=13
Field Read,context=Main$Tuple:221,y
Field Read,context=Main,yDelta
Variable Write,context=Main#main:1,newY=5
Variable Write,context=Main#main:1,i=2
Variable Delete,method=Main#main:1 <name=newX,type=int (id=7),value=<?>,index=31>
Variable Delete,method=Main#main:1 <name=newY,type=int (id=7),value=<?>,index=32>
Field Read,context=Main$Tuple:221,x
Field Read,context=Main,xDelta
Variable Write,context=Main#main:1,newX=12
Field Read,context=Main$Tuple:221,y
Field Read,context=Main,yDelta
Variable Write,context=Main#main:1,newY=4
Variable Write,context=Main#main:1,i=3
Variable Delete,method=Main#main:1 <name=newX,type=int (id=7),value=<?>,index=31>
Variable Delete,method=Main#main:1 <name=newY,type=int (id=7),value=<?>,index=32>
Field Read,context=Main$Tuple:221,x
Field Read,context=Main,xDelta
Variable Write,context=Main#main:1,newX=12
Field Read,context=Main$Tuple:221,y
Field Read,context=Main,yDelta
Variable Write,context=Main#main:1,newY=6
Variable Write,context=Main#main:1,g=int[][]:2
New Object,object=Main$Tuple:223
Method Call,caller=Main#main:1,target=Main$Tuple:223#Main$Tuple:223
Variable Write,context=Main$Tuple:223#Main$Tuple:223,x=12
Variable Write,context=Main$Tuple:223#Main$Tuple:223,y=6
Field Write,context=Main$Tuple:223,x=12
Field Write,context=Main$Tuple:223,y=6
Method Exit,returner=Main$Tuple:223#Main$Tuple:223,value=<void>
Variable Delete,method=Main#main:1 <name=newX,type=int (id=7),value=<?>,index=31>
Variable Delete,method=Main#main:1 <name=newY,type=int (id=7),value=<?>,index=32>
Variable Delete,method=Main#main:1 <name=t,type=Main$Tuple (id=90),value=<?>,index=29>
Variable Delete,method=Main#main:1 <name=i,type=int (id=7),value=<?>,index=30>
Variable Write,context=Main#main:1,t=Main$Tuple:222
Variable Write,context=Main#main:1,i=0
Field Read,context=Main$Tuple:222,x
Field Read,context=Main,xDelta
Variable Write,context=Main#main:1,newX=4
Field Read,context=Main$Tuple:222,y
Field Read,context=Main,yDelta
Variable Write,context=Main#main:1,newY=12
Variable Write,context=Main#main:1,i=1
Variable Delete,method=Main#main:1 <name=newX,type=int (id=7),value=<?>,index=31>
Variable Delete,method=Main#main:1 <name=newY,type=int (id=7),value=<?>,index=32>
Field Read,context=Main$Tuple:222,x
Field Read,context=Main,xDelta
Variable Write,context=Main#main:1,newX=6
Field Read,context=Main$Tuple:222,y
Field Read,context=Main,yDelta
Variable Write,context=Main#main:1,newY=12
Variable Write,context=Main#main:1,g=int[][]:2
New Object,object=Main$Tuple:224
Method Call,caller=Main#main:1,target=Main$Tuple:224#Main$Tuple:224
Variable Write,context=Main$Tuple:224#Main$Tuple:224,x=6
Variable Write,context=Main$Tuple:224#Main$Tuple:224,y=12
Field Write,context=Main$Tuple:224,x=6
Field Write,context=Main$Tuple:224,y=12
Method Exit,returner=Main$Tuple:224#Main$Tuple:224,value=<void>
Variable Write,context=Main#main:1,i=2
Variable Delete,method=Main#main:1 <name=newX,type=int (id=7),value=<?>,index=31>
Variable Delete,method=Main#main:1 <name=newY,type=int (id=7),value=<?>,index=32>
Field Read,context=Main$Tuple:222,x
Field Read,context=Main,xDelta
Variable Write,context=Main#main:1,newX=5
Field Read,context=Main$Tuple:222,y
Field Read,context=Main,yDelta
Variable Write,context=Main#main:1,newY=11
Variable Write,context=Main#main:1,i=3
Variable Delete,method=Main#main:1 <name=newX,type=int (id=7),value=<?>,index=31>
Variable Delete,method=Main#main:1 <name=newY,type=int (id=7),value=<?>,index=32>
Field Read,context=Main$Tuple:222,x
Field Read,context=Main,xDelta
Variable Write,context=Main#main:1,newX=5
Field Read,context=Main$Tuple:222,y
Field Read,context=Main,yDelta
Variable Write,context=Main#main:1,newY=13
Variable Delete,method=Main#main:1 <name=newX,type=int (id=7),value=<?>,index=31>
Variable Delete,method=Main#main:1 <name=newY,type=int (id=7),value=<?>,index=32>
Variable Delete,method=Main#main:1 <name=t,type=Main$Tuple (id=90),value=<?>,index=29>
Variable Delete,method=Main#main:1 <name=i,type=int (id=7),value=<?>,index=30>
Variable Write,context=Main#main:1,t=Main$Tuple:223
Variable Write,context=Main#main:1,i=0
Field Read,context=Main$Tuple:223,x
Field Read,context=Main,xDelta
Variable Write,context=Main#main:1,newX=11
Field Read,context=Main$Tuple:223,y
Field Read,context=Main,yDelta
Variable Write,context=Main#main:1,newY=6
Variable Write,context=Main#main:1,i=1
Variable Delete,method=Main#main:1 <name=newX,type=int (id=7),value=<?>,index=31>
Variable Delete,method=Main#main:1 <name=newY,type=int (id=7),value=<?>,index=32>
Field Read,context=Main$Tuple:223,x
Field Read,context=Main,xDelta
Variable Write,context=Main#main:1,newX=13
Field Read,context=Main$Tuple:223,y
Field Read,context=Main,yDelta
Variable Write,context=Main#main:1,newY=6
Variable Write,context=Main#main:1,i=2
Variable Delete,method=Main#main:1 <name=newX,type=int (id=7),value=<?>,index=31>
Variable Delete,method=Main#main:1 <name=newY,type=int (id=7),value=<?>,index=32>
Field Read,context=Main$Tuple:223,x
Field Read,context=Main,xDelta
Variable Write,context=Main#main:1,newX=12
Field Read,context=Main$Tuple:223,y
Field Read,context=Main,yDelta
Variable Write,context=Main#main:1,newY=5
Variable Write,context=Main#main:1,i=3
Variable Delete,method=Main#main:1 <name=newX,type=int (id=7),value=<?>,index=31>
Variable Delete,method=Main#main:1 <name=newY,type=int (id=7),value=<?>,index=32>
Field Read,context=Main$Tuple:223,x
Field Read,context=Main,xDelta
Variable Write,context=Main#main:1,newX=12
Field Read,context=Main$Tuple:223,y
Field Read,context=Main,yDelta
Variable Write,context=Main#main:1,newY=7
Variable Write,context=Main#main:1,g=int[][]:2
New Object,object=Main$Tuple:225
Method Call,caller=Main#main:1,target=Main$Tuple:225#Main$Tuple:225
Variable Write,context=Main$Tuple:225#Main$Tuple:225,x=12
Variable Write,context=Main$Tuple:225#Main$Tuple:225,y=7
Field Write,context=Main$Tuple:225,x=12
Field Write,context=Main$Tuple:225,y=7
Method Exit,returner=Main$Tuple:225#Main$Tuple:225,value=<void>
Variable Delete,method=Main#main:1 <name=newX,type=int (id=7),value=<?>,index=31>
Variable Delete,method=Main#main:1 <name=newY,type=int (id=7),value=<?>,index=32>
Variable Delete,method=Main#main:1 <name=t,type=Main$Tuple (id=90),value=<?>,index=29>
Variable Delete,method=Main#main:1 <name=i,type=int (id=7),value=<?>,index=30>
Variable Write,context=Main#main:1,t=Main$Tuple:224
Variable Write,context=Main#main:1,i=0
Field Read,context=Main$Tuple:224,x
Field Read,context=Main,xDelta
Variable Write,context=Main#main:1,newX=5
Field Read,context=Main$Tuple:224,y
Field Read,context=Main,yDelta
Variable Write,context=Main#main:1,newY=12
Variable Write,context=Main#main:1,i=1
Variable Delete,method=Main#main:1 <name=newX,type=int (id=7),value=<?>,index=31>
Variable Delete,method=Main#main:1 <name=newY,type=int (id=7),value=<?>,index=32>
Field Read,context=Main$Tuple:224,x
Field Read,context=Main,xDelta
Variable Write,context=Main#main:1,newX=7
Field Read,context=Main$Tuple:224,y
Field Read,context=Main,yDelta
Variable Write,context=Main#main:1,newY=12
Variable Write,context=Main#main:1,g=int[][]:2
New Object,object=Main$Tuple:226
Method Call,caller=Main#main:1,target=Main$Tuple:226#Main$Tuple:226
Variable Write,context=Main$Tuple:226#Main$Tuple:226,x=7
Variable Write,context=Main$Tuple:226#Main$Tuple:226,y=12
Field Write,context=Main$Tuple:226,x=7
Field Write,context=Main$Tuple:226,y=12
Method Exit,returner=Main$Tuple:226#Main$Tuple:226,value=<void>
Variable Write,context=Main#main:1,i=2
Variable Delete,method=Main#main:1 <name=newX,type=int (id=7),value=<?>,index=31>
Variable Delete,method=Main#main:1 <name=newY,type=int (id=7),value=<?>,index=32>
Field Read,context=Main$Tuple:224,x
Field Read,context=Main,xDelta
Variable Write,context=Main#main:1,newX=6
Field Read,context=Main$Tuple:224,y
Field Read,context=Main,yDelta
Variable Write,context=Main#main:1,newY=11
Variable Write,context=Main#main:1,i=3
Variable Delete,method=Main#main:1 <name=newX,type=int (id=7),value=<?>,index=31>
Variable Delete,method=Main#main:1 <name=newY,type=int (id=7),value=<?>,index=32>
Field Read,context=Main$Tuple:224,x
Field Read,context=Main,xDelta
Variable Write,context=Main#main:1,newX=6
Field Read,context=Main$Tuple:224,y
Field Read,context=Main,yDelta
Variable Write,context=Main#main:1,newY=13
Variable Delete,method=Main#main:1 <name=newX,type=int (id=7),value=<?>,index=31>
Variable Delete,method=Main#main:1 <name=newY,type=int (id=7),value=<?>,index=32>
Variable Delete,method=Main#main:1 <name=t,type=Main$Tuple (id=90),value=<?>,index=29>
Variable Delete,method=Main#main:1 <name=i,type=int (id=7),value=<?>,index=30>
Variable Write,context=Main#main:1,t=Main$Tuple:225
Variable Write,context=Main#main:1,i=0
Field Read,context=Main$Tuple:225,x
Field Read,context=Main,xDelta
Variable Write,context=Main#main:1,newX=11
Field Read,context=Main$Tuple:225,y
Field Read,context=Main,yDelta
Variable Write,context=Main#main:1,newY=7
Variable Write,context=Main#main:1,i=1
Variable Delete,method=Main#main:1 <name=newX,type=int (id=7),value=<?>,index=31>
Variable Delete,method=Main#main:1 <name=newY,type=int (id=7),value=<?>,index=32>
Field Read,context=Main$Tuple:225,x
Field Read,context=Main,xDelta
Variable Write,context=Main#main:1,newX=13
Field Read,context=Main$Tuple:225,y
Field Read,context=Main,yDelta
Variable Write,context=Main#main:1,newY=7
Variable Write,context=Main#main:1,i=2
Variable Delete,method=Main#main:1 <name=newX,type=int (id=7),value=<?>,index=31>
Variable Delete,method=Main#main:1 <name=newY,type=int (id=7),value=<?>,index=32>
Field Read,context=Main$Tuple:225,x
Field Read,context=Main,xDelta
Variable Write,context=Main#main:1,newX=12
Field Read,context=Main$Tuple:225,y
Field Read,context=Main,yDelta
Variable Write,context=Main#main:1,newY=6
Variable Write,context=Main#main:1,i=3
Variable Delete,method=Main#main:1 <name=newX,type=int (id=7),value=<?>,index=31>
Variable Delete,method=Main#main:1 <name=newY,type=int (id=7),value=<?>,index=32>
Field Read,context=Main$Tuple:225,x
Field Read,context=Main,xDelta
Variable Write,context=Main#main:1,newX=12
Field Read,context=Main$Tuple:225,y
Field Read,context=Main,yDelta
Variable Write,context=Main#main:1,newY=8
Variable Write,context=Main#main:1,g=int[][]:2
New Object,object=Main$Tuple:227
Method Call,caller=Main#main:1,target=Main$Tuple:227#Main$Tuple:227
Variable Write,context=Main$Tuple:227#Main$Tuple:227,x=12
Variable Write,context=Main$Tuple:227#Main$Tuple:227,y=8
Field Write,context=Main$Tuple:227,x=12
Field Write,context=Main$Tuple:227,y=8
Method Exit,returner=Main$Tuple:227#Main$Tuple:227,value=<void>
Variable Delete,method=Main#main:1 <name=newX,type=int (id=7),value=<?>,index=31>
Variable Delete,method=Main#main:1 <name=newY,type=int (id=7),value=<?>,index=32>
Variable Delete,method=Main#main:1 <name=t,type=Main$Tuple (id=90),value=<?>,index=29>
Variable Delete,method=Main#main:1 <name=i,type=int (id=7),value=<?>,index=30>
Variable Write,context=Main#main:1,t=Main$Tuple:226
Variable Write,context=Main#main:1,i=0
Field Read,context=Main$Tuple:226,x
Field Read,context=Main,xDelta
Variable Write,context=Main#main:1,newX=6
Field Read,context=Main$Tuple:226,y
Field Read,context=Main,yDelta
Variable Write,context=Main#main:1,newY=12
Variable Write,context=Main#main:1,i=1
Variable Delete,method=Main#main:1 <name=newX,type=int (id=7),value=<?>,index=31>
Variable Delete,method=Main#main:1 <name=newY,type=int (id=7),value=<?>,index=32>
Field Read,context=Main$Tuple:226,x
Field Read,context=Main,xDelta
Variable Write,context=Main#main:1,newX=8
Field Read,context=Main$Tuple:226,y
Field Read,context=Main,yDelta
Variable Write,context=Main#main:1,newY=12
Variable Write,context=Main#main:1,g=int[][]:2
New Object,object=Main$Tuple:228
Method Call,caller=Main#main:1,target=Main$Tuple:228#Main$Tuple:228
Variable Write,context=Main$Tuple:228#Main$Tuple:228,x=8
Variable Write,context=Main$Tuple:228#Main$Tuple:228,y=12
Field Write,context=Main$Tuple:228,x=8
Field Write,context=Main$Tuple:228,y=12
Method Exit,returner=Main$Tuple:228#Main$Tuple:228,value=<void>
Variable Write,context=Main#main:1,i=2
Variable Delete,method=Main#main:1 <name=newX,type=int (id=7),value=<?>,index=31>
Variable Delete,method=Main#main:1 <name=newY,type=int (id=7),value=<?>,index=32>
Field Read,context=Main$Tuple:226,x
Field Read,context=Main,xDelta
Variable Write,context=Main#main:1,newX=7
Field Read,context=Main$Tuple:226,y
Field Read,context=Main,yDelta
Variable Write,context=Main#main:1,newY=11
Variable Write,context=Main#main:1,i=3
Variable Delete,method=Main#main:1 <name=newX,type=int (id=7),value=<?>,index=31>
Variable Delete,method=Main#main:1 <name=newY,type=int (id=7),value=<?>,index=32>
Field Read,context=Main$Tuple:226,x
Field Read,context=Main,xDelta
Variable Write,context=Main#main:1,newX=7
Field Read,context=Main$Tuple:226,y
Field Read,context=Main,yDelta
Variable Write,context=Main#main:1,newY=13
Variable Delete,method=Main#main:1 <name=newX,type=int (id=7),value=<?>,index=31>
Variable Delete,method=Main#main:1 <name=newY,type=int (id=7),value=<?>,index=32>
Variable Delete,method=Main#main:1 <name=t,type=Main$Tuple (id=90),value=<?>,index=29>
Variable Delete,method=Main#main:1 <name=i,type=int (id=7),value=<?>,index=30>
Variable Write,context=Main#main:1,t=Main$Tuple:227
Variable Write,context=Main#main:1,i=0
Field Read,context=Main$Tuple:227,x
Field Read,context=Main,xDelta
Variable Write,context=Main#main:1,newX=11
Field Read,context=Main$Tuple:227,y
Field Read,context=Main,yDelta
Variable Write,context=Main#main:1,newY=8
Variable Write,context=Main#main:1,g=int[][]:2
New Object,object=Main$Tuple:229
Method Call,caller=Main#main:1,target=Main$Tuple:229#Main$Tuple:229
Variable Write,context=Main$Tuple:229#Main$Tuple:229,x=11
Variable Write,context=Main$Tuple:229#Main$Tuple:229,y=8
Field Write,context=Main$Tuple:229,x=11
Field Write,context=Main$Tuple:229,y=8
Method Exit,returner=Main$Tuple:229#Main$Tuple:229,value=<void>
Variable Write,context=Main#main:1,i=1
Variable Delete,method=Main#main:1 <name=newX,type=int (id=7),value=<?>,index=31>
Variable Delete,method=Main#main:1 <name=newY,type=int (id=7),value=<?>,index=32>
Field Read,context=Main$Tuple:227,x
Field Read,context=Main,xDelta
Variable Write,context=Main#main:1,newX=13
Field Read,context=Main$Tuple:227,y
Field Read,context=Main,yDelta
Variable Write,context=Main#main:1,newY=8
Variable Write,context=Main#main:1,i=2
Variable Delete,method=Main#main:1 <name=newX,type=int (id=7),value=<?>,index=31>
Variable Delete,method=Main#main:1 <name=newY,type=int (id=7),value=<?>,index=32>
Field Read,context=Main$Tuple:227,x
Field Read,context=Main,xDelta
Variable Write,context=Main#main:1,newX=12
Field Read,context=Main$Tuple:227,y
Field Read,context=Main,yDelta
Variable Write,context=Main#main:1,newY=7
Variable Write,context=Main#main:1,i=3
Variable Delete,method=Main#main:1 <name=newX,type=int (id=7),value=<?>,index=31>
Variable Delete,method=Main#main:1 <name=newY,type=int (id=7),value=<?>,index=32>
Field Read,context=Main$Tuple:227,x
Field Read,context=Main,xDelta
Variable Write,context=Main#main:1,newX=12
Field Read,context=Main$Tuple:227,y
Field Read,context=Main,yDelta
Variable Write,context=Main#main:1,newY=9
Variable Delete,method=Main#main:1 <name=newX,type=int (id=7),value=<?>,index=31>
Variable Delete,method=Main#main:1 <name=newY,type=int (id=7),value=<?>,index=32>
Variable Delete,method=Main#main:1 <name=t,type=Main$Tuple (id=90),value=<?>,index=29>
Variable Delete,method=Main#main:1 <name=i,type=int (id=7),value=<?>,index=30>
Variable Write,context=Main#main:1,t=Main$Tuple:228
Variable Write,context=Main#main:1,i=0
Field Read,context=Main$Tuple:228,x
Field Read,context=Main,xDelta
Variable Write,context=Main#main:1,newX=7
Field Read,context=Main$Tuple:228,y
Field Read,context=Main,yDelta
Variable Write,context=Main#main:1,newY=12
Variable Write,context=Main#main:1,i=1
Variable Delete,method=Main#main:1 <name=newX,type=int (id=7),value=<?>,index=31>
Variable Delete,method=Main#main:1 <name=newY,type=int (id=7),value=<?>,index=32>
Field Read,context=Main$Tuple:228,x
Field Read,context=Main,xDelta
Variable Write,context=Main#main:1,newX=9
Field Read,context=Main$Tuple:228,y
Field Read,context=Main,yDelta
Variable Write,context=Main#main:1,newY=12
Variable Write,context=Main#main:1,i=2
Variable Delete,method=Main#main:1 <name=newX,type=int (id=7),value=<?>,index=31>
Variable Delete,method=Main#main:1 <name=newY,type=int (id=7),value=<?>,index=32>
Field Read,context=Main$Tuple:228,x
Field Read,context=Main,xDelta
Variable Write,context=Main#main:1,newX=8
Field Read,context=Main$Tuple:228,y
Field Read,context=Main,yDelta
Variable Write,context=Main#main:1,newY=11
Variable Write,context=Main#main:1,g=int[][]:2
New Object,object=Main$Tuple:230
Method Call,caller=Main#main:1,target=Main$Tuple:230#Main$Tuple:230
Variable Write,context=Main$Tuple:230#Main$Tuple:230,x=8
Variable Write,context=Main$Tuple:230#Main$Tuple:230,y=11
Field Write,context=Main$Tuple:230,x=8
Field Write,context=Main$Tuple:230,y=11
Method Exit,returner=Main$Tuple:230#Main$Tuple:230,value=<void>
Variable Write,context=Main#main:1,i=3
Variable Delete,method=Main#main:1 <name=newX,type=int (id=7),value=<?>,index=31>
Variable Delete,method=Main#main:1 <name=newY,type=int (id=7),value=<?>,index=32>
Field Read,context=Main$Tuple:228,x
Field Read,context=Main,xDelta
Variable Write,context=Main#main:1,newX=8
Field Read,context=Main$Tuple:228,y
Field Read,context=Main,yDelta
Variable Write,context=Main#main:1,newY=13
Variable Delete,method=Main#main:1 <name=newX,type=int (id=7),value=<?>,index=31>
Variable Delete,method=Main#main:1 <name=newY,type=int (id=7),value=<?>,index=32>
Variable Delete,method=Main#main:1 <name=t,type=Main$Tuple (id=90),value=<?>,index=29>
Variable Delete,method=Main#main:1 <name=i,type=int (id=7),value=<?>,index=30>
Variable Write,context=Main#main:1,t=Main$Tuple:229
Variable Write,context=Main#main:1,i=0
Field Read,context=Main$Tuple:229,x
Field Read,context=Main,xDelta
Variable Write,context=Main#main:1,newX=10
Field Read,context=Main$Tuple:229,y
Field Read,context=Main,yDelta
Variable Write,context=Main#main:1,newY=8
Variable Write,context=Main#main:1,g=int[][]:2
New Object,object=Main$Tuple:231
Method Call,caller=Main#main:1,target=Main$Tuple:231#Main$Tuple:231
Variable Write,context=Main$Tuple:231#Main$Tuple:231,x=10
Variable Write,context=Main$Tuple:231#Main$Tuple:231,y=8
Field Write,context=Main$Tuple:231,x=10
Field Write,context=Main$Tuple:231,y=8
Method Exit,returner=Main$Tuple:231#Main$Tuple:231,value=<void>
Variable Write,context=Main#main:1,i=1
Variable Delete,method=Main#main:1 <name=newX,type=int (id=7),value=<?>,index=31>
Variable Delete,method=Main#main:1 <name=newY,type=int (id=7),value=<?>,index=32>
Field Read,context=Main$Tuple:229,x
Field Read,context=Main,xDelta
Variable Write,context=Main#main:1,newX=12
Field Read,context=Main$Tuple:229,y
Field Read,context=Main,yDelta
Variable Write,context=Main#main:1,newY=8
Variable Write,context=Main#main:1,i=2
Variable Delete,method=Main#main:1 <name=newX,type=int (id=7),value=<?>,index=31>
Variable Delete,method=Main#main:1 <name=newY,type=int (id=7),value=<?>,index=32>
Field Read,context=Main$Tuple:229,x
Field Read,context=Main,xDelta
Variable Write,context=Main#main:1,newX=11
Field Read,context=Main$Tuple:229,y
Field Read,context=Main,yDelta
Variable Write,context=Main#main:1,newY=7
Variable Write,context=Main#main:1,i=3
Variable Delete,method=Main#main:1 <name=newX,type=int (id=7),value=<?>,index=31>
Variable Delete,method=Main#main:1 <name=newY,type=int (id=7),value=<?>,index=32>
Field Read,context=Main$Tuple:229,x
Field Read,context=Main,xDelta
Variable Write,context=Main#main:1,newX=11
Field Read,context=Main$Tuple:229,y
Field Read,context=Main,yDelta
Variable Write,context=Main#main:1,newY=9
Variable Delete,method=Main#main:1 <name=newX,type=int (id=7),value=<?>,index=31>
Variable Delete,method=Main#main:1 <name=newY,type=int (id=7),value=<?>,index=32>
Variable Delete,method=Main#main:1 <name=t,type=Main$Tuple (id=90),value=<?>,index=29>
Variable Delete,method=Main#main:1 <name=i,type=int (id=7),value=<?>,index=30>
Variable Write,context=Main#main:1,t=Main$Tuple:230
Variable Write,context=Main#main:1,i=0
Field Read,context=Main$Tuple:230,x
Field Read,context=Main,xDelta
Variable Write,context=Main#main:1,newX=7
Field Read,context=Main$Tuple:230,y
Field Read,context=Main,yDelta
Variable Write,context=Main#main:1,newY=11
Variable Write,context=Main#main:1,i=1
Variable Delete,method=Main#main:1 <name=newX,type=int (id=7),value=<?>,index=31>
Variable Delete,method=Main#main:1 <name=newY,type=int (id=7),value=<?>,index=32>
Field Read,context=Main$Tuple:230,x
Field Read,context=Main,xDelta
Variable Write,context=Main#main:1,newX=9
Field Read,context=Main$Tuple:230,y
Field Read,context=Main,yDelta
Variable Write,context=Main#main:1,newY=11
Variable Write,context=Main#main:1,i=2
Variable Delete,method=Main#main:1 <name=newX,type=int (id=7),value=<?>,index=31>
Variable Delete,method=Main#main:1 <name=newY,type=int (id=7),value=<?>,index=32>
Field Read,context=Main$Tuple:230,x
Field Read,context=Main,xDelta
Variable Write,context=Main#main:1,newX=8
Field Read,context=Main$Tuple:230,y
Field Read,context=Main,yDelta
Variable Write,context=Main#main:1,newY=10
Variable Write,context=Main#main:1,g=int[][]:2
New Object,object=Main$Tuple:232
Method Call,caller=Main#main:1,target=Main$Tuple:232#Main$Tuple:232
Variable Write,context=Main$Tuple:232#Main$Tuple:232,x=8
Variable Write,context=Main$Tuple:232#Main$Tuple:232,y=10
Field Write,context=Main$Tuple:232,x=8
Field Write,context=Main$Tuple:232,y=10
Method Exit,returner=Main$Tuple:232#Main$Tuple:232,value=<void>
Variable Write,context=Main#main:1,i=3
Variable Delete,method=Main#main:1 <name=newX,type=int (id=7),value=<?>,index=31>
Variable Delete,method=Main#main:1 <name=newY,type=int (id=7),value=<?>,index=32>
Field Read,context=Main$Tuple:230,x
Field Read,context=Main,xDelta
Variable Write,context=Main#main:1,newX=8
Field Read,context=Main$Tuple:230,y
Field Read,context=Main,yDelta
Variable Write,context=Main#main:1,newY=12
Variable Delete,method=Main#main:1 <name=newX,type=int (id=7),value=<?>,index=31>
Variable Delete,method=Main#main:1 <name=newY,type=int (id=7),value=<?>,index=32>
Variable Delete,method=Main#main:1 <name=t,type=Main$Tuple (id=90),value=<?>,index=29>
Variable Delete,method=Main#main:1 <name=i,type=int (id=7),value=<?>,index=30>
Variable Write,context=Main#main:1,t=Main$Tuple:231
Variable Write,context=Main#main:1,i=0
Field Read,context=Main$Tuple:231,x
Field Read,context=Main,xDelta
Variable Write,context=Main#main:1,newX=9
Field Read,context=Main$Tuple:231,y
Field Read,context=Main,yDelta
Variable Write,context=Main#main:1,newY=8
Variable Write,context=Main#main:1,g=int[][]:2
New Object,object=Main$Tuple:233
Method Call,caller=Main#main:1,target=Main$Tuple:233#Main$Tuple:233
Variable Write,context=Main$Tuple:233#Main$Tuple:233,x=9
Variable Write,context=Main$Tuple:233#Main$Tuple:233,y=8
Field Write,context=Main$Tuple:233,x=9
Field Write,context=Main$Tuple:233,y=8
Method Exit,returner=Main$Tuple:233#Main$Tuple:233,value=<void>
Variable Write,context=Main#main:1,i=1
Variable Delete,method=Main#main:1 <name=newX,type=int (id=7),value=<?>,index=31>
Variable Delete,method=Main#main:1 <name=newY,type=int (id=7),value=<?>,index=32>
Field Read,context=Main$Tuple:231,x
Field Read,context=Main,xDelta
Variable Write,context=Main#main:1,newX=11
Field Read,context=Main$Tuple:231,y
Field Read,context=Main,yDelta
Variable Write,context=Main#main:1,newY=8
Variable Write,context=Main#main:1,i=2
Variable Delete,method=Main#main:1 <name=newX,type=int (id=7),value=<?>,index=31>
Variable Delete,method=Main#main:1 <name=newY,type=int (id=7),value=<?>,index=32>
Field Read,context=Main$Tuple:231,x
Field Read,context=Main,xDelta
Variable Write,context=Main#main:1,newX=10
Field Read,context=Main$Tuple:231,y
Field Read,context=Main,yDelta
Variable Write,context=Main#main:1,newY=7
Variable Write,context=Main#main:1,i=3
Variable Delete,method=Main#main:1 <name=newX,type=int (id=7),value=<?>,index=31>
Variable Delete,method=Main#main:1 <name=newY,type=int (id=7),value=<?>,index=32>
Field Read,context=Main$Tuple:231,x
Field Read,context=Main,xDelta
Variable Write,context=Main#main:1,newX=10
Field Read,context=Main$Tuple:231,y
Field Read,context=Main,yDelta
Variable Write,context=Main#main:1,newY=9
Variable Delete,method=Main#main:1 <name=newX,type=int (id=7),value=<?>,index=31>
Variable Delete,method=Main#main:1 <name=newY,type=int (id=7),value=<?>,index=32>
Variable Delete,method=Main#main:1 <name=t,type=Main$Tuple (id=90),value=<?>,index=29>
Variable Delete,method=Main#main:1 <name=i,type=int (id=7),value=<?>,index=30>
Variable Write,context=Main#main:1,t=Main$Tuple:232
Variable Write,context=Main#main:1,i=0
Field Read,context=Main$Tuple:232,x
Field Read,context=Main,xDelta
Variable Write,context=Main#main:1,newX=7
Field Read,context=Main$Tuple:232,y
Field Read,context=Main,yDelta
Variable Write,context=Main#main:1,newY=10
Variable Write,context=Main#main:1,i=1
Variable Delete,method=Main#main:1 <name=newX,type=int (id=7),value=<?>,index=31>
Variable Delete,method=Main#main:1 <name=newY,type=int (id=7),value=<?>,index=32>
Field Read,context=Main$Tuple:232,x
Field Read,context=Main,xDelta
Variable Write,context=Main#main:1,newX=9
Field Read,context=Main$Tuple:232,y
Field Read,context=Main,yDelta
Variable Write,context=Main#main:1,newY=10
Variable Write,context=Main#main:1,i=2
Variable Delete,method=Main#main:1 <name=newX,type=int (id=7),value=<?>,index=31>
Variable Delete,method=Main#main:1 <name=newY,type=int (id=7),value=<?>,index=32>
Field Read,context=Main$Tuple:232,x
Field Read,context=Main,xDelta
Variable Write,context=Main#main:1,newX=8
Field Read,context=Main$Tuple:232,y
Field Read,context=Main,yDelta
Variable Write,context=Main#main:1,newY=9
Variable Write,context=Main#main:1,g=int[][]:2
New Object,object=Main$Tuple:234
Method Call,caller=Main#main:1,target=Main$Tuple:234#Main$Tuple:234
Variable Write,context=Main$Tuple:234#Main$Tuple:234,x=8
Variable Write,context=Main$Tuple:234#Main$Tuple:234,y=9
Field Write,context=Main$Tuple:234,x=8
Field Write,context=Main$Tuple:234,y=9
Method Exit,returner=Main$Tuple:234#Main$Tuple:234,value=<void>
Variable Write,context=Main#main:1,i=3
Variable Delete,method=Main#main:1 <name=newX,type=int (id=7),value=<?>,index=31>
Variable Delete,method=Main#main:1 <name=newY,type=int (id=7),value=<?>,index=32>
Field Read,context=Main$Tuple:232,x
Field Read,context=Main,xDelta
Variable Write,context=Main#main:1,newX=8
Field Read,context=Main$Tuple:232,y
Field Read,context=Main,yDelta
Variable Write,context=Main#main:1,newY=11
Variable Delete,method=Main#main:1 <name=newX,type=int (id=7),value=<?>,index=31>
Variable Delete,method=Main#main:1 <name=newY,type=int (id=7),value=<?>,index=32>
Variable Delete,method=Main#main:1 <name=t,type=Main$Tuple (id=90),value=<?>,index=29>
Variable Delete,method=Main#main:1 <name=i,type=int (id=7),value=<?>,index=30>
Variable Write,context=Main#main:1,t=Main$Tuple:233
Variable Write,context=Main#main:1,i=0
Field Read,context=Main$Tuple:233,x
Field Read,context=Main,xDelta
Variable Write,context=Main#main:1,newX=8
Field Read,context=Main$Tuple:233,y
Field Read,context=Main,yDelta
Variable Write,context=Main#main:1,newY=8
Variable Write,context=Main#main:1,g=int[][]:2
New Object,object=Main$Tuple:235
Method Call,caller=Main#main:1,target=Main$Tuple:235#Main$Tuple:235
Variable Write,context=Main$Tuple:235#Main$Tuple:235,x=8
Variable Write,context=Main$Tuple:235#Main$Tuple:235,y=8
Field Write,context=Main$Tuple:235,x=8
Field Write,context=Main$Tuple:235,y=8
Method Exit,returner=Main$Tuple:235#Main$Tuple:235,value=<void>
Variable Write,context=Main#main:1,i=1
Variable Delete,method=Main#main:1 <name=newX,type=int (id=7),value=<?>,index=31>
Variable Delete,method=Main#main:1 <name=newY,type=int (id=7),value=<?>,index=32>
Field Read,context=Main$Tuple:233,x
Field Read,context=Main,xDelta
Variable Write,context=Main#main:1,newX=10
Field Read,context=Main$Tuple:233,y
Field Read,context=Main,yDelta
Variable Write,context=Main#main:1,newY=8
Variable Write,context=Main#main:1,i=2
Variable Delete,method=Main#main:1 <name=newX,type=int (id=7),value=<?>,index=31>
Variable Delete,method=Main#main:1 <name=newY,type=int (id=7),value=<?>,index=32>
Field Read,context=Main$Tuple:233,x
Field Read,context=Main,xDelta
Variable Write,context=Main#main:1,newX=9
Field Read,context=Main$Tuple:233,y
Field Read,context=Main,yDelta
Variable Write,context=Main#main:1,newY=7
Variable Write,context=Main#main:1,i=3
Variable Delete,method=Main#main:1 <name=newX,type=int (id=7),value=<?>,index=31>
Variable Delete,method=Main#main:1 <name=newY,type=int (id=7),value=<?>,index=32>
Field Read,context=Main$Tuple:233,x
Field Read,context=Main,xDelta
Variable Write,context=Main#main:1,newX=9
Field Read,context=Main$Tuple:233,y
Field Read,context=Main,yDelta
Variable Write,context=Main#main:1,newY=9
Variable Delete,method=Main#main:1 <name=newX,type=int (id=7),value=<?>,index=31>
Variable Delete,method=Main#main:1 <name=newY,type=int (id=7),value=<?>,index=32>
Variable Delete,method=Main#main:1 <name=t,type=Main$Tuple (id=90),value=<?>,index=29>
Variable Delete,method=Main#main:1 <name=i,type=int (id=7),value=<?>,index=30>
Variable Write,context=Main#main:1,t=Main$Tuple:234
Variable Write,context=Main#main:1,i=0
Field Read,context=Main$Tuple:234,x
Field Read,context=Main,xDelta
Variable Write,context=Main#main:1,newX=7
Field Read,context=Main$Tuple:234,y
Field Read,context=Main,yDelta
Variable Write,context=Main#main:1,newY=9
Variable Write,context=Main#main:1,i=1
Variable Delete,method=Main#main:1 <name=newX,type=int (id=7),value=<?>,index=31>
Variable Delete,method=Main#main:1 <name=newY,type=int (id=7),value=<?>,index=32>
Field Read,context=Main$Tuple:234,x
Field Read,context=Main,xDelta
Variable Write,context=Main#main:1,newX=9
Field Read,context=Main$Tuple:234,y
Field Read,context=Main,yDelta
Variable Write,context=Main#main:1,newY=9
Variable Write,context=Main#main:1,i=2
Variable Delete,method=Main#main:1 <name=newX,type=int (id=7),value=<?>,index=31>
Variable Delete,method=Main#main:1 <name=newY,type=int (id=7),value=<?>,index=32>
Field Read,context=Main$Tuple:234,x
Field Read,context=Main,xDelta
Variable Write,context=Main#main:1,newX=8
Field Read,context=Main$Tuple:234,y
Field Read,context=Main,yDelta
Variable Write,context=Main#main:1,newY=8
Variable Write,context=Main#main:1,i=3
Variable Delete,method=Main#main:1 <name=newX,type=int (id=7),value=<?>,index=31>
Variable Delete,method=Main#main:1 <name=newY,type=int (id=7),value=<?>,index=32>
Field Read,context=Main$Tuple:234,x
Field Read,context=Main,xDelta
Variable Write,context=Main#main:1,newX=8
Field Read,context=Main$Tuple:234,y
Field Read,context=Main,yDelta
Variable Write,context=Main#main:1,newY=10
Variable Delete,method=Main#main:1 <name=newX,type=int (id=7),value=<?>,index=31>
Variable Delete,method=Main#main:1 <name=newY,type=int (id=7),value=<?>,index=32>
Variable Delete,method=Main#main:1 <name=t,type=Main$Tuple (id=90),value=<?>,index=29>
Variable Delete,method=Main#main:1 <name=i,type=int (id=7),value=<?>,index=30>
Variable Write,context=Main#main:1,t=Main$Tuple:235
Variable Write,context=Main#main:1,i=0
Field Read,context=Main$Tuple:235,x
Field Read,context=Main,xDelta
Variable Write,context=Main#main:1,newX=7
Field Read,context=Main$Tuple:235,y
Field Read,context=Main,yDelta
Variable Write,context=Main#main:1,newY=8
Variable Write,context=Main#main:1,i=1
Variable Delete,method=Main#main:1 <name=newX,type=int (id=7),value=<?>,index=31>
Variable Delete,method=Main#main:1 <name=newY,type=int (id=7),value=<?>,index=32>
Field Read,context=Main$Tuple:235,x
Field Read,context=Main,xDelta
Variable Write,context=Main#main:1,newX=9
Field Read,context=Main$Tuple:235,y
Field Read,context=Main,yDelta
Variable Write,context=Main#main:1,newY=8
Variable Write,context=Main#main:1,i=2
Variable Delete,method=Main#main:1 <name=newX,type=int (id=7),value=<?>,index=31>
Variable Delete,method=Main#main:1 <name=newY,type=int (id=7),value=<?>,index=32>
Field Read,context=Main$Tuple:235,x
Field Read,context=Main,xDelta
Variable Write,context=Main#main:1,newX=8
Field Read,context=Main$Tuple:235,y
Field Read,context=Main,yDelta
Variable Write,context=Main#main:1,newY=7
Variable Write,context=Main#main:1,i=3
Variable Delete,method=Main#main:1 <name=newX,type=int (id=7),value=<?>,index=31>
Variable Delete,method=Main#main:1 <name=newY,type=int (id=7),value=<?>,index=32>
Field Read,context=Main$Tuple:235,x
Field Read,context=Main,xDelta
Variable Write,context=Main#main:1,newX=8
Field Read,context=Main$Tuple:235,y
Field Read,context=Main,yDelta
Variable Write,context=Main#main:1,newY=9
Variable Delete,method=Main#main:1 <name=newX,type=int (id=7),value=<?>,index=31>
Variable Delete,method=Main#main:1 <name=newY,type=int (id=7),value=<?>,index=32>
Variable Delete,method=Main#main:1 <name=t,type=Main$Tuple (id=90),value=<?>,index=29>
Variable Delete,method=Main#main:1 <name=i,type=int (id=7),value=<?>,index=30>
Variable Write,context=Main#main:1,y=5
Variable Delete,method=Main#main:1 <name=p,type=Main$Tuple (id=90),value=<?>,index=27>
Variable Delete,method=Main#main:1 <name=q,type=java.util.Queue (unresolved),value=<?>,index=28>
Variable Write,context=Main#main:1,y=6
Variable Write,context=Main#main:1,y=7
Variable Write,context=Main#main:1,y=8
Variable Write,context=Main#main:1,y=9
Variable Write,context=Main#main:1,y=10
Variable Write,context=Main#main:1,y=11
Variable Write,context=Main#main:1,y=12
Variable Write,context=Main#main:1,y=13
Variable Write,context=Main#main:1,y=14
Variable Write,context=Main#main:1,x=3
Variable Delete,method=Main#main:1 <name=y,type=int (id=7),value=<?>,index=26>
Variable Write,context=Main#main:1,y=0
Variable Write,context=Main#main:1,y=1
Variable Write,context=Main#main:1,y=2
Variable Write,context=Main#main:1,y=3
Variable Write,context=Main#main:1,y=4
Variable Write,context=Main#main:1,y=5
Variable Write,context=Main#main:1,y=6
Variable Write,context=Main#main:1,y=7
Variable Write,context=Main#main:1,y=8
Variable Write,context=Main#main:1,y=9
Variable Write,context=Main#main:1,y=10
Variable Write,context=Main#main:1,y=11
Variable Write,context=Main#main:1,y=12
Variable Write,context=Main#main:1,y=13
Variable Write,context=Main#main:1,y=14
Variable Write,context=Main#main:1,x=4
Variable Delete,method=Main#main:1 <name=y,type=int (id=7),value=<?>,index=26>
Variable Write,context=Main#main:1,y=0
Variable Write,context=Main#main:1,y=1
Variable Write,context=Main#main:1,y=2
Variable Write,context=Main#main:1,y=3
Variable Write,context=Main#main:1,y=4
Variable Write,context=Main#main:1,y=5
Variable Write,context=Main#main:1,y=6
Variable Write,context=Main#main:1,y=7
Variable Write,context=Main#main:1,y=8
Variable Write,context=Main#main:1,g=int[][]:2
New Object,object=Main$Tuple:236
Method Call,caller=Main#main:1,target=Main$Tuple:236#Main$Tuple:236
Variable Write,context=Main$Tuple:236#Main$Tuple:236,x=4
Variable Write,context=Main$Tuple:236#Main$Tuple:236,y=8
Field Write,context=Main$Tuple:236,x=4
Field Write,context=Main$Tuple:236,y=8
Method Exit,returner=Main$Tuple:236#Main$Tuple:236,value=<void>
Variable Write,context=Main#main:1,p=Main$Tuple:236
Variable Write,context=Main#main:1,regions=3
Variable Write,context=Main#main:1,q=java.util.ArrayDeque (id=669)
Variable Write,context=Main#main:1,t=Main$Tuple:236
Variable Write,context=Main#main:1,i=0
Field Read,context=Main$Tuple:236,x
Field Read,context=Main,xDelta
Variable Write,context=Main#main:1,newX=3
Field Read,context=Main$Tuple:236,y
Field Read,context=Main,yDelta
Variable Write,context=Main#main:1,newY=8
Variable Write,context=Main#main:1,i=1
Variable Delete,method=Main#main:1 <name=newX,type=int (id=7),value=<?>,index=31>
Variable Delete,method=Main#main:1 <name=newY,type=int (id=7),value=<?>,index=32>
Field Read,context=Main$Tuple:236,x
Field Read,context=Main,xDelta
Variable Write,context=Main#main:1,newX=5
Field Read,context=Main$Tuple:236,y
Field Read,context=Main,yDelta
Variable Write,context=Main#main:1,newY=8
Variable Write,context=Main#main:1,g=int[][]:2
New Object,object=Main$Tuple:237
Method Call,caller=Main#main:1,target=Main$Tuple:237#Main$Tuple:237
Variable Write,context=Main$Tuple:237#Main$Tuple:237,x=5
Variable Write,context=Main$Tuple:237#Main$Tuple:237,y=8
Field Write,context=Main$Tuple:237,x=5
Field Write,context=Main$Tuple:237,y=8
Method Exit,returner=Main$Tuple:237#Main$Tuple:237,value=<void>
Variable Write,context=Main#main:1,i=2
Variable Delete,method=Main#main:1 <name=newX,type=int (id=7),value=<?>,index=31>
Variable Delete,method=Main#main:1 <name=newY,type=int (id=7),value=<?>,index=32>
Field Read,context=Main$Tuple:236,x
Field Read,context=Main,xDelta
Variable Write,context=Main#main:1,newX=4
Field Read,context=Main$Tuple:236,y
Field Read,context=Main,yDelta
Variable Write,context=Main#main:1,newY=7
Variable Write,context=Main#main:1,i=3
Variable Delete,method=Main#main:1 <name=newX,type=int (id=7),value=<?>,index=31>
Variable Delete,method=Main#main:1 <name=newY,type=int (id=7),value=<?>,index=32>
Field Read,context=Main$Tuple:236,x
Field Read,context=Main,xDelta
Variable Write,context=Main#main:1,newX=4
Field Read,context=Main$Tuple:236,y
Field Read,context=Main,yDelta
Variable Write,context=Main#main:1,newY=9
Variable Write,context=Main#main:1,g=int[][]:2
New Object,object=Main$Tuple:238
Method Call,caller=Main#main:1,target=Main$Tuple:238#Main$Tuple:238
Variable Write,context=Main$Tuple:238#Main$Tuple:238,x=4
Variable Write,context=Main$Tuple:238#Main$Tuple:238,y=9
Field Write,context=Main$Tuple:238,x=4
Field Write,context=Main$Tuple:238,y=9
Method Exit,returner=Main$Tuple:238#Main$Tuple:238,value=<void>
Variable Delete,method=Main#main:1 <name=newX,type=int (id=7),value=<?>,index=31>
Variable Delete,method=Main#main:1 <name=newY,type=int (id=7),value=<?>,index=32>
Variable Delete,method=Main#main:1 <name=t,type=Main$Tuple (id=90),value=<?>,index=29>
Variable Delete,method=Main#main:1 <name=i,type=int (id=7),value=<?>,index=30>
Variable Write,context=Main#main:1,t=Main$Tuple:237
Variable Write,context=Main#main:1,i=0
Field Read,context=Main$Tuple:237,x
Field Read,context=Main,xDelta
Variable Write,context=Main#main:1,newX=4
Field Read,context=Main$Tuple:237,y
Field Read,context=Main,yDelta
Variable Write,context=Main#main:1,newY=8
Variable Write,context=Main#main:1,i=1
Variable Delete,method=Main#main:1 <name=newX,type=int (id=7),value=<?>,index=31>
Variable Delete,method=Main#main:1 <name=newY,type=int (id=7),value=<?>,index=32>
Field Read,context=Main$Tuple:237,x
Field Read,context=Main,xDelta
Variable Write,context=Main#main:1,newX=6
Field Read,context=Main$Tuple:237,y
Field Read,context=Main,yDelta
Variable Write,context=Main#main:1,newY=8
Variable Write,context=Main#main:1,g=int[][]:2
New Object,object=Main$Tuple:239
Method Call,caller=Main#main:1,target=Main$Tuple:239#Main$Tuple:239
Variable Write,context=Main$Tuple:239#Main$Tuple:239,x=6
Variable Write,context=Main$Tuple:239#Main$Tuple:239,y=8
Field Write,context=Main$Tuple:239,x=6
Field Write,context=Main$Tuple:239,y=8
Method Exit,returner=Main$Tuple:239#Main$Tuple:239,value=<void>
Variable Write,context=Main#main:1,i=2
Variable Delete,method=Main#main:1 <name=newX,type=int (id=7),value=<?>,index=31>
Variable Delete,method=Main#main:1 <name=newY,type=int (id=7),value=<?>,index=32>
Field Read,context=Main$Tuple:237,x
Field Read,context=Main,xDelta
Variable Write,context=Main#main:1,newX=5
Field Read,context=Main$Tuple:237,y
Field Read,context=Main,yDelta
Variable Write,context=Main#main:1,newY=7
Variable Write,context=Main#main:1,i=3
Variable Delete,method=Main#main:1 <name=newX,type=int (id=7),value=<?>,index=31>
Variable Delete,method=Main#main:1 <name=newY,type=int (id=7),value=<?>,index=32>
Field Read,context=Main$Tuple:237,x
Field Read,context=Main,xDelta
Variable Write,context=Main#main:1,newX=5
Field Read,context=Main$Tuple:237,y
Field Read,context=Main,yDelta
Variable Write,context=Main#main:1,newY=9
Variable Write,context=Main#main:1,g=int[][]:2
New Object,object=Main$Tuple:240
Method Call,caller=Main#main:1,target=Main$Tuple:240#Main$Tuple:240
Variable Write,context=Main$Tuple:240#Main$Tuple:240,x=5
Variable Write,context=Main$Tuple:240#Main$Tuple:240,y=9
Field Write,context=Main$Tuple:240,x=5
Field Write,context=Main$Tuple:240,y=9
Method Exit,returner=Main$Tuple:240#Main$Tuple:240,value=<void>
Variable Delete,method=Main#main:1 <name=newX,type=int (id=7),value=<?>,index=31>
Variable Delete,method=Main#main:1 <name=newY,type=int (id=7),value=<?>,index=32>
Variable Delete,method=Main#main:1 <name=t,type=Main$Tuple (id=90),value=<?>,index=29>
Variable Delete,method=Main#main:1 <name=i,type=int (id=7),value=<?>,index=30>
Variable Write,context=Main#main:1,t=Main$Tuple:238
Variable Write,context=Main#main:1,i=0
Field Read,context=Main$Tuple:238,x
Field Read,context=Main,xDelta
Variable Write,context=Main#main:1,newX=3
Field Read,context=Main$Tuple:238,y
Field Read,context=Main,yDelta
Variable Write,context=Main#main:1,newY=9
Variable Write,context=Main#main:1,i=1
Variable Delete,method=Main#main:1 <name=newX,type=int (id=7),value=<?>,index=31>
Variable Delete,method=Main#main:1 <name=newY,type=int (id=7),value=<?>,index=32>
Field Read,context=Main$Tuple:238,x
Field Read,context=Main,xDelta
Variable Write,context=Main#main:1,newX=5
Field Read,context=Main$Tuple:238,y
Field Read,context=Main,yDelta
Variable Write,context=Main#main:1,newY=9
Variable Write,context=Main#main:1,i=2
Variable Delete,method=Main#main:1 <name=newX,type=int (id=7),value=<?>,index=31>
Variable Delete,method=Main#main:1 <name=newY,type=int (id=7),value=<?>,index=32>
Field Read,context=Main$Tuple:238,x
Field Read,context=Main,xDelta
Variable Write,context=Main#main:1,newX=4
Field Read,context=Main$Tuple:238,y
Field Read,context=Main,yDelta
Variable Write,context=Main#main:1,newY=8
Variable Write,context=Main#main:1,i=3
Variable Delete,method=Main#main:1 <name=newX,type=int (id=7),value=<?>,index=31>
Variable Delete,method=Main#main:1 <name=newY,type=int (id=7),value=<?>,index=32>
Field Read,context=Main$Tuple:238,x
Field Read,context=Main,xDelta
Variable Write,context=Main#main:1,newX=4
Field Read,context=Main$Tuple:238,y
Field Read,context=Main,yDelta
Variable Write,context=Main#main:1,newY=10
Variable Write,context=Main#main:1,g=int[][]:2
New Object,object=Main$Tuple:241
Method Call,caller=Main#main:1,target=Main$Tuple:241#Main$Tuple:241
Variable Write,context=Main$Tuple:241#Main$Tuple:241,x=4
Variable Write,context=Main$Tuple:241#Main$Tuple:241,y=10
Field Write,context=Main$Tuple:241,x=4
Field Write,context=Main$Tuple:241,y=10
Method Exit,returner=Main$Tuple:241#Main$Tuple:241,value=<void>
Variable Delete,method=Main#main:1 <name=newX,type=int (id=7),value=<?>,index=31>
Variable Delete,method=Main#main:1 <name=newY,type=int (id=7),value=<?>,index=32>
Variable Delete,method=Main#main:1 <name=t,type=Main$Tuple (id=90),value=<?>,index=29>
Variable Delete,method=Main#main:1 <name=i,type=int (id=7),value=<?>,index=30>
Variable Write,context=Main#main:1,t=Main$Tuple:239
Variable Write,context=Main#main:1,i=0
Field Read,context=Main$Tuple:239,x
Field Read,context=Main,xDelta
Variable Write,context=Main#main:1,newX=5
Field Read,context=Main$Tuple:239,y
Field Read,context=Main,yDelta
Variable Write,context=Main#main:1,newY=8
Variable Write,context=Main#main:1,i=1
Variable Delete,method=Main#main:1 <name=newX,type=int (id=7),value=<?>,index=31>
Variable Delete,method=Main#main:1 <name=newY,type=int (id=7),value=<?>,index=32>
Field Read,context=Main$Tuple:239,x
Field Read,context=Main,xDelta
Variable Write,context=Main#main:1,newX=7
Field Read,context=Main$Tuple:239,y
Field Read,context=Main,yDelta
Variable Write,context=Main#main:1,newY=8
Variable Write,context=Main#main:1,i=2
Variable Delete,method=Main#main:1 <name=newX,type=int (id=7),value=<?>,index=31>
Variable Delete,method=Main#main:1 <name=newY,type=int (id=7),value=<?>,index=32>
Field Read,context=Main$Tuple:239,x
Field Read,context=Main,xDelta
Variable Write,context=Main#main:1,newX=6
Field Read,context=Main$Tuple:239,y
Field Read,context=Main,yDelta
Variable Write,context=Main#main:1,newY=7
Variable Write,context=Main#main:1,i=3
Variable Delete,method=Main#main:1 <name=newX,type=int (id=7),value=<?>,index=31>
Variable Delete,method=Main#main:1 <name=newY,type=int (id=7),value=<?>,index=32>
Field Read,context=Main$Tuple:239,x
Field Read,context=Main,xDelta
Variable Write,context=Main#main:1,newX=6
Field Read,context=Main$Tuple:239,y
Field Read,context=Main,yDelta
Variable Write,context=Main#main:1,newY=9
Variable Write,context=Main#main:1,g=int[][]:2
New Object,object=Main$Tuple:242
Method Call,caller=Main#main:1,target=Main$Tuple:242#Main$Tuple:242
Variable Write,context=Main$Tuple:242#Main$Tuple:242,x=6
Variable Write,context=Main$Tuple:242#Main$Tuple:242,y=9
Field Write,context=Main$Tuple:242,x=6
Field Write,context=Main$Tuple:242,y=9
Method Exit,returner=Main$Tuple:242#Main$Tuple:242,value=<void>
Variable Delete,method=Main#main:1 <name=newX,type=int (id=7),value=<?>,index=31>
Variable Delete,method=Main#main:1 <name=newY,type=int (id=7),value=<?>,index=32>
Variable Delete,method=Main#main:1 <name=t,type=Main$Tuple (id=90),value=<?>,index=29>
Variable Delete,method=Main#main:1 <name=i,type=int (id=7),value=<?>,index=30>
Variable Write,context=Main#main:1,t=Main$Tuple:240
Variable Write,context=Main#main:1,i=0
Field Read,context=Main$Tuple:240,x
Field Read,context=Main,xDelta
Variable Write,context=Main#main:1,newX=4
Field Read,context=Main$Tuple:240,y
Field Read,context=Main,yDelta
Variable Write,context=Main#main:1,newY=9
Variable Write,context=Main#main:1,i=1
Variable Delete,method=Main#main:1 <name=newX,type=int (id=7),value=<?>,index=31>
Variable Delete,method=Main#main:1 <name=newY,type=int (id=7),value=<?>,index=32>
Field Read,context=Main$Tuple:240,x
Field Read,context=Main,xDelta
Variable Write,context=Main#main:1,newX=6
Field Read,context=Main$Tuple:240,y
Field Read,context=Main,yDelta
Variable Write,context=Main#main:1,newY=9
Variable Write,context=Main#main:1,i=2
Variable Delete,method=Main#main:1 <name=newX,type=int (id=7),value=<?>,index=31>
Variable Delete,method=Main#main:1 <name=newY,type=int (id=7),value=<?>,index=32>
Field Read,context=Main$Tuple:240,x
Field Read,context=Main,xDelta
Variable Write,context=Main#main:1,newX=5
Field Read,context=Main$Tuple:240,y
Field Read,context=Main,yDelta
Variable Write,context=Main#main:1,newY=8
Variable Write,context=Main#main:1,i=3
Variable Delete,method=Main#main:1 <name=newX,type=int (id=7),value=<?>,index=31>
Variable Delete,method=Main#main:1 <name=newY,type=int (id=7),value=<?>,index=32>
Field Read,context=Main$Tuple:240,x
Field Read,context=Main,xDelta
Variable Write,context=Main#main:1,newX=5
Field Read,context=Main$Tuple:240,y
Field Read,context=Main,yDelta
Variable Write,context=Main#main:1,newY=10
Variable Write,context=Main#main:1,g=int[][]:2
New Object,object=Main$Tuple:243
Method Call,caller=Main#main:1,target=Main$Tuple:243#Main$Tuple:243
Variable Write,context=Main$Tuple:243#Main$Tuple:243,x=5
Variable Write,context=Main$Tuple:243#Main$Tuple:243,y=10
Field Write,context=Main$Tuple:243,x=5
Field Write,context=Main$Tuple:243,y=10
Method Exit,returner=Main$Tuple:243#Main$Tuple:243,value=<void>
Variable Delete,method=Main#main:1 <name=newX,type=int (id=7),value=<?>,index=31>
Variable Delete,method=Main#main:1 <name=newY,type=int (id=7),value=<?>,index=32>
Variable Delete,method=Main#main:1 <name=t,type=Main$Tuple (id=90),value=<?>,index=29>
Variable Delete,method=Main#main:1 <name=i,type=int (id=7),value=<?>,index=30>
Variable Write,context=Main#main:1,t=Main$Tuple:241
Variable Write,context=Main#main:1,i=0
Field Read,context=Main$Tuple:241,x
Field Read,context=Main,xDelta
Variable Write,context=Main#main:1,newX=3
Field Read,context=Main$Tuple:241,y
Field Read,context=Main,yDelta
Variable Write,context=Main#main:1,newY=10
Variable Write,context=Main#main:1,i=1
Variable Delete,method=Main#main:1 <name=newX,type=int (id=7),value=<?>,index=31>
Variable Delete,method=Main#main:1 <name=newY,type=int (id=7),value=<?>,index=32>
Field Read,context=Main$Tuple:241,x
Field Read,context=Main,xDelta
Variable Write,context=Main#main:1,newX=5
Field Read,context=Main$Tuple:241,y
Field Read,context=Main,yDelta
Variable Write,context=Main#main:1,newY=10
Variable Write,context=Main#main:1,i=2
Variable Delete,method=Main#main:1 <name=newX,type=int (id=7),value=<?>,index=31>
Variable Delete,method=Main#main:1 <name=newY,type=int (id=7),value=<?>,index=32>
Field Read,context=Main$Tuple:241,x
Field Read,context=Main,xDelta
Variable Write,context=Main#main:1,newX=4
Field Read,context=Main$Tuple:241,y
Field Read,context=Main,yDelta
Variable Write,context=Main#main:1,newY=9
Variable Write,context=Main#main:1,i=3
Variable Delete,method=Main#main:1 <name=newX,type=int (id=7),value=<?>,index=31>
Variable Delete,method=Main#main:1 <name=newY,type=int (id=7),value=<?>,index=32>
Field Read,context=Main$Tuple:241,x
Field Read,context=Main,xDelta
Variable Write,context=Main#main:1,newX=4
Field Read,context=Main$Tuple:241,y
Field Read,context=Main,yDelta
Variable Write,context=Main#main:1,newY=11
Variable Delete,method=Main#main:1 <name=newX,type=int (id=7),value=<?>,index=31>
Variable Delete,method=Main#main:1 <name=newY,type=int (id=7),value=<?>,index=32>
Variable Delete,method=Main#main:1 <name=t,type=Main$Tuple (id=90),value=<?>,index=29>
Variable Delete,method=Main#main:1 <name=i,type=int (id=7),value=<?>,index=30>
Variable Write,context=Main#main:1,t=Main$Tuple:242
Variable Write,context=Main#main:1,i=0
Field Read,context=Main$Tuple:242,x
Field Read,context=Main,xDelta
Variable Write,context=Main#main:1,newX=5
Field Read,context=Main$Tuple:242,y
Field Read,context=Main,yDelta
Variable Write,context=Main#main:1,newY=9
Variable Write,context=Main#main:1,i=1
Variable Delete,method=Main#main:1 <name=newX,type=int (id=7),value=<?>,index=31>
Variable Delete,method=Main#main:1 <name=newY,type=int (id=7),value=<?>,index=32>
Field Read,context=Main$Tuple:242,x
Field Read,context=Main,xDelta
Variable Write,context=Main#main:1,newX=7
Field Read,context=Main$Tuple:242,y
Field Read,context=Main,yDelta
Variable Write,context=Main#main:1,newY=9
Variable Write,context=Main#main:1,i=2
Variable Delete,method=Main#main:1 <name=newX,type=int (id=7),value=<?>,index=31>
Variable Delete,method=Main#main:1 <name=newY,type=int (id=7),value=<?>,index=32>
Field Read,context=Main$Tuple:242,x
Field Read,context=Main,xDelta
Variable Write,context=Main#main:1,newX=6
Field Read,context=Main$Tuple:242,y
Field Read,context=Main,yDelta
Variable Write,context=Main#main:1,newY=8
Variable Write,context=Main#main:1,i=3
Variable Delete,method=Main#main:1 <name=newX,type=int (id=7),value=<?>,index=31>
Variable Delete,method=Main#main:1 <name=newY,type=int (id=7),value=<?>,index=32>
Field Read,context=Main$Tuple:242,x
Field Read,context=Main,xDelta
Variable Write,context=Main#main:1,newX=6
Field Read,context=Main$Tuple:242,y
Field Read,context=Main,yDelta
Variable Write,context=Main#main:1,newY=10
Variable Write,context=Main#main:1,g=int[][]:2
New Object,object=Main$Tuple:244
Method Call,caller=Main#main:1,target=Main$Tuple:244#Main$Tuple:244
Variable Write,context=Main$Tuple:244#Main$Tuple:244,x=6
Variable Write,context=Main$Tuple:244#Main$Tuple:244,y=10
Field Write,context=Main$Tuple:244,x=6
Field Write,context=Main$Tuple:244,y=10
Method Exit,returner=Main$Tuple:244#Main$Tuple:244,value=<void>
Variable Delete,method=Main#main:1 <name=newX,type=int (id=7),value=<?>,index=31>
Variable Delete,method=Main#main:1 <name=newY,type=int (id=7),value=<?>,index=32>
Variable Delete,method=Main#main:1 <name=t,type=Main$Tuple (id=90),value=<?>,index=29>
Variable Delete,method=Main#main:1 <name=i,type=int (id=7),value=<?>,index=30>
Variable Write,context=Main#main:1,t=Main$Tuple:243
Variable Write,context=Main#main:1,i=0
Field Read,context=Main$Tuple:243,x
Field Read,context=Main,xDelta
Variable Write,context=Main#main:1,newX=4
Field Read,context=Main$Tuple:243,y
Field Read,context=Main,yDelta
Variable Write,context=Main#main:1,newY=10
Variable Write,context=Main#main:1,i=1
Variable Delete,method=Main#main:1 <name=newX,type=int (id=7),value=<?>,index=31>
Variable Delete,method=Main#main:1 <name=newY,type=int (id=7),value=<?>,index=32>
Field Read,context=Main$Tuple:243,x
Field Read,context=Main,xDelta
Variable Write,context=Main#main:1,newX=6
Field Read,context=Main$Tuple:243,y
Field Read,context=Main,yDelta
Variable Write,context=Main#main:1,newY=10
Variable Write,context=Main#main:1,i=2
Variable Delete,method=Main#main:1 <name=newX,type=int (id=7),value=<?>,index=31>
Variable Delete,method=Main#main:1 <name=newY,type=int (id=7),value=<?>,index=32>
Field Read,context=Main$Tuple:243,x
Field Read,context=Main,xDelta
Variable Write,context=Main#main:1,newX=5
Field Read,context=Main$Tuple:243,y
Field Read,context=Main,yDelta
Variable Write,context=Main#main:1,newY=9
Variable Write,context=Main#main:1,i=3
Variable Delete,method=Main#main:1 <name=newX,type=int (id=7),value=<?>,index=31>
Variable Delete,method=Main#main:1 <name=newY,type=int (id=7),value=<?>,index=32>
Field Read,context=Main$Tuple:243,x
Field Read,context=Main,xDelta
Variable Write,context=Main#main:1,newX=5
Field Read,context=Main$Tuple:243,y
Field Read,context=Main,yDelta
Variable Write,context=Main#main:1,newY=11
Variable Delete,method=Main#main:1 <name=newX,type=int (id=7),value=<?>,index=31>
Variable Delete,method=Main#main:1 <name=newY,type=int (id=7),value=<?>,index=32>
Variable Delete,method=Main#main:1 <name=t,type=Main$Tuple (id=90),value=<?>,index=29>
Variable Delete,method=Main#main:1 <name=i,type=int (id=7),value=<?>,index=30>
Variable Write,context=Main#main:1,t=Main$Tuple:244
Variable Write,context=Main#main:1,i=0
Field Read,context=Main$Tuple:244,x
Field Read,context=Main,xDelta
Variable Write,context=Main#main:1,newX=5
Field Read,context=Main$Tuple:244,y
Field Read,context=Main,yDelta
Variable Write,context=Main#main:1,newY=10
Variable Write,context=Main#main:1,i=1
Variable Delete,method=Main#main:1 <name=newX,type=int (id=7),value=<?>,index=31>
Variable Delete,method=Main#main:1 <name=newY,type=int (id=7),value=<?>,index=32>
Field Read,context=Main$Tuple:244,x
Field Read,context=Main,xDelta
Variable Write,context=Main#main:1,newX=7
Field Read,context=Main$Tuple:244,y
Field Read,context=Main,yDelta
Variable Write,context=Main#main:1,newY=10
Variable Write,context=Main#main:1,i=2
Variable Delete,method=Main#main:1 <name=newX,type=int (id=7),value=<?>,index=31>
Variable Delete,method=Main#main:1 <name=newY,type=int (id=7),value=<?>,index=32>
Field Read,context=Main$Tuple:244,x
Field Read,context=Main,xDelta
Variable Write,context=Main#main:1,newX=6
Field Read,context=Main$Tuple:244,y
Field Read,context=Main,yDelta
Variable Write,context=Main#main:1,newY=9
Variable Write,context=Main#main:1,i=3
Variable Delete,method=Main#main:1 <name=newX,type=int (id=7),value=<?>,index=31>
Variable Delete,method=Main#main:1 <name=newY,type=int (id=7),value=<?>,index=32>
Field Read,context=Main$Tuple:244,x
Field Read,context=Main,xDelta
Variable Write,context=Main#main:1,newX=6
Field Read,context=Main$Tuple:244,y
Field Read,context=Main,yDelta
Variable Write,context=Main#main:1,newY=11
Variable Delete,method=Main#main:1 <name=newX,type=int (id=7),value=<?>,index=31>
Variable Delete,method=Main#main:1 <name=newY,type=int (id=7),value=<?>,index=32>
Variable Delete,method=Main#main:1 <name=t,type=Main$Tuple (id=90),value=<?>,index=29>
Variable Delete,method=Main#main:1 <name=i,type=int (id=7),value=<?>,index=30>
Variable Write,context=Main#main:1,y=9
Variable Delete,method=Main#main:1 <name=p,type=Main$Tuple (id=90),value=<?>,index=27>
Variable Delete,method=Main#main:1 <name=q,type=java.util.Queue (unresolved),value=<?>,index=28>
Variable Write,context=Main#main:1,y=10
Variable Write,context=Main#main:1,y=11
Variable Write,context=Main#main:1,y=12
Variable Write,context=Main#main:1,y=13
Variable Write,context=Main#main:1,y=14
Variable Write,context=Main#main:1,x=5
Variable Delete,method=Main#main:1 <name=y,type=int (id=7),value=<?>,index=26>
Variable Write,context=Main#main:1,y=0
Variable Write,context=Main#main:1,y=1
Variable Write,context=Main#main:1,y=2
Variable Write,context=Main#main:1,y=3
Variable Write,context=Main#main:1,y=4
Variable Write,context=Main#main:1,y=5
Variable Write,context=Main#main:1,y=6
Variable Write,context=Main#main:1,y=7
Variable Write,context=Main#main:1,y=8
Variable Write,context=Main#main:1,y=9
Variable Write,context=Main#main:1,y=10
Variable Write,context=Main#main:1,y=11
Variable Write,context=Main#main:1,y=12
Variable Write,context=Main#main:1,y=13
Variable Write,context=Main#main:1,y=14
Variable Write,context=Main#main:1,x=6
Variable Delete,method=Main#main:1 <name=y,type=int (id=7),value=<?>,index=26>
Variable Write,context=Main#main:1,y=0
Variable Write,context=Main#main:1,y=1
Variable Write,context=Main#main:1,y=2
Variable Write,context=Main#main:1,g=int[][]:2
New Object,object=Main$Tuple:245
Method Call,caller=Main#main:1,target=Main$Tuple:245#Main$Tuple:245
Variable Write,context=Main$Tuple:245#Main$Tuple:245,x=6
Variable Write,context=Main$Tuple:245#Main$Tuple:245,y=2
Field Write,context=Main$Tuple:245,x=6
Field Write,context=Main$Tuple:245,y=2
Method Exit,returner=Main$Tuple:245#Main$Tuple:245,value=<void>
Variable Write,context=Main#main:1,p=Main$Tuple:245
Variable Write,context=Main#main:1,regions=4
Variable Write,context=Main#main:1,q=java.util.ArrayDeque (id=679)
Variable Write,context=Main#main:1,t=Main$Tuple:245
Variable Write,context=Main#main:1,i=0
Field Read,context=Main$Tuple:245,x
Field Read,context=Main,xDelta
Variable Write,context=Main#main:1,newX=5
Field Read,context=Main$Tuple:245,y
Field Read,context=Main,yDelta
Variable Write,context=Main#main:1,newY=2
Variable Write,context=Main#main:1,i=1
Variable Delete,method=Main#main:1 <name=newX,type=int (id=7),value=<?>,index=31>
Variable Delete,method=Main#main:1 <name=newY,type=int (id=7),value=<?>,index=32>
Field Read,context=Main$Tuple:245,x
Field Read,context=Main,xDelta
Variable Write,context=Main#main:1,newX=7
Field Read,context=Main$Tuple:245,y
Field Read,context=Main,yDelta
Variable Write,context=Main#main:1,newY=2
Variable Write,context=Main#main:1,g=int[][]:2
New Object,object=Main$Tuple:246
Method Call,caller=Main#main:1,target=Main$Tuple:246#Main$Tuple:246
Variable Write,context=Main$Tuple:246#Main$Tuple:246,x=7
Variable Write,context=Main$Tuple:246#Main$Tuple:246,y=2
Field Write,context=Main$Tuple:246,x=7
Field Write,context=Main$Tuple:246,y=2
Method Exit,returner=Main$Tuple:246#Main$Tuple:246,value=<void>
Variable Write,context=Main#main:1,i=2
Variable Delete,method=Main#main:1 <name=newX,type=int (id=7),value=<?>,index=31>
Variable Delete,method=Main#main:1 <name=newY,type=int (id=7),value=<?>,index=32>
Field Read,context=Main$Tuple:245,x
Field Read,context=Main,xDelta
Variable Write,context=Main#main:1,newX=6
Field Read,context=Main$Tuple:245,y
Field Read,context=Main,yDelta
Variable Write,context=Main#main:1,newY=1
Variable Write,context=Main#main:1,i=3
Variable Delete,method=Main#main:1 <name=newX,type=int (id=7),value=<?>,index=31>
Variable Delete,method=Main#main:1 <name=newY,type=int (id=7),value=<?>,index=32>
Field Read,context=Main$Tuple:245,x
Field Read,context=Main,xDelta
Variable Write,context=Main#main:1,newX=6
Field Read,context=Main$Tuple:245,y
Field Read,context=Main,yDelta
Variable Write,context=Main#main:1,newY=3
Variable Delete,method=Main#main:1 <name=newX,type=int (id=7),value=<?>,index=31>
Variable Delete,method=Main#main:1 <name=newY,type=int (id=7),value=<?>,index=32>
Variable Delete,method=Main#main:1 <name=t,type=Main$Tuple (id=90),value=<?>,index=29>
Variable Delete,method=Main#main:1 <name=i,type=int (id=7),value=<?>,index=30>
Variable Write,context=Main#main:1,t=Main$Tuple:246
Variable Write,context=Main#main:1,i=0
Field Read,context=Main$Tuple:246,x
Field Read,context=Main,xDelta
Variable Write,context=Main#main:1,newX=6
Field Read,context=Main$Tuple:246,y
Field Read,context=Main,yDelta
Variable Write,context=Main#main:1,newY=2
Variable Write,context=Main#main:1,i=1
Variable Delete,method=Main#main:1 <name=newX,type=int (id=7),value=<?>,index=31>
Variable Delete,method=Main#main:1 <name=newY,type=int (id=7),value=<?>,index=32>
Field Read,context=Main$Tuple:246,x
Field Read,context=Main,xDelta
Variable Write,context=Main#main:1,newX=8
Field Read,context=Main$Tuple:246,y
Field Read,context=Main,yDelta
Variable Write,context=Main#main:1,newY=2
Variable Write,context=Main#main:1,g=int[][]:2
New Object,object=Main$Tuple:247
Method Call,caller=Main#main:1,target=Main$Tuple:247#Main$Tuple:247
Variable Write,context=Main$Tuple:247#Main$Tuple:247,x=8
Variable Write,context=Main$Tuple:247#Main$Tuple:247,y=2
Field Write,context=Main$Tuple:247,x=8
Field Write,context=Main$Tuple:247,y=2
Method Exit,returner=Main$Tuple:247#Main$Tuple:247,value=<void>
Variable Write,context=Main#main:1,i=2
Variable Delete,method=Main#main:1 <name=newX,type=int (id=7),value=<?>,index=31>
Variable Delete,method=Main#main:1 <name=newY,type=int (id=7),value=<?>,index=32>
Field Read,context=Main$Tuple:246,x
Field Read,context=Main,xDelta
Variable Write,context=Main#main:1,newX=7
Field Read,context=Main$Tuple:246,y
Field Read,context=Main,yDelta
Variable Write,context=Main#main:1,newY=1
Variable Write,context=Main#main:1,i=3
Variable Delete,method=Main#main:1 <name=newX,type=int (id=7),value=<?>,index=31>
Variable Delete,method=Main#main:1 <name=newY,type=int (id=7),value=<?>,index=32>
Field Read,context=Main$Tuple:246,x
Field Read,context=Main,xDelta
Variable Write,context=Main#main:1,newX=7
Field Read,context=Main$Tuple:246,y
Field Read,context=Main,yDelta
Variable Write,context=Main#main:1,newY=3
Variable Delete,method=Main#main:1 <name=newX,type=int (id=7),value=<?>,index=31>
Variable Delete,method=Main#main:1 <name=newY,type=int (id=7),value=<?>,index=32>
Variable Delete,method=Main#main:1 <name=t,type=Main$Tuple (id=90),value=<?>,index=29>
Variable Delete,method=Main#main:1 <name=i,type=int (id=7),value=<?>,index=30>
Variable Write,context=Main#main:1,t=Main$Tuple:247
Variable Write,context=Main#main:1,i=0
Field Read,context=Main$Tuple:247,x
Field Read,context=Main,xDelta
Variable Write,context=Main#main:1,newX=7
Field Read,context=Main$Tuple:247,y
Field Read,context=Main,yDelta
Variable Write,context=Main#main:1,newY=2
Variable Write,context=Main#main:1,i=1
Variable Delete,method=Main#main:1 <name=newX,type=int (id=7),value=<?>,index=31>
Variable Delete,method=Main#main:1 <name=newY,type=int (id=7),value=<?>,index=32>
Field Read,context=Main$Tuple:247,x
Field Read,context=Main,xDelta
Variable Write,context=Main#main:1,newX=9
Field Read,context=Main$Tuple:247,y
Field Read,context=Main,yDelta
Variable Write,context=Main#main:1,newY=2
Variable Write,context=Main#main:1,g=int[][]:2
New Object,object=Main$Tuple:248
Method Call,caller=Main#main:1,target=Main$Tuple:248#Main$Tuple:248
Variable Write,context=Main$Tuple:248#Main$Tuple:248,x=9
Variable Write,context=Main$Tuple:248#Main$Tuple:248,y=2
Field Write,context=Main$Tuple:248,x=9
Field Write,context=Main$Tuple:248,y=2
Method Exit,returner=Main$Tuple:248#Main$Tuple:248,value=<void>
Variable Write,context=Main#main:1,i=2
Variable Delete,method=Main#main:1 <name=newX,type=int (id=7),value=<?>,index=31>
Variable Delete,method=Main#main:1 <name=newY,type=int (id=7),value=<?>,index=32>
Field Read,context=Main$Tuple:247,x
Field Read,context=Main,xDelta
Variable Write,context=Main#main:1,newX=8
Field Read,context=Main$Tuple:247,y
Field Read,context=Main,yDelta
Variable Write,context=Main#main:1,newY=1
Variable Write,context=Main#main:1,i=3
Variable Delete,method=Main#main:1 <name=newX,type=int (id=7),value=<?>,index=31>
Variable Delete,method=Main#main:1 <name=newY,type=int (id=7),value=<?>,index=32>
Field Read,context=Main$Tuple:247,x
Field Read,context=Main,xDelta
Variable Write,context=Main#main:1,newX=8
Field Read,context=Main$Tuple:247,y
Field Read,context=Main,yDelta
Variable Write,context=Main#main:1,newY=3
Variable Delete,method=Main#main:1 <name=newX,type=int (id=7),value=<?>,index=31>
Variable Delete,method=Main#main:1 <name=newY,type=int (id=7),value=<?>,index=32>
Variable Delete,method=Main#main:1 <name=t,type=Main$Tuple (id=90),value=<?>,index=29>
Variable Delete,method=Main#main:1 <name=i,type=int (id=7),value=<?>,index=30>
Variable Write,context=Main#main:1,t=Main$Tuple:248
Variable Write,context=Main#main:1,i=0
Field Read,context=Main$Tuple:248,x
Field Read,context=Main,xDelta
Variable Write,context=Main#main:1,newX=8
Field Read,context=Main$Tuple:248,y
Field Read,context=Main,yDelta
Variable Write,context=Main#main:1,newY=2
Variable Write,context=Main#main:1,i=1
Variable Delete,method=Main#main:1 <name=newX,type=int (id=7),value=<?>,index=31>
Variable Delete,method=Main#main:1 <name=newY,type=int (id=7),value=<?>,index=32>
Field Read,context=Main$Tuple:248,x
Field Read,context=Main,xDelta
Variable Write,context=Main#main:1,newX=10
Field Read,context=Main$Tuple:248,y
Field Read,context=Main,yDelta
Variable Write,context=Main#main:1,newY=2
Variable Write,context=Main#main:1,g=int[][]:2
New Object,object=Main$Tuple:249
Method Call,caller=Main#main:1,target=Main$Tuple:249#Main$Tuple:249
Variable Write,context=Main$Tuple:249#Main$Tuple:249,x=10
Variable Write,context=Main$Tuple:249#Main$Tuple:249,y=2
Field Write,context=Main$Tuple:249,x=10
Field Write,context=Main$Tuple:249,y=2
Method Exit,returner=Main$Tuple:249#Main$Tuple:249,value=<void>
Variable Write,context=Main#main:1,i=2
Variable Delete,method=Main#main:1 <name=newX,type=int (id=7),value=<?>,index=31>
Variable Delete,method=Main#main:1 <name=newY,type=int (id=7),value=<?>,index=32>
Field Read,context=Main$Tuple:248,x
Field Read,context=Main,xDelta
Variable Write,context=Main#main:1,newX=9
Field Read,context=Main$Tuple:248,y
Field Read,context=Main,yDelta
Variable Write,context=Main#main:1,newY=1
Variable Write,context=Main#main:1,i=3
Variable Delete,method=Main#main:1 <name=newX,type=int (id=7),value=<?>,index=31>
Variable Delete,method=Main#main:1 <name=newY,type=int (id=7),value=<?>,index=32>
Field Read,context=Main$Tuple:248,x
Field Read,context=Main,xDelta
Variable Write,context=Main#main:1,newX=9
Field Read,context=Main$Tuple:248,y
Field Read,context=Main,yDelta
Variable Write,context=Main#main:1,newY=3
Variable Delete,method=Main#main:1 <name=newX,type=int (id=7),value=<?>,index=31>
Variable Delete,method=Main#main:1 <name=newY,type=int (id=7),value=<?>,index=32>
Variable Delete,method=Main#main:1 <name=t,type=Main$Tuple (id=90),value=<?>,index=29>
Variable Delete,method=Main#main:1 <name=i,type=int (id=7),value=<?>,index=30>
Variable Write,context=Main#main:1,t=Main$Tuple:249
Variable Write,context=Main#main:1,i=0
Field Read,context=Main$Tuple:249,x
Field Read,context=Main,xDelta
Variable Write,context=Main#main:1,newX=9
Field Read,context=Main$Tuple:249,y
Field Read,context=Main,yDelta
Variable Write,context=Main#main:1,newY=2
Variable Write,context=Main#main:1,i=1
Variable Delete,method=Main#main:1 <name=newX,type=int (id=7),value=<?>,index=31>
Variable Delete,method=Main#main:1 <name=newY,type=int (id=7),value=<?>,index=32>
Field Read,context=Main$Tuple:249,x
Field Read,context=Main,xDelta
Variable Write,context=Main#main:1,newX=11
Field Read,context=Main$Tuple:249,y
Field Read,context=Main,yDelta
Variable Write,context=Main#main:1,newY=2
Variable Write,context=Main#main:1,g=int[][]:2
New Object,object=Main$Tuple:250
Method Call,caller=Main#main:1,target=Main$Tuple:250#Main$Tuple:250
Variable Write,context=Main$Tuple:250#Main$Tuple:250,x=11
Variable Write,context=Main$Tuple:250#Main$Tuple:250,y=2
Field Write,context=Main$Tuple:250,x=11
Field Write,context=Main$Tuple:250,y=2
Method Exit,returner=Main$Tuple:250#Main$Tuple:250,value=<void>
Variable Write,context=Main#main:1,i=2
Variable Delete,method=Main#main:1 <name=newX,type=int (id=7),value=<?>,index=31>
Variable Delete,method=Main#main:1 <name=newY,type=int (id=7),value=<?>,index=32>
Field Read,context=Main$Tuple:249,x
Field Read,context=Main,xDelta
Variable Write,context=Main#main:1,newX=10
Field Read,context=Main$Tuple:249,y
Field Read,context=Main,yDelta
Variable Write,context=Main#main:1,newY=1
Variable Write,context=Main#main:1,i=3
Variable Delete,method=Main#main:1 <name=newX,type=int (id=7),value=<?>,index=31>
Variable Delete,method=Main#main:1 <name=newY,type=int (id=7),value=<?>,index=32>
Field Read,context=Main$Tuple:249,x
Field Read,context=Main,xDelta
Variable Write,context=Main#main:1,newX=10
Field Read,context=Main$Tuple:249,y
Field Read,context=Main,yDelta
Variable Write,context=Main#main:1,newY=3
Variable Delete,method=Main#main:1 <name=newX,type=int (id=7),value=<?>,index=31>
Variable Delete,method=Main#main:1 <name=newY,type=int (id=7),value=<?>,index=32>
Variable Delete,method=Main#main:1 <name=t,type=Main$Tuple (id=90),value=<?>,index=29>
Variable Delete,method=Main#main:1 <name=i,type=int (id=7),value=<?>,index=30>
Variable Write,context=Main#main:1,t=Main$Tuple:250
Variable Write,context=Main#main:1,i=0
Field Read,context=Main$Tuple:250,x
Field Read,context=Main,xDelta
Variable Write,context=Main#main:1,newX=10
Field Read,context=Main$Tuple:250,y
Field Read,context=Main,yDelta
Variable Write,context=Main#main:1,newY=2
Variable Write,context=Main#main:1,i=1
Variable Delete,method=Main#main:1 <name=newX,type=int (id=7),value=<?>,index=31>
Variable Delete,method=Main#main:1 <name=newY,type=int (id=7),value=<?>,index=32>
Field Read,context=Main$Tuple:250,x
Field Read,context=Main,xDelta
Variable Write,context=Main#main:1,newX=12
Field Read,context=Main$Tuple:250,y
Field Read,context=Main,yDelta
Variable Write,context=Main#main:1,newY=2
Variable Write,context=Main#main:1,g=int[][]:2
New Object,object=Main$Tuple:251
Method Call,caller=Main#main:1,target=Main$Tuple:251#Main$Tuple:251
Variable Write,context=Main$Tuple:251#Main$Tuple:251,x=12
Variable Write,context=Main$Tuple:251#Main$Tuple:251,y=2
Field Write,context=Main$Tuple:251,x=12
Field Write,context=Main$Tuple:251,y=2
Method Exit,returner=Main$Tuple:251#Main$Tuple:251,value=<void>
Variable Write,context=Main#main:1,i=2
Variable Delete,method=Main#main:1 <name=newX,type=int (id=7),value=<?>,index=31>
Variable Delete,method=Main#main:1 <name=newY,type=int (id=7),value=<?>,index=32>
Field Read,context=Main$Tuple:250,x
Field Read,context=Main,xDelta
Variable Write,context=Main#main:1,newX=11
Field Read,context=Main$Tuple:250,y
Field Read,context=Main,yDelta
Variable Write,context=Main#main:1,newY=1
Variable Write,context=Main#main:1,i=3
Variable Delete,method=Main#main:1 <name=newX,type=int (id=7),value=<?>,index=31>
Variable Delete,method=Main#main:1 <name=newY,type=int (id=7),value=<?>,index=32>
Field Read,context=Main$Tuple:250,x
Field Read,context=Main,xDelta
Variable Write,context=Main#main:1,newX=11
Field Read,context=Main$Tuple:250,y
Field Read,context=Main,yDelta
Variable Write,context=Main#main:1,newY=3
Variable Delete,method=Main#main:1 <name=newX,type=int (id=7),value=<?>,index=31>
Variable Delete,method=Main#main:1 <name=newY,type=int (id=7),value=<?>,index=32>
Variable Delete,method=Main#main:1 <name=t,type=Main$Tuple (id=90),value=<?>,index=29>
Variable Delete,method=Main#main:1 <name=i,type=int (id=7),value=<?>,index=30>
Variable Write,context=Main#main:1,t=Main$Tuple:251
Variable Write,context=Main#main:1,i=0
Field Read,context=Main$Tuple:251,x
Field Read,context=Main,xDelta
Variable Write,context=Main#main:1,newX=11
Field Read,context=Main$Tuple:251,y
Field Read,context=Main,yDelta
Variable Write,context=Main#main:1,newY=2
Variable Write,context=Main#main:1,i=1
Variable Delete,method=Main#main:1 <name=newX,type=int (id=7),value=<?>,index=31>
Variable Delete,method=Main#main:1 <name=newY,type=int (id=7),value=<?>,index=32>
Field Read,context=Main$Tuple:251,x
Field Read,context=Main,xDelta
Variable Write,context=Main#main:1,newX=13
Field Read,context=Main$Tuple:251,y
Field Read,context=Main,yDelta
Variable Write,context=Main#main:1,newY=2
Variable Write,context=Main#main:1,g=int[][]:2
New Object,object=Main$Tuple:252
Method Call,caller=Main#main:1,target=Main$Tuple:252#Main$Tuple:252
Variable Write,context=Main$Tuple:252#Main$Tuple:252,x=13
Variable Write,context=Main$Tuple:252#Main$Tuple:252,y=2
Field Write,context=Main$Tuple:252,x=13
Field Write,context=Main$Tuple:252,y=2
Method Exit,returner=Main$Tuple:252#Main$Tuple:252,value=<void>
Variable Write,context=Main#main:1,i=2
Variable Delete,method=Main#main:1 <name=newX,type=int (id=7),value=<?>,index=31>
Variable Delete,method=Main#main:1 <name=newY,type=int (id=7),value=<?>,index=32>
Field Read,context=Main$Tuple:251,x
Field Read,context=Main,xDelta
Variable Write,context=Main#main:1,newX=12
Field Read,context=Main$Tuple:251,y
Field Read,context=Main,yDelta
Variable Write,context=Main#main:1,newY=1
Variable Write,context=Main#main:1,i=3
Variable Delete,method=Main#main:1 <name=newX,type=int (id=7),value=<?>,index=31>
Variable Delete,method=Main#main:1 <name=newY,type=int (id=7),value=<?>,index=32>
Field Read,context=Main$Tuple:251,x
Field Read,context=Main,xDelta
Variable Write,context=Main#main:1,newX=12
Field Read,context=Main$Tuple:251,y
Field Read,context=Main,yDelta
Variable Write,context=Main#main:1,newY=3
Variable Delete,method=Main#main:1 <name=newX,type=int (id=7),value=<?>,index=31>
Variable Delete,method=Main#main:1 <name=newY,type=int (id=7),value=<?>,index=32>
Variable Delete,method=Main#main:1 <name=t,type=Main$Tuple (id=90),value=<?>,index=29>
Variable Delete,method=Main#main:1 <name=i,type=int (id=7),value=<?>,index=30>
Variable Write,context=Main#main:1,t=Main$Tuple:252
Variable Write,context=Main#main:1,i=0
Field Read,context=Main$Tuple:252,x
Field Read,context=Main,xDelta
Variable Write,context=Main#main:1,newX=12
Field Read,context=Main$Tuple:252,y
Field Read,context=Main,yDelta
Variable Write,context=Main#main:1,newY=2
Variable Write,context=Main#main:1,i=1
Variable Delete,method=Main#main:1 <name=newX,type=int (id=7),value=<?>,index=31>
Variable Delete,method=Main#main:1 <name=newY,type=int (id=7),value=<?>,index=32>
Field Read,context=Main$Tuple:252,x
Field Read,context=Main,xDelta
Variable Write,context=Main#main:1,newX=14
Field Read,context=Main$Tuple:252,y
Field Read,context=Main,yDelta
Variable Write,context=Main#main:1,newY=2
Variable Write,context=Main#main:1,g=int[][]:2
New Object,object=Main$Tuple:253
Method Call,caller=Main#main:1,target=Main$Tuple:253#Main$Tuple:253
Variable Write,context=Main$Tuple:253#Main$Tuple:253,x=14
Variable Write,context=Main$Tuple:253#Main$Tuple:253,y=2
Field Write,context=Main$Tuple:253,x=14
Field Write,context=Main$Tuple:253,y=2
Method Exit,returner=Main$Tuple:253#Main$Tuple:253,value=<void>
Variable Write,context=Main#main:1,i=2
Variable Delete,method=Main#main:1 <name=newX,type=int (id=7),value=<?>,index=31>
Variable Delete,method=Main#main:1 <name=newY,type=int (id=7),value=<?>,index=32>
Field Read,context=Main$Tuple:252,x
Field Read,context=Main,xDelta
Variable Write,context=Main#main:1,newX=13
Field Read,context=Main$Tuple:252,y
Field Read,context=Main,yDelta
Variable Write,context=Main#main:1,newY=1
Variable Write,context=Main#main:1,i=3
Variable Delete,method=Main#main:1 <name=newX,type=int (id=7),value=<?>,index=31>
Variable Delete,method=Main#main:1 <name=newY,type=int (id=7),value=<?>,index=32>
Field Read,context=Main$Tuple:252,x
Field Read,context=Main,xDelta
Variable Write,context=Main#main:1,newX=13
Field Read,context=Main$Tuple:252,y
Field Read,context=Main,yDelta
Variable Write,context=Main#main:1,newY=3
Variable Delete,method=Main#main:1 <name=newX,type=int (id=7),value=<?>,index=31>
Variable Delete,method=Main#main:1 <name=newY,type=int (id=7),value=<?>,index=32>
Variable Delete,method=Main#main:1 <name=t,type=Main$Tuple (id=90),value=<?>,index=29>
Variable Delete,method=Main#main:1 <name=i,type=int (id=7),value=<?>,index=30>
Variable Write,context=Main#main:1,t=Main$Tuple:253
Variable Write,context=Main#main:1,i=0
Field Read,context=Main$Tuple:253,x
Field Read,context=Main,xDelta
Variable Write,context=Main#main:1,newX=13
Field Read,context=Main$Tuple:253,y
Field Read,context=Main,yDelta
Variable Write,context=Main#main:1,newY=2
Variable Write,context=Main#main:1,i=1
Variable Delete,method=Main#main:1 <name=newX,type=int (id=7),value=<?>,index=31>
Variable Delete,method=Main#main:1 <name=newY,type=int (id=7),value=<?>,index=32>
Field Read,context=Main$Tuple:253,x
Field Read,context=Main,xDelta
Variable Write,context=Main#main:1,newX=15
Field Read,context=Main$Tuple:253,y
Field Read,context=Main,yDelta
Variable Write,context=Main#main:1,newY=2
Variable Write,context=Main#main:1,i=2
Variable Delete,method=Main#main:1 <name=newX,type=int (id=7),value=<?>,index=31>
Variable Delete,method=Main#main:1 <name=newY,type=int (id=7),value=<?>,index=32>
Field Read,context=Main$Tuple:253,x
Field Read,context=Main,xDelta
Variable Write,context=Main#main:1,newX=14
Field Read,context=Main$Tuple:253,y
Field Read,context=Main,yDelta
Variable Write,context=Main#main:1,newY=1
Variable Write,context=Main#main:1,i=3
Variable Delete,method=Main#main:1 <name=newX,type=int (id=7),value=<?>,index=31>
Variable Delete,method=Main#main:1 <name=newY,type=int (id=7),value=<?>,index=32>
Field Read,context=Main$Tuple:253,x
Field Read,context=Main,xDelta
Variable Write,context=Main#main:1,newX=14
Field Read,context=Main$Tuple:253,y
Field Read,context=Main,yDelta
Variable Write,context=Main#main:1,newY=3
Variable Delete,method=Main#main:1 <name=newX,type=int (id=7),value=<?>,index=31>
Variable Delete,method=Main#main:1 <name=newY,type=int (id=7),value=<?>,index=32>
Variable Delete,method=Main#main:1 <name=t,type=Main$Tuple (id=90),value=<?>,index=29>
Variable Delete,method=Main#main:1 <name=i,type=int (id=7),value=<?>,index=30>
Variable Write,context=Main#main:1,y=3
Variable Delete,method=Main#main:1 <name=p,type=Main$Tuple (id=90),value=<?>,index=27>
Variable Delete,method=Main#main:1 <name=q,type=java.util.Queue (unresolved),value=<?>,index=28>
Variable Write,context=Main#main:1,y=4
Variable Write,context=Main#main:1,y=5
Variable Write,context=Main#main:1,y=6
Variable Write,context=Main#main:1,y=7
Variable Write,context=Main#main:1,y=8
Variable Write,context=Main#main:1,y=9
Variable Write,context=Main#main:1,y=10
Variable Write,context=Main#main:1,y=11
Variable Write,context=Main#main:1,y=12
Variable Write,context=Main#main:1,y=13
Variable Write,context=Main#main:1,y=14
Variable Write,context=Main#main:1,x=7
Variable Delete,method=Main#main:1 <name=y,type=int (id=7),value=<?>,index=26>
Variable Write,context=Main#main:1,y=0
Variable Write,context=Main#main:1,y=1
Variable Write,context=Main#main:1,y=2
Variable Write,context=Main#main:1,y=3
Variable Write,context=Main#main:1,y=4
Variable Write,context=Main#main:1,y=5
Variable Write,context=Main#main:1,y=6
Variable Write,context=Main#main:1,y=7
Variable Write,context=Main#main:1,y=8
Variable Write,context=Main#main:1,y=9
Variable Write,context=Main#main:1,y=10
Variable Write,context=Main#main:1,y=11
Variable Write,context=Main#main:1,y=12
Variable Write,context=Main#main:1,y=13
Variable Write,context=Main#main:1,y=14
Variable Write,context=Main#main:1,x=8
Variable Delete,method=Main#main:1 <name=y,type=int (id=7),value=<?>,index=26>
Variable Write,context=Main#main:1,y=0
Variable Write,context=Main#main:1,y=1
Variable Write,context=Main#main:1,y=2
Variable Write,context=Main#main:1,y=3
Variable Write,context=Main#main:1,y=4
Variable Write,context=Main#main:1,y=5
Variable Write,context=Main#main:1,y=6
Variable Write,context=Main#main:1,g=int[][]:2
New Object,object=Main$Tuple:254
Method Call,caller=Main#main:1,target=Main$Tuple:254#Main$Tuple:254
Variable Write,context=Main$Tuple:254#Main$Tuple:254,x=8
Variable Write,context=Main$Tuple:254#Main$Tuple:254,y=6
Field Write,context=Main$Tuple:254,x=8
Field Write,context=Main$Tuple:254,y=6
Method Exit,returner=Main$Tuple:254#Main$Tuple:254,value=<void>
Variable Write,context=Main#main:1,p=Main$Tuple:254
Variable Write,context=Main#main:1,regions=5
Variable Write,context=Main#main:1,q=java.util.ArrayDeque (id=689)
Variable Write,context=Main#main:1,t=Main$Tuple:254
Variable Write,context=Main#main:1,i=0
Field Read,context=Main$Tuple:254,x
Field Read,context=Main,xDelta
Variable Write,context=Main#main:1,newX=7
Field Read,context=Main$Tuple:254,y
Field Read,context=Main,yDelta
Variable Write,context=Main#main:1,newY=6
Variable Write,context=Main#main:1,i=1
Variable Delete,method=Main#main:1 <name=newX,type=int (id=7),value=<?>,index=31>
Variable Delete,method=Main#main:1 <name=newY,type=int (id=7),value=<?>,index=32>
Field Read,context=Main$Tuple:254,x
Field Read,context=Main,xDelta
Variable Write,context=Main#main:1,newX=9
Field Read,context=Main$Tuple:254,y
Field Read,context=Main,yDelta
Variable Write,context=Main#main:1,newY=6
Variable Write,context=Main#main:1,g=int[][]:2
New Object,object=Main$Tuple:255
Method Call,caller=Main#main:1,target=Main$Tuple:255#Main$Tuple:255
Variable Write,context=Main$Tuple:255#Main$Tuple:255,x=9
Variable Write,context=Main$Tuple:255#Main$Tuple:255,y=6
Field Write,context=Main$Tuple:255,x=9
Field Write,context=Main$Tuple:255,y=6
Method Exit,returner=Main$Tuple:255#Main$Tuple:255,value=<void>
Variable Write,context=Main#main:1,i=2
Variable Delete,method=Main#main:1 <name=newX,type=int (id=7),value=<?>,index=31>
Variable Delete,method=Main#main:1 <name=newY,type=int (id=7),value=<?>,index=32>
Field Read,context=Main$Tuple:254,x
Field Read,context=Main,xDelta
Variable Write,context=Main#main:1,newX=8
Field Read,context=Main$Tuple:254,y
Field Read,context=Main,yDelta
Variable Write,context=Main#main:1,newY=5
Variable Write,context=Main#main:1,i=3
Variable Delete,method=Main#main:1 <name=newX,type=int (id=7),value=<?>,index=31>
Variable Delete,method=Main#main:1 <name=newY,type=int (id=7),value=<?>,index=32>
Field Read,context=Main$Tuple:254,x
Field Read,context=Main,xDelta
Variable Write,context=Main#main:1,newX=8
Field Read,context=Main$Tuple:254,y
Field Read,context=Main,yDelta
Variable Write,context=Main#main:1,newY=7
Variable Delete,method=Main#main:1 <name=newX,type=int (id=7),value=<?>,index=31>
Variable Delete,method=Main#main:1 <name=newY,type=int (id=7),value=<?>,index=32>
Variable Delete,method=Main#main:1 <name=t,type=Main$Tuple (id=90),value=<?>,index=29>
Variable Delete,method=Main#main:1 <name=i,type=int (id=7),value=<?>,index=30>
Variable Write,context=Main#main:1,t=Main$Tuple:255
Variable Write,context=Main#main:1,i=0
Field Read,context=Main$Tuple:255,x
Field Read,context=Main,xDelta
Variable Write,context=Main#main:1,newX=8
Field Read,context=Main$Tuple:255,y
Field Read,context=Main,yDelta
Variable Write,context=Main#main:1,newY=6
Variable Write,context=Main#main:1,i=1
Variable Delete,method=Main#main:1 <name=newX,type=int (id=7),value=<?>,index=31>
Variable Delete,method=Main#main:1 <name=newY,type=int (id=7),value=<?>,index=32>
Field Read,context=Main$Tuple:255,x
Field Read,context=Main,xDelta
Variable Write,context=Main#main:1,newX=10
Field Read,context=Main$Tuple:255,y
Field Read,context=Main,yDelta
Variable Write,context=Main#main:1,newY=6
Variable Write,context=Main#main:1,g=int[][]:2
New Object,object=Main$Tuple:256
Method Call,caller=Main#main:1,target=Main$Tuple:256#Main$Tuple:256
Variable Write,context=Main$Tuple:256#Main$Tuple:256,x=10
Variable Write,context=Main$Tuple:256#Main$Tuple:256,y=6
Field Write,context=Main$Tuple:256,x=10
Field Write,context=Main$Tuple:256,y=6
Method Exit,returner=Main$Tuple:256#Main$Tuple:256,value=<void>
Variable Write,context=Main#main:1,i=2
Variable Delete,method=Main#main:1 <name=newX,type=int (id=7),value=<?>,index=31>
Variable Delete,method=Main#main:1 <name=newY,type=int (id=7),value=<?>,index=32>
Field Read,context=Main$Tuple:255,x
Field Read,context=Main,xDelta
Variable Write,context=Main#main:1,newX=9
Field Read,context=Main$Tuple:255,y
Field Read,context=Main,yDelta
Variable Write,context=Main#main:1,newY=5
Variable Write,context=Main#main:1,i=3
Variable Delete,method=Main#main:1 <name=newX,type=int (id=7),value=<?>,index=31>
Variable Delete,method=Main#main:1 <name=newY,type=int (id=7),value=<?>,index=32>
Field Read,context=Main$Tuple:255,x
Field Read,context=Main,xDelta
Variable Write,context=Main#main:1,newX=9
Field Read,context=Main$Tuple:255,y
Field Read,context=Main,yDelta
Variable Write,context=Main#main:1,newY=7
Variable Delete,method=Main#main:1 <name=newX,type=int (id=7),value=<?>,index=31>
Variable Delete,method=Main#main:1 <name=newY,type=int (id=7),value=<?>,index=32>
Variable Delete,method=Main#main:1 <name=t,type=Main$Tuple (id=90),value=<?>,index=29>
Variable Delete,method=Main#main:1 <name=i,type=int (id=7),value=<?>,index=30>
Variable Write,context=Main#main:1,t=Main$Tuple:256
Variable Write,context=Main#main:1,i=0
Field Read,context=Main$Tuple:256,x
Field Read,context=Main,xDelta
Variable Write,context=Main#main:1,newX=9
Field Read,context=Main$Tuple:256,y
Field Read,context=Main,yDelta
Variable Write,context=Main#main:1,newY=6
Variable Write,context=Main#main:1,i=1
Variable Delete,method=Main#main:1 <name=newX,type=int (id=7),value=<?>,index=31>
Variable Delete,method=Main#main:1 <name=newY,type=int (id=7),value=<?>,index=32>
Field Read,context=Main$Tuple:256,x
Field Read,context=Main,xDelta
Variable Write,context=Main#main:1,newX=11
Field Read,context=Main$Tuple:256,y
Field Read,context=Main,yDelta
Variable Write,context=Main#main:1,newY=6
Variable Write,context=Main#main:1,i=2
Variable Delete,method=Main#main:1 <name=newX,type=int (id=7),value=<?>,index=31>
Variable Delete,method=Main#main:1 <name=newY,type=int (id=7),value=<?>,index=32>
Field Read,context=Main$Tuple:256,x
Field Read,context=Main,xDelta
Variable Write,context=Main#main:1,newX=10
Field Read,context=Main$Tuple:256,y
Field Read,context=Main,yDelta
Variable Write,context=Main#main:1,newY=5
Variable Write,context=Main#main:1,i=3
Variable Delete,method=Main#main:1 <name=newX,type=int (id=7),value=<?>,index=31>
Variable Delete,method=Main#main:1 <name=newY,type=int (id=7),value=<?>,index=32>
Field Read,context=Main$Tuple:256,x
Field Read,context=Main,xDelta
Variable Write,context=Main#main:1,newX=10
Field Read,context=Main$Tuple:256,y
Field Read,context=Main,yDelta
Variable Write,context=Main#main:1,newY=7
Variable Delete,method=Main#main:1 <name=newX,type=int (id=7),value=<?>,index=31>
Variable Delete,method=Main#main:1 <name=newY,type=int (id=7),value=<?>,index=32>
Variable Delete,method=Main#main:1 <name=t,type=Main$Tuple (id=90),value=<?>,index=29>
Variable Delete,method=Main#main:1 <name=i,type=int (id=7),value=<?>,index=30>
Variable Write,context=Main#main:1,y=7
Variable Delete,method=Main#main:1 <name=p,type=Main$Tuple (id=90),value=<?>,index=27>
Variable Delete,method=Main#main:1 <name=q,type=java.util.Queue (unresolved),value=<?>,index=28>
Variable Write,context=Main#main:1,y=8
Variable Write,context=Main#main:1,y=9
Variable Write,context=Main#main:1,y=10
Variable Write,context=Main#main:1,y=11
Variable Write,context=Main#main:1,y=12
Variable Write,context=Main#main:1,y=13
Variable Write,context=Main#main:1,y=14
Variable Write,context=Main#main:1,x=9
Variable Delete,method=Main#main:1 <name=y,type=int (id=7),value=<?>,index=26>
Variable Write,context=Main#main:1,y=0
Variable Write,context=Main#main:1,y=1
Variable Write,context=Main#main:1,y=2
Variable Write,context=Main#main:1,y=3
Variable Write,context=Main#main:1,y=4
Variable Write,context=Main#main:1,y=5
Variable Write,context=Main#main:1,y=6
Variable Write,context=Main#main:1,y=7
Variable Write,context=Main#main:1,y=8
Variable Write,context=Main#main:1,y=9
Variable Write,context=Main#main:1,y=10
Variable Write,context=Main#main:1,y=11
Variable Write,context=Main#main:1,y=12
Variable Write,context=Main#main:1,y=13
Variable Write,context=Main#main:1,y=14
Variable Write,context=Main#main:1,x=10
Variable Delete,method=Main#main:1 <name=y,type=int (id=7),value=<?>,index=26>
Variable Write,context=Main#main:1,y=0
Variable Write,context=Main#main:1,y=1
Variable Write,context=Main#main:1,y=2
Variable Write,context=Main#main:1,y=3
Variable Write,context=Main#main:1,y=4
Variable Write,context=Main#main:1,y=5
Variable Write,context=Main#main:1,y=6
Variable Write,context=Main#main:1,y=7
Variable Write,context=Main#main:1,y=8
Variable Write,context=Main#main:1,y=9
Variable Write,context=Main#main:1,y=10
Variable Write,context=Main#main:1,g=int[][]:2
New Object,object=Main$Tuple:257
Method Call,caller=Main#main:1,target=Main$Tuple:257#Main$Tuple:257
Variable Write,context=Main$Tuple:257#Main$Tuple:257,x=10
Variable Write,context=Main$Tuple:257#Main$Tuple:257,y=10
Field Write,context=Main$Tuple:257,x=10
Field Write,context=Main$Tuple:257,y=10
Method Exit,returner=Main$Tuple:257#Main$Tuple:257,value=<void>
Variable Write,context=Main#main:1,p=Main$Tuple:257
Variable Write,context=Main#main:1,regions=6
Variable Write,context=Main#main:1,q=java.util.ArrayDeque (id=693)
Variable Write,context=Main#main:1,t=Main$Tuple:257
Variable Write,context=Main#main:1,i=0
Field Read,context=Main$Tuple:257,x
Field Read,context=Main,xDelta
Variable Write,context=Main#main:1,newX=9
Field Read,context=Main$Tuple:257,y
Field Read,context=Main,yDelta
Variable Write,context=Main#main:1,newY=10
Variable Write,context=Main#main:1,i=1
Variable Delete,method=Main#main:1 <name=newX,type=int (id=7),value=<?>,index=31>
Variable Delete,method=Main#main:1 <name=newY,type=int (id=7),value=<?>,index=32>
Field Read,context=Main$Tuple:257,x
Field Read,context=Main,xDelta
Variable Write,context=Main#main:1,newX=11
Field Read,context=Main$Tuple:257,y
Field Read,context=Main,yDelta
Variable Write,context=Main#main:1,newY=10
Variable Write,context=Main#main:1,g=int[][]:2
New Object,object=Main$Tuple:258
Method Call,caller=Main#main:1,target=Main$Tuple:258#Main$Tuple:258
Variable Write,context=Main$Tuple:258#Main$Tuple:258,x=11
Variable Write,context=Main$Tuple:258#Main$Tuple:258,y=10
Field Write,context=Main$Tuple:258,x=11
Field Write,context=Main$Tuple:258,y=10
Method Exit,returner=Main$Tuple:258#Main$Tuple:258,value=<void>
Variable Write,context=Main#main:1,i=2
Variable Delete,method=Main#main:1 <name=newX,type=int (id=7),value=<?>,index=31>
Variable Delete,method=Main#main:1 <name=newY,type=int (id=7),value=<?>,index=32>
Field Read,context=Main$Tuple:257,x
Field Read,context=Main,xDelta
Variable Write,context=Main#main:1,newX=10
Field Read,context=Main$Tuple:257,y
Field Read,context=Main,yDelta
Variable Write,context=Main#main:1,newY=9
Variable Write,context=Main#main:1,i=3
Variable Delete,method=Main#main:1 <name=newX,type=int (id=7),value=<?>,index=31>
Variable Delete,method=Main#main:1 <name=newY,type=int (id=7),value=<?>,index=32>
Field Read,context=Main$Tuple:257,x
Field Read,context=Main,xDelta
Variable Write,context=Main#main:1,newX=10
Field Read,context=Main$Tuple:257,y
Field Read,context=Main,yDelta
Variable Write,context=Main#main:1,newY=11
Variable Write,context=Main#main:1,g=int[][]:2
New Object,object=Main$Tuple:259
Method Call,caller=Main#main:1,target=Main$Tuple:259#Main$Tuple:259
Variable Write,context=Main$Tuple:259#Main$Tuple:259,x=10
Variable Write,context=Main$Tuple:259#Main$Tuple:259,y=11
Field Write,context=Main$Tuple:259,x=10
Field Write,context=Main$Tuple:259,y=11
Method Exit,returner=Main$Tuple:259#Main$Tuple:259,value=<void>
Variable Delete,method=Main#main:1 <name=newX,type=int (id=7),value=<?>,index=31>
Variable Delete,method=Main#main:1 <name=newY,type=int (id=7),value=<?>,index=32>
Variable Delete,method=Main#main:1 <name=t,type=Main$Tuple (id=90),value=<?>,index=29>
Variable Delete,method=Main#main:1 <name=i,type=int (id=7),value=<?>,index=30>
Variable Write,context=Main#main:1,t=Main$Tuple:258
Variable Write,context=Main#main:1,i=0
Field Read,context=Main$Tuple:258,x
Field Read,context=Main,xDelta
Variable Write,context=Main#main:1,newX=10
Field Read,context=Main$Tuple:258,y
Field Read,context=Main,yDelta
Variable Write,context=Main#main:1,newY=10
Variable Write,context=Main#main:1,i=1
Variable Delete,method=Main#main:1 <name=newX,type=int (id=7),value=<?>,index=31>
Variable Delete,method=Main#main:1 <name=newY,type=int (id=7),value=<?>,index=32>
Field Read,context=Main$Tuple:258,x
Field Read,context=Main,xDelta
Variable Write,context=Main#main:1,newX=12
Field Read,context=Main$Tuple:258,y
Field Read,context=Main,yDelta
Variable Write,context=Main#main:1,newY=10
Variable Write,context=Main#main:1,g=int[][]:2
New Object,object=Main$Tuple:260
Method Call,caller=Main#main:1,target=Main$Tuple:260#Main$Tuple:260
Variable Write,context=Main$Tuple:260#Main$Tuple:260,x=12
Variable Write,context=Main$Tuple:260#Main$Tuple:260,y=10
Field Write,context=Main$Tuple:260,x=12
Field Write,context=Main$Tuple:260,y=10
Method Exit,returner=Main$Tuple:260#Main$Tuple:260,value=<void>
Variable Write,context=Main#main:1,i=2
Variable Delete,method=Main#main:1 <name=newX,type=int (id=7),value=<?>,index=31>
Variable Delete,method=Main#main:1 <name=newY,type=int (id=7),value=<?>,index=32>
Field Read,context=Main$Tuple:258,x
Field Read,context=Main,xDelta
Variable Write,context=Main#main:1,newX=11
Field Read,context=Main$Tuple:258,y
Field Read,context=Main,yDelta
Variable Write,context=Main#main:1,newY=9
Variable Write,context=Main#main:1,i=3
Variable Delete,method=Main#main:1 <name=newX,type=int (id=7),value=<?>,index=31>
Variable Delete,method=Main#main:1 <name=newY,type=int (id=7),value=<?>,index=32>
Field Read,context=Main$Tuple:258,x
Field Read,context=Main,xDelta
Variable Write,context=Main#main:1,newX=11
Field Read,context=Main$Tuple:258,y
Field Read,context=Main,yDelta
Variable Write,context=Main#main:1,newY=11
Variable Write,context=Main#main:1,g=int[][]:2
New Object,object=Main$Tuple:261
Method Call,caller=Main#main:1,target=Main$Tuple:261#Main$Tuple:261
Variable Write,context=Main$Tuple:261#Main$Tuple:261,x=11
Variable Write,context=Main$Tuple:261#Main$Tuple:261,y=11
Field Write,context=Main$Tuple:261,x=11
Field Write,context=Main$Tuple:261,y=11
Method Exit,returner=Main$Tuple:261#Main$Tuple:261,value=<void>
Variable Delete,method=Main#main:1 <name=newX,type=int (id=7),value=<?>,index=31>
Variable Delete,method=Main#main:1 <name=newY,type=int (id=7),value=<?>,index=32>
Variable Delete,method=Main#main:1 <name=t,type=Main$Tuple (id=90),value=<?>,index=29>
Variable Delete,method=Main#main:1 <name=i,type=int (id=7),value=<?>,index=30>
Variable Write,context=Main#main:1,t=Main$Tuple:259
Variable Write,context=Main#main:1,i=0
Field Read,context=Main$Tuple:259,x
Field Read,context=Main,xDelta
Variable Write,context=Main#main:1,newX=9
Field Read,context=Main$Tuple:259,y
Field Read,context=Main,yDelta
Variable Write,context=Main#main:1,newY=11
Variable Write,context=Main#main:1,i=1
Variable Delete,method=Main#main:1 <name=newX,type=int (id=7),value=<?>,index=31>
Variable Delete,method=Main#main:1 <name=newY,type=int (id=7),value=<?>,index=32>
Field Read,context=Main$Tuple:259,x
Field Read,context=Main,xDelta
Variable Write,context=Main#main:1,newX=11
Field Read,context=Main$Tuple:259,y
Field Read,context=Main,yDelta
Variable Write,context=Main#main:1,newY=11
Variable Write,context=Main#main:1,i=2
Variable Delete,method=Main#main:1 <name=newX,type=int (id=7),value=<?>,index=31>
Variable Delete,method=Main#main:1 <name=newY,type=int (id=7),value=<?>,index=32>
Field Read,context=Main$Tuple:259,x
Field Read,context=Main,xDelta
Variable Write,context=Main#main:1,newX=10
Field Read,context=Main$Tuple:259,y
Field Read,context=Main,yDelta
Variable Write,context=Main#main:1,newY=10
Variable Write,context=Main#main:1,i=3
Variable Delete,method=Main#main:1 <name=newX,type=int (id=7),value=<?>,index=31>
Variable Delete,method=Main#main:1 <name=newY,type=int (id=7),value=<?>,index=32>
Field Read,context=Main$Tuple:259,x
Field Read,context=Main,xDelta
Variable Write,context=Main#main:1,newX=10
Field Read,context=Main$Tuple:259,y
Field Read,context=Main,yDelta
Variable Write,context=Main#main:1,newY=12
Variable Write,context=Main#main:1,g=int[][]:2
New Object,object=Main$Tuple:262
Method Call,caller=Main#main:1,target=Main$Tuple:262#Main$Tuple:262
Variable Write,context=Main$Tuple:262#Main$Tuple:262,x=10
Variable Write,context=Main$Tuple:262#Main$Tuple:262,y=12
Field Write,context=Main$Tuple:262,x=10
Field Write,context=Main$Tuple:262,y=12
Method Exit,returner=Main$Tuple:262#Main$Tuple:262,value=<void>
Variable Delete,method=Main#main:1 <name=newX,type=int (id=7),value=<?>,index=31>
Variable Delete,method=Main#main:1 <name=newY,type=int (id=7),value=<?>,index=32>
Variable Delete,method=Main#main:1 <name=t,type=Main$Tuple (id=90),value=<?>,index=29>
Variable Delete,method=Main#main:1 <name=i,type=int (id=7),value=<?>,index=30>
Variable Write,context=Main#main:1,t=Main$Tuple:260
Variable Write,context=Main#main:1,i=0
Field Read,context=Main$Tuple:260,x
Field Read,context=Main,xDelta
Variable Write,context=Main#main:1,newX=11
Field Read,context=Main$Tuple:260,y
Field Read,context=Main,yDelta
Variable Write,context=Main#main:1,newY=10
Variable Write,context=Main#main:1,i=1
Variable Delete,method=Main#main:1 <name=newX,type=int (id=7),value=<?>,index=31>
Variable Delete,method=Main#main:1 <name=newY,type=int (id=7),value=<?>,index=32>
Field Read,context=Main$Tuple:260,x
Field Read,context=Main,xDelta
Variable Write,context=Main#main:1,newX=13
Field Read,context=Main$Tuple:260,y
Field Read,context=Main,yDelta
Variable Write,context=Main#main:1,newY=10
Variable Write,context=Main#main:1,i=2
Variable Delete,method=Main#main:1 <name=newX,type=int (id=7),value=<?>,index=31>
Variable Delete,method=Main#main:1 <name=newY,type=int (id=7),value=<?>,index=32>
Field Read,context=Main$Tuple:260,x
Field Read,context=Main,xDelta
Variable Write,context=Main#main:1,newX=12
Field Read,context=Main$Tuple:260,y
Field Read,context=Main,yDelta
Variable Write,context=Main#main:1,newY=9
Variable Write,context=Main#main:1,i=3
Variable Delete,method=Main#main:1 <name=newX,type=int (id=7),value=<?>,index=31>
Variable Delete,method=Main#main:1 <name=newY,type=int (id=7),value=<?>,index=32>
Field Read,context=Main$Tuple:260,x
Field Read,context=Main,xDelta
Variable Write,context=Main#main:1,newX=12
Field Read,context=Main$Tuple:260,y
Field Read,context=Main,yDelta
Variable Write,context=Main#main:1,newY=11
Variable Write,context=Main#main:1,g=int[][]:2
New Object,object=Main$Tuple:263
Method Call,caller=Main#main:1,target=Main$Tuple:263#Main$Tuple:263
Variable Write,context=Main$Tuple:263#Main$Tuple:263,x=12
Variable Write,context=Main$Tuple:263#Main$Tuple:263,y=11
Field Write,context=Main$Tuple:263,x=12
Field Write,context=Main$Tuple:263,y=11
Method Exit,returner=Main$Tuple:263#Main$Tuple:263,value=<void>
Variable Delete,method=Main#main:1 <name=newX,type=int (id=7),value=<?>,index=31>
Variable Delete,method=Main#main:1 <name=newY,type=int (id=7),value=<?>,index=32>
Variable Delete,method=Main#main:1 <name=t,type=Main$Tuple (id=90),value=<?>,index=29>
Variable Delete,method=Main#main:1 <name=i,type=int (id=7),value=<?>,index=30>
Variable Write,context=Main#main:1,t=Main$Tuple:261
Variable Write,context=Main#main:1,i=0
Field Read,context=Main$Tuple:261,x
Field Read,context=Main,xDelta
Variable Write,context=Main#main:1,newX=10
Field Read,context=Main$Tuple:261,y
Field Read,context=Main,yDelta
Variable Write,context=Main#main:1,newY=11
Variable Write,context=Main#main:1,i=1
Variable Delete,method=Main#main:1 <name=newX,type=int (id=7),value=<?>,index=31>
Variable Delete,method=Main#main:1 <name=newY,type=int (id=7),value=<?>,index=32>
Field Read,context=Main$Tuple:261,x
Field Read,context=Main,xDelta
Variable Write,context=Main#main:1,newX=12
Field Read,context=Main$Tuple:261,y
Field Read,context=Main,yDelta
Variable Write,context=Main#main:1,newY=11
Variable Write,context=Main#main:1,i=2
Variable Delete,method=Main#main:1 <name=newX,type=int (id=7),value=<?>,index=31>
Variable Delete,method=Main#main:1 <name=newY,type=int (id=7),value=<?>,index=32>
Field Read,context=Main$Tuple:261,x
Field Read,context=Main,xDelta
Variable Write,context=Main#main:1,newX=11
Field Read,context=Main$Tuple:261,y
Field Read,context=Main,yDelta
Variable Write,context=Main#main:1,newY=10
Variable Write,context=Main#main:1,i=3
Variable Delete,method=Main#main:1 <name=newX,type=int (id=7),value=<?>,index=31>
Variable Delete,method=Main#main:1 <name=newY,type=int (id=7),value=<?>,index=32>
Field Read,context=Main$Tuple:261,x
Field Read,context=Main,xDelta
Variable Write,context=Main#main:1,newX=11
Field Read,context=Main$Tuple:261,y
Field Read,context=Main,yDelta
Variable Write,context=Main#main:1,newY=12
Variable Write,context=Main#main:1,g=int[][]:2
New Object,object=Main$Tuple:264
Method Call,caller=Main#main:1,target=Main$Tuple:264#Main$Tuple:264
Variable Write,context=Main$Tuple:264#Main$Tuple:264,x=11
Variable Write,context=Main$Tuple:264#Main$Tuple:264,y=12
Field Write,context=Main$Tuple:264,x=11
Field Write,context=Main$Tuple:264,y=12
Method Exit,returner=Main$Tuple:264#Main$Tuple:264,value=<void>
Variable Delete,method=Main#main:1 <name=newX,type=int (id=7),value=<?>,index=31>
Variable Delete,method=Main#main:1 <name=newY,type=int (id=7),value=<?>,index=32>
Variable Delete,method=Main#main:1 <name=t,type=Main$Tuple (id=90),value=<?>,index=29>
Variable Delete,method=Main#main:1 <name=i,type=int (id=7),value=<?>,index=30>
Variable Write,context=Main#main:1,t=Main$Tuple:262
Variable Write,context=Main#main:1,i=0
Field Read,context=Main$Tuple:262,x
Field Read,context=Main,xDelta
Variable Write,context=Main#main:1,newX=9
Field Read,context=Main$Tuple:262,y
Field Read,context=Main,yDelta
Variable Write,context=Main#main:1,newY=12
Variable Write,context=Main#main:1,i=1
Variable Delete,method=Main#main:1 <name=newX,type=int (id=7),value=<?>,index=31>
Variable Delete,method=Main#main:1 <name=newY,type=int (id=7),value=<?>,index=32>
Field Read,context=Main$Tuple:262,x
Field Read,context=Main,xDelta
Variable Write,context=Main#main:1,newX=11
Field Read,context=Main$Tuple:262,y
Field Read,context=Main,yDelta
Variable Write,context=Main#main:1,newY=12
Variable Write,context=Main#main:1,i=2
Variable Delete,method=Main#main:1 <name=newX,type=int (id=7),value=<?>,index=31>
Variable Delete,method=Main#main:1 <name=newY,type=int (id=7),value=<?>,index=32>
Field Read,context=Main$Tuple:262,x
Field Read,context=Main,xDelta
Variable Write,context=Main#main:1,newX=10
Field Read,context=Main$Tuple:262,y
Field Read,context=Main,yDelta
Variable Write,context=Main#main:1,newY=11
Variable Write,context=Main#main:1,i=3
Variable Delete,method=Main#main:1 <name=newX,type=int (id=7),value=<?>,index=31>
Variable Delete,method=Main#main:1 <name=newY,type=int (id=7),value=<?>,index=32>
Field Read,context=Main$Tuple:262,x
Field Read,context=Main,xDelta
Variable Write,context=Main#main:1,newX=10
Field Read,context=Main$Tuple:262,y
Field Read,context=Main,yDelta
Variable Write,context=Main#main:1,newY=13
Variable Delete,method=Main#main:1 <name=newX,type=int (id=7),value=<?>,index=31>
Variable Delete,method=Main#main:1 <name=newY,type=int (id=7),value=<?>,index=32>
Variable Delete,method=Main#main:1 <name=t,type=Main$Tuple (id=90),value=<?>,index=29>
Variable Delete,method=Main#main:1 <name=i,type=int (id=7),value=<?>,index=30>
Variable Write,context=Main#main:1,t=Main$Tuple:263
Variable Write,context=Main#main:1,i=0
Field Read,context=Main$Tuple:263,x
Field Read,context=Main,xDelta
Variable Write,context=Main#main:1,newX=11
Field Read,context=Main$Tuple:263,y
Field Read,context=Main,yDelta
Variable Write,context=Main#main:1,newY=11
Variable Write,context=Main#main:1,i=1
Variable Delete,method=Main#main:1 <name=newX,type=int (id=7),value=<?>,index=31>
Variable Delete,method=Main#main:1 <name=newY,type=int (id=7),value=<?>,index=32>
Field Read,context=Main$Tuple:263,x
Field Read,context=Main,xDelta
Variable Write,context=Main#main:1,newX=13
Field Read,context=Main$Tuple:263,y
Field Read,context=Main,yDelta
Variable Write,context=Main#main:1,newY=11
Variable Write,context=Main#main:1,i=2
Variable Delete,method=Main#main:1 <name=newX,type=int (id=7),value=<?>,index=31>
Variable Delete,method=Main#main:1 <name=newY,type=int (id=7),value=<?>,index=32>
Field Read,context=Main$Tuple:263,x
Field Read,context=Main,xDelta
Variable Write,context=Main#main:1,newX=12
Field Read,context=Main$Tuple:263,y
Field Read,context=Main,yDelta
Variable Write,context=Main#main:1,newY=10
Variable Write,context=Main#main:1,i=3
Variable Delete,method=Main#main:1 <name=newX,type=int (id=7),value=<?>,index=31>
Variable Delete,method=Main#main:1 <name=newY,type=int (id=7),value=<?>,index=32>
Field Read,context=Main$Tuple:263,x
Field Read,context=Main,xDelta
Variable Write,context=Main#main:1,newX=12
Field Read,context=Main$Tuple:263,y
Field Read,context=Main,yDelta
Variable Write,context=Main#main:1,newY=12
Variable Write,context=Main#main:1,g=int[][]:2
New Object,object=Main$Tuple:265
Method Call,caller=Main#main:1,target=Main$Tuple:265#Main$Tuple:265
Variable Write,context=Main$Tuple:265#Main$Tuple:265,x=12
Variable Write,context=Main$Tuple:265#Main$Tuple:265,y=12
Field Write,context=Main$Tuple:265,x=12
Field Write,context=Main$Tuple:265,y=12
Method Exit,returner=Main$Tuple:265#Main$Tuple:265,value=<void>
Variable Delete,method=Main#main:1 <name=newX,type=int (id=7),value=<?>,index=31>
Variable Delete,method=Main#main:1 <name=newY,type=int (id=7),value=<?>,index=32>
Variable Delete,method=Main#main:1 <name=t,type=Main$Tuple (id=90),value=<?>,index=29>
Variable Delete,method=Main#main:1 <name=i,type=int (id=7),value=<?>,index=30>
Variable Write,context=Main#main:1,t=Main$Tuple:264
Variable Write,context=Main#main:1,i=0
Field Read,context=Main$Tuple:264,x
Field Read,context=Main,xDelta
Variable Write,context=Main#main:1,newX=10
Field Read,context=Main$Tuple:264,y
Field Read,context=Main,yDelta
Variable Write,context=Main#main:1,newY=12
Variable Write,context=Main#main:1,i=1
Variable Delete,method=Main#main:1 <name=newX,type=int (id=7),value=<?>,index=31>
Variable Delete,method=Main#main:1 <name=newY,type=int (id=7),value=<?>,index=32>
Field Read,context=Main$Tuple:264,x
Field Read,context=Main,xDelta
Variable Write,context=Main#main:1,newX=12
Field Read,context=Main$Tuple:264,y
Field Read,context=Main,yDelta
Variable Write,context=Main#main:1,newY=12
Variable Write,context=Main#main:1,i=2
Variable Delete,method=Main#main:1 <name=newX,type=int (id=7),value=<?>,index=31>
Variable Delete,method=Main#main:1 <name=newY,type=int (id=7),value=<?>,index=32>
Field Read,context=Main$Tuple:264,x
Field Read,context=Main,xDelta
Variable Write,context=Main#main:1,newX=11
Field Read,context=Main$Tuple:264,y
Field Read,context=Main,yDelta
Variable Write,context=Main#main:1,newY=11
Variable Write,context=Main#main:1,i=3
Variable Delete,method=Main#main:1 <name=newX,type=int (id=7),value=<?>,index=31>
Variable Delete,method=Main#main:1 <name=newY,type=int (id=7),value=<?>,index=32>
Field Read,context=Main$Tuple:264,x
Field Read,context=Main,xDelta
Variable Write,context=Main#main:1,newX=11
Field Read,context=Main$Tuple:264,y
Field Read,context=Main,yDelta
Variable Write,context=Main#main:1,newY=13
Variable Delete,method=Main#main:1 <name=newX,type=int (id=7),value=<?>,index=31>
Variable Delete,method=Main#main:1 <name=newY,type=int (id=7),value=<?>,index=32>
Variable Delete,method=Main#main:1 <name=t,type=Main$Tuple (id=90),value=<?>,index=29>
Variable Delete,method=Main#main:1 <name=i,type=int (id=7),value=<?>,index=30>
Variable Write,context=Main#main:1,t=Main$Tuple:265
Variable Write,context=Main#main:1,i=0
Field Read,context=Main$Tuple:265,x
Field Read,context=Main,xDelta
Variable Write,context=Main#main:1,newX=11
Field Read,context=Main$Tuple:265,y
Field Read,context=Main,yDelta
Variable Write,context=Main#main:1,newY=12
Variable Write,context=Main#main:1,i=1
Variable Delete,method=Main#main:1 <name=newX,type=int (id=7),value=<?>,index=31>
Variable Delete,method=Main#main:1 <name=newY,type=int (id=7),value=<?>,index=32>
Field Read,context=Main$Tuple:265,x
Field Read,context=Main,xDelta
Variable Write,context=Main#main:1,newX=13
Field Read,context=Main$Tuple:265,y
Field Read,context=Main,yDelta
Variable Write,context=Main#main:1,newY=12
Variable Write,context=Main#main:1,i=2
Variable Delete,method=Main#main:1 <name=newX,type=int (id=7),value=<?>,index=31>
Variable Delete,method=Main#main:1 <name=newY,type=int (id=7),value=<?>,index=32>
Field Read,context=Main$Tuple:265,x
Field Read,context=Main,xDelta
Variable Write,context=Main#main:1,newX=12
Field Read,context=Main$Tuple:265,y
Field Read,context=Main,yDelta
Variable Write,context=Main#main:1,newY=11
Variable Write,context=Main#main:1,i=3
Variable Delete,method=Main#main:1 <name=newX,type=int (id=7),value=<?>,index=31>
Variable Delete,method=Main#main:1 <name=newY,type=int (id=7),value=<?>,index=32>
Field Read,context=Main$Tuple:265,x
Field Read,context=Main,xDelta
Variable Write,context=Main#main:1,newX=12
Field Read,context=Main$Tuple:265,y
Field Read,context=Main,yDelta
Variable Write,context=Main#main:1,newY=13
Variable Delete,method=Main#main:1 <name=newX,type=int (id=7),value=<?>,index=31>
Variable Delete,method=Main#main:1 <name=newY,type=int (id=7),value=<?>,index=32>
Variable Delete,method=Main#main:1 <name=t,type=Main$Tuple (id=90),value=<?>,index=29>
Variable Delete,method=Main#main:1 <name=i,type=int (id=7),value=<?>,index=30>
Variable Write,context=Main#main:1,y=11
Variable Delete,method=Main#main:1 <name=p,type=Main$Tuple (id=90),value=<?>,index=27>
Variable Delete,method=Main#main:1 <name=q,type=java.util.Queue (unresolved),value=<?>,index=28>
Variable Write,context=Main#main:1,y=12
Variable Write,context=Main#main:1,y=13
Variable Write,context=Main#main:1,y=14
Variable Write,context=Main#main:1,x=11
Variable Delete,method=Main#main:1 <name=y,type=int (id=7),value=<?>,index=26>
Variable Write,context=Main#main:1,y=0
Variable Write,context=Main#main:1,y=1
Variable Write,context=Main#main:1,y=2
Variable Write,context=Main#main:1,y=3
Variable Write,context=Main#main:1,y=4
Variable Write,context=Main#main:1,y=5
Variable Write,context=Main#main:1,y=6
Variable Write,context=Main#main:1,y=7
Variable Write,context=Main#main:1,y=8
Variable Write,context=Main#main:1,y=9
Variable Write,context=Main#main:1,y=10
Variable Write,context=Main#main:1,y=11
Variable Write,context=Main#main:1,y=12
Variable Write,context=Main#main:1,y=13
Variable Write,context=Main#main:1,y=14
Variable Write,context=Main#main:1,x=12
Variable Delete,method=Main#main:1 <name=y,type=int (id=7),value=<?>,index=26>
Variable Write,context=Main#main:1,y=0
Variable Write,context=Main#main:1,y=1
Variable Write,context=Main#main:1,y=2
Variable Write,context=Main#main:1,y=3
Variable Write,context=Main#main:1,y=4
Variable Write,context=Main#main:1,y=5
Variable Write,context=Main#main:1,y=6
Variable Write,context=Main#main:1,y=7
Variable Write,context=Main#main:1,y=8
Variable Write,context=Main#main:1,y=9
Variable Write,context=Main#main:1,y=10
Variable Write,context=Main#main:1,y=11
Variable Write,context=Main#main:1,y=12
Variable Write,context=Main#main:1,y=13
Variable Write,context=Main#main:1,y=14
Variable Write,context=Main#main:1,x=13
Variable Delete,method=Main#main:1 <name=y,type=int (id=7),value=<?>,index=26>
Variable Write,context=Main#main:1,y=0
Variable Write,context=Main#main:1,y=1
Variable Write,context=Main#main:1,y=2
Variable Write,context=Main#main:1,y=3
Variable Write,context=Main#main:1,y=4
Variable Write,context=Main#main:1,y=5
Variable Write,context=Main#main:1,y=6
Variable Write,context=Main#main:1,y=7
Variable Write,context=Main#main:1,y=8
Variable Write,context=Main#main:1,y=9
Variable Write,context=Main#main:1,y=10
Variable Write,context=Main#main:1,y=11
Variable Write,context=Main#main:1,y=12
Variable Write,context=Main#main:1,y=13
Variable Write,context=Main#main:1,y=14
Variable Write,context=Main#main:1,x=14
Variable Delete,method=Main#main:1 <name=y,type=int (id=7),value=<?>,index=26>
Variable Write,context=Main#main:1,y=0
Variable Write,context=Main#main:1,y=1
Variable Write,context=Main#main:1,y=2
Variable Write,context=Main#main:1,y=3
Variable Write,context=Main#main:1,y=4
Variable Write,context=Main#main:1,y=5
Variable Write,context=Main#main:1,y=6
Variable Write,context=Main#main:1,y=7
Variable Write,context=Main#main:1,y=8
Variable Write,context=Main#main:1,y=9
Variable Write,context=Main#main:1,y=10
Variable Write,context=Main#main:1,y=11
Variable Write,context=Main#main:1,y=12
Variable Write,context=Main#main:1,y=13
Variable Write,context=Main#main:1,y=14
Variable Write,context=Main#main:1,x=15
Variable Delete,method=Main#main:1 <name=y,type=int (id=7),value=<?>,index=26>
Variable Write,context=Main#main:1,y=0
Variable Write,context=Main#main:1,y=1
Variable Write,context=Main#main:1,y=2
Variable Write,context=Main#main:1,y=3
Variable Write,context=Main#main:1,y=4
Variable Write,context=Main#main:1,y=5
Variable Write,context=Main#main:1,y=6
Variable Write,context=Main#main:1,y=7
Variable Write,context=Main#main:1,y=8
Variable Write,context=Main#main:1,y=9
Variable Write,context=Main#main:1,y=10
Variable Write,context=Main#main:1,y=11
Variable Write,context=Main#main:1,y=12
Variable Write,context=Main#main:1,y=13
Variable Write,context=Main#main:1,y=14
Variable Write,context=Main#main:1,x=16
Variable Delete,method=Main#main:1 <name=y,type=int (id=7),value=<?>,index=26>
Variable Write,context=Main#main:1,y=0
Variable Write,context=Main#main:1,y=1
Variable Write,context=Main#main:1,y=2
Variable Write,context=Main#main:1,y=3
Variable Write,context=Main#main:1,y=4
Variable Write,context=Main#main:1,y=5
Variable Write,context=Main#main:1,y=6
Variable Write,context=Main#main:1,y=7
Variable Write,context=Main#main:1,y=8
Variable Write,context=Main#main:1,y=9
Variable Write,context=Main#main:1,y=10
Variable Write,context=Main#main:1,y=11
Variable Write,context=Main#main:1,y=12
Variable Write,context=Main#main:1,y=13
Variable Write,context=Main#main:1,y=14
Variable Delete,method=Main#main:1 <name=y,type=int (id=7),value=<?>,index=26>
Variable Delete,method=Main#main:1 <name=x,type=int (id=7),value=<?>,index=25>
Variable Write,context=Main#main:1,n=2
Variable Delete,method=Main#main:1 <name=rects,type=java.util.ArrayList (unresolved),value=<?>,index=3>
Variable Delete,method=Main#main:1 <name=xCoors,type=java.util.TreeSet (unresolved),value=<?>,index=4>
Variable Delete,method=Main#main:1 <name=yCoors,type=java.util.TreeSet (unresolved),value=<?>,index=5>
Variable Delete,method=Main#main:1 <name=uniqueX,type=java.util.ArrayList (unresolved),value=<?>,index=12>
Variable Delete,method=Main#main:1 <name=uniqueY,type=java.util.ArrayList (unresolved),value=<?>,index=13>
Variable Delete,method=Main#main:1 <name=xn,type=int (id=7),value=<?>,index=14>
Variable Delete,method=Main#main:1 <name=yn,type=int (id=7),value=<?>,index=15>
Variable Delete,method=Main#main:1 <name=g,type=int[][] (id=135),value=<?>,index=16>
Variable Delete,method=Main#main:1 <name=regions,type=int (id=7),value=<?>,index=24>
Variable Write,context=Main#main:1,rects=java.util.ArrayList (id=702)
Variable Write,context=Main#main:1,xCoors=java.util.TreeSet (id=703)
Variable Write,context=Main#main:1,yCoors=java.util.TreeSet (id=704)
Variable Write,context=Main#main:1,i=0
Variable Write,context=Main#main:1,l=300000
Variable Write,context=Main#main:1,t=1000000
Variable Write,context=Main#main:1,r=600000
Variable Write,context=Main#main:1,b=0
New Object,object=Main$Rect:9
Method Call,caller=Main#main:1,target=Main$Rect:9#Main$Rect:9
Variable Write,context=Main$Rect:9#Main$Rect:9,x1=300000
Variable Write,context=Main$Rect:9#Main$Rect:9,y1=1000000
Variable Write,context=Main$Rect:9#Main$Rect:9,x2=600000
Variable Write,context=Main$Rect:9#Main$Rect:9,y2=0
Field Write,context=Main$Rect:9,x1=300000
Field Write,context=Main$Rect:9,y1=0
Field Write,context=Main$Rect:9,x2=600000
Field Write,context=Main$Rect:9,y2=1000000
Method Exit,returner=Main$Rect:9#Main$Rect:9,value=<void>
Variable Write,context=Main#main:1,rec=Main$Rect:9
Variable Write,context=Main#main:1,i=1
Variable Delete,method=Main#main:1 <name=l,type=int (id=7),value=<?>,index=7>
Variable Delete,method=Main#main:1 <name=t,type=int (id=7),value=<?>,index=8>
Variable Delete,method=Main#main:1 <name=r,type=int (id=7),value=<?>,index=9>
Variable Delete,method=Main#main:1 <name=b,type=int (id=7),value=<?>,index=10>
Variable Delete,method=Main#main:1 <name=rec,type=Main$Rect (id=97),value=<?>,index=11>
Variable Write,context=Main#main:1,l=0
Variable Write,context=Main#main:1,t=600000
Variable Write,context=Main#main:1,r=1000000
Variable Write,context=Main#main:1,b=300000
New Object,object=Main$Rect:10
Method Call,caller=Main#main:1,target=Main$Rect:10#Main$Rect:10
Variable Write,context=Main$Rect:10#Main$Rect:10,x1=0
Variable Write,context=Main$Rect:10#Main$Rect:10,y1=600000
Variable Write,context=Main$Rect:10#Main$Rect:10,x2=1000000
Variable Write,context=Main$Rect:10#Main$Rect:10,y2=300000
Field Write,context=Main$Rect:10,x1=0
Field Write,context=Main$Rect:10,y1=300000
Field Write,context=Main$Rect:10,x2=1000000
Field Write,context=Main$Rect:10,y2=600000
Method Exit,returner=Main$Rect:10#Main$Rect:10,value=<void>
Variable Write,context=Main#main:1,rec=Main$Rect:10
Variable Delete,method=Main#main:1 <name=l,type=int (id=7),value=<?>,index=7>
Variable Delete,method=Main#main:1 <name=t,type=int (id=7),value=<?>,index=8>
Variable Delete,method=Main#main:1 <name=r,type=int (id=7),value=<?>,index=9>
Variable Delete,method=Main#main:1 <name=b,type=int (id=7),value=<?>,index=10>
Variable Delete,method=Main#main:1 <name=rec,type=Main$Rect (id=97),value=<?>,index=11>
Variable Delete,method=Main#main:1 <name=i,type=int (id=7),value=<?>,index=6>
Variable Write,context=Main#main:1,uniqueX=java.util.ArrayList (id=707)
Variable Write,context=Main#main:1,uniqueY=java.util.ArrayList (id=708)
Variable Write,context=Main#main:1,xn=9
Variable Write,context=Main#main:1,yn=9
New Object,object=int[][]:3
New Object,object=int[]:33
Field Write,context=int[]:33,0=0
Field Write,context=int[]:33,1=0
Field Write,context=int[]:33,2=0
Field Write,context=int[]:33,3=0
Field Write,context=int[]:33,4=0
Field Write,context=int[]:33,5=0
Field Write,context=int[]:33,6=0
Field Write,context=int[]:33,7=0
Field Write,context=int[]:33,8=0
Field Write,context=int[][]:3,0=int[]:33
New Object,object=int[]:34
Field Write,context=int[]:34,0=0
Field Write,context=int[]:34,1=0
Field Write,context=int[]:34,2=0
Field Write,context=int[]:34,3=0
Field Write,context=int[]:34,4=0
Field Write,context=int[]:34,5=0
Field Write,context=int[]:34,6=0
Field Write,context=int[]:34,7=0
Field Write,context=int[]:34,8=0
Field Write,context=int[][]:3,1=int[]:34
New Object,object=int[]:35
Field Write,context=int[]:35,0=0
Field Write,context=int[]:35,1=0
Field Write,context=int[]:35,2=0
Field Write,context=int[]:35,3=0
Field Write,context=int[]:35,4=0
Field Write,context=int[]:35,5=0
Field Write,context=int[]:35,6=0
Field Write,context=int[]:35,7=0
Field Write,context=int[]:35,8=0
Field Write,context=int[][]:3,2=int[]:35
New Object,object=int[]:36
Field Write,context=int[]:36,0=0
Field Write,context=int[]:36,1=0
Field Write,context=int[]:36,2=0
Field Write,context=int[]:36,3=0
Field Write,context=int[]:36,4=0
Field Write,context=int[]:36,5=0
Field Write,context=int[]:36,6=0
Field Write,context=int[]:36,7=0
Field Write,context=int[]:36,8=0
Field Write,context=int[][]:3,3=int[]:36
New Object,object=int[]:37
Field Write,context=int[]:37,0=0
Field Write,context=int[]:37,1=0
Field Write,context=int[]:37,2=0
Field Write,context=int[]:37,3=0
Field Write,context=int[]:37,4=0
Field Write,context=int[]:37,5=0
Field Write,context=int[]:37,6=0
Field Write,context=int[]:37,7=0
Field Write,context=int[]:37,8=0
Field Write,context=int[][]:3,4=int[]:37
New Object,object=int[]:38
Field Write,context=int[]:38,0=0
Field Write,context=int[]:38,1=0
Field Write,context=int[]:38,2=0
Field Write,context=int[]:38,3=0
Field Write,context=int[]:38,4=0
Field Write,context=int[]:38,5=0
Field Write,context=int[]:38,6=0
Field Write,context=int[]:38,7=0
Field Write,context=int[]:38,8=0
Field Write,context=int[][]:3,5=int[]:38
New Object,object=int[]:39
Field Write,context=int[]:39,0=0
Field Write,context=int[]:39,1=0
Field Write,context=int[]:39,2=0
Field Write,context=int[]:39,3=0
Field Write,context=int[]:39,4=0
Field Write,context=int[]:39,5=0
Field Write,context=int[]:39,6=0
Field Write,context=int[]:39,7=0
Field Write,context=int[]:39,8=0
Field Write,context=int[][]:3,6=int[]:39
New Object,object=int[]:40
Field Write,context=int[]:40,0=0
Field Write,context=int[]:40,1=0
Field Write,context=int[]:40,2=0
Field Write,context=int[]:40,3=0
Field Write,context=int[]:40,4=0
Field Write,context=int[]:40,5=0
Field Write,context=int[]:40,6=0
Field Write,context=int[]:40,7=0
Field Write,context=int[]:40,8=0
Field Write,context=int[][]:3,7=int[]:40
New Object,object=int[]:41
Field Write,context=int[]:41,0=0
Field Write,context=int[]:41,1=0
Field Write,context=int[]:41,2=0
Field Write,context=int[]:41,3=0
Field Write,context=int[]:41,4=0
Field Write,context=int[]:41,5=0
Field Write,context=int[]:41,6=0
Field Write,context=int[]:41,7=0
Field Write,context=int[]:41,8=0
Field Write,context=int[][]:3,8=int[]:41
Variable Write,context=Main#main:1,g=int[][]:3
Variable Write,context=Main#main:1,r=Main$Rect:9
Field Read,context=Main$Rect:9,x1
Variable Write,context=Main#main:1,x1i=3
Field Read,context=Main$Rect:9,x2
Variable Write,context=Main#main:1,x2i=5
Field Read,context=Main$Rect:9,y1
Variable Write,context=Main#main:1,y1i=1
Field Read,context=Main$Rect:9,y2
Variable Write,context=Main#main:1,y2i=7
Variable Write,context=Main#main:1,xi=3
Variable Write,context=Main#main:1,g=int[][]:3
Variable Write,context=Main#main:1,g=int[][]:3
Variable Write,context=Main#main:1,xi=4
Variable Write,context=Main#main:1,g=int[][]:3
Variable Write,context=Main#main:1,g=int[][]:3
Variable Write,context=Main#main:1,xi=5
Variable Write,context=Main#main:1,g=int[][]:3
Variable Write,context=Main#main:1,g=int[][]:3
Variable Delete,method=Main#main:1 <name=xi,type=int (id=7),value=<?>,index=22>
Variable Write,context=Main#main:1,yi=1
Variable Write,context=Main#main:1,g=int[][]:3
Variable Write,context=Main#main:1,g=int[][]:3
Variable Write,context=Main#main:1,yi=2
Variable Write,context=Main#main:1,g=int[][]:3
Variable Write,context=Main#main:1,g=int[][]:3
Variable Write,context=Main#main:1,yi=3
Variable Write,context=Main#main:1,g=int[][]:3
Variable Write,context=Main#main:1,g=int[][]:3
Variable Write,context=Main#main:1,yi=4
Variable Write,context=Main#main:1,g=int[][]:3
Variable Write,context=Main#main:1,g=int[][]:3
Variable Write,context=Main#main:1,yi=5
Variable Write,context=Main#main:1,g=int[][]:3
Variable Write,context=Main#main:1,g=int[][]:3
Variable Write,context=Main#main:1,yi=6
Variable Write,context=Main#main:1,g=int[][]:3
Variable Write,context=Main#main:1,g=int[][]:3
Variable Write,context=Main#main:1,yi=7
Variable Write,context=Main#main:1,g=int[][]:3
Variable Write,context=Main#main:1,g=int[][]:3
Variable Write,context=Main#main:1,r=Main$Rect:10
Variable Delete,method=Main#main:1 <name=x1i,type=int (id=7),value=<?>,index=18>
Variable Delete,method=Main#main:1 <name=x2i,type=int (id=7),value=<?>,index=19>
Variable Delete,method=Main#main:1 <name=y1i,type=int (id=7),value=<?>,index=20>
Variable Delete,method=Main#main:1 <name=y2i,type=int (id=7),value=<?>,index=21>
Variable Delete,method=Main#main:1 <name=yi,type=int (id=7),value=<?>,index=23>
Field Read,context=Main$Rect:10,x1
Variable Write,context=Main#main:1,x1i=1
Field Read,context=Main$Rect:10,x2
Variable Write,context=Main#main:1,x2i=7
Field Read,context=Main$Rect:10,y1
Variable Write,context=Main#main:1,y1i=3
Field Read,context=Main$Rect:10,y2
Variable Write,context=Main#main:1,y2i=5
Variable Write,context=Main#main:1,xi=1
Variable Write,context=Main#main:1,g=int[][]:3
Variable Write,context=Main#main:1,g=int[][]:3
Variable Write,context=Main#main:1,xi=2
Variable Write,context=Main#main:1,g=int[][]:3
Variable Write,context=Main#main:1,g=int[][]:3
Variable Write,context=Main#main:1,xi=3
Variable Write,context=Main#main:1,g=int[][]:3
Variable Write,context=Main#main:1,g=int[][]:3
Variable Write,context=Main#main:1,xi=4
Variable Write,context=Main#main:1,g=int[][]:3
Variable Write,context=Main#main:1,g=int[][]:3
Variable Write,context=Main#main:1,xi=5
Variable Write,context=Main#main:1,g=int[][]:3
Variable Write,context=Main#main:1,g=int[][]:3
Variable Write,context=Main#main:1,xi=6
Variable Write,context=Main#main:1,g=int[][]:3
Variable Write,context=Main#main:1,g=int[][]:3
Variable Write,context=Main#main:1,xi=7
Variable Write,context=Main#main:1,g=int[][]:3
Variable Write,context=Main#main:1,g=int[][]:3
Variable Delete,method=Main#main:1 <name=xi,type=int (id=7),value=<?>,index=22>
Variable Write,context=Main#main:1,yi=3
Variable Write,context=Main#main:1,g=int[][]:3
Variable Write,context=Main#main:1,g=int[][]:3
Variable Write,context=Main#main:1,yi=4
Variable Write,context=Main#main:1,g=int[][]:3
Variable Write,context=Main#main:1,g=int[][]:3
Variable Write,context=Main#main:1,yi=5
Variable Write,context=Main#main:1,g=int[][]:3
Variable Write,context=Main#main:1,g=int[][]:3
Variable Delete,method=Main#main:1 <name=x1i,type=int (id=7),value=<?>,index=18>
Variable Delete,method=Main#main:1 <name=x2i,type=int (id=7),value=<?>,index=19>
Variable Delete,method=Main#main:1 <name=y1i,type=int (id=7),value=<?>,index=20>
Variable Delete,method=Main#main:1 <name=y2i,type=int (id=7),value=<?>,index=21>
Variable Delete,method=Main#main:1 <name=yi,type=int (id=7),value=<?>,index=23>
Variable Delete,method=Main#main:1 <name=r,type=Main$Rect (id=97),value=<?>,index=17>
Variable Write,context=Main#main:1,regions=0
Variable Write,context=Main#main:1,x=0
Variable Write,context=Main#main:1,y=0
Variable Write,context=Main#main:1,g=int[][]:3
New Object,object=Main$Tuple:266
Method Call,caller=Main#main:1,target=Main$Tuple:266#Main$Tuple:266
Variable Write,context=Main$Tuple:266#Main$Tuple:266,x=0
Variable Write,context=Main$Tuple:266#Main$Tuple:266,y=0
Field Write,context=Main$Tuple:266,x=0
Field Write,context=Main$Tuple:266,y=0
Method Exit,returner=Main$Tuple:266#Main$Tuple:266,value=<void>
Variable Write,context=Main#main:1,p=Main$Tuple:266
Variable Write,context=Main#main:1,regions=1
Variable Write,context=Main#main:1,q=java.util.ArrayDeque (id=720)
Variable Write,context=Main#main:1,t=Main$Tuple:266
Variable Write,context=Main#main:1,i=0
Field Read,context=Main$Tuple:266,x
Field Read,context=Main,xDelta
Variable Write,context=Main#main:1,newX=-1
Field Read,context=Main$Tuple:266,y
Field Read,context=Main,yDelta
Variable Write,context=Main#main:1,newY=0
Variable Write,context=Main#main:1,i=1
Variable Delete,method=Main#main:1 <name=newX,type=int (id=7),value=<?>,index=31>
Variable Delete,method=Main#main:1 <name=newY,type=int (id=7),value=<?>,index=32>
Field Read,context=Main$Tuple:266,x
Field Read,context=Main,xDelta
Variable Write,context=Main#main:1,newX=1
Field Read,context=Main$Tuple:266,y
Field Read,context=Main,yDelta
Variable Write,context=Main#main:1,newY=0
Variable Write,context=Main#main:1,g=int[][]:3
New Object,object=Main$Tuple:267
Method Call,caller=Main#main:1,target=Main$Tuple:267#Main$Tuple:267
Variable Write,context=Main$Tuple:267#Main$Tuple:267,x=1
Variable Write,context=Main$Tuple:267#Main$Tuple:267,y=0
Field Write,context=Main$Tuple:267,x=1
Field Write,context=Main$Tuple:267,y=0
Method Exit,returner=Main$Tuple:267#Main$Tuple:267,value=<void>
Variable Write,context=Main#main:1,i=2
Variable Delete,method=Main#main:1 <name=newX,type=int (id=7),value=<?>,index=31>
Variable Delete,method=Main#main:1 <name=newY,type=int (id=7),value=<?>,index=32>
Field Read,context=Main$Tuple:266,x
Field Read,context=Main,xDelta
Variable Write,context=Main#main:1,newX=0
Field Read,context=Main$Tuple:266,y
Field Read,context=Main,yDelta
Variable Write,context=Main#main:1,newY=-1
Variable Write,context=Main#main:1,i=3
Variable Delete,method=Main#main:1 <name=newX,type=int (id=7),value=<?>,index=31>
Variable Delete,method=Main#main:1 <name=newY,type=int (id=7),value=<?>,index=32>
Field Read,context=Main$Tuple:266,x
Field Read,context=Main,xDelta
Variable Write,context=Main#main:1,newX=0
Field Read,context=Main$Tuple:266,y
Field Read,context=Main,yDelta
Variable Write,context=Main#main:1,newY=1
Variable Write,context=Main#main:1,g=int[][]:3
New Object,object=Main$Tuple:268
Method Call,caller=Main#main:1,target=Main$Tuple:268#Main$Tuple:268
Variable Write,context=Main$Tuple:268#Main$Tuple:268,x=0
Variable Write,context=Main$Tuple:268#Main$Tuple:268,y=1
Field Write,context=Main$Tuple:268,x=0
Field Write,context=Main$Tuple:268,y=1
Method Exit,returner=Main$Tuple:268#Main$Tuple:268,value=<void>
Variable Delete,method=Main#main:1 <name=newX,type=int (id=7),value=<?>,index=31>
Variable Delete,method=Main#main:1 <name=newY,type=int (id=7),value=<?>,index=32>
Variable Delete,method=Main#main:1 <name=t,type=Main$Tuple (id=90),value=<?>,index=29>
Variable Delete,method=Main#main:1 <name=i,type=int (id=7),value=<?>,index=30>
Variable Write,context=Main#main:1,t=Main$Tuple:267
Variable Write,context=Main#main:1,i=0
Field Read,context=Main$Tuple:267,x
Field Read,context=Main,xDelta
Variable Write,context=Main#main:1,newX=0
Field Read,context=Main$Tuple:267,y
Field Read,context=Main,yDelta
Variable Write,context=Main#main:1,newY=0
Variable Write,context=Main#main:1,i=1
Variable Delete,method=Main#main:1 <name=newX,type=int (id=7),value=<?>,index=31>
Variable Delete,method=Main#main:1 <name=newY,type=int (id=7),value=<?>,index=32>
Field Read,context=Main$Tuple:267,x
Field Read,context=Main,xDelta
Variable Write,context=Main#main:1,newX=2
Field Read,context=Main$Tuple:267,y
Field Read,context=Main,yDelta
Variable Write,context=Main#main:1,newY=0
Variable Write,context=Main#main:1,g=int[][]:3
New Object,object=Main$Tuple:269
Method Call,caller=Main#main:1,target=Main$Tuple:269#Main$Tuple:269
Variable Write,context=Main$Tuple:269#Main$Tuple:269,x=2
Variable Write,context=Main$Tuple:269#Main$Tuple:269,y=0
Field Write,context=Main$Tuple:269,x=2
Field Write,context=Main$Tuple:269,y=0
Method Exit,returner=Main$Tuple:269#Main$Tuple:269,value=<void>
Variable Write,context=Main#main:1,i=2
Variable Delete,method=Main#main:1 <name=newX,type=int (id=7),value=<?>,index=31>
Variable Delete,method=Main#main:1 <name=newY,type=int (id=7),value=<?>,index=32>
Field Read,context=Main$Tuple:267,x
Field Read,context=Main,xDelta
Variable Write,context=Main#main:1,newX=1
Field Read,context=Main$Tuple:267,y
Field Read,context=Main,yDelta
Variable Write,context=Main#main:1,newY=-1
Variable Write,context=Main#main:1,i=3
Variable Delete,method=Main#main:1 <name=newX,type=int (id=7),value=<?>,index=31>
Variable Delete,method=Main#main:1 <name=newY,type=int (id=7),value=<?>,index=32>
Field Read,context=Main$Tuple:267,x
Field Read,context=Main,xDelta
Variable Write,context=Main#main:1,newX=1
Field Read,context=Main$Tuple:267,y
Field Read,context=Main,yDelta
Variable Write,context=Main#main:1,newY=1
Variable Write,context=Main#main:1,g=int[][]:3
New Object,object=Main$Tuple:270
Method Call,caller=Main#main:1,target=Main$Tuple:270#Main$Tuple:270
Variable Write,context=Main$Tuple:270#Main$Tuple:270,x=1
Variable Write,context=Main$Tuple:270#Main$Tuple:270,y=1
Field Write,context=Main$Tuple:270,x=1
Field Write,context=Main$Tuple:270,y=1
Method Exit,returner=Main$Tuple:270#Main$Tuple:270,value=<void>
Variable Delete,method=Main#main:1 <name=newX,type=int (id=7),value=<?>,index=31>
Variable Delete,method=Main#main:1 <name=newY,type=int (id=7),value=<?>,index=32>
Variable Delete,method=Main#main:1 <name=t,type=Main$Tuple (id=90),value=<?>,index=29>
Variable Delete,method=Main#main:1 <name=i,type=int (id=7),value=<?>,index=30>
Variable Write,context=Main#main:1,t=Main$Tuple:268
Variable Write,context=Main#main:1,i=0
Field Read,context=Main$Tuple:268,x
Field Read,context=Main,xDelta
Variable Write,context=Main#main:1,newX=-1
Field Read,context=Main$Tuple:268,y
Field Read,context=Main,yDelta
Variable Write,context=Main#main:1,newY=1
Variable Write,context=Main#main:1,i=1
Variable Delete,method=Main#main:1 <name=newX,type=int (id=7),value=<?>,index=31>
Variable Delete,method=Main#main:1 <name=newY,type=int (id=7),value=<?>,index=32>
Field Read,context=Main$Tuple:268,x
Field Read,context=Main,xDelta
Variable Write,context=Main#main:1,newX=1
Field Read,context=Main$Tuple:268,y
Field Read,context=Main,yDelta
Variable Write,context=Main#main:1,newY=1
Variable Write,context=Main#main:1,i=2
Variable Delete,method=Main#main:1 <name=newX,type=int (id=7),value=<?>,index=31>
Variable Delete,method=Main#main:1 <name=newY,type=int (id=7),value=<?>,index=32>
Field Read,context=Main$Tuple:268,x
Field Read,context=Main,xDelta
Variable Write,context=Main#main:1,newX=0
Field Read,context=Main$Tuple:268,y
Field Read,context=Main,yDelta
Variable Write,context=Main#main:1,newY=0
Variable Write,context=Main#main:1,i=3
Variable Delete,method=Main#main:1 <name=newX,type=int (id=7),value=<?>,index=31>
Variable Delete,method=Main#main:1 <name=newY,type=int (id=7),value=<?>,index=32>
Field Read,context=Main$Tuple:268,x
Field Read,context=Main,xDelta
Variable Write,context=Main#main:1,newX=0
Field Read,context=Main$Tuple:268,y
Field Read,context=Main,yDelta
Variable Write,context=Main#main:1,newY=2
Variable Write,context=Main#main:1,g=int[][]:3
New Object,object=Main$Tuple:271
Method Call,caller=Main#main:1,target=Main$Tuple:271#Main$Tuple:271
Variable Write,context=Main$Tuple:271#Main$Tuple:271,x=0
Variable Write,context=Main$Tuple:271#Main$Tuple:271,y=2
Field Write,context=Main$Tuple:271,x=0
Field Write,context=Main$Tuple:271,y=2
Method Exit,returner=Main$Tuple:271#Main$Tuple:271,value=<void>
Variable Delete,method=Main#main:1 <name=newX,type=int (id=7),value=<?>,index=31>
Variable Delete,method=Main#main:1 <name=newY,type=int (id=7),value=<?>,index=32>
Variable Delete,method=Main#main:1 <name=t,type=Main$Tuple (id=90),value=<?>,index=29>
Variable Delete,method=Main#main:1 <name=i,type=int (id=7),value=<?>,index=30>
Variable Write,context=Main#main:1,t=Main$Tuple:269
Variable Write,context=Main#main:1,i=0
Field Read,context=Main$Tuple:269,x
Field Read,context=Main,xDelta
Variable Write,context=Main#main:1,newX=1
Field Read,context=Main$Tuple:269,y
Field Read,context=Main,yDelta
Variable Write,context=Main#main:1,newY=0
Variable Write,context=Main#main:1,i=1
Variable Delete,method=Main#main:1 <name=newX,type=int (id=7),value=<?>,index=31>
Variable Delete,method=Main#main:1 <name=newY,type=int (id=7),value=<?>,index=32>
Field Read,context=Main$Tuple:269,x
Field Read,context=Main,xDelta
Variable Write,context=Main#main:1,newX=3
Field Read,context=Main$Tuple:269,y
Field Read,context=Main,yDelta
Variable Write,context=Main#main:1,newY=0
Variable Write,context=Main#main:1,g=int[][]:3
New Object,object=Main$Tuple:272
Method Call,caller=Main#main:1,target=Main$Tuple:272#Main$Tuple:272
Variable Write,context=Main$Tuple:272#Main$Tuple:272,x=3
Variable Write,context=Main$Tuple:272#Main$Tuple:272,y=0
Field Write,context=Main$Tuple:272,x=3
Field Write,context=Main$Tuple:272,y=0
Method Exit,returner=Main$Tuple:272#Main$Tuple:272,value=<void>
Variable Write,context=Main#main:1,i=2
Variable Delete,method=Main#main:1 <name=newX,type=int (id=7),value=<?>,index=31>
Variable Delete,method=Main#main:1 <name=newY,type=int (id=7),value=<?>,index=32>
Field Read,context=Main$Tuple:269,x
Field Read,context=Main,xDelta
Variable Write,context=Main#main:1,newX=2
Field Read,context=Main$Tuple:269,y
Field Read,context=Main,yDelta
Variable Write,context=Main#main:1,newY=-1
Variable Write,context=Main#main:1,i=3
Variable Delete,method=Main#main:1 <name=newX,type=int (id=7),value=<?>,index=31>
Variable Delete,method=Main#main:1 <name=newY,type=int (id=7),value=<?>,index=32>
Field Read,context=Main$Tuple:269,x
Field Read,context=Main,xDelta
Variable Write,context=Main#main:1,newX=2
Field Read,context=Main$Tuple:269,y
Field Read,context=Main,yDelta
Variable Write,context=Main#main:1,newY=1
Variable Write,context=Main#main:1,g=int[][]:3
New Object,object=Main$Tuple:273
Method Call,caller=Main#main:1,target=Main$Tuple:273#Main$Tuple:273
Variable Write,context=Main$Tuple:273#Main$Tuple:273,x=2
Variable Write,context=Main$Tuple:273#Main$Tuple:273,y=1
Field Write,context=Main$Tuple:273,x=2
Field Write,context=Main$Tuple:273,y=1
Method Exit,returner=Main$Tuple:273#Main$Tuple:273,value=<void>
Variable Delete,method=Main#main:1 <name=newX,type=int (id=7),value=<?>,index=31>
Variable Delete,method=Main#main:1 <name=newY,type=int (id=7),value=<?>,index=32>
Variable Delete,method=Main#main:1 <name=t,type=Main$Tuple (id=90),value=<?>,index=29>
Variable Delete,method=Main#main:1 <name=i,type=int (id=7),value=<?>,index=30>
Variable Write,context=Main#main:1,t=Main$Tuple:270
Variable Write,context=Main#main:1,i=0
Field Read,context=Main$Tuple:270,x
Field Read,context=Main,xDelta
Variable Write,context=Main#main:1,newX=0
Field Read,context=Main$Tuple:270,y
Field Read,context=Main,yDelta
Variable Write,context=Main#main:1,newY=1
Variable Write,context=Main#main:1,i=1
Variable Delete,method=Main#main:1 <name=newX,type=int (id=7),value=<?>,index=31>
Variable Delete,method=Main#main:1 <name=newY,type=int (id=7),value=<?>,index=32>
Field Read,context=Main$Tuple:270,x
Field Read,context=Main,xDelta
Variable Write,context=Main#main:1,newX=2
Field Read,context=Main$Tuple:270,y
Field Read,context=Main,yDelta
Variable Write,context=Main#main:1,newY=1
Variable Write,context=Main#main:1,i=2
Variable Delete,method=Main#main:1 <name=newX,type=int (id=7),value=<?>,index=31>
Variable Delete,method=Main#main:1 <name=newY,type=int (id=7),value=<?>,index=32>
Field Read,context=Main$Tuple:270,x
Field Read,context=Main,xDelta
Variable Write,context=Main#main:1,newX=1
Field Read,context=Main$Tuple:270,y
Field Read,context=Main,yDelta
Variable Write,context=Main#main:1,newY=0
Variable Write,context=Main#main:1,i=3
Variable Delete,method=Main#main:1 <name=newX,type=int (id=7),value=<?>,index=31>
Variable Delete,method=Main#main:1 <name=newY,type=int (id=7),value=<?>,index=32>
Field Read,context=Main$Tuple:270,x
Field Read,context=Main,xDelta
Variable Write,context=Main#main:1,newX=1
Field Read,context=Main$Tuple:270,y
Field Read,context=Main,yDelta
Variable Write,context=Main#main:1,newY=2
Variable Write,context=Main#main:1,g=int[][]:3
New Object,object=Main$Tuple:274
Method Call,caller=Main#main:1,target=Main$Tuple:274#Main$Tuple:274
Variable Write,context=Main$Tuple:274#Main$Tuple:274,x=1
Variable Write,context=Main$Tuple:274#Main$Tuple:274,y=2
Field Write,context=Main$Tuple:274,x=1
Field Write,context=Main$Tuple:274,y=2
Method Exit,returner=Main$Tuple:274#Main$Tuple:274,value=<void>
Variable Delete,method=Main#main:1 <name=newX,type=int (id=7),value=<?>,index=31>
Variable Delete,method=Main#main:1 <name=newY,type=int (id=7),value=<?>,index=32>
Variable Delete,method=Main#main:1 <name=t,type=Main$Tuple (id=90),value=<?>,index=29>
Variable Delete,method=Main#main:1 <name=i,type=int (id=7),value=<?>,index=30>
Variable Write,context=Main#main:1,t=Main$Tuple:271
Variable Write,context=Main#main:1,i=0
Field Read,context=Main$Tuple:271,x
Field Read,context=Main,xDelta
Variable Write,context=Main#main:1,newX=-1
Field Read,context=Main$Tuple:271,y
Field Read,context=Main,yDelta
Variable Write,context=Main#main:1,newY=2
Variable Write,context=Main#main:1,i=1
Variable Delete,method=Main#main:1 <name=newX,type=int (id=7),value=<?>,index=31>
Variable Delete,method=Main#main:1 <name=newY,type=int (id=7),value=<?>,index=32>
Field Read,context=Main$Tuple:271,x
Field Read,context=Main,xDelta
Variable Write,context=Main#main:1,newX=1
Field Read,context=Main$Tuple:271,y
Field Read,context=Main,yDelta
Variable Write,context=Main#main:1,newY=2
Variable Write,context=Main#main:1,i=2
Variable Delete,method=Main#main:1 <name=newX,type=int (id=7),value=<?>,index=31>
Variable Delete,method=Main#main:1 <name=newY,type=int (id=7),value=<?>,index=32>
Field Read,context=Main$Tuple:271,x
Field Read,context=Main,xDelta
Variable Write,context=Main#main:1,newX=0
Field Read,context=Main$Tuple:271,y
Field Read,context=Main,yDelta
Variable Write,context=Main#main:1,newY=1
Variable Write,context=Main#main:1,i=3
Variable Delete,method=Main#main:1 <name=newX,type=int (id=7),value=<?>,index=31>
Variable Delete,method=Main#main:1 <name=newY,type=int (id=7),value=<?>,index=32>
Field Read,context=Main$Tuple:271,x
Field Read,context=Main,xDelta
Variable Write,context=Main#main:1,newX=0
Field Read,context=Main$Tuple:271,y
Field Read,context=Main,yDelta
Variable Write,context=Main#main:1,newY=3
Variable Write,context=Main#main:1,g=int[][]:3
New Object,object=Main$Tuple:275
Method Call,caller=Main#main:1,target=Main$Tuple:275#Main$Tuple:275
Variable Write,context=Main$Tuple:275#Main$Tuple:275,x=0
Variable Write,context=Main$Tuple:275#Main$Tuple:275,y=3
Field Write,context=Main$Tuple:275,x=0
Field Write,context=Main$Tuple:275,y=3
Method Exit,returner=Main$Tuple:275#Main$Tuple:275,value=<void>
Variable Delete,method=Main#main:1 <name=newX,type=int (id=7),value=<?>,index=31>
Variable Delete,method=Main#main:1 <name=newY,type=int (id=7),value=<?>,index=32>
Variable Delete,method=Main#main:1 <name=t,type=Main$Tuple (id=90),value=<?>,index=29>
Variable Delete,method=Main#main:1 <name=i,type=int (id=7),value=<?>,index=30>
Variable Write,context=Main#main:1,t=Main$Tuple:272
Variable Write,context=Main#main:1,i=0
Field Read,context=Main$Tuple:272,x
Field Read,context=Main,xDelta
Variable Write,context=Main#main:1,newX=2
Field Read,context=Main$Tuple:272,y
Field Read,context=Main,yDelta
Variable Write,context=Main#main:1,newY=0
Variable Write,context=Main#main:1,i=1
Variable Delete,method=Main#main:1 <name=newX,type=int (id=7),value=<?>,index=31>
Variable Delete,method=Main#main:1 <name=newY,type=int (id=7),value=<?>,index=32>
Field Read,context=Main$Tuple:272,x
Field Read,context=Main,xDelta
Variable Write,context=Main#main:1,newX=4
Field Read,context=Main$Tuple:272,y
Field Read,context=Main,yDelta
Variable Write,context=Main#main:1,newY=0
Variable Write,context=Main#main:1,g=int[][]:3
New Object,object=Main$Tuple:276
Method Call,caller=Main#main:1,target=Main$Tuple:276#Main$Tuple:276
Variable Write,context=Main$Tuple:276#Main$Tuple:276,x=4
Variable Write,context=Main$Tuple:276#Main$Tuple:276,y=0
Field Write,context=Main$Tuple:276,x=4
Field Write,context=Main$Tuple:276,y=0
Method Exit,returner=Main$Tuple:276#Main$Tuple:276,value=<void>
Variable Write,context=Main#main:1,i=2
Variable Delete,method=Main#main:1 <name=newX,type=int (id=7),value=<?>,index=31>
Variable Delete,method=Main#main:1 <name=newY,type=int (id=7),value=<?>,index=32>
Field Read,context=Main$Tuple:272,x
Field Read,context=Main,xDelta
Variable Write,context=Main#main:1,newX=3
Field Read,context=Main$Tuple:272,y
Field Read,context=Main,yDelta
Variable Write,context=Main#main:1,newY=-1
Variable Write,context=Main#main:1,i=3
Variable Delete,method=Main#main:1 <name=newX,type=int (id=7),value=<?>,index=31>
Variable Delete,method=Main#main:1 <name=newY,type=int (id=7),value=<?>,index=32>
Field Read,context=Main$Tuple:272,x
Field Read,context=Main,xDelta
Variable Write,context=Main#main:1,newX=3
Field Read,context=Main$Tuple:272,y
Field Read,context=Main,yDelta
Variable Write,context=Main#main:1,newY=1
Variable Delete,method=Main#main:1 <name=newX,type=int (id=7),value=<?>,index=31>
Variable Delete,method=Main#main:1 <name=newY,type=int (id=7),value=<?>,index=32>
Variable Delete,method=Main#main:1 <name=t,type=Main$Tuple (id=90),value=<?>,index=29>
Variable Delete,method=Main#main:1 <name=i,type=int (id=7),value=<?>,index=30>
Variable Write,context=Main#main:1,t=Main$Tuple:273
Variable Write,context=Main#main:1,i=0
Field Read,context=Main$Tuple:273,x
Field Read,context=Main,xDelta
Variable Write,context=Main#main:1,newX=1
Field Read,context=Main$Tuple:273,y
Field Read,context=Main,yDelta
Variable Write,context=Main#main:1,newY=1
Variable Write,context=Main#main:1,i=1
Variable Delete,method=Main#main:1 <name=newX,type=int (id=7),value=<?>,index=31>
Variable Delete,method=Main#main:1 <name=newY,type=int (id=7),value=<?>,index=32>
Field Read,context=Main$Tuple:273,x
Field Read,context=Main,xDelta
Variable Write,context=Main#main:1,newX=3
Field Read,context=Main$Tuple:273,y
Field Read,context=Main,yDelta
Variable Write,context=Main#main:1,newY=1
Variable Write,context=Main#main:1,i=2
Variable Delete,method=Main#main:1 <name=newX,type=int (id=7),value=<?>,index=31>
Variable Delete,method=Main#main:1 <name=newY,type=int (id=7),value=<?>,index=32>
Field Read,context=Main$Tuple:273,x
Field Read,context=Main,xDelta
Variable Write,context=Main#main:1,newX=2
Field Read,context=Main$Tuple:273,y
Field Read,context=Main,yDelta
Variable Write,context=Main#main:1,newY=0
Variable Write,context=Main#main:1,i=3
Variable Delete,method=Main#main:1 <name=newX,type=int (id=7),value=<?>,index=31>
Variable Delete,method=Main#main:1 <name=newY,type=int (id=7),value=<?>,index=32>
Field Read,context=Main$Tuple:273,x
Field Read,context=Main,xDelta
Variable Write,context=Main#main:1,newX=2
Field Read,context=Main$Tuple:273,y
Field Read,context=Main,yDelta
Variable Write,context=Main#main:1,newY=2
Variable Write,context=Main#main:1,g=int[][]:3
New Object,object=Main$Tuple:277
Method Call,caller=Main#main:1,target=Main$Tuple:277#Main$Tuple:277
Variable Write,context=Main$Tuple:277#Main$Tuple:277,x=2
Variable Write,context=Main$Tuple:277#Main$Tuple:277,y=2
Field Write,context=Main$Tuple:277,x=2
Field Write,context=Main$Tuple:277,y=2
Method Exit,returner=Main$Tuple:277#Main$Tuple:277,value=<void>
Variable Delete,method=Main#main:1 <name=newX,type=int (id=7),value=<?>,index=31>
Variable Delete,method=Main#main:1 <name=newY,type=int (id=7),value=<?>,index=32>
Variable Delete,method=Main#main:1 <name=t,type=Main$Tuple (id=90),value=<?>,index=29>
Variable Delete,method=Main#main:1 <name=i,type=int (id=7),value=<?>,index=30>
Variable Write,context=Main#main:1,t=Main$Tuple:274
Variable Write,context=Main#main:1,i=0
Field Read,context=Main$Tuple:274,x
Field Read,context=Main,xDelta
Variable Write,context=Main#main:1,newX=0
Field Read,context=Main$Tuple:274,y
Field Read,context=Main,yDelta
Variable Write,context=Main#main:1,newY=2
Variable Write,context=Main#main:1,i=1
Variable Delete,method=Main#main:1 <name=newX,type=int (id=7),value=<?>,index=31>
Variable Delete,method=Main#main:1 <name=newY,type=int (id=7),value=<?>,index=32>
Field Read,context=Main$Tuple:274,x
Field Read,context=Main,xDelta
Variable Write,context=Main#main:1,newX=2
Field Read,context=Main$Tuple:274,y
Field Read,context=Main,yDelta
Variable Write,context=Main#main:1,newY=2
Variable Write,context=Main#main:1,i=2
Variable Delete,method=Main#main:1 <name=newX,type=int (id=7),value=<?>,index=31>
Variable Delete,method=Main#main:1 <name=newY,type=int (id=7),value=<?>,index=32>
Field Read,context=Main$Tuple:274,x
Field Read,context=Main,xDelta
Variable Write,context=Main#main:1,newX=1
Field Read,context=Main$Tuple:274,y
Field Read,context=Main,yDelta
Variable Write,context=Main#main:1,newY=1
Variable Write,context=Main#main:1,i=3
Variable Delete,method=Main#main:1 <name=newX,type=int (id=7),value=<?>,index=31>
Variable Delete,method=Main#main:1 <name=newY,type=int (id=7),value=<?>,index=32>
Field Read,context=Main$Tuple:274,x
Field Read,context=Main,xDelta
Variable Write,context=Main#main:1,newX=1
Field Read,context=Main$Tuple:274,y
Field Read,context=Main,yDelta
Variable Write,context=Main#main:1,newY=3
Variable Delete,method=Main#main:1 <name=newX,type=int (id=7),value=<?>,index=31>
Variable Delete,method=Main#main:1 <name=newY,type=int (id=7),value=<?>,index=32>
Variable Delete,method=Main#main:1 <name=t,type=Main$Tuple (id=90),value=<?>,index=29>
Variable Delete,method=Main#main:1 <name=i,type=int (id=7),value=<?>,index=30>
Variable Write,context=Main#main:1,t=Main$Tuple:275
Variable Write,context=Main#main:1,i=0
Field Read,context=Main$Tuple:275,x
Field Read,context=Main,xDelta
Variable Write,context=Main#main:1,newX=-1
Field Read,context=Main$Tuple:275,y
Field Read,context=Main,yDelta
Variable Write,context=Main#main:1,newY=3
Variable Write,context=Main#main:1,i=1
Variable Delete,method=Main#main:1 <name=newX,type=int (id=7),value=<?>,index=31>
Variable Delete,method=Main#main:1 <name=newY,type=int (id=7),value=<?>,index=32>
Field Read,context=Main$Tuple:275,x
Field Read,context=Main,xDelta
Variable Write,context=Main#main:1,newX=1
Field Read,context=Main$Tuple:275,y
Field Read,context=Main,yDelta
Variable Write,context=Main#main:1,newY=3
Variable Write,context=Main#main:1,i=2
Variable Delete,method=Main#main:1 <name=newX,type=int (id=7),value=<?>,index=31>
Variable Delete,method=Main#main:1 <name=newY,type=int (id=7),value=<?>,index=32>
Field Read,context=Main$Tuple:275,x
Field Read,context=Main,xDelta
Variable Write,context=Main#main:1,newX=0
Field Read,context=Main$Tuple:275,y
Field Read,context=Main,yDelta
Variable Write,context=Main#main:1,newY=2
Variable Write,context=Main#main:1,i=3
Variable Delete,method=Main#main:1 <name=newX,type=int (id=7),value=<?>,index=31>
Variable Delete,method=Main#main:1 <name=newY,type=int (id=7),value=<?>,index=32>
Field Read,context=Main$Tuple:275,x
Field Read,context=Main,xDelta
Variable Write,context=Main#main:1,newX=0
Field Read,context=Main$Tuple:275,y
Field Read,context=Main,yDelta
Variable Write,context=Main#main:1,newY=4
Variable Write,context=Main#main:1,g=int[][]:3
New Object,object=Main$Tuple:278
Method Call,caller=Main#main:1,target=Main$Tuple:278#Main$Tuple:278
Variable Write,context=Main$Tuple:278#Main$Tuple:278,x=0
Variable Write,context=Main$Tuple:278#Main$Tuple:278,y=4
Field Write,context=Main$Tuple:278,x=0
Field Write,context=Main$Tuple:278,y=4
Method Exit,returner=Main$Tuple:278#Main$Tuple:278,value=<void>
Variable Delete,method=Main#main:1 <name=newX,type=int (id=7),value=<?>,index=31>
Variable Delete,method=Main#main:1 <name=newY,type=int (id=7),value=<?>,index=32>
Variable Delete,method=Main#main:1 <name=t,type=Main$Tuple (id=90),value=<?>,index=29>
Variable Delete,method=Main#main:1 <name=i,type=int (id=7),value=<?>,index=30>
Variable Write,context=Main#main:1,t=Main$Tuple:276
Variable Write,context=Main#main:1,i=0
Field Read,context=Main$Tuple:276,x
Field Read,context=Main,xDelta
Variable Write,context=Main#main:1,newX=3
Field Read,context=Main$Tuple:276,y
Field Read,context=Main,yDelta
Variable Write,context=Main#main:1,newY=0
Variable Write,context=Main#main:1,i=1
Variable Delete,method=Main#main:1 <name=newX,type=int (id=7),value=<?>,index=31>
Variable Delete,method=Main#main:1 <name=newY,type=int (id=7),value=<?>,index=32>
Field Read,context=Main$Tuple:276,x
Field Read,context=Main,xDelta
Variable Write,context=Main#main:1,newX=5
Field Read,context=Main$Tuple:276,y
Field Read,context=Main,yDelta
Variable Write,context=Main#main:1,newY=0
Variable Write,context=Main#main:1,g=int[][]:3
New Object,object=Main$Tuple:279
Method Call,caller=Main#main:1,target=Main$Tuple:279#Main$Tuple:279
Variable Write,context=Main$Tuple:279#Main$Tuple:279,x=5
Variable Write,context=Main$Tuple:279#Main$Tuple:279,y=0
Field Write,context=Main$Tuple:279,x=5
Field Write,context=Main$Tuple:279,y=0
Method Exit,returner=Main$Tuple:279#Main$Tuple:279,value=<void>
Variable Write,context=Main#main:1,i=2
Variable Delete,method=Main#main:1 <name=newX,type=int (id=7),value=<?>,index=31>
Variable Delete,method=Main#main:1 <name=newY,type=int (id=7),value=<?>,index=32>
Field Read,context=Main$Tuple:276,x
Field Read,context=Main,xDelta
Variable Write,context=Main#main:1,newX=4
Field Read,context=Main$Tuple:276,y
Field Read,context=Main,yDelta
Variable Write,context=Main#main:1,newY=-1
Variable Write,context=Main#main:1,i=3
Variable Delete,method=Main#main:1 <name=newX,type=int (id=7),value=<?>,index=31>
Variable Delete,method=Main#main:1 <name=newY,type=int (id=7),value=<?>,index=32>
Field Read,context=Main$Tuple:276,x
Field Read,context=Main,xDelta
Variable Write,context=Main#main:1,newX=4
Field Read,context=Main$Tuple:276,y
Field Read,context=Main,yDelta
Variable Write,context=Main#main:1,newY=1
Variable Delete,method=Main#main:1 <name=newX,type=int (id=7),value=<?>,index=31>
Variable Delete,method=Main#main:1 <name=newY,type=int (id=7),value=<?>,index=32>
Variable Delete,method=Main#main:1 <name=t,type=Main$Tuple (id=90),value=<?>,index=29>
Variable Delete,method=Main#main:1 <name=i,type=int (id=7),value=<?>,index=30>
Variable Write,context=Main#main:1,t=Main$Tuple:277
Variable Write,context=Main#main:1,i=0
Field Read,context=Main$Tuple:277,x
Field Read,context=Main,xDelta
Variable Write,context=Main#main:1,newX=1
Field Read,context=Main$Tuple:277,y
Field Read,context=Main,yDelta
Variable Write,context=Main#main:1,newY=2
Variable Write,context=Main#main:1,i=1
Variable Delete,method=Main#main:1 <name=newX,type=int (id=7),value=<?>,index=31>
Variable Delete,method=Main#main:1 <name=newY,type=int (id=7),value=<?>,index=32>
Field Read,context=Main$Tuple:277,x
Field Read,context=Main,xDelta
Variable Write,context=Main#main:1,newX=3
Field Read,context=Main$Tuple:277,y
Field Read,context=Main,yDelta
Variable Write,context=Main#main:1,newY=2
Variable Write,context=Main#main:1,i=2
Variable Delete,method=Main#main:1 <name=newX,type=int (id=7),value=<?>,index=31>
Variable Delete,method=Main#main:1 <name=newY,type=int (id=7),value=<?>,index=32>
Field Read,context=Main$Tuple:277,x
Field Read,context=Main,xDelta
Variable Write,context=Main#main:1,newX=2
Field Read,context=Main$Tuple:277,y
Field Read,context=Main,yDelta
Variable Write,context=Main#main:1,newY=1
Variable Write,context=Main#main:1,i=3
Variable Delete,method=Main#main:1 <name=newX,type=int (id=7),value=<?>,index=31>
Variable Delete,method=Main#main:1 <name=newY,type=int (id=7),value=<?>,index=32>
Field Read,context=Main$Tuple:277,x
Field Read,context=Main,xDelta
Variable Write,context=Main#main:1,newX=2
Field Read,context=Main$Tuple:277,y
Field Read,context=Main,yDelta
Variable Write,context=Main#main:1,newY=3
Variable Delete,method=Main#main:1 <name=newX,type=int (id=7),value=<?>,index=31>
Variable Delete,method=Main#main:1 <name=newY,type=int (id=7),value=<?>,index=32>
Variable Delete,method=Main#main:1 <name=t,type=Main$Tuple (id=90),value=<?>,index=29>
Variable Delete,method=Main#main:1 <name=i,type=int (id=7),value=<?>,index=30>
Variable Write,context=Main#main:1,t=Main$Tuple:278
Variable Write,context=Main#main:1,i=0
Field Read,context=Main$Tuple:278,x
Field Read,context=Main,xDelta
Variable Write,context=Main#main:1,newX=-1
Field Read,context=Main$Tuple:278,y
Field Read,context=Main,yDelta
Variable Write,context=Main#main:1,newY=4
Variable Write,context=Main#main:1,i=1
Variable Delete,method=Main#main:1 <name=newX,type=int (id=7),value=<?>,index=31>
Variable Delete,method=Main#main:1 <name=newY,type=int (id=7),value=<?>,index=32>
Field Read,context=Main$Tuple:278,x
Field Read,context=Main,xDelta
Variable Write,context=Main#main:1,newX=1
Field Read,context=Main$Tuple:278,y
Field Read,context=Main,yDelta
Variable Write,context=Main#main:1,newY=4
Variable Write,context=Main#main:1,i=2
Variable Delete,method=Main#main:1 <name=newX,type=int (id=7),value=<?>,index=31>
Variable Delete,method=Main#main:1 <name=newY,type=int (id=7),value=<?>,index=32>
Field Read,context=Main$Tuple:278,x
Field Read,context=Main,xDelta
Variable Write,context=Main#main:1,newX=0
Field Read,context=Main$Tuple:278,y
Field Read,context=Main,yDelta
Variable Write,context=Main#main:1,newY=3
Variable Write,context=Main#main:1,i=3
Variable Delete,method=Main#main:1 <name=newX,type=int (id=7),value=<?>,index=31>
Variable Delete,method=Main#main:1 <name=newY,type=int (id=7),value=<?>,index=32>
Field Read,context=Main$Tuple:278,x
Field Read,context=Main,xDelta
Variable Write,context=Main#main:1,newX=0
Field Read,context=Main$Tuple:278,y
Field Read,context=Main,yDelta
Variable Write,context=Main#main:1,newY=5
Variable Write,context=Main#main:1,g=int[][]:3
New Object,object=Main$Tuple:280
Method Call,caller=Main#main:1,target=Main$Tuple:280#Main$Tuple:280
Variable Write,context=Main$Tuple:280#Main$Tuple:280,x=0
Variable Write,context=Main$Tuple:280#Main$Tuple:280,y=5
Field Write,context=Main$Tuple:280,x=0
Field Write,context=Main$Tuple:280,y=5
Method Exit,returner=Main$Tuple:280#Main$Tuple:280,value=<void>
Variable Delete,method=Main#main:1 <name=newX,type=int (id=7),value=<?>,index=31>
Variable Delete,method=Main#main:1 <name=newY,type=int (id=7),value=<?>,index=32>
Variable Delete,method=Main#main:1 <name=t,type=Main$Tuple (id=90),value=<?>,index=29>
Variable Delete,method=Main#main:1 <name=i,type=int (id=7),value=<?>,index=30>
Variable Write,context=Main#main:1,t=Main$Tuple:279
Variable Write,context=Main#main:1,i=0
Field Read,context=Main$Tuple:279,x
Field Read,context=Main,xDelta
Variable Write,context=Main#main:1,newX=4
Field Read,context=Main$Tuple:279,y
Field Read,context=Main,yDelta
Variable Write,context=Main#main:1,newY=0
Variable Write,context=Main#main:1,i=1
Variable Delete,method=Main#main:1 <name=newX,type=int (id=7),value=<?>,index=31>
Variable Delete,method=Main#main:1 <name=newY,type=int (id=7),value=<?>,index=32>
Field Read,context=Main$Tuple:279,x
Field Read,context=Main,xDelta
Variable Write,context=Main#main:1,newX=6
Field Read,context=Main$Tuple:279,y
Field Read,context=Main,yDelta
Variable Write,context=Main#main:1,newY=0
Variable Write,context=Main#main:1,g=int[][]:3
New Object,object=Main$Tuple:281
Method Call,caller=Main#main:1,target=Main$Tuple:281#Main$Tuple:281
Variable Write,context=Main$Tuple:281#Main$Tuple:281,x=6
Variable Write,context=Main$Tuple:281#Main$Tuple:281,y=0
Field Write,context=Main$Tuple:281,x=6
Field Write,context=Main$Tuple:281,y=0
Method Exit,returner=Main$Tuple:281#Main$Tuple:281,value=<void>
Variable Write,context=Main#main:1,i=2
Variable Delete,method=Main#main:1 <name=newX,type=int (id=7),value=<?>,index=31>
Variable Delete,method=Main#main:1 <name=newY,type=int (id=7),value=<?>,index=32>
Field Read,context=Main$Tuple:279,x
Field Read,context=Main,xDelta
Variable Write,context=Main#main:1,newX=5
Field Read,context=Main$Tuple:279,y
Field Read,context=Main,yDelta
Variable Write,context=Main#main:1,newY=-1
Variable Write,context=Main#main:1,i=3
Variable Delete,method=Main#main:1 <name=newX,type=int (id=7),value=<?>,index=31>
Variable Delete,method=Main#main:1 <name=newY,type=int (id=7),value=<?>,index=32>
Field Read,context=Main$Tuple:279,x
Field Read,context=Main,xDelta
Variable Write,context=Main#main:1,newX=5
Field Read,context=Main$Tuple:279,y
Field Read,context=Main,yDelta
Variable Write,context=Main#main:1,newY=1
Variable Delete,method=Main#main:1 <name=newX,type=int (id=7),value=<?>,index=31>
Variable Delete,method=Main#main:1 <name=newY,type=int (id=7),value=<?>,index=32>
Variable Delete,method=Main#main:1 <name=t,type=Main$Tuple (id=90),value=<?>,index=29>
Variable Delete,method=Main#main:1 <name=i,type=int (id=7),value=<?>,index=30>
Variable Write,context=Main#main:1,t=Main$Tuple:280
Variable Write,context=Main#main:1,i=0
Field Read,context=Main$Tuple:280,x
Field Read,context=Main,xDelta
Variable Write,context=Main#main:1,newX=-1
Field Read,context=Main$Tuple:280,y
Field Read,context=Main,yDelta
Variable Write,context=Main#main:1,newY=5
Variable Write,context=Main#main:1,i=1
Variable Delete,method=Main#main:1 <name=newX,type=int (id=7),value=<?>,index=31>
Variable Delete,method=Main#main:1 <name=newY,type=int (id=7),value=<?>,index=32>
Field Read,context=Main$Tuple:280,x
Field Read,context=Main,xDelta
Variable Write,context=Main#main:1,newX=1
Field Read,context=Main$Tuple:280,y
Field Read,context=Main,yDelta
Variable Write,context=Main#main:1,newY=5
Variable Write,context=Main#main:1,i=2
Variable Delete,method=Main#main:1 <name=newX,type=int (id=7),value=<?>,index=31>
Variable Delete,method=Main#main:1 <name=newY,type=int (id=7),value=<?>,index=32>
Field Read,context=Main$Tuple:280,x
Field Read,context=Main,xDelta
Variable Write,context=Main#main:1,newX=0
Field Read,context=Main$Tuple:280,y
Field Read,context=Main,yDelta
Variable Write,context=Main#main:1,newY=4
Variable Write,context=Main#main:1,i=3
Variable Delete,method=Main#main:1 <name=newX,type=int (id=7),value=<?>,index=31>
Variable Delete,method=Main#main:1 <name=newY,type=int (id=7),value=<?>,index=32>
Field Read,context=Main$Tuple:280,x
Field Read,context=Main,xDelta
Variable Write,context=Main#main:1,newX=0
Field Read,context=Main$Tuple:280,y
Field Read,context=Main,yDelta
Variable Write,context=Main#main:1,newY=6
Variable Write,context=Main#main:1,g=int[][]:3
New Object,object=Main$Tuple:282
Method Call,caller=Main#main:1,target=Main$Tuple:282#Main$Tuple:282
Variable Write,context=Main$Tuple:282#Main$Tuple:282,x=0
Variable Write,context=Main$Tuple:282#Main$Tuple:282,y=6
Field Write,context=Main$Tuple:282,x=0
Field Write,context=Main$Tuple:282,y=6
Method Exit,returner=Main$Tuple:282#Main$Tuple:282,value=<void>
Variable Delete,method=Main#main:1 <name=newX,type=int (id=7),value=<?>,index=31>
Variable Delete,method=Main#main:1 <name=newY,type=int (id=7),value=<?>,index=32>
Variable Delete,method=Main#main:1 <name=t,type=Main$Tuple (id=90),value=<?>,index=29>
Variable Delete,method=Main#main:1 <name=i,type=int (id=7),value=<?>,index=30>
Variable Write,context=Main#main:1,t=Main$Tuple:281
Variable Write,context=Main#main:1,i=0
Field Read,context=Main$Tuple:281,x
Field Read,context=Main,xDelta
Variable Write,context=Main#main:1,newX=5
Field Read,context=Main$Tuple:281,y
Field Read,context=Main,yDelta
Variable Write,context=Main#main:1,newY=0
Variable Write,context=Main#main:1,i=1
Variable Delete,method=Main#main:1 <name=newX,type=int (id=7),value=<?>,index=31>
Variable Delete,method=Main#main:1 <name=newY,type=int (id=7),value=<?>,index=32>
Field Read,context=Main$Tuple:281,x
Field Read,context=Main,xDelta
Variable Write,context=Main#main:1,newX=7
Field Read,context=Main$Tuple:281,y
Field Read,context=Main,yDelta
Variable Write,context=Main#main:1,newY=0
Variable Write,context=Main#main:1,g=int[][]:3
New Object,object=Main$Tuple:283
Method Call,caller=Main#main:1,target=Main$Tuple:283#Main$Tuple:283
Variable Write,context=Main$Tuple:283#Main$Tuple:283,x=7
Variable Write,context=Main$Tuple:283#Main$Tuple:283,y=0
Field Write,context=Main$Tuple:283,x=7
Field Write,context=Main$Tuple:283,y=0
Method Exit,returner=Main$Tuple:283#Main$Tuple:283,value=<void>
Variable Write,context=Main#main:1,i=2
Variable Delete,method=Main#main:1 <name=newX,type=int (id=7),value=<?>,index=31>
Variable Delete,method=Main#main:1 <name=newY,type=int (id=7),value=<?>,index=32>
Field Read,context=Main$Tuple:281,x
Field Read,context=Main,xDelta
Variable Write,context=Main#main:1,newX=6
Field Read,context=Main$Tuple:281,y
Field Read,context=Main,yDelta
Variable Write,context=Main#main:1,newY=-1
Variable Write,context=Main#main:1,i=3
Variable Delete,method=Main#main:1 <name=newX,type=int (id=7),value=<?>,index=31>
Variable Delete,method=Main#main:1 <name=newY,type=int (id=7),value=<?>,index=32>
Field Read,context=Main$Tuple:281,x
Field Read,context=Main,xDelta
Variable Write,context=Main#main:1,newX=6
Field Read,context=Main$Tuple:281,y
Field Read,context=Main,yDelta
Variable Write,context=Main#main:1,newY=1
Variable Write,context=Main#main:1,g=int[][]:3
New Object,object=Main$Tuple:284
Method Call,caller=Main#main:1,target=Main$Tuple:284#Main$Tuple:284
Variable Write,context=Main$Tuple:284#Main$Tuple:284,x=6
Variable Write,context=Main$Tuple:284#Main$Tuple:284,y=1
Field Write,context=Main$Tuple:284,x=6
Field Write,context=Main$Tuple:284,y=1
Method Exit,returner=Main$Tuple:284#Main$Tuple:284,value=<void>
Variable Delete,method=Main#main:1 <name=newX,type=int (id=7),value=<?>,index=31>
Variable Delete,method=Main#main:1 <name=newY,type=int (id=7),value=<?>,index=32>
Variable Delete,method=Main#main:1 <name=t,type=Main$Tuple (id=90),value=<?>,index=29>
Variable Delete,method=Main#main:1 <name=i,type=int (id=7),value=<?>,index=30>
Variable Write,context=Main#main:1,t=Main$Tuple:282
Variable Write,context=Main#main:1,i=0
Field Read,context=Main$Tuple:282,x
Field Read,context=Main,xDelta
Variable Write,context=Main#main:1,newX=-1
Field Read,context=Main$Tuple:282,y
Field Read,context=Main,yDelta
Variable Write,context=Main#main:1,newY=6
Variable Write,context=Main#main:1,i=1
Variable Delete,method=Main#main:1 <name=newX,type=int (id=7),value=<?>,index=31>
Variable Delete,method=Main#main:1 <name=newY,type=int (id=7),value=<?>,index=32>
Field Read,context=Main$Tuple:282,x
Field Read,context=Main,xDelta
Variable Write,context=Main#main:1,newX=1
Field Read,context=Main$Tuple:282,y
Field Read,context=Main,yDelta
Variable Write,context=Main#main:1,newY=6
Variable Write,context=Main#main:1,g=int[][]:3
New Object,object=Main$Tuple:285
Method Call,caller=Main#main:1,target=Main$Tuple:285#Main$Tuple:285
Variable Write,context=Main$Tuple:285#Main$Tuple:285,x=1
Variable Write,context=Main$Tuple:285#Main$Tuple:285,y=6
Field Write,context=Main$Tuple:285,x=1
Field Write,context=Main$Tuple:285,y=6
Method Exit,returner=Main$Tuple:285#Main$Tuple:285,value=<void>
Variable Write,context=Main#main:1,i=2
Variable Delete,method=Main#main:1 <name=newX,type=int (id=7),value=<?>,index=31>
Variable Delete,method=Main#main:1 <name=newY,type=int (id=7),value=<?>,index=32>
Field Read,context=Main$Tuple:282,x
Field Read,context=Main,xDelta
Variable Write,context=Main#main:1,newX=0
Field Read,context=Main$Tuple:282,y
Field Read,context=Main,yDelta
Variable Write,context=Main#main:1,newY=5
Variable Write,context=Main#main:1,i=3
Variable Delete,method=Main#main:1 <name=newX,type=int (id=7),value=<?>,index=31>
Variable Delete,method=Main#main:1 <name=newY,type=int (id=7),value=<?>,index=32>
Field Read,context=Main$Tuple:282,x
Field Read,context=Main,xDelta
Variable Write,context=Main#main:1,newX=0
Field Read,context=Main$Tuple:282,y
Field Read,context=Main,yDelta
Variable Write,context=Main#main:1,newY=7
Variable Write,context=Main#main:1,g=int[][]:3
New Object,object=Main$Tuple:286
Method Call,caller=Main#main:1,target=Main$Tuple:286#Main$Tuple:286
Variable Write,context=Main$Tuple:286#Main$Tuple:286,x=0
Variable Write,context=Main$Tuple:286#Main$Tuple:286,y=7
Field Write,context=Main$Tuple:286,x=0
Field Write,context=Main$Tuple:286,y=7
Method Exit,returner=Main$Tuple:286#Main$Tuple:286,value=<void>
Variable Delete,method=Main#main:1 <name=newX,type=int (id=7),value=<?>,index=31>
Variable Delete,method=Main#main:1 <name=newY,type=int (id=7),value=<?>,index=32>
Variable Delete,method=Main#main:1 <name=t,type=Main$Tuple (id=90),value=<?>,index=29>
Variable Delete,method=Main#main:1 <name=i,type=int (id=7),value=<?>,index=30>
Variable Write,context=Main#main:1,t=Main$Tuple:283
Variable Write,context=Main#main:1,i=0
Field Read,context=Main$Tuple:283,x
Field Read,context=Main,xDelta
Variable Write,context=Main#main:1,newX=6
Field Read,context=Main$Tuple:283,y
Field Read,context=Main,yDelta
Variable Write,context=Main#main:1,newY=0
Variable Write,context=Main#main:1,i=1
Variable Delete,method=Main#main:1 <name=newX,type=int (id=7),value=<?>,index=31>
Variable Delete,method=Main#main:1 <name=newY,type=int (id=7),value=<?>,index=32>
Field Read,context=Main$Tuple:283,x
Field Read,context=Main,xDelta
Variable Write,context=Main#main:1,newX=8
Field Read,context=Main$Tuple:283,y
Field Read,context=Main,yDelta
Variable Write,context=Main#main:1,newY=0
Variable Write,context=Main#main:1,g=int[][]:3
New Object,object=Main$Tuple:287
Method Call,caller=Main#main:1,target=Main$Tuple:287#Main$Tuple:287
Variable Write,context=Main$Tuple:287#Main$Tuple:287,x=8
Variable Write,context=Main$Tuple:287#Main$Tuple:287,y=0
Field Write,context=Main$Tuple:287,x=8
Field Write,context=Main$Tuple:287,y=0
Method Exit,returner=Main$Tuple:287#Main$Tuple:287,value=<void>
Variable Write,context=Main#main:1,i=2
Variable Delete,method=Main#main:1 <name=newX,type=int (id=7),value=<?>,index=31>
Variable Delete,method=Main#main:1 <name=newY,type=int (id=7),value=<?>,index=32>
Field Read,context=Main$Tuple:283,x
Field Read,context=Main,xDelta
Variable Write,context=Main#main:1,newX=7
Field Read,context=Main$Tuple:283,y
Field Read,context=Main,yDelta
Variable Write,context=Main#main:1,newY=-1
Variable Write,context=Main#main:1,i=3
Variable Delete,method=Main#main:1 <name=newX,type=int (id=7),value=<?>,index=31>
Variable Delete,method=Main#main:1 <name=newY,type=int (id=7),value=<?>,index=32>
Field Read,context=Main$Tuple:283,x
Field Read,context=Main,xDelta
Variable Write,context=Main#main:1,newX=7
Field Read,context=Main$Tuple:283,y
Field Read,context=Main,yDelta
Variable Write,context=Main#main:1,newY=1
Variable Write,context=Main#main:1,g=int[][]:3
New Object,object=Main$Tuple:288
Method Call,caller=Main#main:1,target=Main$Tuple:288#Main$Tuple:288
Variable Write,context=Main$Tuple:288#Main$Tuple:288,x=7
Variable Write,context=Main$Tuple:288#Main$Tuple:288,y=1
Field Write,context=Main$Tuple:288,x=7
Field Write,context=Main$Tuple:288,y=1
Method Exit,returner=Main$Tuple:288#Main$Tuple:288,value=<void>
Variable Delete,method=Main#main:1 <name=newX,type=int (id=7),value=<?>,index=31>
Variable Delete,method=Main#main:1 <name=newY,type=int (id=7),value=<?>,index=32>
Variable Delete,method=Main#main:1 <name=t,type=Main$Tuple (id=90),value=<?>,index=29>
Variable Delete,method=Main#main:1 <name=i,type=int (id=7),value=<?>,index=30>
Variable Write,context=Main#main:1,t=Main$Tuple:284
Variable Write,context=Main#main:1,i=0
Field Read,context=Main$Tuple:284,x
Field Read,context=Main,xDelta
Variable Write,context=Main#main:1,newX=5
Field Read,context=Main$Tuple:284,y
Field Read,context=Main,yDelta
Variable Write,context=Main#main:1,newY=1
Variable Write,context=Main#main:1,i=1
Variable Delete,method=Main#main:1 <name=newX,type=int (id=7),value=<?>,index=31>
Variable Delete,method=Main#main:1 <name=newY,type=int (id=7),value=<?>,index=32>
Field Read,context=Main$Tuple:284,x
Field Read,context=Main,xDelta
Variable Write,context=Main#main:1,newX=7
Field Read,context=Main$Tuple:284,y
Field Read,context=Main,yDelta
Variable Write,context=Main#main:1,newY=1
Variable Write,context=Main#main:1,i=2
Variable Delete,method=Main#main:1 <name=newX,type=int (id=7),value=<?>,index=31>
Variable Delete,method=Main#main:1 <name=newY,type=int (id=7),value=<?>,index=32>
Field Read,context=Main$Tuple:284,x
Field Read,context=Main,xDelta
Variable Write,context=Main#main:1,newX=6
Field Read,context=Main$Tuple:284,y
Field Read,context=Main,yDelta
Variable Write,context=Main#main:1,newY=0
Variable Write,context=Main#main:1,i=3
Variable Delete,method=Main#main:1 <name=newX,type=int (id=7),value=<?>,index=31>
Variable Delete,method=Main#main:1 <name=newY,type=int (id=7),value=<?>,index=32>
Field Read,context=Main$Tuple:284,x
Field Read,context=Main,xDelta
Variable Write,context=Main#main:1,newX=6
Field Read,context=Main$Tuple:284,y
Field Read,context=Main,yDelta
Variable Write,context=Main#main:1,newY=2
Variable Write,context=Main#main:1,g=int[][]:3
New Object,object=Main$Tuple:289
Method Call,caller=Main#main:1,target=Main$Tuple:289#Main$Tuple:289
Variable Write,context=Main$Tuple:289#Main$Tuple:289,x=6
Variable Write,context=Main$Tuple:289#Main$Tuple:289,y=2
Field Write,context=Main$Tuple:289,x=6
Field Write,context=Main$Tuple:289,y=2
Method Exit,returner=Main$Tuple:289#Main$Tuple:289,value=<void>
Variable Delete,method=Main#main:1 <name=newX,type=int (id=7),value=<?>,index=31>
Variable Delete,method=Main#main:1 <name=newY,type=int (id=7),value=<?>,index=32>
Variable Delete,method=Main#main:1 <name=t,type=Main$Tuple (id=90),value=<?>,index=29>
Variable Delete,method=Main#main:1 <name=i,type=int (id=7),value=<?>,index=30>
Variable Write,context=Main#main:1,t=Main$Tuple:285
Variable Write,context=Main#main:1,i=0
Field Read,context=Main$Tuple:285,x
Field Read,context=Main,xDelta
Variable Write,context=Main#main:1,newX=0
Field Read,context=Main$Tuple:285,y
Field Read,context=Main,yDelta
Variable Write,context=Main#main:1,newY=6
Variable Write,context=Main#main:1,i=1
Variable Delete,method=Main#main:1 <name=newX,type=int (id=7),value=<?>,index=31>
Variable Delete,method=Main#main:1 <name=newY,type=int (id=7),value=<?>,index=32>
Field Read,context=Main$Tuple:285,x
Field Read,context=Main,xDelta
Variable Write,context=Main#main:1,newX=2
Field Read,context=Main$Tuple:285,y
Field Read,context=Main,yDelta
Variable Write,context=Main#main:1,newY=6
Variable Write,context=Main#main:1,g=int[][]:3
New Object,object=Main$Tuple:290
Method Call,caller=Main#main:1,target=Main$Tuple:290#Main$Tuple:290
Variable Write,context=Main$Tuple:290#Main$Tuple:290,x=2
Variable Write,context=Main$Tuple:290#Main$Tuple:290,y=6
Field Write,context=Main$Tuple:290,x=2
Field Write,context=Main$Tuple:290,y=6
Method Exit,returner=Main$Tuple:290#Main$Tuple:290,value=<void>
Variable Write,context=Main#main:1,i=2
Variable Delete,method=Main#main:1 <name=newX,type=int (id=7),value=<?>,index=31>
Variable Delete,method=Main#main:1 <name=newY,type=int (id=7),value=<?>,index=32>
Field Read,context=Main$Tuple:285,x
Field Read,context=Main,xDelta
Variable Write,context=Main#main:1,newX=1
Field Read,context=Main$Tuple:285,y
Field Read,context=Main,yDelta
Variable Write,context=Main#main:1,newY=5
Variable Write,context=Main#main:1,i=3
Variable Delete,method=Main#main:1 <name=newX,type=int (id=7),value=<?>,index=31>
Variable Delete,method=Main#main:1 <name=newY,type=int (id=7),value=<?>,index=32>
Field Read,context=Main$Tuple:285,x
Field Read,context=Main,xDelta
Variable Write,context=Main#main:1,newX=1
Field Read,context=Main$Tuple:285,y
Field Read,context=Main,yDelta
Variable Write,context=Main#main:1,newY=7
Variable Write,context=Main#main:1,g=int[][]:3
New Object,object=Main$Tuple:291
Method Call,caller=Main#main:1,target=Main$Tuple:291#Main$Tuple:291
Variable Write,context=Main$Tuple:291#Main$Tuple:291,x=1
Variable Write,context=Main$Tuple:291#Main$Tuple:291,y=7
Field Write,context=Main$Tuple:291,x=1
Field Write,context=Main$Tuple:291,y=7
Method Exit,returner=Main$Tuple:291#Main$Tuple:291,value=<void>
Variable Delete,method=Main#main:1 <name=newX,type=int (id=7),value=<?>,index=31>
Variable Delete,method=Main#main:1 <name=newY,type=int (id=7),value=<?>,index=32>
Variable Delete,method=Main#main:1 <name=t,type=Main$Tuple (id=90),value=<?>,index=29>
Variable Delete,method=Main#main:1 <name=i,type=int (id=7),value=<?>,index=30>
Variable Write,context=Main#main:1,t=Main$Tuple:286
Variable Write,context=Main#main:1,i=0
Field Read,context=Main$Tuple:286,x
Field Read,context=Main,xDelta
Variable Write,context=Main#main:1,newX=-1
Field Read,context=Main$Tuple:286,y
Field Read,context=Main,yDelta
Variable Write,context=Main#main:1,newY=7
Variable Write,context=Main#main:1,i=1
Variable Delete,method=Main#main:1 <name=newX,type=int (id=7),value=<?>,index=31>
Variable Delete,method=Main#main:1 <name=newY,type=int (id=7),value=<?>,index=32>
Field Read,context=Main$Tuple:286,x
Field Read,context=Main,xDelta
Variable Write,context=Main#main:1,newX=1
Field Read,context=Main$Tuple:286,y
Field Read,context=Main,yDelta
Variable Write,context=Main#main:1,newY=7
Variable Write,context=Main#main:1,i=2
Variable Delete,method=Main#main:1 <name=newX,type=int (id=7),value=<?>,index=31>
Variable Delete,method=Main#main:1 <name=newY,type=int (id=7),value=<?>,index=32>
Field Read,context=Main$Tuple:286,x
Field Read,context=Main,xDelta
Variable Write,context=Main#main:1,newX=0
Field Read,context=Main$Tuple:286,y
Field Read,context=Main,yDelta
Variable Write,context=Main#main:1,newY=6
Variable Write,context=Main#main:1,i=3
Variable Delete,method=Main#main:1 <name=newX,type=int (id=7),value=<?>,index=31>
Variable Delete,method=Main#main:1 <name=newY,type=int (id=7),value=<?>,index=32>
Field Read,context=Main$Tuple:286,x
Field Read,context=Main,xDelta
Variable Write,context=Main#main:1,newX=0
Field Read,context=Main$Tuple:286,y
Field Read,context=Main,yDelta
Variable Write,context=Main#main:1,newY=8
Variable Write,context=Main#main:1,g=int[][]:3
New Object,object=Main$Tuple:292
Method Call,caller=Main#main:1,target=Main$Tuple:292#Main$Tuple:292
Variable Write,context=Main$Tuple:292#Main$Tuple:292,x=0
Variable Write,context=Main$Tuple:292#Main$Tuple:292,y=8
Field Write,context=Main$Tuple:292,x=0
Field Write,context=Main$Tuple:292,y=8
Method Exit,returner=Main$Tuple:292#Main$Tuple:292,value=<void>
Variable Delete,method=Main#main:1 <name=newX,type=int (id=7),value=<?>,index=31>
Variable Delete,method=Main#main:1 <name=newY,type=int (id=7),value=<?>,index=32>
Variable Delete,method=Main#main:1 <name=t,type=Main$Tuple (id=90),value=<?>,index=29>
Variable Delete,method=Main#main:1 <name=i,type=int (id=7),value=<?>,index=30>
Variable Write,context=Main#main:1,t=Main$Tuple:287
Variable Write,context=Main#main:1,i=0
Field Read,context=Main$Tuple:287,x
Field Read,context=Main,xDelta
Variable Write,context=Main#main:1,newX=7
Field Read,context=Main$Tuple:287,y
Field Read,context=Main,yDelta
Variable Write,context=Main#main:1,newY=0
Variable Write,context=Main#main:1,i=1
Variable Delete,method=Main#main:1 <name=newX,type=int (id=7),value=<?>,index=31>
Variable Delete,method=Main#main:1 <name=newY,type=int (id=7),value=<?>,index=32>
Field Read,context=Main$Tuple:287,x
Field Read,context=Main,xDelta
Variable Write,context=Main#main:1,newX=9
Field Read,context=Main$Tuple:287,y
Field Read,context=Main,yDelta
Variable Write,context=Main#main:1,newY=0
Variable Write,context=Main#main:1,i=2
Variable Delete,method=Main#main:1 <name=newX,type=int (id=7),value=<?>,index=31>
Variable Delete,method=Main#main:1 <name=newY,type=int (id=7),value=<?>,index=32>
Field Read,context=Main$Tuple:287,x
Field Read,context=Main,xDelta
Variable Write,context=Main#main:1,newX=8
Field Read,context=Main$Tuple:287,y
Field Read,context=Main,yDelta
Variable Write,context=Main#main:1,newY=-1
Variable Write,context=Main#main:1,i=3
Variable Delete,method=Main#main:1 <name=newX,type=int (id=7),value=<?>,index=31>
Variable Delete,method=Main#main:1 <name=newY,type=int (id=7),value=<?>,index=32>
Field Read,context=Main$Tuple:287,x
Field Read,context=Main,xDelta
Variable Write,context=Main#main:1,newX=8
Field Read,context=Main$Tuple:287,y
Field Read,context=Main,yDelta
Variable Write,context=Main#main:1,newY=1
Variable Write,context=Main#main:1,g=int[][]:3
New Object,object=Main$Tuple:293
Method Call,caller=Main#main:1,target=Main$Tuple:293#Main$Tuple:293
Variable Write,context=Main$Tuple:293#Main$Tuple:293,x=8
Variable Write,context=Main$Tuple:293#Main$Tuple:293,y=1
Field Write,context=Main$Tuple:293,x=8
Field Write,context=Main$Tuple:293,y=1
Method Exit,returner=Main$Tuple:293#Main$Tuple:293,value=<void>
Variable Delete,method=Main#main:1 <name=newX,type=int (id=7),value=<?>,index=31>
Variable Delete,method=Main#main:1 <name=newY,type=int (id=7),value=<?>,index=32>
Variable Delete,method=Main#main:1 <name=t,type=Main$Tuple (id=90),value=<?>,index=29>
Variable Delete,method=Main#main:1 <name=i,type=int (id=7),value=<?>,index=30>
Variable Write,context=Main#main:1,t=Main$Tuple:288
Variable Write,context=Main#main:1,i=0
Field Read,context=Main$Tuple:288,x
Field Read,context=Main,xDelta
Variable Write,context=Main#main:1,newX=6
Field Read,context=Main$Tuple:288,y
Field Read,context=Main,yDelta
Variable Write,context=Main#main:1,newY=1
Variable Write,context=Main#main:1,i=1
Variable Delete,method=Main#main:1 <name=newX,type=int (id=7),value=<?>,index=31>
Variable Delete,method=Main#main:1 <name=newY,type=int (id=7),value=<?>,index=32>
Field Read,context=Main$Tuple:288,x
Field Read,context=Main,xDelta
Variable Write,context=Main#main:1,newX=8
Field Read,context=Main$Tuple:288,y
Field Read,context=Main,yDelta
Variable Write,context=Main#main:1,newY=1
Variable Write,context=Main#main:1,i=2
Variable Delete,method=Main#main:1 <name=newX,type=int (id=7),value=<?>,index=31>
Variable Delete,method=Main#main:1 <name=newY,type=int (id=7),value=<?>,index=32>
Field Read,context=Main$Tuple:288,x
Field Read,context=Main,xDelta
Variable Write,context=Main#main:1,newX=7
Field Read,context=Main$Tuple:288,y
Field Read,context=Main,yDelta
Variable Write,context=Main#main:1,newY=0
Variable Write,context=Main#main:1,i=3
Variable Delete,method=Main#main:1 <name=newX,type=int (id=7),value=<?>,index=31>
Variable Delete,method=Main#main:1 <name=newY,type=int (id=7),value=<?>,index=32>
Field Read,context=Main$Tuple:288,x
Field Read,context=Main,xDelta
Variable Write,context=Main#main:1,newX=7
Field Read,context=Main$Tuple:288,y
Field Read,context=Main,yDelta
Variable Write,context=Main#main:1,newY=2
Variable Write,context=Main#main:1,g=int[][]:3
New Object,object=Main$Tuple:294
Method Call,caller=Main#main:1,target=Main$Tuple:294#Main$Tuple:294
Variable Write,context=Main$Tuple:294#Main$Tuple:294,x=7
Variable Write,context=Main$Tuple:294#Main$Tuple:294,y=2
Field Write,context=Main$Tuple:294,x=7
Field Write,context=Main$Tuple:294,y=2
Method Exit,returner=Main$Tuple:294#Main$Tuple:294,value=<void>
Variable Delete,method=Main#main:1 <name=newX,type=int (id=7),value=<?>,index=31>
Variable Delete,method=Main#main:1 <name=newY,type=int (id=7),value=<?>,index=32>
Variable Delete,method=Main#main:1 <name=t,type=Main$Tuple (id=90),value=<?>,index=29>
Variable Delete,method=Main#main:1 <name=i,type=int (id=7),value=<?>,index=30>
Variable Write,context=Main#main:1,t=Main$Tuple:289
Variable Write,context=Main#main:1,i=0
Field Read,context=Main$Tuple:289,x
Field Read,context=Main,xDelta
Variable Write,context=Main#main:1,newX=5
Field Read,context=Main$Tuple:289,y
Field Read,context=Main,yDelta
Variable Write,context=Main#main:1,newY=2
Variable Write,context=Main#main:1,i=1
Variable Delete,method=Main#main:1 <name=newX,type=int (id=7),value=<?>,index=31>
Variable Delete,method=Main#main:1 <name=newY,type=int (id=7),value=<?>,index=32>
Field Read,context=Main$Tuple:289,x
Field Read,context=Main,xDelta
Variable Write,context=Main#main:1,newX=7
Field Read,context=Main$Tuple:289,y
Field Read,context=Main,yDelta
Variable Write,context=Main#main:1,newY=2
Variable Write,context=Main#main:1,i=2
Variable Delete,method=Main#main:1 <name=newX,type=int (id=7),value=<?>,index=31>
Variable Delete,method=Main#main:1 <name=newY,type=int (id=7),value=<?>,index=32>
Field Read,context=Main$Tuple:289,x
Field Read,context=Main,xDelta
Variable Write,context=Main#main:1,newX=6
Field Read,context=Main$Tuple:289,y
Field Read,context=Main,yDelta
Variable Write,context=Main#main:1,newY=1
Variable Write,context=Main#main:1,i=3
Variable Delete,method=Main#main:1 <name=newX,type=int (id=7),value=<?>,index=31>
Variable Delete,method=Main#main:1 <name=newY,type=int (id=7),value=<?>,index=32>
Field Read,context=Main$Tuple:289,x
Field Read,context=Main,xDelta
Variable Write,context=Main#main:1,newX=6
Field Read,context=Main$Tuple:289,y
Field Read,context=Main,yDelta
Variable Write,context=Main#main:1,newY=3
Variable Delete,method=Main#main:1 <name=newX,type=int (id=7),value=<?>,index=31>
Variable Delete,method=Main#main:1 <name=newY,type=int (id=7),value=<?>,index=32>
Variable Delete,method=Main#main:1 <name=t,type=Main$Tuple (id=90),value=<?>,index=29>
Variable Delete,method=Main#main:1 <name=i,type=int (id=7),value=<?>,index=30>
Variable Write,context=Main#main:1,t=Main$Tuple:290
Variable Write,context=Main#main:1,i=0
Field Read,context=Main$Tuple:290,x
Field Read,context=Main,xDelta
Variable Write,context=Main#main:1,newX=1
Field Read,context=Main$Tuple:290,y
Field Read,context=Main,yDelta
Variable Write,context=Main#main:1,newY=6
Variable Write,context=Main#main:1,i=1
Variable Delete,method=Main#main:1 <name=newX,type=int (id=7),value=<?>,index=31>
Variable Delete,method=Main#main:1 <name=newY,type=int (id=7),value=<?>,index=32>
Field Read,context=Main$Tuple:290,x
Field Read,context=Main,xDelta
Variable Write,context=Main#main:1,newX=3
Field Read,context=Main$Tuple:290,y
Field Read,context=Main,yDelta
Variable Write,context=Main#main:1,newY=6
Variable Write,context=Main#main:1,i=2
Variable Delete,method=Main#main:1 <name=newX,type=int (id=7),value=<?>,index=31>
Variable Delete,method=Main#main:1 <name=newY,type=int (id=7),value=<?>,index=32>
Field Read,context=Main$Tuple:290,x
Field Read,context=Main,xDelta
Variable Write,context=Main#main:1,newX=2
Field Read,context=Main$Tuple:290,y
Field Read,context=Main,yDelta
Variable Write,context=Main#main:1,newY=5
Variable Write,context=Main#main:1,i=3
Variable Delete,method=Main#main:1 <name=newX,type=int (id=7),value=<?>,index=31>
Variable Delete,method=Main#main:1 <name=newY,type=int (id=7),value=<?>,index=32>
Field Read,context=Main$Tuple:290,x
Field Read,context=Main,xDelta
Variable Write,context=Main#main:1,newX=2
Field Read,context=Main$Tuple:290,y
Field Read,context=Main,yDelta
Variable Write,context=Main#main:1,newY=7
Variable Write,context=Main#main:1,g=int[][]:3
New Object,object=Main$Tuple:295
Method Call,caller=Main#main:1,target=Main$Tuple:295#Main$Tuple:295
Variable Write,context=Main$Tuple:295#Main$Tuple:295,x=2
Variable Write,context=Main$Tuple:295#Main$Tuple:295,y=7
Field Write,context=Main$Tuple:295,x=2
Field Write,context=Main$Tuple:295,y=7
Method Exit,returner=Main$Tuple:295#Main$Tuple:295,value=<void>
Variable Delete,method=Main#main:1 <name=newX,type=int (id=7),value=<?>,index=31>
Variable Delete,method=Main#main:1 <name=newY,type=int (id=7),value=<?>,index=32>
Variable Delete,method=Main#main:1 <name=t,type=Main$Tuple (id=90),value=<?>,index=29>
Variable Delete,method=Main#main:1 <name=i,type=int (id=7),value=<?>,index=30>
Variable Write,context=Main#main:1,t=Main$Tuple:291
Variable Write,context=Main#main:1,i=0
Field Read,context=Main$Tuple:291,x
Field Read,context=Main,xDelta
Variable Write,context=Main#main:1,newX=0
Field Read,context=Main$Tuple:291,y
Field Read,context=Main,yDelta
Variable Write,context=Main#main:1,newY=7
Variable Write,context=Main#main:1,i=1
Variable Delete,method=Main#main:1 <name=newX,type=int (id=7),value=<?>,index=31>
Variable Delete,method=Main#main:1 <name=newY,type=int (id=7),value=<?>,index=32>
Field Read,context=Main$Tuple:291,x
Field Read,context=Main,xDelta
Variable Write,context=Main#main:1,newX=2
Field Read,context=Main$Tuple:291,y
Field Read,context=Main,yDelta
Variable Write,context=Main#main:1,newY=7
Variable Write,context=Main#main:1,i=2
Variable Delete,method=Main#main:1 <name=newX,type=int (id=7),value=<?>,index=31>
Variable Delete,method=Main#main:1 <name=newY,type=int (id=7),value=<?>,index=32>
Field Read,context=Main$Tuple:291,x
Field Read,context=Main,xDelta
Variable Write,context=Main#main:1,newX=1
Field Read,context=Main$Tuple:291,y
Field Read,context=Main,yDelta
Variable Write,context=Main#main:1,newY=6
Variable Write,context=Main#main:1,i=3
Variable Delete,method=Main#main:1 <name=newX,type=int (id=7),value=<?>,index=31>
Variable Delete,method=Main#main:1 <name=newY,type=int (id=7),value=<?>,index=32>
Field Read,context=Main$Tuple:291,x
Field Read,context=Main,xDelta
Variable Write,context=Main#main:1,newX=1
Field Read,context=Main$Tuple:291,y
Field Read,context=Main,yDelta
Variable Write,context=Main#main:1,newY=8
Variable Write,context=Main#main:1,g=int[][]:3
New Object,object=Main$Tuple:296
Method Call,caller=Main#main:1,target=Main$Tuple:296#Main$Tuple:296
Variable Write,context=Main$Tuple:296#Main$Tuple:296,x=1
Variable Write,context=Main$Tuple:296#Main$Tuple:296,y=8
Field Write,context=Main$Tuple:296,x=1
Field Write,context=Main$Tuple:296,y=8
Method Exit,returner=Main$Tuple:296#Main$Tuple:296,value=<void>
Variable Delete,method=Main#main:1 <name=newX,type=int (id=7),value=<?>,index=31>
Variable Delete,method=Main#main:1 <name=newY,type=int (id=7),value=<?>,index=32>
Variable Delete,method=Main#main:1 <name=t,type=Main$Tuple (id=90),value=<?>,index=29>
Variable Delete,method=Main#main:1 <name=i,type=int (id=7),value=<?>,index=30>
Variable Write,context=Main#main:1,t=Main$Tuple:292
Variable Write,context=Main#main:1,i=0
Field Read,context=Main$Tuple:292,x
Field Read,context=Main,xDelta
Variable Write,context=Main#main:1,newX=-1
Field Read,context=Main$Tuple:292,y
Field Read,context=Main,yDelta
Variable Write,context=Main#main:1,newY=8
Variable Write,context=Main#main:1,i=1
Variable Delete,method=Main#main:1 <name=newX,type=int (id=7),value=<?>,index=31>
Variable Delete,method=Main#main:1 <name=newY,type=int (id=7),value=<?>,index=32>
Field Read,context=Main$Tuple:292,x
Field Read,context=Main,xDelta
Variable Write,context=Main#main:1,newX=1
Field Read,context=Main$Tuple:292,y
Field Read,context=Main,yDelta
Variable Write,context=Main#main:1,newY=8
Variable Write,context=Main#main:1,i=2
Variable Delete,method=Main#main:1 <name=newX,type=int (id=7),value=<?>,index=31>
Variable Delete,method=Main#main:1 <name=newY,type=int (id=7),value=<?>,index=32>
Field Read,context=Main$Tuple:292,x
Field Read,context=Main,xDelta
Variable Write,context=Main#main:1,newX=0
Field Read,context=Main$Tuple:292,y
Field Read,context=Main,yDelta
Variable Write,context=Main#main:1,newY=7
Variable Write,context=Main#main:1,i=3
Variable Delete,method=Main#main:1 <name=newX,type=int (id=7),value=<?>,index=31>
Variable Delete,method=Main#main:1 <name=newY,type=int (id=7),value=<?>,index=32>
Field Read,context=Main$Tuple:292,x
Field Read,context=Main,xDelta
Variable Write,context=Main#main:1,newX=0
Field Read,context=Main$Tuple:292,y
Field Read,context=Main,yDelta
Variable Write,context=Main#main:1,newY=9
Variable Delete,method=Main#main:1 <name=newX,type=int (id=7),value=<?>,index=31>
Variable Delete,method=Main#main:1 <name=newY,type=int (id=7),value=<?>,index=32>
Variable Delete,method=Main#main:1 <name=t,type=Main$Tuple (id=90),value=<?>,index=29>
Variable Delete,method=Main#main:1 <name=i,type=int (id=7),value=<?>,index=30>
Variable Write,context=Main#main:1,t=Main$Tuple:293
Variable Write,context=Main#main:1,i=0
Field Read,context=Main$Tuple:293,x
Field Read,context=Main,xDelta
Variable Write,context=Main#main:1,newX=7
Field Read,context=Main$Tuple:293,y
Field Read,context=Main,yDelta
Variable Write,context=Main#main:1,newY=1
Variable Write,context=Main#main:1,i=1
Variable Delete,method=Main#main:1 <name=newX,type=int (id=7),value=<?>,index=31>
Variable Delete,method=Main#main:1 <name=newY,type=int (id=7),value=<?>,index=32>
Field Read,context=Main$Tuple:293,x
Field Read,context=Main,xDelta
Variable Write,context=Main#main:1,newX=9
Field Read,context=Main$Tuple:293,y
Field Read,context=Main,yDelta
Variable Write,context=Main#main:1,newY=1
Variable Write,context=Main#main:1,i=2
Variable Delete,method=Main#main:1 <name=newX,type=int (id=7),value=<?>,index=31>
Variable Delete,method=Main#main:1 <name=newY,type=int (id=7),value=<?>,index=32>
Field Read,context=Main$Tuple:293,x
Field Read,context=Main,xDelta
Variable Write,context=Main#main:1,newX=8
Field Read,context=Main$Tuple:293,y
Field Read,context=Main,yDelta
Variable Write,context=Main#main:1,newY=0
Variable Write,context=Main#main:1,i=3
Variable Delete,method=Main#main:1 <name=newX,type=int (id=7),value=<?>,index=31>
Variable Delete,method=Main#main:1 <name=newY,type=int (id=7),value=<?>,index=32>
Field Read,context=Main$Tuple:293,x
Field Read,context=Main,xDelta
Variable Write,context=Main#main:1,newX=8
Field Read,context=Main$Tuple:293,y
Field Read,context=Main,yDelta
Variable Write,context=Main#main:1,newY=2
Variable Write,context=Main#main:1,g=int[][]:3
New Object,object=Main$Tuple:297
Method Call,caller=Main#main:1,target=Main$Tuple:297#Main$Tuple:297
Variable Write,context=Main$Tuple:297#Main$Tuple:297,x=8
Variable Write,context=Main$Tuple:297#Main$Tuple:297,y=2
Field Write,context=Main$Tuple:297,x=8
Field Write,context=Main$Tuple:297,y=2
Method Exit,returner=Main$Tuple:297#Main$Tuple:297,value=<void>
Variable Delete,method=Main#main:1 <name=newX,type=int (id=7),value=<?>,index=31>
Variable Delete,method=Main#main:1 <name=newY,type=int (id=7),value=<?>,index=32>
Variable Delete,method=Main#main:1 <name=t,type=Main$Tuple (id=90),value=<?>,index=29>
Variable Delete,method=Main#main:1 <name=i,type=int (id=7),value=<?>,index=30>
Variable Write,context=Main#main:1,t=Main$Tuple:294
Variable Write,context=Main#main:1,i=0
Field Read,context=Main$Tuple:294,x
Field Read,context=Main,xDelta
Variable Write,context=Main#main:1,newX=6
Field Read,context=Main$Tuple:294,y
Field Read,context=Main,yDelta
Variable Write,context=Main#main:1,newY=2
Variable Write,context=Main#main:1,i=1
Variable Delete,method=Main#main:1 <name=newX,type=int (id=7),value=<?>,index=31>
Variable Delete,method=Main#main:1 <name=newY,type=int (id=7),value=<?>,index=32>
Field Read,context=Main$Tuple:294,x
Field Read,context=Main,xDelta
Variable Write,context=Main#main:1,newX=8
Field Read,context=Main$Tuple:294,y
Field Read,context=Main,yDelta
Variable Write,context=Main#main:1,newY=2
Variable Write,context=Main#main:1,i=2
Variable Delete,method=Main#main:1 <name=newX,type=int (id=7),value=<?>,index=31>
Variable Delete,method=Main#main:1 <name=newY,type=int (id=7),value=<?>,index=32>
Field Read,context=Main$Tuple:294,x
Field Read,context=Main,xDelta
Variable Write,context=Main#main:1,newX=7
Field Read,context=Main$Tuple:294,y
Field Read,context=Main,yDelta
Variable Write,context=Main#main:1,newY=1
Variable Write,context=Main#main:1,i=3
Variable Delete,method=Main#main:1 <name=newX,type=int (id=7),value=<?>,index=31>
Variable Delete,method=Main#main:1 <name=newY,type=int (id=7),value=<?>,index=32>
Field Read,context=Main$Tuple:294,x
Field Read,context=Main,xDelta
Variable Write,context=Main#main:1,newX=7
Field Read,context=Main$Tuple:294,y
Field Read,context=Main,yDelta
Variable Write,context=Main#main:1,newY=3
Variable Delete,method=Main#main:1 <name=newX,type=int (id=7),value=<?>,index=31>
Variable Delete,method=Main#main:1 <name=newY,type=int (id=7),value=<?>,index=32>
Variable Delete,method=Main#main:1 <name=t,type=Main$Tuple (id=90),value=<?>,index=29>
Variable Delete,method=Main#main:1 <name=i,type=int (id=7),value=<?>,index=30>
Variable Write,context=Main#main:1,t=Main$Tuple:295
Variable Write,context=Main#main:1,i=0
Field Read,context=Main$Tuple:295,x
Field Read,context=Main,xDelta
Variable Write,context=Main#main:1,newX=1
Field Read,context=Main$Tuple:295,y
Field Read,context=Main,yDelta
Variable Write,context=Main#main:1,newY=7
Variable Write,context=Main#main:1,i=1
Variable Delete,method=Main#main:1 <name=newX,type=int (id=7),value=<?>,index=31>
Variable Delete,method=Main#main:1 <name=newY,type=int (id=7),value=<?>,index=32>
Field Read,context=Main$Tuple:295,x
Field Read,context=Main,xDelta
Variable Write,context=Main#main:1,newX=3
Field Read,context=Main$Tuple:295,y
Field Read,context=Main,yDelta
Variable Write,context=Main#main:1,newY=7
Variable Write,context=Main#main:1,i=2
Variable Delete,method=Main#main:1 <name=newX,type=int (id=7),value=<?>,index=31>
Variable Delete,method=Main#main:1 <name=newY,type=int (id=7),value=<?>,index=32>
Field Read,context=Main$Tuple:295,x
Field Read,context=Main,xDelta
Variable Write,context=Main#main:1,newX=2
Field Read,context=Main$Tuple:295,y
Field Read,context=Main,yDelta
Variable Write,context=Main#main:1,newY=6
Variable Write,context=Main#main:1,i=3
Variable Delete,method=Main#main:1 <name=newX,type=int (id=7),value=<?>,index=31>
Variable Delete,method=Main#main:1 <name=newY,type=int (id=7),value=<?>,index=32>
Field Read,context=Main$Tuple:295,x
Field Read,context=Main,xDelta
Variable Write,context=Main#main:1,newX=2
Field Read,context=Main$Tuple:295,y
Field Read,context=Main,yDelta
Variable Write,context=Main#main:1,newY=8
Variable Write,context=Main#main:1,g=int[][]:3
New Object,object=Main$Tuple:298
Method Call,caller=Main#main:1,target=Main$Tuple:298#Main$Tuple:298
Variable Write,context=Main$Tuple:298#Main$Tuple:298,x=2
Variable Write,context=Main$Tuple:298#Main$Tuple:298,y=8
Field Write,context=Main$Tuple:298,x=2
Field Write,context=Main$Tuple:298,y=8
Method Exit,returner=Main$Tuple:298#Main$Tuple:298,value=<void>
Variable Delete,method=Main#main:1 <name=newX,type=int (id=7),value=<?>,index=31>
Variable Delete,method=Main#main:1 <name=newY,type=int (id=7),value=<?>,index=32>
Variable Delete,method=Main#main:1 <name=t,type=Main$Tuple (id=90),value=<?>,index=29>
Variable Delete,method=Main#main:1 <name=i,type=int (id=7),value=<?>,index=30>
Variable Write,context=Main#main:1,t=Main$Tuple:296
Variable Write,context=Main#main:1,i=0
Field Read,context=Main$Tuple:296,x
Field Read,context=Main,xDelta
Variable Write,context=Main#main:1,newX=0
Field Read,context=Main$Tuple:296,y
Field Read,context=Main,yDelta
Variable Write,context=Main#main:1,newY=8
Variable Write,context=Main#main:1,i=1
Variable Delete,method=Main#main:1 <name=newX,type=int (id=7),value=<?>,index=31>
Variable Delete,method=Main#main:1 <name=newY,type=int (id=7),value=<?>,index=32>
Field Read,context=Main$Tuple:296,x
Field Read,context=Main,xDelta
Variable Write,context=Main#main:1,newX=2
Field Read,context=Main$Tuple:296,y
Field Read,context=Main,yDelta
Variable Write,context=Main#main:1,newY=8
Variable Write,context=Main#main:1,i=2
Variable Delete,method=Main#main:1 <name=newX,type=int (id=7),value=<?>,index=31>
Variable Delete,method=Main#main:1 <name=newY,type=int (id=7),value=<?>,index=32>
Field Read,context=Main$Tuple:296,x
Field Read,context=Main,xDelta
Variable Write,context=Main#main:1,newX=1
Field Read,context=Main$Tuple:296,y
Field Read,context=Main,yDelta
Variable Write,context=Main#main:1,newY=7
Variable Write,context=Main#main:1,i=3
Variable Delete,method=Main#main:1 <name=newX,type=int (id=7),value=<?>,index=31>
Variable Delete,method=Main#main:1 <name=newY,type=int (id=7),value=<?>,index=32>
Field Read,context=Main$Tuple:296,x
Field Read,context=Main,xDelta
Variable Write,context=Main#main:1,newX=1
Field Read,context=Main$Tuple:296,y
Field Read,context=Main,yDelta
Variable Write,context=Main#main:1,newY=9
Variable Delete,method=Main#main:1 <name=newX,type=int (id=7),value=<?>,index=31>
Variable Delete,method=Main#main:1 <name=newY,type=int (id=7),value=<?>,index=32>
Variable Delete,method=Main#main:1 <name=t,type=Main$Tuple (id=90),value=<?>,index=29>
Variable Delete,method=Main#main:1 <name=i,type=int (id=7),value=<?>,index=30>
Variable Write,context=Main#main:1,t=Main$Tuple:297
Variable Write,context=Main#main:1,i=0
Field Read,context=Main$Tuple:297,x
Field Read,context=Main,xDelta
Variable Write,context=Main#main:1,newX=7
Field Read,context=Main$Tuple:297,y
Field Read,context=Main,yDelta
Variable Write,context=Main#main:1,newY=2
Variable Write,context=Main#main:1,i=1
Variable Delete,method=Main#main:1 <name=newX,type=int (id=7),value=<?>,index=31>
Variable Delete,method=Main#main:1 <name=newY,type=int (id=7),value=<?>,index=32>
Field Read,context=Main$Tuple:297,x
Field Read,context=Main,xDelta
Variable Write,context=Main#main:1,newX=9
Field Read,context=Main$Tuple:297,y
Field Read,context=Main,yDelta
Variable Write,context=Main#main:1,newY=2
Variable Write,context=Main#main:1,i=2
Variable Delete,method=Main#main:1 <name=newX,type=int (id=7),value=<?>,index=31>
Variable Delete,method=Main#main:1 <name=newY,type=int (id=7),value=<?>,index=32>
Field Read,context=Main$Tuple:297,x
Field Read,context=Main,xDelta
Variable Write,context=Main#main:1,newX=8
Field Read,context=Main$Tuple:297,y
Field Read,context=Main,yDelta
Variable Write,context=Main#main:1,newY=1
Variable Write,context=Main#main:1,i=3
Variable Delete,method=Main#main:1 <name=newX,type=int (id=7),value=<?>,index=31>
Variable Delete,method=Main#main:1 <name=newY,type=int (id=7),value=<?>,index=32>
Field Read,context=Main$Tuple:297,x
Field Read,context=Main,xDelta
Variable Write,context=Main#main:1,newX=8
Field Read,context=Main$Tuple:297,y
Field Read,context=Main,yDelta
Variable Write,context=Main#main:1,newY=3
Variable Write,context=Main#main:1,g=int[][]:3
New Object,object=Main$Tuple:299
Method Call,caller=Main#main:1,target=Main$Tuple:299#Main$Tuple:299
Variable Write,context=Main$Tuple:299#Main$Tuple:299,x=8
Variable Write,context=Main$Tuple:299#Main$Tuple:299,y=3
Field Write,context=Main$Tuple:299,x=8
Field Write,context=Main$Tuple:299,y=3
Method Exit,returner=Main$Tuple:299#Main$Tuple:299,value=<void>
Variable Delete,method=Main#main:1 <name=newX,type=int (id=7),value=<?>,index=31>
Variable Delete,method=Main#main:1 <name=newY,type=int (id=7),value=<?>,index=32>
Variable Delete,method=Main#main:1 <name=t,type=Main$Tuple (id=90),value=<?>,index=29>
Variable Delete,method=Main#main:1 <name=i,type=int (id=7),value=<?>,index=30>
Variable Write,context=Main#main:1,t=Main$Tuple:298
Variable Write,context=Main#main:1,i=0
Field Read,context=Main$Tuple:298,x
Field Read,context=Main,xDelta
Variable Write,context=Main#main:1,newX=1
Field Read,context=Main$Tuple:298,y
Field Read,context=Main,yDelta
Variable Write,context=Main#main:1,newY=8
Variable Write,context=Main#main:1,i=1
Variable Delete,method=Main#main:1 <name=newX,type=int (id=7),value=<?>,index=31>
Variable Delete,method=Main#main:1 <name=newY,type=int (id=7),value=<?>,index=32>
Field Read,context=Main$Tuple:298,x
Field Read,context=Main,xDelta
Variable Write,context=Main#main:1,newX=3
Field Read,context=Main$Tuple:298,y
Field Read,context=Main,yDelta
Variable Write,context=Main#main:1,newY=8
Variable Write,context=Main#main:1,g=int[][]:3
New Object,object=Main$Tuple:300
Method Call,caller=Main#main:1,target=Main$Tuple:300#Main$Tuple:300
Variable Write,context=Main$Tuple:300#Main$Tuple:300,x=3
Variable Write,context=Main$Tuple:300#Main$Tuple:300,y=8
Field Write,context=Main$Tuple:300,x=3
Field Write,context=Main$Tuple:300,y=8
Method Exit,returner=Main$Tuple:300#Main$Tuple:300,value=<void>
Variable Write,context=Main#main:1,i=2
Variable Delete,method=Main#main:1 <name=newX,type=int (id=7),value=<?>,index=31>
Variable Delete,method=Main#main:1 <name=newY,type=int (id=7),value=<?>,index=32>
Field Read,context=Main$Tuple:298,x
Field Read,context=Main,xDelta
Variable Write,context=Main#main:1,newX=2
Field Read,context=Main$Tuple:298,y
Field Read,context=Main,yDelta
Variable Write,context=Main#main:1,newY=7
Variable Write,context=Main#main:1,i=3
Variable Delete,method=Main#main:1 <name=newX,type=int (id=7),value=<?>,index=31>
Variable Delete,method=Main#main:1 <name=newY,type=int (id=7),value=<?>,index=32>
Field Read,context=Main$Tuple:298,x
Field Read,context=Main,xDelta
Variable Write,context=Main#main:1,newX=2
Field Read,context=Main$Tuple:298,y
Field Read,context=Main,yDelta
Variable Write,context=Main#main:1,newY=9
Variable Delete,method=Main#main:1 <name=newX,type=int (id=7),value=<?>,index=31>
Variable Delete,method=Main#main:1 <name=newY,type=int (id=7),value=<?>,index=32>
Variable Delete,method=Main#main:1 <name=t,type=Main$Tuple (id=90),value=<?>,index=29>
Variable Delete,method=Main#main:1 <name=i,type=int (id=7),value=<?>,index=30>
Variable Write,context=Main#main:1,t=Main$Tuple:299
Variable Write,context=Main#main:1,i=0
Field Read,context=Main$Tuple:299,x
Field Read,context=Main,xDelta
Variable Write,context=Main#main:1,newX=7
Field Read,context=Main$Tuple:299,y
Field Read,context=Main,yDelta
Variable Write,context=Main#main:1,newY=3
Variable Write,context=Main#main:1,i=1
Variable Delete,method=Main#main:1 <name=newX,type=int (id=7),value=<?>,index=31>
Variable Delete,method=Main#main:1 <name=newY,type=int (id=7),value=<?>,index=32>
Field Read,context=Main$Tuple:299,x
Field Read,context=Main,xDelta
Variable Write,context=Main#main:1,newX=9
Field Read,context=Main$Tuple:299,y
Field Read,context=Main,yDelta
Variable Write,context=Main#main:1,newY=3
Variable Write,context=Main#main:1,i=2
Variable Delete,method=Main#main:1 <name=newX,type=int (id=7),value=<?>,index=31>
Variable Delete,method=Main#main:1 <name=newY,type=int (id=7),value=<?>,index=32>
Field Read,context=Main$Tuple:299,x
Field Read,context=Main,xDelta
Variable Write,context=Main#main:1,newX=8
Field Read,context=Main$Tuple:299,y
Field Read,context=Main,yDelta
Variable Write,context=Main#main:1,newY=2
Variable Write,context=Main#main:1,i=3
Variable Delete,method=Main#main:1 <name=newX,type=int (id=7),value=<?>,index=31>
Variable Delete,method=Main#main:1 <name=newY,type=int (id=7),value=<?>,index=32>
Field Read,context=Main$Tuple:299,x
Field Read,context=Main,xDelta
Variable Write,context=Main#main:1,newX=8
Field Read,context=Main$Tuple:299,y
Field Read,context=Main,yDelta
Variable Write,context=Main#main:1,newY=4
Variable Write,context=Main#main:1,g=int[][]:3
New Object,object=Main$Tuple:301
Method Call,caller=Main#main:1,target=Main$Tuple:301#Main$Tuple:301
Variable Write,context=Main$Tuple:301#Main$Tuple:301,x=8
Variable Write,context=Main$Tuple:301#Main$Tuple:301,y=4
Field Write,context=Main$Tuple:301,x=8
Field Write,context=Main$Tuple:301,y=4
Method Exit,returner=Main$Tuple:301#Main$Tuple:301,value=<void>
Variable Delete,method=Main#main:1 <name=newX,type=int (id=7),value=<?>,index=31>
Variable Delete,method=Main#main:1 <name=newY,type=int (id=7),value=<?>,index=32>
Variable Delete,method=Main#main:1 <name=t,type=Main$Tuple (id=90),value=<?>,index=29>
Variable Delete,method=Main#main:1 <name=i,type=int (id=7),value=<?>,index=30>
Variable Write,context=Main#main:1,t=Main$Tuple:300
Variable Write,context=Main#main:1,i=0
Field Read,context=Main$Tuple:300,x
Field Read,context=Main,xDelta
Variable Write,context=Main#main:1,newX=2
Field Read,context=Main$Tuple:300,y
Field Read,context=Main,yDelta
Variable Write,context=Main#main:1,newY=8
Variable Write,context=Main#main:1,i=1
Variable Delete,method=Main#main:1 <name=newX,type=int (id=7),value=<?>,index=31>
Variable Delete,method=Main#main:1 <name=newY,type=int (id=7),value=<?>,index=32>
Field Read,context=Main$Tuple:300,x
Field Read,context=Main,xDelta
Variable Write,context=Main#main:1,newX=4
Field Read,context=Main$Tuple:300,y
Field Read,context=Main,yDelta
Variable Write,context=Main#main:1,newY=8
Variable Write,context=Main#main:1,g=int[][]:3
New Object,object=Main$Tuple:302
Method Call,caller=Main#main:1,target=Main$Tuple:302#Main$Tuple:302
Variable Write,context=Main$Tuple:302#Main$Tuple:302,x=4
Variable Write,context=Main$Tuple:302#Main$Tuple:302,y=8
Field Write,context=Main$Tuple:302,x=4
Field Write,context=Main$Tuple:302,y=8
Method Exit,returner=Main$Tuple:302#Main$Tuple:302,value=<void>
Variable Write,context=Main#main:1,i=2
Variable Delete,method=Main#main:1 <name=newX,type=int (id=7),value=<?>,index=31>
Variable Delete,method=Main#main:1 <name=newY,type=int (id=7),value=<?>,index=32>
Field Read,context=Main$Tuple:300,x
Field Read,context=Main,xDelta
Variable Write,context=Main#main:1,newX=3
Field Read,context=Main$Tuple:300,y
Field Read,context=Main,yDelta
Variable Write,context=Main#main:1,newY=7
Variable Write,context=Main#main:1,i=3
Variable Delete,method=Main#main:1 <name=newX,type=int (id=7),value=<?>,index=31>
Variable Delete,method=Main#main:1 <name=newY,type=int (id=7),value=<?>,index=32>
Field Read,context=Main$Tuple:300,x
Field Read,context=Main,xDelta
Variable Write,context=Main#main:1,newX=3
Field Read,context=Main$Tuple:300,y
Field Read,context=Main,yDelta
Variable Write,context=Main#main:1,newY=9
Variable Delete,method=Main#main:1 <name=newX,type=int (id=7),value=<?>,index=31>
Variable Delete,method=Main#main:1 <name=newY,type=int (id=7),value=<?>,index=32>
Variable Delete,method=Main#main:1 <name=t,type=Main$Tuple (id=90),value=<?>,index=29>
Variable Delete,method=Main#main:1 <name=i,type=int (id=7),value=<?>,index=30>
Variable Write,context=Main#main:1,t=Main$Tuple:301
Variable Write,context=Main#main:1,i=0
Field Read,context=Main$Tuple:301,x
Field Read,context=Main,xDelta
Variable Write,context=Main#main:1,newX=7
Field Read,context=Main$Tuple:301,y
Field Read,context=Main,yDelta
Variable Write,context=Main#main:1,newY=4
Variable Write,context=Main#main:1,i=1
Variable Delete,method=Main#main:1 <name=newX,type=int (id=7),value=<?>,index=31>
Variable Delete,method=Main#main:1 <name=newY,type=int (id=7),value=<?>,index=32>
Field Read,context=Main$Tuple:301,x
Field Read,context=Main,xDelta
Variable Write,context=Main#main:1,newX=9
Field Read,context=Main$Tuple:301,y
Field Read,context=Main,yDelta
Variable Write,context=Main#main:1,newY=4
Variable Write,context=Main#main:1,i=2
Variable Delete,method=Main#main:1 <name=newX,type=int (id=7),value=<?>,index=31>
Variable Delete,method=Main#main:1 <name=newY,type=int (id=7),value=<?>,index=32>
Field Read,context=Main$Tuple:301,x
Field Read,context=Main,xDelta
Variable Write,context=Main#main:1,newX=8
Field Read,context=Main$Tuple:301,y
Field Read,context=Main,yDelta
Variable Write,context=Main#main:1,newY=3
Variable Write,context=Main#main:1,i=3
Variable Delete,method=Main#main:1 <name=newX,type=int (id=7),value=<?>,index=31>
Variable Delete,method=Main#main:1 <name=newY,type=int (id=7),value=<?>,index=32>
Field Read,context=Main$Tuple:301,x
Field Read,context=Main,xDelta
Variable Write,context=Main#main:1,newX=8
Field Read,context=Main$Tuple:301,y
Field Read,context=Main,yDelta
Variable Write,context=Main#main:1,newY=5
Variable Write,context=Main#main:1,g=int[][]:3
New Object,object=Main$Tuple:303
Method Call,caller=Main#main:1,target=Main$Tuple:303#Main$Tuple:303
Variable Write,context=Main$Tuple:303#Main$Tuple:303,x=8
Variable Write,context=Main$Tuple:303#Main$Tuple:303,y=5
Field Write,context=Main$Tuple:303,x=8
Field Write,context=Main$Tuple:303,y=5
Method Exit,returner=Main$Tuple:303#Main$Tuple:303,value=<void>
Variable Delete,method=Main#main:1 <name=newX,type=int (id=7),value=<?>,index=31>
Variable Delete,method=Main#main:1 <name=newY,type=int (id=7),value=<?>,index=32>
Variable Delete,method=Main#main:1 <name=t,type=Main$Tuple (id=90),value=<?>,index=29>
Variable Delete,method=Main#main:1 <name=i,type=int (id=7),value=<?>,index=30>
Variable Write,context=Main#main:1,t=Main$Tuple:302
Variable Write,context=Main#main:1,i=0
Field Read,context=Main$Tuple:302,x
Field Read,context=Main,xDelta
Variable Write,context=Main#main:1,newX=3
Field Read,context=Main$Tuple:302,y
Field Read,context=Main,yDelta
Variable Write,context=Main#main:1,newY=8
Variable Write,context=Main#main:1,i=1
Variable Delete,method=Main#main:1 <name=newX,type=int (id=7),value=<?>,index=31>
Variable Delete,method=Main#main:1 <name=newY,type=int (id=7),value=<?>,index=32>
Field Read,context=Main$Tuple:302,x
Field Read,context=Main,xDelta
Variable Write,context=Main#main:1,newX=5
Field Read,context=Main$Tuple:302,y
Field Read,context=Main,yDelta
Variable Write,context=Main#main:1,newY=8
Variable Write,context=Main#main:1,g=int[][]:3
New Object,object=Main$Tuple:304
Method Call,caller=Main#main:1,target=Main$Tuple:304#Main$Tuple:304
Variable Write,context=Main$Tuple:304#Main$Tuple:304,x=5
Variable Write,context=Main$Tuple:304#Main$Tuple:304,y=8
Field Write,context=Main$Tuple:304,x=5
Field Write,context=Main$Tuple:304,y=8
Method Exit,returner=Main$Tuple:304#Main$Tuple:304,value=<void>
Variable Write,context=Main#main:1,i=2
Variable Delete,method=Main#main:1 <name=newX,type=int (id=7),value=<?>,index=31>
Variable Delete,method=Main#main:1 <name=newY,type=int (id=7),value=<?>,index=32>
Field Read,context=Main$Tuple:302,x
Field Read,context=Main,xDelta
Variable Write,context=Main#main:1,newX=4
Field Read,context=Main$Tuple:302,y
Field Read,context=Main,yDelta
Variable Write,context=Main#main:1,newY=7
Variable Write,context=Main#main:1,i=3
Variable Delete,method=Main#main:1 <name=newX,type=int (id=7),value=<?>,index=31>
Variable Delete,method=Main#main:1 <name=newY,type=int (id=7),value=<?>,index=32>
Field Read,context=Main$Tuple:302,x
Field Read,context=Main,xDelta
Variable Write,context=Main#main:1,newX=4
Field Read,context=Main$Tuple:302,y
Field Read,context=Main,yDelta
Variable Write,context=Main#main:1,newY=9
Variable Delete,method=Main#main:1 <name=newX,type=int (id=7),value=<?>,index=31>
Variable Delete,method=Main#main:1 <name=newY,type=int (id=7),value=<?>,index=32>
Variable Delete,method=Main#main:1 <name=t,type=Main$Tuple (id=90),value=<?>,index=29>
Variable Delete,method=Main#main:1 <name=i,type=int (id=7),value=<?>,index=30>
Variable Write,context=Main#main:1,t=Main$Tuple:303
Variable Write,context=Main#main:1,i=0
Field Read,context=Main$Tuple:303,x
Field Read,context=Main,xDelta
Variable Write,context=Main#main:1,newX=7
Field Read,context=Main$Tuple:303,y
Field Read,context=Main,yDelta
Variable Write,context=Main#main:1,newY=5
Variable Write,context=Main#main:1,i=1
Variable Delete,method=Main#main:1 <name=newX,type=int (id=7),value=<?>,index=31>
Variable Delete,method=Main#main:1 <name=newY,type=int (id=7),value=<?>,index=32>
Field Read,context=Main$Tuple:303,x
Field Read,context=Main,xDelta
Variable Write,context=Main#main:1,newX=9
Field Read,context=Main$Tuple:303,y
Field Read,context=Main,yDelta
Variable Write,context=Main#main:1,newY=5
Variable Write,context=Main#main:1,i=2
Variable Delete,method=Main#main:1 <name=newX,type=int (id=7),value=<?>,index=31>
Variable Delete,method=Main#main:1 <name=newY,type=int (id=7),value=<?>,index=32>
Field Read,context=Main$Tuple:303,x
Field Read,context=Main,xDelta
Variable Write,context=Main#main:1,newX=8
Field Read,context=Main$Tuple:303,y
Field Read,context=Main,yDelta
Variable Write,context=Main#main:1,newY=4
Variable Write,context=Main#main:1,i=3
Variable Delete,method=Main#main:1 <name=newX,type=int (id=7),value=<?>,index=31>
Variable Delete,method=Main#main:1 <name=newY,type=int (id=7),value=<?>,index=32>
Field Read,context=Main$Tuple:303,x
Field Read,context=Main,xDelta
Variable Write,context=Main#main:1,newX=8
Field Read,context=Main$Tuple:303,y
Field Read,context=Main,yDelta
Variable Write,context=Main#main:1,newY=6
Variable Write,context=Main#main:1,g=int[][]:3
New Object,object=Main$Tuple:305
Method Call,caller=Main#main:1,target=Main$Tuple:305#Main$Tuple:305
Variable Write,context=Main$Tuple:305#Main$Tuple:305,x=8
Variable Write,context=Main$Tuple:305#Main$Tuple:305,y=6
Field Write,context=Main$Tuple:305,x=8
Field Write,context=Main$Tuple:305,y=6
Method Exit,returner=Main$Tuple:305#Main$Tuple:305,value=<void>
Variable Delete,method=Main#main:1 <name=newX,type=int (id=7),value=<?>,index=31>
Variable Delete,method=Main#main:1 <name=newY,type=int (id=7),value=<?>,index=32>
Variable Delete,method=Main#main:1 <name=t,type=Main$Tuple (id=90),value=<?>,index=29>
Variable Delete,method=Main#main:1 <name=i,type=int (id=7),value=<?>,index=30>
Variable Write,context=Main#main:1,t=Main$Tuple:304
Variable Write,context=Main#main:1,i=0
Field Read,context=Main$Tuple:304,x
Field Read,context=Main,xDelta
Variable Write,context=Main#main:1,newX=4
Field Read,context=Main$Tuple:304,y
Field Read,context=Main,yDelta
Variable Write,context=Main#main:1,newY=8
Variable Write,context=Main#main:1,i=1
Variable Delete,method=Main#main:1 <name=newX,type=int (id=7),value=<?>,index=31>
Variable Delete,method=Main#main:1 <name=newY,type=int (id=7),value=<?>,index=32>
Field Read,context=Main$Tuple:304,x
Field Read,context=Main,xDelta
Variable Write,context=Main#main:1,newX=6
Field Read,context=Main$Tuple:304,y
Field Read,context=Main,yDelta
Variable Write,context=Main#main:1,newY=8
Variable Write,context=Main#main:1,g=int[][]:3
New Object,object=Main$Tuple:306
Method Call,caller=Main#main:1,target=Main$Tuple:306#Main$Tuple:306
Variable Write,context=Main$Tuple:306#Main$Tuple:306,x=6
Variable Write,context=Main$Tuple:306#Main$Tuple:306,y=8
Field Write,context=Main$Tuple:306,x=6
Field Write,context=Main$Tuple:306,y=8
Method Exit,returner=Main$Tuple:306#Main$Tuple:306,value=<void>
Variable Write,context=Main#main:1,i=2
Variable Delete,method=Main#main:1 <name=newX,type=int (id=7),value=<?>,index=31>
Variable Delete,method=Main#main:1 <name=newY,type=int (id=7),value=<?>,index=32>
Field Read,context=Main$Tuple:304,x
Field Read,context=Main,xDelta
Variable Write,context=Main#main:1,newX=5
Field Read,context=Main$Tuple:304,y
Field Read,context=Main,yDelta
Variable Write,context=Main#main:1,newY=7
Variable Write,context=Main#main:1,i=3
Variable Delete,method=Main#main:1 <name=newX,type=int (id=7),value=<?>,index=31>
Variable Delete,method=Main#main:1 <name=newY,type=int (id=7),value=<?>,index=32>
Field Read,context=Main$Tuple:304,x
Field Read,context=Main,xDelta
Variable Write,context=Main#main:1,newX=5
Field Read,context=Main$Tuple:304,y
Field Read,context=Main,yDelta
Variable Write,context=Main#main:1,newY=9
Variable Delete,method=Main#main:1 <name=newX,type=int (id=7),value=<?>,index=31>
Variable Delete,method=Main#main:1 <name=newY,type=int (id=7),value=<?>,index=32>
Variable Delete,method=Main#main:1 <name=t,type=Main$Tuple (id=90),value=<?>,index=29>
Variable Delete,method=Main#main:1 <name=i,type=int (id=7),value=<?>,index=30>
Variable Write,context=Main#main:1,t=Main$Tuple:305
Variable Write,context=Main#main:1,i=0
Field Read,context=Main$Tuple:305,x
Field Read,context=Main,xDelta
Variable Write,context=Main#main:1,newX=7
Field Read,context=Main$Tuple:305,y
Field Read,context=Main,yDelta
Variable Write,context=Main#main:1,newY=6
Variable Write,context=Main#main:1,g=int[][]:3
New Object,object=Main$Tuple:307
Method Call,caller=Main#main:1,target=Main$Tuple:307#Main$Tuple:307
Variable Write,context=Main$Tuple:307#Main$Tuple:307,x=7
Variable Write,context=Main$Tuple:307#Main$Tuple:307,y=6
Field Write,context=Main$Tuple:307,x=7
Field Write,context=Main$Tuple:307,y=6
Method Exit,returner=Main$Tuple:307#Main$Tuple:307,value=<void>
Variable Write,context=Main#main:1,i=1
Variable Delete,method=Main#main:1 <name=newX,type=int (id=7),value=<?>,index=31>
Variable Delete,method=Main#main:1 <name=newY,type=int (id=7),value=<?>,index=32>
Field Read,context=Main$Tuple:305,x
Field Read,context=Main,xDelta
Variable Write,context=Main#main:1,newX=9
Field Read,context=Main$Tuple:305,y
Field Read,context=Main,yDelta
Variable Write,context=Main#main:1,newY=6
Variable Write,context=Main#main:1,i=2
Variable Delete,method=Main#main:1 <name=newX,type=int (id=7),value=<?>,index=31>
Variable Delete,method=Main#main:1 <name=newY,type=int (id=7),value=<?>,index=32>
Field Read,context=Main$Tuple:305,x
Field Read,context=Main,xDelta
Variable Write,context=Main#main:1,newX=8
Field Read,context=Main$Tuple:305,y
Field Read,context=Main,yDelta
Variable Write,context=Main#main:1,newY=5
Variable Write,context=Main#main:1,i=3
Variable Delete,method=Main#main:1 <name=newX,type=int (id=7),value=<?>,index=31>
Variable Delete,method=Main#main:1 <name=newY,type=int (id=7),value=<?>,index=32>
Field Read,context=Main$Tuple:305,x
Field Read,context=Main,xDelta
Variable Write,context=Main#main:1,newX=8
Field Read,context=Main$Tuple:305,y
Field Read,context=Main,yDelta
Variable Write,context=Main#main:1,newY=7
Variable Write,context=Main#main:1,g=int[][]:3
New Object,object=Main$Tuple:308
Method Call,caller=Main#main:1,target=Main$Tuple:308#Main$Tuple:308
Variable Write,context=Main$Tuple:308#Main$Tuple:308,x=8
Variable Write,context=Main$Tuple:308#Main$Tuple:308,y=7
Field Write,context=Main$Tuple:308,x=8
Field Write,context=Main$Tuple:308,y=7
Method Exit,returner=Main$Tuple:308#Main$Tuple:308,value=<void>
Variable Delete,method=Main#main:1 <name=newX,type=int (id=7),value=<?>,index=31>
Variable Delete,method=Main#main:1 <name=newY,type=int (id=7),value=<?>,index=32>
Variable Delete,method=Main#main:1 <name=t,type=Main$Tuple (id=90),value=<?>,index=29>
Variable Delete,method=Main#main:1 <name=i,type=int (id=7),value=<?>,index=30>
Variable Write,context=Main#main:1,t=Main$Tuple:306
Variable Write,context=Main#main:1,i=0
Field Read,context=Main$Tuple:306,x
Field Read,context=Main,xDelta
Variable Write,context=Main#main:1,newX=5
Field Read,context=Main$Tuple:306,y
Field Read,context=Main,yDelta
Variable Write,context=Main#main:1,newY=8
Variable Write,context=Main#main:1,i=1
Variable Delete,method=Main#main:1 <name=newX,type=int (id=7),value=<?>,index=31>
Variable Delete,method=Main#main:1 <name=newY,type=int (id=7),value=<?>,index=32>
Field Read,context=Main$Tuple:306,x
Field Read,context=Main,xDelta
Variable Write,context=Main#main:1,newX=7
Field Read,context=Main$Tuple:306,y
Field Read,context=Main,yDelta
Variable Write,context=Main#main:1,newY=8
Variable Write,context=Main#main:1,g=int[][]:3
New Object,object=Main$Tuple:309
Method Call,caller=Main#main:1,target=Main$Tuple:309#Main$Tuple:309
Variable Write,context=Main$Tuple:309#Main$Tuple:309,x=7
Variable Write,context=Main$Tuple:309#Main$Tuple:309,y=8
Field Write,context=Main$Tuple:309,x=7
Field Write,context=Main$Tuple:309,y=8
Method Exit,returner=Main$Tuple:309#Main$Tuple:309,value=<void>
Variable Write,context=Main#main:1,i=2
Variable Delete,method=Main#main:1 <name=newX,type=int (id=7),value=<?>,index=31>
Variable Delete,method=Main#main:1 <name=newY,type=int (id=7),value=<?>,index=32>
Field Read,context=Main$Tuple:306,x
Field Read,context=Main,xDelta
Variable Write,context=Main#main:1,newX=6
Field Read,context=Main$Tuple:306,y
Field Read,context=Main,yDelta
Variable Write,context=Main#main:1,newY=7
Variable Write,context=Main#main:1,g=int[][]:3
New Object,object=Main$Tuple:310
Method Call,caller=Main#main:1,target=Main$Tuple:310#Main$Tuple:310
Variable Write,context=Main$Tuple:310#Main$Tuple:310,x=6
Variable Write,context=Main$Tuple:310#Main$Tuple:310,y=7
Field Write,context=Main$Tuple:310,x=6
Field Write,context=Main$Tuple:310,y=7
Method Exit,returner=Main$Tuple:310#Main$Tuple:310,value=<void>
Variable Write,context=Main#main:1,i=3
Variable Delete,method=Main#main:1 <name=newX,type=int (id=7),value=<?>,index=31>
Variable Delete,method=Main#main:1 <name=newY,type=int (id=7),value=<?>,index=32>
Field Read,context=Main$Tuple:306,x
Field Read,context=Main,xDelta
Variable Write,context=Main#main:1,newX=6
Field Read,context=Main$Tuple:306,y
Field Read,context=Main,yDelta
Variable Write,context=Main#main:1,newY=9
Variable Delete,method=Main#main:1 <name=newX,type=int (id=7),value=<?>,index=31>
Variable Delete,method=Main#main:1 <name=newY,type=int (id=7),value=<?>,index=32>
Variable Delete,method=Main#main:1 <name=t,type=Main$Tuple (id=90),value=<?>,index=29>
Variable Delete,method=Main#main:1 <name=i,type=int (id=7),value=<?>,index=30>
Variable Write,context=Main#main:1,t=Main$Tuple:307
Variable Write,context=Main#main:1,i=0
Field Read,context=Main$Tuple:307,x
Field Read,context=Main,xDelta
Variable Write,context=Main#main:1,newX=6
Field Read,context=Main$Tuple:307,y
Field Read,context=Main,yDelta
Variable Write,context=Main#main:1,newY=6
Variable Write,context=Main#main:1,g=int[][]:3
New Object,object=Main$Tuple:311
Method Call,caller=Main#main:1,target=Main$Tuple:311#Main$Tuple:311
Variable Write,context=Main$Tuple:311#Main$Tuple:311,x=6
Variable Write,context=Main$Tuple:311#Main$Tuple:311,y=6
Field Write,context=Main$Tuple:311,x=6
Field Write,context=Main$Tuple:311,y=6
Method Exit,returner=Main$Tuple:311#Main$Tuple:311,value=<void>
Variable Write,context=Main#main:1,i=1
Variable Delete,method=Main#main:1 <name=newX,type=int (id=7),value=<?>,index=31>
Variable Delete,method=Main#main:1 <name=newY,type=int (id=7),value=<?>,index=32>
Field Read,context=Main$Tuple:307,x
Field Read,context=Main,xDelta
Variable Write,context=Main#main:1,newX=8
Field Read,context=Main$Tuple:307,y
Field Read,context=Main,yDelta
Variable Write,context=Main#main:1,newY=6
Variable Write,context=Main#main:1,i=2
Variable Delete,method=Main#main:1 <name=newX,type=int (id=7),value=<?>,index=31>
Variable Delete,method=Main#main:1 <name=newY,type=int (id=7),value=<?>,index=32>
Field Read,context=Main$Tuple:307,x
Field Read,context=Main,xDelta
Variable Write,context=Main#main:1,newX=7
Field Read,context=Main$Tuple:307,y
Field Read,context=Main,yDelta
Variable Write,context=Main#main:1,newY=5
Variable Write,context=Main#main:1,i=3
Variable Delete,method=Main#main:1 <name=newX,type=int (id=7),value=<?>,index=31>
Variable Delete,method=Main#main:1 <name=newY,type=int (id=7),value=<?>,index=32>
Field Read,context=Main$Tuple:307,x
Field Read,context=Main,xDelta
Variable Write,context=Main#main:1,newX=7
Field Read,context=Main$Tuple:307,y
Field Read,context=Main,yDelta
Variable Write,context=Main#main:1,newY=7
Variable Write,context=Main#main:1,g=int[][]:3
New Object,object=Main$Tuple:312
Method Call,caller=Main#main:1,target=Main$Tuple:312#Main$Tuple:312
Variable Write,context=Main$Tuple:312#Main$Tuple:312,x=7
Variable Write,context=Main$Tuple:312#Main$Tuple:312,y=7
Field Write,context=Main$Tuple:312,x=7
Field Write,context=Main$Tuple:312,y=7
Method Exit,returner=Main$Tuple:312#Main$Tuple:312,value=<void>
Variable Delete,method=Main#main:1 <name=newX,type=int (id=7),value=<?>,index=31>
Variable Delete,method=Main#main:1 <name=newY,type=int (id=7),value=<?>,index=32>
Variable Delete,method=Main#main:1 <name=t,type=Main$Tuple (id=90),value=<?>,index=29>
Variable Delete,method=Main#main:1 <name=i,type=int (id=7),value=<?>,index=30>
Variable Write,context=Main#main:1,t=Main$Tuple:308
Variable Write,context=Main#main:1,i=0
Field Read,context=Main$Tuple:308,x
Field Read,context=Main,xDelta
Variable Write,context=Main#main:1,newX=7
Field Read,context=Main$Tuple:308,y
Field Read,context=Main,yDelta
Variable Write,context=Main#main:1,newY=7
Variable Write,context=Main#main:1,i=1
Variable Delete,method=Main#main:1 <name=newX,type=int (id=7),value=<?>,index=31>
Variable Delete,method=Main#main:1 <name=newY,type=int (id=7),value=<?>,index=32>
Field Read,context=Main$Tuple:308,x
Field Read,context=Main,xDelta
Variable Write,context=Main#main:1,newX=9
Field Read,context=Main$Tuple:308,y
Field Read,context=Main,yDelta
Variable Write,context=Main#main:1,newY=7
Variable Write,context=Main#main:1,i=2
Variable Delete,method=Main#main:1 <name=newX,type=int (id=7),value=<?>,index=31>
Variable Delete,method=Main#main:1 <name=newY,type=int (id=7),value=<?>,index=32>
Field Read,context=Main$Tuple:308,x
Field Read,context=Main,xDelta
Variable Write,context=Main#main:1,newX=8
Field Read,context=Main$Tuple:308,y
Field Read,context=Main,yDelta
Variable Write,context=Main#main:1,newY=6
Variable Write,context=Main#main:1,i=3
Variable Delete,method=Main#main:1 <name=newX,type=int (id=7),value=<?>,index=31>
Variable Delete,method=Main#main:1 <name=newY,type=int (id=7),value=<?>,index=32>
Field Read,context=Main$Tuple:308,x
Field Read,context=Main,xDelta
Variable Write,context=Main#main:1,newX=8
Field Read,context=Main$Tuple:308,y
Field Read,context=Main,yDelta
Variable Write,context=Main#main:1,newY=8
Variable Write,context=Main#main:1,g=int[][]:3
New Object,object=Main$Tuple:313
Method Call,caller=Main#main:1,target=Main$Tuple:313#Main$Tuple:313
Variable Write,context=Main$Tuple:313#Main$Tuple:313,x=8
Variable Write,context=Main$Tuple:313#Main$Tuple:313,y=8
Field Write,context=Main$Tuple:313,x=8
Field Write,context=Main$Tuple:313,y=8
Method Exit,returner=Main$Tuple:313#Main$Tuple:313,value=<void>
Variable Delete,method=Main#main:1 <name=newX,type=int (id=7),value=<?>,index=31>
Variable Delete,method=Main#main:1 <name=newY,type=int (id=7),value=<?>,index=32>
Variable Delete,method=Main#main:1 <name=t,type=Main$Tuple (id=90),value=<?>,index=29>
Variable Delete,method=Main#main:1 <name=i,type=int (id=7),value=<?>,index=30>
Variable Write,context=Main#main:1,t=Main$Tuple:309
Variable Write,context=Main#main:1,i=0
Field Read,context=Main$Tuple:309,x
Field Read,context=Main,xDelta
Variable Write,context=Main#main:1,newX=6
Field Read,context=Main$Tuple:309,y
Field Read,context=Main,yDelta
Variable Write,context=Main#main:1,newY=8
Variable Write,context=Main#main:1,i=1
Variable Delete,method=Main#main:1 <name=newX,type=int (id=7),value=<?>,index=31>
Variable Delete,method=Main#main:1 <name=newY,type=int (id=7),value=<?>,index=32>
Field Read,context=Main$Tuple:309,x
Field Read,context=Main,xDelta
Variable Write,context=Main#main:1,newX=8
Field Read,context=Main$Tuple:309,y
Field Read,context=Main,yDelta
Variable Write,context=Main#main:1,newY=8
Variable Write,context=Main#main:1,i=2
Variable Delete,method=Main#main:1 <name=newX,type=int (id=7),value=<?>,index=31>
Variable Delete,method=Main#main:1 <name=newY,type=int (id=7),value=<?>,index=32>
Field Read,context=Main$Tuple:309,x
Field Read,context=Main,xDelta
Variable Write,context=Main#main:1,newX=7
Field Read,context=Main$Tuple:309,y
Field Read,context=Main,yDelta
Variable Write,context=Main#main:1,newY=7
Variable Write,context=Main#main:1,i=3
Variable Delete,method=Main#main:1 <name=newX,type=int (id=7),value=<?>,index=31>
Variable Delete,method=Main#main:1 <name=newY,type=int (id=7),value=<?>,index=32>
Field Read,context=Main$Tuple:309,x
Field Read,context=Main,xDelta
Variable Write,context=Main#main:1,newX=7
Field Read,context=Main$Tuple:309,y
Field Read,context=Main,yDelta
Variable Write,context=Main#main:1,newY=9
Variable Delete,method=Main#main:1 <name=newX,type=int (id=7),value=<?>,index=31>
Variable Delete,method=Main#main:1 <name=newY,type=int (id=7),value=<?>,index=32>
Variable Delete,method=Main#main:1 <name=t,type=Main$Tuple (id=90),value=<?>,index=29>
Variable Delete,method=Main#main:1 <name=i,type=int (id=7),value=<?>,index=30>
Variable Write,context=Main#main:1,t=Main$Tuple:310
Variable Write,context=Main#main:1,i=0
Field Read,context=Main$Tuple:310,x
Field Read,context=Main,xDelta
Variable Write,context=Main#main:1,newX=5
Field Read,context=Main$Tuple:310,y
Field Read,context=Main,yDelta
Variable Write,context=Main#main:1,newY=7
Variable Write,context=Main#main:1,i=1
Variable Delete,method=Main#main:1 <name=newX,type=int (id=7),value=<?>,index=31>
Variable Delete,method=Main#main:1 <name=newY,type=int (id=7),value=<?>,index=32>
Field Read,context=Main$Tuple:310,x
Field Read,context=Main,xDelta
Variable Write,context=Main#main:1,newX=7
Field Read,context=Main$Tuple:310,y
Field Read,context=Main,yDelta
Variable Write,context=Main#main:1,newY=7
Variable Write,context=Main#main:1,i=2
Variable Delete,method=Main#main:1 <name=newX,type=int (id=7),value=<?>,index=31>
Variable Delete,method=Main#main:1 <name=newY,type=int (id=7),value=<?>,index=32>
Field Read,context=Main$Tuple:310,x
Field Read,context=Main,xDelta
Variable Write,context=Main#main:1,newX=6
Field Read,context=Main$Tuple:310,y
Field Read,context=Main,yDelta
Variable Write,context=Main#main:1,newY=6
Variable Write,context=Main#main:1,i=3
Variable Delete,method=Main#main:1 <name=newX,type=int (id=7),value=<?>,index=31>
Variable Delete,method=Main#main:1 <name=newY,type=int (id=7),value=<?>,index=32>
Field Read,context=Main$Tuple:310,x
Field Read,context=Main,xDelta
Variable Write,context=Main#main:1,newX=6
Field Read,context=Main$Tuple:310,y
Field Read,context=Main,yDelta
Variable Write,context=Main#main:1,newY=8
Variable Delete,method=Main#main:1 <name=newX,type=int (id=7),value=<?>,index=31>
Variable Delete,method=Main#main:1 <name=newY,type=int (id=7),value=<?>,index=32>
Variable Delete,method=Main#main:1 <name=t,type=Main$Tuple (id=90),value=<?>,index=29>
Variable Delete,method=Main#main:1 <name=i,type=int (id=7),value=<?>,index=30>
Variable Write,context=Main#main:1,t=Main$Tuple:311
Variable Write,context=Main#main:1,i=0
Field Read,context=Main$Tuple:311,x
Field Read,context=Main,xDelta
Variable Write,context=Main#main:1,newX=5
Field Read,context=Main$Tuple:311,y
Field Read,context=Main,yDelta
Variable Write,context=Main#main:1,newY=6
Variable Write,context=Main#main:1,i=1
Variable Delete,method=Main#main:1 <name=newX,type=int (id=7),value=<?>,index=31>
Variable Delete,method=Main#main:1 <name=newY,type=int (id=7),value=<?>,index=32>
Field Read,context=Main$Tuple:311,x
Field Read,context=Main,xDelta
Variable Write,context=Main#main:1,newX=7
Field Read,context=Main$Tuple:311,y
Field Read,context=Main,yDelta
Variable Write,context=Main#main:1,newY=6
Variable Write,context=Main#main:1,i=2
Variable Delete,method=Main#main:1 <name=newX,type=int (id=7),value=<?>,index=31>
Variable Delete,method=Main#main:1 <name=newY,type=int (id=7),value=<?>,index=32>
Field Read,context=Main$Tuple:311,x
Field Read,context=Main,xDelta
Variable Write,context=Main#main:1,newX=6
Field Read,context=Main$Tuple:311,y
Field Read,context=Main,yDelta
Variable Write,context=Main#main:1,newY=5
Variable Write,context=Main#main:1,i=3
Variable Delete,method=Main#main:1 <name=newX,type=int (id=7),value=<?>,index=31>
Variable Delete,method=Main#main:1 <name=newY,type=int (id=7),value=<?>,index=32>
Field Read,context=Main$Tuple:311,x
Field Read,context=Main,xDelta
Variable Write,context=Main#main:1,newX=6
Field Read,context=Main$Tuple:311,y
Field Read,context=Main,yDelta
Variable Write,context=Main#main:1,newY=7
Variable Delete,method=Main#main:1 <name=newX,type=int (id=7),value=<?>,index=31>
Variable Delete,method=Main#main:1 <name=newY,type=int (id=7),value=<?>,index=32>
Variable Delete,method=Main#main:1 <name=t,type=Main$Tuple (id=90),value=<?>,index=29>
Variable Delete,method=Main#main:1 <name=i,type=int (id=7),value=<?>,index=30>
Variable Write,context=Main#main:1,t=Main$Tuple:312
Variable Write,context=Main#main:1,i=0
Field Read,context=Main$Tuple:312,x
Field Read,context=Main,xDelta
Variable Write,context=Main#main:1,newX=6
Field Read,context=Main$Tuple:312,y
Field Read,context=Main,yDelta
Variable Write,context=Main#main:1,newY=7
Variable Write,context=Main#main:1,i=1
Variable Delete,method=Main#main:1 <name=newX,type=int (id=7),value=<?>,index=31>
Variable Delete,method=Main#main:1 <name=newY,type=int (id=7),value=<?>,index=32>
Field Read,context=Main$Tuple:312,x
Field Read,context=Main,xDelta
Variable Write,context=Main#main:1,newX=8
Field Read,context=Main$Tuple:312,y
Field Read,context=Main,yDelta
Variable Write,context=Main#main:1,newY=7
Variable Write,context=Main#main:1,i=2
Variable Delete,method=Main#main:1 <name=newX,type=int (id=7),value=<?>,index=31>
Variable Delete,method=Main#main:1 <name=newY,type=int (id=7),value=<?>,index=32>
Field Read,context=Main$Tuple:312,x
Field Read,context=Main,xDelta
Variable Write,context=Main#main:1,newX=7
Field Read,context=Main$Tuple:312,y
Field Read,context=Main,yDelta
Variable Write,context=Main#main:1,newY=6
Variable Write,context=Main#main:1,i=3
Variable Delete,method=Main#main:1 <name=newX,type=int (id=7),value=<?>,index=31>
Variable Delete,method=Main#main:1 <name=newY,type=int (id=7),value=<?>,index=32>
Field Read,context=Main$Tuple:312,x
Field Read,context=Main,xDelta
Variable Write,context=Main#main:1,newX=7
Field Read,context=Main$Tuple:312,y
Field Read,context=Main,yDelta
Variable Write,context=Main#main:1,newY=8
Variable Delete,method=Main#main:1 <name=newX,type=int (id=7),value=<?>,index=31>
Variable Delete,method=Main#main:1 <name=newY,type=int (id=7),value=<?>,index=32>
Variable Delete,method=Main#main:1 <name=t,type=Main$Tuple (id=90),value=<?>,index=29>
Variable Delete,method=Main#main:1 <name=i,type=int (id=7),value=<?>,index=30>
Variable Write,context=Main#main:1,t=Main$Tuple:313
Variable Write,context=Main#main:1,i=0
Field Read,context=Main$Tuple:313,x
Field Read,context=Main,xDelta
Variable Write,context=Main#main:1,newX=7
Field Read,context=Main$Tuple:313,y
Field Read,context=Main,yDelta
Variable Write,context=Main#main:1,newY=8
Variable Write,context=Main#main:1,i=1
Variable Delete,method=Main#main:1 <name=newX,type=int (id=7),value=<?>,index=31>
Variable Delete,method=Main#main:1 <name=newY,type=int (id=7),value=<?>,index=32>
Field Read,context=Main$Tuple:313,x
Field Read,context=Main,xDelta
Variable Write,context=Main#main:1,newX=9
Field Read,context=Main$Tuple:313,y
Field Read,context=Main,yDelta
Variable Write,context=Main#main:1,newY=8
Variable Write,context=Main#main:1,i=2
Variable Delete,method=Main#main:1 <name=newX,type=int (id=7),value=<?>,index=31>
Variable Delete,method=Main#main:1 <name=newY,type=int (id=7),value=<?>,index=32>
Field Read,context=Main$Tuple:313,x
Field Read,context=Main,xDelta
Variable Write,context=Main#main:1,newX=8
Field Read,context=Main$Tuple:313,y
Field Read,context=Main,yDelta
Variable Write,context=Main#main:1,newY=7
Variable Write,context=Main#main:1,i=3
Variable Delete,method=Main#main:1 <name=newX,type=int (id=7),value=<?>,index=31>
Variable Delete,method=Main#main:1 <name=newY,type=int (id=7),value=<?>,index=32>
Field Read,context=Main$Tuple:313,x
Field Read,context=Main,xDelta
Variable Write,context=Main#main:1,newX=8
Field Read,context=Main$Tuple:313,y
Field Read,context=Main,yDelta
Variable Write,context=Main#main:1,newY=9
Variable Delete,method=Main#main:1 <name=newX,type=int (id=7),value=<?>,index=31>
Variable Delete,method=Main#main:1 <name=newY,type=int (id=7),value=<?>,index=32>
Variable Delete,method=Main#main:1 <name=t,type=Main$Tuple (id=90),value=<?>,index=29>
Variable Delete,method=Main#main:1 <name=i,type=int (id=7),value=<?>,index=30>
Variable Write,context=Main#main:1,y=1
Variable Delete,method=Main#main:1 <name=p,type=Main$Tuple (id=90),value=<?>,index=27>
Variable Delete,method=Main#main:1 <name=q,type=java.util.Queue (unresolved),value=<?>,index=28>
Variable Write,context=Main#main:1,y=2
Variable Write,context=Main#main:1,y=3
Variable Write,context=Main#main:1,y=4
Variable Write,context=Main#main:1,y=5
Variable Write,context=Main#main:1,y=6
Variable Write,context=Main#main:1,y=7
Variable Write,context=Main#main:1,y=8
Variable Write,context=Main#main:1,x=1
Variable Delete,method=Main#main:1 <name=y,type=int (id=7),value=<?>,index=26>
Variable Write,context=Main#main:1,y=0
Variable Write,context=Main#main:1,y=1
Variable Write,context=Main#main:1,y=2
Variable Write,context=Main#main:1,y=3
Variable Write,context=Main#main:1,y=4
Variable Write,context=Main#main:1,y=5
Variable Write,context=Main#main:1,y=6
Variable Write,context=Main#main:1,y=7
Variable Write,context=Main#main:1,y=8
Variable Write,context=Main#main:1,x=2
Variable Delete,method=Main#main:1 <name=y,type=int (id=7),value=<?>,index=26>
Variable Write,context=Main#main:1,y=0
Variable Write,context=Main#main:1,y=1
Variable Write,context=Main#main:1,y=2
Variable Write,context=Main#main:1,y=3
Variable Write,context=Main#main:1,y=4
Variable Write,context=Main#main:1,g=int[][]:3
New Object,object=Main$Tuple:314
Method Call,caller=Main#main:1,target=Main$Tuple:314#Main$Tuple:314
Variable Write,context=Main$Tuple:314#Main$Tuple:314,x=2
Variable Write,context=Main$Tuple:314#Main$Tuple:314,y=4
Field Write,context=Main$Tuple:314,x=2
Field Write,context=Main$Tuple:314,y=4
Method Exit,returner=Main$Tuple:314#Main$Tuple:314,value=<void>
Variable Write,context=Main#main:1,p=Main$Tuple:314
Variable Write,context=Main#main:1,regions=2
Variable Write,context=Main#main:1,q=java.util.ArrayDeque (id=769)
Variable Write,context=Main#main:1,t=Main$Tuple:314
Variable Write,context=Main#main:1,i=0
Field Read,context=Main$Tuple:314,x
Field Read,context=Main,xDelta
Variable Write,context=Main#main:1,newX=1
Field Read,context=Main$Tuple:314,y
Field Read,context=Main,yDelta
Variable Write,context=Main#main:1,newY=4
Variable Write,context=Main#main:1,i=1
Variable Delete,method=Main#main:1 <name=newX,type=int (id=7),value=<?>,index=31>
Variable Delete,method=Main#main:1 <name=newY,type=int (id=7),value=<?>,index=32>
Field Read,context=Main$Tuple:314,x
Field Read,context=Main,xDelta
Variable Write,context=Main#main:1,newX=3
Field Read,context=Main$Tuple:314,y
Field Read,context=Main,yDelta
Variable Write,context=Main#main:1,newY=4
Variable Write,context=Main#main:1,i=2
Variable Delete,method=Main#main:1 <name=newX,type=int (id=7),value=<?>,index=31>
Variable Delete,method=Main#main:1 <name=newY,type=int (id=7),value=<?>,index=32>
Field Read,context=Main$Tuple:314,x
Field Read,context=Main,xDelta
Variable Write,context=Main#main:1,newX=2
Field Read,context=Main$Tuple:314,y
Field Read,context=Main,yDelta
Variable Write,context=Main#main:1,newY=3
Variable Write,context=Main#main:1,i=3
Variable Delete,method=Main#main:1 <name=newX,type=int (id=7),value=<?>,index=31>
Variable Delete,method=Main#main:1 <name=newY,type=int (id=7),value=<?>,index=32>
Field Read,context=Main$Tuple:314,x
Field Read,context=Main,xDelta
Variable Write,context=Main#main:1,newX=2
Field Read,context=Main$Tuple:314,y
Field Read,context=Main,yDelta
Variable Write,context=Main#main:1,newY=5
Variable Delete,method=Main#main:1 <name=newX,type=int (id=7),value=<?>,index=31>
Variable Delete,method=Main#main:1 <name=newY,type=int (id=7),value=<?>,index=32>
Variable Delete,method=Main#main:1 <name=t,type=Main$Tuple (id=90),value=<?>,index=29>
Variable Delete,method=Main#main:1 <name=i,type=int (id=7),value=<?>,index=30>
Variable Write,context=Main#main:1,y=5
Variable Delete,method=Main#main:1 <name=p,type=Main$Tuple (id=90),value=<?>,index=27>
Variable Delete,method=Main#main:1 <name=q,type=java.util.Queue (unresolved),value=<?>,index=28>
Variable Write,context=Main#main:1,y=6
Variable Write,context=Main#main:1,y=7
Variable Write,context=Main#main:1,y=8
Variable Write,context=Main#main:1,x=3
Variable Delete,method=Main#main:1 <name=y,type=int (id=7),value=<?>,index=26>
Variable Write,context=Main#main:1,y=0
Variable Write,context=Main#main:1,y=1
Variable Write,context=Main#main:1,y=2
Variable Write,context=Main#main:1,y=3
Variable Write,context=Main#main:1,y=4
Variable Write,context=Main#main:1,y=5
Variable Write,context=Main#main:1,y=6
Variable Write,context=Main#main:1,y=7
Variable Write,context=Main#main:1,y=8
Variable Write,context=Main#main:1,x=4
Variable Delete,method=Main#main:1 <name=y,type=int (id=7),value=<?>,index=26>
Variable Write,context=Main#main:1,y=0
Variable Write,context=Main#main:1,y=1
Variable Write,context=Main#main:1,y=2
Variable Write,context=Main#main:1,g=int[][]:3
New Object,object=Main$Tuple:315
Method Call,caller=Main#main:1,target=Main$Tuple:315#Main$Tuple:315
Variable Write,context=Main$Tuple:315#Main$Tuple:315,x=4
Variable Write,context=Main$Tuple:315#Main$Tuple:315,y=2
Field Write,context=Main$Tuple:315,x=4
Field Write,context=Main$Tuple:315,y=2
Method Exit,returner=Main$Tuple:315#Main$Tuple:315,value=<void>
Variable Write,context=Main#main:1,p=Main$Tuple:315
Variable Write,context=Main#main:1,regions=3
Variable Write,context=Main#main:1,q=java.util.ArrayDeque (id=771)
Variable Write,context=Main#main:1,t=Main$Tuple:315
Variable Write,context=Main#main:1,i=0
Field Read,context=Main$Tuple:315,x
Field Read,context=Main,xDelta
Variable Write,context=Main#main:1,newX=3
Field Read,context=Main$Tuple:315,y
Field Read,context=Main,yDelta
Variable Write,context=Main#main:1,newY=2
Variable Write,context=Main#main:1,i=1
Variable Delete,method=Main#main:1 <name=newX,type=int (id=7),value=<?>,index=31>
Variable Delete,method=Main#main:1 <name=newY,type=int (id=7),value=<?>,index=32>
Field Read,context=Main$Tuple:315,x
Field Read,context=Main,xDelta
Variable Write,context=Main#main:1,newX=5
Field Read,context=Main$Tuple:315,y
Field Read,context=Main,yDelta
Variable Write,context=Main#main:1,newY=2
Variable Write,context=Main#main:1,i=2
Variable Delete,method=Main#main:1 <name=newX,type=int (id=7),value=<?>,index=31>
Variable Delete,method=Main#main:1 <name=newY,type=int (id=7),value=<?>,index=32>
Field Read,context=Main$Tuple:315,x
Field Read,context=Main,xDelta
Variable Write,context=Main#main:1,newX=4
Field Read,context=Main$Tuple:315,y
Field Read,context=Main,yDelta
Variable Write,context=Main#main:1,newY=1
Variable Write,context=Main#main:1,i=3
Variable Delete,method=Main#main:1 <name=newX,type=int (id=7),value=<?>,index=31>
Variable Delete,method=Main#main:1 <name=newY,type=int (id=7),value=<?>,index=32>
Field Read,context=Main$Tuple:315,x
Field Read,context=Main,xDelta
Variable Write,context=Main#main:1,newX=4
Field Read,context=Main$Tuple:315,y
Field Read,context=Main,yDelta
Variable Write,context=Main#main:1,newY=3
Variable Delete,method=Main#main:1 <name=newX,type=int (id=7),value=<?>,index=31>
Variable Delete,method=Main#main:1 <name=newY,type=int (id=7),value=<?>,index=32>
Variable Delete,method=Main#main:1 <name=t,type=Main$Tuple (id=90),value=<?>,index=29>
Variable Delete,method=Main#main:1 <name=i,type=int (id=7),value=<?>,index=30>
Variable Write,context=Main#main:1,y=3
Variable Delete,method=Main#main:1 <name=p,type=Main$Tuple (id=90),value=<?>,index=27>
Variable Delete,method=Main#main:1 <name=q,type=java.util.Queue (unresolved),value=<?>,index=28>
Variable Write,context=Main#main:1,y=4
Variable Write,context=Main#main:1,g=int[][]:3
New Object,object=Main$Tuple:316
Method Call,caller=Main#main:1,target=Main$Tuple:316#Main$Tuple:316
Variable Write,context=Main$Tuple:316#Main$Tuple:316,x=4
Variable Write,context=Main$Tuple:316#Main$Tuple:316,y=4
Field Write,context=Main$Tuple:316,x=4
Field Write,context=Main$Tuple:316,y=4
Method Exit,returner=Main$Tuple:316#Main$Tuple:316,value=<void>
Variable Write,context=Main#main:1,p=Main$Tuple:316
Variable Write,context=Main#main:1,regions=4
Variable Write,context=Main#main:1,q=java.util.ArrayDeque (id=773)
Variable Write,context=Main#main:1,t=Main$Tuple:316
Variable Write,context=Main#main:1,i=0
Field Read,context=Main$Tuple:316,x
Field Read,context=Main,xDelta
Variable Write,context=Main#main:1,newX=3
Field Read,context=Main$Tuple:316,y
Field Read,context=Main,yDelta
Variable Write,context=Main#main:1,newY=4
Variable Write,context=Main#main:1,i=1
Variable Delete,method=Main#main:1 <name=newX,type=int (id=7),value=<?>,index=31>
Variable Delete,method=Main#main:1 <name=newY,type=int (id=7),value=<?>,index=32>
Field Read,context=Main$Tuple:316,x
Field Read,context=Main,xDelta
Variable Write,context=Main#main:1,newX=5
Field Read,context=Main$Tuple:316,y
Field Read,context=Main,yDelta
Variable Write,context=Main#main:1,newY=4
Variable Write,context=Main#main:1,i=2
Variable Delete,method=Main#main:1 <name=newX,type=int (id=7),value=<?>,index=31>
Variable Delete,method=Main#main:1 <name=newY,type=int (id=7),value=<?>,index=32>
Field Read,context=Main$Tuple:316,x
Field Read,context=Main,xDelta
Variable Write,context=Main#main:1,newX=4
Field Read,context=Main$Tuple:316,y
Field Read,context=Main,yDelta
Variable Write,context=Main#main:1,newY=3
Variable Write,context=Main#main:1,i=3
Variable Delete,method=Main#main:1 <name=newX,type=int (id=7),value=<?>,index=31>
Variable Delete,method=Main#main:1 <name=newY,type=int (id=7),value=<?>,index=32>
Field Read,context=Main$Tuple:316,x
Field Read,context=Main,xDelta
Variable Write,context=Main#main:1,newX=4
Field Read,context=Main$Tuple:316,y
Field Read,context=Main,yDelta
Variable Write,context=Main#main:1,newY=5
Variable Delete,method=Main#main:1 <name=newX,type=int (id=7),value=<?>,index=31>
Variable Delete,method=Main#main:1 <name=newY,type=int (id=7),value=<?>,index=32>
Variable Delete,method=Main#main:1 <name=t,type=Main$Tuple (id=90),value=<?>,index=29>
Variable Delete,method=Main#main:1 <name=i,type=int (id=7),value=<?>,index=30>
Variable Write,context=Main#main:1,y=5
Variable Delete,method=Main#main:1 <name=p,type=Main$Tuple (id=90),value=<?>,index=27>
Variable Delete,method=Main#main:1 <name=q,type=java.util.Queue (unresolved),value=<?>,index=28>
Variable Write,context=Main#main:1,y=6
Variable Write,context=Main#main:1,g=int[][]:3
New Object,object=Main$Tuple:317
Method Call,caller=Main#main:1,target=Main$Tuple:317#Main$Tuple:317
Variable Write,context=Main$Tuple:317#Main$Tuple:317,x=4
Variable Write,context=Main$Tuple:317#Main$Tuple:317,y=6
Field Write,context=Main$Tuple:317,x=4
Field Write,context=Main$Tuple:317,y=6
Method Exit,returner=Main$Tuple:317#Main$Tuple:317,value=<void>
Variable Write,context=Main#main:1,p=Main$Tuple:317
Variable Write,context=Main#main:1,regions=5
Variable Write,context=Main#main:1,q=java.util.ArrayDeque (id=775)
Variable Write,context=Main#main:1,t=Main$Tuple:317
Variable Write,context=Main#main:1,i=0
Field Read,context=Main$Tuple:317,x
Field Read,context=Main,xDelta
Variable Write,context=Main#main:1,newX=3
Field Read,context=Main$Tuple:317,y
Field Read,context=Main,yDelta
Variable Write,context=Main#main:1,newY=6
Variable Write,context=Main#main:1,i=1
Variable Delete,method=Main#main:1 <name=newX,type=int (id=7),value=<?>,index=31>
Variable Delete,method=Main#main:1 <name=newY,type=int (id=7),value=<?>,index=32>
Field Read,context=Main$Tuple:317,x
Field Read,context=Main,xDelta
Variable Write,context=Main#main:1,newX=5
Field Read,context=Main$Tuple:317,y
Field Read,context=Main,yDelta
Variable Write,context=Main#main:1,newY=6
Variable Write,context=Main#main:1,i=2
Variable Delete,method=Main#main:1 <name=newX,type=int (id=7),value=<?>,index=31>
Variable Delete,method=Main#main:1 <name=newY,type=int (id=7),value=<?>,index=32>
Field Read,context=Main$Tuple:317,x
Field Read,context=Main,xDelta
Variable Write,context=Main#main:1,newX=4
Field Read,context=Main$Tuple:317,y
Field Read,context=Main,yDelta
Variable Write,context=Main#main:1,newY=5
Variable Write,context=Main#main:1,i=3
Variable Delete,method=Main#main:1 <name=newX,type=int (id=7),value=<?>,index=31>
Variable Delete,method=Main#main:1 <name=newY,type=int (id=7),value=<?>,index=32>
Field Read,context=Main$Tuple:317,x
Field Read,context=Main,xDelta
Variable Write,context=Main#main:1,newX=4
Field Read,context=Main$Tuple:317,y
Field Read,context=Main,yDelta
Variable Write,context=Main#main:1,newY=7
Variable Delete,method=Main#main:1 <name=newX,type=int (id=7),value=<?>,index=31>
Variable Delete,method=Main#main:1 <name=newY,type=int (id=7),value=<?>,index=32>
Variable Delete,method=Main#main:1 <name=t,type=Main$Tuple (id=90),value=<?>,index=29>
Variable Delete,method=Main#main:1 <name=i,type=int (id=7),value=<?>,index=30>
Variable Write,context=Main#main:1,y=7
Variable Delete,method=Main#main:1 <name=p,type=Main$Tuple (id=90),value=<?>,index=27>
Variable Delete,method=Main#main:1 <name=q,type=java.util.Queue (unresolved),value=<?>,index=28>
Variable Write,context=Main#main:1,y=8
Variable Write,context=Main#main:1,x=5
Variable Delete,method=Main#main:1 <name=y,type=int (id=7),value=<?>,index=26>
Variable Write,context=Main#main:1,y=0
Variable Write,context=Main#main:1,y=1
Variable Write,context=Main#main:1,y=2
Variable Write,context=Main#main:1,y=3
Variable Write,context=Main#main:1,y=4
Variable Write,context=Main#main:1,y=5
Variable Write,context=Main#main:1,y=6
Variable Write,context=Main#main:1,y=7
Variable Write,context=Main#main:1,y=8
Variable Write,context=Main#main:1,x=6
Variable Delete,method=Main#main:1 <name=y,type=int (id=7),value=<?>,index=26>
Variable Write,context=Main#main:1,y=0
Variable Write,context=Main#main:1,y=1
Variable Write,context=Main#main:1,y=2
Variable Write,context=Main#main:1,y=3
Variable Write,context=Main#main:1,y=4
Variable Write,context=Main#main:1,g=int[][]:3
New Object,object=Main$Tuple:318
Method Call,caller=Main#main:1,target=Main$Tuple:318#Main$Tuple:318
Variable Write,context=Main$Tuple:318#Main$Tuple:318,x=6
Variable Write,context=Main$Tuple:318#Main$Tuple:318,y=4
Field Write,context=Main$Tuple:318,x=6
Field Write,context=Main$Tuple:318,y=4
Method Exit,returner=Main$Tuple:318#Main$Tuple:318,value=<void>
Variable Write,context=Main#main:1,p=Main$Tuple:318
Variable Write,context=Main#main:1,regions=6
Variable Write,context=Main#main:1,q=java.util.ArrayDeque (id=777)
Variable Write,context=Main#main:1,t=Main$Tuple:318
Variable Write,context=Main#main:1,i=0
Field Read,context=Main$Tuple:318,x
Field Read,context=Main,xDelta
Variable Write,context=Main#main:1,newX=5
Field Read,context=Main$Tuple:318,y
Field Read,context=Main,yDelta
Variable Write,context=Main#main:1,newY=4
Variable Write,context=Main#main:1,i=1
Variable Delete,method=Main#main:1 <name=newX,type=int (id=7),value=<?>,index=31>
Variable Delete,method=Main#main:1 <name=newY,type=int (id=7),value=<?>,index=32>
Field Read,context=Main$Tuple:318,x
Field Read,context=Main,xDelta
Variable Write,context=Main#main:1,newX=7
Field Read,context=Main$Tuple:318,y
Field Read,context=Main,yDelta
Variable Write,context=Main#main:1,newY=4
Variable Write,context=Main#main:1,i=2
Variable Delete,method=Main#main:1 <name=newX,type=int (id=7),value=<?>,index=31>
Variable Delete,method=Main#main:1 <name=newY,type=int (id=7),value=<?>,index=32>
Field Read,context=Main$Tuple:318,x
Field Read,context=Main,xDelta
Variable Write,context=Main#main:1,newX=6
Field Read,context=Main$Tuple:318,y
Field Read,context=Main,yDelta
Variable Write,context=Main#main:1,newY=3
Variable Write,context=Main#main:1,i=3
Variable Delete,method=Main#main:1 <name=newX,type=int (id=7),value=<?>,index=31>
Variable Delete,method=Main#main:1 <name=newY,type=int (id=7),value=<?>,index=32>
Field Read,context=Main$Tuple:318,x
Field Read,context=Main,xDelta
Variable Write,context=Main#main:1,newX=6
Field Read,context=Main$Tuple:318,y
Field Read,context=Main,yDelta
Variable Write,context=Main#main:1,newY=5
Variable Delete,method=Main#main:1 <name=newX,type=int (id=7),value=<?>,index=31>
Variable Delete,method=Main#main:1 <name=newY,type=int (id=7),value=<?>,index=32>
Variable Delete,method=Main#main:1 <name=t,type=Main$Tuple (id=90),value=<?>,index=29>
Variable Delete,method=Main#main:1 <name=i,type=int (id=7),value=<?>,index=30>
Variable Write,context=Main#main:1,y=5
Variable Delete,method=Main#main:1 <name=p,type=Main$Tuple (id=90),value=<?>,index=27>
Variable Delete,method=Main#main:1 <name=q,type=java.util.Queue (unresolved),value=<?>,index=28>
Variable Write,context=Main#main:1,y=6
Variable Write,context=Main#main:1,y=7
Variable Write,context=Main#main:1,y=8
Variable Write,context=Main#main:1,x=7
Variable Delete,method=Main#main:1 <name=y,type=int (id=7),value=<?>,index=26>
Variable Write,context=Main#main:1,y=0
Variable Write,context=Main#main:1,y=1
Variable Write,context=Main#main:1,y=2
Variable Write,context=Main#main:1,y=3
Variable Write,context=Main#main:1,y=4
Variable Write,context=Main#main:1,y=5
Variable Write,context=Main#main:1,y=6
Variable Write,context=Main#main:1,y=7
Variable Write,context=Main#main:1,y=8
Variable Write,context=Main#main:1,x=8
Variable Delete,method=Main#main:1 <name=y,type=int (id=7),value=<?>,index=26>
Variable Write,context=Main#main:1,y=0
Variable Write,context=Main#main:1,y=1
Variable Write,context=Main#main:1,y=2
Variable Write,context=Main#main:1,y=3
Variable Write,context=Main#main:1,y=4
Variable Write,context=Main#main:1,y=5
Variable Write,context=Main#main:1,y=6
Variable Write,context=Main#main:1,y=7
Variable Write,context=Main#main:1,y=8
Variable Delete,method=Main#main:1 <name=y,type=int (id=7),value=<?>,index=26>
Variable Delete,method=Main#main:1 <name=x,type=int (id=7),value=<?>,index=25>
Variable Write,context=Main#main:1,n=0
Variable Delete,method=Main#main:1 <name=rects,type=java.util.ArrayList (unresolved),value=<?>,index=3>
Variable Delete,method=Main#main:1 <name=xCoors,type=java.util.TreeSet (unresolved),value=<?>,index=4>
Variable Delete,method=Main#main:1 <name=yCoors,type=java.util.TreeSet (unresolved),value=<?>,index=5>
Variable Delete,method=Main#main:1 <name=uniqueX,type=java.util.ArrayList (unresolved),value=<?>,index=12>
Variable Delete,method=Main#main:1 <name=uniqueY,type=java.util.ArrayList (unresolved),value=<?>,index=13>
Variable Delete,method=Main#main:1 <name=xn,type=int (id=7),value=<?>,index=14>
Variable Delete,method=Main#main:1 <name=yn,type=int (id=7),value=<?>,index=15>
Variable Delete,method=Main#main:1 <name=g,type=int[][] (id=135),value=<?>,index=16>
Variable Delete,method=Main#main:1 <name=regions,type=int (id=7),value=<?>,index=24>
Method Exit,returner=Main#main:1,value=<void>
Thread End,
